{
    "raw_times": [
        863.67019,
        858.71495,
        838.75192,
        895.58561,
        867.89295,
        911.14005,
        891.29192,
        867.31681,
        890.12493,
        946.03765,
        859.03227,
        908.66406,
        913.71717,
        903.21577,
        955.01406,
        1011.99845,
        958.8111,
        950.34365,
        1040.65855,
        1063.89543
    ],
    "mean": 919.7938745000001,
    "median": 905.9399149999999,
    "min": 838.75192,
    "max": 1063.89543,
    "std_dev": 60.67826341005538
}