2026-06-21T16:45:29.024-0700	info	otelconftelemetry/tracer.go:47	Internal trace telemetry disabled	{"resource": {"service.instance.id": "885c7269-617f-4b54-9e8e-7b0376e507c3", "service.name": "otelcol-ebpf-profiler", "service.version": "dev"}}
2026-06-21T16:45:29.025-0700	info	builders/builders.go:28	Development component. May change in the future.	{"resource": {"service.instance.id": "885c7269-617f-4b54-9e8e-7b0376e507c3", "service.name": "otelcol-ebpf-profiler", "service.version": "dev"}, "otelcol.component.id": "profiling", "otelcol.component.kind": "receiver", "otelcol.signal": "profiles"}
2026-06-21T16:45:29.027-0700	info	service@v0.154.0/service.go:241	Starting otelcol-ebpf-profiler...	{"resource": {"service.instance.id": "885c7269-617f-4b54-9e8e-7b0376e507c3", "service.name": "otelcol-ebpf-profiler", "service.version": "dev"}, "Version": "dev", "NumCPU": 24}
2026-06-21T16:45:29.027-0700	info	extensions/extensions.go:41	Starting extensions...	{"resource": {"service.instance.id": "885c7269-617f-4b54-9e8e-7b0376e507c3", "service.name": "otelcol-ebpf-profiler", "service.version": "dev"}}
2026-06-21T16:45:29.027-0700	info	Interpreter tracers: perl,php,python,hotspot,ruby,v8,dotnet,luajit,go,labels,beam	{"resource": {"service.instance.id": "885c7269-617f-4b54-9e8e-7b0376e507c3", "service.name": "otelcol-ebpf-profiler", "service.version": "dev"}, "otelcol.component.id": "profiling", "otelcol.component.kind": "receiver", "otelcol.signal": "profiles"}
2026-06-21T16:45:29.241-0700	info	Found offsets: task stack 0x20, pt_regs 0x3f48, tpbase 0x25a8	{"resource": {"service.instance.id": "885c7269-617f-4b54-9e8e-7b0376e507c3", "service.name": "otelcol-ebpf-profiler", "service.version": "dev"}, "otelcol.component.id": "profiling", "otelcol.component.kind": "receiver", "otelcol.signal": "profiles"}
2026-06-21T16:45:29.290-0700	info	Skip pinning eBPF map to share OTel span/trace IDs	{"resource": {"service.instance.id": "885c7269-617f-4b54-9e8e-7b0376e507c3", "service.name": "otelcol-ebpf-profiler", "service.version": "dev"}, "otelcol.component.id": "profiling", "otelcol.component.kind": "receiver", "otelcol.signal": "profiles"}
2026-06-21T16:45:30.081-0700	info	Supports LPM trie eBPF map batch operations	{"resource": {"service.instance.id": "885c7269-617f-4b54-9e8e-7b0376e507c3", "service.name": "otelcol-ebpf-profiler", "service.version": "dev"}, "otelcol.component.id": "profiling", "otelcol.component.kind": "receiver", "otelcol.signal": "profiles"}
2026-06-21T16:45:30.082-0700	info	eBPF tracer loaded	{"resource": {"service.instance.id": "885c7269-617f-4b54-9e8e-7b0376e507c3", "service.name": "otelcol-ebpf-profiler", "service.version": "dev"}, "otelcol.component.id": "profiling", "otelcol.component.kind": "receiver", "otelcol.signal": "profiles"}
2026-06-21T16:45:30.083-0700	info	Attached tracer program	{"resource": {"service.instance.id": "885c7269-617f-4b54-9e8e-7b0376e507c3", "service.name": "otelcol-ebpf-profiler", "service.version": "dev"}, "otelcol.component.id": "profiling", "otelcol.component.kind": "receiver", "otelcol.signal": "profiles"}
2026-06-21T16:45:30.103-0700	info	Attached probes	{"resource": {"service.instance.id": "885c7269-617f-4b54-9e8e-7b0376e507c3", "service.name": "otelcol-ebpf-profiler", "service.version": "dev"}, "otelcol.component.id": "profiling", "otelcol.component.kind": "receiver", "otelcol.signal": "profiles"}
2026-06-21T16:45:30.103-0700	info	Attached sched monitor	{"resource": {"service.instance.id": "885c7269-617f-4b54-9e8e-7b0376e507c3", "service.name": "otelcol-ebpf-profiler", "service.version": "dev"}, "otelcol.component.id": "profiling", "otelcol.component.kind": "receiver", "otelcol.signal": "profiles"}
2026-06-21T16:45:30.127-0700	info	service@v0.154.0/service.go:264	Everything is ready. Begin running and processing data.	{"resource": {"service.instance.id": "885c7269-617f-4b54-9e8e-7b0376e507c3", "service.name": "otelcol-ebpf-profiler", "service.version": "dev"}}
2026-06-21T16:45:39.032-0700	info	Profiles	{"resource": {"service.instance.id": "885c7269-617f-4b54-9e8e-7b0376e507c3", "service.name": "otelcol-ebpf-profiler", "service.version": "dev"}, "otelcol.component.id": "debug", "otelcol.component.kind": "exporter", "otelcol.signal": "profiles", "resource profiles": 9, "sample records": 564}
2026-06-21T16:45:39.033-0700	info	Mapping #0
    Memory start: 0
    Memory limit: 0
    File offset: 0
    File name: 0
    Attributes: []
Mapping #1
    Memory start: 0
    Memory limit: 0
    File offset: 0
    File name: 5
    Attributes: [1 2]
Mapping #2
    Memory start: 0
    Memory limit: 0
    File offset: 0
    File name: 20
    Attributes: [7 8]
Mapping #3
    Memory start: 0
    Memory limit: 0
    File offset: 0
    File name: 22
    Attributes: [9 10]
Mapping #4
    Memory start: 163840
    Memory limit: 1769472
    File offset: 163840
    File name: 43
    Attributes: [13]
Mapping #5
    Memory start: 122880
    Memory limit: 778240
    File offset: 122880
    File name: 44
    Attributes: [15]
Mapping #6
    Memory start: 3289088
    Memory limit: 10268672
    File offset: 3289088
    File name: 45
    Attributes: [16]
Mapping #7
    Memory start: 4096
    Memory limit: 8192
    File offset: 4096
    File name: 53
    Attributes: [23]
Mapping #8
    Memory start: 667648
    Memory limit: 2093056
    File offset: 667648
    File name: 54
    Attributes: [24]
Mapping #9
    Memory start: 14893056
    Memory limit: 53129216
    File offset: 10698752
    File name: 55
    Attributes: [25 26]
Mapping #10
    Memory start: 4325376
    Memory limit: 7352320
    File offset: 131072
    File name: 124
    Attributes: [38]
Mapping #11
    Memory start: 0
    Memory limit: 61440
    File offset: 0
    File name: 125
    Attributes: [43]
Mapping #12
    Memory start: 7532544
    Memory limit: 49999872
    File offset: 3338240
    File name: 55
    Attributes: [44 45]
Mapping #13
    Memory start: 4194304
    Memory limit: 19996672
    File offset: 0
    File name: 130
    Attributes: [51 52]
Mapping #14
    Memory start: 14532608
    Memory limit: 21663744
    File offset: 14528512
    File name: 153
    Attributes: [60 61]
Location #0
    Mapping index: 0
    Address: 0
    Attributes: []
Location #1
    Mapping index: 1
    Address: 8798539
    Line #0
        Function index: 1
        Line: 0
        Column: 0
    Attributes: [3]
Location #2
    Mapping index: 1
    Address: 9197075
    Line #0
        Function index: 2
        Line: 0
        Column: 0
    Attributes: [3]
Location #3
    Mapping index: 1
    Address: 8805360
    Line #0
        Function index: 3
        Line: 0
        Column: 0
    Attributes: [3]
Location #4
    Mapping index: 1
    Address: 8806457
    Line #0
        Function index: 4
        Line: 0
        Column: 0
    Attributes: [3]
Location #5
    Mapping index: 1
    Address: 8808954
    Line #0
        Function index: 5
        Line: 0
        Column: 0
    Attributes: [3]
Location #6
    Mapping index: 1
    Address: 3169035
    Line #0
        Function index: 6
        Line: 0
        Column: 0
    Attributes: [3]
Location #7
    Mapping index: 1
    Address: 22351549
    Line #0
        Function index: 7
        Line: 0
        Column: 0
    Attributes: [3]
Location #8
    Mapping index: 1
    Address: 298
    Line #0
        Function index: 8
        Line: 0
        Column: 0
    Attributes: [3]
Location #9
    Mapping index: 2
    Address: 340279
    Line #0
        Function index: 9
        Line: 0
        Column: 0
    Attributes: [3]
Location #10
    Mapping index: 3
    Address: 113214
    Line #0
        Function index: 10
        Line: 0
        Column: 0
    Attributes: [3]
Location #11
    Mapping index: 2
    Address: 344161
    Line #0
        Function index: 11
        Line: 0
        Column: 0
    Attributes: [3]
Location #12
    Mapping index: 2
    Address: 335940
    Line #0
        Function index: 12
        Line: 0
        Column: 0
    Attributes: [3]
Location #13
    Mapping index: 2
    Address: 217066
    Line #0
        Function index: 13
        Line: 0
        Column: 0
    Attributes: [3]
Location #14
    Mapping index: 2
    Address: 262632
    Line #0
        Function index: 14
        Line: 0
        Column: 0
    Attributes: [3]
Location #15
    Mapping index: 2
    Address: 27898
    Line #0
        Function index: 15
        Line: 0
        Column: 0
    Attributes: [3]
Location #16
    Mapping index: 2
    Address: 58944
    Line #0
        Function index: 16
        Line: 0
        Column: 0
    Attributes: [3]
Location #17
    Mapping index: 2
    Address: 257204
    Line #0
        Function index: 17
        Line: 0
        Column: 0
    Attributes: [3]
Location #18
    Mapping index: 2
    Address: 263878
    Line #0
        Function index: 18
        Line: 0
        Column: 0
    Attributes: [3]
Location #19
    Mapping index: 2
    Address: 36894
    Line #0
        Function index: 19
        Line: 0
        Column: 0
    Attributes: [3]
Location #20
    Mapping index: 1
    Address: 8793251
    Line #0
        Function index: 20
        Line: 0
        Column: 0
    Attributes: [3]
Location #21
    Mapping index: 1
    Address: 3167594
    Line #0
        Function index: 6
        Line: 0
        Column: 0
    Attributes: [3]
Location #22
    Mapping index: 1
    Address: 6875966
    Line #0
        Function index: 21
        Line: 0
        Column: 0
    Attributes: [3]
Location #23
    Mapping index: 0
    Address: 2427
    Line #0
        Function index: 22
        Line: 0
        Column: 0
    Attributes: [3]
Location #24
    Mapping index: 1
    Address: 6450231
    Line #0
        Function index: 23
        Line: 0
        Column: 0
    Attributes: [3]
Location #25
    Mapping index: 1
    Address: 6455623
    Line #0
        Function index: 24
        Line: 0
        Column: 0
    Attributes: [3]
Location #26
    Mapping index: 1
    Address: 7289594
    Line #0
        Function index: 25
        Line: 0
        Column: 0
    Attributes: [3]
Location #27
    Mapping index: 1
    Address: 7290720
    Line #0
        Function index: 26
        Line: 0
        Column: 0
    Attributes: [3]
Location #28
    Mapping index: 1
    Address: 22381429
    Line #0
        Function index: 27
        Line: 0
        Column: 0
    Attributes: [3]
Location #29
    Mapping index: 1
    Address: 22362343
    Line #0
        Function index: 28
        Line: 0
        Column: 0
    Attributes: [3]
Location #30
    Mapping index: 1
    Address: 2953
    Line #0
        Function index: 29
        Line: 0
        Column: 0
    Attributes: [3]
Location #31
    Mapping index: 4
    Address: 710256
    Attributes: [14]
Location #32
    Mapping index: 5
    Address: 404169
    Attributes: [14]
Location #33
    Mapping index: 6
    Address: 10110130
    Attributes: [14]
Location #34
    Mapping index: 6
    Address: 10126754
    Attributes: [14]
Location #35
    Mapping index: 6
    Address: 10111693
    Attributes: [14]
Location #36
    Mapping index: 6
    Address: 10018065
    Attributes: [14]
Location #37
    Mapping index: 6
    Address: 10110769
    Attributes: [14]
Location #38
    Mapping index: 5
    Address: 382340
    Attributes: [14]
Location #39
    Mapping index: 5
    Address: 382671
    Attributes: [14]
Location #40
    Mapping index: 6
    Address: 10116983
    Attributes: [14]
Location #41
    Mapping index: 6
    Address: 5756648
    Attributes: [14]
Location #42
    Mapping index: 6
    Address: 9330025
    Attributes: [14]
Location #43
    Mapping index: 4
    Address: 172489
    Attributes: [14]
Location #44
    Mapping index: 4
    Address: 172682
    Attributes: [14]
Location #45
    Mapping index: 6
    Address: 3350436
    Attributes: [14]
Location #46
    Mapping index: 1
    Address: 5390831
    Line #0
        Function index: 30
        Line: 0
        Column: 0
    Attributes: [3]
Location #47
    Mapping index: 4
    Address: 1199644
    Attributes: [14]
Location #48
    Mapping index: 6
    Address: 8064589
    Attributes: [14]
Location #49
    Mapping index: 6
    Address: 8065813
    Attributes: [14]
Location #50
    Mapping index: 6
    Address: 8072740
    Attributes: [14]
Location #51
    Mapping index: 6
    Address: 10031167
    Attributes: [14]
Location #52
    Mapping index: 4
    Address: 641699
    Attributes: [14]
Location #53
    Mapping index: 4
    Address: 1219691
    Attributes: [14]
Location #54
    Mapping index: 6
    Address: 10159836
    Attributes: [14]
Location #55
    Mapping index: 6
    Address: 3574156
    Attributes: [14]
Location #56
    Mapping index: 6
    Address: 10125010
    Attributes: [14]
Location #57
    Mapping index: 4
    Address: 388991
    Attributes: [14]
Location #58
    Mapping index: 6
    Address: 10111092
    Attributes: [14]
Location #59
    Mapping index: 6
    Address: 3608883
    Attributes: [14]
Location #60
    Mapping index: 6
    Address: 3574254
    Attributes: [14]
Location #61
    Mapping index: 4
    Address: 712016
    Attributes: [14]
Location #62
    Mapping index: 6
    Address: 7196114
    Attributes: [14]
Location #63
    Mapping index: 6
    Address: 3567858
    Attributes: [14]
Location #64
    Mapping index: 6
    Address: 3573200
    Attributes: [14]
Location #65
    Mapping index: 6
    Address: 10161301
    Attributes: [14]
Location #66
    Mapping index: 6
    Address: 3574296
    Attributes: [14]
Location #67
    Mapping index: 6
    Address: 3561711
    Attributes: [14]
Location #68
    Mapping index: 6
    Address: 3574141
    Attributes: [14]
Location #69
    Mapping index: 6
    Address: 3574288
    Attributes: [14]
Location #70
    Mapping index: 6
    Address: 7475072
    Attributes: [14]
Location #71
    Mapping index: 6
    Address: 7502319
    Attributes: [14]
Location #72
    Mapping index: 6
    Address: 7195521
    Attributes: [14]
Location #73
    Mapping index: 6
    Address: 7476846
    Attributes: [14]
Location #74
    Mapping index: 6
    Address: 10015780
    Attributes: [14]
Location #75
    Mapping index: 6
    Address: 10018097
    Attributes: [14]
Location #76
    Mapping index: 6
    Address: 10111706
    Attributes: [14]
Location #77
    Mapping index: 6
    Address: 10126069
    Attributes: [14]
Location #78
    Mapping index: 1
    Address: 22381284
    Line #0
        Function index: 27
        Line: 0
        Column: 0
    Attributes: [3]
Location #79
    Mapping index: 1
    Address: 22358519
    Line #0
        Function index: 31
        Line: 0
        Column: 0
    Attributes: [3]
Location #80
    Mapping index: 1
    Address: 22362942
    Line #0
        Function index: 32
        Line: 0
        Column: 0
    Attributes: [3]
Location #81
    Mapping index: 1
    Address: 3251
    Line #0
        Function index: 33
        Line: 0
        Column: 0
    Attributes: [3]
Location #82
    Mapping index: 1
    Address: 7382982
    Line #0
        Function index: 34
        Line: 0
        Column: 0
    Attributes: [3]
Location #83
    Mapping index: 1
    Address: 6358012
    Line #0
        Function index: 35
        Line: 0
        Column: 0
    Attributes: [3]
Location #84
    Mapping index: 0
    Address: 2150
    Line #0
        Function index: 22
        Line: 0
        Column: 0
    Attributes: [3]
Location #85
    Mapping index: 7
    Address: 4736
    Attributes: [14]
Location #86
    Mapping index: 7
    Address: 5076
    Attributes: [14]
Location #87
    Mapping index: 4
    Address: 710260
    Attributes: [14]
Location #88
    Mapping index: 7
    Address: 4791
    Attributes: [14]
Location #89
    Mapping index: 8
    Address: 801283
    Attributes: [14]
Location #90
    Mapping index: 9
    Address: 15277965
    Attributes: [14]
Location #91
    Mapping index: 9
    Address: 15279576
    Attributes: [14]
Location #92
    Mapping index: 0
    Address: 39178944
    Attributes: [14]
Location #93
    Mapping index: 0
    Address: 39211699
    Attributes: [14]
Location #94
    Mapping index: 0
    Address: 39217301
    Attributes: [14]
Location #95
    Mapping index: 9
    Address: 17453205
    Attributes: [14]
Location #96
    Mapping index: 0
    Address: 0
    Line #0
        Function index: 36
        Line: 0
        Column: 0
    Attributes: [27]
Location #97
    Mapping index: 0
    Address: 0
    Line #0
        Function index: 37
        Line: 0
        Column: 0
    Attributes: [27]
Location #98
    Mapping index: 0
    Address: 0
    Line #0
        Function index: 38
        Line: 0
        Column: 0
    Attributes: [27]
Location #99
    Mapping index: 0
    Address: 0
    Line #0
        Function index: 39
        Line: 0
        Column: 0
    Attributes: [27]
Location #100
    Mapping index: 0
    Address: 0
    Line #0
        Function index: 40
        Line: 0
        Column: 0
    Attributes: [27]
Location #101
    Mapping index: 0
    Address: 0
    Line #0
        Function index: 41
        Line: 0
        Column: 0
    Attributes: [27]
Location #102
    Mapping index: 0
    Address: 0
    Line #0
        Function index: 42
        Line: 0
        Column: 0
    Attributes: [27]
Location #103
    Mapping index: 0
    Address: 0
    Line #0
        Function index: 43
        Line: 0
        Column: 0
    Attributes: [27]
Location #104
    Mapping index: 0
    Address: 0
    Line #0
        Function index: 44
        Line: 0
        Column: 0
    Attributes: [27]
Location #105
    Mapping index: 0
    Address: 0
    Line #0
        Function index: 45
        Line: 0
        Column: 0
    Attributes: [27]
Location #106
    Mapping index: 0
    Address: 0
    Line #0
        Function index: 46
        Line: 0
        Column: 0
    Attributes: [27]
Location #107
    Mapping index: 0
    Address: 0
    Line #0
        Function index: 47
        Line: 0
        Column: 0
    Attributes: [27]
Location #108
    Mapping index: 9
    Address: 20424196
    Attributes: [14]
Location #109
    Mapping index: 9
    Address: 20428857
    Attributes: [14]
Location #110
    Mapping index: 9
    Address: 20635384
    Attributes: [14]
Location #111
    Mapping index: 9
    Address: 20636338
    Attributes: [14]
Location #112
    Mapping index: 9
    Address: 15266858
    Attributes: [14]
Location #113
    Mapping index: 9
    Address: 15267424
    Attributes: [14]
Location #114
    Mapping index: 9
    Address: 16024100
    Attributes: [14]
Location #115
    Mapping index: 9
    Address: 15292437
    Attributes: [14]
Location #116
    Mapping index: 9
    Address: 16703983
    Attributes: [14]
Location #117
    Mapping index: 9
    Address: 16023210
    Attributes: [14]
Location #118
    Mapping index: 9
    Address: 15258461
    Attributes: [14]
Location #119
    Mapping index: 9
    Address: 15954690
    Attributes: [14]
Location #120
    Mapping index: 9
    Address: 15988376
    Attributes: [14]
Location #121
    Mapping index: 9
    Address: 15981104
    Attributes: [14]
Location #122
    Mapping index: 0
    Address: 0
    Line #0
        Function index: 48
        Line: 0
        Column: 0
    Attributes: [27]
Location #123
    Mapping index: 0
    Address: 0
    Attributes: [27]
Location #124
    Mapping index: 9
    Address: 20783897
    Attributes: [14]
Location #125
    Mapping index: 9
    Address: 20784526
    Attributes: [14]
Location #126
    Mapping index: 9
    Address: 21841272
    Attributes: [14]
Location #127
    Mapping index: 9
    Address: 21846304
    Attributes: [14]
Location #128
    Mapping index: 9
    Address: 21849574
    Attributes: [14]
Location #129
    Mapping index: 9
    Address: 21895523
    Attributes: [14]
Location #130
    Mapping index: 9
    Address: 21895897
    Attributes: [14]
Location #131
    Mapping index: 0
    Address: 36980119
    Attributes: [14]
Location #132
    Mapping index: 9
    Address: 16935283
    Attributes: [14]
Location #133
    Mapping index: 9
    Address: 21746729
    Attributes: [14]
Location #134
    Mapping index: 9
    Address: 21748544
    Attributes: [14]
Location #135
    Mapping index: 9
    Address: 21634588
    Attributes: [14]
Location #136
    Mapping index: 9
    Address: 21754671
    Attributes: [14]
Location #137
    Mapping index: 9
    Address: 21423266
    Attributes: [14]
Location #138
    Mapping index: 9
    Address: 21415288
    Attributes: [14]
Location #139
    Mapping index: 9
    Address: 21833978
    Attributes: [14]
Location #140
    Mapping index: 9
    Address: 21849979
    Attributes: [14]
Location #141
    Mapping index: 9
    Address: 21885809
    Attributes: [14]
Location #142
    Mapping index: 9
    Address: 21887322
    Attributes: [14]
Location #143
    Mapping index: 9
    Address: 21895534
    Attributes: [14]
Location #144
    Mapping index: 9
    Address: 21411357
    Attributes: [14]
Location #145
    Mapping index: 9
    Address: 22271000
    Attributes: [14]
Location #146
    Mapping index: 9
    Address: 22275836
    Attributes: [14]
Location #147
    Mapping index: 0
    Address: 48788408
    Attributes: [14]
Location #148
    Mapping index: 0
    Address: 47618177
    Attributes: [14]
Location #149
    Mapping index: 0
    Address: 47628037
    Attributes: [14]
Location #150
    Mapping index: 0
    Address: 45226312
    Attributes: [14]
Location #151
    Mapping index: 0
    Address: 45282390
    Attributes: [14]
Location #152
    Mapping index: 0
    Address: 45312717
    Attributes: [14]
Location #153
    Mapping index: 9
    Address: 19660682
    Attributes: [14]
Location #154
    Mapping index: 9
    Address: 19919552
    Attributes: [14]
Location #155
    Mapping index: 9
    Address: 19920478
    Attributes: [14]
Location #156
    Mapping index: 9
    Address: 26117051
    Attributes: [14]
Location #157
    Mapping index: 9
    Address: 24787269
    Attributes: [14]
Location #158
    Mapping index: 9
    Address: 19705047
    Attributes: [14]
Location #159
    Mapping index: 9
    Address: 19706189
    Attributes: [14]
Location #160
    Mapping index: 9
    Address: 19706926
    Attributes: [14]
Location #161
    Mapping index: 9
    Address: 19711212
    Attributes: [14]
Location #162
    Mapping index: 9
    Address: 18997854
    Attributes: [14]
Location #163
    Mapping index: 9
    Address: 18999310
    Attributes: [14]
Location #164
    Mapping index: 9
    Address: 15962226
    Attributes: [14]
Location #165
    Mapping index: 9
    Address: 15978729
    Attributes: [14]
Location #166
    Mapping index: 9
    Address: 19316633
    Attributes: [14]
Location #167
    Mapping index: 9
    Address: 19317481
    Attributes: [14]
Location #168
    Mapping index: 0
    Address: 0
    Line #0
        Function index: 49
        Line: 0
        Column: 0
    Attributes: [27]
Location #169
    Mapping index: 0
    Address: 0
    Line #0
        Function index: 50
        Line: 0
        Column: 0
    Attributes: [27]
Location #170
    Mapping index: 0
    Address: 0
    Line #0
        Function index: 51
        Line: 0
        Column: 0
    Attributes: [27]
Location #171
    Mapping index: 0
    Address: 0
    Line #0
        Function index: 52
        Line: 0
        Column: 0
    Attributes: [27]
Location #172
    Mapping index: 0
    Address: 0
    Line #0
        Function index: 53
        Line: 0
        Column: 0
    Attributes: [27]
Location #173
    Mapping index: 0
    Address: 0
    Line #0
        Function index: 54
        Line: 0
        Column: 0
    Attributes: [27]
Location #174
    Mapping index: 0
    Address: 0
    Line #0
        Function index: 55
        Line: 0
        Column: 0
    Attributes: [27]
Location #175
    Mapping index: 0
    Address: 0
    Line #0
        Function index: 56
        Line: 0
        Column: 0
    Attributes: [27]
Location #176
    Mapping index: 9
    Address: 24576275
    Attributes: [14]
Location #177
    Mapping index: 9
    Address: 19706092
    Attributes: [14]
Location #178
    Mapping index: 0
    Address: 45767575
    Attributes: [14]
Location #179
    Mapping index: 0
    Address: 45229062
    Attributes: [14]
Location #180
    Mapping index: 0
    Address: 45304855
    Attributes: [14]
Location #181
    Mapping index: 0
    Address: 45312831
    Attributes: [14]
Location #182
    Mapping index: 9
    Address: 26099229
    Attributes: [14]
Location #183
    Mapping index: 9
    Address: 26116691
    Attributes: [14]
Location #184
    Mapping index: 9
    Address: 26117456
    Attributes: [14]
Location #185
    Mapping index: 0
    Address: 44805694
    Attributes: [14]
Location #186
    Mapping index: 0
    Address: 45230427
    Attributes: [14]
Location #187
    Mapping index: 0
    Address: 45306559
    Attributes: [14]
Location #188
    Mapping index: 9
    Address: 24787183
    Attributes: [14]
Location #189
    Mapping index: 9
    Address: 24462991
    Attributes: [14]
Location #190
    Mapping index: 9
    Address: 24464264
    Attributes: [14]
Location #191
    Mapping index: 9
    Address: 24287218
    Attributes: [14]
Location #192
    Mapping index: 0
    Address: 0
    Line #0
        Function index: 57
        Line: 0
        Column: 0
    Attributes: [27]
Location #193
    Mapping index: 0
    Address: 0
    Line #0
        Function index: 58
        Line: 0
        Column: 0
    Attributes: [27]
Location #194
    Mapping index: 0
    Address: 0
    Line #0
        Function index: 59
        Line: 0
        Column: 0
    Attributes: [27]
Location #195
    Mapping index: 9
    Address: 21815196
    Attributes: [14]
Location #196
    Mapping index: 9
    Address: 21844263
    Attributes: [14]
Location #197
    Mapping index: 9
    Address: 21844446
    Attributes: [14]
Location #198
    Mapping index: 9
    Address: 21891981
    Attributes: [14]
Location #199
    Mapping index: 9
    Address: 24573161
    Attributes: [14]
Location #200
    Mapping index: 9
    Address: 24573431
    Attributes: [14]
Location #201
    Mapping index: 9
    Address: 24749353
    Attributes: [14]
Location #202
    Mapping index: 9
    Address: 24751956
    Attributes: [14]
Location #203
    Mapping index: 9
    Address: 24752405
    Attributes: [14]
Location #204
    Mapping index: 9
    Address: 24761927
    Attributes: [14]
Location #205
    Mapping index: 9
    Address: 24764184
    Attributes: [14]
Location #206
    Mapping index: 9
    Address: 24765638
    Attributes: [14]
Location #207
    Mapping index: 9
    Address: 24787094
    Attributes: [14]
Location #208
    Mapping index: 9
    Address: 30413459
    Attributes: [14]
Location #209
    Mapping index: 9
    Address: 30440121
    Attributes: [14]
Location #210
    Mapping index: 9
    Address: 16511248
    Attributes: [14]
Location #211
    Mapping index: 9
    Address: 16461332
    Attributes: [14]
Location #212
    Mapping index: 0
    Address: 0
    Line #0
        Function index: 60
        Line: 0
        Column: 0
    Attributes: [27]
Location #213
    Mapping index: 0
    Address: 0
    Line #0
        Function index: 61
        Line: 0
        Column: 0
    Attributes: [27]
Location #214
    Mapping index: 0
    Address: 0
    Line #0
        Function index: 62
        Line: 0
        Column: 0
    Attributes: [27]
Location #215
    Mapping index: 0
    Address: 0
    Line #0
        Function index: 63
        Line: 0
        Column: 0
    Attributes: [27]
Location #216
    Mapping index: 0
    Address: 0
    Line #0
        Function index: 64
        Line: 0
        Column: 0
    Attributes: [27]
Location #217
    Mapping index: 0
    Address: 0
    Line #0
        Function index: 65
        Line: 0
        Column: 0
    Attributes: [27]
Location #218
    Mapping index: 9
    Address: 22447854
    Attributes: [14]
Location #219
    Mapping index: 9
    Address: 19703226
    Attributes: [14]
Location #220
    Mapping index: 9
    Address: 19704123
    Attributes: [14]
Location #221
    Mapping index: 9
    Address: 21893367
    Attributes: [14]
Location #222
    Mapping index: 9
    Address: 16935319
    Attributes: [14]
Location #223
    Mapping index: 9
    Address: 15990393
    Attributes: [14]
Location #224
    Mapping index: 9
    Address: 15976522
    Attributes: [14]
Location #225
    Mapping index: 9
    Address: 15979275
    Attributes: [14]
Location #226
    Mapping index: 9
    Address: 21900345
    Attributes: [14]
Location #227
    Mapping index: 9
    Address: 21223921
    Attributes: [14]
Location #228
    Mapping index: 9
    Address: 21347289
    Attributes: [14]
Location #229
    Mapping index: 9
    Address: 21354168
    Attributes: [14]
Location #230
    Mapping index: 9
    Address: 21367623
    Attributes: [14]
Location #231
    Mapping index: 9
    Address: 30173616
    Attributes: [14]
Location #232
    Mapping index: 9
    Address: 21126771
    Attributes: [14]
Location #233
    Mapping index: 9
    Address: 21756382
    Attributes: [14]
Location #234
    Mapping index: 9
    Address: 20920256
    Attributes: [14]
Location #235
    Mapping index: 9
    Address: 21807325
    Attributes: [14]
Location #236
    Mapping index: 9
    Address: 21900398
    Attributes: [14]
Location #237
    Mapping index: 9
    Address: 16464483
    Attributes: [14]
Location #238
    Mapping index: 0
    Address: 0
    Line #0
        Function index: 66
        Line: 0
        Column: 0
    Attributes: [27]
Location #239
    Mapping index: 9
    Address: 24600681
    Attributes: [14]
Location #240
    Mapping index: 9
    Address: 24720949
    Attributes: [14]
Location #241
    Mapping index: 9
    Address: 24726763
    Attributes: [14]
Location #242
    Mapping index: 9
    Address: 24729545
    Attributes: [14]
Location #243
    Mapping index: 9
    Address: 24666443
    Attributes: [14]
Location #244
    Mapping index: 9
    Address: 24669444
    Attributes: [14]
Location #245
    Mapping index: 9
    Address: 24669866
    Attributes: [14]
Location #246
    Mapping index: 9
    Address: 24742548
    Attributes: [14]
Location #247
    Mapping index: 9
    Address: 24666607
    Attributes: [14]
Location #248
    Mapping index: 9
    Address: 24750349
    Attributes: [14]
Location #249
    Mapping index: 9
    Address: 24687154
    Attributes: [14]
Location #250
    Mapping index: 9
    Address: 24589383
    Attributes: [14]
Location #251
    Mapping index: 9
    Address: 24787070
    Attributes: [14]
Location #252
    Mapping index: 9
    Address: 21402501
    Attributes: [14]
Location #253
    Mapping index: 9
    Address: 20609324
    Attributes: [14]
Location #254
    Mapping index: 9
    Address: 19920270
    Attributes: [14]
Location #255
    Mapping index: 9
    Address: 21748620
    Attributes: [14]
Location #256
    Mapping index: 9
    Address: 21414587
    Attributes: [14]
Location #257
    Mapping index: 9
    Address: 20920555
    Attributes: [14]
Location #258
    Mapping index: 9
    Address: 18907798
    Attributes: [14]
Location #259
    Mapping index: 9
    Address: 26037066
    Attributes: [14]
Location #260
    Mapping index: 9
    Address: 19443033
    Attributes: [14]
Location #261
    Mapping index: 0
    Address: 0
    Line #0
        Function index: 67
        Line: 0
        Column: 0
    Attributes: [27]
Location #262
    Mapping index: 0
    Address: 0
    Line #0
        Function index: 68
        Line: 0
        Column: 0
    Attributes: [27]
Location #263
    Mapping index: 0
    Address: 0
    Line #0
        Function index: 69
        Line: 0
        Column: 0
    Attributes: [27]
Location #264
    Mapping index: 0
    Address: 0
    Line #0
        Function index: 70
        Line: 0
        Column: 0
    Attributes: [27]
Location #265
    Mapping index: 0
    Address: 0
    Line #0
        Function index: 71
        Line: 0
        Column: 0
    Attributes: [27]
Location #266
    Mapping index: 0
    Address: 0
    Line #0
        Function index: 72
        Line: 0
        Column: 0
    Attributes: [27]
Location #267
    Mapping index: 0
    Address: 39035138
    Attributes: [14]
Location #268
    Mapping index: 0
    Address: 39182021
    Attributes: [14]
Location #269
    Mapping index: 0
    Address: 39209799
    Attributes: [14]
Location #270
    Mapping index: 9
    Address: 30440156
    Attributes: [14]
Location #271
    Mapping index: 9
    Address: 17941117
    Attributes: [14]
Location #272
    Mapping index: 9
    Address: 16783157
    Attributes: [14]
Location #273
    Mapping index: 9
    Address: 16807137
    Attributes: [14]
Location #274
    Mapping index: 0
    Address: 0
    Line #0
        Function index: 73
        Line: 0
        Column: 0
    Attributes: [27]
Location #275
    Mapping index: 0
    Address: 0
    Line #0
        Function index: 74
        Line: 0
        Column: 0
    Attributes: [27]
Location #276
    Mapping index: 0
    Address: 0
    Line #0
        Function index: 75
        Line: 0
        Column: 0
    Attributes: [27]
Location #277
    Mapping index: 9
    Address: 22504447
    Attributes: [14]
Location #278
    Mapping index: 9
    Address: 22508320
    Attributes: [14]
Location #279
    Mapping index: 9
    Address: 22516348
    Attributes: [14]
Location #280
    Mapping index: 9
    Address: 19480344
    Attributes: [14]
Location #281
    Mapping index: 0
    Address: 0
    Line #0
        Function index: 76
        Line: 0
        Column: 0
    Attributes: [27]
Location #282
    Mapping index: 0
    Address: 0
    Line #0
        Function index: 77
        Line: 0
        Column: 0
    Attributes: [27]
Location #283
    Mapping index: 9
    Address: 20423650
    Attributes: [14]
Location #284
    Mapping index: 9
    Address: 20427604
    Attributes: [14]
Location #285
    Mapping index: 9
    Address: 24137666
    Attributes: [14]
Location #286
    Mapping index: 9
    Address: 25643165
    Attributes: [14]
Location #287
    Mapping index: 9
    Address: 23624076
    Attributes: [14]
Location #288
    Mapping index: 9
    Address: 25667457
    Attributes: [14]
Location #289
    Mapping index: 0
    Address: 0
    Line #0
        Function index: 78
        Line: 0
        Column: 0
    Attributes: [27]
Location #290
    Mapping index: 9
    Address: 21748943
    Attributes: [14]
Location #291
    Mapping index: 9
    Address: 21755001
    Attributes: [14]
Location #292
    Mapping index: 9
    Address: 24588743
    Attributes: [14]
Location #293
    Mapping index: 9
    Address: 16807108
    Attributes: [14]
Location #294
    Mapping index: 0
    Address: 44836522
    Attributes: [14]
Location #295
    Mapping index: 0
    Address: 44837081
    Attributes: [14]
Location #296
    Mapping index: 0
    Address: 45282606
    Attributes: [14]
Location #297
    Mapping index: 9
    Address: 17453526
    Attributes: [14]
Location #298
    Mapping index: 9
    Address: 26036974
    Attributes: [14]
Location #299
    Mapping index: 9
    Address: 24577017
    Attributes: [14]
Location #300
    Mapping index: 9
    Address: 19706216
    Attributes: [14]
Location #301
    Mapping index: 0
    Address: 39212020
    Attributes: [14]
Location #302
    Mapping index: 9
    Address: 16807262
    Attributes: [14]
Location #303
    Mapping index: 9
    Address: 15954866
    Attributes: [14]
Location #304
    Mapping index: 9
    Address: 15989594
    Attributes: [14]
Location #305
    Mapping index: 9
    Address: 15976509
    Attributes: [14]
Location #306
    Mapping index: 9
    Address: 24787387
    Attributes: [14]
Location #307
    Mapping index: 0
    Address: 45768192
    Attributes: [14]
Location #308
    Mapping index: 0
    Address: 45225974
    Attributes: [14]
Location #309
    Mapping index: 0
    Address: 51356485
    Attributes: [14]
Location #310
    Mapping index: 0
    Address: 45213651
    Attributes: [14]
Location #311
    Mapping index: 0
    Address: 45306127
    Attributes: [14]
Location #312
    Mapping index: 9
    Address: 24576524
    Attributes: [14]
Location #313
    Mapping index: 9
    Address: 15278362
    Attributes: [14]
Location #314
    Mapping index: 0
    Address: 39180249
    Attributes: [14]
Location #315
    Mapping index: 9
    Address: 16784124
    Attributes: [14]
Location #316
    Mapping index: 9
    Address: 15278094
    Attributes: [14]
Location #317
    Mapping index: 0
    Address: 39180335
    Attributes: [14]
Location #318
    Mapping index: 9
    Address: 15990439
    Attributes: [14]
Location #319
    Mapping index: 9
    Address: 19703297
    Attributes: [14]
Location #320
    Mapping index: 9
    Address: 16807536
    Attributes: [14]
Location #321
    Mapping index: 0
    Address: 45224470
    Attributes: [14]
Location #322
    Mapping index: 0
    Address: 45254775
    Attributes: [14]
Location #323
    Mapping index: 0
    Address: 45256993
    Attributes: [14]
Location #324
    Mapping index: 0
    Address: 45306360
    Attributes: [14]
Location #325
    Mapping index: 9
    Address: 21893244
    Attributes: [14]
Location #326
    Mapping index: 9
    Address: 15991096
    Attributes: [14]
Location #327
    Mapping index: 9
    Address: 15497783
    Attributes: [14]
Location #328
    Mapping index: 0
    Address: 39205710
    Attributes: [14]
Location #329
    Mapping index: 9
    Address: 16806789
    Attributes: [14]
Location #330
    Mapping index: 9
    Address: 16807996
    Attributes: [14]
Location #331
    Mapping index: 0
    Address: 37027219
    Attributes: [14]
Location #332
    Mapping index: 0
    Address: 37027954
    Attributes: [14]
Location #333
    Mapping index: 9
    Address: 21901819
    Attributes: [14]
Location #334
    Mapping index: 9
    Address: 21844084
    Attributes: [14]
Location #335
    Mapping index: 9
    Address: 24787212
    Attributes: [14]
Location #336
    Mapping index: 9
    Address: 19704198
    Attributes: [14]
Location #337
    Mapping index: 0
    Address: 45214698
    Attributes: [14]
Location #338
    Mapping index: 0
    Address: 45306161
    Attributes: [14]
Location #339
    Mapping index: 0
    Address: 45254604
    Attributes: [14]
Location #340
    Mapping index: 9
    Address: 19888542
    Attributes: [14]
Location #341
    Mapping index: 9
    Address: 19888661
    Attributes: [14]
Location #342
    Mapping index: 9
    Address: 22448714
    Attributes: [14]
Location #343
    Mapping index: 9
    Address: 19658350
    Attributes: [14]
Location #344
    Mapping index: 9
    Address: 19703069
    Attributes: [14]
Location #345
    Mapping index: 9
    Address: 16463025
    Attributes: [14]
Location #346
    Mapping index: 9
    Address: 16808504
    Attributes: [14]
Location #347
    Mapping index: 9
    Address: 16783142
    Attributes: [14]
Location #348
    Mapping index: 9
    Address: 15976665
    Attributes: [14]
Location #349
    Mapping index: 9
    Address: 15976183
    Attributes: [14]
Location #350
    Mapping index: 9
    Address: 21895803
    Attributes: [14]
Location #351
    Mapping index: 0
    Address: 37027548
    Attributes: [14]
Location #352
    Mapping index: 9
    Address: 21748990
    Attributes: [14]
Location #353
    Mapping index: 9
    Address: 19702753
    Attributes: [14]
Location #354
    Mapping index: 9
    Address: 19702915
    Attributes: [14]
Location #355
    Mapping index: 9
    Address: 21692265
    Attributes: [14]
Location #356
    Mapping index: 9
    Address: 21746548
    Attributes: [14]
Location #357
    Mapping index: 9
    Address: 21634566
    Attributes: [14]
Location #358
    Mapping index: 0
    Address: 39180170
    Attributes: [14]
Location #359
    Mapping index: 9
    Address: 17453478
    Attributes: [14]
Location #360
    Mapping index: 9
    Address: 24913490
    Attributes: [14]
Location #361
    Mapping index: 9
    Address: 24787005
    Attributes: [14]
Location #362
    Mapping index: 9
    Address: 24597877
    Attributes: [14]
Location #363
    Mapping index: 9
    Address: 24601438
    Attributes: [14]
Location #364
    Mapping index: 9
    Address: 24657757
    Attributes: [14]
Location #365
    Mapping index: 9
    Address: 24750716
    Attributes: [14]
Location #366
    Mapping index: 9
    Address: 24787351
    Attributes: [14]
Location #367
    Mapping index: 9
    Address: 21208954
    Attributes: [14]
Location #368
    Mapping index: 9
    Address: 21080418
    Attributes: [14]
Location #369
    Mapping index: 9
    Address: 18999328
    Attributes: [14]
Location #370
    Mapping index: 9
    Address: 24573084
    Attributes: [14]
Location #371
    Mapping index: 9
    Address: 24576321
    Attributes: [14]
Location #372
    Mapping index: 0
    Address: 39075137
    Attributes: [14]
Location #373
    Mapping index: 9
    Address: 17458030
    Attributes: [14]
Location #374
    Mapping index: 9
    Address: 16806903
    Attributes: [14]
Location #375
    Mapping index: 9
    Address: 15988930
    Attributes: [14]
Location #376
    Mapping index: 4
    Address: 717979
    Attributes: [14]
Location #377
    Mapping index: 9
    Address: 21693662
    Attributes: [14]
Location #378
    Mapping index: 9
    Address: 21209016
    Attributes: [14]
Location #379
    Mapping index: 9
    Address: 24040032
    Attributes: [14]
Location #380
    Mapping index: 9
    Address: 23602095
    Attributes: [14]
Location #381
    Mapping index: 9
    Address: 23602655
    Attributes: [14]
Location #382
    Mapping index: 9
    Address: 25663835
    Attributes: [14]
Location #383
    Mapping index: 0
    Address: 45351244
    Attributes: [14]
Location #384
    Mapping index: 0
    Address: 45354639
    Attributes: [14]
Location #385
    Mapping index: 0
    Address: 45401570
    Attributes: [14]
Location #386
    Mapping index: 0
    Address: 45235647
    Attributes: [14]
Location #387
    Mapping index: 0
    Address: 45305817
    Attributes: [14]
Location #388
    Mapping index: 0
    Address: 39178682
    Attributes: [14]
Location #389
    Mapping index: 0
    Address: 39180283
    Attributes: [14]
Location #390
    Mapping index: 9
    Address: 24573341
    Attributes: [14]
Location #391
    Mapping index: 9
    Address: 24722310
    Attributes: [14]
Location #392
    Mapping index: 9
    Address: 24752613
    Attributes: [14]
Location #393
    Mapping index: 9
    Address: 16807890
    Attributes: [14]
Location #394
    Mapping index: 9
    Address: 15957408
    Attributes: [14]
Location #395
    Mapping index: 9
    Address: 24601177
    Attributes: [14]
Location #396
    Mapping index: 9
    Address: 24722392
    Attributes: [14]
Location #397
    Mapping index: 0
    Address: 45226363
    Attributes: [14]
Location #398
    Mapping index: 0
    Address: 39045890
    Attributes: [14]
Location #399
    Mapping index: 0
    Address: 39211996
    Attributes: [14]
Location #400
    Mapping index: 9
    Address: 19920676
    Attributes: [14]
Location #401
    Mapping index: 0
    Address: 45768097
    Attributes: [14]
Location #402
    Mapping index: 0
    Address: 45768275
    Attributes: [14]
Location #403
    Mapping index: 0
    Address: 45195926
    Attributes: [14]
Location #404
    Mapping index: 0
    Address: 45231950
    Attributes: [14]
Location #405
    Mapping index: 0
    Address: 45232129
    Attributes: [14]
Location #406
    Mapping index: 0
    Address: 44389684
    Attributes: [14]
Location #407
    Mapping index: 9
    Address: 19677428
    Attributes: [14]
Location #408
    Mapping index: 9
    Address: 19681702
    Attributes: [14]
Location #409
    Mapping index: 9
    Address: 25578136
    Attributes: [14]
Location #410
    Mapping index: 9
    Address: 15981345
    Attributes: [14]
Location #411
    Mapping index: 9
    Address: 18907917
    Attributes: [14]
Location #412
    Mapping index: 9
    Address: 24601233
    Attributes: [14]
Location #413
    Mapping index: 9
    Address: 24681259
    Attributes: [14]
Location #414
    Mapping index: 9
    Address: 24682620
    Attributes: [14]
Location #415
    Mapping index: 9
    Address: 24684471
    Attributes: [14]
Location #416
    Mapping index: 9
    Address: 24685711
    Attributes: [14]
Location #417
    Mapping index: 9
    Address: 24752537
    Attributes: [14]
Location #418
    Mapping index: 9
    Address: 16774738
    Attributes: [14]
Location #419
    Mapping index: 9
    Address: 16806959
    Attributes: [14]
Location #420
    Mapping index: 9
    Address: 27169343
    Attributes: [14]
Location #421
    Mapping index: 0
    Address: 50765272
    Attributes: [14]
Location #422
    Mapping index: 0
    Address: 50787556
    Attributes: [14]
Location #423
    Mapping index: 0
    Address: 50855947
    Attributes: [14]
Location #424
    Mapping index: 0
    Address: 50862603
    Attributes: [14]
Location #425
    Mapping index: 0
    Address: 50870825
    Attributes: [14]
Location #426
    Mapping index: 0
    Address: 45212371
    Attributes: [14]
Location #427
    Mapping index: 0
    Address: 45306080
    Attributes: [14]
Location #428
    Mapping index: 9
    Address: 20920478
    Attributes: [14]
Location #429
    Mapping index: 9
    Address: 21814043
    Attributes: [14]
Location #430
    Mapping index: 9
    Address: 21900917
    Attributes: [14]
Location #431
    Mapping index: 0
    Address: 45228655
    Attributes: [14]
Location #432
    Mapping index: 9
    Address: 21691970
    Attributes: [14]
Location #433
    Mapping index: 9
    Address: 24588861
    Attributes: [14]
Location #434
    Mapping index: 9
    Address: 17439069
    Attributes: [14]
Location #435
    Mapping index: 0
    Address: 0
    Line #0
        Function index: 79
        Line: 0
        Column: 0
    Attributes: [27]
Location #436
    Mapping index: 9
    Address: 21696124
    Attributes: [14]
Location #437
    Mapping index: 9
    Address: 20920342
    Attributes: [14]
Location #438
    Mapping index: 9
    Address: 24726653
    Attributes: [14]
Location #439
    Mapping index: 9
    Address: 16466287
    Attributes: [14]
Location #440
    Mapping index: 9
    Address: 21126826
    Attributes: [14]
Location #441
    Mapping index: 9
    Address: 21756760
    Attributes: [14]
Location #442
    Mapping index: 9
    Address: 21892889
    Attributes: [14]
Location #443
    Mapping index: 9
    Address: 22448624
    Attributes: [14]
Location #444
    Mapping index: 9
    Address: 24752018
    Attributes: [14]
Location #445
    Mapping index: 9
    Address: 21850862
    Attributes: [14]
Location #446
    Mapping index: 0
    Address: 45286059
    Attributes: [14]
Location #447
    Mapping index: 0
    Address: 45308897
    Attributes: [14]
Location #448
    Mapping index: 9
    Address: 16424819
    Attributes: [14]
Location #449
    Mapping index: 0
    Address: 0
    Line #0
        Function index: 80
        Line: 0
        Column: 0
    Attributes: [27]
Location #450
    Mapping index: 9
    Address: 17453606
    Attributes: [14]
Location #451
    Mapping index: 9
    Address: 20722876
    Attributes: [14]
Location #452
    Mapping index: 9
    Address: 19859614
    Attributes: [14]
Location #453
    Mapping index: 0
    Address: 45202187
    Attributes: [14]
Location #454
    Mapping index: 9
    Address: 19922691
    Attributes: [14]
Location #455
    Mapping index: 9
    Address: 20643023
    Attributes: [14]
Location #456
    Mapping index: 9
    Address: 25611902
    Attributes: [14]
Location #457
    Mapping index: 9
    Address: 19659651
    Attributes: [14]
Location #458
    Mapping index: 9
    Address: 19703113
    Attributes: [14]
Location #459
    Mapping index: 9
    Address: 24787468
    Attributes: [14]
Location #460
    Mapping index: 9
    Address: 17438498
    Attributes: [14]
Location #461
    Mapping index: 9
    Address: 17453923
    Attributes: [14]
Location #462
    Mapping index: 9
    Address: 17452081
    Attributes: [14]
Location #463
    Mapping index: 0
    Address: 0
    Line #0
        Function index: 81
        Line: 0
        Column: 0
    Attributes: [27]
Location #464
    Mapping index: 9
    Address: 19157665
    Attributes: [14]
Location #465
    Mapping index: 9
    Address: 19157853
    Attributes: [14]
Location #466
    Mapping index: 9
    Address: 20723864
    Attributes: [14]
Location #467
    Mapping index: 9
    Address: 19660176
    Attributes: [14]
Location #468
    Mapping index: 9
    Address: 19679554
    Attributes: [14]
Location #469
    Mapping index: 0
    Address: 44264159
    Attributes: [14]
Location #470
    Mapping index: 0
    Address: 44265949
    Attributes: [14]
Location #471
    Mapping index: 0
    Address: 44266512
    Attributes: [14]
Location #472
    Mapping index: 0
    Address: 47579082
    Attributes: [14]
Location #473
    Mapping index: 0
    Address: 47593563
    Attributes: [14]
Location #474
    Mapping index: 0
    Address: 47627025
    Attributes: [14]
Location #475
    Mapping index: 0
    Address: 47627768
    Attributes: [14]
Location #476
    Mapping index: 0
    Address: 47628053
    Attributes: [14]
Location #477
    Mapping index: 0
    Address: 48292146
    Attributes: [14]
Location #478
    Mapping index: 0
    Address: 48270779
    Attributes: [14]
Location #479
    Mapping index: 0
    Address: 48272756
    Attributes: [14]
Location #480
    Mapping index: 0
    Address: 44842141
    Attributes: [14]
Location #481
    Mapping index: 0
    Address: 45283603
    Attributes: [14]
Location #482
    Mapping index: 9
    Address: 16807233
    Attributes: [14]
Location #483
    Mapping index: 9
    Address: 24463839
    Attributes: [14]
Location #484
    Mapping index: 9
    Address: 22036413
    Attributes: [14]
Location #485
    Mapping index: 9
    Address: 23199251
    Attributes: [14]
Location #486
    Mapping index: 0
    Address: 44265314
    Attributes: [14]
Location #487
    Mapping index: 9
    Address: 17451703
    Attributes: [14]
Location #488
    Mapping index: 9
    Address: 16807595
    Attributes: [14]
Location #489
    Mapping index: 9
    Address: 16807196
    Attributes: [14]
Location #490
    Mapping index: 9
    Address: 16396664
    Attributes: [14]
Location #491
    Mapping index: 9
    Address: 22480113
    Attributes: [14]
Location #492
    Mapping index: 9
    Address: 22504786
    Attributes: [14]
Location #493
    Mapping index: 9
    Address: 22505376
    Attributes: [14]
Location #494
    Mapping index: 9
    Address: 29814136
    Attributes: [14]
Location #495
    Mapping index: 9
    Address: 29839935
    Attributes: [14]
Location #496
    Mapping index: 0
    Address: 45795775
    Attributes: [14]
Location #497
    Mapping index: 0
    Address: 47194916
    Attributes: [14]
Location #498
    Mapping index: 0
    Address: 47183570
    Attributes: [14]
Location #499
    Mapping index: 0
    Address: 47187943
    Attributes: [14]
Location #500
    Mapping index: 0
    Address: 45238213
    Attributes: [14]
Location #501
    Mapping index: 0
    Address: 45312860
    Attributes: [14]
Location #502
    Mapping index: 9
    Address: 21807263
    Attributes: [14]
Location #503
    Mapping index: 9
    Address: 21844593
    Attributes: [14]
Location #504
    Mapping index: 9
    Address: 20634715
    Attributes: [14]
Location #505
    Mapping index: 9
    Address: 21238922
    Attributes: [14]
Location #506
    Mapping index: 9
    Address: 21901266
    Attributes: [14]
Location #507
    Mapping index: 9
    Address: 21850982
    Attributes: [14]
Location #508
    Mapping index: 9
    Address: 21691998
    Attributes: [14]
Location #509
    Mapping index: 9
    Address: 26097751
    Attributes: [14]
Location #510
    Mapping index: 9
    Address: 23279493
    Attributes: [14]
Location #511
    Mapping index: 9
    Address: 23279748
    Attributes: [14]
Location #512
    Mapping index: 9
    Address: 23280385
    Attributes: [14]
Location #513
    Mapping index: 9
    Address: 21081706
    Attributes: [14]
Location #514
    Mapping index: 9
    Address: 19105722
    Attributes: [14]
Location #515
    Mapping index: 9
    Address: 16118599
    Attributes: [14]
Location #516
    Mapping index: 0
    Address: 0
    Line #0
        Function index: 82
        Line: 0
        Column: 0
    Attributes: [27]
Location #517
    Mapping index: 0
    Address: 0
    Line #0
        Function index: 83
        Line: 0
        Column: 0
    Attributes: [27]
Location #518
    Mapping index: 0
    Address: 0
    Line #0
        Function index: 84
        Line: 0
        Column: 0
    Attributes: [27]
Location #519
    Mapping index: 0
    Address: 0
    Line #0
        Function index: 85
        Line: 0
        Column: 0
    Attributes: [27]
Location #520
    Mapping index: 0
    Address: 0
    Line #0
        Function index: 86
        Line: 0
        Column: 0
    Attributes: [27]
Location #521
    Mapping index: 9
    Address: 24573753
    Attributes: [14]
Location #522
    Mapping index: 9
    Address: 24956537
    Attributes: [14]
Location #523
    Mapping index: 9
    Address: 24765624
    Attributes: [14]
Location #524
    Mapping index: 9
    Address: 15979227
    Attributes: [14]
Location #525
    Mapping index: 0
    Address: 45224019
    Attributes: [14]
Location #526
    Mapping index: 0
    Address: 45252457
    Attributes: [14]
Location #527
    Mapping index: 9
    Address: 16808054
    Attributes: [14]
Location #528
    Mapping index: 9
    Address: 21386379
    Attributes: [14]
Location #529
    Mapping index: 9
    Address: 21901594
    Attributes: [14]
Location #530
    Mapping index: 9
    Address: 21893034
    Attributes: [14]
Location #531
    Mapping index: 9
    Address: 26117240
    Attributes: [14]
Location #532
    Mapping index: 9
    Address: 24577880
    Attributes: [14]
Location #533
    Mapping index: 9
    Address: 19706204
    Attributes: [14]
Location #534
    Mapping index: 0
    Address: 47254670
    Attributes: [14]
Location #535
    Mapping index: 0
    Address: 50077992
    Attributes: [14]
Location #536
    Mapping index: 0
    Address: 45221127
    Attributes: [14]
Location #537
    Mapping index: 0
    Address: 45306197
    Attributes: [14]
Location #538
    Mapping index: 9
    Address: 21756632
    Attributes: [14]
Location #539
    Mapping index: 0
    Address: 45311593
    Attributes: [14]
Location #540
    Mapping index: 9
    Address: 21814557
    Attributes: [14]
Location #541
    Mapping index: 9
    Address: 21901007
    Attributes: [14]
Location #542
    Mapping index: 9
    Address: 20467303
    Attributes: [14]
Location #543
    Mapping index: 9
    Address: 20525688
    Attributes: [14]
Location #544
    Mapping index: 9
    Address: 21239331
    Attributes: [14]
Location #545
    Mapping index: 9
    Address: 16807508
    Attributes: [14]
Location #546
    Mapping index: 0
    Address: 45221584
    Attributes: [14]
Location #547
    Mapping index: 0
    Address: 45257338
    Attributes: [14]
Location #548
    Mapping index: 9
    Address: 21692026
    Attributes: [14]
Location #549
    Mapping index: 9
    Address: 19244640
    Attributes: [14]
Location #550
    Mapping index: 9
    Address: 24719579
    Attributes: [14]
Location #551
    Mapping index: 9
    Address: 15958467
    Attributes: [14]
Location #552
    Mapping index: 9
    Address: 17454096
    Attributes: [14]
Location #553
    Mapping index: 0
    Address: 45235487
    Attributes: [14]
Location #554
    Mapping index: 9
    Address: 16806747
    Attributes: [14]
Location #555
    Mapping index: 9
    Address: 23198463
    Attributes: [14]
Location #556
    Mapping index: 0
    Address: 44183052
    Attributes: [14]
Location #557
    Mapping index: 0
    Address: 44265917
    Attributes: [14]
Location #558
    Mapping index: 9
    Address: 19704495
    Attributes: [14]
Location #559
    Mapping index: 9
    Address: 24787154
    Attributes: [14]
Location #560
    Mapping index: 0
    Address: 45210563
    Attributes: [14]
Location #561
    Mapping index: 0
    Address: 45308862
    Attributes: [14]
Location #562
    Mapping index: 9
    Address: 16808330
    Attributes: [14]
Location #563
    Mapping index: 0
    Address: 45220843
    Attributes: [14]
Location #564
    Mapping index: 9
    Address: 24787414
    Attributes: [14]
Location #565
    Mapping index: 9
    Address: 20920435
    Attributes: [14]
Location #566
    Mapping index: 9
    Address: 24787257
    Attributes: [14]
Location #567
    Mapping index: 9
    Address: 24726911
    Attributes: [14]
Location #568
    Mapping index: 9
    Address: 16783012
    Attributes: [14]
Location #569
    Mapping index: 9
    Address: 24679709
    Attributes: [14]
Location #570
    Mapping index: 9
    Address: 17439480
    Attributes: [14]
Location #571
    Mapping index: 0
    Address: 0
    Line #0
        Function index: 87
        Line: 0
        Column: 0
    Attributes: [27]
Location #572
    Mapping index: 9
    Address: 24576995
    Attributes: [14]
Location #573
    Mapping index: 9
    Address: 24573527
    Attributes: [14]
Location #574
    Mapping index: 9
    Address: 24678189
    Attributes: [14]
Location #575
    Mapping index: 9
    Address: 24725712
    Attributes: [14]
Location #576
    Mapping index: 9
    Address: 16782865
    Attributes: [14]
Location #577
    Mapping index: 9
    Address: 24941227
    Attributes: [14]
Location #578
    Mapping index: 9
    Address: 24974707
    Attributes: [14]
Location #579
    Mapping index: 9
    Address: 24617472
    Attributes: [14]
Location #580
    Mapping index: 9
    Address: 24761892
    Attributes: [14]
Location #581
    Mapping index: 0
    Address: 0
    Line #0
        Function index: 88
        Line: 0
        Column: 0
    Attributes: [27]
Location #582
    Mapping index: 0
    Address: 0
    Line #0
        Function index: 89
        Line: 0
        Column: 0
    Attributes: [27]
Location #583
    Mapping index: 0
    Address: 46649336
    Attributes: [14]
Location #584
    Mapping index: 0
    Address: 51527803
    Attributes: [14]
Location #585
    Mapping index: 0
    Address: 51749918
    Attributes: [14]
Location #586
    Mapping index: 0
    Address: 45213331
    Attributes: [14]
Location #587
    Mapping index: 0
    Address: 45311319
    Attributes: [14]
Location #588
    Mapping index: 0
    Address: 45252946
    Attributes: [14]
Location #589
    Mapping index: 9
    Address: 22504551
    Attributes: [14]
Location #590
    Mapping index: 9
    Address: 21849365
    Attributes: [14]
Location #591
    Mapping index: 9
    Address: 24787225
    Attributes: [14]
Location #592
    Mapping index: 9
    Address: 16784670
    Attributes: [14]
Location #593
    Mapping index: 9
    Address: 17443698
    Attributes: [14]
Location #594
    Mapping index: 9
    Address: 17451675
    Attributes: [14]
Location #595
    Mapping index: 9
    Address: 17451738
    Attributes: [14]
Location #596
    Mapping index: 9
    Address: 24577008
    Attributes: [14]
Location #597
    Mapping index: 0
    Address: 45185022
    Attributes: [14]
Location #598
    Mapping index: 0
    Address: 45305581
    Attributes: [14]
Location #599
    Mapping index: 0
    Address: 45310143
    Attributes: [14]
Location #600
    Mapping index: 10
    Address: 5802078
    Attributes: [14]
Location #601
    Mapping index: 10
    Address: 5894882
    Attributes: [14]
Location #602
    Mapping index: 10
    Address: 6411546
    Attributes: [14]
Location #603
    Mapping index: 10
    Address: 7066440
    Attributes: [14]
Location #604
    Mapping index: 10
    Address: 7017340
    Attributes: [14]
Location #605
    Mapping index: 10
    Address: 7064880
    Attributes: [14]
Location #606
    Mapping index: 10
    Address: 7063884
    Attributes: [14]
Location #607
    Mapping index: 10
    Address: 6650628
    Attributes: [14]
Location #608
    Mapping index: 10
    Address: 5838689
    Attributes: [14]
Location #609
    Mapping index: 10
    Address: 5902332
    Attributes: [14]
Location #610
    Mapping index: 10
    Address: 5797766
    Attributes: [14]
Location #611
    Mapping index: 10
    Address: 6532591
    Attributes: [14]
Location #612
    Mapping index: 10
    Address: 5872722
    Attributes: [14]
Location #613
    Mapping index: 10
    Address: 5542580
    Attributes: [14]
Location #614
    Mapping index: 10
    Address: 5553104
    Attributes: [14]
Location #615
    Mapping index: 10
    Address: 6521731
    Attributes: [14]
Location #616
    Mapping index: 10
    Address: 5775468
    Attributes: [14]
Location #617
    Mapping index: 10
    Address: 5552773
    Attributes: [14]
Location #618
    Mapping index: 10
    Address: 5595492
    Attributes: [14]
Location #619
    Mapping index: 10
    Address: 6520162
    Attributes: [14]
Location #620
    Mapping index: 0
    Address: 0
    Attributes: [42]
Location #621
    Mapping index: 10
    Address: 6137947
    Attributes: [14]
Location #622
    Mapping index: 10
    Address: 5546118
    Attributes: [14]
Location #623
    Mapping index: 10
    Address: 5552386
    Attributes: [14]
Location #624
    Mapping index: 10
    Address: 6282532
    Attributes: [14]
Location #625
    Mapping index: 10
    Address: 6145757
    Attributes: [14]
Location #626
    Mapping index: 10
    Address: 6117562
    Attributes: [14]
Location #627
    Mapping index: 10
    Address: 6108843
    Attributes: [14]
Location #628
    Mapping index: 10
    Address: 6141233
    Attributes: [14]
Location #629
    Mapping index: 10
    Address: 6109683
    Attributes: [14]
Location #630
    Mapping index: 10
    Address: 5540869
    Attributes: [14]
Location #631
    Mapping index: 10
    Address: 6286343
    Attributes: [14]
Location #632
    Mapping index: 10
    Address: 6982931
    Attributes: [14]
Location #633
    Mapping index: 10
    Address: 7016753
    Attributes: [14]
Location #634
    Mapping index: 10
    Address: 7015363
    Attributes: [14]
Location #635
    Mapping index: 10
    Address: 7012941
    Attributes: [14]
Location #636
    Mapping index: 10
    Address: 7064116
    Attributes: [14]
Location #637
    Mapping index: 10
    Address: 7063908
    Attributes: [14]
Location #638
    Mapping index: 10
    Address: 6223228
    Attributes: [14]
Location #639
    Mapping index: 10
    Address: 6180072
    Attributes: [14]
Location #640
    Mapping index: 10
    Address: 6327033
    Attributes: [14]
Location #641
    Mapping index: 10
    Address: 7033442
    Attributes: [14]
Location #642
    Mapping index: 10
    Address: 7032777
    Attributes: [14]
Location #643
    Mapping index: 10
    Address: 7032318
    Attributes: [14]
Location #644
    Mapping index: 10
    Address: 4935368
    Attributes: [14]
Location #645
    Mapping index: 10
    Address: 4984743
    Attributes: [14]
Location #646
    Mapping index: 10
    Address: 6277774
    Attributes: [14]
Location #647
    Mapping index: 10
    Address: 6985271
    Attributes: [14]
Location #648
    Mapping index: 10
    Address: 7017380
    Attributes: [14]
Location #649
    Mapping index: 10
    Address: 6988744
    Attributes: [14]
Location #650
    Mapping index: 10
    Address: 7025477
    Attributes: [14]
Location #651
    Mapping index: 10
    Address: 7020688
    Attributes: [14]
Location #652
    Mapping index: 10
    Address: 7017398
    Attributes: [14]
Location #653
    Mapping index: 10
    Address: 5799262
    Attributes: [14]
Location #654
    Mapping index: 10
    Address: 5819127
    Attributes: [14]
Location #655
    Mapping index: 10
    Address: 5775140
    Attributes: [14]
Location #656
    Mapping index: 10
    Address: 5744461
    Attributes: [14]
Location #657
    Mapping index: 10
    Address: 6411500
    Attributes: [14]
Location #658
    Mapping index: 10
    Address: 7025826
    Attributes: [14]
Location #659
    Mapping index: 10
    Address: 5726427
    Attributes: [14]
Location #660
    Mapping index: 10
    Address: 5905716
    Attributes: [14]
Location #661
    Mapping index: 10
    Address: 6780007
    Attributes: [14]
Location #662
    Mapping index: 10
    Address: 7046707
    Attributes: [14]
Location #663
    Mapping index: 10
    Address: 7020751
    Attributes: [14]
Location #664
    Mapping index: 10
    Address: 7061498
    Attributes: [14]
Location #665
    Mapping index: 10
    Address: 7009322
    Attributes: [14]
Location #666
    Mapping index: 10
    Address: 7064454
    Attributes: [14]
Location #667
    Mapping index: 10
    Address: 5901997
    Attributes: [14]
Location #668
    Mapping index: 10
    Address: 5895356
    Attributes: [14]
Location #669
    Mapping index: 10
    Address: 6287779
    Attributes: [14]
Location #670
    Mapping index: 10
    Address: 6988554
    Attributes: [14]
Location #671
    Mapping index: 10
    Address: 7064154
    Attributes: [14]
Location #672
    Mapping index: 10
    Address: 5902110
    Attributes: [14]
Location #673
    Mapping index: 10
    Address: 7020140
    Attributes: [14]
Location #674
    Mapping index: 10
    Address: 5716053
    Attributes: [14]
Location #675
    Mapping index: 10
    Address: 5781473
    Attributes: [14]
Location #676
    Mapping index: 10
    Address: 7020280
    Attributes: [14]
Location #677
    Mapping index: 10
    Address: 5612535
    Attributes: [14]
Location #678
    Mapping index: 10
    Address: 5838897
    Attributes: [14]
Location #679
    Mapping index: 10
    Address: 5565054
    Attributes: [14]
Location #680
    Mapping index: 10
    Address: 6988705
    Attributes: [14]
Location #681
    Mapping index: 10
    Address: 5745181
    Attributes: [14]
Location #682
    Mapping index: 10
    Address: 5901072
    Attributes: [14]
Location #683
    Mapping index: 10
    Address: 6988476
    Attributes: [14]
Location #684
    Mapping index: 10
    Address: 5792443
    Attributes: [14]
Location #685
    Mapping index: 10
    Address: 7008700
    Attributes: [14]
Location #686
    Mapping index: 10
    Address: 7064314
    Attributes: [14]
Location #687
    Mapping index: 10
    Address: 6256416
    Attributes: [14]
Location #688
    Mapping index: 10
    Address: 6223244
    Attributes: [14]
Location #689
    Mapping index: 10
    Address: 5780955
    Attributes: [14]
Location #690
    Mapping index: 10
    Address: 7281664
    Attributes: [14]
Location #691
    Mapping index: 10
    Address: 5781058
    Attributes: [14]
Location #692
    Mapping index: 10
    Address: 6816542
    Attributes: [14]
Location #693
    Mapping index: 10
    Address: 7020831
    Attributes: [14]
Location #694
    Mapping index: 10
    Address: 6326866
    Attributes: [14]
Location #695
    Mapping index: 10
    Address: 6109016
    Attributes: [14]
Location #696
    Mapping index: 10
    Address: 7008600
    Attributes: [14]
Location #697
    Mapping index: 10
    Address: 5744551
    Attributes: [14]
Location #698
    Mapping index: 10
    Address: 5781331
    Attributes: [14]
Location #699
    Mapping index: 10
    Address: 6988819
    Attributes: [14]
Location #700
    Mapping index: 10
    Address: 5727117
    Attributes: [14]
Location #701
    Mapping index: 10
    Address: 5791959
    Attributes: [14]
Location #702
    Mapping index: 10
    Address: 7020815
    Attributes: [14]
Location #703
    Mapping index: 10
    Address: 5742433
    Attributes: [14]
Location #704
    Mapping index: 10
    Address: 5894536
    Attributes: [14]
Location #705
    Mapping index: 10
    Address: 5721267
    Attributes: [14]
Location #706
    Mapping index: 10
    Address: 7046452
    Attributes: [14]
Location #707
    Mapping index: 10
    Address: 6984457
    Attributes: [14]
Location #708
    Mapping index: 10
    Address: 7017332
    Attributes: [14]
Location #709
    Mapping index: 10
    Address: 7020304
    Attributes: [14]
Location #710
    Mapping index: 10
    Address: 6988530
    Attributes: [14]
Location #711
    Mapping index: 10
    Address: 6988777
    Attributes: [14]
Location #712
    Mapping index: 10
    Address: 5781522
    Attributes: [14]
Location #713
    Mapping index: 10
    Address: 5781118
    Attributes: [14]
Location #714
    Mapping index: 10
    Address: 5906123
    Attributes: [14]
Location #715
    Mapping index: 10
    Address: 5588802
    Attributes: [14]
Location #716
    Mapping index: 10
    Address: 7020759
    Attributes: [14]
Location #717
    Mapping index: 10
    Address: 6287698
    Attributes: [14]
Location #718
    Mapping index: 10
    Address: 6988518
    Attributes: [14]
Location #719
    Mapping index: 10
    Address: 6988576
    Attributes: [14]
Location #720
    Mapping index: 10
    Address: 6988726
    Attributes: [14]
Location #721
    Mapping index: 10
    Address: 5612972
    Attributes: [14]
Location #722
    Mapping index: 10
    Address: 6988620
    Attributes: [14]
Location #723
    Mapping index: 10
    Address: 5742305
    Attributes: [14]
Location #724
    Mapping index: 10
    Address: 5838729
    Attributes: [14]
Location #725
    Mapping index: 10
    Address: 6322407
    Attributes: [14]
Location #726
    Mapping index: 10
    Address: 6326874
    Attributes: [14]
Location #727
    Mapping index: 10
    Address: 5618694
    Attributes: [14]
Location #728
    Mapping index: 11
    Address: 28525
    Attributes: [14]
Location #729
    Mapping index: 11
    Address: 44100
    Attributes: [14]
Location #730
    Mapping index: 12
    Address: 8922704
    Attributes: [14]
Location #731
    Mapping index: 0
    Address: 0
    Line #0
        Function index: 90
        Line: 1
        Column: 0
    Attributes: [27]
Location #732
    Mapping index: 0
    Address: 0
    Line #0
        Function index: 91
        Line: 0
        Column: 0
    Attributes: [27]
Location #733
    Mapping index: 0
    Address: 0
    Line #0
        Function index: 92
        Line: 0
        Column: 0
    Attributes: [27]
Location #734
    Mapping index: 12
    Address: 14389072
    Attributes: [14]
Location #735
    Mapping index: 12
    Address: 14392830
    Attributes: [14]
Location #736
    Mapping index: 12
    Address: 12700310
    Attributes: [14]
Location #737
    Mapping index: 12
    Address: 8831013
    Attributes: [14]
Location #738
    Mapping index: 12
    Address: 26821411
    Attributes: [14]
Location #739
    Mapping index: 12
    Address: 26837321
    Attributes: [14]
Location #740
    Mapping index: 12
    Address: 8288052
    Attributes: [14]
Location #741
    Mapping index: 12
    Address: 9861337
    Attributes: [14]
Location #742
    Mapping index: 12
    Address: 9075716
    Attributes: [14]
Location #743
    Mapping index: 12
    Address: 8192285
    Attributes: [14]
Location #744
    Mapping index: 4
    Address: 545583
    Attributes: [14]
Location #745
    Mapping index: 11
    Address: 28615
    Attributes: [14]
Location #746
    Mapping index: 4
    Address: 548478
    Attributes: [14]
Location #747
    Mapping index: 11
    Address: 28501
    Attributes: [14]
Location #748
    Mapping index: 4
    Address: 545204
    Attributes: [14]
Location #749
    Mapping index: 4
    Address: 611619
    Attributes: [14]
Location #750
    Mapping index: 4
    Address: 600195
    Attributes: [14]
Location #751
    Mapping index: 4
    Address: 611793
    Attributes: [14]
Location #752
    Mapping index: 4
    Address: 585911
    Attributes: [14]
Location #753
    Mapping index: 11
    Address: 28581
    Attributes: [14]
Location #754
    Mapping index: 11
    Address: 28547
    Attributes: [14]
Location #755
    Mapping index: 11
    Address: 28735
    Attributes: [14]
Location #756
    Mapping index: 10
    Address: 6256490
    Attributes: [14]
Location #757
    Mapping index: 10
    Address: 6326744
    Attributes: [14]
Location #758
    Mapping index: 10
    Address: 5545140
    Attributes: [14]
Location #759
    Mapping index: 10
    Address: 6124424
    Attributes: [14]
Location #760
    Mapping index: 10
    Address: 7269818
    Attributes: [14]
Location #761
    Mapping index: 10
    Address: 6549022
    Attributes: [14]
Location #762
    Mapping index: 10
    Address: 6547772
    Attributes: [14]
Location #763
    Mapping index: 10
    Address: 5581095
    Attributes: [14]
Location #764
    Mapping index: 10
    Address: 6127809
    Attributes: [14]
Location #765
    Mapping index: 10
    Address: 5795822
    Attributes: [14]
Location #766
    Mapping index: 10
    Address: 5802861
    Attributes: [14]
Location #767
    Mapping index: 10
    Address: 5619046
    Attributes: [14]
Location #768
    Mapping index: 10
    Address: 6322072
    Attributes: [14]
Location #769
    Mapping index: 10
    Address: 5347077
    Attributes: [14]
Location #770
    Mapping index: 10
    Address: 5346851
    Attributes: [14]
Location #771
    Mapping index: 10
    Address: 5416042
    Attributes: [14]
Location #772
    Mapping index: 10
    Address: 5415763
    Attributes: [14]
Location #773
    Mapping index: 10
    Address: 5414136
    Attributes: [14]
Location #774
    Mapping index: 10
    Address: 5411239
    Attributes: [14]
Location #775
    Mapping index: 10
    Address: 5410443
    Attributes: [14]
Location #776
    Mapping index: 10
    Address: 5409803
    Attributes: [14]
Location #777
    Mapping index: 10
    Address: 5409016
    Attributes: [14]
Location #778
    Mapping index: 10
    Address: 5406421
    Attributes: [14]
Location #779
    Mapping index: 10
    Address: 5400900
    Attributes: [14]
Location #780
    Mapping index: 10
    Address: 5396549
    Attributes: [14]
Location #781
    Mapping index: 10
    Address: 5395505
    Attributes: [14]
Location #782
    Mapping index: 10
    Address: 5394352
    Attributes: [14]
Location #783
    Mapping index: 10
    Address: 5393501
    Attributes: [14]
Location #784
    Mapping index: 10
    Address: 5379292
    Attributes: [14]
Location #785
    Mapping index: 10
    Address: 5390979
    Attributes: [14]
Location #786
    Mapping index: 10
    Address: 5388162
    Attributes: [14]
Location #787
    Mapping index: 10
    Address: 5372244
    Attributes: [14]
Location #788
    Mapping index: 10
    Address: 5361199
    Attributes: [14]
Location #789
    Mapping index: 10
    Address: 5345356
    Attributes: [14]
Location #790
    Mapping index: 10
    Address: 6326700
    Attributes: [14]
Location #791
    Mapping index: 10
    Address: 5795478
    Attributes: [14]
Location #792
    Mapping index: 10
    Address: 6407252
    Attributes: [14]
Location #793
    Mapping index: 10
    Address: 5835407
    Attributes: [14]
Location #794
    Mapping index: 10
    Address: 6303562
    Attributes: [14]
Location #795
    Mapping index: 10
    Address: 6304570
    Attributes: [14]
Location #796
    Mapping index: 10
    Address: 6314339
    Attributes: [14]
Location #797
    Mapping index: 10
    Address: 6127098
    Attributes: [14]
Location #798
    Mapping index: 10
    Address: 6326834
    Attributes: [14]
Location #799
    Mapping index: 10
    Address: 4977474
    Attributes: [14]
Location #800
    Mapping index: 10
    Address: 5932780
    Attributes: [14]
Location #801
    Mapping index: 10
    Address: 7221524
    Attributes: [14]
Location #802
    Mapping index: 10
    Address: 6283130
    Attributes: [14]
Location #803
    Mapping index: 10
    Address: 6936366
    Attributes: [14]
Location #804
    Mapping index: 10
    Address: 6177661
    Attributes: [14]
Location #805
    Mapping index: 10
    Address: 6811606
    Attributes: [14]
Location #806
    Mapping index: 10
    Address: 6811279
    Attributes: [14]
Location #807
    Mapping index: 10
    Address: 7015620
    Attributes: [14]
Location #808
    Mapping index: 10
    Address: 6357872
    Attributes: [14]
Location #809
    Mapping index: 10
    Address: 6608576
    Attributes: [14]
Location #810
    Mapping index: 10
    Address: 5774809
    Attributes: [14]
Location #811
    Mapping index: 10
    Address: 5548801
    Attributes: [14]
Location #812
    Mapping index: 10
    Address: 5890414
    Attributes: [14]
Location #813
    Mapping index: 10
    Address: 5557841
    Attributes: [14]
Location #814
    Mapping index: 10
    Address: 6143450
    Attributes: [14]
Location #815
    Mapping index: 10
    Address: 5548444
    Attributes: [14]
Location #816
    Mapping index: 10
    Address: 6177556
    Attributes: [14]
Location #817
    Mapping index: 10
    Address: 6405548
    Attributes: [14]
Location #818
    Mapping index: 10
    Address: 6004897
    Attributes: [14]
Location #819
    Mapping index: 10
    Address: 6004422
    Attributes: [14]
Location #820
    Mapping index: 10
    Address: 6506355
    Attributes: [14]
Location #821
    Mapping index: 10
    Address: 6505350
    Attributes: [14]
Location #822
    Mapping index: 10
    Address: 5636422
    Attributes: [14]
Location #823
    Mapping index: 10
    Address: 5577299
    Attributes: [14]
Location #824
    Mapping index: 10
    Address: 6609430
    Attributes: [14]
Location #825
    Mapping index: 10
    Address: 5742273
    Attributes: [14]
Location #826
    Mapping index: 10
    Address: 5557492
    Attributes: [14]
Location #827
    Mapping index: 10
    Address: 6161225
    Attributes: [14]
Location #828
    Mapping index: 4
    Address: 972299
    Attributes: [14]
Location #829
    Mapping index: 10
    Address: 7221438
    Attributes: [14]
Location #830
    Mapping index: 10
    Address: 5765074
    Attributes: [14]
Location #831
    Mapping index: 10
    Address: 6257592
    Attributes: [14]
Location #832
    Mapping index: 10
    Address: 6174003
    Attributes: [14]
Location #833
    Mapping index: 10
    Address: 6125240
    Attributes: [14]
Location #834
    Mapping index: 10
    Address: 5932813
    Attributes: [14]
Location #835
    Mapping index: 10
    Address: 6811744
    Attributes: [14]
Location #836
    Mapping index: 10
    Address: 4977994
    Attributes: [14]
Location #837
    Mapping index: 10
    Address: 5988485
    Attributes: [14]
Location #838
    Mapping index: 10
    Address: 6235621
    Attributes: [14]
Location #839
    Mapping index: 10
    Address: 5576752
    Attributes: [14]
Location #840
    Mapping index: 10
    Address: 5544814
    Attributes: [14]
Location #841
    Mapping index: 10
    Address: 6532897
    Attributes: [14]
Location #842
    Mapping index: 10
    Address: 5554153
    Attributes: [14]
Location #843
    Mapping index: 10
    Address: 7017782
    Attributes: [14]
Location #844
    Mapping index: 10
    Address: 7015813
    Attributes: [14]
Location #845
    Mapping index: 10
    Address: 6533519
    Attributes: [14]
Location #846
    Mapping index: 10
    Address: 7262338
    Attributes: [14]
Location #847
    Mapping index: 10
    Address: 6521843
    Attributes: [14]
Location #848
    Mapping index: 10
    Address: 7016074
    Attributes: [14]
Location #849
    Mapping index: 10
    Address: 6256560
    Attributes: [14]
Location #850
    Mapping index: 10
    Address: 6236065
    Attributes: [14]
Location #851
    Mapping index: 10
    Address: 6505966
    Attributes: [14]
Location #852
    Mapping index: 10
    Address: 6773158
    Attributes: [14]
Location #853
    Mapping index: 10
    Address: 7012358
    Attributes: [14]
Location #854
    Mapping index: 10
    Address: 6811471
    Attributes: [14]
Location #855
    Mapping index: 10
    Address: 5926177
    Attributes: [14]
Location #856
    Mapping index: 10
    Address: 5778010
    Attributes: [14]
Location #857
    Mapping index: 10
    Address: 6281229
    Attributes: [14]
Location #858
    Mapping index: 10
    Address: 5775617
    Attributes: [14]
Location #859
    Mapping index: 10
    Address: 6513596
    Attributes: [14]
Location #860
    Mapping index: 10
    Address: 7015642
    Attributes: [14]
Location #861
    Mapping index: 13
    Address: 4411682
    Line #0
        Function index: 93
        Line: 718
        Column: 0
    Attributes: [53]
Location #862
    Mapping index: 13
    Address: 4422039
    Line #0
        Function index: 94
        Line: 2194
        Column: 0
    Attributes: [53]
Location #863
    Mapping index: 13
    Address: 4350340
    Line #0
        Function index: 95
        Line: 485
        Column: 0
    Attributes: [53]
Location #864
    Mapping index: 13
    Address: 4733225
    Line #0
        Function index: 96
        Line: 517
        Column: 0
    Attributes: [53]
Location #865
    Mapping index: 13
    Address: 4349220
    Line #0
        Function index: 97
        Line: 482
        Column: 0
    Attributes: [53]
Location #866
    Mapping index: 13
    Address: 5292197
    Line #0
        Function index: 98
        Line: 323
        Column: 0
    Attributes: [53]
Location #867
    Mapping index: 13
    Address: 18445868
    Line #0
        Function index: 99
        Line: 398
        Column: 0
    Attributes: [53]
Location #868
    Mapping index: 13
    Address: 18445089
    Line #0
        Function index: 100
        Line: 442
        Column: 0
    Attributes: [53]
Location #869
    Mapping index: 13
    Address: 19428093
    Line #0
        Function index: 101
        Line: 552
        Column: 0
    Attributes: [53]
Location #870
    Mapping index: 13
    Address: 19501466
    Line #0
        Function index: 102
        Line: 57
        Column: 0
    Attributes: [53]
Location #871
    Mapping index: 13
    Address: 19500935
    Line #0
        Function index: 103
        Line: 47
        Column: 0
    Attributes: [53]
Location #872
    Mapping index: 13
    Address: 4740960
    Line #0
        Function index: 104
        Line: 1694
        Column: 0
    Attributes: [53]
Location #873
    Mapping index: 1
    Address: 7272496
    Line #0
        Function index: 105
        Line: 0
        Column: 0
    Attributes: [3]
Location #874
    Mapping index: 1
    Address: 7279490
    Line #0
        Function index: 106
        Line: 0
        Column: 0
    Attributes: [3]
Location #875
    Mapping index: 1
    Address: 7290548
    Line #0
        Function index: 26
        Line: 0
        Column: 0
    Attributes: [3]
Location #876
    Mapping index: 0
    Address: 3022
    Line #0
        Function index: 22
        Line: 0
        Column: 0
    Attributes: [3]
Location #877
    Mapping index: 14
    Address: 17130598
    Attributes: [14]
Location #878
    Mapping index: 14
    Address: 17162482
    Attributes: [14]
Location #879
    Mapping index: 14
    Address: 17128201
    Attributes: [14]
Location #880
    Mapping index: 14
    Address: 17162628
    Attributes: [14]
Location #881
    Mapping index: 14
    Address: 17124740
    Attributes: [14]
Location #882
    Mapping index: 14
    Address: 17035412
    Attributes: [14]
Location #883
    Mapping index: 14
    Address: 17034239
    Attributes: [14]
Location #884
    Mapping index: 14
    Address: 17030501
    Attributes: [14]
Location #885
    Mapping index: 14
    Address: 16919567
    Attributes: [14]
Location #886
    Mapping index: 14
    Address: 15518371
    Attributes: [14]
Location #887
    Mapping index: 14
    Address: 15968003
    Attributes: [14]
Location #888
    Mapping index: 14
    Address: 15905384
    Attributes: [14]
Location #889
    Mapping index: 14
    Address: 16317066
    Attributes: [14]
Location #890
    Mapping index: 14
    Address: 15858770
    Attributes: [14]
Location #891
    Mapping index: 14
    Address: 16637480
    Attributes: [14]
Location #892
    Mapping index: 14
    Address: 21388591
    Attributes: [14]
Location #893
    Mapping index: 14
    Address: 16319364
    Attributes: [14]
Location #894
    Mapping index: 14
    Address: 14536356
    Attributes: [14]
Location #895
    Mapping index: 1
    Address: 6876064
    Line #0
        Function index: 21
        Line: 0
        Column: 0
    Attributes: [3]
Location #896
    Mapping index: 14
    Address: 17144311
    Attributes: [14]
Location #897
    Mapping index: 14
    Address: 17143749
    Attributes: [14]
Location #898
    Mapping index: 14
    Address: 17022337
    Attributes: [14]
Location #899
    Mapping index: 14
    Address: 17037126
    Attributes: [14]
Location #900
    Mapping index: 1
    Address: 7382988
    Line #0
        Function index: 34
        Line: 0
        Column: 0
    Attributes: [3]
Location #901
    Mapping index: 4
    Address: 710257
    Attributes: [14]
Location #902
    Mapping index: 14
    Address: 20676165
    Attributes: [14]
Location #903
    Mapping index: 14
    Address: 20676592
    Attributes: [14]
Location #904
    Mapping index: 14
    Address: 20665452
    Attributes: [14]
Location #905
    Mapping index: 14
    Address: 20667372
    Attributes: [14]
Location #906
    Mapping index: 14
    Address: 17038588
    Attributes: [14]
Location #907
    Mapping index: 1
    Address: 6875957
    Line #0
        Function index: 21
        Line: 0
        Column: 0
    Attributes: [3]
Location #908
    Mapping index: 14
    Address: 17035797
    Attributes: [14]
Location #909
    Mapping index: 14
    Address: 20667396
    Attributes: [14]
Location #910
    Mapping index: 14
    Address: 17035839
    Attributes: [14]
Location #911
    Mapping index: 14
    Address: 20667914
    Attributes: [14]
Location #912
    Mapping index: 14
    Address: 17143734
    Attributes: [14]
Location #913
    Mapping index: 14
    Address: 17122511
    Attributes: [14]
Location #914
    Mapping index: 14
    Address: 17144056
    Attributes: [14]
Location #915
    Mapping index: 14
    Address: 17144326
    Attributes: [14]
Location #916
    Mapping index: 14
    Address: 17150325
    Attributes: [14]
Location #917
    Mapping index: 14
    Address: 17143760
    Attributes: [14]
Location #918
    Mapping index: 14
    Address: 17124863
    Attributes: [14]
Location #919
    Mapping index: 14
    Address: 17139739
    Attributes: [14]
Location #920
    Mapping index: 14
    Address: 17146316
    Attributes: [14]
Location #921
    Mapping index: 14
    Address: 17162456
    Attributes: [14]
Location #922
    Mapping index: 14
    Address: 17144337
    Attributes: [14]
Location #923
    Mapping index: 14
    Address: 17128614
    Attributes: [14]
Location #924
    Mapping index: 14
    Address: 17162316
    Attributes: [14]
Location #925
    Mapping index: 14
    Address: 17036285
    Attributes: [14]
Location #926
    Mapping index: 14
    Address: 17038915
    Attributes: [14]
Location #927
    Mapping index: 14
    Address: 20676348
    Attributes: [14]
Location #928
    Mapping index: 14
    Address: 17127365
    Attributes: [14]
Location #929
    Mapping index: 14
    Address: 17165758
    Attributes: [14]
Location #930
    Mapping index: 14
    Address: 17162091
    Attributes: [14]
Location #931
    Mapping index: 14
    Address: 17127284
    Attributes: [14]
Location #932
    Mapping index: 14
    Address: 17038817
    Attributes: [14]
Location #933
    Mapping index: 14
    Address: 17161713
    Attributes: [14]
Location #934
    Mapping index: 14
    Address: 17042257
    Attributes: [14]
Location #935
    Mapping index: 14
    Address: 17038486
    Attributes: [14]
Location #936
    Mapping index: 14
    Address: 20667335
    Attributes: [14]
Location #937
    Mapping index: 14
    Address: 17036367
    Attributes: [14]
Location #938
    Mapping index: 14
    Address: 17041974
    Attributes: [14]
Location #939
    Mapping index: 14
    Address: 17145610
    Attributes: [14]
Location #940
    Mapping index: 14
    Address: 17042424
    Attributes: [14]
Location #941
    Mapping index: 14
    Address: 20679663
    Attributes: [14]
Location #942
    Mapping index: 14
    Address: 17128412
    Attributes: [14]
Location #943
    Mapping index: 14
    Address: 17144742
    Attributes: [14]
Location #944
    Mapping index: 14
    Address: 17042081
    Attributes: [14]
Location #945
    Mapping index: 10
    Address: 6277311
    Attributes: [14]
Location #946
    Mapping index: 10
    Address: 5925585
    Attributes: [14]
Location #947
    Mapping index: 10
    Address: 5559483
    Attributes: [14]
Location #948
    Mapping index: 10
    Address: 7335755
    Attributes: [14]
Location #949
    Mapping index: 10
    Address: 7014631
    Attributes: [14]
Location #950
    Mapping index: 10
    Address: 7013545
    Attributes: [14]
Location #951
    Mapping index: 10
    Address: 7012896
    Attributes: [14]
Location #952
    Mapping index: 10
    Address: 5558867
    Attributes: [14]
Location #953
    Mapping index: 10
    Address: 7336385
    Attributes: [14]
Location #954
    Mapping index: 10
    Address: 5559630
    Attributes: [14]
Location #955
    Mapping index: 10
    Address: 7337177
    Attributes: [14]
Location #956
    Mapping index: 10
    Address: 5866442
    Attributes: [14]
Location #957
    Mapping index: 10
    Address: 6791648
    Attributes: [14]
Location #958
    Mapping index: 10
    Address: 5783065
    Attributes: [14]
Location #959
    Mapping index: 10
    Address: 7014651
    Attributes: [14]
Location #960
    Mapping index: 10
    Address: 7348157
    Attributes: [14]
Location #961
    Mapping index: 10
    Address: 7347252
    Attributes: [14]
Location #962
    Mapping index: 10
    Address: 6994107
    Attributes: [14]
Location #963
    Mapping index: 10
    Address: 6995030
    Attributes: [14]
Location #964
    Mapping index: 10
    Address: 7015498
    Attributes: [14]
Location #965
    Mapping index: 10
    Address: 5866692
    Attributes: [14]
Location #966
    Mapping index: 10
    Address: 6791700
    Attributes: [14]
Location #967
    Mapping index: 10
    Address: 5717603
    Attributes: [14]
Location #968
    Mapping index: 10
    Address: 5716202
    Attributes: [14]
Location #969
    Mapping index: 10
    Address: 6724349
    Attributes: [14]
Location #970
    Mapping index: 10
    Address: 7014782
    Attributes: [14]
Location #971
    Mapping index: 10
    Address: 5778665
    Attributes: [14]
Location #972
    Mapping index: 10
    Address: 6281510
    Attributes: [14]
Location #973
    Mapping index: 10
    Address: 5547513
    Attributes: [14]
Location #974
    Mapping index: 10
    Address: 6980554
    Attributes: [14]
Location #975
    Mapping index: 10
    Address: 7015229
    Attributes: [14]
Location #976
    Mapping index: 10
    Address: 6988759
    Attributes: [14]
Location #977
    Mapping index: 10
    Address: 7013612
    Attributes: [14]
Location #978
    Mapping index: 10
    Address: 7061307
    Attributes: [14]
Location #979
    Mapping index: 10
    Address: 5340279
    Attributes: [14]
Location #980
    Mapping index: 10
    Address: 5775887
    Attributes: [14]
Location #981
    Mapping index: 10
    Address: 7347924
    Attributes: [14]
Location #982
    Mapping index: 10
    Address: 5720982
    Attributes: [14]
Location #983
    Mapping index: 10
    Address: 5852155
    Attributes: [14]
Location #984
    Mapping index: 10
    Address: 5875225
    Attributes: [14]
Location #985
    Mapping index: 10
    Address: 5872662
    Attributes: [14]
Location #986
    Mapping index: 10
    Address: 5543399
    Attributes: [14]
Location #987
    Mapping index: 10
    Address: 6105802
    Attributes: [14]
Location #988
    Mapping index: 10
    Address: 5838803
    Attributes: [14]
Location #989
    Mapping index: 10
    Address: 6257532
    Attributes: [14]
Location #990
    Mapping index: 10
    Address: 6125951
    Attributes: [14]
Location #991
    Mapping index: 10
    Address: 5558926
    Attributes: [14]
Location #992
    Mapping index: 10
    Address: 7335413
    Attributes: [14]
Location #993
    Mapping index: 10
    Address: 5558627
    Attributes: [14]
Location #994
    Mapping index: 10
    Address: 7336475
    Attributes: [14]
Location #995
    Mapping index: 10
    Address: 7337897
    Attributes: [14]
Location #996
    Mapping index: 10
    Address: 6288552
    Attributes: [14]
Location #997
    Mapping index: 10
    Address: 7001580
    Attributes: [14]
Location #998
    Mapping index: 10
    Address: 7347989
    Attributes: [14]
Location #999
    Mapping index: 10
    Address: 6287447
    Attributes: [14]
Location #1000
    Mapping index: 10
    Address: 6288340
    Attributes: [14]
Location #1001
    Mapping index: 10
    Address: 7001797
    Attributes: [14]
Location #1002
    Mapping index: 10
    Address: 7334981
    Attributes: [14]
Location #1003
    Mapping index: 10
    Address: 7335161
    Attributes: [14]
Location #1004
    Mapping index: 10
    Address: 5559336
    Attributes: [14]
Location #1005
    Mapping index: 10
    Address: 5558820
    Attributes: [14]
Location #1006
    Mapping index: 10
    Address: 7335737
    Attributes: [14]
Location #1007
    Mapping index: 10
    Address: 7337051
    Attributes: [14]
Location #1008
    Mapping index: 10
    Address: 7337699
    Attributes: [14]
Location #1009
    Mapping index: 10
    Address: 5853927
    Attributes: [14]
Location #1010
    Mapping index: 10
    Address: 5846427
    Attributes: [14]
Location #1011
    Mapping index: 10
    Address: 5783039
    Attributes: [14]
Location #1012
    Mapping index: 10
    Address: 6280570
    Attributes: [14]
Location #1013
    Mapping index: 10
    Address: 6281098
    Attributes: [14]
Location #1014
    Mapping index: 10
    Address: 5850049
    Attributes: [14]
Location #1015
    Mapping index: 10
    Address: 7336907
    Attributes: [14]
Location #1016
    Mapping index: 10
    Address: 6791674
    Attributes: [14]
Location #1017
    Mapping index: 10
    Address: 6288585
    Attributes: [14]
Location #1018
    Mapping index: 10
    Address: 7000594
    Attributes: [14]
Location #1019
    Mapping index: 10
    Address: 6287519
    Attributes: [14]
Location #1020
    Mapping index: 10
    Address: 6288651
    Attributes: [14]
Location #1021
    Mapping index: 10
    Address: 7001673
    Attributes: [14]
Location #1022
    Mapping index: 10
    Address: 7337087
    Attributes: [14]
Location #1023
    Mapping index: 10
    Address: 5558674
    Attributes: [14]
Location #1024
    Mapping index: 10
    Address: 7337141
    Attributes: [14]
Location #1025
    Mapping index: 10
    Address: 5559736
    Attributes: [14]
Location #1026
    Mapping index: 10
    Address: 7337339
    Attributes: [14]
Location #1027
    Mapping index: 10
    Address: 7337879
    Attributes: [14]
Location #1028
    Mapping index: 10
    Address: 7061045
    Attributes: [14]
Location #1029
    Mapping index: 10
    Address: 7349193
    Attributes: [14]
Location #1030
    Mapping index: 10
    Address: 5340578
    Attributes: [14]
Location #1031
    Mapping index: 10
    Address: 6287405
    Attributes: [14]
Location #1032
    Mapping index: 10
    Address: 7001259
    Attributes: [14]
Location #1033
    Mapping index: 10
    Address: 7335917
    Attributes: [14]
Location #1034
    Mapping index: 10
    Address: 7337537
    Attributes: [14]
Location #1035
    Mapping index: 10
    Address: 6288667
    Attributes: [14]
Location #1036
    Mapping index: 10
    Address: 7000566
    Attributes: [14]
Location #1037
    Mapping index: 10
    Address: 6287717
    Attributes: [14]
Location #1038
    Mapping index: 10
    Address: 7335521
    Attributes: [14]
Location #1039
    Mapping index: 10
    Address: 5559583
    Attributes: [14]
Location #1040
    Mapping index: 10
    Address: 7336493
    Attributes: [14]
Location #1041
    Mapping index: 10
    Address: 7337393
    Attributes: [14]
Location #1042
    Mapping index: 10
    Address: 5865656
    Attributes: [14]
Location #1043
    Mapping index: 10
    Address: 5783791
    Attributes: [14]
Location #1044
    Mapping index: 10
    Address: 5783482
    Attributes: [14]
Location #1045
    Mapping index: 10
    Address: 6771126
    Attributes: [14]
Location #1046
    Mapping index: 10
    Address: 6770861
    Attributes: [14]
Location #1047
    Mapping index: 10
    Address: 7039414
    Attributes: [14]
Location #1048
    Mapping index: 10
    Address: 7014893
    Attributes: [14]
Location #1049
    Mapping index: 10
    Address: 7060842
    Attributes: [14]
Location #1050
    Mapping index: 10
    Address: 7349058
    Attributes: [14]
Location #1051
    Mapping index: 10
    Address: 7337285
    Attributes: [14]
Location #1052
    Mapping index: 10
    Address: 5720066
    Attributes: [14]
Location #1053
    Mapping index: 10
    Address: 5854395
    Attributes: [14]
Location #1054
    Mapping index: 10
    Address: 5717487
    Attributes: [14]
Location #1055
    Mapping index: 10
    Address: 5852037
    Attributes: [14]
Location #1056
    Mapping index: 10
    Address: 6988684
    Attributes: [14]
Location #1057
    Mapping index: 10
    Address: 7349090
    Attributes: [14]
Location #1058
    Mapping index: 10
    Address: 7008750
    Attributes: [14]
Location #1059
    Mapping index: 10
    Address: 7017114
    Attributes: [14]
Location #1060
    Mapping index: 10
    Address: 7015524
    Attributes: [14]
Location #1061
    Mapping index: 10
    Address: 5558773
    Attributes: [14]
Location #1062
    Mapping index: 10
    Address: 7335701
    Attributes: [14]
Location #1063
    Mapping index: 10
    Address: 5866470
    Attributes: [14]
Location #1064
    Mapping index: 10
    Address: 7255725
    Attributes: [14]
Location #1065
    Mapping index: 10
    Address: 5778772
    Attributes: [14]
Location #1066
    Mapping index: 10
    Address: 5548035
    Attributes: [14]
Location #1067
    Mapping index: 10
    Address: 6982166
    Attributes: [14]
Location #1068
    Mapping index: 10
    Address: 7015547
    Attributes: [14]
Location #1069
    Mapping index: 10
    Address: 7335827
    Attributes: [14]
Location #1070
    Mapping index: 10
    Address: 7336529
    Attributes: [14]
Location #1071
    Mapping index: 10
    Address: 7337969
    Attributes: [14]
Location #1072
    Mapping index: 10
    Address: 5853955
    Attributes: [14]
Location #1073
    Mapping index: 10
    Address: 5874021
    Attributes: [14]
Location #1074
    Mapping index: 10
    Address: 6981543
    Attributes: [14]
Location #1075
    Mapping index: 10
    Address: 6980938
    Attributes: [14]
Location #1076
    Mapping index: 10
    Address: 6980773
    Attributes: [14]
Location #1077
    Mapping index: 10
    Address: 6980091
    Attributes: [14]
Location #1078
    Mapping index: 10
    Address: 6404502
    Attributes: [14]
Location #1079
    Mapping index: 10
    Address: 7061189
    Attributes: [14]
Location #1080
    Mapping index: 10
    Address: 7061273
    Attributes: [14]
Location #1081
    Mapping index: 10
    Address: 7349736
    Attributes: [14]
Location #1082
    Mapping index: 10
    Address: 5592389
    Attributes: [14]
Location #1083
    Mapping index: 10
    Address: 6108373
    Attributes: [14]
Location #1084
    Mapping index: 10
    Address: 6287564
    Attributes: [14]
Location #1085
    Mapping index: 10
    Address: 7000622
    Attributes: [14]
Location #1086
    Mapping index: 10
    Address: 7337213
    Attributes: [14]
Location #1087
    Mapping index: 10
    Address: 7338419
    Attributes: [14]
Location #1088
    Mapping index: 10
    Address: 7307450
    Attributes: [14]
Location #1089
    Mapping index: 10
    Address: 7008949
    Attributes: [14]
Location #1090
    Mapping index: 10
    Address: 6303324
    Attributes: [14]
Location #1091
    Mapping index: 10
    Address: 6303834
    Attributes: [14]
Location #1092
    Mapping index: 10
    Address: 6304546
    Attributes: [14]
Location #1093
    Mapping index: 10
    Address: 5559436
    Attributes: [14]
Location #1094
    Mapping index: 10
    Address: 5559529
    Attributes: [14]
Location #1095
    Mapping index: 10
    Address: 7336979
    Attributes: [14]
Location #1096
    Mapping index: 10
    Address: 7337033
    Attributes: [14]
Location #1097
    Mapping index: 10
    Address: 5866214
    Attributes: [14]
Location #1098
    Mapping index: 10
    Address: 5581682
    Attributes: [14]
Location #1099
    Mapping index: 10
    Address: 7014739
    Attributes: [14]
Location #1100
    Mapping index: 10
    Address: 5558720
    Attributes: [14]
Location #1101
    Mapping index: 10
    Address: 7336547
    Attributes: [14]
Location #1102
    Mapping index: 10
    Address: 7337105
    Attributes: [14]
Location #1103
    Mapping index: 10
    Address: 7337123
    Attributes: [14]
Location #1104
    Mapping index: 10
    Address: 7337267
    Attributes: [14]
Location #1105
    Mapping index: 10
    Address: 7337447
    Attributes: [14]
Location #1106
    Mapping index: 10
    Address: 5813547
    Attributes: [14]
Location #1107
    Mapping index: 10
    Address: 5810752
    Attributes: [14]
Location #1108
    Mapping index: 10
    Address: 5809627
    Attributes: [14]
Location #1109
    Mapping index: 10
    Address: 5542260
    Attributes: [14]
Location #1110
    Mapping index: 10
    Address: 5541321
    Attributes: [14]
Location #1111
    Mapping index: 10
    Address: 7041283
    Attributes: [14]
Location #1112
    Mapping index: 10
    Address: 6279149
    Attributes: [14]
Location #1113
    Mapping index: 10
    Address: 6979498
    Attributes: [14]
Location #1114
    Mapping index: 10
    Address: 6979246
    Attributes: [14]
Location #1115
    Mapping index: 10
    Address: 7042644
    Attributes: [14]
Location #1116
    Mapping index: 10
    Address: 7338293
    Attributes: [14]
Location #1117
    Mapping index: 10
    Address: 6979553
    Attributes: [14]
Location #1118
    Mapping index: 10
    Address: 7014957
    Attributes: [14]
Location #1119
    Mapping index: 10
    Address: 6988497
    Attributes: [14]
Location #1120
    Mapping index: 10
    Address: 7061031
    Attributes: [14]
Location #1121
    Mapping index: 10
    Address: 4977075
    Attributes: [14]
Location #1122
    Mapping index: 10
    Address: 7348122
    Attributes: [14]
Location #1123
    Mapping index: 10
    Address: 7347330
    Attributes: [14]
Function #0
    Name: 0
    System name: 0
    Filename: 0
    Start line: 0
Function #1
    Name: 8
    System name: 0
    Filename: 0
    Start line: 0
Function #2
    Name: 10
    System name: 0
    Filename: 0
    Start line: 0
Function #3
    Name: 11
    System name: 0
    Filename: 0
    Start line: 0
Function #4
    Name: 12
    System name: 0
    Filename: 0
    Start line: 0
Function #5
    Name: 13
    System name: 0
    Filename: 0
    Start line: 0
Function #6
    Name: 14
    System name: 0
    Filename: 0
    Start line: 0
Function #7
    Name: 15
    System name: 0
    Filename: 0
    Start line: 0
Function #8
    Name: 16
    System name: 0
    Filename: 0
    Start line: 0
Function #9
    Name: 21
    System name: 0
    Filename: 0
    Start line: 0
Function #10
    Name: 23
    System name: 0
    Filename: 0
    Start line: 0
Function #11
    Name: 24
    System name: 0
    Filename: 0
    Start line: 0
Function #12
    Name: 25
    System name: 0
    Filename: 0
    Start line: 0
Function #13
    Name: 26
    System name: 0
    Filename: 0
    Start line: 0
Function #14
    Name: 27
    System name: 0
    Filename: 0
    Start line: 0
Function #15
    Name: 28
    System name: 0
    Filename: 0
    Start line: 0
Function #16
    Name: 29
    System name: 0
    Filename: 0
    Start line: 0
Function #17
    Name: 30
    System name: 0
    Filename: 0
    Start line: 0
Function #18
    Name: 31
    System name: 0
    Filename: 0
    Start line: 0
Function #19
    Name: 32
    System name: 0
    Filename: 0
    Start line: 0
Function #20
    Name: 33
    System name: 0
    Filename: 0
    Start line: 0
Function #21
    Name: 34
    System name: 0
    Filename: 0
    Start line: 0
Function #22
    Name: 35
    System name: 0
    Filename: 0
    Start line: 0
Function #23
    Name: 36
    System name: 0
    Filename: 0
    Start line: 0
Function #24
    Name: 37
    System name: 0
    Filename: 0
    Start line: 0
Function #25
    Name: 38
    System name: 0
    Filename: 0
    Start line: 0
Function #26
    Name: 39
    System name: 0
    Filename: 0
    Start line: 0
Function #27
    Name: 40
    System name: 0
    Filename: 0
    Start line: 0
Function #28
    Name: 41
    System name: 0
    Filename: 0
    Start line: 0
Function #29
    Name: 42
    System name: 0
    Filename: 0
    Start line: 0
Function #30
    Name: 46
    System name: 0
    Filename: 0
    Start line: 0
Function #31
    Name: 48
    System name: 0
    Filename: 0
    Start line: 0
Function #32
    Name: 49
    System name: 0
    Filename: 0
    Start line: 0
Function #33
    Name: 50
    System name: 0
    Filename: 0
    Start line: 0
Function #34
    Name: 51
    System name: 0
    Filename: 0
    Start line: 0
Function #35
    Name: 52
    System name: 0
    Filename: 0
    Start line: 0
Function #36
    Name: 56
    System name: 0
    Filename: 0
    Start line: 0
Function #37
    Name: 57
    System name: 0
    Filename: 58
    Start line: 0
Function #38
    Name: 59
    System name: 0
    Filename: 0
    Start line: 0
Function #39
    Name: 60
    System name: 0
    Filename: 58
    Start line: 0
Function #40
    Name: 61
    System name: 0
    Filename: 62
    Start line: 0
Function #41
    Name: 63
    System name: 0
    Filename: 64
    Start line: 0
Function #42
    Name: 65
    System name: 0
    Filename: 64
    Start line: 0
Function #43
    Name: 66
    System name: 0
    Filename: 64
    Start line: 0
Function #44
    Name: 67
    System name: 0
    Filename: 68
    Start line: 0
Function #45
    Name: 69
    System name: 0
    Filename: 70
    Start line: 0
Function #46
    Name: 71
    System name: 0
    Filename: 0
    Start line: 0
Function #47
    Name: 72
    System name: 0
    Filename: 0
    Start line: 0
Function #48
    Name: 73
    System name: 0
    Filename: 0
    Start line: 0
Function #49
    Name: 74
    System name: 0
    Filename: 0
    Start line: 0
Function #50
    Name: 75
    System name: 0
    Filename: 76
    Start line: 0
Function #51
    Name: 77
    System name: 0
    Filename: 78
    Start line: 0
Function #52
    Name: 79
    System name: 0
    Filename: 64
    Start line: 0
Function #53
    Name: 80
    System name: 0
    Filename: 64
    Start line: 0
Function #54
    Name: 81
    System name: 0
    Filename: 64
    Start line: 0
Function #55
    Name: 82
    System name: 0
    Filename: 64
    Start line: 0
Function #56
    Name: 83
    System name: 0
    Filename: 64
    Start line: 0
Function #57
    Name: 84
    System name: 0
    Filename: 85
    Start line: 0
Function #58
    Name: 86
    System name: 0
    Filename: 62
    Start line: 0
Function #59
    Name: 87
    System name: 0
    Filename: 62
    Start line: 0
Function #60
    Name: 88
    System name: 0
    Filename: 85
    Start line: 0
Function #61
    Name: 89
    System name: 0
    Filename: 85
    Start line: 0
Function #62
    Name: 90
    System name: 0
    Filename: 85
    Start line: 0
Function #63
    Name: 91
    System name: 0
    Filename: 92
    Start line: 0
Function #64
    Name: 93
    System name: 0
    Filename: 92
    Start line: 0
Function #65
    Name: 94
    System name: 0
    Filename: 64
    Start line: 0
Function #66
    Name: 95
    System name: 0
    Filename: 85
    Start line: 0
Function #67
    Name: 96
    System name: 0
    Filename: 58
    Start line: 0
Function #68
    Name: 97
    System name: 0
    Filename: 58
    Start line: 0
Function #69
    Name: 98
    System name: 0
    Filename: 58
    Start line: 0
Function #70
    Name: 69
    System name: 0
    Filename: 99
    Start line: 0
Function #71
    Name: 100
    System name: 0
    Filename: 101
    Start line: 0
Function #72
    Name: 102
    System name: 0
    Filename: 85
    Start line: 0
Function #73
    Name: 103
    System name: 0
    Filename: 104
    Start line: 0
Function #74
    Name: 105
    System name: 0
    Filename: 106
    Start line: 0
Function #75
    Name: 107
    System name: 0
    Filename: 106
    Start line: 0
Function #76
    Name: 108
    System name: 0
    Filename: 104
    Start line: 0
Function #77
    Name: 109
    System name: 0
    Filename: 0
    Start line: 0
Function #78
    Name: 110
    System name: 0
    Filename: 104
    Start line: 0
Function #79
    Name: 111
    System name: 0
    Filename: 58
    Start line: 0
Function #80
    Name: 112
    System name: 0
    Filename: 85
    Start line: 0
Function #81
    Name: 113
    System name: 0
    Filename: 58
    Start line: 0
Function #82
    Name: 114
    System name: 0
    Filename: 115
    Start line: 0
Function #83
    Name: 116
    System name: 0
    Filename: 117
    Start line: 0
Function #84
    Name: 118
    System name: 0
    Filename: 117
    Start line: 0
Function #85
    Name: 119
    System name: 0
    Filename: 117
    Start line: 0
Function #86
    Name: 120
    System name: 0
    Filename: 85
    Start line: 0
Function #87
    Name: 121
    System name: 0
    Filename: 58
    Start line: 0
Function #88
    Name: 122
    System name: 0
    Filename: 76
    Start line: 0
Function #89
    Name: 123
    System name: 0
    Filename: 76
    Start line: 0
Function #90
    Name: 69
    System name: 0
    Filename: 126
    Start line: 0
Function #91
    Name: 127
    System name: 0
    Filename: 128
    Start line: 0
Function #92
    Name: 129
    System name: 0
    Filename: 128
    Start line: 0
Function #93
    Name: 132
    System name: 0
    Filename: 133
    Start line: 0
Function #94
    Name: 134
    System name: 0
    Filename: 133
    Start line: 0
Function #95
    Name: 135
    System name: 0
    Filename: 136
    Start line: 0
Function #96
    Name: 137
    System name: 0
    Filename: 138
    Start line: 0
Function #97
    Name: 139
    System name: 0
    Filename: 136
    Start line: 0
Function #98
    Name: 140
    System name: 0
    Filename: 141
    Start line: 0
Function #99
    Name: 142
    System name: 0
    Filename: 143
    Start line: 0
Function #100
    Name: 144
    System name: 0
    Filename: 143
    Start line: 0
Function #101
    Name: 145
    System name: 0
    Filename: 146
    Start line: 0
Function #102
    Name: 147
    System name: 0
    Filename: 148
    Start line: 0
Function #103
    Name: 149
    System name: 0
    Filename: 148
    Start line: 0
Function #104
    Name: 150
    System name: 0
    Filename: 138
    Start line: 0
Function #105
    Name: 151
    System name: 0
    Filename: 0
    Start line: 0
Function #106
    Name: 152
    System name: 0
    Filename: 0
    Start line: 0
Attribute table:
     -> Key: Int(19)
     -> Value: Str(11)
     -> unit: Int(0)
Link table:
     -> Trace ID: Str()
     -> Span ID: Str()
String table:
    
    cpu
    nanoseconds
    samples
    count
    vmlinux
    process.executable.build_id.gnu
    process.executable.build_id.htlhash
    __pollwait
    profile.frame.type
    eventfd_poll
    do_poll.constprop.0
    do_sys_poll
    __x64_sys_ppoll
    x64_sys_call
    do_syscall_64
    entry_SYSCALL_64_after_hwframe
    thread.name
    thread.id
    cpu.logical_number
    kvm
    kvm_lapic_find_highest_irr
    kvm_intel
    vmx_sync_pir_to_irr
    kvm_apic_has_interrupt
    kvm_cpu_has_interrupt
    kvm_vcpu_has_events
    kvm_arch_vcpu_runnable
    kvm_vcpu_check_block
    kvm_vcpu_halt
    vcpu_run
    kvm_arch_vcpu_ioctl_run
    kvm_vcpu_ioctl
    __x64_sys_ioctl
    trie_lookup_elem
    bpf_prog_c156138784c9b453_kprobe_unwind_native
    __uprobe_perf_func
    uprobe_dispatcher
    handler_chain
    uprobe_notify_resume
    irqentry_exit_to_user_mode
    exc_int3
    asm_exc_int3
    libc.so.6
    libglib-2.0.so.0.8000.0
    qemu-system-x86_64
    ktime_get
    events
    exc_debug_user
    noist_exc_debug
    asm_exc_debug
    copy_from_user_nofault
    bpf_probe_read_user
    victim
    libstdc++.so.6.0.35
    node
    V8::ExitFrame
    URL
    node:internal/url
    V8::ConstructFrame
    parse
    defaultResolve
    node:internal/modules/esm/resolve
    #cachedDefaultResolve
    node:internal/modules/esm/loader
    resolve
    getModuleJobForImport
    _link
    node:internal/modules/esm/module_job
    <anonymous>
    <unknown>
    V8::StubFrame
    V8::EntryFrame
    V8::UnknownFrame
    V8::BuiltinExitFrame
    compileSourceTextModule
    node:internal/modules/esm/utils
    moduleStrategy
    node:internal/modules/esm/translators
    #translate
    afterLoad
    loadAndTranslate
    #createModuleJob
    #getJobFromResolveResult
    realpathSync
    node:fs
    finalizeResolution
    moduleResolve
    readSync
    tryReadSync
    readFileSync
    getSourceSync
    node:internal/modules/esm/load
    defaultLoad
    load
    tryStatSync
    getPathFromURLPosix
    fileURLToPath
    toPathIfFileURL
    node:internal/fs/utils
    wrappedFn
    node:internal/errors
    openSync
    getPackageScopeConfig
    node:internal/modules/package_json_reader
    getFileProtocolModuleFormat
    node:internal/modules/esm/get_format
    defaultGetFormatWithoutErrors
    get exports
    V8::InternalFrame
    deserializePackageJSON
    set search
    closeSync
    pathToFileURL
    createUnsafeBuffer
    node:internal/buffer
    createPool
    node:buffer
    allocate
    allocUnsafe
    tryCreateBuffer
    set hash
    getDefaultConditions
    getConditionsSet
    python3.12
    pty.node
    file:///home/yunwei37/.vscode-server/cli/servers/Stable-fcf604774b9f2674b473065736ee75077e256353/server/out/vs/platform/terminal/node/ptyHostMain.js
    listOnTimeout
    node:internal/timers
    processTimers
    otelcol-ebpf-profiler
    process.executable.build_id.go
    runtime.spanOfHeap
    /home/yunwei37/go/pkg/mod/golang.org/toolchain@v0.0.1-go1.25.0.linux-amd64/src/runtime/mheap.go
    runtime.removefinalizer
    runtime.SetFinalizer.func1
    /home/yunwei37/go/pkg/mod/golang.org/toolchain@v0.0.1-go1.25.0.linux-amd64/src/runtime/mfinal.go
    runtime.systemstack
    /home/yunwei37/go/pkg/mod/golang.org/toolchain@v0.0.1-go1.25.0.linux-amd64/src/runtime/asm_amd64.s
    runtime.SetFinalizer
    os.(*file).close
    /home/yunwei37/go/pkg/mod/golang.org/toolchain@v0.0.1-go1.25.0.linux-amd64/src/os/file_unix.go
    go.opentelemetry.io/ebpf-profiler/process.(*systemProcess).IterateMappings.deferwrap1
    /tmp/opentelemetry-ebpf-profiler/process/process.go
    go.opentelemetry.io/ebpf-profiler/process.(*systemProcess).IterateMappings
    go.opentelemetry.io/ebpf-profiler/processmanager.(*ProcessManager).SynchronizeProcess
    /tmp/opentelemetry-ebpf-profiler/processmanager/processinfo.go
    go.opentelemetry.io/ebpf-profiler/tracer.(*Tracer).processPIDEvents
    /tmp/opentelemetry-ebpf-profiler/tracer/events.go
    go.opentelemetry.io/ebpf-profiler/tracer.(*Tracer).StartPIDEventProcessor.gowrap1
    runtime.goexit
    find_uprobe_rcu
    find_active_uprobe_rcu
    agentsight
ResourceProfiles #0
Resource SchemaURL: https://opentelemetry.io/schemas/1.37.0
Resource attributes:
     -> process.pid: Int(1479644)
     -> process.executable.path: Str(/usr/local/bin/qemu-system-x86_64)
     -> process.executable.name: Str(qemu-system-x86_64)
ScopeProfiles #0
ScopeProfiles SchemaURL: https://opentelemetry.io/schemas/1.37.0
InstrumentationScope go.opentelemetry.io/ebpf-profiler v0.0.0
Profile #0
    Profile ID     : 
    Start time     : 2026-06-21 23:45:34.028777025 +0000 UTC
    DurationNano   : 5001111094
    Dropped attributes count: 0
    Sample #0
        Values: []
        Attributes:
             -> thread.name: qemu-system-x86
             -> thread.id: %!s(int64=1479644)
             -> cpu.logical_number: %!s(int64=1)
    Sample #1
        Values: []
        Attributes:
             -> thread.name: qemu-system-x86
             -> thread.id: %!s(int64=1479654)
             -> cpu.logical_number: %!s(int64=21)
    Sample #2
        Values: []
        Attributes:
             -> thread.name: qemu-system-x86
             -> thread.id: %!s(int64=1479644)
             -> cpu.logical_number: %!s(int64=1)
    Sample #3
        Values: []
        Attributes:
             -> thread.name: qemu-system-x86
             -> thread.id: %!s(int64=1479651)
             -> cpu.logical_number: %!s(int64=6)
Profile #1
    Profile ID     : 
    Start time     : 2026-06-21 23:45:34.028777025 +0000 UTC
    DurationNano   : 5001111094
    Dropped attributes count: 0
    Sample #0
        Values: []
        Attributes:
             -> thread.name: qemu-system-x86
             -> thread.id: %!s(int64=1479644)
             -> cpu.logical_number: %!s(int64=4)
    Sample #1
        Values: []
        Attributes:
             -> thread.name: qemu-system-x86
             -> thread.id: %!s(int64=1479644)
             -> cpu.logical_number: %!s(int64=4)
    Sample #2
        Values: []
        Attributes:
             -> thread.name: qemu-system-x86
             -> thread.id: %!s(int64=1479644)
             -> cpu.logical_number: %!s(int64=4)
    Sample #3
        Values: []
        Attributes:
             -> thread.name: qemu-system-x86
             -> thread.id: %!s(int64=1479644)
             -> cpu.logical_number: %!s(int64=4)
    Sample #4
        Values: []
        Attributes:
             -> thread.name: qemu-system-x86
             -> thread.id: %!s(int64=1479644)
             -> cpu.logical_number: %!s(int64=4)
    Sample #5
        Values: []
        Attributes:
             -> thread.name: qemu-system-x86
             -> thread.id: %!s(int64=1479644)
             -> cpu.logical_number: %!s(int64=4)
    Sample #6
        Values: []
        Attributes:
             -> thread.name: qemu-system-x86
             -> thread.id: %!s(int64=1479644)
             -> cpu.logical_number: %!s(int64=4)
    Sample #7
        Values: []
        Attributes:
             -> thread.name: qemu-system-x86
             -> thread.id: %!s(int64=1479644)
             -> cpu.logical_number: %!s(int64=1)
    Sample #8
        Values: []
        Attributes:
             -> thread.name: qemu-system-x86
             -> thread.id: %!s(int64=1479644)
             -> cpu.logical_number: %!s(int64=1)
    Sample #9
        Values: []
        Attributes:
             -> thread.name: qemu-system-x86
             -> thread.id: %!s(int64=1479644)
             -> cpu.logical_number: %!s(int64=1)
    Sample #10
        Values: []
        Attributes:
             -> thread.name: qemu-system-x86
             -> thread.id: %!s(int64=1479644)
             -> cpu.logical_number: %!s(int64=1)
    Sample #11
        Values: []
        Attributes:
             -> thread.name: qemu-system-x86
             -> thread.id: %!s(int64=1479644)
             -> cpu.logical_number: %!s(int64=1)
    Sample #12
        Values: []
        Attributes:
             -> thread.name: qemu-system-x86
             -> thread.id: %!s(int64=1479644)
             -> cpu.logical_number: %!s(int64=1)
    Sample #13
        Values: []
        Attributes:
             -> thread.name: qemu-system-x86
             -> thread.id: %!s(int64=1479644)
             -> cpu.logical_number: %!s(int64=1)
    Sample #14
        Values: []
        Attributes:
             -> thread.name: qemu-system-x86
             -> thread.id: %!s(int64=1479644)
             -> cpu.logical_number: %!s(int64=1)
    Sample #15
        Values: []
        Attributes:
             -> thread.name: qemu-system-x86
             -> thread.id: %!s(int64=1479644)
             -> cpu.logical_number: %!s(int64=4)
    Sample #16
        Values: []
        Attributes:
             -> thread.name: qemu-system-x86
             -> thread.id: %!s(int64=1479644)
             -> cpu.logical_number: %!s(int64=4)
    Sample #17
        Values: []
        Attributes:
             -> thread.name: qemu-system-x86
             -> thread.id: %!s(int64=1479644)
             -> cpu.logical_number: %!s(int64=4)
    Sample #18
        Values: []
        Attributes:
             -> thread.name: qemu-system-x86
             -> thread.id: %!s(int64=1479644)
             -> cpu.logical_number: %!s(int64=1)
    Sample #19
        Values: []
        Attributes:
             -> thread.name: qemu-system-x86
             -> thread.id: %!s(int64=1479644)
             -> cpu.logical_number: %!s(int64=1)
ResourceProfiles #1
Resource SchemaURL: https://opentelemetry.io/schemas/1.37.0
Resource attributes:
     -> process.pid: Int(1480455)
     -> process.executable.path: Str(/home/yunwei37/workspace/gpu/bpftime/example/otel-ebpf-profiler/victim)
     -> process.executable.name: Str(victim)
ScopeProfiles #0
ScopeProfiles SchemaURL: https://opentelemetry.io/schemas/1.37.0
InstrumentationScope go.opentelemetry.io/ebpf-profiler v0.0.0
Profile #0
    Profile ID     : 
    Start time     : 2026-06-21 23:45:34.028777025 +0000 UTC
    DurationNano   : 5001111094
    Dropped attributes count: 0
    Sample #0
        Values: []
        Attributes:
             -> thread.name: victim
             -> thread.id: %!s(int64=1480455)
             -> cpu.logical_number: %!s(int64=2)
    Sample #1
        Values: []
        Attributes:
             -> thread.name: victim
             -> thread.id: %!s(int64=1480455)
             -> cpu.logical_number: %!s(int64=2)
    Sample #2
        Values: []
        Attributes:
             -> thread.name: victim
             -> thread.id: %!s(int64=1480455)
             -> cpu.logical_number: %!s(int64=2)
Profile #1
    Profile ID     : 
    Start time     : 2026-06-21 23:45:34.028777025 +0000 UTC
    DurationNano   : 5001111094
    Dropped attributes count: 0
    Sample #0
        Values: []
        Attributes:
             -> thread.name: victim
             -> thread.id: %!s(int64=1480455)
             -> cpu.logical_number: %!s(int64=2)
    Sample #1
        Values: []
        Attributes:
             -> thread.name: victim
             -> thread.id: %!s(int64=1480455)
             -> cpu.logical_number: %!s(int64=2)
ResourceProfiles #2
Resource SchemaURL: https://opentelemetry.io/schemas/1.37.0
Resource attributes:
     -> process.pid: Int(1480492)
     -> process.executable.path: Str(/home/fishclaw/.nvm/versions/node/v22.22.0/bin/node)
     -> process.executable.name: Str(node)
ScopeProfiles #0
ScopeProfiles SchemaURL: https://opentelemetry.io/schemas/1.37.0
InstrumentationScope go.opentelemetry.io/ebpf-profiler v0.0.0
Profile #0
    Profile ID     : 
    Start time     : 2026-06-21 23:45:34.028777025 +0000 UTC
    DurationNano   : 5001111094
    Dropped attributes count: 0
    Sample #0
        Values: []
        Attributes:
             -> thread.name: node
             -> thread.id: %!s(int64=1480492)
             -> cpu.logical_number: %!s(int64=3)
    Sample #1
        Values: []
        Attributes:
             -> thread.name: node
             -> thread.id: %!s(int64=1480492)
             -> cpu.logical_number: %!s(int64=3)
    Sample #2
        Values: []
        Attributes:
             -> thread.name: node
             -> thread.id: %!s(int64=1480494)
             -> cpu.logical_number: %!s(int64=21)
    Sample #3
        Values: []
        Attributes:
             -> thread.name: node
             -> thread.id: %!s(int64=1480497)
             -> cpu.logical_number: %!s(int64=15)
    Sample #4
        Values: []
        Attributes:
             -> thread.name: node
             -> thread.id: %!s(int64=1480496)
             -> cpu.logical_number: %!s(int64=22)
    Sample #5
        Values: []
        Attributes:
             -> thread.name: node
             -> thread.id: %!s(int64=1480492)
             -> cpu.logical_number: %!s(int64=3)
    Sample #6
        Values: []
        Attributes:
             -> thread.name: node
             -> thread.id: %!s(int64=1480492)
             -> cpu.logical_number: %!s(int64=3)
    Sample #7
        Values: []
        Attributes:
             -> thread.name: node
             -> thread.id: %!s(int64=1480496)
             -> cpu.logical_number: %!s(int64=22)
    Sample #8
        Values: []
        Attributes:
             -> thread.name: node
             -> thread.id: %!s(int64=1480496)
             -> cpu.logical_number: %!s(int64=22)
    Sample #9
        Values: []
        Attributes:
             -> thread.name: node
             -> thread.id: %!s(int64=1480492)
             -> cpu.logical_number: %!s(int64=3)
    Sample #10
        Values: []
        Attributes:
             -> thread.name: node
             -> thread.id: %!s(int64=1480492)
             -> cpu.logical_number: %!s(int64=3)
    Sample #11
        Values: []
        Attributes:
             -> thread.name: node
             -> thread.id: %!s(int64=1480494)
             -> cpu.logical_number: %!s(int64=21)
    Sample #12
        Values: []
        Attributes:
             -> thread.name: node
             -> thread.id: %!s(int64=1480496)
             -> cpu.logical_number: %!s(int64=22)
    Sample #13
        Values: []
        Attributes:
             -> thread.name: node
             -> thread.id: %!s(int64=1480492)
             -> cpu.logical_number: %!s(int64=3)
    Sample #14
        Values: []
        Attributes:
             -> thread.name: node
             -> thread.id: %!s(int64=1480492)
             -> cpu.logical_number: %!s(int64=3)
    Sample #15
        Values: []
        Attributes:
             -> thread.name: node
             -> thread.id: %!s(int64=1480492)
             -> cpu.logical_number: %!s(int64=3)
    Sample #16
        Values: []
        Attributes:
             -> thread.name: node
             -> thread.id: %!s(int64=1480497)
             -> cpu.logical_number: %!s(int64=15)
    Sample #17
        Values: []
        Attributes:
             -> thread.name: node
             -> thread.id: %!s(int64=1480495)
             -> cpu.logical_number: %!s(int64=16)
    Sample #18
        Values: []
        Attributes:
             -> thread.name: node
             -> thread.id: %!s(int64=1480492)
             -> cpu.logical_number: %!s(int64=3)
    Sample #19
        Values: []
        Attributes:
             -> thread.name: node
             -> thread.id: %!s(int64=1480492)
             -> cpu.logical_number: %!s(int64=3)
    Sample #20
        Values: []
        Attributes:
             -> thread.name: node
             -> thread.id: %!s(int64=1480492)
             -> cpu.logical_number: %!s(int64=3)
    Sample #21
        Values: []
        Attributes:
             -> thread.name: node
             -> thread.id: %!s(int64=1480492)
             -> cpu.logical_number: %!s(int64=3)
    Sample #22
        Values: []
        Attributes:
             -> thread.name: node
             -> thread.id: %!s(int64=1480492)
             -> cpu.logical_number: %!s(int64=3)
    Sample #23
        Values: []
        Attributes:
             -> thread.name: node
             -> thread.id: %!s(int64=1480492)
             -> cpu.logical_number: %!s(int64=3)
    Sample #24
        Values: []
        Attributes:
             -> thread.name: node
             -> thread.id: %!s(int64=1480492)
             -> cpu.logical_number: %!s(int64=3)
    Sample #25
        Values: []
        Attributes:
             -> thread.name: node
             -> thread.id: %!s(int64=1480494)
             -> cpu.logical_number: %!s(int64=21)
    Sample #26
        Values: []
        Attributes:
             -> thread.name: node
             -> thread.id: %!s(int64=1480496)
             -> cpu.logical_number: %!s(int64=22)
    Sample #27
        Values: []
        Attributes:
             -> thread.name: node
             -> thread.id: %!s(int64=1480497)
             -> cpu.logical_number: %!s(int64=15)
    Sample #28
        Values: []
        Attributes:
             -> thread.name: node
             -> thread.id: %!s(int64=1480492)
             -> cpu.logical_number: %!s(int64=3)
    Sample #29
        Values: []
        Attributes:
             -> thread.name: node
             -> thread.id: %!s(int64=1480492)
             -> cpu.logical_number: %!s(int64=3)
    Sample #30
        Values: []
        Attributes:
             -> thread.name: node
             -> thread.id: %!s(int64=1480492)
             -> cpu.logical_number: %!s(int64=3)
    Sample #31
        Values: []
        Attributes:
             -> thread.name: node
             -> thread.id: %!s(int64=1480492)
             -> cpu.logical_number: %!s(int64=3)
    Sample #32
        Values: []
        Attributes:
             -> thread.name: node
             -> thread.id: %!s(int64=1480492)
             -> cpu.logical_number: %!s(int64=3)
    Sample #33
        Values: []
        Attributes:
             -> thread.name: node
             -> thread.id: %!s(int64=1480497)
             -> cpu.logical_number: %!s(int64=15)
    Sample #34
        Values: []
        Attributes:
             -> thread.name: node
             -> thread.id: %!s(int64=1480492)
             -> cpu.logical_number: %!s(int64=3)
    Sample #35
        Values: []
        Attributes:
             -> thread.name: node
             -> thread.id: %!s(int64=1480492)
             -> cpu.logical_number: %!s(int64=3)
    Sample #36
        Values: []
        Attributes:
             -> thread.name: node
             -> thread.id: %!s(int64=1480492)
             -> cpu.logical_number: %!s(int64=3)
    Sample #37
        Values: []
        Attributes:
             -> thread.name: node
             -> thread.id: %!s(int64=1480496)
             -> cpu.logical_number: %!s(int64=22)
    Sample #38
        Values: []
        Attributes:
             -> thread.name: node
             -> thread.id: %!s(int64=1480492)
             -> cpu.logical_number: %!s(int64=3)
    Sample #39
        Values: []
        Attributes:
             -> thread.name: node
             -> thread.id: %!s(int64=1480492)
             -> cpu.logical_number: %!s(int64=3)
    Sample #40
        Values: []
        Attributes:
             -> thread.name: node
             -> thread.id: %!s(int64=1480492)
             -> cpu.logical_number: %!s(int64=3)
    Sample #41
        Values: []
        Attributes:
             -> thread.name: node
             -> thread.id: %!s(int64=1480492)
             -> cpu.logical_number: %!s(int64=3)
    Sample #42
        Values: []
        Attributes:
             -> thread.name: node
             -> thread.id: %!s(int64=1480492)
             -> cpu.logical_number: %!s(int64=3)
    Sample #43
        Values: []
        Attributes:
             -> thread.name: node
             -> thread.id: %!s(int64=1480492)
             -> cpu.logical_number: %!s(int64=3)
    Sample #44
        Values: []
        Attributes:
             -> thread.name: node
             -> thread.id: %!s(int64=1480492)
             -> cpu.logical_number: %!s(int64=3)
    Sample #45
        Values: []
        Attributes:
             -> thread.name: node
             -> thread.id: %!s(int64=1480492)
             -> cpu.logical_number: %!s(int64=3)
    Sample #46
        Values: []
        Attributes:
             -> thread.name: node
             -> thread.id: %!s(int64=1480496)
             -> cpu.logical_number: %!s(int64=22)
    Sample #47
        Values: []
        Attributes:
             -> thread.name: node
             -> thread.id: %!s(int64=1480496)
             -> cpu.logical_number: %!s(int64=22)
    Sample #48
        Values: []
        Attributes:
             -> thread.name: node
             -> thread.id: %!s(int64=1480492)
             -> cpu.logical_number: %!s(int64=3)
    Sample #49
        Values: []
        Attributes:
             -> thread.name: node
             -> thread.id: %!s(int64=1480492)
             -> cpu.logical_number: %!s(int64=3)
    Sample #50
        Values: []
        Attributes:
             -> thread.name: node
             -> thread.id: %!s(int64=1480492)
             -> cpu.logical_number: %!s(int64=3)
    Sample #51
        Values: []
        Attributes:
             -> thread.name: node
             -> thread.id: %!s(int64=1480492)
             -> cpu.logical_number: %!s(int64=3)
    Sample #52
        Values: []
        Attributes:
             -> thread.name: node
             -> thread.id: %!s(int64=1480492)
             -> cpu.logical_number: %!s(int64=3)
    Sample #53
        Values: []
        Attributes:
             -> thread.name: node
             -> thread.id: %!s(int64=1480492)
             -> cpu.logical_number: %!s(int64=3)
    Sample #54
        Values: []
        Attributes:
             -> thread.name: node
             -> thread.id: %!s(int64=1480492)
             -> cpu.logical_number: %!s(int64=3)
    Sample #55
        Values: []
        Attributes:
             -> thread.name: node
             -> thread.id: %!s(int64=1480492)
             -> cpu.logical_number: %!s(int64=3)
    Sample #56
        Values: []
        Attributes:
             -> thread.name: node
             -> thread.id: %!s(int64=1480492)
             -> cpu.logical_number: %!s(int64=3)
    Sample #57
        Values: []
        Attributes:
             -> thread.name: node
             -> thread.id: %!s(int64=1480492)
             -> cpu.logical_number: %!s(int64=3)
    Sample #58
        Values: []
        Attributes:
             -> thread.name: node
             -> thread.id: %!s(int64=1480496)
             -> cpu.logical_number: %!s(int64=22)
    Sample #59
        Values: []
        Attributes:
             -> thread.name: node
             -> thread.id: %!s(int64=1480495)
             -> cpu.logical_number: %!s(int64=16)
    Sample #60
        Values: []
        Attributes:
             -> thread.name: node
             -> thread.id: %!s(int64=1480492)
             -> cpu.logical_number: %!s(int64=3)
    Sample #61
        Values: []
        Attributes:
             -> thread.name: node
             -> thread.id: %!s(int64=1480492)
             -> cpu.logical_number: %!s(int64=3)
    Sample #62
        Values: []
        Attributes:
             -> thread.name: node
             -> thread.id: %!s(int64=1480492)
             -> cpu.logical_number: %!s(int64=3)
    Sample #63
        Values: []
        Attributes:
             -> thread.name: node
             -> thread.id: %!s(int64=1480492)
             -> cpu.logical_number: %!s(int64=3)
    Sample #64
        Values: []
        Attributes:
             -> thread.name: node
             -> thread.id: %!s(int64=1480497)
             -> cpu.logical_number: %!s(int64=15)
    Sample #65
        Values: []
        Attributes:
             -> thread.name: node
             -> thread.id: %!s(int64=1480492)
             -> cpu.logical_number: %!s(int64=3)
    Sample #66
        Values: []
        Attributes:
             -> thread.name: node
             -> thread.id: %!s(int64=1480492)
             -> cpu.logical_number: %!s(int64=3)
    Sample #67
        Values: []
        Attributes:
             -> thread.name: node
             -> thread.id: %!s(int64=1480492)
             -> cpu.logical_number: %!s(int64=3)
    Sample #68
        Values: []
        Attributes:
             -> thread.name: node
             -> thread.id: %!s(int64=1480492)
             -> cpu.logical_number: %!s(int64=3)
    Sample #69
        Values: []
        Attributes:
             -> thread.name: node
             -> thread.id: %!s(int64=1480496)
             -> cpu.logical_number: %!s(int64=22)
    Sample #70
        Values: []
        Attributes:
             -> thread.name: node
             -> thread.id: %!s(int64=1480496)
             -> cpu.logical_number: %!s(int64=22)
    Sample #71
        Values: []
        Attributes:
             -> thread.name: node
             -> thread.id: %!s(int64=1480492)
             -> cpu.logical_number: %!s(int64=3)
    Sample #72
        Values: []
        Attributes:
             -> thread.name: node
             -> thread.id: %!s(int64=1480492)
             -> cpu.logical_number: %!s(int64=3)
    Sample #73
        Values: []
        Attributes:
             -> thread.name: node
             -> thread.id: %!s(int64=1480492)
             -> cpu.logical_number: %!s(int64=3)
    Sample #74
        Values: []
        Attributes:
             -> thread.name: node
             -> thread.id: %!s(int64=1480492)
             -> cpu.logical_number: %!s(int64=3)
    Sample #75
        Values: []
        Attributes:
             -> thread.name: node
             -> thread.id: %!s(int64=1480492)
             -> cpu.logical_number: %!s(int64=3)
    Sample #76
        Values: []
        Attributes:
             -> thread.name: node
             -> thread.id: %!s(int64=1480492)
             -> cpu.logical_number: %!s(int64=3)
    Sample #77
        Values: []
        Attributes:
             -> thread.name: node
             -> thread.id: %!s(int64=1480492)
             -> cpu.logical_number: %!s(int64=3)
    Sample #78
        Values: []
        Attributes:
             -> thread.name: node
             -> thread.id: %!s(int64=1480492)
             -> cpu.logical_number: %!s(int64=3)
    Sample #79
        Values: []
        Attributes:
             -> thread.name: node
             -> thread.id: %!s(int64=1480494)
             -> cpu.logical_number: %!s(int64=21)
    Sample #80
        Values: []
        Attributes:
             -> thread.name: node
             -> thread.id: %!s(int64=1480492)
             -> cpu.logical_number: %!s(int64=3)
    Sample #81
        Values: []
        Attributes:
             -> thread.name: node
             -> thread.id: %!s(int64=1480492)
             -> cpu.logical_number: %!s(int64=3)
    Sample #82
        Values: []
        Attributes:
             -> thread.name: node
             -> thread.id: %!s(int64=1480497)
             -> cpu.logical_number: %!s(int64=15)
    Sample #83
        Values: []
        Attributes:
             -> thread.name: node
             -> thread.id: %!s(int64=1480492)
             -> cpu.logical_number: %!s(int64=3)
    Sample #84
        Values: []
        Attributes:
             -> thread.name: node
             -> thread.id: %!s(int64=1480492)
             -> cpu.logical_number: %!s(int64=3)
    Sample #85
        Values: []
        Attributes:
             -> thread.name: node
             -> thread.id: %!s(int64=1480492)
             -> cpu.logical_number: %!s(int64=3)
    Sample #86
        Values: []
        Attributes:
             -> thread.name: node
             -> thread.id: %!s(int64=1480492)
             -> cpu.logical_number: %!s(int64=3)
    Sample #87
        Values: []
        Attributes:
             -> thread.name: node
             -> thread.id: %!s(int64=1480492)
             -> cpu.logical_number: %!s(int64=3)
    Sample #88
        Values: []
        Attributes:
             -> thread.name: node
             -> thread.id: %!s(int64=1480492)
             -> cpu.logical_number: %!s(int64=3)
    Sample #89
        Values: []
        Attributes:
             -> thread.name: node
             -> thread.id: %!s(int64=1480492)
             -> cpu.logical_number: %!s(int64=3)
    Sample #90
        Values: []
        Attributes:
             -> thread.name: node
             -> thread.id: %!s(int64=1480492)
             -> cpu.logical_number: %!s(int64=3)
    Sample #91
        Values: []
        Attributes:
             -> thread.name: node
             -> thread.id: %!s(int64=1480492)
             -> cpu.logical_number: %!s(int64=3)
    Sample #92
        Values: []
        Attributes:
             -> thread.name: node
             -> thread.id: %!s(int64=1480492)
             -> cpu.logical_number: %!s(int64=3)
    Sample #93
        Values: []
        Attributes:
             -> thread.name: node
             -> thread.id: %!s(int64=1480492)
             -> cpu.logical_number: %!s(int64=3)
    Sample #94
        Values: []
        Attributes:
             -> thread.name: node
             -> thread.id: %!s(int64=1480492)
             -> cpu.logical_number: %!s(int64=3)
    Sample #95
        Values: []
        Attributes:
             -> thread.name: node
             -> thread.id: %!s(int64=1480492)
             -> cpu.logical_number: %!s(int64=3)
    Sample #96
        Values: []
        Attributes:
             -> thread.name: node
             -> thread.id: %!s(int64=1480492)
             -> cpu.logical_number: %!s(int64=3)
    Sample #97
        Values: []
        Attributes:
             -> thread.name: node
             -> thread.id: %!s(int64=1480492)
             -> cpu.logical_number: %!s(int64=3)
    Sample #98
        Values: []
        Attributes:
             -> thread.name: node
             -> thread.id: %!s(int64=1480496)
             -> cpu.logical_number: %!s(int64=22)
    Sample #99
        Values: []
        Attributes:
             -> thread.name: node
             -> thread.id: %!s(int64=1480492)
             -> cpu.logical_number: %!s(int64=3)
    Sample #100
        Values: []
        Attributes:
             -> thread.name: node
             -> thread.id: %!s(int64=1480492)
             -> cpu.logical_number: %!s(int64=3)
    Sample #101
        Values: []
        Attributes:
             -> thread.name: node
             -> thread.id: %!s(int64=1480496)
             -> cpu.logical_number: %!s(int64=22)
    Sample #102
        Values: []
        Attributes:
             -> thread.name: node
             -> thread.id: %!s(int64=1480492)
             -> cpu.logical_number: %!s(int64=3)
    Sample #103
        Values: []
        Attributes:
             -> thread.name: node
             -> thread.id: %!s(int64=1480492)
             -> cpu.logical_number: %!s(int64=3)
    Sample #104
        Values: []
        Attributes:
             -> thread.name: node
             -> thread.id: %!s(int64=1480492)
             -> cpu.logical_number: %!s(int64=3)
    Sample #105
        Values: []
        Attributes:
             -> thread.name: node
             -> thread.id: %!s(int64=1480492)
             -> cpu.logical_number: %!s(int64=3)
    Sample #106
        Values: []
        Attributes:
             -> thread.name: node
             -> thread.id: %!s(int64=1480492)
             -> cpu.logical_number: %!s(int64=3)
    Sample #107
        Values: []
        Attributes:
             -> thread.name: node
             -> thread.id: %!s(int64=1480496)
             -> cpu.logical_number: %!s(int64=22)
    Sample #108
        Values: []
        Attributes:
             -> thread.name: node
             -> thread.id: %!s(int64=1480492)
             -> cpu.logical_number: %!s(int64=3)
    Sample #109
        Values: []
        Attributes:
             -> thread.name: node
             -> thread.id: %!s(int64=1480496)
             -> cpu.logical_number: %!s(int64=22)
    Sample #110
        Values: []
        Attributes:
             -> thread.name: node
             -> thread.id: %!s(int64=1480492)
             -> cpu.logical_number: %!s(int64=3)
    Sample #111
        Values: []
        Attributes:
             -> thread.name: node
             -> thread.id: %!s(int64=1480492)
             -> cpu.logical_number: %!s(int64=3)
    Sample #112
        Values: []
        Attributes:
             -> thread.name: node
             -> thread.id: %!s(int64=1480495)
             -> cpu.logical_number: %!s(int64=16)
    Sample #113
        Values: []
        Attributes:
             -> thread.name: node
             -> thread.id: %!s(int64=1480492)
             -> cpu.logical_number: %!s(int64=3)
    Sample #114
        Values: []
        Attributes:
             -> thread.name: node
             -> thread.id: %!s(int64=1480492)
             -> cpu.logical_number: %!s(int64=3)
    Sample #115
        Values: []
        Attributes:
             -> thread.name: node
             -> thread.id: %!s(int64=1480492)
             -> cpu.logical_number: %!s(int64=3)
    Sample #116
        Values: []
        Attributes:
             -> thread.name: node
             -> thread.id: %!s(int64=1480492)
             -> cpu.logical_number: %!s(int64=3)
    Sample #117
        Values: []
        Attributes:
             -> thread.name: node
             -> thread.id: %!s(int64=1480496)
             -> cpu.logical_number: %!s(int64=22)
    Sample #118
        Values: []
        Attributes:
             -> thread.name: node
             -> thread.id: %!s(int64=1480492)
             -> cpu.logical_number: %!s(int64=3)
    Sample #119
        Values: []
        Attributes:
             -> thread.name: node
             -> thread.id: %!s(int64=1480492)
             -> cpu.logical_number: %!s(int64=3)
    Sample #120
        Values: []
        Attributes:
             -> thread.name: node
             -> thread.id: %!s(int64=1480497)
             -> cpu.logical_number: %!s(int64=15)
    Sample #121
        Values: []
        Attributes:
             -> thread.name: node
             -> thread.id: %!s(int64=1480496)
             -> cpu.logical_number: %!s(int64=22)
    Sample #122
        Values: []
        Attributes:
             -> thread.name: node
             -> thread.id: %!s(int64=1480492)
             -> cpu.logical_number: %!s(int64=3)
    Sample #123
        Values: []
        Attributes:
             -> thread.name: node
             -> thread.id: %!s(int64=1480497)
             -> cpu.logical_number: %!s(int64=15)
    Sample #124
        Values: []
        Attributes:
             -> thread.name: node
             -> thread.id: %!s(int64=1480492)
             -> cpu.logical_number: %!s(int64=3)
    Sample #125
        Values: []
        Attributes:
             -> thread.name: node
             -> thread.id: %!s(int64=1480492)
             -> cpu.logical_number: %!s(int64=3)
    Sample #126
        Values: []
        Attributes:
             -> thread.name: node
             -> thread.id: %!s(int64=1480492)
             -> cpu.logical_number: %!s(int64=3)
    Sample #127
        Values: []
        Attributes:
             -> thread.name: node
             -> thread.id: %!s(int64=1480492)
             -> cpu.logical_number: %!s(int64=3)
    Sample #128
        Values: []
        Attributes:
             -> thread.name: node
             -> thread.id: %!s(int64=1480492)
             -> cpu.logical_number: %!s(int64=3)
    Sample #129
        Values: []
        Attributes:
             -> thread.name: node
             -> thread.id: %!s(int64=1480492)
             -> cpu.logical_number: %!s(int64=3)
    Sample #130
        Values: []
        Attributes:
             -> thread.name: node
             -> thread.id: %!s(int64=1480495)
             -> cpu.logical_number: %!s(int64=16)
    Sample #131
        Values: []
        Attributes:
             -> thread.name: node
             -> thread.id: %!s(int64=1480494)
             -> cpu.logical_number: %!s(int64=21)
    Sample #132
        Values: []
        Attributes:
             -> thread.name: node
             -> thread.id: %!s(int64=1480492)
             -> cpu.logical_number: %!s(int64=3)
    Sample #133
        Values: []
        Attributes:
             -> thread.name: node
             -> thread.id: %!s(int64=1480492)
             -> cpu.logical_number: %!s(int64=3)
    Sample #134
        Values: []
        Attributes:
             -> thread.name: node
             -> thread.id: %!s(int64=1480492)
             -> cpu.logical_number: %!s(int64=3)
    Sample #135
        Values: []
        Attributes:
             -> thread.name: node
             -> thread.id: %!s(int64=1480497)
             -> cpu.logical_number: %!s(int64=15)
    Sample #136
        Values: []
        Attributes:
             -> thread.name: node
             -> thread.id: %!s(int64=1480496)
             -> cpu.logical_number: %!s(int64=22)
    Sample #137
        Values: []
        Attributes:
             -> thread.name: node
             -> thread.id: %!s(int64=1480496)
             -> cpu.logical_number: %!s(int64=22)
    Sample #138
        Values: []
        Attributes:
             -> thread.name: node
             -> thread.id: %!s(int64=1480492)
             -> cpu.logical_number: %!s(int64=3)
    Sample #139
        Values: []
        Attributes:
             -> thread.name: node
             -> thread.id: %!s(int64=1480492)
             -> cpu.logical_number: %!s(int64=3)
    Sample #140
        Values: []
        Attributes:
             -> thread.name: node
             -> thread.id: %!s(int64=1480494)
             -> cpu.logical_number: %!s(int64=21)
    Sample #141
        Values: []
        Attributes:
             -> thread.name: node
             -> thread.id: %!s(int64=1480494)
             -> cpu.logical_number: %!s(int64=21)
    Sample #142
        Values: []
        Attributes:
             -> thread.name: node
             -> thread.id: %!s(int64=1480492)
             -> cpu.logical_number: %!s(int64=3)
    Sample #143
        Values: []
        Attributes:
             -> thread.name: node
             -> thread.id: %!s(int64=1480492)
             -> cpu.logical_number: %!s(int64=3)
    Sample #144
        Values: []
        Attributes:
             -> thread.name: node
             -> thread.id: %!s(int64=1480492)
             -> cpu.logical_number: %!s(int64=3)
    Sample #145
        Values: []
        Attributes:
             -> thread.name: node
             -> thread.id: %!s(int64=1480492)
             -> cpu.logical_number: %!s(int64=3)
    Sample #146
        Values: []
        Attributes:
             -> thread.name: node
             -> thread.id: %!s(int64=1480492)
             -> cpu.logical_number: %!s(int64=3)
    Sample #147
        Values: []
        Attributes:
             -> thread.name: node
             -> thread.id: %!s(int64=1480492)
             -> cpu.logical_number: %!s(int64=3)
    Sample #148
        Values: []
        Attributes:
             -> thread.name: node
             -> thread.id: %!s(int64=1480492)
             -> cpu.logical_number: %!s(int64=3)
    Sample #149
        Values: []
        Attributes:
             -> thread.name: node
             -> thread.id: %!s(int64=1480492)
             -> cpu.logical_number: %!s(int64=3)
    Sample #150
        Values: []
        Attributes:
             -> thread.name: node
             -> thread.id: %!s(int64=1480492)
             -> cpu.logical_number: %!s(int64=3)
    Sample #151
        Values: []
        Attributes:
             -> thread.name: node
             -> thread.id: %!s(int64=1480496)
             -> cpu.logical_number: %!s(int64=22)
    Sample #152
        Values: []
        Attributes:
             -> thread.name: node
             -> thread.id: %!s(int64=1480496)
             -> cpu.logical_number: %!s(int64=22)
    Sample #153
        Values: []
        Attributes:
             -> thread.name: node
             -> thread.id: %!s(int64=1480492)
             -> cpu.logical_number: %!s(int64=3)
    Sample #154
        Values: []
        Attributes:
             -> thread.name: node
             -> thread.id: %!s(int64=1480492)
             -> cpu.logical_number: %!s(int64=3)
    Sample #155
        Values: []
        Attributes:
             -> thread.name: node
             -> thread.id: %!s(int64=1480492)
             -> cpu.logical_number: %!s(int64=3)
    Sample #156
        Values: []
        Attributes:
             -> thread.name: node
             -> thread.id: %!s(int64=1480492)
             -> cpu.logical_number: %!s(int64=3)
    Sample #157
        Values: []
        Attributes:
             -> thread.name: node
             -> thread.id: %!s(int64=1480496)
             -> cpu.logical_number: %!s(int64=22)
    Sample #158
        Values: []
        Attributes:
             -> thread.name: node
             -> thread.id: %!s(int64=1480492)
             -> cpu.logical_number: %!s(int64=3)
    Sample #159
        Values: []
        Attributes:
             -> thread.name: node
             -> thread.id: %!s(int64=1480492)
             -> cpu.logical_number: %!s(int64=3)
    Sample #160
        Values: []
        Attributes:
             -> thread.name: node
             -> thread.id: %!s(int64=1480492)
             -> cpu.logical_number: %!s(int64=3)
    Sample #161
        Values: []
        Attributes:
             -> thread.name: node
             -> thread.id: %!s(int64=1480492)
             -> cpu.logical_number: %!s(int64=3)
    Sample #162
        Values: []
        Attributes:
             -> thread.name: node
             -> thread.id: %!s(int64=1480492)
             -> cpu.logical_number: %!s(int64=3)
    Sample #163
        Values: []
        Attributes:
             -> thread.name: node
             -> thread.id: %!s(int64=1480492)
             -> cpu.logical_number: %!s(int64=3)
    Sample #164
        Values: []
        Attributes:
             -> thread.name: node
             -> thread.id: %!s(int64=1480492)
             -> cpu.logical_number: %!s(int64=3)
    Sample #165
        Values: []
        Attributes:
             -> thread.name: node
             -> thread.id: %!s(int64=1480492)
             -> cpu.logical_number: %!s(int64=3)
    Sample #166
        Values: []
        Attributes:
             -> thread.name: node
             -> thread.id: %!s(int64=1480492)
             -> cpu.logical_number: %!s(int64=3)
    Sample #167
        Values: []
        Attributes:
             -> thread.name: node
             -> thread.id: %!s(int64=1480492)
             -> cpu.logical_number: %!s(int64=3)
    Sample #168
        Values: []
        Attributes:
             -> thread.name: node
             -> thread.id: %!s(int64=1480492)
             -> cpu.logical_number: %!s(int64=3)
    Sample #169
        Values: []
        Attributes:
             -> thread.name: node
             -> thread.id: %!s(int64=1480496)
             -> cpu.logical_number: %!s(int64=22)
    Sample #170
        Values: []
        Attributes:
             -> thread.name: node
             -> thread.id: %!s(int64=1480492)
             -> cpu.logical_number: %!s(int64=3)
    Sample #171
        Values: []
        Attributes:
             -> thread.name: node
             -> thread.id: %!s(int64=1480492)
             -> cpu.logical_number: %!s(int64=3)
    Sample #172
        Values: []
        Attributes:
             -> thread.name: node
             -> thread.id: %!s(int64=1480496)
             -> cpu.logical_number: %!s(int64=22)
    Sample #173
        Values: []
        Attributes:
             -> thread.name: node
             -> thread.id: %!s(int64=1480497)
             -> cpu.logical_number: %!s(int64=15)
    Sample #174
        Values: []
        Attributes:
             -> thread.name: node
             -> thread.id: %!s(int64=1480492)
             -> cpu.logical_number: %!s(int64=3)
    Sample #175
        Values: []
        Attributes:
             -> thread.name: node
             -> thread.id: %!s(int64=1480492)
             -> cpu.logical_number: %!s(int64=3)
    Sample #176
        Values: []
        Attributes:
             -> thread.name: node
             -> thread.id: %!s(int64=1480492)
             -> cpu.logical_number: %!s(int64=3)
    Sample #177
        Values: []
        Attributes:
             -> thread.name: node
             -> thread.id: %!s(int64=1480492)
             -> cpu.logical_number: %!s(int64=3)
    Sample #178
        Values: []
        Attributes:
             -> thread.name: node
             -> thread.id: %!s(int64=1480492)
             -> cpu.logical_number: %!s(int64=3)
    Sample #179
        Values: []
        Attributes:
             -> thread.name: node
             -> thread.id: %!s(int64=1480496)
             -> cpu.logical_number: %!s(int64=22)
    Sample #180
        Values: []
        Attributes:
             -> thread.name: node
             -> thread.id: %!s(int64=1480492)
             -> cpu.logical_number: %!s(int64=3)
    Sample #181
        Values: []
        Attributes:
             -> thread.name: node
             -> thread.id: %!s(int64=1480492)
             -> cpu.logical_number: %!s(int64=3)
    Sample #182
        Values: []
        Attributes:
             -> thread.name: node
             -> thread.id: %!s(int64=1480492)
             -> cpu.logical_number: %!s(int64=3)
    Sample #183
        Values: []
        Attributes:
             -> thread.name: node
             -> thread.id: %!s(int64=1480496)
             -> cpu.logical_number: %!s(int64=22)
    Sample #184
        Values: []
        Attributes:
             -> thread.name: node
             -> thread.id: %!s(int64=1480492)
             -> cpu.logical_number: %!s(int64=3)
    Sample #185
        Values: []
        Attributes:
             -> thread.name: node
             -> thread.id: %!s(int64=1480492)
             -> cpu.logical_number: %!s(int64=3)
    Sample #186
        Values: []
        Attributes:
             -> thread.name: node
             -> thread.id: %!s(int64=1480492)
             -> cpu.logical_number: %!s(int64=3)
    Sample #187
        Values: []
        Attributes:
             -> thread.name: node
             -> thread.id: %!s(int64=1480496)
             -> cpu.logical_number: %!s(int64=22)
    Sample #188
        Values: []
        Attributes:
             -> thread.name: node
             -> thread.id: %!s(int64=1480492)
             -> cpu.logical_number: %!s(int64=3)
    Sample #189
        Values: []
        Attributes:
             -> thread.name: node
             -> thread.id: %!s(int64=1480492)
             -> cpu.logical_number: %!s(int64=3)
    Sample #190
        Values: []
        Attributes:
             -> thread.name: node
             -> thread.id: %!s(int64=1480496)
             -> cpu.logical_number: %!s(int64=22)
    Sample #191
        Values: []
        Attributes:
             -> thread.name: node
             -> thread.id: %!s(int64=1480492)
             -> cpu.logical_number: %!s(int64=3)
    Sample #192
        Values: []
        Attributes:
             -> thread.name: node
             -> thread.id: %!s(int64=1480494)
             -> cpu.logical_number: %!s(int64=21)
    Sample #193
        Values: []
        Attributes:
             -> thread.name: node
             -> thread.id: %!s(int64=1480492)
             -> cpu.logical_number: %!s(int64=3)
    Sample #194
        Values: []
        Attributes:
             -> thread.name: node
             -> thread.id: %!s(int64=1480492)
             -> cpu.logical_number: %!s(int64=3)
    Sample #195
        Values: []
        Attributes:
             -> thread.name: node
             -> thread.id: %!s(int64=1480492)
             -> cpu.logical_number: %!s(int64=3)
    Sample #196
        Values: []
        Attributes:
             -> thread.name: node
             -> thread.id: %!s(int64=1480492)
             -> cpu.logical_number: %!s(int64=3)
    Sample #197
        Values: []
        Attributes:
             -> thread.name: node
             -> thread.id: %!s(int64=1480496)
             -> cpu.logical_number: %!s(int64=22)
    Sample #198
        Values: []
        Attributes:
             -> thread.name: node
             -> thread.id: %!s(int64=1480492)
             -> cpu.logical_number: %!s(int64=3)
    Sample #199
        Values: []
        Attributes:
             -> thread.name: node
             -> thread.id: %!s(int64=1480497)
             -> cpu.logical_number: %!s(int64=15)
    Sample #200
        Values: []
        Attributes:
             -> thread.name: node
             -> thread.id: %!s(int64=1480492)
             -> cpu.logical_number: %!s(int64=3)
    Sample #201
        Values: []
        Attributes:
             -> thread.name: node
             -> thread.id: %!s(int64=1480492)
             -> cpu.logical_number: %!s(int64=3)
    Sample #202
        Values: []
        Attributes:
             -> thread.name: node
             -> thread.id: %!s(int64=1480494)
             -> cpu.logical_number: %!s(int64=21)
    Sample #203
        Values: []
        Attributes:
             -> thread.name: node
             -> thread.id: %!s(int64=1480492)
             -> cpu.logical_number: %!s(int64=3)
    Sample #204
        Values: []
        Attributes:
             -> thread.name: node
             -> thread.id: %!s(int64=1480496)
             -> cpu.logical_number: %!s(int64=22)
    Sample #205
        Values: []
        Attributes:
             -> thread.name: node
             -> thread.id: %!s(int64=1480492)
             -> cpu.logical_number: %!s(int64=3)
    Sample #206
        Values: []
        Attributes:
             -> thread.name: node
             -> thread.id: %!s(int64=1480496)
             -> cpu.logical_number: %!s(int64=22)
    Sample #207
        Values: []
        Attributes:
             -> thread.name: node
             -> thread.id: %!s(int64=1480492)
             -> cpu.logical_number: %!s(int64=3)
    Sample #208
        Values: []
        Attributes:
             -> thread.name: node
             -> thread.id: %!s(int64=1480492)
             -> cpu.logical_number: %!s(int64=3)
    Sample #209
        Values: []
        Attributes:
             -> thread.name: node
             -> thread.id: %!s(int64=1480492)
             -> cpu.logical_number: %!s(int64=3)
    Sample #210
        Values: []
        Attributes:
             -> thread.name: node
             -> thread.id: %!s(int64=1480492)
             -> cpu.logical_number: %!s(int64=3)
    Sample #211
        Values: []
        Attributes:
             -> thread.name: node
             -> thread.id: %!s(int64=1480496)
             -> cpu.logical_number: %!s(int64=22)
    Sample #212
        Values: []
        Attributes:
             -> thread.name: node
             -> thread.id: %!s(int64=1480492)
             -> cpu.logical_number: %!s(int64=3)
    Sample #213
        Values: []
        Attributes:
             -> thread.name: node
             -> thread.id: %!s(int64=1480496)
             -> cpu.logical_number: %!s(int64=22)
    Sample #214
        Values: []
        Attributes:
             -> thread.name: node
             -> thread.id: %!s(int64=1480492)
             -> cpu.logical_number: %!s(int64=3)
    Sample #215
        Values: []
        Attributes:
             -> thread.name: node
             -> thread.id: %!s(int64=1480492)
             -> cpu.logical_number: %!s(int64=3)
    Sample #216
        Values: []
        Attributes:
             -> thread.name: node
             -> thread.id: %!s(int64=1480492)
             -> cpu.logical_number: %!s(int64=3)
    Sample #217
        Values: []
        Attributes:
             -> thread.name: node
             -> thread.id: %!s(int64=1480492)
             -> cpu.logical_number: %!s(int64=3)
    Sample #218
        Values: []
        Attributes:
             -> thread.name: node
             -> thread.id: %!s(int64=1480492)
             -> cpu.logical_number: %!s(int64=3)
    Sample #219
        Values: []
        Attributes:
             -> thread.name: node
             -> thread.id: %!s(int64=1480492)
             -> cpu.logical_number: %!s(int64=3)
    Sample #220
        Values: []
        Attributes:
             -> thread.name: node
             -> thread.id: %!s(int64=1480492)
             -> cpu.logical_number: %!s(int64=3)
    Sample #221
        Values: []
        Attributes:
             -> thread.name: node
             -> thread.id: %!s(int64=1480492)
             -> cpu.logical_number: %!s(int64=3)
    Sample #222
        Values: []
        Attributes:
             -> thread.name: node
             -> thread.id: %!s(int64=1480496)
             -> cpu.logical_number: %!s(int64=22)
    Sample #223
        Values: []
        Attributes:
             -> thread.name: node
             -> thread.id: %!s(int64=1480492)
             -> cpu.logical_number: %!s(int64=3)
    Sample #224
        Values: []
        Attributes:
             -> thread.name: node
             -> thread.id: %!s(int64=1480492)
             -> cpu.logical_number: %!s(int64=3)
    Sample #225
        Values: []
        Attributes:
             -> thread.name: node
             -> thread.id: %!s(int64=1480492)
             -> cpu.logical_number: %!s(int64=3)
    Sample #226
        Values: []
        Attributes:
             -> thread.name: node
             -> thread.id: %!s(int64=1480492)
             -> cpu.logical_number: %!s(int64=3)
    Sample #227
        Values: []
        Attributes:
             -> thread.name: node
             -> thread.id: %!s(int64=1480492)
             -> cpu.logical_number: %!s(int64=3)
    Sample #228
        Values: []
        Attributes:
             -> thread.name: node
             -> thread.id: %!s(int64=1480492)
             -> cpu.logical_number: %!s(int64=3)
    Sample #229
        Values: []
        Attributes:
             -> thread.name: node
             -> thread.id: %!s(int64=1480492)
             -> cpu.logical_number: %!s(int64=3)
    Sample #230
        Values: []
        Attributes:
             -> thread.name: node
             -> thread.id: %!s(int64=1480492)
             -> cpu.logical_number: %!s(int64=3)
    Sample #231
        Values: []
        Attributes:
             -> thread.name: node
             -> thread.id: %!s(int64=1480492)
             -> cpu.logical_number: %!s(int64=3)
    Sample #232
        Values: []
        Attributes:
             -> thread.name: node
             -> thread.id: %!s(int64=1480496)
             -> cpu.logical_number: %!s(int64=22)
    Sample #233
        Values: []
        Attributes:
             -> thread.name: node
             -> thread.id: %!s(int64=1480496)
             -> cpu.logical_number: %!s(int64=22)
    Sample #234
        Values: []
        Attributes:
             -> thread.name: node
             -> thread.id: %!s(int64=1480492)
             -> cpu.logical_number: %!s(int64=3)
    Sample #235
        Values: []
        Attributes:
             -> thread.name: node
             -> thread.id: %!s(int64=1480496)
             -> cpu.logical_number: %!s(int64=22)
    Sample #236
        Values: []
        Attributes:
             -> thread.name: node
             -> thread.id: %!s(int64=1480492)
             -> cpu.logical_number: %!s(int64=3)
    Sample #237
        Values: []
        Attributes:
             -> thread.name: node
             -> thread.id: %!s(int64=1480492)
             -> cpu.logical_number: %!s(int64=3)
    Sample #238
        Values: []
        Attributes:
             -> thread.name: node
             -> thread.id: %!s(int64=1480492)
             -> cpu.logical_number: %!s(int64=3)
    Sample #239
        Values: []
        Attributes:
             -> thread.name: node
             -> thread.id: %!s(int64=1480492)
             -> cpu.logical_number: %!s(int64=3)
    Sample #240
        Values: []
        Attributes:
             -> thread.name: node
             -> thread.id: %!s(int64=1480492)
             -> cpu.logical_number: %!s(int64=3)
    Sample #241
        Values: []
        Attributes:
             -> thread.name: node
             -> thread.id: %!s(int64=1480496)
             -> cpu.logical_number: %!s(int64=22)
    Sample #242
        Values: []
        Attributes:
             -> thread.name: node
             -> thread.id: %!s(int64=1480492)
             -> cpu.logical_number: %!s(int64=3)
    Sample #243
        Values: []
        Attributes:
             -> thread.name: node
             -> thread.id: %!s(int64=1480496)
             -> cpu.logical_number: %!s(int64=22)
    Sample #244
        Values: []
        Attributes:
             -> thread.name: node
             -> thread.id: %!s(int64=1480496)
             -> cpu.logical_number: %!s(int64=22)
ResourceProfiles #3
Resource SchemaURL: https://opentelemetry.io/schemas/1.37.0
Resource attributes:
     -> process.pid: Int(1480513)
     -> process.executable.path: Str(/usr/bin/python3.12)
     -> process.executable.name: Str(python3.12)
ScopeProfiles #0
ScopeProfiles SchemaURL: https://opentelemetry.io/schemas/1.37.0
InstrumentationScope go.opentelemetry.io/ebpf-profiler v0.0.0
Profile #0
    Profile ID     : 
    Start time     : 2026-06-21 23:45:34.028777025 +0000 UTC
    DurationNano   : 5001111094
    Dropped attributes count: 0
    Sample #0
        Values: []
        Attributes:
             -> thread.name: python3
             -> thread.id: %!s(int64=1480513)
             -> cpu.logical_number: %!s(int64=20)
    Sample #1
        Values: []
        Attributes:
             -> thread.name: python3
             -> thread.id: %!s(int64=1480513)
             -> cpu.logical_number: %!s(int64=20)
    Sample #2
        Values: []
        Attributes:
             -> thread.name: python3
             -> thread.id: %!s(int64=1480513)
             -> cpu.logical_number: %!s(int64=20)
    Sample #3
        Values: []
        Attributes:
             -> thread.name: python3
             -> thread.id: %!s(int64=1480513)
             -> cpu.logical_number: %!s(int64=20)
    Sample #4
        Values: []
        Attributes:
             -> thread.name: python3
             -> thread.id: %!s(int64=1480513)
             -> cpu.logical_number: %!s(int64=20)
    Sample #5
        Values: []
        Attributes:
             -> thread.name: python3
             -> thread.id: %!s(int64=1480513)
             -> cpu.logical_number: %!s(int64=20)
    Sample #6
        Values: []
        Attributes:
             -> thread.name: python3
             -> thread.id: %!s(int64=1480513)
             -> cpu.logical_number: %!s(int64=20)
    Sample #7
        Values: []
        Attributes:
             -> thread.name: python3
             -> thread.id: %!s(int64=1480513)
             -> cpu.logical_number: %!s(int64=20)
    Sample #8
        Values: []
        Attributes:
             -> thread.name: python3
             -> thread.id: %!s(int64=1480513)
             -> cpu.logical_number: %!s(int64=20)
    Sample #9
        Values: []
        Attributes:
             -> thread.name: python3
             -> thread.id: %!s(int64=1480513)
             -> cpu.logical_number: %!s(int64=20)
    Sample #10
        Values: []
        Attributes:
             -> thread.name: python3
             -> thread.id: %!s(int64=1480513)
             -> cpu.logical_number: %!s(int64=20)
    Sample #11
        Values: []
        Attributes:
             -> thread.name: python3
             -> thread.id: %!s(int64=1480513)
             -> cpu.logical_number: %!s(int64=20)
    Sample #12
        Values: []
        Attributes:
             -> thread.name: python3
             -> thread.id: %!s(int64=1480513)
             -> cpu.logical_number: %!s(int64=20)
    Sample #13
        Values: []
        Attributes:
             -> thread.name: python3
             -> thread.id: %!s(int64=1480513)
             -> cpu.logical_number: %!s(int64=20)
    Sample #14
        Values: []
        Attributes:
             -> thread.name: python3
             -> thread.id: %!s(int64=1480513)
             -> cpu.logical_number: %!s(int64=20)
    Sample #15
        Values: []
        Attributes:
             -> thread.name: python3
             -> thread.id: %!s(int64=1480513)
             -> cpu.logical_number: %!s(int64=20)
    Sample #16
        Values: []
        Attributes:
             -> thread.name: python3
             -> thread.id: %!s(int64=1480513)
             -> cpu.logical_number: %!s(int64=20)
    Sample #17
        Values: []
        Attributes:
             -> thread.name: python3
             -> thread.id: %!s(int64=1480513)
             -> cpu.logical_number: %!s(int64=20)
    Sample #18
        Values: []
        Attributes:
             -> thread.name: python3
             -> thread.id: %!s(int64=1480513)
             -> cpu.logical_number: %!s(int64=20)
    Sample #19
        Values: []
        Attributes:
             -> thread.name: python3
             -> thread.id: %!s(int64=1480513)
             -> cpu.logical_number: %!s(int64=20)
    Sample #20
        Values: []
        Attributes:
             -> thread.name: python3
             -> thread.id: %!s(int64=1480513)
             -> cpu.logical_number: %!s(int64=20)
    Sample #21
        Values: []
        Attributes:
             -> thread.name: python3
             -> thread.id: %!s(int64=1480513)
             -> cpu.logical_number: %!s(int64=20)
    Sample #22
        Values: []
        Attributes:
             -> thread.name: python3
             -> thread.id: %!s(int64=1480513)
             -> cpu.logical_number: %!s(int64=20)
    Sample #23
        Values: []
        Attributes:
             -> thread.name: python3
             -> thread.id: %!s(int64=1480513)
             -> cpu.logical_number: %!s(int64=20)
    Sample #24
        Values: []
        Attributes:
             -> thread.name: python3
             -> thread.id: %!s(int64=1480513)
             -> cpu.logical_number: %!s(int64=20)
    Sample #25
        Values: []
        Attributes:
             -> thread.name: python3
             -> thread.id: %!s(int64=1480513)
             -> cpu.logical_number: %!s(int64=20)
    Sample #26
        Values: []
        Attributes:
             -> thread.name: python3
             -> thread.id: %!s(int64=1480513)
             -> cpu.logical_number: %!s(int64=20)
    Sample #27
        Values: []
        Attributes:
             -> thread.name: python3
             -> thread.id: %!s(int64=1480513)
             -> cpu.logical_number: %!s(int64=20)
    Sample #28
        Values: []
        Attributes:
             -> thread.name: python3
             -> thread.id: %!s(int64=1480513)
             -> cpu.logical_number: %!s(int64=20)
    Sample #29
        Values: []
        Attributes:
             -> thread.name: python3
             -> thread.id: %!s(int64=1480513)
             -> cpu.logical_number: %!s(int64=20)
    Sample #30
        Values: []
        Attributes:
             -> thread.name: python3
             -> thread.id: %!s(int64=1480513)
             -> cpu.logical_number: %!s(int64=20)
    Sample #31
        Values: []
        Attributes:
             -> thread.name: python3
             -> thread.id: %!s(int64=1480513)
             -> cpu.logical_number: %!s(int64=20)
    Sample #32
        Values: []
        Attributes:
             -> thread.name: python3
             -> thread.id: %!s(int64=1480513)
             -> cpu.logical_number: %!s(int64=20)
    Sample #33
        Values: []
        Attributes:
             -> thread.name: python3
             -> thread.id: %!s(int64=1480513)
             -> cpu.logical_number: %!s(int64=20)
    Sample #34
        Values: []
        Attributes:
             -> thread.name: python3
             -> thread.id: %!s(int64=1480513)
             -> cpu.logical_number: %!s(int64=20)
    Sample #35
        Values: []
        Attributes:
             -> thread.name: python3
             -> thread.id: %!s(int64=1480513)
             -> cpu.logical_number: %!s(int64=20)
    Sample #36
        Values: []
        Attributes:
             -> thread.name: python3
             -> thread.id: %!s(int64=1480513)
             -> cpu.logical_number: %!s(int64=20)
    Sample #37
        Values: []
        Attributes:
             -> thread.name: python3
             -> thread.id: %!s(int64=1480513)
             -> cpu.logical_number: %!s(int64=20)
    Sample #38
        Values: []
        Attributes:
             -> thread.name: python3
             -> thread.id: %!s(int64=1480513)
             -> cpu.logical_number: %!s(int64=20)
    Sample #39
        Values: []
        Attributes:
             -> thread.name: python3
             -> thread.id: %!s(int64=1480513)
             -> cpu.logical_number: %!s(int64=20)
    Sample #40
        Values: []
        Attributes:
             -> thread.name: python3
             -> thread.id: %!s(int64=1480513)
             -> cpu.logical_number: %!s(int64=20)
    Sample #41
        Values: []
        Attributes:
             -> thread.name: python3
             -> thread.id: %!s(int64=1480513)
             -> cpu.logical_number: %!s(int64=20)
    Sample #42
        Values: []
        Attributes:
             -> thread.name: python3
             -> thread.id: %!s(int64=1480513)
             -> cpu.logical_number: %!s(int64=20)
    Sample #43
        Values: []
        Attributes:
             -> thread.name: python3
             -> thread.id: %!s(int64=1480513)
             -> cpu.logical_number: %!s(int64=20)
    Sample #44
        Values: []
        Attributes:
             -> thread.name: python3
             -> thread.id: %!s(int64=1480513)
             -> cpu.logical_number: %!s(int64=20)
    Sample #45
        Values: []
        Attributes:
             -> thread.name: python3
             -> thread.id: %!s(int64=1480513)
             -> cpu.logical_number: %!s(int64=20)
    Sample #46
        Values: []
        Attributes:
             -> thread.name: python3
             -> thread.id: %!s(int64=1480513)
             -> cpu.logical_number: %!s(int64=20)
    Sample #47
        Values: []
        Attributes:
             -> thread.name: python3
             -> thread.id: %!s(int64=1480513)
             -> cpu.logical_number: %!s(int64=20)
    Sample #48
        Values: []
        Attributes:
             -> thread.name: python3
             -> thread.id: %!s(int64=1480513)
             -> cpu.logical_number: %!s(int64=20)
    Sample #49
        Values: []
        Attributes:
             -> thread.name: python3
             -> thread.id: %!s(int64=1480513)
             -> cpu.logical_number: %!s(int64=20)
    Sample #50
        Values: []
        Attributes:
             -> thread.name: python3
             -> thread.id: %!s(int64=1480513)
             -> cpu.logical_number: %!s(int64=20)
    Sample #51
        Values: []
        Attributes:
             -> thread.name: python3
             -> thread.id: %!s(int64=1480513)
             -> cpu.logical_number: %!s(int64=20)
    Sample #52
        Values: []
        Attributes:
             -> thread.name: python3
             -> thread.id: %!s(int64=1480513)
             -> cpu.logical_number: %!s(int64=20)
    Sample #53
        Values: []
        Attributes:
             -> thread.name: python3
             -> thread.id: %!s(int64=1480513)
             -> cpu.logical_number: %!s(int64=20)
    Sample #54
        Values: []
        Attributes:
             -> thread.name: python3
             -> thread.id: %!s(int64=1480513)
             -> cpu.logical_number: %!s(int64=20)
    Sample #55
        Values: []
        Attributes:
             -> thread.name: python3
             -> thread.id: %!s(int64=1480513)
             -> cpu.logical_number: %!s(int64=20)
    Sample #56
        Values: []
        Attributes:
             -> thread.name: python3
             -> thread.id: %!s(int64=1480513)
             -> cpu.logical_number: %!s(int64=20)
    Sample #57
        Values: []
        Attributes:
             -> thread.name: python3
             -> thread.id: %!s(int64=1480513)
             -> cpu.logical_number: %!s(int64=20)
    Sample #58
        Values: []
        Attributes:
             -> thread.name: python3
             -> thread.id: %!s(int64=1480513)
             -> cpu.logical_number: %!s(int64=20)
    Sample #59
        Values: []
        Attributes:
             -> thread.name: python3
             -> thread.id: %!s(int64=1480513)
             -> cpu.logical_number: %!s(int64=20)
    Sample #60
        Values: []
        Attributes:
             -> thread.name: python3
             -> thread.id: %!s(int64=1480513)
             -> cpu.logical_number: %!s(int64=20)
    Sample #61
        Values: []
        Attributes:
             -> thread.name: python3
             -> thread.id: %!s(int64=1480513)
             -> cpu.logical_number: %!s(int64=20)
    Sample #62
        Values: []
        Attributes:
             -> thread.name: python3
             -> thread.id: %!s(int64=1480513)
             -> cpu.logical_number: %!s(int64=20)
    Sample #63
        Values: []
        Attributes:
             -> thread.name: python3
             -> thread.id: %!s(int64=1480513)
             -> cpu.logical_number: %!s(int64=20)
    Sample #64
        Values: []
        Attributes:
             -> thread.name: python3
             -> thread.id: %!s(int64=1480513)
             -> cpu.logical_number: %!s(int64=20)
    Sample #65
        Values: []
        Attributes:
             -> thread.name: python3
             -> thread.id: %!s(int64=1480513)
             -> cpu.logical_number: %!s(int64=20)
    Sample #66
        Values: []
        Attributes:
             -> thread.name: python3
             -> thread.id: %!s(int64=1480513)
             -> cpu.logical_number: %!s(int64=20)
    Sample #67
        Values: []
        Attributes:
             -> thread.name: python3
             -> thread.id: %!s(int64=1480513)
             -> cpu.logical_number: %!s(int64=20)
ResourceProfiles #4
Resource SchemaURL: https://opentelemetry.io/schemas/1.37.0
Resource attributes:
     -> process.pid: Int(6345)
     -> process.executable.path: Str(/home/yunwei37/.vscode-server/cli/servers/Stable-fcf604774b9f2674b473065736ee75077e256353/server/node)
     -> process.executable.name: Str(node)
ScopeProfiles #0
ScopeProfiles SchemaURL: https://opentelemetry.io/schemas/1.37.0
InstrumentationScope go.opentelemetry.io/ebpf-profiler v0.0.0
Profile #0
    Profile ID     : 
    Start time     : 2026-06-21 23:45:34.028777025 +0000 UTC
    DurationNano   : 5001111094
    Dropped attributes count: 0
    Sample #0
        Values: []
        Attributes:
             -> thread.name: MainThread
             -> thread.id: %!s(int64=6345)
             -> cpu.logical_number: %!s(int64=17)
    Sample #1
        Values: []
        Attributes:
             -> thread.name: MainThread
             -> thread.id: %!s(int64=6345)
             -> cpu.logical_number: %!s(int64=17)
    Sample #2
        Values: []
        Attributes:
             -> thread.name: MainThread
             -> thread.id: %!s(int64=6345)
             -> cpu.logical_number: %!s(int64=17)
    Sample #3
        Values: []
        Attributes:
             -> thread.name: MainThread
             -> thread.id: %!s(int64=6345)
             -> cpu.logical_number: %!s(int64=17)
    Sample #4
        Values: []
        Attributes:
             -> thread.name: MainThread
             -> thread.id: %!s(int64=6345)
             -> cpu.logical_number: %!s(int64=17)
    Sample #5
        Values: []
        Attributes:
             -> thread.name: MainThread
             -> thread.id: %!s(int64=6345)
             -> cpu.logical_number: %!s(int64=17)
ResourceProfiles #5
Resource SchemaURL: https://opentelemetry.io/schemas/1.37.0
Resource attributes:
     -> process.pid: Int(1480517)
     -> process.executable.path: Str(/usr/bin/python3.12)
     -> process.executable.name: Str(python3.12)
ScopeProfiles #0
ScopeProfiles SchemaURL: https://opentelemetry.io/schemas/1.37.0
InstrumentationScope go.opentelemetry.io/ebpf-profiler v0.0.0
Profile #0
    Profile ID     : 
    Start time     : 2026-06-21 23:45:34.028777025 +0000 UTC
    DurationNano   : 5001111094
    Dropped attributes count: 0
    Sample #0
        Values: []
        Attributes:
             -> thread.name: python3
             -> thread.id: %!s(int64=1480517)
             -> cpu.logical_number: %!s(int64=18)
    Sample #1
        Values: []
        Attributes:
             -> thread.name: python3
             -> thread.id: %!s(int64=1480517)
             -> cpu.logical_number: %!s(int64=18)
    Sample #2
        Values: []
        Attributes:
             -> thread.name: python3
             -> thread.id: %!s(int64=1480517)
             -> cpu.logical_number: %!s(int64=18)
    Sample #3
        Values: []
        Attributes:
             -> thread.name: python3
             -> thread.id: %!s(int64=1480517)
             -> cpu.logical_number: %!s(int64=18)
    Sample #4
        Values: []
        Attributes:
             -> thread.name: python3
             -> thread.id: %!s(int64=1480517)
             -> cpu.logical_number: %!s(int64=18)
    Sample #5
        Values: []
        Attributes:
             -> thread.name: python3
             -> thread.id: %!s(int64=1480517)
             -> cpu.logical_number: %!s(int64=18)
    Sample #6
        Values: []
        Attributes:
             -> thread.name: python3
             -> thread.id: %!s(int64=1480517)
             -> cpu.logical_number: %!s(int64=18)
    Sample #7
        Values: []
        Attributes:
             -> thread.name: python3
             -> thread.id: %!s(int64=1480517)
             -> cpu.logical_number: %!s(int64=18)
    Sample #8
        Values: []
        Attributes:
             -> thread.name: python3
             -> thread.id: %!s(int64=1480517)
             -> cpu.logical_number: %!s(int64=18)
    Sample #9
        Values: []
        Attributes:
             -> thread.name: python3
             -> thread.id: %!s(int64=1480517)
             -> cpu.logical_number: %!s(int64=18)
    Sample #10
        Values: []
        Attributes:
             -> thread.name: python3
             -> thread.id: %!s(int64=1480517)
             -> cpu.logical_number: %!s(int64=18)
    Sample #11
        Values: []
        Attributes:
             -> thread.name: python3
             -> thread.id: %!s(int64=1480517)
             -> cpu.logical_number: %!s(int64=18)
    Sample #12
        Values: []
        Attributes:
             -> thread.name: python3
             -> thread.id: %!s(int64=1480517)
             -> cpu.logical_number: %!s(int64=18)
    Sample #13
        Values: []
        Attributes:
             -> thread.name: python3
             -> thread.id: %!s(int64=1480517)
             -> cpu.logical_number: %!s(int64=18)
    Sample #14
        Values: []
        Attributes:
             -> thread.name: python3
             -> thread.id: %!s(int64=1480517)
             -> cpu.logical_number: %!s(int64=18)
    Sample #15
        Values: []
        Attributes:
             -> thread.name: python3
             -> thread.id: %!s(int64=1480517)
             -> cpu.logical_number: %!s(int64=18)
    Sample #16
        Values: []
        Attributes:
             -> thread.name: python3
             -> thread.id: %!s(int64=1480517)
             -> cpu.logical_number: %!s(int64=18)
    Sample #17
        Values: []
        Attributes:
             -> thread.name: python3
             -> thread.id: %!s(int64=1480517)
             -> cpu.logical_number: %!s(int64=18)
    Sample #18
        Values: []
        Attributes:
             -> thread.name: python3
             -> thread.id: %!s(int64=1480517)
             -> cpu.logical_number: %!s(int64=18)
    Sample #19
        Values: []
        Attributes:
             -> thread.name: python3
             -> thread.id: %!s(int64=1480517)
             -> cpu.logical_number: %!s(int64=18)
    Sample #20
        Values: []
        Attributes:
             -> thread.name: python3
             -> thread.id: %!s(int64=1480517)
             -> cpu.logical_number: %!s(int64=18)
    Sample #21
        Values: []
        Attributes:
             -> thread.name: python3
             -> thread.id: %!s(int64=1480517)
             -> cpu.logical_number: %!s(int64=18)
ResourceProfiles #6
Resource SchemaURL: https://opentelemetry.io/schemas/1.37.0
Resource attributes:
     -> process.pid: Int(1480358)
     -> process.executable.path: Str(/tmp/opentelemetry-ebpf-profiler/otelcol-ebpf-profiler)
     -> process.executable.name: Str(otelcol-ebpf-profiler)
ScopeProfiles #0
ScopeProfiles SchemaURL: https://opentelemetry.io/schemas/1.37.0
InstrumentationScope go.opentelemetry.io/ebpf-profiler v0.0.0
Profile #0
    Profile ID     : 
    Start time     : 2026-06-21 23:45:34.028777025 +0000 UTC
    DurationNano   : 5001111094
    Dropped attributes count: 0
    Sample #0
        Values: []
        Attributes:
             -> thread.name: otelcol-ebpf-pr
             -> thread.id: %!s(int64=1480503)
             -> cpu.logical_number: %!s(int64=13)
ResourceProfiles #7
Resource SchemaURL: https://opentelemetry.io/schemas/1.37.0
Resource attributes:
     -> process.pid: Int(2711)
     -> process.executable.path: Str(/home/yunwei37/.cargo/bin/agentsight)
     -> process.executable.name: Str(agentsight)
ScopeProfiles #0
ScopeProfiles SchemaURL: https://opentelemetry.io/schemas/1.37.0
InstrumentationScope go.opentelemetry.io/ebpf-profiler v0.0.0
Profile #0
    Profile ID     : 
    Start time     : 2026-06-21 23:45:34.028777025 +0000 UTC
    DurationNano   : 5001111094
    Dropped attributes count: 0
    Sample #0
        Values: []
        Attributes:
             -> thread.name: agentsight
             -> thread.id: %!s(int64=2711)
             -> cpu.logical_number: %!s(int64=0)
    Sample #1
        Values: []
        Attributes:
             -> thread.name: agentsight
             -> thread.id: %!s(int64=2711)
             -> cpu.logical_number: %!s(int64=0)
    Sample #2
        Values: []
        Attributes:
             -> thread.name: agentsight
             -> thread.id: %!s(int64=2711)
             -> cpu.logical_number: %!s(int64=0)
    Sample #3
        Values: []
        Attributes:
             -> thread.name: agentsight
             -> thread.id: %!s(int64=2711)
             -> cpu.logical_number: %!s(int64=0)
    Sample #4
        Values: []
        Attributes:
             -> thread.name: agentsight
             -> thread.id: %!s(int64=2711)
             -> cpu.logical_number: %!s(int64=0)
    Sample #5
        Values: []
        Attributes:
             -> thread.name: agentsight
             -> thread.id: %!s(int64=2711)
             -> cpu.logical_number: %!s(int64=0)
    Sample #6
        Values: []
        Attributes:
             -> thread.name: agentsight
             -> thread.id: %!s(int64=2711)
             -> cpu.logical_number: %!s(int64=0)
    Sample #7
        Values: []
        Attributes:
             -> thread.name: agentsight
             -> thread.id: %!s(int64=2711)
             -> cpu.logical_number: %!s(int64=0)
Profile #1
    Profile ID     : 
    Start time     : 2026-06-21 23:45:34.028777025 +0000 UTC
    DurationNano   : 5001111094
    Dropped attributes count: 0
    Sample #0
        Values: []
        Attributes:
             -> thread.name: agentsight
             -> thread.id: %!s(int64=2711)
             -> cpu.logical_number: %!s(int64=0)
    Sample #1
        Values: []
        Attributes:
             -> thread.name: agentsight
             -> thread.id: %!s(int64=2711)
             -> cpu.logical_number: %!s(int64=0)
    Sample #2
        Values: []
        Attributes:
             -> thread.name: agentsight
             -> thread.id: %!s(int64=2711)
             -> cpu.logical_number: %!s(int64=0)
    Sample #3
        Values: []
        Attributes:
             -> thread.name: agentsight
             -> thread.id: %!s(int64=2711)
             -> cpu.logical_number: %!s(int64=0)
    Sample #4
        Values: []
        Attributes:
             -> thread.name: agentsight
             -> thread.id: %!s(int64=2711)
             -> cpu.logical_number: %!s(int64=0)
    Sample #5
        Values: []
        Attributes:
             -> thread.name: agentsight
             -> thread.id: %!s(int64=2711)
             -> cpu.logical_number: %!s(int64=0)
    Sample #6
        Values: []
        Attributes:
             -> thread.name: agentsight
             -> thread.id: %!s(int64=2711)
             -> cpu.logical_number: %!s(int64=0)
    Sample #7
        Values: []
        Attributes:
             -> thread.name: agentsight
             -> thread.id: %!s(int64=2711)
             -> cpu.logical_number: %!s(int64=0)
    Sample #8
        Values: []
        Attributes:
             -> thread.name: agentsight
             -> thread.id: %!s(int64=2711)
             -> cpu.logical_number: %!s(int64=0)
    Sample #9
        Values: []
        Attributes:
             -> thread.name: agentsight
             -> thread.id: %!s(int64=2711)
             -> cpu.logical_number: %!s(int64=0)
    Sample #10
        Values: []
        Attributes:
             -> thread.name: agentsight
             -> thread.id: %!s(int64=2711)
             -> cpu.logical_number: %!s(int64=0)
    Sample #11
        Values: []
        Attributes:
             -> thread.name: agentsight
             -> thread.id: %!s(int64=2711)
             -> cpu.logical_number: %!s(int64=0)
    Sample #12
        Values: []
        Attributes:
             -> thread.name: agentsight
             -> thread.id: %!s(int64=2711)
             -> cpu.logical_number: %!s(int64=0)
    Sample #13
        Values: []
        Attributes:
             -> thread.name: agentsight
             -> thread.id: %!s(int64=2711)
             -> cpu.logical_number: %!s(int64=0)
    Sample #14
        Values: []
        Attributes:
             -> thread.name: agentsight
             -> thread.id: %!s(int64=2711)
             -> cpu.logical_number: %!s(int64=0)
    Sample #15
        Values: []
        Attributes:
             -> thread.name: agentsight
             -> thread.id: %!s(int64=2711)
             -> cpu.logical_number: %!s(int64=0)
    Sample #16
        Values: []
        Attributes:
             -> thread.name: agentsight
             -> thread.id: %!s(int64=2711)
             -> cpu.logical_number: %!s(int64=0)
    Sample #17
        Values: []
        Attributes:
             -> thread.name: agentsight
             -> thread.id: %!s(int64=2711)
             -> cpu.logical_number: %!s(int64=0)
    Sample #18
        Values: []
        Attributes:
             -> thread.name: agentsight
             -> thread.id: %!s(int64=2711)
             -> cpu.logical_number: %!s(int64=0)
    Sample #19
        Values: []
        Attributes:
             -> thread.name: agentsight
             -> thread.id: %!s(int64=2711)
             -> cpu.logical_number: %!s(int64=0)
    Sample #20
        Values: []
        Attributes:
             -> thread.name: agentsight
             -> thread.id: %!s(int64=2711)
             -> cpu.logical_number: %!s(int64=0)
    Sample #21
        Values: []
        Attributes:
             -> thread.name: agentsight
             -> thread.id: %!s(int64=2711)
             -> cpu.logical_number: %!s(int64=0)
    Sample #22
        Values: []
        Attributes:
             -> thread.name: agentsight
             -> thread.id: %!s(int64=2711)
             -> cpu.logical_number: %!s(int64=0)
    Sample #23
        Values: []
        Attributes:
             -> thread.name: agentsight
             -> thread.id: %!s(int64=2711)
             -> cpu.logical_number: %!s(int64=0)
    Sample #24
        Values: []
        Attributes:
             -> thread.name: agentsight
             -> thread.id: %!s(int64=2711)
             -> cpu.logical_number: %!s(int64=0)
    Sample #25
        Values: []
        Attributes:
             -> thread.name: agentsight
             -> thread.id: %!s(int64=2711)
             -> cpu.logical_number: %!s(int64=0)
    Sample #26
        Values: []
        Attributes:
             -> thread.name: agentsight
             -> thread.id: %!s(int64=2711)
             -> cpu.logical_number: %!s(int64=0)
    Sample #27
        Values: []
        Attributes:
             -> thread.name: agentsight
             -> thread.id: %!s(int64=2711)
             -> cpu.logical_number: %!s(int64=0)
    Sample #28
        Values: []
        Attributes:
             -> thread.name: agentsight
             -> thread.id: %!s(int64=2711)
             -> cpu.logical_number: %!s(int64=0)
    Sample #29
        Values: []
        Attributes:
             -> thread.name: agentsight
             -> thread.id: %!s(int64=2711)
             -> cpu.logical_number: %!s(int64=0)
    Sample #30
        Values: []
        Attributes:
             -> thread.name: agentsight
             -> thread.id: %!s(int64=2711)
             -> cpu.logical_number: %!s(int64=0)
    Sample #31
        Values: []
        Attributes:
             -> thread.name: agentsight
             -> thread.id: %!s(int64=2711)
             -> cpu.logical_number: %!s(int64=0)
    Sample #32
        Values: []
        Attributes:
             -> thread.name: agentsight
             -> thread.id: %!s(int64=2711)
             -> cpu.logical_number: %!s(int64=0)
    Sample #33
        Values: []
        Attributes:
             -> thread.name: agentsight
             -> thread.id: %!s(int64=2711)
             -> cpu.logical_number: %!s(int64=0)
    Sample #34
        Values: []
        Attributes:
             -> thread.name: agentsight
             -> thread.id: %!s(int64=2711)
             -> cpu.logical_number: %!s(int64=0)
    Sample #35
        Values: []
        Attributes:
             -> thread.name: agentsight
             -> thread.id: %!s(int64=2711)
             -> cpu.logical_number: %!s(int64=0)
    Sample #36
        Values: []
        Attributes:
             -> thread.name: agentsight
             -> thread.id: %!s(int64=2711)
             -> cpu.logical_number: %!s(int64=0)
    Sample #37
        Values: []
        Attributes:
             -> thread.name: agentsight
             -> thread.id: %!s(int64=2711)
             -> cpu.logical_number: %!s(int64=0)
    Sample #38
        Values: []
        Attributes:
             -> thread.name: agentsight
             -> thread.id: %!s(int64=2711)
             -> cpu.logical_number: %!s(int64=0)
    Sample #39
        Values: []
        Attributes:
             -> thread.name: agentsight
             -> thread.id: %!s(int64=2711)
             -> cpu.logical_number: %!s(int64=0)
    Sample #40
        Values: []
        Attributes:
             -> thread.name: agentsight
             -> thread.id: %!s(int64=2711)
             -> cpu.logical_number: %!s(int64=0)
    Sample #41
        Values: []
        Attributes:
             -> thread.name: agentsight
             -> thread.id: %!s(int64=2711)
             -> cpu.logical_number: %!s(int64=0)
    Sample #42
        Values: []
        Attributes:
             -> thread.name: agentsight
             -> thread.id: %!s(int64=2711)
             -> cpu.logical_number: %!s(int64=0)
    Sample #43
        Values: []
        Attributes:
             -> thread.name: agentsight
             -> thread.id: %!s(int64=2711)
             -> cpu.logical_number: %!s(int64=0)
    Sample #44
        Values: []
        Attributes:
             -> thread.name: agentsight
             -> thread.id: %!s(int64=2711)
             -> cpu.logical_number: %!s(int64=0)
    Sample #45
        Values: []
        Attributes:
             -> thread.name: agentsight
             -> thread.id: %!s(int64=2711)
             -> cpu.logical_number: %!s(int64=0)
    Sample #46
        Values: []
        Attributes:
             -> thread.name: agentsight
             -> thread.id: %!s(int64=2711)
             -> cpu.logical_number: %!s(int64=0)
    Sample #47
        Values: []
        Attributes:
             -> thread.name: agentsight
             -> thread.id: %!s(int64=2711)
             -> cpu.logical_number: %!s(int64=0)
    Sample #48
        Values: []
        Attributes:
             -> thread.name: agentsight
             -> thread.id: %!s(int64=2711)
             -> cpu.logical_number: %!s(int64=0)
    Sample #49
        Values: []
        Attributes:
             -> thread.name: agentsight
             -> thread.id: %!s(int64=2711)
             -> cpu.logical_number: %!s(int64=0)
    Sample #50
        Values: []
        Attributes:
             -> thread.name: agentsight
             -> thread.id: %!s(int64=2711)
             -> cpu.logical_number: %!s(int64=0)
    Sample #51
        Values: []
        Attributes:
             -> thread.name: agentsight
             -> thread.id: %!s(int64=2711)
             -> cpu.logical_number: %!s(int64=0)
    Sample #52
        Values: []
        Attributes:
             -> thread.name: agentsight
             -> thread.id: %!s(int64=2711)
             -> cpu.logical_number: %!s(int64=0)
    Sample #53
        Values: []
        Attributes:
             -> thread.name: agentsight
             -> thread.id: %!s(int64=2711)
             -> cpu.logical_number: %!s(int64=0)
    Sample #54
        Values: []
        Attributes:
             -> thread.name: agentsight
             -> thread.id: %!s(int64=2711)
             -> cpu.logical_number: %!s(int64=0)
    Sample #55
        Values: []
        Attributes:
             -> thread.name: agentsight
             -> thread.id: %!s(int64=2711)
             -> cpu.logical_number: %!s(int64=0)
    Sample #56
        Values: []
        Attributes:
             -> thread.name: agentsight
             -> thread.id: %!s(int64=2711)
             -> cpu.logical_number: %!s(int64=0)
    Sample #57
        Values: []
        Attributes:
             -> thread.name: agentsight
             -> thread.id: %!s(int64=2711)
             -> cpu.logical_number: %!s(int64=0)
    Sample #58
        Values: []
        Attributes:
             -> thread.name: agentsight
             -> thread.id: %!s(int64=2711)
             -> cpu.logical_number: %!s(int64=0)
    Sample #59
        Values: []
        Attributes:
             -> thread.name: agentsight
             -> thread.id: %!s(int64=2711)
             -> cpu.logical_number: %!s(int64=0)
    Sample #60
        Values: []
        Attributes:
             -> thread.name: agentsight
             -> thread.id: %!s(int64=2711)
             -> cpu.logical_number: %!s(int64=0)
    Sample #61
        Values: []
        Attributes:
             -> thread.name: agentsight
             -> thread.id: %!s(int64=2711)
             -> cpu.logical_number: %!s(int64=0)
    Sample #62
        Values: []
        Attributes:
             -> thread.name: agentsight
             -> thread.id: %!s(int64=2711)
             -> cpu.logical_number: %!s(int64=0)
    Sample #63
        Values: []
        Attributes:
             -> thread.name: agentsight
             -> thread.id: %!s(int64=2711)
             -> cpu.logical_number: %!s(int64=0)
    Sample #64
        Values: []
        Attributes:
             -> thread.name: agentsight
             -> thread.id: %!s(int64=2711)
             -> cpu.logical_number: %!s(int64=0)
    Sample #65
        Values: []
        Attributes:
             -> thread.name: agentsight
             -> thread.id: %!s(int64=2711)
             -> cpu.logical_number: %!s(int64=0)
    Sample #66
        Values: []
        Attributes:
             -> thread.name: agentsight
             -> thread.id: %!s(int64=2711)
             -> cpu.logical_number: %!s(int64=0)
    Sample #67
        Values: []
        Attributes:
             -> thread.name: agentsight
             -> thread.id: %!s(int64=2711)
             -> cpu.logical_number: %!s(int64=0)
    Sample #68
        Values: []
        Attributes:
             -> thread.name: agentsight
             -> thread.id: %!s(int64=2711)
             -> cpu.logical_number: %!s(int64=0)
    Sample #69
        Values: []
        Attributes:
             -> thread.name: agentsight
             -> thread.id: %!s(int64=2711)
             -> cpu.logical_number: %!s(int64=0)
    Sample #70
        Values: []
        Attributes:
             -> thread.name: agentsight
             -> thread.id: %!s(int64=2711)
             -> cpu.logical_number: %!s(int64=0)
    Sample #71
        Values: []
        Attributes:
             -> thread.name: agentsight
             -> thread.id: %!s(int64=2711)
             -> cpu.logical_number: %!s(int64=0)
    Sample #72
        Values: []
        Attributes:
             -> thread.name: agentsight
             -> thread.id: %!s(int64=2711)
             -> cpu.logical_number: %!s(int64=0)
    Sample #73
        Values: []
        Attributes:
             -> thread.name: agentsight
             -> thread.id: %!s(int64=2711)
             -> cpu.logical_number: %!s(int64=0)
    Sample #74
        Values: []
        Attributes:
             -> thread.name: agentsight
             -> thread.id: %!s(int64=2711)
             -> cpu.logical_number: %!s(int64=0)
    Sample #75
        Values: []
        Attributes:
             -> thread.name: agentsight
             -> thread.id: %!s(int64=2711)
             -> cpu.logical_number: %!s(int64=0)
    Sample #76
        Values: []
        Attributes:
             -> thread.name: agentsight
             -> thread.id: %!s(int64=2711)
             -> cpu.logical_number: %!s(int64=0)
    Sample #77
        Values: []
        Attributes:
             -> thread.name: agentsight
             -> thread.id: %!s(int64=2711)
             -> cpu.logical_number: %!s(int64=0)
ResourceProfiles #8
Resource SchemaURL: https://opentelemetry.io/schemas/1.37.0
Resource attributes:
     -> process.pid: Int(1480519)
     -> process.executable.path: Str(/usr/bin/python3.12)
     -> process.executable.name: Str(python3.12)
ScopeProfiles #0
ScopeProfiles SchemaURL: https://opentelemetry.io/schemas/1.37.0
InstrumentationScope go.opentelemetry.io/ebpf-profiler v0.0.0
Profile #0
    Profile ID     : 
    Start time     : 2026-06-21 23:45:34.028777025 +0000 UTC
    DurationNano   : 5001111094
    Dropped attributes count: 0
    Sample #0
        Values: []
        Attributes:
             -> thread.name: python3
             -> thread.id: %!s(int64=1480519)
             -> cpu.logical_number: %!s(int64=11)
    Sample #1
        Values: []
        Attributes:
             -> thread.name: python3
             -> thread.id: %!s(int64=1480519)
             -> cpu.logical_number: %!s(int64=11)
    Sample #2
        Values: []
        Attributes:
             -> thread.name: python3
             -> thread.id: %!s(int64=1480519)
             -> cpu.logical_number: %!s(int64=11)
    Sample #3
        Values: []
        Attributes:
             -> thread.name: python3
             -> thread.id: %!s(int64=1480519)
             -> cpu.logical_number: %!s(int64=11)
    Sample #4
        Values: []
        Attributes:
             -> thread.name: python3
             -> thread.id: %!s(int64=1480519)
             -> cpu.logical_number: %!s(int64=11)
    Sample #5
        Values: []
        Attributes:
             -> thread.name: python3
             -> thread.id: %!s(int64=1480519)
             -> cpu.logical_number: %!s(int64=11)
    Sample #6
        Values: []
        Attributes:
             -> thread.name: python3
             -> thread.id: %!s(int64=1480519)
             -> cpu.logical_number: %!s(int64=11)
    Sample #7
        Values: []
        Attributes:
             -> thread.name: python3
             -> thread.id: %!s(int64=1480519)
             -> cpu.logical_number: %!s(int64=11)
    Sample #8
        Values: []
        Attributes:
             -> thread.name: python3
             -> thread.id: %!s(int64=1480519)
             -> cpu.logical_number: %!s(int64=11)
    Sample #9
        Values: []
        Attributes:
             -> thread.name: python3
             -> thread.id: %!s(int64=1480519)
             -> cpu.logical_number: %!s(int64=11)
    Sample #10
        Values: []
        Attributes:
             -> thread.name: python3
             -> thread.id: %!s(int64=1480519)
             -> cpu.logical_number: %!s(int64=11)
    Sample #11
        Values: []
        Attributes:
             -> thread.name: python3
             -> thread.id: %!s(int64=1480519)
             -> cpu.logical_number: %!s(int64=11)
    Sample #12
        Values: []
        Attributes:
             -> thread.name: python3
             -> thread.id: %!s(int64=1480519)
             -> cpu.logical_number: %!s(int64=11)
    Sample #13
        Values: []
        Attributes:
             -> thread.name: python3
             -> thread.id: %!s(int64=1480519)
             -> cpu.logical_number: %!s(int64=11)
    Sample #14
        Values: []
        Attributes:
             -> thread.name: python3
             -> thread.id: %!s(int64=1480519)
             -> cpu.logical_number: %!s(int64=11)
    Sample #15
        Values: []
        Attributes:
             -> thread.name: python3
             -> thread.id: %!s(int64=1480519)
             -> cpu.logical_number: %!s(int64=11)
    Sample #16
        Values: []
        Attributes:
             -> thread.name: python3
             -> thread.id: %!s(int64=1480519)
             -> cpu.logical_number: %!s(int64=11)
    Sample #17
        Values: []
        Attributes:
             -> thread.name: python3
             -> thread.id: %!s(int64=1480519)
             -> cpu.logical_number: %!s(int64=11)
    Sample #18
        Values: []
        Attributes:
             -> thread.name: python3
             -> thread.id: %!s(int64=1480519)
             -> cpu.logical_number: %!s(int64=11)
    Sample #19
        Values: []
        Attributes:
             -> thread.name: python3
             -> thread.id: %!s(int64=1480519)
             -> cpu.logical_number: %!s(int64=11)
    Sample #20
        Values: []
        Attributes:
             -> thread.name: python3
             -> thread.id: %!s(int64=1480519)
             -> cpu.logical_number: %!s(int64=11)
    Sample #21
        Values: []
        Attributes:
             -> thread.name: python3
             -> thread.id: %!s(int64=1480519)
             -> cpu.logical_number: %!s(int64=11)
    Sample #22
        Values: []
        Attributes:
             -> thread.name: python3
             -> thread.id: %!s(int64=1480519)
             -> cpu.logical_number: %!s(int64=11)
    Sample #23
        Values: []
        Attributes:
             -> thread.name: python3
             -> thread.id: %!s(int64=1480519)
             -> cpu.logical_number: %!s(int64=11)
    Sample #24
        Values: []
        Attributes:
             -> thread.name: python3
             -> thread.id: %!s(int64=1480519)
             -> cpu.logical_number: %!s(int64=11)
    Sample #25
        Values: []
        Attributes:
             -> thread.name: python3
             -> thread.id: %!s(int64=1480519)
             -> cpu.logical_number: %!s(int64=11)
    Sample #26
        Values: []
        Attributes:
             -> thread.name: python3
             -> thread.id: %!s(int64=1480519)
             -> cpu.logical_number: %!s(int64=11)
    Sample #27
        Values: []
        Attributes:
             -> thread.name: python3
             -> thread.id: %!s(int64=1480519)
             -> cpu.logical_number: %!s(int64=11)
    Sample #28
        Values: []
        Attributes:
             -> thread.name: python3
             -> thread.id: %!s(int64=1480519)
             -> cpu.logical_number: %!s(int64=11)
    Sample #29
        Values: []
        Attributes:
             -> thread.name: python3
             -> thread.id: %!s(int64=1480519)
             -> cpu.logical_number: %!s(int64=11)
    Sample #30
        Values: []
        Attributes:
             -> thread.name: python3
             -> thread.id: %!s(int64=1480519)
             -> cpu.logical_number: %!s(int64=11)
    Sample #31
        Values: []
        Attributes:
             -> thread.name: python3
             -> thread.id: %!s(int64=1480519)
             -> cpu.logical_number: %!s(int64=11)
    Sample #32
        Values: []
        Attributes:
             -> thread.name: python3
             -> thread.id: %!s(int64=1480519)
             -> cpu.logical_number: %!s(int64=11)
    Sample #33
        Values: []
        Attributes:
             -> thread.name: python3
             -> thread.id: %!s(int64=1480519)
             -> cpu.logical_number: %!s(int64=11)
    Sample #34
        Values: []
        Attributes:
             -> thread.name: python3
             -> thread.id: %!s(int64=1480519)
             -> cpu.logical_number: %!s(int64=11)
    Sample #35
        Values: []
        Attributes:
             -> thread.name: python3
             -> thread.id: %!s(int64=1480519)
             -> cpu.logical_number: %!s(int64=11)
    Sample #36
        Values: []
        Attributes:
             -> thread.name: python3
             -> thread.id: %!s(int64=1480519)
             -> cpu.logical_number: %!s(int64=11)
    Sample #37
        Values: []
        Attributes:
             -> thread.name: python3
             -> thread.id: %!s(int64=1480519)
             -> cpu.logical_number: %!s(int64=11)
    Sample #38
        Values: []
        Attributes:
             -> thread.name: python3
             -> thread.id: %!s(int64=1480519)
             -> cpu.logical_number: %!s(int64=11)
    Sample #39
        Values: []
        Attributes:
             -> thread.name: python3
             -> thread.id: %!s(int64=1480519)
             -> cpu.logical_number: %!s(int64=11)
    Sample #40
        Values: []
        Attributes:
             -> thread.name: python3
             -> thread.id: %!s(int64=1480519)
             -> cpu.logical_number: %!s(int64=11)
    Sample #41
        Values: []
        Attributes:
             -> thread.name: python3
             -> thread.id: %!s(int64=1480519)
             -> cpu.logical_number: %!s(int64=11)
    Sample #42
        Values: []
        Attributes:
             -> thread.name: python3
             -> thread.id: %!s(int64=1480519)
             -> cpu.logical_number: %!s(int64=11)
    Sample #43
        Values: []
        Attributes:
             -> thread.name: python3
             -> thread.id: %!s(int64=1480519)
             -> cpu.logical_number: %!s(int64=11)
    Sample #44
        Values: []
        Attributes:
             -> thread.name: python3
             -> thread.id: %!s(int64=1480519)
             -> cpu.logical_number: %!s(int64=11)
    Sample #45
        Values: []
        Attributes:
             -> thread.name: python3
             -> thread.id: %!s(int64=1480519)
             -> cpu.logical_number: %!s(int64=11)
    Sample #46
        Values: []
        Attributes:
             -> thread.name: python3
             -> thread.id: %!s(int64=1480519)
             -> cpu.logical_number: %!s(int64=11)
    Sample #47
        Values: []
        Attributes:
             -> thread.name: python3
             -> thread.id: %!s(int64=1480519)
             -> cpu.logical_number: %!s(int64=11)
    Sample #48
        Values: []
        Attributes:
             -> thread.name: python3
             -> thread.id: %!s(int64=1480519)
             -> cpu.logical_number: %!s(int64=11)
    Sample #49
        Values: []
        Attributes:
             -> thread.name: python3
             -> thread.id: %!s(int64=1480519)
             -> cpu.logical_number: %!s(int64=11)
    Sample #50
        Values: []
        Attributes:
             -> thread.name: python3
             -> thread.id: %!s(int64=1480519)
             -> cpu.logical_number: %!s(int64=11)
    Sample #51
        Values: []
        Attributes:
             -> thread.name: python3
             -> thread.id: %!s(int64=1480519)
             -> cpu.logical_number: %!s(int64=11)
    Sample #52
        Values: []
        Attributes:
             -> thread.name: python3
             -> thread.id: %!s(int64=1480519)
             -> cpu.logical_number: %!s(int64=11)
    Sample #53
        Values: []
        Attributes:
             -> thread.name: python3
             -> thread.id: %!s(int64=1480519)
             -> cpu.logical_number: %!s(int64=11)
    Sample #54
        Values: []
        Attributes:
             -> thread.name: python3
             -> thread.id: %!s(int64=1480519)
             -> cpu.logical_number: %!s(int64=11)
    Sample #55
        Values: []
        Attributes:
             -> thread.name: python3
             -> thread.id: %!s(int64=1480519)
             -> cpu.logical_number: %!s(int64=11)
    Sample #56
        Values: []
        Attributes:
             -> thread.name: python3
             -> thread.id: %!s(int64=1480519)
             -> cpu.logical_number: %!s(int64=11)
    Sample #57
        Values: []
        Attributes:
             -> thread.name: python3
             -> thread.id: %!s(int64=1480519)
             -> cpu.logical_number: %!s(int64=11)
    Sample #58
        Values: []
        Attributes:
             -> thread.name: python3
             -> thread.id: %!s(int64=1480519)
             -> cpu.logical_number: %!s(int64=11)
    Sample #59
        Values: []
        Attributes:
             -> thread.name: python3
             -> thread.id: %!s(int64=1480519)
             -> cpu.logical_number: %!s(int64=11)
    Sample #60
        Values: []
        Attributes:
             -> thread.name: python3
             -> thread.id: %!s(int64=1480519)
             -> cpu.logical_number: %!s(int64=11)
    Sample #61
        Values: []
        Attributes:
             -> thread.name: python3
             -> thread.id: %!s(int64=1480519)
             -> cpu.logical_number: %!s(int64=11)
    Sample #62
        Values: []
        Attributes:
             -> thread.name: python3
             -> thread.id: %!s(int64=1480519)
             -> cpu.logical_number: %!s(int64=11)
    Sample #63
        Values: []
        Attributes:
             -> thread.name: python3
             -> thread.id: %!s(int64=1480519)
             -> cpu.logical_number: %!s(int64=11)
    Sample #64
        Values: []
        Attributes:
             -> thread.name: python3
             -> thread.id: %!s(int64=1480519)
             -> cpu.logical_number: %!s(int64=11)
    Sample #65
        Values: []
        Attributes:
             -> thread.name: python3
             -> thread.id: %!s(int64=1480519)
             -> cpu.logical_number: %!s(int64=11)
    Sample #66
        Values: []
        Attributes:
             -> thread.name: python3
             -> thread.id: %!s(int64=1480519)
             -> cpu.logical_number: %!s(int64=11)
    Sample #67
        Values: []
        Attributes:
             -> thread.name: python3
             -> thread.id: %!s(int64=1480519)
             -> cpu.logical_number: %!s(int64=11)
    Sample #68
        Values: []
        Attributes:
             -> thread.name: python3
             -> thread.id: %!s(int64=1480519)
             -> cpu.logical_number: %!s(int64=11)
    Sample #69
        Values: []
        Attributes:
             -> thread.name: python3
             -> thread.id: %!s(int64=1480519)
             -> cpu.logical_number: %!s(int64=11)
    Sample #70
        Values: []
        Attributes:
             -> thread.name: python3
             -> thread.id: %!s(int64=1480519)
             -> cpu.logical_number: %!s(int64=11)
    Sample #71
        Values: []
        Attributes:
             -> thread.name: python3
             -> thread.id: %!s(int64=1480519)
             -> cpu.logical_number: %!s(int64=11)
    Sample #72
        Values: []
        Attributes:
             -> thread.name: python3
             -> thread.id: %!s(int64=1480519)
             -> cpu.logical_number: %!s(int64=11)
    Sample #73
        Values: []
        Attributes:
             -> thread.name: python3
             -> thread.id: %!s(int64=1480519)
             -> cpu.logical_number: %!s(int64=11)
    Sample #74
        Values: []
        Attributes:
             -> thread.name: python3
             -> thread.id: %!s(int64=1480519)
             -> cpu.logical_number: %!s(int64=11)
    Sample #75
        Values: []
        Attributes:
             -> thread.name: python3
             -> thread.id: %!s(int64=1480519)
             -> cpu.logical_number: %!s(int64=11)
    Sample #76
        Values: []
        Attributes:
             -> thread.name: python3
             -> thread.id: %!s(int64=1480519)
             -> cpu.logical_number: %!s(int64=11)
    Sample #77
        Values: []
        Attributes:
             -> thread.name: python3
             -> thread.id: %!s(int64=1480519)
             -> cpu.logical_number: %!s(int64=11)
    Sample #78
        Values: []
        Attributes:
             -> thread.name: python3
             -> thread.id: %!s(int64=1480519)
             -> cpu.logical_number: %!s(int64=11)
    Sample #79
        Values: []
        Attributes:
             -> thread.name: python3
             -> thread.id: %!s(int64=1480519)
             -> cpu.logical_number: %!s(int64=11)
    Sample #80
        Values: []
        Attributes:
             -> thread.name: python3
             -> thread.id: %!s(int64=1480519)
             -> cpu.logical_number: %!s(int64=11)
    Sample #81
        Values: []
        Attributes:
             -> thread.name: python3
             -> thread.id: %!s(int64=1480519)
             -> cpu.logical_number: %!s(int64=11)
    Sample #82
        Values: []
        Attributes:
             -> thread.name: python3
             -> thread.id: %!s(int64=1480519)
             -> cpu.logical_number: %!s(int64=11)
    Sample #83
        Values: []
        Attributes:
             -> thread.name: python3
             -> thread.id: %!s(int64=1480519)
             -> cpu.logical_number: %!s(int64=11)
    Sample #84
        Values: []
        Attributes:
             -> thread.name: python3
             -> thread.id: %!s(int64=1480519)
             -> cpu.logical_number: %!s(int64=11)
    Sample #85
        Values: []
        Attributes:
             -> thread.name: python3
             -> thread.id: %!s(int64=1480519)
             -> cpu.logical_number: %!s(int64=11)
    Sample #86
        Values: []
        Attributes:
             -> thread.name: python3
             -> thread.id: %!s(int64=1480519)
             -> cpu.logical_number: %!s(int64=11)
    Sample #87
        Values: []
        Attributes:
             -> thread.name: python3
             -> thread.id: %!s(int64=1480519)
             -> cpu.logical_number: %!s(int64=11)
    Sample #88
        Values: []
        Attributes:
             -> thread.name: python3
             -> thread.id: %!s(int64=1480519)
             -> cpu.logical_number: %!s(int64=11)
    Sample #89
        Values: []
        Attributes:
             -> thread.name: python3
             -> thread.id: %!s(int64=1480519)
             -> cpu.logical_number: %!s(int64=11)
    Sample #90
        Values: []
        Attributes:
             -> thread.name: python3
             -> thread.id: %!s(int64=1480519)
             -> cpu.logical_number: %!s(int64=11)
    Sample #91
        Values: []
        Attributes:
             -> thread.name: python3
             -> thread.id: %!s(int64=1480519)
             -> cpu.logical_number: %!s(int64=11)
    Sample #92
        Values: []
        Attributes:
             -> thread.name: python3
             -> thread.id: %!s(int64=1480519)
             -> cpu.logical_number: %!s(int64=11)
    Sample #93
        Values: []
        Attributes:
             -> thread.name: python3
             -> thread.id: %!s(int64=1480519)
             -> cpu.logical_number: %!s(int64=11)
    Sample #94
        Values: []
        Attributes:
             -> thread.name: python3
             -> thread.id: %!s(int64=1480519)
             -> cpu.logical_number: %!s(int64=11)
    Sample #95
        Values: []
        Attributes:
             -> thread.name: python3
             -> thread.id: %!s(int64=1480519)
             -> cpu.logical_number: %!s(int64=11)
    Sample #96
        Values: []
        Attributes:
             -> thread.name: python3
             -> thread.id: %!s(int64=1480519)
             -> cpu.logical_number: %!s(int64=11)
    Sample #97
        Values: []
        Attributes:
             -> thread.name: python3
             -> thread.id: %!s(int64=1480519)
             -> cpu.logical_number: %!s(int64=11)
    Sample #98
        Values: []
        Attributes:
             -> thread.name: python3
             -> thread.id: %!s(int64=1480519)
             -> cpu.logical_number: %!s(int64=11)
    Sample #99
        Values: []
        Attributes:
             -> thread.name: python3
             -> thread.id: %!s(int64=1480519)
             -> cpu.logical_number: %!s(int64=11)
    Sample #100
        Values: []
        Attributes:
             -> thread.name: python3
             -> thread.id: %!s(int64=1480519)
             -> cpu.logical_number: %!s(int64=11)
    Sample #101
        Values: []
        Attributes:
             -> thread.name: python3
             -> thread.id: %!s(int64=1480519)
             -> cpu.logical_number: %!s(int64=11)
    Sample #102
        Values: []
        Attributes:
             -> thread.name: python3
             -> thread.id: %!s(int64=1480519)
             -> cpu.logical_number: %!s(int64=11)
    Sample #103
        Values: []
        Attributes:
             -> thread.name: python3
             -> thread.id: %!s(int64=1480519)
             -> cpu.logical_number: %!s(int64=11)
    Sample #104
        Values: []
        Attributes:
             -> thread.name: python3
             -> thread.id: %!s(int64=1480519)
             -> cpu.logical_number: %!s(int64=11)
    Sample #105
        Values: []
        Attributes:
             -> thread.name: python3
             -> thread.id: %!s(int64=1480519)
             -> cpu.logical_number: %!s(int64=11)
    Sample #106
        Values: []
        Attributes:
             -> thread.name: python3
             -> thread.id: %!s(int64=1480519)
             -> cpu.logical_number: %!s(int64=11)
	{"resource": {"service.instance.id": "885c7269-617f-4b54-9e8e-7b0376e507c3", "service.name": "otelcol-ebpf-profiler", "service.version": "dev"}, "otelcol.component.id": "debug", "otelcol.component.kind": "exporter", "otelcol.signal": "profiles"}
2026-06-21T16:45:40.896-0700	error	Stop receiving traces: 808 < 880: unexpected record size	{"resource": {"service.instance.id": "885c7269-617f-4b54-9e8e-7b0376e507c3", "service.name": "otelcol-ebpf-profiler", "service.version": "dev"}, "otelcol.component.id": "profiling", "otelcol.component.kind": "receiver", "otelcol.signal": "profiles"}
go.opentelemetry.io/ebpf-profiler/internal/log.Errorf
	/tmp/opentelemetry-ebpf-profiler/internal/log/logging.go:69
go.opentelemetry.io/ebpf-profiler/tracer.(*Tracer).startTraceEventMonitor.func1
	/tmp/opentelemetry-ebpf-profiler/tracer/events.go:237
2026-06-21T16:45:40.896-0700	error	Shutting down controller due to unrecoverable tracer error	{"resource": {"service.instance.id": "885c7269-617f-4b54-9e8e-7b0376e507c3", "service.name": "otelcol-ebpf-profiler", "service.version": "dev"}, "otelcol.component.id": "profiling", "otelcol.component.kind": "receiver", "otelcol.signal": "profiles"}
go.opentelemetry.io/ebpf-profiler/internal/log.Errorf
	/tmp/opentelemetry-ebpf-profiler/internal/log/logging.go:69
go.opentelemetry.io/ebpf-profiler/internal/controller.(*Controller).startTraceHandling.func1
	/tmp/opentelemetry-ebpf-profiler/internal/controller/controller.go:207
2026-06-21T16:45:40.896-0700	info	Stop processing ...	{"resource": {"service.instance.id": "885c7269-617f-4b54-9e8e-7b0376e507c3", "service.name": "otelcol-ebpf-profiler", "service.version": "dev"}, "otelcol.component.id": "profiling", "otelcol.component.kind": "receiver", "otelcol.signal": "profiles"}
2026-06-21T16:45:46.053-0700	info	otelcol@v0.154.0/collector.go:391	Received signal from OS	{"resource": {"service.instance.id": "885c7269-617f-4b54-9e8e-7b0376e507c3", "service.name": "otelcol-ebpf-profiler", "service.version": "dev"}, "signal": "terminated"}
2026-06-21T16:45:46.054-0700	info	service@v0.154.0/service.go:278	Starting shutdown...	{"resource": {"service.instance.id": "885c7269-617f-4b54-9e8e-7b0376e507c3", "service.name": "otelcol-ebpf-profiler", "service.version": "dev"}}
2026-06-21T16:45:46.066-0700	info	extensions/extensions.go:69	Stopping extensions...	{"resource": {"service.instance.id": "885c7269-617f-4b54-9e8e-7b0376e507c3", "service.name": "otelcol-ebpf-profiler", "service.version": "dev"}}
2026-06-21T16:45:46.066-0700	info	service@v0.154.0/service.go:292	Shutdown complete.	{"resource": {"service.instance.id": "885c7269-617f-4b54-9e8e-7b0376e507c3", "service.name": "otelcol-ebpf-profiler", "service.version": "dev"}}
