2026-06-21T14:07:12.536-0700	info	otelconftelemetry/tracer.go:47	Internal trace telemetry disabled	{"resource": {"service.instance.id": "590e4d51-9cf1-4fd0-accd-50eba04fdf79", "service.name": "otelcol-ebpf-profiler", "service.version": "dev"}}
2026-06-21T14:07:12.538-0700	info	builders/builders.go:28	Development component. May change in the future.	{"resource": {"service.instance.id": "590e4d51-9cf1-4fd0-accd-50eba04fdf79", "service.name": "otelcol-ebpf-profiler", "service.version": "dev"}, "otelcol.component.id": "profiling", "otelcol.component.kind": "receiver", "otelcol.signal": "profiles"}
2026-06-21T14:07:12.540-0700	info	service@v0.154.0/service.go:241	Starting otelcol-ebpf-profiler...	{"resource": {"service.instance.id": "590e4d51-9cf1-4fd0-accd-50eba04fdf79", "service.name": "otelcol-ebpf-profiler", "service.version": "dev"}, "Version": "dev", "NumCPU": 24}
2026-06-21T14:07:12.540-0700	info	extensions/extensions.go:41	Starting extensions...	{"resource": {"service.instance.id": "590e4d51-9cf1-4fd0-accd-50eba04fdf79", "service.name": "otelcol-ebpf-profiler", "service.version": "dev"}}
2026-06-21T14:07:12.540-0700	info	Interpreter tracers: perl,php,python,hotspot,ruby,v8,dotnet,luajit,go,labels,beam	{"resource": {"service.instance.id": "590e4d51-9cf1-4fd0-accd-50eba04fdf79", "service.name": "otelcol-ebpf-profiler", "service.version": "dev"}, "otelcol.component.id": "profiling", "otelcol.component.kind": "receiver", "otelcol.signal": "profiles"}
2026-06-21T14:07:12.734-0700	info	Found offsets: task stack 0x20, pt_regs 0x3f48, tpbase 0x25a8	{"resource": {"service.instance.id": "590e4d51-9cf1-4fd0-accd-50eba04fdf79", "service.name": "otelcol-ebpf-profiler", "service.version": "dev"}, "otelcol.component.id": "profiling", "otelcol.component.kind": "receiver", "otelcol.signal": "profiles"}
2026-06-21T14:07:12.771-0700	info	Skip pinning eBPF map to share OTel span/trace IDs	{"resource": {"service.instance.id": "590e4d51-9cf1-4fd0-accd-50eba04fdf79", "service.name": "otelcol-ebpf-profiler", "service.version": "dev"}, "otelcol.component.id": "profiling", "otelcol.component.kind": "receiver", "otelcol.signal": "profiles"}
2026-06-21T14:07:13.552-0700	info	Supports LPM trie eBPF map batch operations	{"resource": {"service.instance.id": "590e4d51-9cf1-4fd0-accd-50eba04fdf79", "service.name": "otelcol-ebpf-profiler", "service.version": "dev"}, "otelcol.component.id": "profiling", "otelcol.component.kind": "receiver", "otelcol.signal": "profiles"}
2026-06-21T14:07:13.553-0700	info	eBPF tracer loaded	{"resource": {"service.instance.id": "590e4d51-9cf1-4fd0-accd-50eba04fdf79", "service.name": "otelcol-ebpf-profiler", "service.version": "dev"}, "otelcol.component.id": "profiling", "otelcol.component.kind": "receiver", "otelcol.signal": "profiles"}
2026-06-21T14:07:13.554-0700	info	Attached tracer program	{"resource": {"service.instance.id": "590e4d51-9cf1-4fd0-accd-50eba04fdf79", "service.name": "otelcol-ebpf-profiler", "service.version": "dev"}, "otelcol.component.id": "profiling", "otelcol.component.kind": "receiver", "otelcol.signal": "profiles"}
2026-06-21T14:07:13.567-0700	info	Attached probes	{"resource": {"service.instance.id": "590e4d51-9cf1-4fd0-accd-50eba04fdf79", "service.name": "otelcol-ebpf-profiler", "service.version": "dev"}, "otelcol.component.id": "profiling", "otelcol.component.kind": "receiver", "otelcol.signal": "profiles"}
2026-06-21T14:07:13.569-0700	info	Attached sched monitor	{"resource": {"service.instance.id": "590e4d51-9cf1-4fd0-accd-50eba04fdf79", "service.name": "otelcol-ebpf-profiler", "service.version": "dev"}, "otelcol.component.id": "profiling", "otelcol.component.kind": "receiver", "otelcol.signal": "profiles"}
2026-06-21T14:07:13.603-0700	info	service@v0.154.0/service.go:264	Everything is ready. Begin running and processing data.	{"resource": {"service.instance.id": "590e4d51-9cf1-4fd0-accd-50eba04fdf79", "service.name": "otelcol-ebpf-profiler", "service.version": "dev"}}
2026-06-21T14:07:17.541-0700	info	Profiles	{"resource": {"service.instance.id": "590e4d51-9cf1-4fd0-accd-50eba04fdf79", "service.name": "otelcol-ebpf-profiler", "service.version": "dev"}, "otelcol.component.id": "debug", "otelcol.component.kind": "exporter", "otelcol.signal": "profiles", "resource profiles": 4, "sample records": 35}
2026-06-21T14:07:17.542-0700	info	Mapping #0
    Memory start: 0
    Memory limit: 0
    File offset: 0
    File name: 0
    Attributes: []
Mapping #1
    Memory start: 163840
    Memory limit: 1769472
    File offset: 163840
    File name: 5
    Attributes: [1]
Mapping #2
    Memory start: 3289088
    Memory limit: 10268672
    File offset: 3289088
    File name: 8
    Attributes: [3]
Mapping #3
    Memory start: 0
    Memory limit: 0
    File offset: 0
    File name: 12
    Attributes: [11 12]
Mapping #4
    Memory start: 0
    Memory limit: 0
    File offset: 0
    File name: 18
    Attributes: [14 15]
Mapping #5
    Memory start: 4194304
    Memory limit: 19996672
    File offset: 0
    File name: 23
    Attributes: [22 23]
Mapping #6
    Memory start: 0
    Memory limit: 8192
    File offset: 0
    File name: 157
    Attributes: [40 41]
Mapping #7
    Memory start: 14532608
    Memory limit: 21663744
    File offset: 14528512
    File name: 164
    Attributes: [42 43]
Mapping #8
    Memory start: 7925760
    Memory limit: 214024192
    File offset: 7925760
    File name: 165
    Attributes: [46]
Location #0
    Mapping index: 0
    Address: 0
    Attributes: []
Location #1
    Mapping index: 1
    Address: 1199644
    Attributes: [2]
Location #2
    Mapping index: 2
    Address: 8064589
    Attributes: [2]
Location #3
    Mapping index: 2
    Address: 8065813
    Attributes: [2]
Location #4
    Mapping index: 2
    Address: 8072740
    Attributes: [2]
Location #5
    Mapping index: 2
    Address: 10031167
    Attributes: [2]
Location #6
    Mapping index: 1
    Address: 641699
    Attributes: [2]
Location #7
    Mapping index: 1
    Address: 1219691
    Attributes: [2]
Location #8
    Mapping index: 3
    Address: 58692
    Line #0
        Function index: 1
        Line: 0
        Column: 0
    Attributes: [13]
Location #9
    Mapping index: 3
    Address: 257204
    Line #0
        Function index: 2
        Line: 0
        Column: 0
    Attributes: [13]
Location #10
    Mapping index: 3
    Address: 263878
    Line #0
        Function index: 3
        Line: 0
        Column: 0
    Attributes: [13]
Location #11
    Mapping index: 3
    Address: 36894
    Line #0
        Function index: 4
        Line: 0
        Column: 0
    Attributes: [13]
Location #12
    Mapping index: 4
    Address: 8793251
    Line #0
        Function index: 5
        Line: 0
        Column: 0
    Attributes: [13]
Location #13
    Mapping index: 4
    Address: 3167594
    Line #0
        Function index: 6
        Line: 0
        Column: 0
    Attributes: [13]
Location #14
    Mapping index: 4
    Address: 22351549
    Line #0
        Function index: 7
        Line: 0
        Column: 0
    Attributes: [13]
Location #15
    Mapping index: 4
    Address: 298
    Line #0
        Function index: 8
        Line: 0
        Column: 0
    Attributes: [13]
Location #16
    Mapping index: 5
    Address: 4740294
    Line #0
        Function index: 9
        Line: 806
        Column: 0
    Attributes: [24]
Location #17
    Mapping index: 5
    Address: 4488209
    Line #0
        Function index: 10
        Line: 248
        Column: 0
    Attributes: [24]
Location #18
    Mapping index: 5
    Address: 4370116
    Line #0
        Function index: 11
        Line: 240
        Column: 0
    Attributes: [24]
Location #19
    Mapping index: 5
    Address: 4369220
    Line #0
        Function index: 12
        Line: 222
        Column: 0
    Attributes: [24]
Location #20
    Mapping index: 5
    Address: 4378642
    Line #0
        Function index: 13
        Line: 1207
        Column: 0
    Attributes: [24]
Location #21
    Mapping index: 5
    Address: 4362893
    Line #0
        Function index: 14
        Line: 1562
        Column: 0
    Attributes: [24]
Location #22
    Mapping index: 5
    Address: 4733225
    Line #0
        Function index: 15
        Line: 517
        Column: 0
    Attributes: [24]
Location #23
    Mapping index: 5
    Address: 4361840
    Line #0
        Function index: 16
        Line: 1523
        Column: 0
    Attributes: [24]
Location #24
    Mapping index: 5
    Address: 4361284
    Line #0
        Function index: 17
        Line: 1373
        Column: 0
    Attributes: [24]
Location #25
    Mapping index: 5
    Address: 4740960
    Line #0
        Function index: 18
        Line: 1694
        Column: 0
    Attributes: [24]
Location #26
    Mapping index: 4
    Address: 7807145
    Line #0
        Function index: 19
        Line: 0
        Column: 0
    Attributes: [13]
Location #27
    Mapping index: 4
    Address: 7812860
    Line #0
        Function index: 20
        Line: 0
        Column: 0
    Attributes: [13]
Location #28
    Mapping index: 4
    Address: 7813868
    Line #0
        Function index: 21
        Line: 0
        Column: 0
    Attributes: [13]
Location #29
    Mapping index: 4
    Address: 7815089
    Line #0
        Function index: 22
        Line: 0
        Column: 0
    Attributes: [13]
Location #30
    Mapping index: 4
    Address: 4005607
    Line #0
        Function index: 23
        Line: 0
        Column: 0
    Attributes: [13]
Location #31
    Mapping index: 4
    Address: 22379348
    Line #0
        Function index: 24
        Line: 0
        Column: 0
    Attributes: [13]
Location #32
    Mapping index: 4
    Address: 2998
    Line #0
        Function index: 25
        Line: 0
        Column: 0
    Attributes: [13]
Location #33
    Mapping index: 5
    Address: 4744153
    Line #0
        Function index: 26
        Line: 127
        Column: 0
    Attributes: [24]
Location #34
    Mapping index: 5
    Address: 4719204
    Line #0
        Function index: 27
        Line: 283
        Column: 0
    Attributes: [24]
Location #35
    Mapping index: 5
    Address: 18900310
    Line #0
        Function index: 28
        Line: 119
        Column: 0
    Attributes: [24]
Location #36
    Mapping index: 5
    Address: 18933479
    Line #0
        Function index: 29
        Line: 1003
        Column: 0
    Attributes: [24]
Location #37
    Mapping index: 5
    Address: 18935371
    Line #0
        Function index: 30
        Line: 1191
        Column: 0
    Attributes: [24]
Location #38
    Mapping index: 5
    Address: 18936615
    Line #0
        Function index: 31
        Line: 1246
        Column: 0
    Attributes: [24]
Location #39
    Mapping index: 5
    Address: 18958365
    Line #0
        Function index: 32
        Line: 209
        Column: 0
    Attributes: [24]
Location #40
    Mapping index: 5
    Address: 18957892
    Line #0
        Function index: 33
        Line: 182
        Column: 0
    Attributes: [24]
Location #41
    Mapping index: 5
    Address: 18959142
    Line #0
        Function index: 34
        Line: 37
        Column: 0
    Attributes: [24]
Location #42
    Mapping index: 5
    Address: 19372701
    Line #0
        Function index: 35
        Line: 187
        Column: 0
    Attributes: [24]
Location #43
    Mapping index: 5
    Address: 19422167
    Line #0
        Function index: 36
        Line: 384
        Column: 0
    Attributes: [24]
Location #44
    Mapping index: 5
    Address: 19432468
    Line #0
        Function index: 37
        Line: 606
        Column: 0
    Attributes: [24]
Location #45
    Mapping index: 5
    Address: 18445717
    Line #0
        Function index: 38
        Line: 403
        Column: 0
    Attributes: [24]
Location #46
    Mapping index: 5
    Address: 18443691
    Line #0
        Function index: 39
        Line: 378
        Column: 0
    Attributes: [24]
Location #47
    Mapping index: 5
    Address: 18444583
    Line #0
        Function index: 40
        Line: 407
        Column: 0
    Attributes: [24]
Location #48
    Mapping index: 5
    Address: 19428093
    Line #0
        Function index: 41
        Line: 552
        Column: 0
    Attributes: [24]
Location #49
    Mapping index: 5
    Address: 19501466
    Line #0
        Function index: 42
        Line: 57
        Column: 0
    Attributes: [24]
Location #50
    Mapping index: 5
    Address: 19500935
    Line #0
        Function index: 43
        Line: 47
        Column: 0
    Attributes: [24]
Location #51
    Mapping index: 5
    Address: 4262179
    Line #0
        Function index: 44
        Line: 287
        Column: 0
    Attributes: [24]
Location #52
    Mapping index: 5
    Address: 19380920
    Line #0
        Function index: 45
        Line: 506
        Column: 0
    Attributes: [24]
Location #53
    Mapping index: 5
    Address: 19379752
    Line #0
        Function index: 46
        Line: 437
        Column: 0
    Attributes: [24]
Location #54
    Mapping index: 5
    Address: 19373291
    Line #0
        Function index: 35
        Line: 222
        Column: 0
    Attributes: [24]
Location #55
    Mapping index: 4
    Address: 6564362
    Line #0
        Function index: 47
        Line: 0
        Column: 0
    Attributes: [13]
Location #56
    Mapping index: 4
    Address: 6548654
    Line #0
        Function index: 48
        Line: 0
        Column: 0
    Attributes: [13]
Location #57
    Mapping index: 4
    Address: 6574650
    Line #0
        Function index: 49
        Line: 0
        Column: 0
    Attributes: [13]
Location #58
    Mapping index: 4
    Address: 6576780
    Line #0
        Function index: 50
        Line: 0
        Column: 0
    Attributes: [13]
Location #59
    Mapping index: 4
    Address: 3172050
    Line #0
        Function index: 6
        Line: 0
        Column: 0
    Attributes: [13]
Location #60
    Mapping index: 5
    Address: 4224397
    Line #0
        Function index: 51
        Line: 36
        Column: 0
    Attributes: [24]
Location #61
    Mapping index: 5
    Address: 4849036
    Line #0
        Function index: 52
        Line: 67
        Column: 0
    Attributes: [24]
Location #62
    Mapping index: 5
    Address: 4849125
    Line #0
        Function index: 53
        Line: 87
        Column: 0
    Attributes: [24]
Location #63
    Mapping index: 5
    Address: 4852909
    Line #0
        Function index: 54
        Line: 1
        Column: 0
    Attributes: [24]
Location #64
    Mapping index: 5
    Address: 17802355
    Line #0
        Function index: 55
        Line: 95
        Column: 0
    Attributes: [24]
Location #65
    Mapping index: 5
    Address: 18185741
    Line #0
        Function index: 56
        Line: 1420
        Column: 0
    Attributes: [24]
Location #66
    Mapping index: 5
    Address: 18185389
    Line #0
        Function index: 57
        Line: 1399
        Column: 0
    Attributes: [24]
Location #67
    Mapping index: 5
    Address: 19489045
    Line #0
        Function index: 58
        Line: 547
        Column: 0
    Attributes: [24]
Location #68
    Mapping index: 5
    Address: 19380040
    Line #0
        Function index: 46
        Line: 449
        Column: 0
    Attributes: [24]
Location #69
    Mapping index: 4
    Address: 22329974
    Line #0
        Function index: 59
        Line: 0
        Column: 0
    Attributes: [13]
Location #70
    Mapping index: 4
    Address: 8029185
    Line #0
        Function index: 60
        Line: 0
        Column: 0
    Attributes: [13]
Location #71
    Mapping index: 4
    Address: 8034381
    Line #0
        Function index: 61
        Line: 0
        Column: 0
    Attributes: [13]
Location #72
    Mapping index: 4
    Address: 8276607
    Line #0
        Function index: 62
        Line: 0
        Column: 0
    Attributes: [13]
Location #73
    Mapping index: 4
    Address: 8289146
    Line #0
        Function index: 63
        Line: 0
        Column: 0
    Attributes: [13]
Location #74
    Mapping index: 4
    Address: 7805836
    Line #0
        Function index: 64
        Line: 0
        Column: 0
    Attributes: [13]
Location #75
    Mapping index: 4
    Address: 7806887
    Line #0
        Function index: 19
        Line: 0
        Column: 0
    Attributes: [13]
Location #76
    Mapping index: 5
    Address: 4744725
    Line #0
        Function index: 65
        Line: 122
        Column: 0
    Attributes: [24]
Location #77
    Mapping index: 5
    Address: 4719229
    Line #0
        Function index: 27
        Line: 285
        Column: 0
    Attributes: [24]
Location #78
    Mapping index: 4
    Address: 4005048
    Line #0
        Function index: 23
        Line: 0
        Column: 0
    Attributes: [13]
Location #79
    Mapping index: 5
    Address: 4362713
    Line #0
        Function index: 14
        Line: 1542
        Column: 0
    Attributes: [24]
Location #80
    Mapping index: 4
    Address: 12357811
    Line #0
        Function index: 66
        Line: 0
        Column: 0
    Attributes: [13]
Location #81
    Mapping index: 4
    Address: 6564310
    Line #0
        Function index: 47
        Line: 0
        Column: 0
    Attributes: [13]
Location #82
    Mapping index: 5
    Address: 18929387
    Line #0
        Function index: 67
        Line: 858
        Column: 0
    Attributes: [24]
Location #83
    Mapping index: 5
    Address: 18933225
    Line #0
        Function index: 29
        Line: 1010
        Column: 0
    Attributes: [24]
Location #84
    Mapping index: 5
    Address: 18933257
    Line #0
        Function index: 29
        Line: 1010
        Column: 0
    Attributes: [24]
Location #85
    Mapping index: 5
    Address: 4425031
    Line #0
        Function index: 68
        Line: 2131
        Column: 0
    Attributes: [24]
Location #86
    Mapping index: 5
    Address: 4424362
    Line #0
        Function index: 69
        Line: 2568
        Column: 0
    Attributes: [24]
Location #87
    Mapping index: 5
    Address: 4703378
    Line #0
        Function index: 70
        Line: 2451
        Column: 0
    Attributes: [24]
Location #88
    Mapping index: 5
    Address: 18248158
    Line #0
        Function index: 71
        Line: 76
        Column: 0
    Attributes: [24]
Location #89
    Mapping index: 5
    Address: 18247876
    Line #0
        Function index: 72
        Line: 318
        Column: 0
    Attributes: [24]
Location #90
    Mapping index: 5
    Address: 18246340
    Line #0
        Function index: 73
        Line: 121
        Column: 0
    Attributes: [24]
Location #91
    Mapping index: 5
    Address: 18251236
    Line #0
        Function index: 74
        Line: 52
        Column: 0
    Attributes: [24]
Location #92
    Mapping index: 5
    Address: 19407990
    Line #0
        Function index: 75
        Line: 122
        Column: 0
    Attributes: [24]
Location #93
    Mapping index: 5
    Address: 19411588
    Line #0
        Function index: 76
        Line: 375
        Column: 0
    Attributes: [24]
Location #94
    Mapping index: 5
    Address: 19550244
    Line #0
        Function index: 77
        Line: 1344
        Column: 0
    Attributes: [24]
Location #95
    Mapping index: 5
    Address: 19557413
    Line #0
        Function index: 78
        Line: 204
        Column: 0
    Attributes: [24]
Location #96
    Mapping index: 4
    Address: 22181546
    Line #0
        Function index: 79
        Line: 0
        Column: 0
    Attributes: [13]
Location #97
    Mapping index: 4
    Address: 22206974
    Line #0
        Function index: 80
        Line: 0
        Column: 0
    Attributes: [13]
Location #98
    Mapping index: 4
    Address: 9486076
    Line #0
        Function index: 81
        Line: 0
        Column: 0
    Attributes: [13]
Location #99
    Mapping index: 4
    Address: 8929130
    Line #0
        Function index: 82
        Line: 0
        Column: 0
    Attributes: [13]
Location #100
    Mapping index: 4
    Address: 8930316
    Line #0
        Function index: 83
        Line: 0
        Column: 0
    Attributes: [13]
Location #101
    Mapping index: 4
    Address: 8662554
    Line #0
        Function index: 84
        Line: 0
        Column: 0
    Attributes: [13]
Location #102
    Mapping index: 4
    Address: 8666654
    Line #0
        Function index: 85
        Line: 0
        Column: 0
    Attributes: [13]
Location #103
    Mapping index: 4
    Address: 8666824
    Line #0
        Function index: 86
        Line: 0
        Column: 0
    Attributes: [13]
Location #104
    Mapping index: 4
    Address: 3171795
    Line #0
        Function index: 6
        Line: 0
        Column: 0
    Attributes: [13]
Location #105
    Mapping index: 5
    Address: 18933379
    Line #0
        Function index: 29
        Line: 1012
        Column: 0
    Attributes: [24]
Location #106
    Mapping index: 5
    Address: 4744054
    Line #0
        Function index: 26
        Line: 94
        Column: 0
    Attributes: [24]
Location #107
    Mapping index: 5
    Address: 4312964
    Line #0
        Function index: 87
        Line: 709
        Column: 0
    Attributes: [24]
Location #108
    Mapping index: 5
    Address: 4699204
    Line #0
        Function index: 88
        Line: 1066
        Column: 0
    Attributes: [24]
Location #109
    Mapping index: 5
    Address: 4315716
    Line #0
        Function index: 89
        Line: 1747
        Column: 0
    Attributes: [24]
Location #110
    Mapping index: 5
    Address: 18932397
    Line #0
        Function index: 29
        Line: 985
        Column: 0
    Attributes: [24]
Location #111
    Mapping index: 5
    Address: 4729685
    Line #0
        Function index: 90
        Line: 1266
        Column: 0
    Attributes: [24]
Location #112
    Mapping index: 5
    Address: 4271091
    Line #0
        Function index: 91
        Line: 41
        Column: 0
    Attributes: [24]
Location #113
    Mapping index: 5
    Address: 4261744
    Line #0
        Function index: 92
        Line: 141
        Column: 0
    Attributes: [24]
Location #114
    Mapping index: 5
    Address: 4419724
    Line #0
        Function index: 93
        Line: 1790
        Column: 0
    Attributes: [24]
Location #115
    Mapping index: 5
    Address: 4416534
    Line #0
        Function index: 94
        Line: 1400
        Column: 0
    Attributes: [24]
Location #116
    Mapping index: 5
    Address: 4414555
    Line #0
        Function index: 95
        Line: 1017
        Column: 0
    Attributes: [24]
Location #117
    Mapping index: 5
    Address: 4414394
    Line #0
        Function index: 96
        Line: 1011
        Column: 0
    Attributes: [24]
Location #118
    Mapping index: 5
    Address: 4328405
    Line #0
        Function index: 97
        Line: 254
        Column: 0
    Attributes: [24]
Location #119
    Mapping index: 5
    Address: 4328045
    Line #0
        Function index: 98
        Line: 172
        Column: 0
    Attributes: [24]
Location #120
    Mapping index: 5
    Address: 4325522
    Line #0
        Function index: 99
        Line: 185
        Column: 0
    Attributes: [24]
Location #121
    Mapping index: 5
    Address: 4310653
    Line #0
        Function index: 100
        Line: 970
        Column: 0
    Attributes: [24]
Location #122
    Mapping index: 5
    Address: 4312180
    Line #0
        Function index: 101
        Line: 1339
        Column: 0
    Attributes: [24]
Location #123
    Mapping index: 5
    Address: 4699236
    Line #0
        Function index: 88
        Line: 1059
        Column: 0
    Attributes: [24]
Location #124
    Mapping index: 5
    Address: 4717544
    Line #0
        Function index: 102
        Line: 116
        Column: 0
    Attributes: [24]
Location #125
    Mapping index: 5
    Address: 19539192
    Line #0
        Function index: 103
        Line: 919
        Column: 0
    Attributes: [24]
Location #126
    Mapping index: 5
    Address: 19544164
    Line #0
        Function index: 104
        Line: 1111
        Column: 0
    Attributes: [24]
Location #127
    Mapping index: 5
    Address: 18456436
    Line #0
        Function index: 105
        Line: 55
        Column: 0
    Attributes: [24]
Location #128
    Mapping index: 6
    Address: 3289
    Attributes: [2]
Location #129
    Mapping index: 5
    Address: 4747628
    Line #0
        Function index: 106
        Line: 265
        Column: 0
    Attributes: [24]
Location #130
    Mapping index: 4
    Address: 20483795
    Line #0
        Function index: 107
        Line: 0
        Column: 0
    Attributes: [13]
Location #131
    Mapping index: 4
    Address: 20485234
    Line #0
        Function index: 108
        Line: 0
        Column: 0
    Attributes: [13]
Location #132
    Mapping index: 4
    Address: 20485398
    Line #0
        Function index: 109
        Line: 0
        Column: 0
    Attributes: [13]
Location #133
    Mapping index: 4
    Address: 9508389
    Line #0
        Function index: 110
        Line: 0
        Column: 0
    Attributes: [13]
Location #134
    Mapping index: 1
    Address: 1161929
    Attributes: [2]
Location #135
    Mapping index: 7
    Address: 21423134
    Attributes: [2]
Location #136
    Mapping index: 7
    Address: 21405096
    Attributes: [2]
Location #137
    Mapping index: 7
    Address: 15470474
    Attributes: [2]
Location #138
    Mapping index: 7
    Address: 15968283
    Attributes: [2]
Location #139
    Mapping index: 7
    Address: 15905384
    Attributes: [2]
Location #140
    Mapping index: 7
    Address: 16317066
    Attributes: [2]
Location #141
    Mapping index: 7
    Address: 15858770
    Attributes: [2]
Location #142
    Mapping index: 7
    Address: 16637480
    Attributes: [2]
Location #143
    Mapping index: 7
    Address: 21388591
    Attributes: [2]
Location #144
    Mapping index: 7
    Address: 16319364
    Attributes: [2]
Location #145
    Mapping index: 1
    Address: 172489
    Attributes: [2]
Location #146
    Mapping index: 1
    Address: 172682
    Attributes: [2]
Location #147
    Mapping index: 7
    Address: 14536356
    Attributes: [2]
Location #148
    Mapping index: 1
    Address: 1607140
    Attributes: [2]
Location #149
    Mapping index: 7
    Address: 16666563
    Attributes: [2]
Location #150
    Mapping index: 7
    Address: 15712897
    Attributes: [2]
Location #151
    Mapping index: 7
    Address: 16925696
    Attributes: [2]
Location #152
    Mapping index: 7
    Address: 16919781
    Attributes: [2]
Location #153
    Mapping index: 7
    Address: 15518371
    Attributes: [2]
Location #154
    Mapping index: 7
    Address: 15968003
    Attributes: [2]
Location #155
    Mapping index: 8
    Address: 181240154
    Attributes: [2]
Location #156
    Mapping index: 8
    Address: 181253673
    Attributes: [2]
Location #157
    Mapping index: 8
    Address: 181249887
    Attributes: [2]
Location #158
    Mapping index: 8
    Address: 181103957
    Attributes: [2]
Location #159
    Mapping index: 8
    Address: 181104891
    Attributes: [2]
Location #160
    Mapping index: 8
    Address: 181272534
    Attributes: [2]
Location #161
    Mapping index: 8
    Address: 181269674
    Attributes: [2]
Location #162
    Mapping index: 8
    Address: 181339827
    Attributes: [2]
Location #163
    Mapping index: 8
    Address: 181090943
    Attributes: [2]
Location #164
    Mapping index: 8
    Address: 181095427
    Attributes: [2]
Location #165
    Mapping index: 8
    Address: 173576534
    Attributes: [2]
Location #166
    Mapping index: 8
    Address: 173517044
    Attributes: [2]
Location #167
    Mapping index: 8
    Address: 148867165
    Attributes: [2]
Location #168
    Mapping index: 8
    Address: 176398003
    Attributes: [2]
Location #169
    Mapping index: 8
    Address: 213968242
    Attributes: [2]
Location #170
    Mapping index: 4
    Address: 22316404
    Line #0
        Function index: 111
        Line: 0
        Column: 0
    Attributes: [13]
Location #171
    Mapping index: 4
    Address: 7326844
    Line #0
        Function index: 112
        Line: 0
        Column: 0
    Attributes: [13]
Location #172
    Mapping index: 4
    Address: 7332805
    Line #0
        Function index: 113
        Line: 0
        Column: 0
    Attributes: [13]
Location #173
    Mapping index: 4
    Address: 7334186
    Line #0
        Function index: 114
        Line: 0
        Column: 0
    Attributes: [13]
Location #174
    Mapping index: 4
    Address: 7348730
    Line #0
        Function index: 115
        Line: 0
        Column: 0
    Attributes: [13]
Location #175
    Mapping index: 4
    Address: 9745311
    Line #0
        Function index: 116
        Line: 0
        Column: 0
    Attributes: [13]
Location #176
    Mapping index: 4
    Address: 8662904
    Line #0
        Function index: 84
        Line: 0
        Column: 0
    Attributes: [13]
Location #177
    Mapping index: 4
    Address: 8663398
    Line #0
        Function index: 117
        Line: 0
        Column: 0
    Attributes: [13]
Location #178
    Mapping index: 4
    Address: 3170940
    Line #0
        Function index: 6
        Line: 0
        Column: 0
    Attributes: [13]
Location #179
    Mapping index: 8
    Address: 213964626
    Attributes: [2]
Location #180
    Mapping index: 8
    Address: 182054404
    Attributes: [2]
Location #181
    Mapping index: 8
    Address: 181229045
    Attributes: [2]
Location #182
    Mapping index: 8
    Address: 181383952
    Attributes: [2]
Location #183
    Mapping index: 8
    Address: 181383419
    Attributes: [2]
Location #184
    Mapping index: 8
    Address: 181354869
    Attributes: [2]
Location #185
    Mapping index: 8
    Address: 181390549
    Attributes: [2]
Location #186
    Mapping index: 8
    Address: 181309140
    Attributes: [2]
Location #187
    Mapping index: 8
    Address: 173355690
    Attributes: [2]
Location #188
    Mapping index: 8
    Address: 173517285
    Attributes: [2]
Location #189
    Mapping index: 8
    Address: 181299932
    Attributes: [2]
Location #190
    Mapping index: 4
    Address: 7327278
    Line #0
        Function index: 112
        Line: 0
        Column: 0
    Attributes: [13]
Location #191
    Mapping index: 4
    Address: 5522743
    Line #0
        Function index: 118
        Line: 0
        Column: 0
    Attributes: [13]
Location #192
    Mapping index: 4
    Address: 5523354
    Line #0
        Function index: 119
        Line: 0
        Column: 0
    Attributes: [13]
Location #193
    Mapping index: 4
    Address: 5509021
    Line #0
        Function index: 120
        Line: 0
        Column: 0
    Attributes: [13]
Location #194
    Mapping index: 4
    Address: 5510598
    Line #0
        Function index: 121
        Line: 0
        Column: 0
    Attributes: [13]
Location #195
    Mapping index: 4
    Address: 3170865
    Line #0
        Function index: 6
        Line: 0
        Column: 0
    Attributes: [13]
Location #196
    Mapping index: 8
    Address: 213923224
    Attributes: [2]
Location #197
    Mapping index: 8
    Address: 173356594
    Attributes: [2]
Location #198
    Mapping index: 8
    Address: 181240099
    Attributes: [2]
Location #199
    Mapping index: 8
    Address: 213905192
    Attributes: [2]
Function #0
    Name: 0
    System name: 0
    Filename: 0
    Start line: 0
Function #1
    Name: 14
    System name: 0
    Filename: 0
    Start line: 0
Function #2
    Name: 15
    System name: 0
    Filename: 0
    Start line: 0
Function #3
    Name: 16
    System name: 0
    Filename: 0
    Start line: 0
Function #4
    Name: 17
    System name: 0
    Filename: 0
    Start line: 0
Function #5
    Name: 19
    System name: 0
    Filename: 0
    Start line: 0
Function #6
    Name: 20
    System name: 0
    Filename: 0
    Start line: 0
Function #7
    Name: 21
    System name: 0
    Filename: 0
    Start line: 0
Function #8
    Name: 22
    System name: 0
    Filename: 0
    Start line: 0
Function #9
    Name: 25
    System name: 0
    Filename: 26
    Start line: 0
Function #10
    Name: 27
    System name: 0
    Filename: 28
    Start line: 0
Function #11
    Name: 29
    System name: 0
    Filename: 30
    Start line: 0
Function #12
    Name: 31
    System name: 0
    Filename: 30
    Start line: 0
Function #13
    Name: 32
    System name: 0
    Filename: 30
    Start line: 0
Function #14
    Name: 33
    System name: 0
    Filename: 34
    Start line: 0
Function #15
    Name: 35
    System name: 0
    Filename: 26
    Start line: 0
Function #16
    Name: 36
    System name: 0
    Filename: 34
    Start line: 0
Function #17
    Name: 37
    System name: 0
    Filename: 34
    Start line: 0
Function #18
    Name: 38
    System name: 0
    Filename: 26
    Start line: 0
Function #19
    Name: 39
    System name: 0
    Filename: 0
    Start line: 0
Function #20
    Name: 40
    System name: 0
    Filename: 0
    Start line: 0
Function #21
    Name: 41
    System name: 0
    Filename: 0
    Start line: 0
Function #22
    Name: 42
    System name: 0
    Filename: 0
    Start line: 0
Function #23
    Name: 43
    System name: 0
    Filename: 0
    Start line: 0
Function #24
    Name: 44
    System name: 0
    Filename: 0
    Start line: 0
Function #25
    Name: 45
    System name: 0
    Filename: 0
    Start line: 0
Function #26
    Name: 46
    System name: 0
    Filename: 47
    Start line: 0
Function #27
    Name: 48
    System name: 0
    Filename: 49
    Start line: 0
Function #28
    Name: 50
    System name: 0
    Filename: 51
    Start line: 0
Function #29
    Name: 52
    System name: 0
    Filename: 53
    Start line: 0
Function #30
    Name: 54
    System name: 0
    Filename: 53
    Start line: 0
Function #31
    Name: 55
    System name: 0
    Filename: 53
    Start line: 0
Function #32
    Name: 56
    System name: 0
    Filename: 57
    Start line: 0
Function #33
    Name: 58
    System name: 0
    Filename: 57
    Start line: 0
Function #34
    Name: 59
    System name: 0
    Filename: 60
    Start line: 0
Function #35
    Name: 61
    System name: 0
    Filename: 62
    Start line: 0
Function #36
    Name: 63
    System name: 0
    Filename: 64
    Start line: 0
Function #37
    Name: 65
    System name: 0
    Filename: 64
    Start line: 0
Function #38
    Name: 66
    System name: 0
    Filename: 67
    Start line: 0
Function #39
    Name: 68
    System name: 0
    Filename: 67
    Start line: 0
Function #40
    Name: 69
    System name: 0
    Filename: 67
    Start line: 0
Function #41
    Name: 70
    System name: 0
    Filename: 64
    Start line: 0
Function #42
    Name: 71
    System name: 0
    Filename: 72
    Start line: 0
Function #43
    Name: 73
    System name: 0
    Filename: 72
    Start line: 0
Function #44
    Name: 74
    System name: 0
    Filename: 75
    Start line: 0
Function #45
    Name: 76
    System name: 0
    Filename: 62
    Start line: 0
Function #46
    Name: 77
    System name: 0
    Filename: 62
    Start line: 0
Function #47
    Name: 78
    System name: 0
    Filename: 0
    Start line: 0
Function #48
    Name: 79
    System name: 0
    Filename: 0
    Start line: 0
Function #49
    Name: 80
    System name: 0
    Filename: 0
    Start line: 0
Function #50
    Name: 81
    System name: 0
    Filename: 0
    Start line: 0
Function #51
    Name: 82
    System name: 0
    Filename: 83
    Start line: 0
Function #52
    Name: 84
    System name: 0
    Filename: 85
    Start line: 0
Function #53
    Name: 86
    System name: 0
    Filename: 85
    Start line: 0
Function #54
    Name: 86
    System name: 0
    Filename: 87
    Start line: 0
Function #55
    Name: 88
    System name: 0
    Filename: 89
    Start line: 0
Function #56
    Name: 90
    System name: 0
    Filename: 91
    Start line: 0
Function #57
    Name: 92
    System name: 0
    Filename: 91
    Start line: 0
Function #58
    Name: 93
    System name: 0
    Filename: 94
    Start line: 0
Function #59
    Name: 95
    System name: 0
    Filename: 0
    Start line: 0
Function #60
    Name: 96
    System name: 0
    Filename: 0
    Start line: 0
Function #61
    Name: 97
    System name: 0
    Filename: 0
    Start line: 0
Function #62
    Name: 98
    System name: 0
    Filename: 0
    Start line: 0
Function #63
    Name: 99
    System name: 0
    Filename: 0
    Start line: 0
Function #64
    Name: 100
    System name: 0
    Filename: 0
    Start line: 0
Function #65
    Name: 101
    System name: 0
    Filename: 102
    Start line: 0
Function #66
    Name: 103
    System name: 0
    Filename: 0
    Start line: 0
Function #67
    Name: 104
    System name: 0
    Filename: 53
    Start line: 0
Function #68
    Name: 105
    System name: 0
    Filename: 106
    Start line: 0
Function #69
    Name: 107
    System name: 0
    Filename: 106
    Start line: 0
Function #70
    Name: 108
    System name: 0
    Filename: 106
    Start line: 0
Function #71
    Name: 109
    System name: 0
    Filename: 110
    Start line: 0
Function #72
    Name: 111
    System name: 0
    Filename: 112
    Start line: 0
Function #73
    Name: 113
    System name: 0
    Filename: 112
    Start line: 0
Function #74
    Name: 114
    System name: 0
    Filename: 115
    Start line: 0
Function #75
    Name: 116
    System name: 0
    Filename: 117
    Start line: 0
Function #76
    Name: 118
    System name: 0
    Filename: 119
    Start line: 0
Function #77
    Name: 120
    System name: 0
    Filename: 121
    Start line: 0
Function #78
    Name: 122
    System name: 0
    Filename: 123
    Start line: 0
Function #79
    Name: 124
    System name: 0
    Filename: 0
    Start line: 0
Function #80
    Name: 125
    System name: 0
    Filename: 0
    Start line: 0
Function #81
    Name: 126
    System name: 0
    Filename: 0
    Start line: 0
Function #82
    Name: 127
    System name: 0
    Filename: 0
    Start line: 0
Function #83
    Name: 128
    System name: 0
    Filename: 0
    Start line: 0
Function #84
    Name: 129
    System name: 0
    Filename: 0
    Start line: 0
Function #85
    Name: 130
    System name: 0
    Filename: 0
    Start line: 0
Function #86
    Name: 131
    System name: 0
    Filename: 0
    Start line: 0
Function #87
    Name: 132
    System name: 0
    Filename: 133
    Start line: 0
Function #88
    Name: 134
    System name: 0
    Filename: 135
    Start line: 0
Function #89
    Name: 136
    System name: 0
    Filename: 135
    Start line: 0
Function #90
    Name: 137
    System name: 0
    Filename: 26
    Start line: 0
Function #91
    Name: 138
    System name: 0
    Filename: 139
    Start line: 0
Function #92
    Name: 74
    System name: 0
    Filename: 140
    Start line: 0
Function #93
    Name: 141
    System name: 0
    Filename: 106
    Start line: 0
Function #94
    Name: 142
    System name: 0
    Filename: 106
    Start line: 0
Function #95
    Name: 143
    System name: 0
    Filename: 106
    Start line: 0
Function #96
    Name: 144
    System name: 0
    Filename: 106
    Start line: 0
Function #97
    Name: 145
    System name: 0
    Filename: 146
    Start line: 0
Function #98
    Name: 147
    System name: 0
    Filename: 146
    Start line: 0
Function #99
    Name: 148
    System name: 0
    Filename: 149
    Start line: 0
Function #100
    Name: 150
    System name: 0
    Filename: 135
    Start line: 0
Function #101
    Name: 151
    System name: 0
    Filename: 135
    Start line: 0
Function #102
    Name: 152
    System name: 0
    Filename: 49
    Start line: 0
Function #103
    Name: 153
    System name: 0
    Filename: 121
    Start line: 0
Function #104
    Name: 154
    System name: 0
    Filename: 121
    Start line: 0
Function #105
    Name: 155
    System name: 0
    Filename: 156
    Start line: 0
Function #106
    Name: 158
    System name: 0
    Filename: 159
    Start line: 0
Function #107
    Name: 160
    System name: 0
    Filename: 0
    Start line: 0
Function #108
    Name: 161
    System name: 0
    Filename: 0
    Start line: 0
Function #109
    Name: 162
    System name: 0
    Filename: 0
    Start line: 0
Function #110
    Name: 163
    System name: 0
    Filename: 0
    Start line: 0
Function #111
    Name: 166
    System name: 0
    Filename: 0
    Start line: 0
Function #112
    Name: 167
    System name: 0
    Filename: 0
    Start line: 0
Function #113
    Name: 168
    System name: 0
    Filename: 0
    Start line: 0
Function #114
    Name: 169
    System name: 0
    Filename: 0
    Start line: 0
Function #115
    Name: 170
    System name: 0
    Filename: 0
    Start line: 0
Function #116
    Name: 171
    System name: 0
    Filename: 0
    Start line: 0
Function #117
    Name: 172
    System name: 0
    Filename: 0
    Start line: 0
Function #118
    Name: 173
    System name: 0
    Filename: 0
    Start line: 0
Function #119
    Name: 174
    System name: 0
    Filename: 0
    Start line: 0
Function #120
    Name: 175
    System name: 0
    Filename: 0
    Start line: 0
Function #121
    Name: 176
    System name: 0
    Filename: 0
    Start line: 0
Attribute table:
     -> Key: Int(11)
     -> Value: Str(13)
     -> unit: Int(0)
Link table:
     -> Trace ID: Str()
     -> Span ID: Str()
String table:
    
    cpu
    nanoseconds
    samples
    count
    libc.so.6
    process.executable.build_id.htlhash
    profile.frame.type
    qemu-system-x86_64
    thread.name
    thread.id
    cpu.logical_number
    kvm
    process.executable.build_id.gnu
    kvm_vcpu_halt
    vcpu_run
    kvm_arch_vcpu_ioctl_run
    kvm_vcpu_ioctl
    vmlinux
    __x64_sys_ioctl
    x64_sys_call
    do_syscall_64
    entry_SYSCALL_64_after_hwframe
    otelcol-ebpf-profiler
    process.executable.build_id.go
    runtime.procyield
    /home/yunwei37/go/pkg/mod/golang.org/toolchain@v0.0.1-go1.25.0.linux-amd64/src/runtime/asm_amd64.s
    runtime.suspendG
    /home/yunwei37/go/pkg/mod/golang.org/toolchain@v0.0.1-go1.25.0.linux-amd64/src/runtime/preempt.go
    runtime.markroot.func1
    /home/yunwei37/go/pkg/mod/golang.org/toolchain@v0.0.1-go1.25.0.linux-amd64/src/runtime/mgcmark.go
    runtime.markroot
    runtime.gcDrain
    runtime.gcBgMarkWorker.func2
    /home/yunwei37/go/pkg/mod/golang.org/toolchain@v0.0.1-go1.25.0.linux-amd64/src/runtime/mgc.go
    runtime.systemstack
    runtime.gcBgMarkWorker
    runtime.gcBgMarkStartWorkers.gowrap1
    runtime.goexit
    do_anonymous_page
    handle_pte_fault
    __handle_mm_fault
    handle_mm_fault
    do_user_addr_fault
    exc_page_fault
    asm_exc_page_fault
    runtime.memclrNoHeapPointers
    /home/yunwei37/go/pkg/mod/golang.org/toolchain@v0.0.1-go1.25.0.linux-amd64/src/runtime/memclr_amd64.s
    runtime.growslice
    /home/yunwei37/go/pkg/mod/golang.org/toolchain@v0.0.1-go1.25.0.linux-amd64/src/runtime/slice.go
    go.opentelemetry.io/ebpf-profiler/nativeunwind/stackdeltatypes.(*StackDeltaArray).AddEx
    /tmp/opentelemetry-ebpf-profiler/nativeunwind/stackdeltatypes/stackdeltatypes.go
    go.opentelemetry.io/ebpf-profiler/nativeunwind/elfunwindinfo.(*elfExtractor).parseFDE
    /tmp/opentelemetry-ebpf-profiler/nativeunwind/elfunwindinfo/elfehframe.go
    go.opentelemetry.io/ebpf-profiler/nativeunwind/elfunwindinfo.(*elfExtractor).walkBinSearchTable
    go.opentelemetry.io/ebpf-profiler/nativeunwind/elfunwindinfo.(*elfExtractor).parseEHFrame
    go.opentelemetry.io/ebpf-profiler/nativeunwind/elfunwindinfo.extractFile
    /tmp/opentelemetry-ebpf-profiler/nativeunwind/elfunwindinfo/stackdeltaextraction.go
    go.opentelemetry.io/ebpf-profiler/nativeunwind/elfunwindinfo.ExtractELF
    go.opentelemetry.io/ebpf-profiler/nativeunwind/elfunwindinfo.(*ELFStackDeltaProvider).GetIntervalStructuresForFile
    /tmp/opentelemetry-ebpf-profiler/nativeunwind/elfunwindinfo/stackdeltaprovider.go
    go.opentelemetry.io/ebpf-profiler/processmanager/execinfomanager.(*ExecutableInfoManager).AddOrIncRef
    /tmp/opentelemetry-ebpf-profiler/processmanager/execinfomanager/manager.go
    go.opentelemetry.io/ebpf-profiler/processmanager.(*ProcessManager).newFrameMapping
    /tmp/opentelemetry-ebpf-profiler/processmanager/processinfo.go
    go.opentelemetry.io/ebpf-profiler/processmanager.(*ProcessManager).SynchronizeProcess.func1
    go.opentelemetry.io/ebpf-profiler/process.(*systemProcess).IterateMappings.func1
    /tmp/opentelemetry-ebpf-profiler/process/process.go
    go.opentelemetry.io/ebpf-profiler/process.iterateMappings
    go.opentelemetry.io/ebpf-profiler/process.(*systemProcess).IterateMappings
    go.opentelemetry.io/ebpf-profiler/processmanager.(*ProcessManager).SynchronizeProcess
    go.opentelemetry.io/ebpf-profiler/tracer.(*Tracer).processPIDEvents
    /tmp/opentelemetry-ebpf-profiler/tracer/events.go
    go.opentelemetry.io/ebpf-profiler/tracer.(*Tracer).StartPIDEventProcessor.gowrap1
    runtime.mapaccess2
    /home/yunwei37/go/pkg/mod/golang.org/toolchain@v0.0.1-go1.25.0.linux-amd64/src/internal/runtime/maps/group.go
    go.opentelemetry.io/ebpf-profiler/processmanager/execinfomanager.(*executableInfoManagerState).getUnwindInfoIndex
    go.opentelemetry.io/ebpf-profiler/processmanager/execinfomanager.(*executableInfoManagerState).loadDeltas
    generic_map_update_batch
    bpf_map_do_batch
    __sys_bpf
    __x64_sys_bpf
    internal/runtime/syscall.Syscall6
    /home/yunwei37/go/pkg/mod/golang.org/toolchain@v0.0.1-go1.25.0.linux-amd64/src/internal/runtime/syscall/asm_linux_amd64.s
    syscall.RawSyscall6
    /home/yunwei37/go/pkg/mod/golang.org/toolchain@v0.0.1-go1.25.0.linux-amd64/src/syscall/syscall_linux.go
    syscall.Syscall
    <autogenerated>
    github.com/cilium/ebpf/internal/sys.BPF
    /home/yunwei37/go/pkg/mod/github.com/cilium/ebpf@v0.21.0/internal/unix/types_linux.go
    github.com/cilium/ebpf.(*Map).batchUpdate
    /home/yunwei37/go/pkg/mod/github.com/cilium/ebpf@v0.21.0/map.go
    github.com/cilium/ebpf.(*Map).BatchUpdate
    go.opentelemetry.io/ebpf-profiler/processmanager/ebpf.(*ebpfMapsImpl).UpdateExeIDToStackDeltas
    /tmp/opentelemetry-ebpf-profiler/processmanager/ebpf/ebpf.go
    clear_page_erms
    get_page_from_freelist
    __alloc_frozen_pages_noprof
    alloc_pages_mpol
    vma_alloc_folio_noprof
    alloc_anon_folio
    runtime.memmove
    /home/yunwei37/go/pkg/mod/golang.org/toolchain@v0.0.1-go1.25.0.linux-amd64/src/runtime/memmove_amd64.s
    _copy_from_user
    go.opentelemetry.io/ebpf-profiler/nativeunwind/elfunwindinfo.(*vmRegs).getUnwindInfo
    runtime.getWeakHandle
    /home/yunwei37/go/pkg/mod/golang.org/toolchain@v0.0.1-go1.25.0.linux-amd64/src/runtime/mheap.go
    runtime.getOrAddWeakHandle
    weak.runtime_registerWeakPointer
    weak.Make[go.shape.struct { FunctionName go.opentelemetry.io/ebpf-profiler/libpf.String; SourceFile go.opentelemetry.io/ebpf-profiler/libpf.String; Mapping go.opentelemetry.io/ebpf-profiler/libpf.FrameMapping; SourceLine go.opentelemetry.io/ebpf-profiler/libpf.SourceLineno; SourceColumn go.opentelemetry.io/ebpf-profiler/libpf.SourceColumn; AddressOrLineno go.opentelemetry.io/ebpf-profiler/libpf.AddressOrLineno; FunctionOffset uint32; Type go.opentelemetry.io/ebpf-profiler/libpf.FrameType }]
    /home/yunwei37/go/pkg/mod/golang.org/toolchain@v0.0.1-go1.25.0.linux-amd64/src/weak/pointer.go
    unique.newEntryNode[go.shape.struct { FunctionName go.opentelemetry.io/ebpf-profiler/libpf.String; SourceFile go.opentelemetry.io/ebpf-profiler/libpf.String; Mapping go.opentelemetry.io/ebpf-profiler/libpf.FrameMapping; SourceLine go.opentelemetry.io/ebpf-profiler/libpf.SourceLineno; SourceColumn go.opentelemetry.io/ebpf-profiler/libpf.SourceColumn; AddressOrLineno go.opentelemetry.io/ebpf-profiler/libpf.AddressOrLineno; FunctionOffset uint32; Type go.opentelemetry.io/ebpf-profiler/libpf.FrameType }]
    /home/yunwei37/go/pkg/mod/golang.org/toolchain@v0.0.1-go1.25.0.linux-amd64/src/unique/canonmap.go
    unique.(*canonMap[go.shape.struct { FunctionName go.opentelemetry.io/ebpf-profiler/libpf.String; SourceFile go.opentelemetry.io/ebpf-profiler/libpf.String; Mapping go.opentelemetry.io/ebpf-profiler/libpf.FrameMapping; SourceLine go.opentelemetry.io/ebpf-profiler/libpf.SourceLineno; SourceColumn go.opentelemetry.io/ebpf-profiler/libpf.SourceColumn; AddressOrLineno go.opentelemetry.io/ebpf-profiler/libpf.AddressOrLineno; FunctionOffset uint32; Type go.opentelemetry.io/ebpf-profiler/libpf.FrameType }]).LoadOrStore
    unique.Make[go.shape.struct { FunctionName go.opentelemetry.io/ebpf-profiler/libpf.String; SourceFile go.opentelemetry.io/ebpf-profiler/libpf.String; Mapping go.opentelemetry.io/ebpf-profiler/libpf.FrameMapping; SourceLine go.opentelemetry.io/ebpf-profiler/libpf.SourceLineno; SourceColumn go.opentelemetry.io/ebpf-profiler/libpf.SourceColumn; AddressOrLineno go.opentelemetry.io/ebpf-profiler/libpf.AddressOrLineno; FunctionOffset uint32; Type go.opentelemetry.io/ebpf-profiler/libpf.FrameType }]
    /home/yunwei37/go/pkg/mod/golang.org/toolchain@v0.0.1-go1.25.0.linux-amd64/src/unique/handle.go
    go.opentelemetry.io/ebpf-profiler/processmanager.(*ProcessManager).convertFrame
    /tmp/opentelemetry-ebpf-profiler/libpf/trace.go
    go.opentelemetry.io/ebpf-profiler/processmanager.(*ProcessManager).HandleTrace
    /tmp/opentelemetry-ebpf-profiler/processmanager/manager.go
    go.opentelemetry.io/ebpf-profiler/tracer.(*Tracer).HandleTrace
    /tmp/opentelemetry-ebpf-profiler/tracer/tracer.go
    go.opentelemetry.io/ebpf-profiler/internal/controller.(*Controller).startTraceHandling.func1
    /tmp/opentelemetry-ebpf-profiler/internal/controller/controller.go
    mas_walk
    mas_find
    m_start
    seq_read_iter
    seq_read
    vfs_read
    ksys_read
    __x64_sys_read
    runtime.mallocgcSmallScanNoHeader
    /home/yunwei37/go/pkg/mod/golang.org/toolchain@v0.0.1-go1.25.0.linux-amd64/src/runtime/mbitmap.go
    runtime.mallocgc
    /home/yunwei37/go/pkg/mod/golang.org/toolchain@v0.0.1-go1.25.0.linux-amd64/src/runtime/malloc.go
    runtime.newobject
    aeshashbody
    runtime.memhash_varlen
    /home/yunwei37/go/pkg/mod/golang.org/toolchain@v0.0.1-go1.25.0.linux-amd64/src/runtime/alg.go
    /home/yunwei37/go/pkg/mod/golang.org/toolchain@v0.0.1-go1.25.0.linux-amd64/src/internal/runtime/maps/runtime_swiss.go
    runtime.(*mspan).init
    runtime.(*mheap).allocSpan
    runtime.(*mheap).alloc.func1
    runtime.(*mheap).alloc
    runtime.(*mcentral).grow
    /home/yunwei37/go/pkg/mod/golang.org/toolchain@v0.0.1-go1.25.0.linux-amd64/src/runtime/mcentral.go
    runtime.(*mcentral).cacheSpan
    runtime.(*mcache).refill
    /home/yunwei37/go/pkg/mod/golang.org/toolchain@v0.0.1-go1.25.0.linux-amd64/src/runtime/mcache.go
    runtime.(*mcache).nextFree
    runtime.mallocgcSmallNoscan
    runtime.makeslice
    go.opentelemetry.io/ebpf-profiler/tracer.(*Tracer).monitorPIDEventsMap
    go.opentelemetry.io/ebpf-profiler/tracer.(*Tracer).StartMapMonitors.func1
    go.opentelemetry.io/ebpf-profiler/periodiccaller.StartWithManualTrigger.func1
    /tmp/opentelemetry-ebpf-profiler/periodiccaller/periodiccaller.go
    linux-vdso.1.so
    runtime.nanotime1
    /home/yunwei37/go/pkg/mod/golang.org/toolchain@v0.0.1-go1.25.0.linux-amd64/src/runtime/sys_linux_amd64.s
    established_get_first
    tcp_get_idx
    tcp_seq_start
    proc_reg_read
    agentsight
    codex
    xas_load
    filemap_get_read_batch
    filemap_get_pages
    filemap_read
    generic_file_read_iter
    ext4_file_read_iter
    __x64_sys_pread64
    futex_wake_mark
    futex_wake
    do_futex
    __x64_sys_futex
ResourceProfiles #0
Resource SchemaURL: https://opentelemetry.io/schemas/1.37.0
Resource attributes:
     -> process.pid: Int(1275494)
     -> process.executable.path: Str(/usr/local/bin/qemu-system-x86_64)
     -> process.executable.name: Str(qemu-system-x86_64)
ScopeProfiles #0
ScopeProfiles SchemaURL: https://opentelemetry.io/schemas/1.37.0
InstrumentationScope go.opentelemetry.io/ebpf-profiler v0.0.0
Profile #0
    Profile ID     : 
    Start time     : 2026-06-21 21:07:12.540536521 +0000 UTC
    DurationNano   : 5000946369
    Dropped attributes count: 0
    Sample #0
        Values: []
        Attributes:
             -> thread.name: qemu-system-x86
             -> thread.id: %!s(int64=1275497)
             -> cpu.logical_number: %!s(int64=2)
    Sample #1
        Values: []
        Attributes:
             -> thread.name: qemu-system-x86
             -> thread.id: %!s(int64=1275500)
             -> cpu.logical_number: %!s(int64=3)
    Sample #2
        Values: []
        Attributes:
             -> thread.name: qemu-system-x86
             -> thread.id: %!s(int64=1275499)
             -> cpu.logical_number: %!s(int64=4)
    Sample #3
        Values: []
        Attributes:
             -> thread.name: qemu-system-x86
             -> thread.id: %!s(int64=1275503)
             -> cpu.logical_number: %!s(int64=5)
    Sample #4
        Values: []
        Attributes:
             -> thread.name: qemu-system-x86
             -> thread.id: %!s(int64=1275504)
             -> cpu.logical_number: %!s(int64=7)
    Sample #5
        Values: []
        Attributes:
             -> thread.name: qemu-system-x86
             -> thread.id: %!s(int64=1275498)
             -> cpu.logical_number: %!s(int64=0)
ResourceProfiles #1
Resource SchemaURL: https://opentelemetry.io/schemas/1.37.0
Resource attributes:
     -> process.pid: Int(1278293)
     -> process.executable.path: Str(/tmp/opentelemetry-ebpf-profiler/otelcol-ebpf-profiler)
     -> process.executable.name: Str(otelcol-ebpf-profiler)
ScopeProfiles #0
ScopeProfiles SchemaURL: https://opentelemetry.io/schemas/1.37.0
InstrumentationScope go.opentelemetry.io/ebpf-profiler v0.0.0
Profile #0
    Profile ID     : 
    Start time     : 2026-06-21 21:07:12.540536521 +0000 UTC
    DurationNano   : 5000946369
    Dropped attributes count: 0
    Sample #0
        Values: []
        Attributes:
             -> thread.name: otelcol-ebpf-pr
             -> thread.id: %!s(int64=1278333)
             -> cpu.logical_number: %!s(int64=18)
    Sample #1
        Values: []
        Attributes:
             -> thread.name: otelcol-ebpf-pr
             -> thread.id: %!s(int64=1278343)
             -> cpu.logical_number: %!s(int64=11)
    Sample #2
        Values: []
        Attributes:
             -> thread.name: otelcol-ebpf-pr
             -> thread.id: %!s(int64=1278346)
             -> cpu.logical_number: %!s(int64=1)
    Sample #3
        Values: []
        Attributes:
             -> thread.name: otelcol-ebpf-pr
             -> thread.id: %!s(int64=1278346)
             -> cpu.logical_number: %!s(int64=1)
    Sample #4
        Values: []
        Attributes:
             -> thread.name: otelcol-ebpf-pr
             -> thread.id: %!s(int64=1278334)
             -> cpu.logical_number: %!s(int64=22)
    Sample #5
        Values: []
        Attributes:
             -> thread.name: otelcol-ebpf-pr
             -> thread.id: %!s(int64=1278352)
             -> cpu.logical_number: %!s(int64=3)
    Sample #6
        Values: []
        Attributes:
             -> thread.name: otelcol-ebpf-pr
             -> thread.id: %!s(int64=1278335)
             -> cpu.logical_number: %!s(int64=10)
    Sample #7
        Values: []
        Attributes:
             -> thread.name: otelcol-ebpf-pr
             -> thread.id: %!s(int64=1278346)
             -> cpu.logical_number: %!s(int64=1)
    Sample #8
        Values: []
        Attributes:
             -> thread.name: otelcol-ebpf-pr
             -> thread.id: %!s(int64=1278333)
             -> cpu.logical_number: %!s(int64=18)
    Sample #9
        Values: []
        Attributes:
             -> thread.name: otelcol-ebpf-pr
             -> thread.id: %!s(int64=1278346)
             -> cpu.logical_number: %!s(int64=1)
    Sample #10
        Values: []
        Attributes:
             -> thread.name: otelcol-ebpf-pr
             -> thread.id: %!s(int64=1278334)
             -> cpu.logical_number: %!s(int64=22)
    Sample #11
        Values: []
        Attributes:
             -> thread.name: otelcol-ebpf-pr
             -> thread.id: %!s(int64=1278332)
             -> cpu.logical_number: %!s(int64=12)
    Sample #12
        Values: []
        Attributes:
             -> thread.name: otelcol-ebpf-pr
             -> thread.id: %!s(int64=1278334)
             -> cpu.logical_number: %!s(int64=22)
    Sample #13
        Values: []
        Attributes:
             -> thread.name: otelcol-ebpf-pr
             -> thread.id: %!s(int64=1278333)
             -> cpu.logical_number: %!s(int64=1)
    Sample #14
        Values: []
        Attributes:
             -> thread.name: otelcol-ebpf-pr
             -> thread.id: %!s(int64=1278343)
             -> cpu.logical_number: %!s(int64=1)
    Sample #15
        Values: []
        Attributes:
             -> thread.name: otelcol-ebpf-pr
             -> thread.id: %!s(int64=1278346)
             -> cpu.logical_number: %!s(int64=21)
    Sample #16
        Values: []
        Attributes:
             -> thread.name: otelcol-ebpf-pr
             -> thread.id: %!s(int64=1278335)
             -> cpu.logical_number: %!s(int64=10)
    Sample #17
        Values: []
        Attributes:
             -> thread.name: otelcol-ebpf-pr
             -> thread.id: %!s(int64=1278352)
             -> cpu.logical_number: %!s(int64=3)
ResourceProfiles #2
Resource SchemaURL: https://opentelemetry.io/schemas/1.37.0
Resource attributes:
     -> process.pid: Int(2711)
     -> process.executable.path: Str(/home/yunwei37/.cargo/bin/agentsight)
     -> process.executable.name: Str(agentsight)
ScopeProfiles #0
ScopeProfiles SchemaURL: https://opentelemetry.io/schemas/1.37.0
InstrumentationScope go.opentelemetry.io/ebpf-profiler v0.0.0
Profile #0
    Profile ID     : 
    Start time     : 2026-06-21 21:07:12.540536521 +0000 UTC
    DurationNano   : 5000946369
    Dropped attributes count: 0
    Sample #0
        Values: []
        Attributes:
             -> thread.name: agentsight
             -> thread.id: %!s(int64=2711)
             -> cpu.logical_number: %!s(int64=1)
    Sample #1
        Values: []
        Attributes:
             -> thread.name: agentsight
             -> thread.id: %!s(int64=2711)
             -> cpu.logical_number: %!s(int64=1)
ResourceProfiles #3
Resource SchemaURL: https://opentelemetry.io/schemas/1.37.0
Resource attributes:
     -> process.pid: Int(6917)
     -> process.executable.path: Str(/home/yunwei37/.nvm/versions/node/v22.22.0/lib/node_modules/@openai/codex/node_modules/@openai/codex-linux-x64/vendor/x86_64-unknown-linux-musl/bin/codex)
     -> process.executable.name: Str(codex)
ScopeProfiles #0
ScopeProfiles SchemaURL: https://opentelemetry.io/schemas/1.37.0
InstrumentationScope go.opentelemetry.io/ebpf-profiler v0.0.0
Profile #0
    Profile ID     : 
    Start time     : 2026-06-21 21:07:12.540536521 +0000 UTC
    DurationNano   : 5000946369
    Dropped attributes count: 0
    Sample #0
        Values: []
        Attributes:
             -> thread.name: sqlx-sqlite-wor
             -> thread.id: %!s(int64=1234982)
             -> cpu.logical_number: %!s(int64=9)
    Sample #1
        Values: []
        Attributes:
             -> thread.name: sqlx-sqlite-wor
             -> thread.id: %!s(int64=1259652)
             -> cpu.logical_number: %!s(int64=23)
    Sample #2
        Values: []
        Attributes:
             -> thread.name: sqlx-sqlite-wor
             -> thread.id: %!s(int64=1234982)
             -> cpu.logical_number: %!s(int64=9)
    Sample #3
        Values: []
        Attributes:
             -> thread.name: sqlx-sqlite-wor
             -> thread.id: %!s(int64=1259652)
             -> cpu.logical_number: %!s(int64=23)
    Sample #4
        Values: []
        Attributes:
             -> thread.name: sqlx-sqlite-wor
             -> thread.id: %!s(int64=1259652)
             -> cpu.logical_number: %!s(int64=23)
    Sample #5
        Values: []
        Attributes:
             -> thread.name: tokio-rt-worker
             -> thread.id: %!s(int64=6925)
             -> cpu.logical_number: %!s(int64=4)
    Sample #6
        Values: []
        Attributes:
             -> thread.name: sqlx-sqlite-wor
             -> thread.id: %!s(int64=1234982)
             -> cpu.logical_number: %!s(int64=9)
    Sample #7
        Values: []
        Attributes:
             -> thread.name: sqlx-sqlite-wor
             -> thread.id: %!s(int64=1234982)
             -> cpu.logical_number: %!s(int64=9)
    Sample #8
        Values: []
        Attributes:
             -> thread.name: tokio-rt-worker
             -> thread.id: %!s(int64=6939)
             -> cpu.logical_number: %!s(int64=13)
	{"resource": {"service.instance.id": "590e4d51-9cf1-4fd0-accd-50eba04fdf79", "service.name": "otelcol-ebpf-profiler", "service.version": "dev"}, "otelcol.component.id": "debug", "otelcol.component.kind": "exporter", "otelcol.signal": "profiles"}
2026-06-21T14:07:22.543-0700	info	Profiles	{"resource": {"service.instance.id": "590e4d51-9cf1-4fd0-accd-50eba04fdf79", "service.name": "otelcol-ebpf-profiler", "service.version": "dev"}, "otelcol.component.id": "debug", "otelcol.component.kind": "exporter", "otelcol.signal": "profiles", "resource profiles": 6, "sample records": 78}
2026-06-21T14:07:22.544-0700	info	Mapping #0
    Memory start: 0
    Memory limit: 0
    File offset: 0
    File name: 0
    Attributes: []
Mapping #1
    Memory start: 163840
    Memory limit: 1769472
    File offset: 163840
    File name: 5
    Attributes: [1]
Mapping #2
    Memory start: 3289088
    Memory limit: 10268672
    File offset: 3289088
    File name: 8
    Attributes: [3]
Mapping #3
    Memory start: 0
    Memory limit: 0
    File offset: 0
    File name: 12
    Attributes: [9 10]
Mapping #4
    Memory start: 0
    Memory limit: 0
    File offset: 0
    File name: 25
    Attributes: [16 17]
Mapping #5
    Memory start: 0
    Memory limit: 0
    File offset: 0
    File name: 69
    Attributes: [23 24]
Mapping #6
    Memory start: 7925760
    Memory limit: 214024192
    File offset: 7925760
    File name: 75
    Attributes: [32]
Mapping #7
    Memory start: 4194304
    Memory limit: 19996672
    File offset: 0
    File name: 76
    Attributes: [42 43]
Mapping #8
    Memory start: 0
    Memory limit: 0
    File offset: 0
    File name: 184
    Attributes: [58 59]
Mapping #9
    Memory start: 0
    Memory limit: 0
    File offset: 0
    File name: 199
    Attributes: [60 61]
Mapping #10
    Memory start: 14532608
    Memory limit: 21663744
    File offset: 14528512
    File name: 265
    Attributes: [65 66]
Mapping #11
    Memory start: 14893056
    Memory limit: 53129216
    File offset: 10698752
    File name: 270
    Attributes: [72 73]
Mapping #12
    Memory start: 667648
    Memory limit: 2093056
    File offset: 667648
    File name: 330
    Attributes: [77]
Location #0
    Mapping index: 0
    Address: 0
    Attributes: []
Location #1
    Mapping index: 1
    Address: 1199644
    Attributes: [2]
Location #2
    Mapping index: 2
    Address: 8064589
    Attributes: [2]
Location #3
    Mapping index: 2
    Address: 8065813
    Attributes: [2]
Location #4
    Mapping index: 2
    Address: 8072740
    Attributes: [2]
Location #5
    Mapping index: 2
    Address: 10031167
    Attributes: [2]
Location #6
    Mapping index: 1
    Address: 641699
    Attributes: [2]
Location #7
    Mapping index: 1
    Address: 1219691
    Attributes: [2]
Location #8
    Mapping index: 3
    Address: 4950010
    Line #0
        Function index: 1
        Line: 0
        Column: 0
    Attributes: [11]
Location #9
    Mapping index: 3
    Address: 22446877
    Line #0
        Function index: 2
        Line: 0
        Column: 0
    Attributes: [11]
Location #10
    Mapping index: 3
    Address: 4891449
    Line #0
        Function index: 3
        Line: 0
        Column: 0
    Attributes: [11]
Location #11
    Mapping index: 3
    Address: 8798594
    Line #0
        Function index: 4
        Line: 0
        Column: 0
    Attributes: [11]
Location #12
    Mapping index: 3
    Address: 9197075
    Line #0
        Function index: 5
        Line: 0
        Column: 0
    Attributes: [11]
Location #13
    Mapping index: 3
    Address: 8805360
    Line #0
        Function index: 6
        Line: 0
        Column: 0
    Attributes: [11]
Location #14
    Mapping index: 3
    Address: 8806457
    Line #0
        Function index: 7
        Line: 0
        Column: 0
    Attributes: [11]
Location #15
    Mapping index: 3
    Address: 8808954
    Line #0
        Function index: 8
        Line: 0
        Column: 0
    Attributes: [11]
Location #16
    Mapping index: 3
    Address: 3169035
    Line #0
        Function index: 9
        Line: 0
        Column: 0
    Attributes: [11]
Location #17
    Mapping index: 3
    Address: 22351549
    Line #0
        Function index: 10
        Line: 0
        Column: 0
    Attributes: [11]
Location #18
    Mapping index: 3
    Address: 298
    Line #0
        Function index: 11
        Line: 0
        Column: 0
    Attributes: [11]
Location #19
    Mapping index: 1
    Address: 1161775
    Attributes: [2]
Location #20
    Mapping index: 2
    Address: 10129185
    Attributes: [2]
Location #21
    Mapping index: 2
    Address: 10116797
    Attributes: [2]
Location #22
    Mapping index: 2
    Address: 5756648
    Attributes: [2]
Location #23
    Mapping index: 2
    Address: 9330025
    Attributes: [2]
Location #24
    Mapping index: 1
    Address: 172489
    Attributes: [2]
Location #25
    Mapping index: 1
    Address: 172682
    Attributes: [2]
Location #26
    Mapping index: 2
    Address: 3350436
    Attributes: [2]
Location #27
    Mapping index: 4
    Address: 344007
    Line #0
        Function index: 12
        Line: 0
        Column: 0
    Attributes: [11]
Location #28
    Mapping index: 4
    Address: 344135
    Line #0
        Function index: 13
        Line: 0
        Column: 0
    Attributes: [11]
Location #29
    Mapping index: 4
    Address: 335940
    Line #0
        Function index: 14
        Line: 0
        Column: 0
    Attributes: [11]
Location #30
    Mapping index: 4
    Address: 217066
    Line #0
        Function index: 15
        Line: 0
        Column: 0
    Attributes: [11]
Location #31
    Mapping index: 4
    Address: 262632
    Line #0
        Function index: 16
        Line: 0
        Column: 0
    Attributes: [11]
Location #32
    Mapping index: 4
    Address: 27898
    Line #0
        Function index: 17
        Line: 0
        Column: 0
    Attributes: [11]
Location #33
    Mapping index: 4
    Address: 58944
    Line #0
        Function index: 18
        Line: 0
        Column: 0
    Attributes: [11]
Location #34
    Mapping index: 4
    Address: 257204
    Line #0
        Function index: 19
        Line: 0
        Column: 0
    Attributes: [11]
Location #35
    Mapping index: 4
    Address: 263878
    Line #0
        Function index: 20
        Line: 0
        Column: 0
    Attributes: [11]
Location #36
    Mapping index: 4
    Address: 36894
    Line #0
        Function index: 21
        Line: 0
        Column: 0
    Attributes: [11]
Location #37
    Mapping index: 3
    Address: 8793251
    Line #0
        Function index: 22
        Line: 0
        Column: 0
    Attributes: [11]
Location #38
    Mapping index: 3
    Address: 3167594
    Line #0
        Function index: 9
        Line: 0
        Column: 0
    Attributes: [11]
Location #39
    Mapping index: 3
    Address: 7874630
    Line #0
        Function index: 23
        Line: 0
        Column: 0
    Attributes: [11]
Location #40
    Mapping index: 3
    Address: 7876566
    Line #0
        Function index: 24
        Line: 0
        Column: 0
    Attributes: [11]
Location #41
    Mapping index: 3
    Address: 7908591
    Line #0
        Function index: 25
        Line: 0
        Column: 0
    Attributes: [11]
Location #42
    Mapping index: 3
    Address: 7894883
    Line #0
        Function index: 26
        Line: 0
        Column: 0
    Attributes: [11]
Location #43
    Mapping index: 3
    Address: 7915423
    Line #0
        Function index: 27
        Line: 0
        Column: 0
    Attributes: [11]
Location #44
    Mapping index: 3
    Address: 7916492
    Line #0
        Function index: 28
        Line: 0
        Column: 0
    Attributes: [11]
Location #45
    Mapping index: 3
    Address: 8364795
    Line #0
        Function index: 29
        Line: 0
        Column: 0
    Attributes: [11]
Location #46
    Mapping index: 3
    Address: 8368505
    Line #0
        Function index: 30
        Line: 0
        Column: 0
    Attributes: [11]
Location #47
    Mapping index: 3
    Address: 8376262
    Line #0
        Function index: 31
        Line: 0
        Column: 0
    Attributes: [11]
Location #48
    Mapping index: 3
    Address: 7687569
    Line #0
        Function index: 32
        Line: 0
        Column: 0
    Attributes: [11]
Location #49
    Mapping index: 3
    Address: 7688355
    Line #0
        Function index: 33
        Line: 0
        Column: 0
    Attributes: [11]
Location #50
    Mapping index: 3
    Address: 7691658
    Line #0
        Function index: 34
        Line: 0
        Column: 0
    Attributes: [11]
Location #51
    Mapping index: 3
    Address: 8030191
    Line #0
        Function index: 35
        Line: 0
        Column: 0
    Attributes: [11]
Location #52
    Mapping index: 3
    Address: 8033040
    Line #0
        Function index: 36
        Line: 0
        Column: 0
    Attributes: [11]
Location #53
    Mapping index: 3
    Address: 8034836
    Line #0
        Function index: 37
        Line: 0
        Column: 0
    Attributes: [11]
Location #54
    Mapping index: 3
    Address: 8276678
    Line #0
        Function index: 38
        Line: 0
        Column: 0
    Attributes: [11]
Location #55
    Mapping index: 3
    Address: 8289146
    Line #0
        Function index: 39
        Line: 0
        Column: 0
    Attributes: [11]
Location #56
    Mapping index: 3
    Address: 8420278
    Line #0
        Function index: 40
        Line: 0
        Column: 0
    Attributes: [11]
Location #57
    Mapping index: 3
    Address: 8444830
    Line #0
        Function index: 41
        Line: 0
        Column: 0
    Attributes: [11]
Location #58
    Mapping index: 3
    Address: 8445518
    Line #0
        Function index: 42
        Line: 0
        Column: 0
    Attributes: [11]
Location #59
    Mapping index: 3
    Address: 7814811
    Line #0
        Function index: 43
        Line: 0
        Column: 0
    Attributes: [11]
Location #60
    Mapping index: 3
    Address: 7815089
    Line #0
        Function index: 44
        Line: 0
        Column: 0
    Attributes: [11]
Location #61
    Mapping index: 3
    Address: 7727059
    Line #0
        Function index: 45
        Line: 0
        Column: 0
    Attributes: [11]
Location #62
    Mapping index: 3
    Address: 7730549
    Line #0
        Function index: 46
        Line: 0
        Column: 0
    Attributes: [11]
Location #63
    Mapping index: 4
    Address: 56569
    Line #0
        Function index: 47
        Line: 0
        Column: 0
    Attributes: [11]
Location #64
    Mapping index: 4
    Address: 57104
    Line #0
        Function index: 48
        Line: 0
        Column: 0
    Attributes: [11]
Location #65
    Mapping index: 4
    Address: 57306
    Line #0
        Function index: 49
        Line: 0
        Column: 0
    Attributes: [11]
Location #66
    Mapping index: 4
    Address: 462836
    Line #0
        Function index: 50
        Line: 0
        Column: 0
    Attributes: [11]
Location #67
    Mapping index: 4
    Address: 464705
    Line #0
        Function index: 51
        Line: 0
        Column: 0
    Attributes: [11]
Location #68
    Mapping index: 4
    Address: 478285
    Line #0
        Function index: 52
        Line: 0
        Column: 0
    Attributes: [11]
Location #69
    Mapping index: 4
    Address: 478961
    Line #0
        Function index: 53
        Line: 0
        Column: 0
    Attributes: [11]
Location #70
    Mapping index: 4
    Address: 479171
    Line #0
        Function index: 54
        Line: 0
        Column: 0
    Attributes: [11]
Location #71
    Mapping index: 5
    Address: 16647
    Line #0
        Function index: 55
        Line: 0
        Column: 0
    Attributes: [11]
Location #72
    Mapping index: 5
    Address: 109474
    Line #0
        Function index: 56
        Line: 0
        Column: 0
    Attributes: [11]
Location #73
    Mapping index: 5
    Address: 110801
    Line #0
        Function index: 57
        Line: 0
        Column: 0
    Attributes: [11]
Location #74
    Mapping index: 4
    Address: 254426
    Line #0
        Function index: 58
        Line: 0
        Column: 0
    Attributes: [11]
Location #75
    Mapping index: 4
    Address: 256744
    Line #0
        Function index: 19
        Line: 0
        Column: 0
    Attributes: [11]
Location #76
    Mapping index: 3
    Address: 8364480
    Line #0
        Function index: 29
        Line: 0
        Column: 0
    Attributes: [11]
Location #77
    Mapping index: 3
    Address: 5390831
    Line #0
        Function index: 59
        Line: 0
        Column: 0
    Attributes: [11]
Location #78
    Mapping index: 1
    Address: 1160085
    Attributes: [2]
Location #79
    Mapping index: 2
    Address: 3545173
    Attributes: [2]
Location #80
    Mapping index: 2
    Address: 3552122
    Attributes: [2]
Location #81
    Mapping index: 2
    Address: 3579004
    Attributes: [2]
Location #82
    Mapping index: 2
    Address: 10125010
    Attributes: [2]
Location #83
    Mapping index: 1
    Address: 388991
    Attributes: [2]
Location #84
    Mapping index: 6
    Address: 182054404
    Attributes: [2]
Location #85
    Mapping index: 6
    Address: 181229045
    Attributes: [2]
Location #86
    Mapping index: 6
    Address: 181383952
    Attributes: [2]
Location #87
    Mapping index: 6
    Address: 181383645
    Attributes: [2]
Location #88
    Mapping index: 6
    Address: 181355338
    Attributes: [2]
Location #89
    Mapping index: 6
    Address: 181343931
    Attributes: [2]
Location #90
    Mapping index: 6
    Address: 181333758
    Attributes: [2]
Location #91
    Mapping index: 6
    Address: 181090943
    Attributes: [2]
Location #92
    Mapping index: 6
    Address: 173355690
    Attributes: [2]
Location #93
    Mapping index: 6
    Address: 173517285
    Attributes: [2]
Location #94
    Mapping index: 6
    Address: 148867165
    Attributes: [2]
Location #95
    Mapping index: 6
    Address: 176398003
    Attributes: [2]
Location #96
    Mapping index: 6
    Address: 213968242
    Attributes: [2]
Location #97
    Mapping index: 6
    Address: 181240112
    Attributes: [2]
Location #98
    Mapping index: 6
    Address: 181253673
    Attributes: [2]
Location #99
    Mapping index: 6
    Address: 181249887
    Attributes: [2]
Location #100
    Mapping index: 6
    Address: 181103957
    Attributes: [2]
Location #101
    Mapping index: 6
    Address: 181104891
    Attributes: [2]
Location #102
    Mapping index: 6
    Address: 181272534
    Attributes: [2]
Location #103
    Mapping index: 6
    Address: 181269674
    Attributes: [2]
Location #104
    Mapping index: 6
    Address: 181339827
    Attributes: [2]
Location #105
    Mapping index: 6
    Address: 181095427
    Attributes: [2]
Location #106
    Mapping index: 6
    Address: 173576534
    Attributes: [2]
Location #107
    Mapping index: 6
    Address: 173517044
    Attributes: [2]
Location #108
    Mapping index: 6
    Address: 181356530
    Attributes: [2]
Location #109
    Mapping index: 6
    Address: 181358856
    Attributes: [2]
Location #110
    Mapping index: 6
    Address: 181299763
    Attributes: [2]
Location #111
    Mapping index: 6
    Address: 181357608
    Attributes: [2]
Location #112
    Mapping index: 6
    Address: 181309140
    Attributes: [2]
Location #113
    Mapping index: 6
    Address: 213933402
    Attributes: [2]
Location #114
    Mapping index: 6
    Address: 213963917
    Attributes: [2]
Location #115
    Mapping index: 6
    Address: 181325295
    Attributes: [2]
Location #116
    Mapping index: 6
    Address: 213972601
    Attributes: [2]
Location #117
    Mapping index: 7
    Address: 18904521
    Line #0
        Function index: 60
        Line: 157
        Column: 0
    Attributes: [44]
Location #118
    Mapping index: 7
    Address: 18901885
    Line #0
        Function index: 61
        Line: 114
        Column: 0
    Attributes: [44]
Location #119
    Mapping index: 7
    Address: 18902116
    Line #0
        Function index: 61
        Line: 124
        Column: 0
    Attributes: [44]
Location #120
    Mapping index: 7
    Address: 18900932
    Line #0
        Function index: 62
        Line: 158
        Column: 0
    Attributes: [44]
Location #121
    Mapping index: 7
    Address: 18958678
    Line #0
        Function index: 63
        Line: 230
        Column: 0
    Attributes: [44]
Location #122
    Mapping index: 7
    Address: 18957892
    Line #0
        Function index: 64
        Line: 182
        Column: 0
    Attributes: [44]
Location #123
    Mapping index: 7
    Address: 18959142
    Line #0
        Function index: 65
        Line: 37
        Column: 0
    Attributes: [44]
Location #124
    Mapping index: 7
    Address: 19372701
    Line #0
        Function index: 66
        Line: 187
        Column: 0
    Attributes: [44]
Location #125
    Mapping index: 7
    Address: 19422167
    Line #0
        Function index: 67
        Line: 384
        Column: 0
    Attributes: [44]
Location #126
    Mapping index: 7
    Address: 19432468
    Line #0
        Function index: 68
        Line: 606
        Column: 0
    Attributes: [44]
Location #127
    Mapping index: 7
    Address: 18445717
    Line #0
        Function index: 69
        Line: 403
        Column: 0
    Attributes: [44]
Location #128
    Mapping index: 7
    Address: 18443691
    Line #0
        Function index: 70
        Line: 378
        Column: 0
    Attributes: [44]
Location #129
    Mapping index: 7
    Address: 18444583
    Line #0
        Function index: 71
        Line: 407
        Column: 0
    Attributes: [44]
Location #130
    Mapping index: 7
    Address: 19428093
    Line #0
        Function index: 72
        Line: 552
        Column: 0
    Attributes: [44]
Location #131
    Mapping index: 7
    Address: 19501466
    Line #0
        Function index: 73
        Line: 57
        Column: 0
    Attributes: [44]
Location #132
    Mapping index: 7
    Address: 19500935
    Line #0
        Function index: 74
        Line: 47
        Column: 0
    Attributes: [44]
Location #133
    Mapping index: 7
    Address: 4740960
    Line #0
        Function index: 75
        Line: 1694
        Column: 0
    Attributes: [44]
Location #134
    Mapping index: 7
    Address: 4387905
    Line #0
        Function index: 76
        Line: 905
        Column: 0
    Attributes: [44]
Location #135
    Mapping index: 7
    Address: 4325610
    Line #0
        Function index: 77
        Line: 215
        Column: 0
    Attributes: [44]
Location #136
    Mapping index: 7
    Address: 4310653
    Line #0
        Function index: 78
        Line: 970
        Column: 0
    Attributes: [44]
Location #137
    Mapping index: 7
    Address: 4312900
    Line #0
        Function index: 79
        Line: 1430
        Column: 0
    Attributes: [44]
Location #138
    Mapping index: 7
    Address: 4699204
    Line #0
        Function index: 80
        Line: 1066
        Column: 0
    Attributes: [44]
Location #139
    Mapping index: 7
    Address: 4697796
    Line #0
        Function index: 81
        Line: 444
        Column: 0
    Attributes: [44]
Location #140
    Mapping index: 7
    Address: 19539268
    Line #0
        Function index: 82
        Line: 925
        Column: 0
    Attributes: [44]
Location #141
    Mapping index: 7
    Address: 19544164
    Line #0
        Function index: 83
        Line: 1111
        Column: 0
    Attributes: [44]
Location #142
    Mapping index: 7
    Address: 18456436
    Line #0
        Function index: 84
        Line: 55
        Column: 0
    Attributes: [44]
Location #143
    Mapping index: 3
    Address: 4020431
    Line #0
        Function index: 85
        Line: 0
        Column: 0
    Attributes: [11]
Location #144
    Mapping index: 3
    Address: 8604938
    Line #0
        Function index: 86
        Line: 0
        Column: 0
    Attributes: [11]
Location #145
    Mapping index: 3
    Address: 8605422
    Line #0
        Function index: 87
        Line: 0
        Column: 0
    Attributes: [11]
Location #146
    Mapping index: 3
    Address: 8605584
    Line #0
        Function index: 88
        Line: 0
        Column: 0
    Attributes: [11]
Location #147
    Mapping index: 3
    Address: 6564296
    Line #0
        Function index: 89
        Line: 0
        Column: 0
    Attributes: [11]
Location #148
    Mapping index: 3
    Address: 6548654
    Line #0
        Function index: 90
        Line: 0
        Column: 0
    Attributes: [11]
Location #149
    Mapping index: 3
    Address: 6574650
    Line #0
        Function index: 91
        Line: 0
        Column: 0
    Attributes: [11]
Location #150
    Mapping index: 3
    Address: 6576780
    Line #0
        Function index: 92
        Line: 0
        Column: 0
    Attributes: [11]
Location #151
    Mapping index: 3
    Address: 3172050
    Line #0
        Function index: 9
        Line: 0
        Column: 0
    Attributes: [11]
Location #152
    Mapping index: 7
    Address: 4224397
    Line #0
        Function index: 93
        Line: 36
        Column: 0
    Attributes: [44]
Location #153
    Mapping index: 7
    Address: 4849036
    Line #0
        Function index: 94
        Line: 67
        Column: 0
    Attributes: [44]
Location #154
    Mapping index: 7
    Address: 4849125
    Line #0
        Function index: 95
        Line: 87
        Column: 0
    Attributes: [44]
Location #155
    Mapping index: 7
    Address: 4852909
    Line #0
        Function index: 96
        Line: 1
        Column: 0
    Attributes: [44]
Location #156
    Mapping index: 7
    Address: 17802355
    Line #0
        Function index: 97
        Line: 95
        Column: 0
    Attributes: [44]
Location #157
    Mapping index: 7
    Address: 18185741
    Line #0
        Function index: 98
        Line: 1420
        Column: 0
    Attributes: [44]
Location #158
    Mapping index: 7
    Address: 18185389
    Line #0
        Function index: 99
        Line: 1399
        Column: 0
    Attributes: [44]
Location #159
    Mapping index: 7
    Address: 19489045
    Line #0
        Function index: 100
        Line: 547
        Column: 0
    Attributes: [44]
Location #160
    Mapping index: 7
    Address: 19380040
    Line #0
        Function index: 101
        Line: 449
        Column: 0
    Attributes: [44]
Location #161
    Mapping index: 7
    Address: 19373291
    Line #0
        Function index: 66
        Line: 222
        Column: 0
    Attributes: [44]
Location #162
    Mapping index: 7
    Address: 18907271
    Line #0
        Function index: 102
        Line: 219
        Column: 0
    Attributes: [44]
Location #163
    Mapping index: 7
    Address: 18901419
    Line #0
        Function index: 61
        Line: 101
        Column: 0
    Attributes: [44]
Location #164
    Mapping index: 7
    Address: 18907337
    Line #0
        Function index: 102
        Line: 219
        Column: 0
    Attributes: [44]
Location #165
    Mapping index: 3
    Address: 8124764
    Line #0
        Function index: 103
        Line: 0
        Column: 0
    Attributes: [11]
Location #166
    Mapping index: 3
    Address: 8605260
    Line #0
        Function index: 86
        Line: 0
        Column: 0
    Attributes: [11]
Location #167
    Mapping index: 7
    Address: 9937919
    Line #0
        Function index: 104
        Line: 121
        Column: 0
    Attributes: [44]
Location #168
    Mapping index: 7
    Address: 17438481
    Line #0
        Function index: 105
        Line: 85
        Column: 0
    Attributes: [44]
Location #169
    Mapping index: 7
    Address: 19435805
    Line #0
        Function index: 106
        Line: 818
        Column: 0
    Attributes: [44]
Location #170
    Mapping index: 7
    Address: 19504338
    Line #0
        Function index: 107
        Line: 287
        Column: 0
    Attributes: [44]
Location #171
    Mapping index: 7
    Address: 4617027
    Line #0
        Function index: 108
        Line: 1305
        Column: 0
    Attributes: [44]
Location #172
    Mapping index: 7
    Address: 4616334
    Line #0
        Function index: 109
        Line: 1220
        Column: 0
    Attributes: [44]
Location #173
    Mapping index: 7
    Address: 4597998
    Line #0
        Function index: 110
        Line: 1137
        Column: 0
    Attributes: [44]
Location #174
    Mapping index: 7
    Address: 4733500
    Line #0
        Function index: 111
        Line: 621
        Column: 0
    Attributes: [44]
Location #175
    Mapping index: 7
    Address: 18929439
    Line #0
        Function index: 112
        Line: 865
        Column: 0
    Attributes: [44]
Location #176
    Mapping index: 7
    Address: 18933225
    Line #0
        Function index: 113
        Line: 1010
        Column: 0
    Attributes: [44]
Location #177
    Mapping index: 7
    Address: 18935371
    Line #0
        Function index: 114
        Line: 1191
        Column: 0
    Attributes: [44]
Location #178
    Mapping index: 7
    Address: 18936615
    Line #0
        Function index: 115
        Line: 1246
        Column: 0
    Attributes: [44]
Location #179
    Mapping index: 7
    Address: 18958365
    Line #0
        Function index: 63
        Line: 209
        Column: 0
    Attributes: [44]
Location #180
    Mapping index: 7
    Address: 18906993
    Line #0
        Function index: 102
        Line: 222
        Column: 0
    Attributes: [44]
Location #181
    Mapping index: 7
    Address: 19379544
    Line #0
        Function index: 101
        Line: 428
        Column: 0
    Attributes: [44]
Location #182
    Mapping index: 7
    Address: 18933739
    Line #0
        Function index: 113
        Line: 1023
        Column: 0
    Attributes: [44]
Location #183
    Mapping index: 3
    Address: 4020487
    Line #0
        Function index: 85
        Line: 0
        Column: 0
    Attributes: [11]
Location #184
    Mapping index: 3
    Address: 6564233
    Line #0
        Function index: 89
        Line: 0
        Column: 0
    Attributes: [11]
Location #185
    Mapping index: 3
    Address: 7743476
    Line #0
        Function index: 116
        Line: 0
        Column: 0
    Attributes: [11]
Location #186
    Mapping index: 3
    Address: 7815300
    Line #0
        Function index: 44
        Line: 0
        Column: 0
    Attributes: [11]
Location #187
    Mapping index: 3
    Address: 4005607
    Line #0
        Function index: 117
        Line: 0
        Column: 0
    Attributes: [11]
Location #188
    Mapping index: 3
    Address: 22379348
    Line #0
        Function index: 118
        Line: 0
        Column: 0
    Attributes: [11]
Location #189
    Mapping index: 3
    Address: 2998
    Line #0
        Function index: 119
        Line: 0
        Column: 0
    Attributes: [11]
Location #190
    Mapping index: 7
    Address: 4744725
    Line #0
        Function index: 120
        Line: 122
        Column: 0
    Attributes: [44]
Location #191
    Mapping index: 7
    Address: 4719229
    Line #0
        Function index: 121
        Line: 285
        Column: 0
    Attributes: [44]
Location #192
    Mapping index: 7
    Address: 18900310
    Line #0
        Function index: 122
        Line: 119
        Column: 0
    Attributes: [44]
Location #193
    Mapping index: 7
    Address: 18933479
    Line #0
        Function index: 113
        Line: 1003
        Column: 0
    Attributes: [44]
Location #194
    Mapping index: 7
    Address: 18907189
    Line #0
        Function index: 102
        Line: 219
        Column: 0
    Attributes: [44]
Location #195
    Mapping index: 3
    Address: 12357811
    Line #0
        Function index: 123
        Line: 0
        Column: 0
    Attributes: [11]
Location #196
    Mapping index: 3
    Address: 6564251
    Line #0
        Function index: 89
        Line: 0
        Column: 0
    Attributes: [11]
Location #197
    Mapping index: 7
    Address: 18933257
    Line #0
        Function index: 113
        Line: 1010
        Column: 0
    Attributes: [44]
Location #198
    Mapping index: 3
    Address: 22447056
    Line #0
        Function index: 124
        Line: 0
        Column: 0
    Attributes: [11]
Location #199
    Mapping index: 3
    Address: 5377793
    Line #0
        Function index: 125
        Line: 0
        Column: 0
    Attributes: [11]
Location #200
    Mapping index: 3
    Address: 22436817
    Line #0
        Function index: 126
        Line: 0
        Column: 0
    Attributes: [11]
Location #201
    Mapping index: 3
    Address: 5381082
    Line #0
        Function index: 127
        Line: 0
        Column: 0
    Attributes: [11]
Location #202
    Mapping index: 3
    Address: 5381931
    Line #0
        Function index: 128
        Line: 0
        Column: 0
    Attributes: [11]
Location #203
    Mapping index: 3
    Address: 3164879
    Line #0
        Function index: 9
        Line: 0
        Column: 0
    Attributes: [11]
Location #204
    Mapping index: 7
    Address: 4747190
    Line #0
        Function index: 129
        Line: 135
        Column: 0
    Attributes: [44]
Location #205
    Mapping index: 7
    Address: 4547567
    Line #0
        Function index: 130
        Line: 6234
        Column: 0
    Attributes: [44]
Location #206
    Mapping index: 7
    Address: 4508466
    Line #0
        Function index: 131
        Line: 1928
        Column: 0
    Attributes: [44]
Location #207
    Mapping index: 7
    Address: 4508276
    Line #0
        Function index: 132
        Line: 1890
        Column: 0
    Attributes: [44]
Location #208
    Mapping index: 7
    Address: 4732964
    Line #0
        Function index: 133
        Line: 396
        Column: 0
    Attributes: [44]
Location #209
    Mapping index: 7
    Address: 4222013
    Line #0
        Function index: 134
        Line: 121
        Column: 0
    Attributes: [44]
Location #210
    Mapping index: 7
    Address: 18930314
    Line #0
        Function index: 135
        Line: 894
        Column: 0
    Attributes: [44]
Location #211
    Mapping index: 7
    Address: 18932708
    Line #0
        Function index: 113
        Line: 1033
        Column: 0
    Attributes: [44]
Location #212
    Mapping index: 7
    Address: 18900387
    Line #0
        Function index: 122
        Line: 119
        Column: 0
    Attributes: [44]
Location #213
    Mapping index: 8
    Address: 101401
    Line #0
        Function index: 136
        Line: 0
        Column: 0
    Attributes: [11]
Location #214
    Mapping index: 8
    Address: 1452806
    Line #0
        Function index: 137
        Line: 0
        Column: 0
    Attributes: [11]
Location #215
    Mapping index: 8
    Address: 1453947
    Line #0
        Function index: 138
        Line: 0
        Column: 0
    Attributes: [11]
Location #216
    Mapping index: 8
    Address: 2118045
    Line #0
        Function index: 139
        Line: 0
        Column: 0
    Attributes: [11]
Location #217
    Mapping index: 8
    Address: 2286878
    Line #0
        Function index: 140
        Line: 0
        Column: 0
    Attributes: [11]
Location #218
    Mapping index: 8
    Address: 3462881
    Line #0
        Function index: 141
        Line: 0
        Column: 0
    Attributes: [11]
Location #219
    Mapping index: 8
    Address: 2417526
    Line #0
        Function index: 142
        Line: 0
        Column: 0
    Attributes: [11]
Location #220
    Mapping index: 8
    Address: 3793480
    Line #0
        Function index: 143
        Line: 0
        Column: 0
    Attributes: [11]
Location #221
    Mapping index: 8
    Address: 3821165
    Line #0
        Function index: 144
        Line: 0
        Column: 0
    Attributes: [11]
Location #222
    Mapping index: 8
    Address: 3300483
    Line #0
        Function index: 145
        Line: 0
        Column: 0
    Attributes: [11]
Location #223
    Mapping index: 8
    Address: 3303032
    Line #0
        Function index: 146
        Line: 0
        Column: 0
    Attributes: [11]
Location #224
    Mapping index: 8
    Address: 3302883
    Line #0
        Function index: 147
        Line: 0
        Column: 0
    Attributes: [11]
Location #225
    Mapping index: 8
    Address: 3402025
    Line #0
        Function index: 148
        Line: 0
        Column: 0
    Attributes: [11]
Location #226
    Mapping index: 8
    Address: 137707
    Line #0
        Function index: 149
        Line: 0
        Column: 0
    Attributes: [11]
Location #227
    Mapping index: 9
    Address: 96820
    Line #0
        Function index: 150
        Line: 0
        Column: 0
    Attributes: [11]
Location #228
    Mapping index: 9
    Address: 128525
    Line #0
        Function index: 151
        Line: 0
        Column: 0
    Attributes: [11]
Location #229
    Mapping index: 9
    Address: 108959
    Line #0
        Function index: 152
        Line: 0
        Column: 0
    Attributes: [11]
Location #230
    Mapping index: 9
    Address: 11920
    Line #0
        Function index: 153
        Line: 0
        Column: 0
    Attributes: [11]
Location #231
    Mapping index: 9
    Address: 17403
    Line #0
        Function index: 154
        Line: 0
        Column: 0
    Attributes: [11]
Location #232
    Mapping index: 9
    Address: 17640
    Line #0
        Function index: 155
        Line: 0
        Column: 0
    Attributes: [11]
Location #233
    Mapping index: 8
    Address: 2286796
    Line #0
        Function index: 140
        Line: 0
        Column: 0
    Attributes: [11]
Location #234
    Mapping index: 8
    Address: 3532771
    Line #0
        Function index: 156
        Line: 0
        Column: 0
    Attributes: [11]
Location #235
    Mapping index: 8
    Address: 3259325
    Line #0
        Function index: 157
        Line: 0
        Column: 0
    Attributes: [11]
Location #236
    Mapping index: 8
    Address: 3802611
    Line #0
        Function index: 158
        Line: 0
        Column: 0
    Attributes: [11]
Location #237
    Mapping index: 8
    Address: 3261743
    Line #0
        Function index: 159
        Line: 0
        Column: 0
    Attributes: [11]
Location #238
    Mapping index: 8
    Address: 3263092
    Line #0
        Function index: 160
        Line: 0
        Column: 0
    Attributes: [11]
Location #239
    Mapping index: 8
    Address: 3314510
    Line #0
        Function index: 161
        Line: 0
        Column: 0
    Attributes: [11]
Location #240
    Mapping index: 8
    Address: 1197602
    Line #0
        Function index: 162
        Line: 0
        Column: 0
    Attributes: [11]
Location #241
    Mapping index: 8
    Address: 1229765
    Line #0
        Function index: 163
        Line: 0
        Column: 0
    Attributes: [11]
Location #242
    Mapping index: 8
    Address: 27551
    Line #0
        Function index: 164
        Line: 0
        Column: 0
    Attributes: [11]
Location #243
    Mapping index: 3
    Address: 7560898
    Line #0
        Function index: 165
        Line: 0
        Column: 0
    Attributes: [11]
Location #244
    Mapping index: 3
    Address: 7561481
    Line #0
        Function index: 166
        Line: 0
        Column: 0
    Attributes: [11]
Location #245
    Mapping index: 3
    Address: 7784825
    Line #0
        Function index: 167
        Line: 0
        Column: 0
    Attributes: [11]
Location #246
    Mapping index: 3
    Address: 7787983
    Line #0
        Function index: 168
        Line: 0
        Column: 0
    Attributes: [11]
Location #247
    Mapping index: 3
    Address: 7788988
    Line #0
        Function index: 169
        Line: 0
        Column: 0
    Attributes: [11]
Location #248
    Mapping index: 3
    Address: 7812671
    Line #0
        Function index: 170
        Line: 0
        Column: 0
    Attributes: [11]
Location #249
    Mapping index: 3
    Address: 7813868
    Line #0
        Function index: 43
        Line: 0
        Column: 0
    Attributes: [11]
Location #250
    Mapping index: 3
    Address: 7341316
    Line #0
        Function index: 171
        Line: 0
        Column: 0
    Attributes: [11]
Location #251
    Mapping index: 3
    Address: 7342494
    Line #0
        Function index: 172
        Line: 0
        Column: 0
    Attributes: [11]
Location #252
    Mapping index: 3
    Address: 7787935
    Line #0
        Function index: 168
        Line: 0
        Column: 0
    Attributes: [11]
Location #253
    Mapping index: 9
    Address: 548661
    Line #0
        Function index: 173
        Line: 0
        Column: 0
    Attributes: [11]
Location #254
    Mapping index: 9
    Address: 127155
    Line #0
        Function index: 174
        Line: 0
        Column: 0
    Attributes: [11]
Location #255
    Mapping index: 9
    Address: 132711
    Line #0
        Function index: 175
        Line: 0
        Column: 0
    Attributes: [11]
Location #256
    Mapping index: 9
    Address: 8615
    Line #0
        Function index: 176
        Line: 0
        Column: 0
    Attributes: [11]
Location #257
    Mapping index: 9
    Address: 8980
    Line #0
        Function index: 177
        Line: 0
        Column: 0
    Attributes: [11]
Location #258
    Mapping index: 9
    Address: 9117
    Line #0
        Function index: 178
        Line: 0
        Column: 0
    Attributes: [11]
Location #259
    Mapping index: 3
    Address: 8671657
    Line #0
        Function index: 179
        Line: 0
        Column: 0
    Attributes: [11]
Location #260
    Mapping index: 3
    Address: 8672292
    Line #0
        Function index: 180
        Line: 0
        Column: 0
    Attributes: [11]
Location #261
    Mapping index: 3
    Address: 4447452
    Line #0
        Function index: 181
        Line: 0
        Column: 0
    Attributes: [11]
Location #262
    Mapping index: 3
    Address: 4258140
    Line #0
        Function index: 182
        Line: 0
        Column: 0
    Attributes: [11]
Location #263
    Mapping index: 3
    Address: 4259043
    Line #0
        Function index: 183
        Line: 0
        Column: 0
    Attributes: [11]
Location #264
    Mapping index: 3
    Address: 4346454
    Line #0
        Function index: 184
        Line: 0
        Column: 0
    Attributes: [11]
Location #265
    Mapping index: 3
    Address: 3495015
    Line #0
        Function index: 185
        Line: 0
        Column: 0
    Attributes: [11]
Location #266
    Mapping index: 3
    Address: 22380821
    Line #0
        Function index: 186
        Line: 0
        Column: 0
    Attributes: [11]
Location #267
    Mapping index: 3
    Address: 22351561
    Line #0
        Function index: 10
        Line: 0
        Column: 0
    Attributes: [11]
Location #268
    Mapping index: 8
    Address: 1212505
    Line #0
        Function index: 187
        Line: 0
        Column: 0
    Attributes: [11]
Location #269
    Mapping index: 8
    Address: 2084926
    Line #0
        Function index: 188
        Line: 0
        Column: 0
    Attributes: [11]
Location #270
    Mapping index: 8
    Address: 3655742
    Line #0
        Function index: 189
        Line: 0
        Column: 0
    Attributes: [11]
Location #271
    Mapping index: 8
    Address: 3655927
    Line #0
        Function index: 190
        Line: 0
        Column: 0
    Attributes: [11]
Location #272
    Mapping index: 8
    Address: 2251423
    Line #0
        Function index: 191
        Line: 0
        Column: 0
    Attributes: [11]
Location #273
    Mapping index: 8
    Address: 2278901
    Line #0
        Function index: 192
        Line: 0
        Column: 0
    Attributes: [11]
Location #274
    Mapping index: 8
    Address: 2286898
    Line #0
        Function index: 140
        Line: 0
        Column: 0
    Attributes: [11]
Location #275
    Mapping index: 8
    Address: 3531854
    Line #0
        Function index: 193
        Line: 0
        Column: 0
    Attributes: [11]
Location #276
    Mapping index: 8
    Address: 2777330
    Line #0
        Function index: 194
        Line: 0
        Column: 0
    Attributes: [11]
Location #277
    Mapping index: 8
    Address: 2778785
    Line #0
        Function index: 195
        Line: 0
        Column: 0
    Attributes: [11]
Location #278
    Mapping index: 8
    Address: 2787302
    Line #0
        Function index: 196
        Line: 0
        Column: 0
    Attributes: [11]
Location #279
    Mapping index: 8
    Address: 3300401
    Line #0
        Function index: 145
        Line: 0
        Column: 0
    Attributes: [11]
Location #280
    Mapping index: 8
    Address: 3303550
    Line #0
        Function index: 197
        Line: 0
        Column: 0
    Attributes: [11]
Location #281
    Mapping index: 8
    Address: 3404510
    Line #0
        Function index: 198
        Line: 0
        Column: 0
    Attributes: [11]
Location #282
    Mapping index: 8
    Address: 143598
    Line #0
        Function index: 199
        Line: 0
        Column: 0
    Attributes: [11]
Location #283
    Mapping index: 9
    Address: 386631
    Line #0
        Function index: 200
        Line: 0
        Column: 0
    Attributes: [11]
Location #284
    Mapping index: 9
    Address: 111268
    Line #0
        Function index: 201
        Line: 0
        Column: 0
    Attributes: [11]
Location #285
    Mapping index: 9
    Address: 94491
    Line #0
        Function index: 150
        Line: 0
        Column: 0
    Attributes: [11]
Location #286
    Mapping index: 8
    Address: 3423907
    Line #0
        Function index: 202
        Line: 0
        Column: 0
    Attributes: [11]
Location #287
    Mapping index: 8
    Address: 3793269
    Line #0
        Function index: 143
        Line: 0
        Column: 0
    Attributes: [11]
Location #288
    Mapping index: 8
    Address: 2967208
    Line #0
        Function index: 203
        Line: 0
        Column: 0
    Attributes: [11]
Location #289
    Mapping index: 8
    Address: 2967594
    Line #0
        Function index: 204
        Line: 0
        Column: 0
    Attributes: [11]
Location #290
    Mapping index: 8
    Address: 2958927
    Line #0
        Function index: 205
        Line: 0
        Column: 0
    Attributes: [11]
Location #291
    Mapping index: 8
    Address: 174691
    Line #0
        Function index: 206
        Line: 0
        Column: 0
    Attributes: [11]
Location #292
    Mapping index: 8
    Address: 175197
    Line #0
        Function index: 207
        Line: 0
        Column: 0
    Attributes: [11]
Location #293
    Mapping index: 8
    Address: 3767033
    Line #0
        Function index: 208
        Line: 0
        Column: 0
    Attributes: [11]
Location #294
    Mapping index: 8
    Address: 3262612
    Line #0
        Function index: 209
        Line: 0
        Column: 0
    Attributes: [11]
Location #295
    Mapping index: 8
    Address: 3788265
    Line #0
        Function index: 210
        Line: 0
        Column: 0
    Attributes: [11]
Location #296
    Mapping index: 8
    Address: 3258906
    Line #0
        Function index: 157
        Line: 0
        Column: 0
    Attributes: [11]
Location #297
    Mapping index: 8
    Address: 3261161
    Line #0
        Function index: 211
        Line: 0
        Column: 0
    Attributes: [11]
Location #298
    Mapping index: 8
    Address: 3405366
    Line #0
        Function index: 212
        Line: 0
        Column: 0
    Attributes: [11]
Location #299
    Mapping index: 8
    Address: 132913
    Line #0
        Function index: 213
        Line: 0
        Column: 0
    Attributes: [11]
Location #300
    Mapping index: 9
    Address: 403397
    Line #0
        Function index: 214
        Line: 0
        Column: 0
    Attributes: [11]
Location #301
    Mapping index: 9
    Address: 112035
    Line #0
        Function index: 201
        Line: 0
        Column: 0
    Attributes: [11]
Location #302
    Mapping index: 10
    Address: 15712689
    Attributes: [2]
Location #303
    Mapping index: 10
    Address: 16925696
    Attributes: [2]
Location #304
    Mapping index: 10
    Address: 16919781
    Attributes: [2]
Location #305
    Mapping index: 10
    Address: 15518371
    Attributes: [2]
Location #306
    Mapping index: 10
    Address: 15968003
    Attributes: [2]
Location #307
    Mapping index: 10
    Address: 15905384
    Attributes: [2]
Location #308
    Mapping index: 10
    Address: 16317066
    Attributes: [2]
Location #309
    Mapping index: 10
    Address: 15858770
    Attributes: [2]
Location #310
    Mapping index: 10
    Address: 16637480
    Attributes: [2]
Location #311
    Mapping index: 10
    Address: 21388591
    Attributes: [2]
Location #312
    Mapping index: 10
    Address: 16319364
    Attributes: [2]
Location #313
    Mapping index: 10
    Address: 14536356
    Attributes: [2]
Location #314
    Mapping index: 1
    Address: 1607056
    Attributes: [2]
Location #315
    Mapping index: 10
    Address: 15712643
    Attributes: [2]
Location #316
    Mapping index: 3
    Address: 22409887
    Line #0
        Function index: 215
        Line: 0
        Column: 0
    Attributes: [11]
Location #317
    Mapping index: 3
    Address: 8870090
    Line #0
        Function index: 216
        Line: 0
        Column: 0
    Attributes: [11]
Location #318
    Mapping index: 3
    Address: 8666586
    Line #0
        Function index: 217
        Line: 0
        Column: 0
    Attributes: [11]
Location #319
    Mapping index: 3
    Address: 8666824
    Line #0
        Function index: 218
        Line: 0
        Column: 0
    Attributes: [11]
Location #320
    Mapping index: 3
    Address: 3171795
    Line #0
        Function index: 9
        Line: 0
        Column: 0
    Attributes: [11]
Location #321
    Mapping index: 1
    Address: 1161929
    Attributes: [2]
Location #322
    Mapping index: 10
    Address: 21423134
    Attributes: [2]
Location #323
    Mapping index: 10
    Address: 21405096
    Attributes: [2]
Location #324
    Mapping index: 10
    Address: 15505417
    Attributes: [2]
Location #325
    Mapping index: 10
    Address: 15518022
    Attributes: [2]
Location #326
    Mapping index: 1
    Address: 700469
    Attributes: [2]
Location #327
    Mapping index: 1
    Address: 701497
    Attributes: [2]
Location #328
    Mapping index: 1
    Address: 712141
    Attributes: [2]
Location #329
    Mapping index: 10
    Address: 16682682
    Attributes: [2]
Location #330
    Mapping index: 10
    Address: 16724831
    Attributes: [2]
Location #331
    Mapping index: 10
    Address: 16808456
    Attributes: [2]
Location #332
    Mapping index: 10
    Address: 16919834
    Attributes: [2]
Location #333
    Mapping index: 3
    Address: 4005048
    Line #0
        Function index: 117
        Line: 0
        Column: 0
    Attributes: [11]
Location #334
    Mapping index: 11
    Address: 24368864
    Attributes: [2]
Location #335
    Mapping index: 11
    Address: 24368961
    Attributes: [2]
Location #336
    Mapping index: 11
    Address: 24370492
    Attributes: [2]
Location #337
    Mapping index: 11
    Address: 18995569
    Attributes: [2]
Location #338
    Mapping index: 11
    Address: 15973987
    Attributes: [2]
Location #339
    Mapping index: 0
    Address: 0
    Line #0
        Function index: 219
        Line: 0
        Column: 0
    Attributes: [74]
Location #340
    Mapping index: 0
    Address: 0
    Line #0
        Function index: 220
        Line: 0
        Column: 0
    Attributes: [74]
Location #341
    Mapping index: 0
    Address: 0
    Line #0
        Function index: 221
        Line: 0
        Column: 0
    Attributes: [74]
Location #342
    Mapping index: 0
    Address: 0
    Line #0
        Function index: 222
        Line: 0
        Column: 0
    Attributes: [74]
Location #343
    Mapping index: 0
    Address: 0
    Line #0
        Function index: 223
        Line: 0
        Column: 0
    Attributes: [74]
Location #344
    Mapping index: 0
    Address: 0
    Line #0
        Function index: 224
        Line: 0
        Column: 0
    Attributes: [74]
Location #345
    Mapping index: 0
    Address: 0
    Line #0
        Function index: 225
        Line: 0
        Column: 0
    Attributes: [74]
Location #346
    Mapping index: 0
    Address: 0
    Line #0
        Function index: 226
        Line: 0
        Column: 0
    Attributes: [74]
Location #347
    Mapping index: 0
    Address: 0
    Line #0
        Function index: 227
        Line: 85
        Column: 0
    Attributes: [74]
Location #348
    Mapping index: 0
    Address: 0
    Line #0
        Function index: 228
        Line: 88
        Column: 0
    Attributes: [74]
Location #349
    Mapping index: 0
    Address: 0
    Line #0
        Function index: 229
        Line: 84
        Column: 0
    Attributes: [74]
Location #350
    Mapping index: 0
    Address: 0
    Line #0
        Function index: 230
        Line: 42
        Column: 0
    Attributes: [74]
Location #351
    Mapping index: 0
    Address: 0
    Line #0
        Function index: 227
        Line: 476
        Column: 0
    Attributes: [74]
Location #352
    Mapping index: 0
    Address: 0
    Line #0
        Function index: 231
        Line: 460
        Column: 0
    Attributes: [74]
Location #353
    Mapping index: 0
    Address: 0
    Line #0
        Function index: 227
        Line: 475
        Column: 0
    Attributes: [74]
Location #354
    Mapping index: 0
    Address: 0
    Line #0
        Function index: 232
        Line: 74
        Column: 0
    Attributes: [74]
Location #355
    Mapping index: 0
    Address: 0
    Line #0
        Function index: 233
        Line: 112
        Column: 1073737037
    Attributes: [74]
Location #356
    Mapping index: 0
    Address: 0
    Line #0
        Function index: 234
        Line: 0
        Column: 0
    Attributes: [74]
Location #357
    Mapping index: 0
    Address: 0
    Line #0
        Function index: 235
        Line: 34
        Column: 0
    Attributes: [74]
Location #358
    Mapping index: 0
    Address: 0
    Line #0
        Function index: 236
        Line: 122
        Column: 0
    Attributes: [74]
Location #359
    Mapping index: 0
    Address: 0
    Line #0
        Function index: 237
        Line: 0
        Column: 0
    Attributes: [74]
Location #360
    Mapping index: 0
    Address: 0
    Attributes: [74]
Location #361
    Mapping index: 0
    Address: 0
    Line #0
        Function index: 238
        Line: 0
        Column: 0
    Attributes: [74]
Location #362
    Mapping index: 0
    Address: 0
    Line #0
        Function index: 239
        Line: 0
        Column: 0
    Attributes: [74]
Location #363
    Mapping index: 11
    Address: 20424196
    Attributes: [2]
Location #364
    Mapping index: 11
    Address: 20428857
    Attributes: [2]
Location #365
    Mapping index: 11
    Address: 20635384
    Attributes: [2]
Location #366
    Mapping index: 11
    Address: 20636338
    Attributes: [2]
Location #367
    Mapping index: 11
    Address: 15266858
    Attributes: [2]
Location #368
    Mapping index: 11
    Address: 15267424
    Attributes: [2]
Location #369
    Mapping index: 11
    Address: 16024100
    Attributes: [2]
Location #370
    Mapping index: 11
    Address: 15292437
    Attributes: [2]
Location #371
    Mapping index: 11
    Address: 16703983
    Attributes: [2]
Location #372
    Mapping index: 11
    Address: 16023210
    Attributes: [2]
Location #373
    Mapping index: 11
    Address: 15258461
    Attributes: [2]
Location #374
    Mapping index: 0
    Address: 0
    Line #0
        Function index: 240
        Line: 0
        Column: 0
    Attributes: [74]
Location #375
    Mapping index: 0
    Address: 0
    Line #0
        Function index: 241
        Line: 0
        Column: 0
    Attributes: [74]
Location #376
    Mapping index: 0
    Address: 0
    Line #0
        Function index: 242
        Line: 0
        Column: 0
    Attributes: [74]
Location #377
    Mapping index: 0
    Address: 0
    Line #0
        Function index: 243
        Line: 0
        Column: 0
    Attributes: [74]
Location #378
    Mapping index: 11
    Address: 23200224
    Attributes: [2]
Location #379
    Mapping index: 11
    Address: 22484464
    Attributes: [2]
Location #380
    Mapping index: 11
    Address: 22491086
    Attributes: [2]
Location #381
    Mapping index: 11
    Address: 22506483
    Attributes: [2]
Location #382
    Mapping index: 11
    Address: 22516348
    Attributes: [2]
Location #383
    Mapping index: 11
    Address: 19480344
    Attributes: [2]
Location #384
    Mapping index: 0
    Address: 0
    Line #0
        Function index: 244
        Line: 0
        Column: 0
    Attributes: [74]
Location #385
    Mapping index: 0
    Address: 0
    Line #0
        Function index: 245
        Line: 0
        Column: 0
    Attributes: [74]
Location #386
    Mapping index: 11
    Address: 20423650
    Attributes: [2]
Location #387
    Mapping index: 11
    Address: 20427604
    Attributes: [2]
Location #388
    Mapping index: 11
    Address: 24137666
    Attributes: [2]
Location #389
    Mapping index: 11
    Address: 25643165
    Attributes: [2]
Location #390
    Mapping index: 11
    Address: 23624076
    Attributes: [2]
Location #391
    Mapping index: 11
    Address: 25667457
    Attributes: [2]
Location #392
    Mapping index: 0
    Address: 0
    Line #0
        Function index: 246
        Line: 0
        Column: 0
    Attributes: [74]
Location #393
    Mapping index: 0
    Address: 0
    Line #0
        Function index: 247
        Line: 0
        Column: 0
    Attributes: [74]
Location #394
    Mapping index: 0
    Address: 0
    Line #0
        Function index: 248
        Line: 0
        Column: 0
    Attributes: [74]
Location #395
    Mapping index: 0
    Address: 0
    Line #0
        Function index: 249
        Line: 0
        Column: 0
    Attributes: [74]
Location #396
    Mapping index: 0
    Address: 0
    Line #0
        Function index: 250
        Line: 0
        Column: 0
    Attributes: [74]
Location #397
    Mapping index: 0
    Address: 0
    Line #0
        Function index: 251
        Line: 0
        Column: 0
    Attributes: [74]
Location #398
    Mapping index: 0
    Address: 0
    Line #0
        Function index: 252
        Line: 0
        Column: 0
    Attributes: [74]
Location #399
    Mapping index: 0
    Address: 0
    Line #0
        Function index: 253
        Line: 0
        Column: 0
    Attributes: [74]
Location #400
    Mapping index: 0
    Address: 0
    Line #0
        Function index: 254
        Line: 0
        Column: 0
    Attributes: [74]
Location #401
    Mapping index: 0
    Address: 0
    Line #0
        Function index: 255
        Line: 295
        Column: 0
    Attributes: [74]
Location #402
    Mapping index: 0
    Address: 0
    Line #0
        Function index: 256
        Line: 0
        Column: 0
    Attributes: [74]
Location #403
    Mapping index: 0
    Address: 0
    Line #0
        Function index: 257
        Line: 0
        Column: 0
    Attributes: [74]
Location #404
    Mapping index: 0
    Address: 0
    Line #0
        Function index: 258
        Line: 0
        Column: 0
    Attributes: [74]
Location #405
    Mapping index: 0
    Address: 0
    Line #0
        Function index: 259
        Line: 0
        Column: 0
    Attributes: [74]
Location #406
    Mapping index: 0
    Address: 0
    Line #0
        Function index: 260
        Line: 0
        Column: 0
    Attributes: [74]
Location #407
    Mapping index: 0
    Address: 0
    Line #0
        Function index: 261
        Line: 0
        Column: 0
    Attributes: [74]
Location #408
    Mapping index: 0
    Address: 0
    Line #0
        Function index: 262
        Line: 72
        Column: 0
    Attributes: [74]
Location #409
    Mapping index: 11
    Address: 19052805
    Attributes: [2]
Location #410
    Mapping index: 11
    Address: 15267290
    Attributes: [2]
Location #411
    Mapping index: 11
    Address: 16411541
    Attributes: [2]
Location #412
    Mapping index: 11
    Address: 16412425
    Attributes: [2]
Location #413
    Mapping index: 11
    Address: 16314762
    Attributes: [2]
Location #414
    Mapping index: 11
    Address: 30409788
    Attributes: [2]
Location #415
    Mapping index: 11
    Address: 30424754
    Attributes: [2]
Location #416
    Mapping index: 11
    Address: 30518099
    Attributes: [2]
Location #417
    Mapping index: 11
    Address: 30428182
    Attributes: [2]
Location #418
    Mapping index: 11
    Address: 15277125
    Attributes: [2]
Location #419
    Mapping index: 11
    Address: 16703920
    Attributes: [2]
Location #420
    Mapping index: 11
    Address: 16317598
    Attributes: [2]
Location #421
    Mapping index: 11
    Address: 16417175
    Attributes: [2]
Location #422
    Mapping index: 11
    Address: 22464303
    Attributes: [2]
Location #423
    Mapping index: 11
    Address: 22506735
    Attributes: [2]
Location #424
    Mapping index: 1
    Address: 1609095
    Attributes: [2]
Location #425
    Mapping index: 11
    Address: 21840247
    Attributes: [2]
Location #426
    Mapping index: 11
    Address: 21844446
    Attributes: [2]
Location #427
    Mapping index: 11
    Address: 21888873
    Attributes: [2]
Location #428
    Mapping index: 11
    Address: 21895534
    Attributes: [2]
Location #429
    Mapping index: 11
    Address: 21895897
    Attributes: [2]
Location #430
    Mapping index: 0
    Address: 36980119
    Attributes: [2]
Location #431
    Mapping index: 11
    Address: 16935283
    Attributes: [2]
Location #432
    Mapping index: 3
    Address: 22351492
    Line #0
        Function index: 10
        Line: 0
        Column: 0
    Attributes: [11]
Location #433
    Mapping index: 1
    Address: 1208972
    Attributes: [2]
Location #434
    Mapping index: 11
    Address: 30510018
    Attributes: [2]
Location #435
    Mapping index: 11
    Address: 30438483
    Attributes: [2]
Location #436
    Mapping index: 11
    Address: 30444222
    Attributes: [2]
Location #437
    Mapping index: 11
    Address: 30454887
    Attributes: [2]
Location #438
    Mapping index: 11
    Address: 16396641
    Attributes: [2]
Location #439
    Mapping index: 0
    Address: 0
    Line #0
        Function index: 263
        Line: 0
        Column: 0
    Attributes: [74]
Location #440
    Mapping index: 1
    Address: 710335
    Attributes: [2]
Location #441
    Mapping index: 12
    Address: 801283
    Attributes: [2]
Location #442
    Mapping index: 0
    Address: 49869429
    Attributes: [2]
Location #443
    Mapping index: 0
    Address: 50052077
    Attributes: [2]
Location #444
    Mapping index: 0
    Address: 50065362
    Attributes: [2]
Location #445
    Mapping index: 0
    Address: 48799287
    Attributes: [2]
Location #446
    Mapping index: 0
    Address: 45211717
    Attributes: [2]
Location #447
    Mapping index: 0
    Address: 45310182
    Attributes: [2]
Location #448
    Mapping index: 0
    Address: 45312831
    Attributes: [2]
Location #449
    Mapping index: 11
    Address: 19660682
    Attributes: [2]
Location #450
    Mapping index: 11
    Address: 19919552
    Attributes: [2]
Location #451
    Mapping index: 11
    Address: 19920478
    Attributes: [2]
Location #452
    Mapping index: 0
    Address: 47420316
    Attributes: [2]
Location #453
    Mapping index: 0
    Address: 47494269
    Attributes: [2]
Location #454
    Mapping index: 0
    Address: 47497668
    Attributes: [2]
Location #455
    Mapping index: 0
    Address: 45224136
    Attributes: [2]
Location #456
    Mapping index: 0
    Address: 45252457
    Attributes: [2]
Location #457
    Mapping index: 0
    Address: 45256993
    Attributes: [2]
Location #458
    Mapping index: 0
    Address: 45306360
    Attributes: [2]
Location #459
    Mapping index: 0
    Address: 44253952
    Attributes: [2]
Location #460
    Mapping index: 0
    Address: 44751351
    Attributes: [2]
Location #461
    Mapping index: 0
    Address: 50788943
    Attributes: [2]
Location #462
    Mapping index: 0
    Address: 50855947
    Attributes: [2]
Location #463
    Mapping index: 0
    Address: 50862603
    Attributes: [2]
Location #464
    Mapping index: 0
    Address: 50870825
    Attributes: [2]
Location #465
    Mapping index: 0
    Address: 45212371
    Attributes: [2]
Location #466
    Mapping index: 0
    Address: 45306080
    Attributes: [2]
Location #467
    Mapping index: 0
    Address: 44392480
    Attributes: [2]
Location #468
    Mapping index: 0
    Address: 44396732
    Attributes: [2]
Location #469
    Mapping index: 0
    Address: 44403498
    Attributes: [2]
Location #470
    Mapping index: 0
    Address: 48650998
    Attributes: [2]
Location #471
    Mapping index: 0
    Address: 45307065
    Attributes: [2]
Location #472
    Mapping index: 3
    Address: 7756735
    Line #0
        Function index: 264
        Line: 0
        Column: 0
    Attributes: [11]
Location #473
    Mapping index: 3
    Address: 7812860
    Line #0
        Function index: 170
        Line: 0
        Column: 0
    Attributes: [11]
Location #474
    Mapping index: 11
    Address: 21840098
    Attributes: [2]
Location #475
    Mapping index: 11
    Address: 21849979
    Attributes: [2]
Location #476
    Mapping index: 11
    Address: 21885809
    Attributes: [2]
Location #477
    Mapping index: 11
    Address: 21887322
    Attributes: [2]
Location #478
    Mapping index: 11
    Address: 21895803
    Attributes: [2]
Location #479
    Mapping index: 0
    Address: 37027548
    Attributes: [2]
Location #480
    Mapping index: 0
    Address: 37027954
    Attributes: [2]
Location #481
    Mapping index: 11
    Address: 21901819
    Attributes: [2]
Location #482
    Mapping index: 11
    Address: 21223921
    Attributes: [2]
Location #483
    Mapping index: 11
    Address: 21347289
    Attributes: [2]
Location #484
    Mapping index: 11
    Address: 21354168
    Attributes: [2]
Location #485
    Mapping index: 11
    Address: 21367623
    Attributes: [2]
Location #486
    Mapping index: 11
    Address: 30173616
    Attributes: [2]
Location #487
    Mapping index: 0
    Address: 0
    Line #0
        Function index: 265
        Line: 43
        Column: 0
    Attributes: [74]
Location #488
    Mapping index: 0
    Address: 0
    Line #0
        Function index: 266
        Line: 591
        Column: 0
    Attributes: [74]
Location #489
    Mapping index: 0
    Address: 0
    Line #0
        Function index: 267
        Line: 540
        Column: 0
    Attributes: [74]
Location #490
    Mapping index: 0
    Address: 0
    Line #0
        Function index: 268
        Line: 202
        Column: 0
    Attributes: [74]
Location #491
    Mapping index: 0
    Address: 0
    Line #0
        Function index: 269
        Line: 517
        Column: 0
    Attributes: [74]
Location #492
    Mapping index: 0
    Address: 0
    Line #0
        Function index: 270
        Line: 568
        Column: 0
    Attributes: [74]
Location #493
    Mapping index: 0
    Address: 0
    Line #0
        Function index: 271
        Line: 0
        Column: 0
    Attributes: [74]
Location #494
    Mapping index: 0
    Address: 0
    Line #0
        Function index: 272
        Line: 0
        Column: 0
    Attributes: [74]
Location #495
    Mapping index: 0
    Address: 0
    Line #0
        Function index: 273
        Line: 0
        Column: 0
    Attributes: [74]
Location #496
    Mapping index: 0
    Address: 0
    Line #0
        Function index: 274
        Line: 0
        Column: 0
    Attributes: [74]
Location #497
    Mapping index: 0
    Address: 0
    Line #0
        Function index: 275
        Line: 0
        Column: 0
    Attributes: [74]
Location #498
    Mapping index: 0
    Address: 47915153
    Attributes: [2]
Location #499
    Mapping index: 0
    Address: 45309672
    Attributes: [2]
Location #500
    Mapping index: 1
    Address: 701484
    Attributes: [2]
Location #501
    Mapping index: 11
    Address: 22504447
    Attributes: [2]
Location #502
    Mapping index: 11
    Address: 22508320
    Attributes: [2]
Location #503
    Mapping index: 11
    Address: 22279232
    Attributes: [2]
Location #504
    Mapping index: 11
    Address: 22218197
    Attributes: [2]
Location #505
    Mapping index: 11
    Address: 22340020
    Attributes: [2]
Location #506
    Mapping index: 11
    Address: 22375845
    Attributes: [2]
Location #507
    Mapping index: 11
    Address: 22404956
    Attributes: [2]
Location #508
    Mapping index: 11
    Address: 22339813
    Attributes: [2]
Location #509
    Mapping index: 11
    Address: 22338502
    Attributes: [2]
Location #510
    Mapping index: 11
    Address: 22368296
    Attributes: [2]
Location #511
    Mapping index: 11
    Address: 22368511
    Attributes: [2]
Location #512
    Mapping index: 11
    Address: 22388045
    Attributes: [2]
Location #513
    Mapping index: 11
    Address: 22385797
    Attributes: [2]
Location #514
    Mapping index: 11
    Address: 22387156
    Attributes: [2]
Location #515
    Mapping index: 11
    Address: 22446742
    Attributes: [2]
Location #516
    Mapping index: 11
    Address: 19657950
    Attributes: [2]
Location #517
    Mapping index: 11
    Address: 19658359
    Attributes: [2]
Location #518
    Mapping index: 11
    Address: 19703069
    Attributes: [2]
Location #519
    Mapping index: 11
    Address: 19718485
    Attributes: [2]
Location #520
    Mapping index: 11
    Address: 19720193
    Attributes: [2]
Location #521
    Mapping index: 11
    Address: 25576878
    Attributes: [2]
Location #522
    Mapping index: 11
    Address: 21900563
    Attributes: [2]
Location #523
    Mapping index: 11
    Address: 21851835
    Attributes: [2]
Location #524
    Mapping index: 0
    Address: 48707562
    Attributes: [2]
Location #525
    Mapping index: 0
    Address: 49973179
    Attributes: [2]
Location #526
    Mapping index: 0
    Address: 0
    Line #0
        Function index: 276
        Line: 10
        Column: 0
    Attributes: [74]
Location #527
    Mapping index: 0
    Address: 0
    Line #0
        Function index: 277
        Line: 39
        Column: 0
    Attributes: [74]
Location #528
    Mapping index: 0
    Address: 0
    Line #0
        Function index: 278
        Line: 4
        Column: 15
    Attributes: [74]
Location #529
    Mapping index: 0
    Address: 0
    Line #0
        Function index: 279
        Line: 5
        Column: 73
    Attributes: [74]
Location #530
    Mapping index: 0
    Address: 0
    Line #0
        Function index: 280
        Line: 6
        Column: 0
    Attributes: [74]
Location #531
    Mapping index: 0
    Address: 0
    Line #0
        Function index: 281
        Line: 107
        Column: 0
    Attributes: [74]
Location #532
    Mapping index: 0
    Address: 0
    Line #0
        Function index: 282
        Line: 135
        Column: 0
    Attributes: [74]
Location #533
    Mapping index: 0
    Address: 0
    Line #0
        Function index: 283
        Line: 233
        Column: 0
    Attributes: [74]
Location #534
    Mapping index: 11
    Address: 24422407
    Attributes: [2]
Location #535
    Mapping index: 11
    Address: 21028742
    Attributes: [2]
Location #536
    Mapping index: 11
    Address: 22484095
    Attributes: [2]
Location #537
    Mapping index: 11
    Address: 21028782
    Attributes: [2]
Location #538
    Mapping index: 11
    Address: 22485913
    Attributes: [2]
Function #0
    Name: 0
    System name: 0
    Filename: 0
    Start line: 0
Function #1
    Name: 14
    System name: 0
    Filename: 0
    Start line: 0
Function #2
    Name: 15
    System name: 0
    Filename: 0
    Start line: 0
Function #3
    Name: 16
    System name: 0
    Filename: 0
    Start line: 0
Function #4
    Name: 17
    System name: 0
    Filename: 0
    Start line: 0
Function #5
    Name: 18
    System name: 0
    Filename: 0
    Start line: 0
Function #6
    Name: 19
    System name: 0
    Filename: 0
    Start line: 0
Function #7
    Name: 20
    System name: 0
    Filename: 0
    Start line: 0
Function #8
    Name: 21
    System name: 0
    Filename: 0
    Start line: 0
Function #9
    Name: 22
    System name: 0
    Filename: 0
    Start line: 0
Function #10
    Name: 23
    System name: 0
    Filename: 0
    Start line: 0
Function #11
    Name: 24
    System name: 0
    Filename: 0
    Start line: 0
Function #12
    Name: 26
    System name: 0
    Filename: 0
    Start line: 0
Function #13
    Name: 27
    System name: 0
    Filename: 0
    Start line: 0
Function #14
    Name: 28
    System name: 0
    Filename: 0
    Start line: 0
Function #15
    Name: 29
    System name: 0
    Filename: 0
    Start line: 0
Function #16
    Name: 30
    System name: 0
    Filename: 0
    Start line: 0
Function #17
    Name: 31
    System name: 0
    Filename: 0
    Start line: 0
Function #18
    Name: 32
    System name: 0
    Filename: 0
    Start line: 0
Function #19
    Name: 33
    System name: 0
    Filename: 0
    Start line: 0
Function #20
    Name: 34
    System name: 0
    Filename: 0
    Start line: 0
Function #21
    Name: 35
    System name: 0
    Filename: 0
    Start line: 0
Function #22
    Name: 36
    System name: 0
    Filename: 0
    Start line: 0
Function #23
    Name: 37
    System name: 0
    Filename: 0
    Start line: 0
Function #24
    Name: 38
    System name: 0
    Filename: 0
    Start line: 0
Function #25
    Name: 39
    System name: 0
    Filename: 0
    Start line: 0
Function #26
    Name: 40
    System name: 0
    Filename: 0
    Start line: 0
Function #27
    Name: 41
    System name: 0
    Filename: 0
    Start line: 0
Function #28
    Name: 42
    System name: 0
    Filename: 0
    Start line: 0
Function #29
    Name: 43
    System name: 0
    Filename: 0
    Start line: 0
Function #30
    Name: 44
    System name: 0
    Filename: 0
    Start line: 0
Function #31
    Name: 45
    System name: 0
    Filename: 0
    Start line: 0
Function #32
    Name: 46
    System name: 0
    Filename: 0
    Start line: 0
Function #33
    Name: 47
    System name: 0
    Filename: 0
    Start line: 0
Function #34
    Name: 48
    System name: 0
    Filename: 0
    Start line: 0
Function #35
    Name: 49
    System name: 0
    Filename: 0
    Start line: 0
Function #36
    Name: 50
    System name: 0
    Filename: 0
    Start line: 0
Function #37
    Name: 51
    System name: 0
    Filename: 0
    Start line: 0
Function #38
    Name: 52
    System name: 0
    Filename: 0
    Start line: 0
Function #39
    Name: 53
    System name: 0
    Filename: 0
    Start line: 0
Function #40
    Name: 54
    System name: 0
    Filename: 0
    Start line: 0
Function #41
    Name: 55
    System name: 0
    Filename: 0
    Start line: 0
Function #42
    Name: 56
    System name: 0
    Filename: 0
    Start line: 0
Function #43
    Name: 57
    System name: 0
    Filename: 0
    Start line: 0
Function #44
    Name: 58
    System name: 0
    Filename: 0
    Start line: 0
Function #45
    Name: 59
    System name: 0
    Filename: 0
    Start line: 0
Function #46
    Name: 60
    System name: 0
    Filename: 0
    Start line: 0
Function #47
    Name: 61
    System name: 0
    Filename: 0
    Start line: 0
Function #48
    Name: 62
    System name: 0
    Filename: 0
    Start line: 0
Function #49
    Name: 63
    System name: 0
    Filename: 0
    Start line: 0
Function #50
    Name: 64
    System name: 0
    Filename: 0
    Start line: 0
Function #51
    Name: 65
    System name: 0
    Filename: 0
    Start line: 0
Function #52
    Name: 66
    System name: 0
    Filename: 0
    Start line: 0
Function #53
    Name: 67
    System name: 0
    Filename: 0
    Start line: 0
Function #54
    Name: 68
    System name: 0
    Filename: 0
    Start line: 0
Function #55
    Name: 70
    System name: 0
    Filename: 0
    Start line: 0
Function #56
    Name: 71
    System name: 0
    Filename: 0
    Start line: 0
Function #57
    Name: 72
    System name: 0
    Filename: 0
    Start line: 0
Function #58
    Name: 73
    System name: 0
    Filename: 0
    Start line: 0
Function #59
    Name: 74
    System name: 0
    Filename: 0
    Start line: 0
Function #60
    Name: 78
    System name: 0
    Filename: 79
    Start line: 0
Function #61
    Name: 80
    System name: 0
    Filename: 79
    Start line: 0
Function #62
    Name: 81
    System name: 0
    Filename: 82
    Start line: 0
Function #63
    Name: 83
    System name: 0
    Filename: 84
    Start line: 0
Function #64
    Name: 85
    System name: 0
    Filename: 84
    Start line: 0
Function #65
    Name: 86
    System name: 0
    Filename: 87
    Start line: 0
Function #66
    Name: 88
    System name: 0
    Filename: 89
    Start line: 0
Function #67
    Name: 90
    System name: 0
    Filename: 91
    Start line: 0
Function #68
    Name: 92
    System name: 0
    Filename: 91
    Start line: 0
Function #69
    Name: 93
    System name: 0
    Filename: 94
    Start line: 0
Function #70
    Name: 95
    System name: 0
    Filename: 94
    Start line: 0
Function #71
    Name: 96
    System name: 0
    Filename: 94
    Start line: 0
Function #72
    Name: 97
    System name: 0
    Filename: 91
    Start line: 0
Function #73
    Name: 98
    System name: 0
    Filename: 99
    Start line: 0
Function #74
    Name: 100
    System name: 0
    Filename: 99
    Start line: 0
Function #75
    Name: 101
    System name: 0
    Filename: 102
    Start line: 0
Function #76
    Name: 103
    System name: 0
    Filename: 104
    Start line: 0
Function #77
    Name: 105
    System name: 0
    Filename: 106
    Start line: 0
Function #78
    Name: 107
    System name: 0
    Filename: 108
    Start line: 0
Function #79
    Name: 109
    System name: 0
    Filename: 108
    Start line: 0
Function #80
    Name: 110
    System name: 0
    Filename: 108
    Start line: 0
Function #81
    Name: 111
    System name: 0
    Filename: 112
    Start line: 0
Function #82
    Name: 113
    System name: 0
    Filename: 114
    Start line: 0
Function #83
    Name: 115
    System name: 0
    Filename: 114
    Start line: 0
Function #84
    Name: 116
    System name: 0
    Filename: 117
    Start line: 0
Function #85
    Name: 118
    System name: 0
    Filename: 0
    Start line: 0
Function #86
    Name: 119
    System name: 0
    Filename: 0
    Start line: 0
Function #87
    Name: 120
    System name: 0
    Filename: 0
    Start line: 0
Function #88
    Name: 121
    System name: 0
    Filename: 0
    Start line: 0
Function #89
    Name: 122
    System name: 0
    Filename: 0
    Start line: 0
Function #90
    Name: 123
    System name: 0
    Filename: 0
    Start line: 0
Function #91
    Name: 124
    System name: 0
    Filename: 0
    Start line: 0
Function #92
    Name: 125
    System name: 0
    Filename: 0
    Start line: 0
Function #93
    Name: 126
    System name: 0
    Filename: 127
    Start line: 0
Function #94
    Name: 128
    System name: 0
    Filename: 129
    Start line: 0
Function #95
    Name: 130
    System name: 0
    Filename: 129
    Start line: 0
Function #96
    Name: 130
    System name: 0
    Filename: 131
    Start line: 0
Function #97
    Name: 132
    System name: 0
    Filename: 133
    Start line: 0
Function #98
    Name: 134
    System name: 0
    Filename: 135
    Start line: 0
Function #99
    Name: 136
    System name: 0
    Filename: 135
    Start line: 0
Function #100
    Name: 137
    System name: 0
    Filename: 138
    Start line: 0
Function #101
    Name: 139
    System name: 0
    Filename: 89
    Start line: 0
Function #102
    Name: 140
    System name: 0
    Filename: 79
    Start line: 0
Function #103
    Name: 141
    System name: 0
    Filename: 0
    Start line: 0
Function #104
    Name: 142
    System name: 0
    Filename: 143
    Start line: 0
Function #105
    Name: 144
    System name: 0
    Filename: 145
    Start line: 0
Function #106
    Name: 146
    System name: 0
    Filename: 91
    Start line: 0
Function #107
    Name: 147
    System name: 0
    Filename: 99
    Start line: 0
Function #108
    Name: 148
    System name: 0
    Filename: 149
    Start line: 0
Function #109
    Name: 150
    System name: 0
    Filename: 149
    Start line: 0
Function #110
    Name: 151
    System name: 0
    Filename: 152
    Start line: 0
Function #111
    Name: 153
    System name: 0
    Filename: 102
    Start line: 0
Function #112
    Name: 154
    System name: 0
    Filename: 155
    Start line: 0
Function #113
    Name: 156
    System name: 0
    Filename: 155
    Start line: 0
Function #114
    Name: 157
    System name: 0
    Filename: 155
    Start line: 0
Function #115
    Name: 158
    System name: 0
    Filename: 155
    Start line: 0
Function #116
    Name: 159
    System name: 0
    Filename: 0
    Start line: 0
Function #117
    Name: 160
    System name: 0
    Filename: 0
    Start line: 0
Function #118
    Name: 161
    System name: 0
    Filename: 0
    Start line: 0
Function #119
    Name: 162
    System name: 0
    Filename: 0
    Start line: 0
Function #120
    Name: 163
    System name: 0
    Filename: 164
    Start line: 0
Function #121
    Name: 165
    System name: 0
    Filename: 166
    Start line: 0
Function #122
    Name: 167
    System name: 0
    Filename: 82
    Start line: 0
Function #123
    Name: 168
    System name: 0
    Filename: 0
    Start line: 0
Function #124
    Name: 169
    System name: 0
    Filename: 0
    Start line: 0
Function #125
    Name: 170
    System name: 0
    Filename: 0
    Start line: 0
Function #126
    Name: 171
    System name: 0
    Filename: 0
    Start line: 0
Function #127
    Name: 172
    System name: 0
    Filename: 0
    Start line: 0
Function #128
    Name: 173
    System name: 0
    Filename: 0
    Start line: 0
Function #129
    Name: 174
    System name: 0
    Filename: 175
    Start line: 0
Function #130
    Name: 176
    System name: 0
    Filename: 177
    Start line: 0
Function #131
    Name: 178
    System name: 0
    Filename: 177
    Start line: 0
Function #132
    Name: 179
    System name: 0
    Filename: 177
    Start line: 0
Function #133
    Name: 180
    System name: 0
    Filename: 102
    Start line: 0
Function #134
    Name: 181
    System name: 0
    Filename: 182
    Start line: 0
Function #135
    Name: 183
    System name: 0
    Filename: 155
    Start line: 0
Function #136
    Name: 185
    System name: 0
    Filename: 0
    Start line: 0
Function #137
    Name: 186
    System name: 0
    Filename: 0
    Start line: 0
Function #138
    Name: 187
    System name: 0
    Filename: 0
    Start line: 0
Function #139
    Name: 188
    System name: 0
    Filename: 0
    Start line: 0
Function #140
    Name: 189
    System name: 0
    Filename: 0
    Start line: 0
Function #141
    Name: 190
    System name: 0
    Filename: 0
    Start line: 0
Function #142
    Name: 191
    System name: 0
    Filename: 0
    Start line: 0
Function #143
    Name: 192
    System name: 0
    Filename: 0
    Start line: 0
Function #144
    Name: 193
    System name: 0
    Filename: 0
    Start line: 0
Function #145
    Name: 194
    System name: 0
    Filename: 0
    Start line: 0
Function #146
    Name: 195
    System name: 0
    Filename: 0
    Start line: 0
Function #147
    Name: 196
    System name: 0
    Filename: 0
    Start line: 0
Function #148
    Name: 197
    System name: 0
    Filename: 0
    Start line: 0
Function #149
    Name: 198
    System name: 0
    Filename: 0
    Start line: 0
Function #150
    Name: 200
    System name: 0
    Filename: 0
    Start line: 0
Function #151
    Name: 201
    System name: 0
    Filename: 0
    Start line: 0
Function #152
    Name: 202
    System name: 0
    Filename: 0
    Start line: 0
Function #153
    Name: 203
    System name: 0
    Filename: 0
    Start line: 0
Function #154
    Name: 204
    System name: 0
    Filename: 0
    Start line: 0
Function #155
    Name: 205
    System name: 0
    Filename: 0
    Start line: 0
Function #156
    Name: 206
    System name: 0
    Filename: 0
    Start line: 0
Function #157
    Name: 207
    System name: 0
    Filename: 0
    Start line: 0
Function #158
    Name: 208
    System name: 0
    Filename: 0
    Start line: 0
Function #159
    Name: 209
    System name: 0
    Filename: 0
    Start line: 0
Function #160
    Name: 210
    System name: 0
    Filename: 0
    Start line: 0
Function #161
    Name: 211
    System name: 0
    Filename: 0
    Start line: 0
Function #162
    Name: 212
    System name: 0
    Filename: 0
    Start line: 0
Function #163
    Name: 213
    System name: 0
    Filename: 0
    Start line: 0
Function #164
    Name: 214
    System name: 0
    Filename: 0
    Start line: 0
Function #165
    Name: 215
    System name: 0
    Filename: 0
    Start line: 0
Function #166
    Name: 216
    System name: 0
    Filename: 0
    Start line: 0
Function #167
    Name: 217
    System name: 0
    Filename: 0
    Start line: 0
Function #168
    Name: 218
    System name: 0
    Filename: 0
    Start line: 0
Function #169
    Name: 219
    System name: 0
    Filename: 0
    Start line: 0
Function #170
    Name: 220
    System name: 0
    Filename: 0
    Start line: 0
Function #171
    Name: 221
    System name: 0
    Filename: 0
    Start line: 0
Function #172
    Name: 222
    System name: 0
    Filename: 0
    Start line: 0
Function #173
    Name: 223
    System name: 0
    Filename: 0
    Start line: 0
Function #174
    Name: 224
    System name: 0
    Filename: 0
    Start line: 0
Function #175
    Name: 225
    System name: 0
    Filename: 0
    Start line: 0
Function #176
    Name: 226
    System name: 0
    Filename: 0
    Start line: 0
Function #177
    Name: 227
    System name: 0
    Filename: 0
    Start line: 0
Function #178
    Name: 228
    System name: 0
    Filename: 0
    Start line: 0
Function #179
    Name: 229
    System name: 0
    Filename: 0
    Start line: 0
Function #180
    Name: 230
    System name: 0
    Filename: 0
    Start line: 0
Function #181
    Name: 231
    System name: 0
    Filename: 0
    Start line: 0
Function #182
    Name: 232
    System name: 0
    Filename: 0
    Start line: 0
Function #183
    Name: 233
    System name: 0
    Filename: 0
    Start line: 0
Function #184
    Name: 234
    System name: 0
    Filename: 0
    Start line: 0
Function #185
    Name: 235
    System name: 0
    Filename: 0
    Start line: 0
Function #186
    Name: 236
    System name: 0
    Filename: 0
    Start line: 0
Function #187
    Name: 237
    System name: 0
    Filename: 0
    Start line: 0
Function #188
    Name: 238
    System name: 0
    Filename: 0
    Start line: 0
Function #189
    Name: 239
    System name: 0
    Filename: 0
    Start line: 0
Function #190
    Name: 240
    System name: 0
    Filename: 0
    Start line: 0
Function #191
    Name: 241
    System name: 0
    Filename: 0
    Start line: 0
Function #192
    Name: 242
    System name: 0
    Filename: 0
    Start line: 0
Function #193
    Name: 243
    System name: 0
    Filename: 0
    Start line: 0
Function #194
    Name: 244
    System name: 0
    Filename: 0
    Start line: 0
Function #195
    Name: 245
    System name: 0
    Filename: 0
    Start line: 0
Function #196
    Name: 246
    System name: 0
    Filename: 0
    Start line: 0
Function #197
    Name: 247
    System name: 0
    Filename: 0
    Start line: 0
Function #198
    Name: 248
    System name: 0
    Filename: 0
    Start line: 0
Function #199
    Name: 249
    System name: 0
    Filename: 0
    Start line: 0
Function #200
    Name: 250
    System name: 0
    Filename: 0
    Start line: 0
Function #201
    Name: 251
    System name: 0
    Filename: 0
    Start line: 0
Function #202
    Name: 252
    System name: 0
    Filename: 0
    Start line: 0
Function #203
    Name: 253
    System name: 0
    Filename: 0
    Start line: 0
Function #204
    Name: 254
    System name: 0
    Filename: 0
    Start line: 0
Function #205
    Name: 255
    System name: 0
    Filename: 0
    Start line: 0
Function #206
    Name: 256
    System name: 0
    Filename: 0
    Start line: 0
Function #207
    Name: 257
    System name: 0
    Filename: 0
    Start line: 0
Function #208
    Name: 258
    System name: 0
    Filename: 0
    Start line: 0
Function #209
    Name: 259
    System name: 0
    Filename: 0
    Start line: 0
Function #210
    Name: 260
    System name: 0
    Filename: 0
    Start line: 0
Function #211
    Name: 261
    System name: 0
    Filename: 0
    Start line: 0
Function #212
    Name: 262
    System name: 0
    Filename: 0
    Start line: 0
Function #213
    Name: 263
    System name: 0
    Filename: 0
    Start line: 0
Function #214
    Name: 264
    System name: 0
    Filename: 0
    Start line: 0
Function #215
    Name: 266
    System name: 0
    Filename: 0
    Start line: 0
Function #216
    Name: 267
    System name: 0
    Filename: 0
    Start line: 0
Function #217
    Name: 268
    System name: 0
    Filename: 0
    Start line: 0
Function #218
    Name: 269
    System name: 0
    Filename: 0
    Start line: 0
Function #219
    Name: 271
    System name: 0
    Filename: 0
    Start line: 0
Function #220
    Name: 272
    System name: 0
    Filename: 273
    Start line: 0
Function #221
    Name: 274
    System name: 0
    Filename: 275
    Start line: 0
Function #222
    Name: 276
    System name: 0
    Filename: 277
    Start line: 0
Function #223
    Name: 278
    System name: 0
    Filename: 277
    Start line: 0
Function #224
    Name: 279
    System name: 0
    Filename: 280
    Start line: 0
Function #225
    Name: 281
    System name: 0
    Filename: 277
    Start line: 0
Function #226
    Name: 282
    System name: 0
    Filename: 283
    Start line: 0
Function #227
    Name: 278
    System name: 0
    Filename: 284
    Start line: 0
Function #228
    Name: 285
    System name: 0
    Filename: 284
    Start line: 0
Function #229
    Name: 286
    System name: 0
    Filename: 284
    Start line: 0
Function #230
    Name: 287
    System name: 0
    Filename: 284
    Start line: 0
Function #231
    Name: 288
    System name: 0
    Filename: 284
    Start line: 0
Function #232
    Name: 289
    System name: 0
    Filename: 290
    Start line: 0
Function #233
    Name: 291
    System name: 0
    Filename: 290
    Start line: 0
Function #234
    Name: 292
    System name: 0
    Filename: 293
    Start line: 0
Function #235
    Name: 294
    System name: 0
    Filename: 295
    Start line: 0
Function #236
    Name: 296
    System name: 0
    Filename: 295
    Start line: 0
Function #237
    Name: 297
    System name: 0
    Filename: 298
    Start line: 0
Function #238
    Name: 299
    System name: 0
    Filename: 0
    Start line: 0
Function #239
    Name: 300
    System name: 0
    Filename: 0
    Start line: 0
Function #240
    Name: 301
    System name: 0
    Filename: 302
    Start line: 0
Function #241
    Name: 303
    System name: 0
    Filename: 304
    Start line: 0
Function #242
    Name: 305
    System name: 0
    Filename: 304
    Start line: 0
Function #243
    Name: 306
    System name: 0
    Filename: 304
    Start line: 0
Function #244
    Name: 307
    System name: 0
    Filename: 0
    Start line: 0
Function #245
    Name: 308
    System name: 0
    Filename: 0
    Start line: 0
Function #246
    Name: 309
    System name: 0
    Filename: 0
    Start line: 0
Function #247
    Name: 310
    System name: 0
    Filename: 311
    Start line: 0
Function #248
    Name: 312
    System name: 0
    Filename: 311
    Start line: 0
Function #249
    Name: 313
    System name: 0
    Filename: 314
    Start line: 0
Function #250
    Name: 315
    System name: 0
    Filename: 314
    Start line: 0
Function #251
    Name: 316
    System name: 0
    Filename: 317
    Start line: 0
Function #252
    Name: 318
    System name: 0
    Filename: 275
    Start line: 0
Function #253
    Name: 319
    System name: 0
    Filename: 275
    Start line: 0
Function #254
    Name: 320
    System name: 0
    Filename: 321
    Start line: 0
Function #255
    Name: 322
    System name: 0
    Filename: 284
    Start line: 0
Function #256
    Name: 323
    System name: 0
    Filename: 321
    Start line: 0
Function #257
    Name: 324
    System name: 0
    Filename: 275
    Start line: 0
Function #258
    Name: 322
    System name: 0
    Filename: 275
    Start line: 0
Function #259
    Name: 325
    System name: 0
    Filename: 275
    Start line: 0
Function #260
    Name: 326
    System name: 0
    Filename: 273
    Start line: 0
Function #261
    Name: 278
    System name: 0
    Filename: 302
    Start line: 0
Function #262
    Name: 327
    System name: 0
    Filename: 328
    Start line: 0
Function #263
    Name: 329
    System name: 0
    Filename: 311
    Start line: 0
Function #264
    Name: 331
    System name: 0
    Filename: 0
    Start line: 0
Function #265
    Name: 332
    System name: 0
    Filename: 333
    Start line: 0
Function #266
    Name: 334
    System name: 0
    Filename: 335
    Start line: 0
Function #267
    Name: 336
    System name: 0
    Filename: 335
    Start line: 0
Function #268
    Name: 337
    System name: 0
    Filename: 335
    Start line: 0
Function #269
    Name: 338
    System name: 0
    Filename: 335
    Start line: 0
Function #270
    Name: 339
    System name: 0
    Filename: 335
    Start line: 0
Function #271
    Name: 340
    System name: 0
    Filename: 298
    Start line: 0
Function #272
    Name: 278
    System name: 0
    Filename: 298
    Start line: 0
Function #273
    Name: 341
    System name: 0
    Filename: 298
    Start line: 0
Function #274
    Name: 342
    System name: 0
    Filename: 298
    Start line: 0
Function #275
    Name: 343
    System name: 0
    Filename: 298
    Start line: 0
Function #276
    Name: 344
    System name: 0
    Filename: 345
    Start line: 0
Function #277
    Name: 346
    System name: 0
    Filename: 345
    Start line: 0
Function #278
    Name: 347
    System name: 0
    Filename: 348
    Start line: 0
Function #279
    Name: 349
    System name: 0
    Filename: 350
    Start line: 0
Function #280
    Name: 351
    System name: 0
    Filename: 352
    Start line: 0
Function #281
    Name: 353
    System name: 0
    Filename: 354
    Start line: 0
Function #282
    Name: 355
    System name: 0
    Filename: 354
    Start line: 0
Function #283
    Name: 356
    System name: 0
    Filename: 354
    Start line: 0
Attribute table:
     -> Key: Int(10)
     -> Value: Str(1278388)
     -> unit: Int(0)
Link table:
     -> Trace ID: Str()
     -> Span ID: Str()
String table:
    
    cpu
    nanoseconds
    samples
    count
    libc.so.6
    process.executable.build_id.htlhash
    profile.frame.type
    qemu-system-x86_64
    thread.name
    thread.id
    cpu.logical_number
    vmlinux
    process.executable.build_id.gnu
    __raw_spin_lock_irqsave
    _raw_spin_lock_irqsave
    add_wait_queue
    __pollwait
    eventfd_poll
    do_poll.constprop.0
    do_sys_poll
    __x64_sys_ppoll
    x64_sys_call
    do_syscall_64
    entry_SYSCALL_64_after_hwframe
    kvm
    __apic_update_ppr
    kvm_apic_has_interrupt
    kvm_cpu_has_interrupt
    kvm_vcpu_has_events
    kvm_arch_vcpu_runnable
    kvm_vcpu_check_block
    kvm_vcpu_halt
    vcpu_run
    kvm_arch_vcpu_ioctl_run
    kvm_vcpu_ioctl
    __x64_sys_ioctl
    map_pte
    page_vma_mapped_walk
    try_to_migrate_one
    rmap_walk_anon
    rmap_walk
    try_to_migrate
    migrate_folio_unmap
    migrate_pages_batch
    migrate_pages
    compact_zone
    compact_zone_order
    try_to_compact_pages
    __alloc_pages_direct_compact
    __alloc_pages_slowpath.constprop.0
    __alloc_frozen_pages_noprof
    alloc_pages_mpol
    vma_alloc_folio_noprof
    vma_alloc_anon_folio_pmd
    __do_huge_pmd_anonymous_page
    do_huge_pmd_anonymous_page
    __handle_mm_fault
    handle_mm_fault
    __get_user_pages
    get_user_pages_unlocked
    hva_to_pfn
    kvm_follow_pfn
    __kvm_faultin_pfn
    __kvm_mmu_faultin_pfn
    kvm_mmu_faultin_pfn
    kvm_tdp_page_fault
    kvm_mmu_do_page_fault
    kvm_mmu_page_fault
    kvm_intel
    handle_ept_violation
    __vmx_handle_exit
    vmx_handle_exit
    vcpu_enter_guest
    ktime_get
    codex
    otelcol-ebpf-profiler
    process.executable.build_id.go
    slices.partitionCmpFunc[go.shape.struct { Address uint64; Hints uint8; Info go.opentelemetry.io/ebpf-profiler/support.UnwindInfo }]
    /home/yunwei37/go/pkg/mod/golang.org/toolchain@v0.0.1-go1.25.0.linux-amd64/src/slices/zsortanyfunc.go
    slices.pdqsortCmpFunc[go.shape.struct { Address uint64; Hints uint8; Info go.opentelemetry.io/ebpf-profiler/support.UnwindInfo }]
    go.opentelemetry.io/ebpf-profiler/nativeunwind/stackdeltatypes.(*StackDeltaArray).Sort
    /tmp/opentelemetry-ebpf-profiler/nativeunwind/stackdeltatypes/stackdeltatypes.go
    go.opentelemetry.io/ebpf-profiler/nativeunwind/elfunwindinfo.extractFile
    /tmp/opentelemetry-ebpf-profiler/nativeunwind/elfunwindinfo/stackdeltaextraction.go
    go.opentelemetry.io/ebpf-profiler/nativeunwind/elfunwindinfo.ExtractELF
    go.opentelemetry.io/ebpf-profiler/nativeunwind/elfunwindinfo.(*ELFStackDeltaProvider).GetIntervalStructuresForFile
    /tmp/opentelemetry-ebpf-profiler/nativeunwind/elfunwindinfo/stackdeltaprovider.go
    go.opentelemetry.io/ebpf-profiler/processmanager/execinfomanager.(*ExecutableInfoManager).AddOrIncRef
    /tmp/opentelemetry-ebpf-profiler/processmanager/execinfomanager/manager.go
    go.opentelemetry.io/ebpf-profiler/processmanager.(*ProcessManager).newFrameMapping
    /tmp/opentelemetry-ebpf-profiler/processmanager/processinfo.go
    go.opentelemetry.io/ebpf-profiler/processmanager.(*ProcessManager).SynchronizeProcess.func1
    go.opentelemetry.io/ebpf-profiler/process.(*systemProcess).IterateMappings.func1
    /tmp/opentelemetry-ebpf-profiler/process/process.go
    go.opentelemetry.io/ebpf-profiler/process.iterateMappings
    go.opentelemetry.io/ebpf-profiler/process.(*systemProcess).IterateMappings
    go.opentelemetry.io/ebpf-profiler/processmanager.(*ProcessManager).SynchronizeProcess
    go.opentelemetry.io/ebpf-profiler/tracer.(*Tracer).processPIDEvents
    /tmp/opentelemetry-ebpf-profiler/tracer/events.go
    go.opentelemetry.io/ebpf-profiler/tracer.(*Tracer).StartPIDEventProcessor.gowrap1
    runtime.goexit
    /home/yunwei37/go/pkg/mod/golang.org/toolchain@v0.0.1-go1.25.0.linux-amd64/src/runtime/asm_amd64.s
    runtime.(*gcControllerState).update
    /home/yunwei37/go/pkg/mod/golang.org/toolchain@v0.0.1-go1.25.0.linux-amd64/src/runtime/mgcpacer.go
    runtime.(*mcache).refill
    /home/yunwei37/go/pkg/mod/golang.org/toolchain@v0.0.1-go1.25.0.linux-amd64/src/runtime/mcache.go
    runtime.(*mcache).nextFree
    /home/yunwei37/go/pkg/mod/golang.org/toolchain@v0.0.1-go1.25.0.linux-amd64/src/runtime/malloc.go
    runtime.mallocgcSmallScanNoHeader
    runtime.mallocgc
    runtime.convTslice
    /home/yunwei37/go/pkg/mod/golang.org/toolchain@v0.0.1-go1.25.0.linux-amd64/src/runtime/iface.go
    go.opentelemetry.io/ebpf-profiler/tracer.(*Tracer).monitorPIDEventsMap
    /tmp/opentelemetry-ebpf-profiler/tracer/tracer.go
    go.opentelemetry.io/ebpf-profiler/tracer.(*Tracer).StartMapMonitors.func1
    go.opentelemetry.io/ebpf-profiler/periodiccaller.StartWithManualTrigger.func1
    /tmp/opentelemetry-ebpf-profiler/periodiccaller/periodiccaller.go
    __virt_addr_valid
    check_heap_object
    __check_object_size.part.0
    __check_object_size
    generic_map_update_batch
    bpf_map_do_batch
    __sys_bpf
    __x64_sys_bpf
    internal/runtime/syscall.Syscall6
    /home/yunwei37/go/pkg/mod/golang.org/toolchain@v0.0.1-go1.25.0.linux-amd64/src/internal/runtime/syscall/asm_linux_amd64.s
    syscall.RawSyscall6
    /home/yunwei37/go/pkg/mod/golang.org/toolchain@v0.0.1-go1.25.0.linux-amd64/src/syscall/syscall_linux.go
    syscall.Syscall
    <autogenerated>
    github.com/cilium/ebpf/internal/sys.BPF
    /home/yunwei37/go/pkg/mod/github.com/cilium/ebpf@v0.21.0/internal/unix/types_linux.go
    github.com/cilium/ebpf.(*Map).batchUpdate
    /home/yunwei37/go/pkg/mod/github.com/cilium/ebpf@v0.21.0/map.go
    github.com/cilium/ebpf.(*Map).BatchUpdate
    go.opentelemetry.io/ebpf-profiler/processmanager/ebpf.(*ebpfMapsImpl).UpdateExeIDToStackDeltas
    /tmp/opentelemetry-ebpf-profiler/processmanager/ebpf/ebpf.go
    go.opentelemetry.io/ebpf-profiler/processmanager/execinfomanager.(*executableInfoManagerState).loadDeltas
    slices.partialInsertionSortCmpFunc[go.shape.struct { Address uint64; Hints uint8; Info go.opentelemetry.io/ebpf-profiler/support.UnwindInfo }]
    __check_heap_object
    log/slog.(*Logger).Enabled
    /home/yunwei37/go/pkg/mod/golang.org/toolchain@v0.0.1-go1.25.0.linux-amd64/src/log/slog/logger.go
    go.opentelemetry.io/ebpf-profiler/internal/log.Debugf
    /tmp/opentelemetry-ebpf-profiler/internal/log/logging.go
    go.opentelemetry.io/ebpf-profiler/processmanager.(*ProcessManager).ProcessedUntil
    go.opentelemetry.io/ebpf-profiler/tracer.(*Tracer).startTraceEventMonitor.func1
    runtime.step
    /home/yunwei37/go/pkg/mod/golang.org/toolchain@v0.0.1-go1.25.0.linux-amd64/src/runtime/symtab.go
    runtime.funcMaxSPDelta
    runtime.newstack
    /home/yunwei37/go/pkg/mod/golang.org/toolchain@v0.0.1-go1.25.0.linux-amd64/src/runtime/stack.go
    runtime.morestack
    go.opentelemetry.io/ebpf-profiler/nativeunwind/elfunwindinfo.(*vmRegs).getUnwindInfo
    /tmp/opentelemetry-ebpf-profiler/nativeunwind/elfunwindinfo/elfehframe.go
    go.opentelemetry.io/ebpf-profiler/nativeunwind/elfunwindinfo.(*elfExtractor).parseFDE
    go.opentelemetry.io/ebpf-profiler/nativeunwind/elfunwindinfo.(*elfExtractor).walkBinSearchTable
    go.opentelemetry.io/ebpf-profiler/nativeunwind/elfunwindinfo.(*elfExtractor).parseEHFrame
    count_memcg_events.constprop.0
    do_user_addr_fault
    exc_page_fault
    asm_exc_page_fault
    runtime.memmove
    /home/yunwei37/go/pkg/mod/golang.org/toolchain@v0.0.1-go1.25.0.linux-amd64/src/runtime/memmove_amd64.s
    runtime.growslice
    /home/yunwei37/go/pkg/mod/golang.org/toolchain@v0.0.1-go1.25.0.linux-amd64/src/runtime/slice.go
    go.opentelemetry.io/ebpf-profiler/nativeunwind/stackdeltatypes.(*StackDeltaArray).AddEx
    _copy_from_user
    _raw_spin_unlock_irqrestore
    hrtimer_start_range_ns
    do_nanosleep
    hrtimer_nanosleep
    __x64_sys_nanosleep
    runtime.usleep
    /home/yunwei37/go/pkg/mod/golang.org/toolchain@v0.0.1-go1.25.0.linux-amd64/src/runtime/sys_linux_amd64.s
    runtime.sysmon
    /home/yunwei37/go/pkg/mod/golang.org/toolchain@v0.0.1-go1.25.0.linux-amd64/src/runtime/proc.go
    runtime.mstart1
    runtime.mstart0
    runtime.mstart
    memeqbody
    /home/yunwei37/go/pkg/mod/golang.org/toolchain@v0.0.1-go1.25.0.linux-amd64/src/internal/bytealg/equal_amd64.s
    go.opentelemetry.io/ebpf-profiler/nativeunwind/elfunwindinfo.isSignalTrampoline
    nvidia
    os_release_spinlock
    threadStateGetCurrentUnchecked.part.0
    threadStateYieldCpuIfNecessary
    timeoutCheck
    _kgspRpcRecvPoll
    _issueRpcAndWait
    deviceCtrlCmdDmaSetPageDirectory_IMPL
    resControl_IMPL
    serverControl
    _rmapiRmControl
    rmapiControlWithSecInfo
    rmapiControl
    nvGpuOpsSetPageDirectory
    nvUvmInterfaceSetPageDirectory
    nvidia_uvm
    uvm_gpu_retain_by_uuid
    uvm_va_space_register_gpu
    uvm_api_register_gpu
    uvm_ioctl
    uvm_unlocked_ioctl_entry.part.0
    uvm_unlocked_ioctl_entry
    rpcRmApiAlloc_GSP
    serverAllocResourceUnderLock
    serverAllocResource
    rmapiAllocWithSecInfo
    rmapiAllocWithSecInfoTls
    Nv04AllocWithAccessSecInfo
    RmIoctl
    rm_ioctl
    nvidia_unlocked_ioctl
    shmem_get_folio_gfp
    shmem_fault
    __do_fault
    do_read_fault
    do_fault
    handle_pte_fault
    next_uptodate_folio
    filemap_map_pages
    uvm_pmm_devmem_page_to_va_space
    unregister_gpu
    uvm_va_space_destroy
    uvm_release.isra.0
    uvm_release_entry.part.0.isra.0
    uvm_release_entry
    __fput
    ____fput
    task_work_run
    do_exit
    do_group_exit
    get_signal
    arch_do_signal_or_restart
    syscall_exit_to_user_mode
    osDevReadReg032
    _regRead
    crashcatEngineLoadWayfinder_IMPL
    crashcatEngineGetNextCrashReport_IMPL
    kgspHealthCheck_TU102
    _kgspRpcDrainEvents
    rpcRmApiControl_GSP
    kgmmuClientShadowFaultBufferRegister_IMPL
    kgmmuClientShadowFaultBufferAllocate_IMPL
    faultbufCtrlCmdMmuFaultBufferRegisterNonReplayBuf_IMPL
    rmapiControlWithSecInfoTls
    nvGpuOpsInitFaultInfo
    nvUvmInterfaceInitFaultInfo
    uvm_parent_gpu_fault_buffer_init
    uvm_parent_gpu_init_isr
    rmresControl_Prologue_IMPL
    _uvmSetupAccessCntrBuffer.constprop.0
    uvmInitializeAccessCntrBuffer_IMPL
    accesscntrConstruct_IMPL
    __nvoc_ctor_AccessCounterBuffer
    __nvoc_objCreate_AccessCounterBuffer
    __nvoc_objCreateDynamic
    resservResourceFactory
    _clientAllocResourceHelper
    rmapiAlloc
    nvGpuOpsInitAccessCntrInfo
    nvUvmInterfaceInitAccessCntrInfo
    uvm_parent_gpu_init_access_counters
    agentsight
    __cond_resched
    fdget_pos
    ksys_read
    __x64_sys_read
    node
    V8::UnknownFrame
    runSync
    node:internal/modules/esm/module_job
    importSyncForRequire
    node:internal/modules/esm/loader
    loadESMFromCJS
    node:internal/modules/cjs/loader
    <anonymous>
    traceSync
    node:diagnostics_channel
    wrapModuleLoad
    require
    node:internal/modules/helpers
    file:///home/fishclaw/.nvm/versions/node/v22.22.0/lib/node_modules/openclaw/dist/plugin-module-loader-cache-lz0qhu-X.js
    withNativeRequireAliases
    requireWithOptionalAliases
    tryNativeRequireJavaScriptModule
    loadCachedTarget
    loadPublicSurfaceModule
    file:///home/fishclaw/.nvm/versions/node/v22.22.0/lib/node_modules/openclaw/dist/public-surface-loader-CqBVRQ-t.js
    loadBundledPluginPublicArtifactModuleSync
    loadBundledChannelDoctorContractApi
    file:///home/fishclaw/.nvm/versions/node/v22.22.0/lib/node_modules/openclaw/dist/legacy-config-migrations-DGNBoJQP.js
    collectChannelLegacyConfigRules
    file:///home/fishclaw/.nvm/versions/node/v22.22.0/lib/node_modules/openclaw/dist/legacy-config-issues-S00NaeKY.js
    findDoctorLegacyConfigIssues
    collectInvalidConfigLegacyIssues
    file:///home/fishclaw/.nvm/versions/node/v22.22.0/lib/node_modules/openclaw/dist/io-fQmSDfK-.js
    V8::StubFrame
    V8::EntryFrame
    test
    <unknown>
    redactFormBodyContextSinglePairs
    file:///home/fishclaw/.nvm/versions/node/v22.22.0/lib/node_modules/openclaw/dist/redact-DN0dJKIU.js
    redactFormBodyLine
    redactFormBody
    V8::BuiltinExitFrame
    V8::InternalFrame
    V8::ExitFrame
    deserializePackageJSON
    node:internal/modules/package_json_reader
    getPackageScopeConfig
    getFileProtocolModuleFormat
    node:internal/modules/esm/get_format
    defaultGetFormatWithoutErrors
    defaultResolve
    node:internal/modules/esm/resolve
    #cachedDefaultResolve
    #resolveAndMaybeBlockOnLoaderThread
    nextStep
    node:internal/modules/customization_hooks
    resolve
    resolveWithHooks
    resolveSync
    getModuleJobForImport
    _link
    processTicksAndRejections
    node:internal/process/task_queues
    findParentPackageJSON
    libstdc++.so.6.0.35
    pfn_pte
    createPluginRegistryIdNormalizer
    file:///home/fishclaw/.nvm/versions/node/v22.22.0/lib/node_modules/openclaw/dist/plugin-registry-BPqzufTQ.js
    loadPluginMetadataSnapshotImpl
    file:///home/fishclaw/.nvm/versions/node/v22.22.0/lib/node_modules/openclaw/dist/plugin-metadata-snapshot-DXKcDDxT.js
    measureDiagnosticsTimelineSpanSync.phase
    measureDiagnosticsTimelineSpanSync
    loadPluginMetadataSnapshot
    resolvePluginMetadataSnapshot
    loadValidationPluginMetadataSnapshot
    validateConfigObjectWithPlugins
    measure
    readConfigFileSnapshotInternal
    CreateCallExpression
    file:///home/fishclaw/.nvm/versions/node/v22.22.0/lib/node_modules/openclaw/node_modules/typebox/build/schema/engine/_functions.mjs
    CreateFunction
    Build
    file:///home/fishclaw/.nvm/versions/node/v22.22.0/lib/node_modules/openclaw/node_modules/typebox/build/schema/build.mjs
    Validator
    file:///home/fishclaw/.nvm/versions/node/v22.22.0/lib/node_modules/openclaw/node_modules/typebox/build/compile/validator.mjs
    Compile
    file:///home/fishclaw/.nvm/versions/node/v22.22.0/lib/node_modules/openclaw/node_modules/typebox/build/compile/compile.mjs
    compileSchema
    file:///home/fishclaw/.nvm/versions/node/v22.22.0/lib/node_modules/openclaw/dist/schema-validator-BSHTSwuX.js
    isDefaultActivatedConditionalFailure
    validateJsonSchemaValue
ResourceProfiles #0
Resource SchemaURL: https://opentelemetry.io/schemas/1.37.0
Resource attributes:
     -> process.pid: Int(1275494)
     -> process.executable.path: Str(/usr/local/bin/qemu-system-x86_64)
     -> process.executable.name: Str(qemu-system-x86_64)
ScopeProfiles #0
ScopeProfiles SchemaURL: https://opentelemetry.io/schemas/1.37.0
InstrumentationScope go.opentelemetry.io/ebpf-profiler v0.0.0
Profile #0
    Profile ID     : 
    Start time     : 2026-06-21 21:07:17.354274816 +0000 UTC
    DurationNano   : 5188354371
    Dropped attributes count: 0
    Sample #0
        Values: []
        Attributes:
             -> thread.name: qemu-system-x86
             -> thread.id: %!s(int64=1275501)
             -> cpu.logical_number: %!s(int64=14)
    Sample #1
        Values: []
        Attributes:
             -> thread.name: qemu-system-x86
             -> thread.id: %!s(int64=1275502)
             -> cpu.logical_number: %!s(int64=4)
    Sample #2
        Values: []
        Attributes:
             -> thread.name: qemu-system-x86
             -> thread.id: %!s(int64=1275494)
             -> cpu.logical_number: %!s(int64=4)
    Sample #3
        Values: []
        Attributes:
             -> thread.name: qemu-system-x86
             -> thread.id: %!s(int64=1275502)
             -> cpu.logical_number: %!s(int64=6)
    Sample #4
        Values: []
        Attributes:
             -> thread.name: qemu-system-x86
             -> thread.id: %!s(int64=1275504)
             -> cpu.logical_number: %!s(int64=13)
    Sample #5
        Values: []
        Attributes:
             -> thread.name: qemu-system-x86
             -> thread.id: %!s(int64=1275500)
             -> cpu.logical_number: %!s(int64=13)
    Sample #6
        Values: []
        Attributes:
             -> thread.name: qemu-system-x86
             -> thread.id: %!s(int64=1275498)
             -> cpu.logical_number: %!s(int64=2)
    Sample #7
        Values: []
        Attributes:
             -> thread.name: qemu-system-x86
             -> thread.id: %!s(int64=1275497)
             -> cpu.logical_number: %!s(int64=7)
    Sample #8
        Values: []
        Attributes:
             -> thread.name: qemu-system-x86
             -> thread.id: %!s(int64=1275499)
             -> cpu.logical_number: %!s(int64=11)
    Sample #9
        Values: []
        Attributes:
             -> thread.name: qemu-system-x86
             -> thread.id: %!s(int64=1275499)
             -> cpu.logical_number: %!s(int64=11)
    Sample #10
        Values: []
        Attributes:
             -> thread.name: qemu-system-x86
             -> thread.id: %!s(int64=1275499)
             -> cpu.logical_number: %!s(int64=1)
    Sample #11
        Values: []
        Attributes:
             -> thread.name: qemu-system-x86
             -> thread.id: %!s(int64=1275503)
             -> cpu.logical_number: %!s(int64=9)
    Sample #12
        Values: []
        Attributes:
             -> thread.name: qemu-system-x86
             -> thread.id: %!s(int64=1275544)
             -> cpu.logical_number: %!s(int64=13)
    Sample #13
        Values: []
        Attributes:
             -> thread.name: qemu-system-x86
             -> thread.id: %!s(int64=1275503)
             -> cpu.logical_number: %!s(int64=9)
    Sample #14
        Values: []
        Attributes:
             -> thread.name: qemu-system-x86
             -> thread.id: %!s(int64=1275499)
             -> cpu.logical_number: %!s(int64=11)
    Sample #15
        Values: []
        Attributes:
             -> thread.name: qemu-system-x86
             -> thread.id: %!s(int64=1275498)
             -> cpu.logical_number: %!s(int64=3)
ResourceProfiles #1
Resource SchemaURL: https://opentelemetry.io/schemas/1.37.0
Resource attributes:
     -> process.pid: Int(6917)
     -> process.executable.path: Str(/home/yunwei37/.nvm/versions/node/v22.22.0/lib/node_modules/@openai/codex/node_modules/@openai/codex-linux-x64/vendor/x86_64-unknown-linux-musl/bin/codex)
     -> process.executable.name: Str(codex)
ScopeProfiles #0
ScopeProfiles SchemaURL: https://opentelemetry.io/schemas/1.37.0
InstrumentationScope go.opentelemetry.io/ebpf-profiler v0.0.0
Profile #0
    Profile ID     : 
    Start time     : 2026-06-21 21:07:17.354274816 +0000 UTC
    DurationNano   : 5188354371
    Dropped attributes count: 0
    Sample #0
        Values: []
        Attributes:
             -> thread.name: sqlx-sqlite-wor
             -> thread.id: %!s(int64=1259652)
             -> cpu.logical_number: %!s(int64=22)
    Sample #1
        Values: []
        Attributes:
             -> thread.name: sqlx-sqlite-wor
             -> thread.id: %!s(int64=1234982)
             -> cpu.logical_number: %!s(int64=8)
    Sample #2
        Values: []
        Attributes:
             -> thread.name: sqlx-sqlite-wor
             -> thread.id: %!s(int64=1259652)
             -> cpu.logical_number: %!s(int64=22)
    Sample #3
        Values: []
        Attributes:
             -> thread.name: sqlx-sqlite-wor
             -> thread.id: %!s(int64=1259652)
             -> cpu.logical_number: %!s(int64=23)
    Sample #4
        Values: []
        Attributes:
             -> thread.name: tokio-rt-worker
             -> thread.id: %!s(int64=6925)
             -> cpu.logical_number: %!s(int64=16)
    Sample #5
        Values: []
        Attributes:
             -> thread.name: sqlx-sqlite-wor
             -> thread.id: %!s(int64=1234982)
             -> cpu.logical_number: %!s(int64=8)
    Sample #6
        Values: []
        Attributes:
             -> thread.name: sqlx-sqlite-wor
             -> thread.id: %!s(int64=1259652)
             -> cpu.logical_number: %!s(int64=22)
    Sample #7
        Values: []
        Attributes:
             -> thread.name: sqlx-sqlite-wor
             -> thread.id: %!s(int64=1234982)
             -> cpu.logical_number: %!s(int64=8)
ResourceProfiles #2
Resource SchemaURL: https://opentelemetry.io/schemas/1.37.0
Resource attributes:
     -> process.pid: Int(1278293)
     -> process.executable.path: Str(/tmp/opentelemetry-ebpf-profiler/otelcol-ebpf-profiler)
     -> process.executable.name: Str(otelcol-ebpf-profiler)
ScopeProfiles #0
ScopeProfiles SchemaURL: https://opentelemetry.io/schemas/1.37.0
InstrumentationScope go.opentelemetry.io/ebpf-profiler v0.0.0
Profile #0
    Profile ID     : 
    Start time     : 2026-06-21 21:07:17.354274816 +0000 UTC
    DurationNano   : 5188354371
    Dropped attributes count: 0
    Sample #0
        Values: []
        Attributes:
             -> thread.name: otelcol-ebpf-pr
             -> thread.id: %!s(int64=1278340)
             -> cpu.logical_number: %!s(int64=2)
    Sample #1
        Values: []
        Attributes:
             -> thread.name: otelcol-ebpf-pr
             -> thread.id: %!s(int64=1278329)
             -> cpu.logical_number: %!s(int64=14)
    Sample #2
        Values: []
        Attributes:
             -> thread.name: otelcol-ebpf-pr
             -> thread.id: %!s(int64=1278335)
             -> cpu.logical_number: %!s(int64=10)
    Sample #3
        Values: []
        Attributes:
             -> thread.name: otelcol-ebpf-pr
             -> thread.id: %!s(int64=1278340)
             -> cpu.logical_number: %!s(int64=2)
    Sample #4
        Values: []
        Attributes:
             -> thread.name: otelcol-ebpf-pr
             -> thread.id: %!s(int64=1278352)
             -> cpu.logical_number: %!s(int64=4)
    Sample #5
        Values: []
        Attributes:
             -> thread.name: otelcol-ebpf-pr
             -> thread.id: %!s(int64=1278343)
             -> cpu.logical_number: %!s(int64=5)
    Sample #6
        Values: []
        Attributes:
             -> thread.name: otelcol-ebpf-pr
             -> thread.id: %!s(int64=1278334)
             -> cpu.logical_number: %!s(int64=22)
    Sample #7
        Values: []
        Attributes:
             -> thread.name: otelcol-ebpf-pr
             -> thread.id: %!s(int64=1278338)
             -> cpu.logical_number: %!s(int64=8)
    Sample #8
        Values: []
        Attributes:
             -> thread.name: otelcol-ebpf-pr
             -> thread.id: %!s(int64=1278338)
             -> cpu.logical_number: %!s(int64=8)
    Sample #9
        Values: []
        Attributes:
             -> thread.name: otelcol-ebpf-pr
             -> thread.id: %!s(int64=1278340)
             -> cpu.logical_number: %!s(int64=2)
    Sample #10
        Values: []
        Attributes:
             -> thread.name: otelcol-ebpf-pr
             -> thread.id: %!s(int64=1278352)
             -> cpu.logical_number: %!s(int64=4)
    Sample #11
        Values: []
        Attributes:
             -> thread.name: otelcol-ebpf-pr
             -> thread.id: %!s(int64=1278342)
             -> cpu.logical_number: %!s(int64=9)
    Sample #12
        Values: []
        Attributes:
             -> thread.name: otelcol-ebpf-pr
             -> thread.id: %!s(int64=1278342)
             -> cpu.logical_number: %!s(int64=9)
    Sample #13
        Values: []
        Attributes:
             -> thread.name: otelcol-ebpf-pr
             -> thread.id: %!s(int64=1278329)
             -> cpu.logical_number: %!s(int64=14)
    Sample #14
        Values: []
        Attributes:
             -> thread.name: otelcol-ebpf-pr
             -> thread.id: %!s(int64=1278340)
             -> cpu.logical_number: %!s(int64=13)
    Sample #15
        Values: []
        Attributes:
             -> thread.name: otelcol-ebpf-pr
             -> thread.id: %!s(int64=1278352)
             -> cpu.logical_number: %!s(int64=4)
    Sample #16
        Values: []
        Attributes:
             -> thread.name: otelcol-ebpf-pr
             -> thread.id: %!s(int64=1278342)
             -> cpu.logical_number: %!s(int64=3)
    Sample #17
        Values: []
        Attributes:
             -> thread.name: otelcol-ebpf-pr
             -> thread.id: %!s(int64=1278294)
             -> cpu.logical_number: %!s(int64=16)
    Sample #18
        Values: []
        Attributes:
             -> thread.name: otelcol-ebpf-pr
             -> thread.id: %!s(int64=1278329)
             -> cpu.logical_number: %!s(int64=14)
    Sample #19
        Values: []
        Attributes:
             -> thread.name: otelcol-ebpf-pr
             -> thread.id: %!s(int64=1278346)
             -> cpu.logical_number: %!s(int64=2)
ResourceProfiles #3
Resource SchemaURL: https://opentelemetry.io/schemas/1.37.0
Resource attributes:
     -> process.pid: Int(1278381)
     -> process.executable.path: Str(/home/yunwei37/workspace/gpu/bpftime/example/otel-ebpf-profiler/victim)
     -> process.executable.name: Str(victim)
ScopeProfiles #0
ScopeProfiles SchemaURL: https://opentelemetry.io/schemas/1.37.0
InstrumentationScope go.opentelemetry.io/ebpf-profiler v0.0.0
Profile #0
    Profile ID     : 
    Start time     : 2026-06-21 21:07:17.354274816 +0000 UTC
    DurationNano   : 5188354371
    Dropped attributes count: 0
    Sample #0
        Values: []
        Attributes:
             -> thread.name: victim
             -> thread.id: %!s(int64=1278381)
             -> cpu.logical_number: %!s(int64=1)
    Sample #1
        Values: []
        Attributes:
             -> thread.name: victim
             -> thread.id: %!s(int64=1278381)
             -> cpu.logical_number: %!s(int64=1)
    Sample #2
        Values: []
        Attributes:
             -> thread.name: victim
             -> thread.id: %!s(int64=1278381)
             -> cpu.logical_number: %!s(int64=1)
    Sample #3
        Values: []
        Attributes:
             -> thread.name: victim
             -> thread.id: %!s(int64=1278381)
             -> cpu.logical_number: %!s(int64=1)
    Sample #4
        Values: []
        Attributes:
             -> thread.name: victim
             -> thread.id: %!s(int64=1278397)
             -> cpu.logical_number: %!s(int64=10)
    Sample #5
        Values: []
        Attributes:
             -> thread.name: victim
             -> thread.id: %!s(int64=1278381)
             -> cpu.logical_number: %!s(int64=1)
    Sample #6
        Values: []
        Attributes:
             -> thread.name: victim
             -> thread.id: %!s(int64=1278381)
             -> cpu.logical_number: %!s(int64=1)
ResourceProfiles #4
Resource SchemaURL: https://opentelemetry.io/schemas/1.37.0
Resource attributes:
     -> process.pid: Int(2711)
     -> process.executable.path: Str(/home/yunwei37/.cargo/bin/agentsight)
     -> process.executable.name: Str(agentsight)
ScopeProfiles #0
ScopeProfiles SchemaURL: https://opentelemetry.io/schemas/1.37.0
InstrumentationScope go.opentelemetry.io/ebpf-profiler v0.0.0
Profile #0
    Profile ID     : 
    Start time     : 2026-06-21 21:07:17.354274816 +0000 UTC
    DurationNano   : 5188354371
    Dropped attributes count: 0
    Sample #0
        Values: []
        Attributes:
             -> thread.name: agentsight
             -> thread.id: %!s(int64=2711)
             -> cpu.logical_number: %!s(int64=0)
    Sample #1
        Values: []
        Attributes:
             -> thread.name: agentsight
             -> thread.id: %!s(int64=2711)
             -> cpu.logical_number: %!s(int64=0)
    Sample #2
        Values: []
        Attributes:
             -> thread.name: agentsight
             -> thread.id: %!s(int64=2711)
             -> cpu.logical_number: %!s(int64=0)
    Sample #3
        Values: []
        Attributes:
             -> thread.name: agentsight
             -> thread.id: %!s(int64=2711)
             -> cpu.logical_number: %!s(int64=0)
ResourceProfiles #5
Resource SchemaURL: https://opentelemetry.io/schemas/1.37.0
Resource attributes:
     -> process.pid: Int(1278382)
     -> process.executable.path: Str(/home/fishclaw/.nvm/versions/node/v22.22.0/bin/node)
     -> process.executable.name: Str(node)
ScopeProfiles #0
ScopeProfiles SchemaURL: https://opentelemetry.io/schemas/1.37.0
InstrumentationScope go.opentelemetry.io/ebpf-profiler v0.0.0
Profile #0
    Profile ID     : 
    Start time     : 2026-06-21 21:07:17.354274816 +0000 UTC
    DurationNano   : 5188354371
    Dropped attributes count: 0
    Sample #0
        Values: []
        Attributes:
             -> thread.name: node
             -> thread.id: %!s(int64=1278382)
             -> cpu.logical_number: %!s(int64=6)
    Sample #1
        Values: []
        Attributes:
             -> thread.name: node
             -> thread.id: %!s(int64=1278382)
             -> cpu.logical_number: %!s(int64=6)
    Sample #2
        Values: []
        Attributes:
             -> thread.name: node
             -> thread.id: %!s(int64=1278382)
             -> cpu.logical_number: %!s(int64=6)
    Sample #3
        Values: []
        Attributes:
             -> thread.name: node
             -> thread.id: %!s(int64=1278382)
             -> cpu.logical_number: %!s(int64=6)
    Sample #4
        Values: []
        Attributes:
             -> thread.name: node
             -> thread.id: %!s(int64=1278382)
             -> cpu.logical_number: %!s(int64=6)
    Sample #5
        Values: []
        Attributes:
             -> thread.name: node
             -> thread.id: %!s(int64=1278382)
             -> cpu.logical_number: %!s(int64=6)
    Sample #6
        Values: []
        Attributes:
             -> thread.name: node
             -> thread.id: %!s(int64=1278389)
             -> cpu.logical_number: %!s(int64=21)
    Sample #7
        Values: []
        Attributes:
             -> thread.name: node
             -> thread.id: %!s(int64=1278382)
             -> cpu.logical_number: %!s(int64=6)
    Sample #8
        Values: []
        Attributes:
             -> thread.name: node
             -> thread.id: %!s(int64=1278386)
             -> cpu.logical_number: %!s(int64=1)
    Sample #9
        Values: []
        Attributes:
             -> thread.name: node
             -> thread.id: %!s(int64=1278389)
             -> cpu.logical_number: %!s(int64=22)
    Sample #10
        Values: []
        Attributes:
             -> thread.name: node
             -> thread.id: %!s(int64=1278386)
             -> cpu.logical_number: %!s(int64=1)
    Sample #11
        Values: []
        Attributes:
             -> thread.name: node
             -> thread.id: %!s(int64=1278389)
             -> cpu.logical_number: %!s(int64=22)
    Sample #12
        Values: []
        Attributes:
             -> thread.name: node
             -> thread.id: %!s(int64=1278382)
             -> cpu.logical_number: %!s(int64=6)
    Sample #13
        Values: []
        Attributes:
             -> thread.name: node
             -> thread.id: %!s(int64=1278382)
             -> cpu.logical_number: %!s(int64=6)
    Sample #14
        Values: []
        Attributes:
             -> thread.name: node
             -> thread.id: %!s(int64=1278388)
             -> cpu.logical_number: %!s(int64=0)
    Sample #15
        Values: []
        Attributes:
             -> thread.name: node
             -> thread.id: %!s(int64=1278382)
             -> cpu.logical_number: %!s(int64=6)
    Sample #16
        Values: []
        Attributes:
             -> thread.name: node
             -> thread.id: %!s(int64=1278382)
             -> cpu.logical_number: %!s(int64=6)
    Sample #17
        Values: []
        Attributes:
             -> thread.name: node
             -> thread.id: %!s(int64=1278382)
             -> cpu.logical_number: %!s(int64=6)
    Sample #18
        Values: []
        Attributes:
             -> thread.name: node
             -> thread.id: %!s(int64=1278386)
             -> cpu.logical_number: %!s(int64=22)
    Sample #19
        Values: []
        Attributes:
             -> thread.name: node
             -> thread.id: %!s(int64=1278388)
             -> cpu.logical_number: %!s(int64=0)
    Sample #20
        Values: []
        Attributes:
             -> thread.name: node
             -> thread.id: %!s(int64=1278382)
             -> cpu.logical_number: %!s(int64=6)
    Sample #21
        Values: []
        Attributes:
             -> thread.name: node
             -> thread.id: %!s(int64=1278382)
             -> cpu.logical_number: %!s(int64=6)
    Sample #22
        Values: []
        Attributes:
             -> thread.name: node
             -> thread.id: %!s(int64=1278382)
             -> cpu.logical_number: %!s(int64=6)
	{"resource": {"service.instance.id": "590e4d51-9cf1-4fd0-accd-50eba04fdf79", "service.name": "otelcol-ebpf-profiler", "service.version": "dev"}, "otelcol.component.id": "debug", "otelcol.component.kind": "exporter", "otelcol.signal": "profiles"}
2026-06-21T14:07:24.109-0700	info	otelcol@v0.154.0/collector.go:391	Received signal from OS	{"resource": {"service.instance.id": "590e4d51-9cf1-4fd0-accd-50eba04fdf79", "service.name": "otelcol-ebpf-profiler", "service.version": "dev"}, "signal": "terminated"}
2026-06-21T14:07:24.109-0700	info	service@v0.154.0/service.go:278	Starting shutdown...	{"resource": {"service.instance.id": "590e4d51-9cf1-4fd0-accd-50eba04fdf79", "service.name": "otelcol-ebpf-profiler", "service.version": "dev"}}
2026-06-21T14:07:24.109-0700	info	Stop processing ...	{"resource": {"service.instance.id": "590e4d51-9cf1-4fd0-accd-50eba04fdf79", "service.name": "otelcol-ebpf-profiler", "service.version": "dev"}, "otelcol.component.id": "profiling", "otelcol.component.kind": "receiver", "otelcol.signal": "profiles"}
2026-06-21T14:07:24.432-0700	info	extensions/extensions.go:69	Stopping extensions...	{"resource": {"service.instance.id": "590e4d51-9cf1-4fd0-accd-50eba04fdf79", "service.name": "otelcol-ebpf-profiler", "service.version": "dev"}}
2026-06-21T14:07:24.432-0700	info	service@v0.154.0/service.go:292	Shutdown complete.	{"resource": {"service.instance.id": "590e4d51-9cf1-4fd0-accd-50eba04fdf79", "service.name": "otelcol-ebpf-profiler", "service.version": "dev"}}
