2026-06-21T13:49:35.413-0700	info	otelconftelemetry/tracer.go:47	Internal trace telemetry disabled	{"resource": {"service.instance.id": "927be0d7-556d-4562-a7ab-4d96f79cbbb1", "service.name": "otelcol-ebpf-profiler", "service.version": "dev"}}
2026-06-21T13:49:35.415-0700	info	builders/builders.go:28	Development component. May change in the future.	{"resource": {"service.instance.id": "927be0d7-556d-4562-a7ab-4d96f79cbbb1", "service.name": "otelcol-ebpf-profiler", "service.version": "dev"}, "otelcol.component.id": "profiling", "otelcol.component.kind": "receiver", "otelcol.signal": "profiles"}
2026-06-21T13:49:35.417-0700	info	service@v0.154.0/service.go:241	Starting otelcol-ebpf-profiler...	{"resource": {"service.instance.id": "927be0d7-556d-4562-a7ab-4d96f79cbbb1", "service.name": "otelcol-ebpf-profiler", "service.version": "dev"}, "Version": "dev", "NumCPU": 24}
2026-06-21T13:49:35.417-0700	info	extensions/extensions.go:41	Starting extensions...	{"resource": {"service.instance.id": "927be0d7-556d-4562-a7ab-4d96f79cbbb1", "service.name": "otelcol-ebpf-profiler", "service.version": "dev"}}
2026-06-21T13:49:35.417-0700	info	Interpreter tracers: perl,php,python,hotspot,ruby,v8,dotnet,luajit,go,labels,beam	{"resource": {"service.instance.id": "927be0d7-556d-4562-a7ab-4d96f79cbbb1", "service.name": "otelcol-ebpf-profiler", "service.version": "dev"}, "otelcol.component.id": "profiling", "otelcol.component.kind": "receiver", "otelcol.signal": "profiles"}
2026-06-21T13:49:35.645-0700	info	Found offsets: task stack 0x20, pt_regs 0x3f48, tpbase 0x25a8	{"resource": {"service.instance.id": "927be0d7-556d-4562-a7ab-4d96f79cbbb1", "service.name": "otelcol-ebpf-profiler", "service.version": "dev"}, "otelcol.component.id": "profiling", "otelcol.component.kind": "receiver", "otelcol.signal": "profiles"}
2026-06-21T13:49:35.679-0700	info	Skip pinning eBPF map to share OTel span/trace IDs	{"resource": {"service.instance.id": "927be0d7-556d-4562-a7ab-4d96f79cbbb1", "service.name": "otelcol-ebpf-profiler", "service.version": "dev"}, "otelcol.component.id": "profiling", "otelcol.component.kind": "receiver", "otelcol.signal": "profiles"}
2026-06-21T13:49:36.469-0700	info	Supports LPM trie eBPF map batch operations	{"resource": {"service.instance.id": "927be0d7-556d-4562-a7ab-4d96f79cbbb1", "service.name": "otelcol-ebpf-profiler", "service.version": "dev"}, "otelcol.component.id": "profiling", "otelcol.component.kind": "receiver", "otelcol.signal": "profiles"}
2026-06-21T13:49:36.470-0700	info	eBPF tracer loaded	{"resource": {"service.instance.id": "927be0d7-556d-4562-a7ab-4d96f79cbbb1", "service.name": "otelcol-ebpf-profiler", "service.version": "dev"}, "otelcol.component.id": "profiling", "otelcol.component.kind": "receiver", "otelcol.signal": "profiles"}
2026-06-21T13:49:36.471-0700	info	Attached tracer program	{"resource": {"service.instance.id": "927be0d7-556d-4562-a7ab-4d96f79cbbb1", "service.name": "otelcol-ebpf-profiler", "service.version": "dev"}, "otelcol.component.id": "profiling", "otelcol.component.kind": "receiver", "otelcol.signal": "profiles"}
2026-06-21T13:49:36.480-0700	info	Attached probes	{"resource": {"service.instance.id": "927be0d7-556d-4562-a7ab-4d96f79cbbb1", "service.name": "otelcol-ebpf-profiler", "service.version": "dev"}, "otelcol.component.id": "profiling", "otelcol.component.kind": "receiver", "otelcol.signal": "profiles"}
2026-06-21T13:49:36.482-0700	info	Attached sched monitor	{"resource": {"service.instance.id": "927be0d7-556d-4562-a7ab-4d96f79cbbb1", "service.name": "otelcol-ebpf-profiler", "service.version": "dev"}, "otelcol.component.id": "profiling", "otelcol.component.kind": "receiver", "otelcol.signal": "profiles"}
2026-06-21T13:49:36.495-0700	info	service@v0.154.0/service.go:264	Everything is ready. Begin running and processing data.	{"resource": {"service.instance.id": "927be0d7-556d-4562-a7ab-4d96f79cbbb1", "service.name": "otelcol-ebpf-profiler", "service.version": "dev"}}
2026-06-21T13:49:40.419-0700	info	Profiles	{"resource": {"service.instance.id": "927be0d7-556d-4562-a7ab-4d96f79cbbb1", "service.name": "otelcol-ebpf-profiler", "service.version": "dev"}, "otelcol.component.id": "debug", "otelcol.component.kind": "exporter", "otelcol.signal": "profiles", "resource profiles": 4, "sample records": 64}
2026-06-21T13:49:40.420-0700	info	Mapping #0
    Memory start: 0
    Memory limit: 0
    File offset: 0
    File name: 0
    Attributes: []
Mapping #1
    Memory start: 7925760
    Memory limit: 214024192
    File offset: 7925760
    File name: 5
    Attributes: [1]
Mapping #2
    Memory start: 0
    Memory limit: 0
    File offset: 0
    File name: 11
    Attributes: [8 9]
Mapping #3
    Memory start: 4194304
    Memory limit: 19996672
    File offset: 0
    File name: 64
    Attributes: [26 27]
Mapping #4
    Memory start: 163840
    Memory limit: 1769472
    File offset: 163840
    File name: 181
    Attributes: [41]
Mapping #5
    Memory start: 14532608
    Memory limit: 21663744
    File offset: 14528512
    File name: 182
    Attributes: [42 43]
Mapping #6
    Memory start: 14893056
    Memory limit: 53129216
    File offset: 10698752
    File name: 212
    Attributes: [51 52]
Location #0
    Mapping index: 0
    Address: 0
    Attributes: []
Location #1
    Mapping index: 1
    Address: 181255846
    Attributes: [2]
Location #2
    Mapping index: 1
    Address: 181358327
    Attributes: [2]
Location #3
    Mapping index: 1
    Address: 181311370
    Attributes: [2]
Location #4
    Mapping index: 1
    Address: 181090943
    Attributes: [2]
Location #5
    Mapping index: 1
    Address: 173355690
    Attributes: [2]
Location #6
    Mapping index: 1
    Address: 173517285
    Attributes: [2]
Location #7
    Mapping index: 1
    Address: 148867165
    Attributes: [2]
Location #8
    Mapping index: 1
    Address: 176398003
    Attributes: [2]
Location #9
    Mapping index: 1
    Address: 213968242
    Attributes: [2]
Location #10
    Mapping index: 1
    Address: 213972630
    Attributes: [2]
Location #11
    Mapping index: 2
    Address: 4021256
    Line #0
        Function index: 1
        Line: 0
        Column: 0
    Attributes: [10]
Location #12
    Mapping index: 2
    Address: 5530418
    Line #0
        Function index: 2
        Line: 0
        Column: 0
    Attributes: [10]
Location #13
    Mapping index: 2
    Address: 5531571
    Line #0
        Function index: 3
        Line: 0
        Column: 0
    Attributes: [10]
Location #14
    Mapping index: 2
    Address: 4027270
    Line #0
        Function index: 4
        Line: 0
        Column: 0
    Attributes: [10]
Location #15
    Mapping index: 2
    Address: 4027827
    Line #0
        Function index: 5
        Line: 0
        Column: 0
    Attributes: [10]
Location #16
    Mapping index: 2
    Address: 7886920
    Line #0
        Function index: 6
        Line: 0
        Column: 0
    Attributes: [10]
Location #17
    Mapping index: 2
    Address: 7781806
    Line #0
        Function index: 7
        Line: 0
        Column: 0
    Attributes: [10]
Location #18
    Mapping index: 2
    Address: 7783395
    Line #0
        Function index: 8
        Line: 0
        Column: 0
    Attributes: [10]
Location #19
    Mapping index: 2
    Address: 7812850
    Line #0
        Function index: 9
        Line: 0
        Column: 0
    Attributes: [10]
Location #20
    Mapping index: 2
    Address: 7813868
    Line #0
        Function index: 10
        Line: 0
        Column: 0
    Attributes: [10]
Location #21
    Mapping index: 2
    Address: 7815089
    Line #0
        Function index: 11
        Line: 0
        Column: 0
    Attributes: [10]
Location #22
    Mapping index: 2
    Address: 4005607
    Line #0
        Function index: 12
        Line: 0
        Column: 0
    Attributes: [10]
Location #23
    Mapping index: 2
    Address: 22379348
    Line #0
        Function index: 13
        Line: 0
        Column: 0
    Attributes: [10]
Location #24
    Mapping index: 2
    Address: 2998
    Line #0
        Function index: 14
        Line: 0
        Column: 0
    Attributes: [10]
Location #25
    Mapping index: 1
    Address: 213901078
    Attributes: [2]
Location #26
    Mapping index: 2
    Address: 12323945
    Line #0
        Function index: 15
        Line: 0
        Column: 0
    Attributes: [10]
Location #27
    Mapping index: 2
    Address: 12325566
    Line #0
        Function index: 16
        Line: 0
        Column: 0
    Attributes: [10]
Location #28
    Mapping index: 2
    Address: 7334450
    Line #0
        Function index: 17
        Line: 0
        Column: 0
    Attributes: [10]
Location #29
    Mapping index: 2
    Address: 7348730
    Line #0
        Function index: 18
        Line: 0
        Column: 0
    Attributes: [10]
Location #30
    Mapping index: 2
    Address: 9745311
    Line #0
        Function index: 19
        Line: 0
        Column: 0
    Attributes: [10]
Location #31
    Mapping index: 2
    Address: 8662904
    Line #0
        Function index: 20
        Line: 0
        Column: 0
    Attributes: [10]
Location #32
    Mapping index: 2
    Address: 8663398
    Line #0
        Function index: 21
        Line: 0
        Column: 0
    Attributes: [10]
Location #33
    Mapping index: 2
    Address: 3170940
    Line #0
        Function index: 22
        Line: 0
        Column: 0
    Attributes: [10]
Location #34
    Mapping index: 2
    Address: 22351549
    Line #0
        Function index: 23
        Line: 0
        Column: 0
    Attributes: [10]
Location #35
    Mapping index: 2
    Address: 298
    Line #0
        Function index: 24
        Line: 0
        Column: 0
    Attributes: [10]
Location #36
    Mapping index: 1
    Address: 213964626
    Attributes: [2]
Location #37
    Mapping index: 1
    Address: 181346864
    Attributes: [2]
Location #38
    Mapping index: 1
    Address: 181295952
    Attributes: [2]
Location #39
    Mapping index: 2
    Address: 12287894
    Line #0
        Function index: 25
        Line: 0
        Column: 0
    Attributes: [10]
Location #40
    Mapping index: 2
    Address: 8635419
    Line #0
        Function index: 26
        Line: 0
        Column: 0
    Attributes: [10]
Location #41
    Mapping index: 2
    Address: 8644201
    Line #0
        Function index: 27
        Line: 0
        Column: 0
    Attributes: [10]
Location #42
    Mapping index: 2
    Address: 8744144
    Line #0
        Function index: 28
        Line: 0
        Column: 0
    Attributes: [10]
Location #43
    Mapping index: 2
    Address: 8768853
    Line #0
        Function index: 29
        Line: 0
        Column: 0
    Attributes: [10]
Location #44
    Mapping index: 2
    Address: 8769506
    Line #0
        Function index: 30
        Line: 0
        Column: 0
    Attributes: [10]
Location #45
    Mapping index: 2
    Address: 8645642
    Line #0
        Function index: 31
        Line: 0
        Column: 0
    Attributes: [10]
Location #46
    Mapping index: 2
    Address: 8646799
    Line #0
        Function index: 32
        Line: 0
        Column: 0
    Attributes: [10]
Location #47
    Mapping index: 2
    Address: 3169200
    Line #0
        Function index: 22
        Line: 0
        Column: 0
    Attributes: [10]
Location #48
    Mapping index: 1
    Address: 213971337
    Attributes: [2]
Location #49
    Mapping index: 1
    Address: 213901132
    Attributes: [2]
Location #50
    Mapping index: 1
    Address: 213905192
    Attributes: [2]
Location #51
    Mapping index: 1
    Address: 213963951
    Attributes: [2]
Location #52
    Mapping index: 1
    Address: 213963908
    Attributes: [2]
Location #53
    Mapping index: 1
    Address: 212540852
    Attributes: [2]
Location #54
    Mapping index: 1
    Address: 212539735
    Attributes: [2]
Location #55
    Mapping index: 1
    Address: 211213946
    Attributes: [2]
Location #56
    Mapping index: 1
    Address: 211208701
    Attributes: [2]
Location #57
    Mapping index: 1
    Address: 211207724
    Attributes: [2]
Location #58
    Mapping index: 1
    Address: 212031242
    Attributes: [2]
Location #59
    Mapping index: 1
    Address: 212029316
    Attributes: [2]
Location #60
    Mapping index: 1
    Address: 211326535
    Attributes: [2]
Location #61
    Mapping index: 1
    Address: 210993065
    Attributes: [2]
Location #62
    Mapping index: 1
    Address: 210950217
    Attributes: [2]
Location #63
    Mapping index: 1
    Address: 169240400
    Attributes: [2]
Location #64
    Mapping index: 1
    Address: 169295450
    Attributes: [2]
Location #65
    Mapping index: 1
    Address: 169447702
    Attributes: [2]
Location #66
    Mapping index: 1
    Address: 169423457
    Attributes: [2]
Location #67
    Mapping index: 1
    Address: 169554586
    Attributes: [2]
Location #68
    Mapping index: 1
    Address: 169535434
    Attributes: [2]
Location #69
    Mapping index: 1
    Address: 168788759
    Attributes: [2]
Location #70
    Mapping index: 1
    Address: 168769532
    Attributes: [2]
Location #71
    Mapping index: 1
    Address: 168999731
    Attributes: [2]
Location #72
    Mapping index: 1
    Address: 49316431
    Attributes: [2]
Location #73
    Mapping index: 1
    Address: 49335009
    Attributes: [2]
Location #74
    Mapping index: 1
    Address: 49535914
    Attributes: [2]
Location #75
    Mapping index: 1
    Address: 49659072
    Attributes: [2]
Location #76
    Mapping index: 1
    Address: 177075946
    Attributes: [2]
Location #77
    Mapping index: 1
    Address: 177068943
    Attributes: [2]
Location #78
    Mapping index: 1
    Address: 176911476
    Attributes: [2]
Location #79
    Mapping index: 1
    Address: 176942810
    Attributes: [2]
Location #80
    Mapping index: 1
    Address: 177010934
    Attributes: [2]
Location #81
    Mapping index: 1
    Address: 176925211
    Attributes: [2]
Location #82
    Mapping index: 1
    Address: 176879057
    Attributes: [2]
Location #83
    Mapping index: 2
    Address: 22189917
    Line #0
        Function index: 33
        Line: 0
        Column: 0
    Attributes: [10]
Location #84
    Mapping index: 2
    Address: 22232171
    Line #0
        Function index: 34
        Line: 0
        Column: 0
    Attributes: [10]
Location #85
    Mapping index: 2
    Address: 22233812
    Line #0
        Function index: 35
        Line: 0
        Column: 0
    Attributes: [10]
Location #86
    Mapping index: 2
    Address: 7961305
    Line #0
        Function index: 36
        Line: 0
        Column: 0
    Attributes: [10]
Location #87
    Mapping index: 2
    Address: 7962692
    Line #0
        Function index: 37
        Line: 0
        Column: 0
    Attributes: [10]
Location #88
    Mapping index: 2
    Address: 7963053
    Line #0
        Function index: 38
        Line: 0
        Column: 0
    Attributes: [10]
Location #89
    Mapping index: 2
    Address: 7971141
    Line #0
        Function index: 39
        Line: 0
        Column: 0
    Attributes: [10]
Location #90
    Mapping index: 2
    Address: 7971650
    Line #0
        Function index: 40
        Line: 0
        Column: 0
    Attributes: [10]
Location #91
    Mapping index: 2
    Address: 7980074
    Line #0
        Function index: 41
        Line: 0
        Column: 0
    Attributes: [10]
Location #92
    Mapping index: 2
    Address: 7836874
    Line #0
        Function index: 42
        Line: 0
        Column: 0
    Attributes: [10]
Location #93
    Mapping index: 2
    Address: 3169500
    Line #0
        Function index: 22
        Line: 0
        Column: 0
    Attributes: [10]
Location #94
    Mapping index: 2
    Address: 8124788
    Line #0
        Function index: 43
        Line: 0
        Column: 0
    Attributes: [10]
Location #95
    Mapping index: 2
    Address: 8605260
    Line #0
        Function index: 44
        Line: 0
        Column: 0
    Attributes: [10]
Location #96
    Mapping index: 2
    Address: 8605422
    Line #0
        Function index: 45
        Line: 0
        Column: 0
    Attributes: [10]
Location #97
    Mapping index: 2
    Address: 8605584
    Line #0
        Function index: 46
        Line: 0
        Column: 0
    Attributes: [10]
Location #98
    Mapping index: 2
    Address: 13207526
    Line #0
        Function index: 47
        Line: 0
        Column: 0
    Attributes: [10]
Location #99
    Mapping index: 2
    Address: 8737786
    Line #0
        Function index: 48
        Line: 0
        Column: 0
    Attributes: [10]
Location #100
    Mapping index: 2
    Address: 8765250
    Line #0
        Function index: 49
        Line: 0
        Column: 0
    Attributes: [10]
Location #101
    Mapping index: 2
    Address: 8697173
    Line #0
        Function index: 50
        Line: 0
        Column: 0
    Attributes: [10]
Location #102
    Mapping index: 2
    Address: 8697629
    Line #0
        Function index: 51
        Line: 0
        Column: 0
    Attributes: [10]
Location #103
    Mapping index: 2
    Address: 3169890
    Line #0
        Function index: 22
        Line: 0
        Column: 0
    Attributes: [10]
Location #104
    Mapping index: 3
    Address: 18929454
    Line #0
        Function index: 52
        Line: 865
        Column: 0
    Attributes: [28]
Location #105
    Mapping index: 3
    Address: 18933225
    Line #0
        Function index: 53
        Line: 1010
        Column: 0
    Attributes: [28]
Location #106
    Mapping index: 3
    Address: 18935371
    Line #0
        Function index: 54
        Line: 1191
        Column: 0
    Attributes: [28]
Location #107
    Mapping index: 3
    Address: 18936615
    Line #0
        Function index: 55
        Line: 1246
        Column: 0
    Attributes: [28]
Location #108
    Mapping index: 3
    Address: 18958365
    Line #0
        Function index: 56
        Line: 209
        Column: 0
    Attributes: [28]
Location #109
    Mapping index: 3
    Address: 18957892
    Line #0
        Function index: 57
        Line: 182
        Column: 0
    Attributes: [28]
Location #110
    Mapping index: 3
    Address: 18959142
    Line #0
        Function index: 58
        Line: 37
        Column: 0
    Attributes: [28]
Location #111
    Mapping index: 3
    Address: 19372701
    Line #0
        Function index: 59
        Line: 187
        Column: 0
    Attributes: [28]
Location #112
    Mapping index: 3
    Address: 19422167
    Line #0
        Function index: 60
        Line: 384
        Column: 0
    Attributes: [28]
Location #113
    Mapping index: 3
    Address: 19432468
    Line #0
        Function index: 61
        Line: 606
        Column: 0
    Attributes: [28]
Location #114
    Mapping index: 3
    Address: 18445717
    Line #0
        Function index: 62
        Line: 403
        Column: 0
    Attributes: [28]
Location #115
    Mapping index: 3
    Address: 18443691
    Line #0
        Function index: 63
        Line: 378
        Column: 0
    Attributes: [28]
Location #116
    Mapping index: 3
    Address: 18444583
    Line #0
        Function index: 64
        Line: 407
        Column: 0
    Attributes: [28]
Location #117
    Mapping index: 3
    Address: 19428093
    Line #0
        Function index: 65
        Line: 552
        Column: 0
    Attributes: [28]
Location #118
    Mapping index: 3
    Address: 19501466
    Line #0
        Function index: 66
        Line: 57
        Column: 0
    Attributes: [28]
Location #119
    Mapping index: 3
    Address: 19500935
    Line #0
        Function index: 67
        Line: 47
        Column: 0
    Attributes: [28]
Location #120
    Mapping index: 3
    Address: 4740960
    Line #0
        Function index: 68
        Line: 1694
        Column: 0
    Attributes: [28]
Location #121
    Mapping index: 3
    Address: 4785198
    Line #0
        Function index: 69
        Line: 301
        Column: 0
    Attributes: [28]
Location #122
    Mapping index: 3
    Address: 4784571
    Line #0
        Function index: 70
        Line: 136
        Column: 0
    Attributes: [28]
Location #123
    Mapping index: 3
    Address: 19486854
    Line #0
        Function index: 71
        Line: 299
        Column: 0
    Attributes: [28]
Location #124
    Mapping index: 3
    Address: 19490841
    Line #0
        Function index: 72
        Line: 630
        Column: 0
    Attributes: [28]
Location #125
    Mapping index: 3
    Address: 19414020
    Line #0
        Function index: 73
        Line: 128
        Column: 0
    Attributes: [28]
Location #126
    Mapping index: 3
    Address: 19426910
    Line #0
        Function index: 65
        Line: 511
        Column: 0
    Attributes: [28]
Location #127
    Mapping index: 2
    Address: 22449380
    Line #0
        Function index: 74
        Line: 0
        Column: 0
    Attributes: [10]
Location #128
    Mapping index: 2
    Address: 4330705
    Line #0
        Function index: 75
        Line: 0
        Column: 0
    Attributes: [10]
Location #129
    Mapping index: 2
    Address: 3496195
    Line #0
        Function index: 76
        Line: 0
        Column: 0
    Attributes: [10]
Location #130
    Mapping index: 2
    Address: 3168855
    Line #0
        Function index: 22
        Line: 0
        Column: 0
    Attributes: [10]
Location #131
    Mapping index: 3
    Address: 4748264
    Line #0
        Function index: 77
        Line: 473
        Column: 0
    Attributes: [28]
Location #132
    Mapping index: 3
    Address: 4379941
    Line #0
        Function index: 78
        Line: 1507
        Column: 0
    Attributes: [28]
Location #133
    Mapping index: 3
    Address: 4378163
    Line #0
        Function index: 79
        Line: 1277
        Column: 0
    Attributes: [28]
Location #134
    Mapping index: 3
    Address: 4362893
    Line #0
        Function index: 80
        Line: 1562
        Column: 0
    Attributes: [28]
Location #135
    Mapping index: 3
    Address: 4733225
    Line #0
        Function index: 81
        Line: 517
        Column: 0
    Attributes: [28]
Location #136
    Mapping index: 3
    Address: 4361840
    Line #0
        Function index: 82
        Line: 1523
        Column: 0
    Attributes: [28]
Location #137
    Mapping index: 3
    Address: 4361284
    Line #0
        Function index: 83
        Line: 1373
        Column: 0
    Attributes: [28]
Location #138
    Mapping index: 3
    Address: 4318653
    Line #0
        Function index: 84
        Line: 255
        Column: 0
    Attributes: [28]
Location #139
    Mapping index: 3
    Address: 4379912
    Line #0
        Function index: 78
        Line: 1499
        Column: 0
    Attributes: [28]
Location #140
    Mapping index: 3
    Address: 4362713
    Line #0
        Function index: 80
        Line: 1542
        Column: 0
    Attributes: [28]
Location #141
    Mapping index: 3
    Address: 18237330
    Line #0
        Function index: 85
        Line: 45
        Column: 0
    Attributes: [28]
Location #142
    Mapping index: 3
    Address: 18441747
    Line #0
        Function index: 63
        Line: 283
        Column: 0
    Attributes: [28]
Location #143
    Mapping index: 3
    Address: 5321924
    Line #0
        Function index: 86
        Line: 197
        Column: 0
    Attributes: [28]
Location #144
    Mapping index: 3
    Address: 5344420
    Line #0
        Function index: 87
        Line: 794
        Column: 0
    Attributes: [28]
Location #145
    Mapping index: 3
    Address: 5343165
    Line #0
        Function index: 88
        Line: 762
        Column: 0
    Attributes: [28]
Location #146
    Mapping index: 3
    Address: 5353917
    Line #0
        Function index: 89
        Line: 1075
        Column: 0
    Attributes: [28]
Location #147
    Mapping index: 3
    Address: 5329906
    Line #0
        Function index: 90
        Line: 240
        Column: 0
    Attributes: [28]
Location #148
    Mapping index: 3
    Address: 18437229
    Line #0
        Function index: 91
        Line: 450
        Column: 0
    Attributes: [28]
Location #149
    Mapping index: 3
    Address: 19426823
    Line #0
        Function index: 65
        Line: 504
        Column: 0
    Attributes: [28]
Location #150
    Mapping index: 2
    Address: 22409334
    Line #0
        Function index: 92
        Line: 0
        Column: 0
    Attributes: [10]
Location #151
    Mapping index: 2
    Address: 5524522
    Line #0
        Function index: 93
        Line: 0
        Column: 0
    Attributes: [10]
Location #152
    Mapping index: 2
    Address: 5526601
    Line #0
        Function index: 94
        Line: 0
        Column: 0
    Attributes: [10]
Location #153
    Mapping index: 2
    Address: 5526849
    Line #0
        Function index: 95
        Line: 0
        Column: 0
    Attributes: [10]
Location #154
    Mapping index: 2
    Address: 5508884
    Line #0
        Function index: 96
        Line: 0
        Column: 0
    Attributes: [10]
Location #155
    Mapping index: 2
    Address: 5510598
    Line #0
        Function index: 97
        Line: 0
        Column: 0
    Attributes: [10]
Location #156
    Mapping index: 2
    Address: 3170865
    Line #0
        Function index: 22
        Line: 0
        Column: 0
    Attributes: [10]
Location #157
    Mapping index: 3
    Address: 4748674
    Line #0
        Function index: 98
        Line: 558
        Column: 0
    Attributes: [28]
Location #158
    Mapping index: 3
    Address: 4467486
    Line #0
        Function index: 99
        Line: 82
        Column: 0
    Attributes: [28]
Location #159
    Mapping index: 3
    Address: 4303826
    Line #0
        Function index: 100
        Line: 90
        Column: 0
    Attributes: [28]
Location #160
    Mapping index: 3
    Address: 4304136
    Line #0
        Function index: 101
        Line: 112
        Column: 0
    Attributes: [28]
Location #161
    Mapping index: 3
    Address: 4547857
    Line #0
        Function index: 102
        Line: 6270
        Column: 0
    Attributes: [28]
Location #162
    Mapping index: 3
    Address: 4508466
    Line #0
        Function index: 103
        Line: 1928
        Column: 0
    Attributes: [28]
Location #163
    Mapping index: 3
    Address: 4508276
    Line #0
        Function index: 104
        Line: 1890
        Column: 0
    Attributes: [28]
Location #164
    Mapping index: 3
    Address: 4732964
    Line #0
        Function index: 105
        Line: 396
        Column: 0
    Attributes: [28]
Location #165
    Mapping index: 3
    Address: 5230469
    Line #0
        Function index: 106
        Line: 40
        Column: 0
    Attributes: [28]
Location #166
    Mapping index: 3
    Address: 5234276
    Line #0
        Function index: 107
        Line: 67
        Column: 0
    Attributes: [28]
Location #167
    Mapping index: 3
    Address: 5290780
    Line #0
        Function index: 108
        Line: 218
        Column: 0
    Attributes: [28]
Location #168
    Mapping index: 3
    Address: 5291324
    Line #0
        Function index: 109
        Line: 279
        Column: 0
    Attributes: [28]
Location #169
    Mapping index: 3
    Address: 5285917
    Line #0
        Function index: 110
        Line: 412
        Column: 0
    Attributes: [28]
Location #170
    Mapping index: 3
    Address: 5287561
    Line #0
        Function index: 111
        Line: 869
        Column: 0
    Attributes: [28]
Location #171
    Mapping index: 3
    Address: 18437508
    Line #0
        Function index: 112
        Line: 116
        Column: 0
    Attributes: [28]
Location #172
    Mapping index: 3
    Address: 19414066
    Line #0
        Function index: 73
        Line: 132
        Column: 0
    Attributes: [28]
Location #173
    Mapping index: 3
    Address: 4379894
    Line #0
        Function index: 78
        Line: 1498
        Column: 0
    Attributes: [28]
Location #174
    Mapping index: 2
    Address: 22329974
    Line #0
        Function index: 113
        Line: 0
        Column: 0
    Attributes: [10]
Location #175
    Mapping index: 2
    Address: 8029185
    Line #0
        Function index: 114
        Line: 0
        Column: 0
    Attributes: [10]
Location #176
    Mapping index: 2
    Address: 8034381
    Line #0
        Function index: 115
        Line: 0
        Column: 0
    Attributes: [10]
Location #177
    Mapping index: 2
    Address: 8276607
    Line #0
        Function index: 116
        Line: 0
        Column: 0
    Attributes: [10]
Location #178
    Mapping index: 2
    Address: 8289146
    Line #0
        Function index: 117
        Line: 0
        Column: 0
    Attributes: [10]
Location #179
    Mapping index: 2
    Address: 7805836
    Line #0
        Function index: 118
        Line: 0
        Column: 0
    Attributes: [10]
Location #180
    Mapping index: 2
    Address: 7806887
    Line #0
        Function index: 119
        Line: 0
        Column: 0
    Attributes: [10]
Location #181
    Mapping index: 2
    Address: 7812860
    Line #0
        Function index: 9
        Line: 0
        Column: 0
    Attributes: [10]
Location #182
    Mapping index: 3
    Address: 4744725
    Line #0
        Function index: 120
        Line: 122
        Column: 0
    Attributes: [28]
Location #183
    Mapping index: 3
    Address: 4719229
    Line #0
        Function index: 121
        Line: 285
        Column: 0
    Attributes: [28]
Location #184
    Mapping index: 3
    Address: 18900310
    Line #0
        Function index: 122
        Line: 119
        Column: 0
    Attributes: [28]
Location #185
    Mapping index: 3
    Address: 18933479
    Line #0
        Function index: 53
        Line: 1003
        Column: 0
    Attributes: [28]
Location #186
    Mapping index: 3
    Address: 4729694
    Line #0
        Function index: 123
        Line: 1268
        Column: 0
    Attributes: [28]
Location #187
    Mapping index: 3
    Address: 4271091
    Line #0
        Function index: 124
        Line: 41
        Column: 0
    Attributes: [28]
Location #188
    Mapping index: 3
    Address: 4261744
    Line #0
        Function index: 125
        Line: 141
        Column: 0
    Attributes: [28]
Location #189
    Mapping index: 3
    Address: 19380920
    Line #0
        Function index: 126
        Line: 506
        Column: 0
    Attributes: [28]
Location #190
    Mapping index: 3
    Address: 19379752
    Line #0
        Function index: 127
        Line: 437
        Column: 0
    Attributes: [28]
Location #191
    Mapping index: 3
    Address: 19373291
    Line #0
        Function index: 59
        Line: 222
        Column: 0
    Attributes: [28]
Location #192
    Mapping index: 3
    Address: 4977092
    Line #0
        Function index: 128
        Line: 113
        Column: 0
    Attributes: [28]
Location #193
    Mapping index: 3
    Address: 18443112
    Line #0
        Function index: 63
        Line: 364
        Column: 0
    Attributes: [28]
Location #194
    Mapping index: 2
    Address: 20483789
    Line #0
        Function index: 129
        Line: 0
        Column: 0
    Attributes: [10]
Location #195
    Mapping index: 2
    Address: 20484758
    Line #0
        Function index: 130
        Line: 0
        Column: 0
    Attributes: [10]
Location #196
    Mapping index: 2
    Address: 20485519
    Line #0
        Function index: 131
        Line: 0
        Column: 0
    Attributes: [10]
Location #197
    Mapping index: 2
    Address: 8929613
    Line #0
        Function index: 132
        Line: 0
        Column: 0
    Attributes: [10]
Location #198
    Mapping index: 2
    Address: 8930316
    Line #0
        Function index: 133
        Line: 0
        Column: 0
    Attributes: [10]
Location #199
    Mapping index: 2
    Address: 9508389
    Line #0
        Function index: 134
        Line: 0
        Column: 0
    Attributes: [10]
Location #200
    Mapping index: 2
    Address: 8662554
    Line #0
        Function index: 20
        Line: 0
        Column: 0
    Attributes: [10]
Location #201
    Mapping index: 2
    Address: 8666654
    Line #0
        Function index: 135
        Line: 0
        Column: 0
    Attributes: [10]
Location #202
    Mapping index: 2
    Address: 8666824
    Line #0
        Function index: 136
        Line: 0
        Column: 0
    Attributes: [10]
Location #203
    Mapping index: 2
    Address: 3171795
    Line #0
        Function index: 22
        Line: 0
        Column: 0
    Attributes: [10]
Location #204
    Mapping index: 4
    Address: 1161929
    Attributes: [2]
Location #205
    Mapping index: 5
    Address: 21423134
    Attributes: [2]
Location #206
    Mapping index: 5
    Address: 21405096
    Attributes: [2]
Location #207
    Mapping index: 5
    Address: 15470474
    Attributes: [2]
Location #208
    Mapping index: 5
    Address: 15968283
    Attributes: [2]
Location #209
    Mapping index: 5
    Address: 15905384
    Attributes: [2]
Location #210
    Mapping index: 5
    Address: 16317066
    Attributes: [2]
Location #211
    Mapping index: 5
    Address: 15858770
    Attributes: [2]
Location #212
    Mapping index: 5
    Address: 16637480
    Attributes: [2]
Location #213
    Mapping index: 5
    Address: 21388591
    Attributes: [2]
Location #214
    Mapping index: 5
    Address: 16319364
    Attributes: [2]
Location #215
    Mapping index: 4
    Address: 172489
    Attributes: [2]
Location #216
    Mapping index: 4
    Address: 172682
    Attributes: [2]
Location #217
    Mapping index: 5
    Address: 14536356
    Attributes: [2]
Location #218
    Mapping index: 2
    Address: 7812976
    Line #0
        Function index: 10
        Line: 0
        Column: 0
    Attributes: [10]
Location #219
    Mapping index: 2
    Address: 4005295
    Line #0
        Function index: 12
        Line: 0
        Column: 0
    Attributes: [10]
Location #220
    Mapping index: 5
    Address: 17034154
    Attributes: [2]
Location #221
    Mapping index: 5
    Address: 17030501
    Attributes: [2]
Location #222
    Mapping index: 5
    Address: 16919567
    Attributes: [2]
Location #223
    Mapping index: 5
    Address: 15518371
    Attributes: [2]
Location #224
    Mapping index: 5
    Address: 15968003
    Attributes: [2]
Location #225
    Mapping index: 5
    Address: 21636300
    Attributes: [2]
Location #226
    Mapping index: 5
    Address: 17028793
    Attributes: [2]
Location #227
    Mapping index: 5
    Address: 17035170
    Attributes: [2]
Location #228
    Mapping index: 5
    Address: 17034239
    Attributes: [2]
Location #229
    Mapping index: 5
    Address: 20679373
    Attributes: [2]
Location #230
    Mapping index: 5
    Address: 17128412
    Attributes: [2]
Location #231
    Mapping index: 5
    Address: 17162628
    Attributes: [2]
Location #232
    Mapping index: 5
    Address: 17128201
    Attributes: [2]
Location #233
    Mapping index: 5
    Address: 17124740
    Attributes: [2]
Location #234
    Mapping index: 5
    Address: 17035412
    Attributes: [2]
Location #235
    Mapping index: 2
    Address: 7807141
    Line #0
        Function index: 119
        Line: 0
        Column: 0
    Attributes: [10]
Location #236
    Mapping index: 5
    Address: 17139627
    Attributes: [2]
Location #237
    Mapping index: 5
    Address: 17146316
    Attributes: [2]
Location #238
    Mapping index: 5
    Address: 17162779
    Attributes: [2]
Location #239
    Mapping index: 5
    Address: 20667629
    Attributes: [2]
Location #240
    Mapping index: 5
    Address: 17038817
    Attributes: [2]
Location #241
    Mapping index: 5
    Address: 17128967
    Attributes: [2]
Location #242
    Mapping index: 5
    Address: 21590546
    Attributes: [2]
Location #243
    Mapping index: 5
    Address: 21626969
    Attributes: [2]
Location #244
    Mapping index: 5
    Address: 21585588
    Attributes: [2]
Location #245
    Mapping index: 5
    Address: 16924767
    Attributes: [2]
Location #246
    Mapping index: 5
    Address: 16919781
    Attributes: [2]
Location #247
    Mapping index: 0
    Address: 0
    Line #0
        Function index: 137
        Line: 0
        Column: 0
    Attributes: [47]
Location #248
    Mapping index: 0
    Address: 0
    Line #0
        Function index: 138
        Line: 82
        Column: 0
    Attributes: [47]
Location #249
    Mapping index: 0
    Address: 0
    Line #0
        Function index: 139
        Line: 394
        Column: 0
    Attributes: [47]
Location #250
    Mapping index: 0
    Address: 0
    Line #0
        Function index: 140
        Line: 454
        Column: 0
    Attributes: [47]
Location #251
    Mapping index: 0
    Address: 0
    Line #0
        Function index: 141
        Line: 474
        Column: 0
    Attributes: [47]
Location #252
    Mapping index: 0
    Address: 0
    Line #0
        Function index: 142
        Line: 721
        Column: 0
    Attributes: [47]
Location #253
    Mapping index: 0
    Address: 0
    Line #0
        Function index: 143
        Line: 1
        Column: 10
    Attributes: [47]
Location #254
    Mapping index: 0
    Address: 0
    Line #0
        Function index: 144
        Line: 1386
        Column: 1073689790
    Attributes: [47]
Location #255
    Mapping index: 0
    Address: 0
    Line #0
        Function index: 145
        Line: 242
        Column: 0
    Attributes: [47]
Location #256
    Mapping index: 0
    Address: 0
    Line #0
        Function index: 146
        Line: 0
        Column: 0
    Attributes: [47]
Location #257
    Mapping index: 0
    Address: 0
    Line #0
        Function index: 147
        Line: 5
        Column: 0
    Attributes: [47]
Location #258
    Mapping index: 0
    Address: 0
    Line #0
        Function index: 148
        Line: 13
        Column: 0
    Attributes: [47]
Location #259
    Mapping index: 0
    Address: 0
    Line #0
        Function index: 149
        Line: 23
        Column: 0
    Attributes: [47]
Location #260
    Mapping index: 0
    Address: 0
    Line #0
        Function index: 150
        Line: 1
        Column: 49
    Attributes: [47]
Location #261
    Mapping index: 0
    Address: 0
    Line #0
        Function index: 151
        Line: 297
        Column: 0
    Attributes: [47]
Location #262
    Mapping index: 0
    Address: 0
    Line #0
        Function index: 152
        Line: 736
        Column: 0
    Attributes: [47]
Location #263
    Mapping index: 0
    Address: 0
    Line #0
        Function index: 153
        Line: 1049
        Column: 0
    Attributes: [47]
Location #264
    Mapping index: 0
    Address: 0
    Line #0
        Function index: 154
        Line: 1069
        Column: 0
    Attributes: [47]
Location #265
    Mapping index: 0
    Address: 0
    Line #0
        Function index: 155
        Line: 1266
        Column: 0
    Attributes: [47]
Location #266
    Mapping index: 0
    Address: 0
    Line #0
        Function index: 156
        Line: 0
        Column: 0
    Attributes: [47]
Location #267
    Mapping index: 0
    Address: 0
    Line #0
        Function index: 157
        Line: 0
        Column: 0
    Attributes: [47]
Location #268
    Mapping index: 0
    Address: 0
    Line #0
        Function index: 158
        Line: 0
        Column: 0
    Attributes: [47]
Location #269
    Mapping index: 0
    Address: 47511631
    Attributes: [2]
Location #270
    Mapping index: 0
    Address: 45255031
    Attributes: [2]
Location #271
    Mapping index: 0
    Address: 45256993
    Attributes: [2]
Location #272
    Mapping index: 0
    Address: 45306360
    Attributes: [2]
Location #273
    Mapping index: 0
    Address: 45312831
    Attributes: [2]
Location #274
    Mapping index: 6
    Address: 19660682
    Attributes: [2]
Location #275
    Mapping index: 6
    Address: 19919552
    Attributes: [2]
Location #276
    Mapping index: 6
    Address: 19920478
    Attributes: [2]
Location #277
    Mapping index: 0
    Address: 36980119
    Attributes: [2]
Location #278
    Mapping index: 6
    Address: 16935283
    Attributes: [2]
Location #279
    Mapping index: 4
    Address: 641699
    Attributes: [2]
Location #280
    Mapping index: 4
    Address: 1219691
    Attributes: [2]
Location #281
    Mapping index: 6
    Address: 24688073
    Attributes: [2]
Location #282
    Mapping index: 6
    Address: 24666443
    Attributes: [2]
Location #283
    Mapping index: 6
    Address: 24669444
    Attributes: [2]
Location #284
    Mapping index: 6
    Address: 24734643
    Attributes: [2]
Location #285
    Mapping index: 6
    Address: 24688095
    Attributes: [2]
Location #286
    Mapping index: 6
    Address: 24746611
    Attributes: [2]
Location #287
    Mapping index: 0
    Address: 0
    Line #0
        Function index: 159
        Line: 0
        Column: 0
    Attributes: [47]
Location #288
    Mapping index: 0
    Address: 0
    Line #0
        Function index: 160
        Line: 0
        Column: 0
    Attributes: [47]
Location #289
    Mapping index: 0
    Address: 0
    Line #0
        Function index: 161
        Line: 0
        Column: 0
    Attributes: [47]
Location #290
    Mapping index: 0
    Address: 0
    Line #0
        Function index: 162
        Line: 0
        Column: 0
    Attributes: [47]
Location #291
    Mapping index: 0
    Address: 0
    Line #0
        Function index: 163
        Line: 0
        Column: 0
    Attributes: [47]
Location #292
    Mapping index: 0
    Address: 0
    Line #0
        Function index: 164
        Line: 0
        Column: 0
    Attributes: [47]
Location #293
    Mapping index: 0
    Address: 0
    Line #0
        Function index: 165
        Line: 0
        Column: 0
    Attributes: [47]
Location #294
    Mapping index: 0
    Address: 0
    Line #0
        Function index: 166
        Line: 0
        Column: 0
    Attributes: [47]
Location #295
    Mapping index: 0
    Address: 0
    Line #0
        Function index: 167
        Line: 0
        Column: 0
    Attributes: [47]
Location #296
    Mapping index: 0
    Address: 0
    Line #0
        Function index: 168
        Line: 0
        Column: 0
    Attributes: [47]
Location #297
    Mapping index: 0
    Address: 0
    Line #0
        Function index: 169
        Line: 85
        Column: 0
    Attributes: [47]
Location #298
    Mapping index: 0
    Address: 0
    Line #0
        Function index: 170
        Line: 88
        Column: 0
    Attributes: [47]
Location #299
    Mapping index: 0
    Address: 0
    Line #0
        Function index: 171
        Line: 84
        Column: 0
    Attributes: [47]
Location #300
    Mapping index: 0
    Address: 0
    Line #0
        Function index: 172
        Line: 42
        Column: 0
    Attributes: [47]
Location #301
    Mapping index: 0
    Address: 0
    Line #0
        Function index: 169
        Line: 476
        Column: 0
    Attributes: [47]
Location #302
    Mapping index: 0
    Address: 0
    Line #0
        Function index: 173
        Line: 460
        Column: 0
    Attributes: [47]
Location #303
    Mapping index: 0
    Address: 0
    Line #0
        Function index: 169
        Line: 475
        Column: 0
    Attributes: [47]
Location #304
    Mapping index: 0
    Address: 0
    Line #0
        Function index: 174
        Line: 74
        Column: 0
    Attributes: [47]
Location #305
    Mapping index: 0
    Address: 0
    Line #0
        Function index: 175
        Line: 112
        Column: 1073737037
    Attributes: [47]
Location #306
    Mapping index: 0
    Address: 0
    Line #0
        Function index: 176
        Line: 0
        Column: 0
    Attributes: [47]
Location #307
    Mapping index: 0
    Address: 0
    Line #0
        Function index: 177
        Line: 34
        Column: 0
    Attributes: [47]
Location #308
    Mapping index: 0
    Address: 0
    Line #0
        Function index: 178
        Line: 122
        Column: 0
    Attributes: [47]
Location #309
    Mapping index: 0
    Address: 0
    Line #0
        Function index: 179
        Line: 0
        Column: 0
    Attributes: [47]
Location #310
    Mapping index: 0
    Address: 0
    Attributes: [47]
Location #311
    Mapping index: 0
    Address: 0
    Line #0
        Function index: 180
        Line: 0
        Column: 0
    Attributes: [47]
Location #312
    Mapping index: 6
    Address: 20424196
    Attributes: [2]
Location #313
    Mapping index: 6
    Address: 20428857
    Attributes: [2]
Location #314
    Mapping index: 6
    Address: 20635384
    Attributes: [2]
Location #315
    Mapping index: 6
    Address: 20636338
    Attributes: [2]
Location #316
    Mapping index: 6
    Address: 15266858
    Attributes: [2]
Location #317
    Mapping index: 6
    Address: 15267424
    Attributes: [2]
Location #318
    Mapping index: 6
    Address: 16024100
    Attributes: [2]
Location #319
    Mapping index: 6
    Address: 15292437
    Attributes: [2]
Location #320
    Mapping index: 6
    Address: 16703983
    Attributes: [2]
Location #321
    Mapping index: 6
    Address: 16023210
    Attributes: [2]
Location #322
    Mapping index: 6
    Address: 15258461
    Attributes: [2]
Location #323
    Mapping index: 6
    Address: 19632238
    Attributes: [2]
Location #324
    Mapping index: 6
    Address: 21104608
    Attributes: [2]
Location #325
    Mapping index: 6
    Address: 25735949
    Attributes: [2]
Location #326
    Mapping index: 0
    Address: 0
    Line #0
        Function index: 181
        Line: 0
        Column: 0
    Attributes: [47]
Location #327
    Mapping index: 0
    Address: 0
    Line #0
        Function index: 182
        Line: 0
        Column: 0
    Attributes: [47]
Location #328
    Mapping index: 0
    Address: 0
    Line #0
        Function index: 183
        Line: 0
        Column: 0
    Attributes: [47]
Location #329
    Mapping index: 0
    Address: 0
    Line #0
        Function index: 184
        Line: 0
        Column: 0
    Attributes: [47]
Location #330
    Mapping index: 0
    Address: 0
    Line #0
        Function index: 185
        Line: 0
        Column: 0
    Attributes: [47]
Location #331
    Mapping index: 6
    Address: 20423650
    Attributes: [2]
Location #332
    Mapping index: 6
    Address: 20427421
    Attributes: [2]
Location #333
    Mapping index: 6
    Address: 20428609
    Attributes: [2]
Location #334
    Mapping index: 6
    Address: 24368411
    Attributes: [2]
Location #335
    Mapping index: 6
    Address: 24369939
    Attributes: [2]
Location #336
    Mapping index: 6
    Address: 24368961
    Attributes: [2]
Location #337
    Mapping index: 6
    Address: 24370492
    Attributes: [2]
Location #338
    Mapping index: 6
    Address: 18995569
    Attributes: [2]
Location #339
    Mapping index: 6
    Address: 15983390
    Attributes: [2]
Location #340
    Mapping index: 0
    Address: 0
    Line #0
        Function index: 186
        Line: 0
        Column: 0
    Attributes: [47]
Location #341
    Mapping index: 0
    Address: 44833388
    Attributes: [2]
Location #342
    Mapping index: 0
    Address: 44840947
    Attributes: [2]
Location #343
    Mapping index: 0
    Address: 44842008
    Attributes: [2]
Location #344
    Mapping index: 0
    Address: 45305512
    Attributes: [2]
Location #345
    Mapping index: 2
    Address: 5207615
    Line #0
        Function index: 187
        Line: 0
        Column: 0
    Attributes: [10]
Location #346
    Mapping index: 2
    Address: 5208275
    Line #0
        Function index: 188
        Line: 0
        Column: 0
    Attributes: [10]
Location #347
    Mapping index: 2
    Address: 22190668
    Line #0
        Function index: 33
        Line: 0
        Column: 0
    Attributes: [10]
Location #348
    Mapping index: 2
    Address: 22238957
    Line #0
        Function index: 189
        Line: 0
        Column: 0
    Attributes: [10]
Location #349
    Mapping index: 2
    Address: 7971257
    Line #0
        Function index: 39
        Line: 0
        Column: 0
    Attributes: [10]
Location #350
    Mapping index: 4
    Address: 1203578
    Attributes: [2]
Location #351
    Mapping index: 0
    Address: 43993854
    Attributes: [2]
Location #352
    Mapping index: 6
    Address: 26100482
    Attributes: [2]
Location #353
    Mapping index: 6
    Address: 21632684
    Attributes: [2]
Location #354
    Mapping index: 6
    Address: 21633400
    Attributes: [2]
Location #355
    Mapping index: 6
    Address: 21634283
    Attributes: [2]
Location #356
    Mapping index: 6
    Address: 21754671
    Attributes: [2]
Location #357
    Mapping index: 6
    Address: 21423266
    Attributes: [2]
Location #358
    Mapping index: 6
    Address: 21415288
    Attributes: [2]
Location #359
    Mapping index: 6
    Address: 21833978
    Attributes: [2]
Location #360
    Mapping index: 6
    Address: 21849979
    Attributes: [2]
Location #361
    Mapping index: 6
    Address: 21885809
    Attributes: [2]
Location #362
    Mapping index: 6
    Address: 21887322
    Attributes: [2]
Location #363
    Mapping index: 6
    Address: 21895534
    Attributes: [2]
Location #364
    Mapping index: 6
    Address: 21895897
    Attributes: [2]
Location #365
    Mapping index: 2
    Address: 8105679
    Line #0
        Function index: 190
        Line: 0
        Column: 0
    Attributes: [10]
Location #366
    Mapping index: 2
    Address: 8106102
    Line #0
        Function index: 191
        Line: 0
        Column: 0
    Attributes: [10]
Location #367
    Mapping index: 2
    Address: 22170391
    Line #0
        Function index: 192
        Line: 0
        Column: 0
    Attributes: [10]
Location #368
    Mapping index: 2
    Address: 22170815
    Line #0
        Function index: 193
        Line: 0
        Column: 0
    Attributes: [10]
Location #369
    Mapping index: 2
    Address: 22189095
    Line #0
        Function index: 194
        Line: 0
        Column: 0
    Attributes: [10]
Location #370
    Mapping index: 2
    Address: 7961545
    Line #0
        Function index: 195
        Line: 0
        Column: 0
    Attributes: [10]
Location #371
    Mapping index: 2
    Address: 7964173
    Line #0
        Function index: 196
        Line: 0
        Column: 0
    Attributes: [10]
Location #372
    Mapping index: 2
    Address: 7964899
    Line #0
        Function index: 197
        Line: 0
        Column: 0
    Attributes: [10]
Location #373
    Mapping index: 2
    Address: 7972038
    Line #0
        Function index: 198
        Line: 0
        Column: 0
    Attributes: [10]
Location #374
    Mapping index: 2
    Address: 7860461
    Line #0
        Function index: 199
        Line: 0
        Column: 0
    Attributes: [10]
Location #375
    Mapping index: 2
    Address: 7861860
    Line #0
        Function index: 200
        Line: 0
        Column: 0
    Attributes: [10]
Location #376
    Mapping index: 2
    Address: 7862558
    Line #0
        Function index: 201
        Line: 0
        Column: 0
    Attributes: [10]
Location #377
    Mapping index: 2
    Address: 3168497
    Line #0
        Function index: 22
        Line: 0
        Column: 0
    Attributes: [10]
Location #378
    Mapping index: 4
    Address: 1203274
    Attributes: [2]
Location #379
    Mapping index: 4
    Address: 706453
    Attributes: [2]
Location #380
    Mapping index: 4
    Address: 710419
    Attributes: [2]
Location #381
    Mapping index: 6
    Address: 26099229
    Attributes: [2]
Location #382
    Mapping index: 6
    Address: 26116691
    Attributes: [2]
Location #383
    Mapping index: 6
    Address: 26117456
    Attributes: [2]
Location #384
    Mapping index: 0
    Address: 47235422
    Attributes: [2]
Location #385
    Mapping index: 0
    Address: 47348886
    Attributes: [2]
Location #386
    Mapping index: 0
    Address: 47320943
    Attributes: [2]
Location #387
    Mapping index: 0
    Address: 50078008
    Attributes: [2]
Location #388
    Mapping index: 0
    Address: 45221127
    Attributes: [2]
Location #389
    Mapping index: 0
    Address: 45306197
    Attributes: [2]
Location #390
    Mapping index: 0
    Address: 0
    Line #0
        Function index: 202
        Line: 0
        Column: 0
    Attributes: [47]
Location #391
    Mapping index: 6
    Address: 27021964
    Attributes: [2]
Location #392
    Mapping index: 6
    Address: 27074984
    Attributes: [2]
Location #393
    Mapping index: 6
    Address: 19300202
    Attributes: [2]
Location #394
    Mapping index: 6
    Address: 19687610
    Attributes: [2]
Location #395
    Mapping index: 6
    Address: 19688289
    Attributes: [2]
Location #396
    Mapping index: 6
    Address: 27000362
    Attributes: [2]
Location #397
    Mapping index: 6
    Address: 20653022
    Attributes: [2]
Location #398
    Mapping index: 6
    Address: 25605850
    Attributes: [2]
Location #399
    Mapping index: 6
    Address: 25613091
    Attributes: [2]
Location #400
    Mapping index: 0
    Address: 0
    Line #0
        Function index: 203
        Line: 1
        Column: 0
    Attributes: [47]
Location #401
    Mapping index: 0
    Address: 0
    Line #0
        Function index: 204
        Line: 0
        Column: 0
    Attributes: [47]
Location #402
    Mapping index: 0
    Address: 0
    Line #0
        Function index: 205
        Line: 0
        Column: 0
    Attributes: [47]
Location #403
    Mapping index: 0
    Address: 0
    Line #0
        Function index: 206
        Line: 0
        Column: 0
    Attributes: [47]
Location #404
    Mapping index: 0
    Address: 0
    Line #0
        Function index: 207
        Line: 0
        Column: 0
    Attributes: [47]
Location #405
    Mapping index: 6
    Address: 20427604
    Attributes: [2]
Location #406
    Mapping index: 6
    Address: 19052805
    Attributes: [2]
Location #407
    Mapping index: 6
    Address: 15963868
    Attributes: [2]
Location #408
    Mapping index: 6
    Address: 24485441
    Attributes: [2]
Location #409
    Mapping index: 6
    Address: 24369152
    Attributes: [2]
Location #410
    Mapping index: 6
    Address: 16411541
    Attributes: [2]
Location #411
    Mapping index: 6
    Address: 16412425
    Attributes: [2]
Location #412
    Mapping index: 6
    Address: 16314762
    Attributes: [2]
Location #413
    Mapping index: 6
    Address: 30409788
    Attributes: [2]
Location #414
    Mapping index: 6
    Address: 30424754
    Attributes: [2]
Location #415
    Mapping index: 6
    Address: 30518099
    Attributes: [2]
Location #416
    Mapping index: 6
    Address: 30428182
    Attributes: [2]
Location #417
    Mapping index: 6
    Address: 15277125
    Attributes: [2]
Location #418
    Mapping index: 6
    Address: 16703920
    Attributes: [2]
Location #419
    Mapping index: 6
    Address: 19215856
    Attributes: [2]
Location #420
    Mapping index: 6
    Address: 24328811
    Attributes: [2]
Location #421
    Mapping index: 6
    Address: 24333307
    Attributes: [2]
Location #422
    Mapping index: 6
    Address: 19257473
    Attributes: [2]
Location #423
    Mapping index: 6
    Address: 19257931
    Attributes: [2]
Location #424
    Mapping index: 6
    Address: 19702876
    Attributes: [2]
Location #425
    Mapping index: 6
    Address: 19704123
    Attributes: [2]
Location #426
    Mapping index: 6
    Address: 19706189
    Attributes: [2]
Location #427
    Mapping index: 6
    Address: 19706926
    Attributes: [2]
Location #428
    Mapping index: 6
    Address: 19711212
    Attributes: [2]
Location #429
    Mapping index: 6
    Address: 18997854
    Attributes: [2]
Location #430
    Mapping index: 6
    Address: 18999310
    Attributes: [2]
Location #431
    Mapping index: 6
    Address: 15962226
    Attributes: [2]
Location #432
    Mapping index: 6
    Address: 15978729
    Attributes: [2]
Location #433
    Mapping index: 6
    Address: 19316633
    Attributes: [2]
Location #434
    Mapping index: 6
    Address: 19317481
    Attributes: [2]
Location #435
    Mapping index: 0
    Address: 0
    Line #0
        Function index: 208
        Line: 0
        Column: 0
    Attributes: [47]
Location #436
    Mapping index: 0
    Address: 0
    Line #0
        Function index: 209
        Line: 0
        Column: 0
    Attributes: [47]
Location #437
    Mapping index: 0
    Address: 0
    Line #0
        Function index: 210
        Line: 0
        Column: 0
    Attributes: [47]
Location #438
    Mapping index: 0
    Address: 0
    Line #0
        Function index: 211
        Line: 0
        Column: 0
    Attributes: [47]
Location #439
    Mapping index: 0
    Address: 0
    Line #0
        Function index: 212
        Line: 0
        Column: 0
    Attributes: [47]
Location #440
    Mapping index: 0
    Address: 0
    Line #0
        Function index: 213
        Line: 0
        Column: 0
    Attributes: [47]
Location #441
    Mapping index: 0
    Address: 0
    Line #0
        Function index: 214
        Line: 0
        Column: 0
    Attributes: [47]
Location #442
    Mapping index: 0
    Address: 0
    Line #0
        Function index: 215
        Line: 0
        Column: 0
    Attributes: [47]
Location #443
    Mapping index: 0
    Address: 51266516
    Attributes: [2]
Location #444
    Mapping index: 0
    Address: 51327914
    Attributes: [2]
Location #445
    Mapping index: 0
    Address: 51348009
    Attributes: [2]
Location #446
    Mapping index: 0
    Address: 51352228
    Attributes: [2]
Location #447
    Mapping index: 0
    Address: 51355082
    Attributes: [2]
Location #448
    Mapping index: 0
    Address: 45213651
    Attributes: [2]
Location #449
    Mapping index: 0
    Address: 45306127
    Attributes: [2]
Location #450
    Mapping index: 0
    Address: 0
    Line #0
        Function index: 216
        Line: 0
        Column: 0
    Attributes: [47]
Location #451
    Mapping index: 0
    Address: 0
    Line #0
        Function index: 217
        Line: 0
        Column: 0
    Attributes: [47]
Location #452
    Mapping index: 0
    Address: 0
    Line #0
        Function index: 218
        Line: 0
        Column: 0
    Attributes: [47]
Location #453
    Mapping index: 0
    Address: 0
    Line #0
        Function index: 219
        Line: 0
        Column: 0
    Attributes: [47]
Location #454
    Mapping index: 0
    Address: 0
    Line #0
        Function index: 220
        Line: 0
        Column: 0
    Attributes: [47]
Location #455
    Mapping index: 0
    Address: 0
    Line #0
        Function index: 221
        Line: 72
        Column: 0
    Attributes: [47]
Location #456
    Mapping index: 6
    Address: 15267290
    Attributes: [2]
Location #457
    Mapping index: 0
    Address: 47367508
    Attributes: [2]
Location #458
    Mapping index: 0
    Address: 47378480
    Attributes: [2]
Location #459
    Mapping index: 0
    Address: 45254845
    Attributes: [2]
Location #460
    Mapping index: 6
    Address: 19066914
    Attributes: [2]
Location #461
    Mapping index: 6
    Address: 17936316
    Attributes: [2]
Location #462
    Mapping index: 6
    Address: 17453873
    Attributes: [2]
Location #463
    Mapping index: 6
    Address: 19182212
    Attributes: [2]
Location #464
    Mapping index: 6
    Address: 24722610
    Attributes: [2]
Location #465
    Mapping index: 6
    Address: 24761819
    Attributes: [2]
Location #466
    Mapping index: 6
    Address: 24764184
    Attributes: [2]
Location #467
    Mapping index: 6
    Address: 24765638
    Attributes: [2]
Location #468
    Mapping index: 6
    Address: 24787094
    Attributes: [2]
Location #469
    Mapping index: 6
    Address: 19705047
    Attributes: [2]
Location #470
    Mapping index: 6
    Address: 22464303
    Attributes: [2]
Location #471
    Mapping index: 6
    Address: 22506735
    Attributes: [2]
Location #472
    Mapping index: 6
    Address: 22516348
    Attributes: [2]
Location #473
    Mapping index: 6
    Address: 19480344
    Attributes: [2]
Location #474
    Mapping index: 0
    Address: 0
    Line #0
        Function index: 222
        Line: 0
        Column: 0
    Attributes: [47]
Location #475
    Mapping index: 6
    Address: 24137666
    Attributes: [2]
Location #476
    Mapping index: 6
    Address: 25643165
    Attributes: [2]
Location #477
    Mapping index: 6
    Address: 23624076
    Attributes: [2]
Location #478
    Mapping index: 6
    Address: 25667457
    Attributes: [2]
Location #479
    Mapping index: 0
    Address: 0
    Line #0
        Function index: 223
        Line: 0
        Column: 0
    Attributes: [47]
Location #480
    Mapping index: 0
    Address: 0
    Line #0
        Function index: 224
        Line: 0
        Column: 0
    Attributes: [47]
Location #481
    Mapping index: 0
    Address: 0
    Line #0
        Function index: 225
        Line: 0
        Column: 0
    Attributes: [47]
Location #482
    Mapping index: 0
    Address: 0
    Line #0
        Function index: 226
        Line: 0
        Column: 0
    Attributes: [47]
Location #483
    Mapping index: 0
    Address: 0
    Line #0
        Function index: 227
        Line: 0
        Column: 0
    Attributes: [47]
Location #484
    Mapping index: 0
    Address: 0
    Line #0
        Function index: 228
        Line: 0
        Column: 0
    Attributes: [47]
Location #485
    Mapping index: 0
    Address: 0
    Line #0
        Function index: 229
        Line: 0
        Column: 0
    Attributes: [47]
Location #486
    Mapping index: 0
    Address: 0
    Line #0
        Function index: 230
        Line: 0
        Column: 0
    Attributes: [47]
Location #487
    Mapping index: 0
    Address: 0
    Line #0
        Function index: 231
        Line: 295
        Column: 0
    Attributes: [47]
Location #488
    Mapping index: 0
    Address: 0
    Line #0
        Function index: 232
        Line: 0
        Column: 0
    Attributes: [47]
Location #489
    Mapping index: 0
    Address: 0
    Line #0
        Function index: 233
        Line: 0
        Column: 0
    Attributes: [47]
Location #490
    Mapping index: 0
    Address: 0
    Line #0
        Function index: 234
        Line: 0
        Column: 0
    Attributes: [47]
Location #491
    Mapping index: 0
    Address: 0
    Line #0
        Function index: 235
        Line: 0
        Column: 0
    Attributes: [47]
Location #492
    Mapping index: 0
    Address: 0
    Line #0
        Function index: 236
        Line: 0
        Column: 0
    Attributes: [47]
Location #493
    Mapping index: 6
    Address: 24951107
    Attributes: [2]
Location #494
    Mapping index: 6
    Address: 24973960
    Attributes: [2]
Location #495
    Mapping index: 6
    Address: 24607515
    Attributes: [2]
Location #496
    Mapping index: 6
    Address: 24618053
    Attributes: [2]
Location #497
    Mapping index: 6
    Address: 24761892
    Attributes: [2]
Location #498
    Mapping index: 0
    Address: 0
    Line #0
        Function index: 237
        Line: 0
        Column: 0
    Attributes: [47]
Location #499
    Mapping index: 6
    Address: 24666528
    Attributes: [2]
Location #500
    Mapping index: 6
    Address: 24767476
    Attributes: [2]
Location #501
    Mapping index: 6
    Address: 24707678
    Attributes: [2]
Location #502
    Mapping index: 6
    Address: 24712748
    Attributes: [2]
Location #503
    Mapping index: 6
    Address: 24715443
    Attributes: [2]
Location #504
    Mapping index: 6
    Address: 24669549
    Attributes: [2]
Location #505
    Mapping index: 6
    Address: 24714048
    Attributes: [2]
Location #506
    Mapping index: 6
    Address: 24776557
    Attributes: [2]
Location #507
    Mapping index: 6
    Address: 24669866
    Attributes: [2]
Location #508
    Mapping index: 6
    Address: 24742548
    Attributes: [2]
Location #509
    Mapping index: 6
    Address: 24666607
    Attributes: [2]
Location #510
    Mapping index: 6
    Address: 24750349
    Attributes: [2]
Location #511
    Mapping index: 6
    Address: 24751956
    Attributes: [2]
Location #512
    Mapping index: 0
    Address: 0
    Line #0
        Function index: 238
        Line: 0
        Column: 0
    Attributes: [47]
Location #513
    Mapping index: 0
    Address: 47914879
    Attributes: [2]
Location #514
    Mapping index: 0
    Address: 45309672
    Attributes: [2]
Location #515
    Mapping index: 2
    Address: 7888908
    Line #0
        Function index: 239
        Line: 0
        Column: 0
    Attributes: [10]
Location #516
    Mapping index: 2
    Address: 7812429
    Line #0
        Function index: 9
        Line: 0
        Column: 0
    Attributes: [10]
Location #517
    Mapping index: 6
    Address: 20947635
    Attributes: [2]
Location #518
    Mapping index: 6
    Address: 24303606
    Attributes: [2]
Location #519
    Mapping index: 6
    Address: 24303745
    Attributes: [2]
Location #520
    Mapping index: 6
    Address: 25571109
    Attributes: [2]
Location #521
    Mapping index: 0
    Address: 0
    Line #0
        Function index: 240
        Line: 30
        Column: 0
    Attributes: [47]
Location #522
    Mapping index: 0
    Address: 0
    Line #0
        Function index: 241
        Line: 25
        Column: 0
    Attributes: [47]
Location #523
    Mapping index: 0
    Address: 0
    Line #0
        Function index: 242
        Line: 735
        Column: 0
    Attributes: [47]
Location #524
    Mapping index: 0
    Address: 0
    Line #0
        Function index: 243
        Line: 752
        Column: 0
    Attributes: [47]
Location #525
    Mapping index: 0
    Address: 0
    Line #0
        Function index: 244
        Line: 714
        Column: 0
    Attributes: [47]
Location #526
    Mapping index: 0
    Address: 0
    Line #0
        Function index: 245
        Line: 1224
        Column: 0
    Attributes: [47]
Location #527
    Mapping index: 0
    Address: 0
    Line #0
        Function index: 246
        Line: 1282
        Column: 0
    Attributes: [47]
Location #528
    Mapping index: 0
    Address: 0
    Line #0
        Function index: 247
        Line: 448
        Column: 0
    Attributes: [47]
Location #529
    Mapping index: 0
    Address: 0
    Line #0
        Function index: 248
        Line: 591
        Column: 0
    Attributes: [47]
Location #530
    Mapping index: 0
    Address: 0
    Line #0
        Function index: 249
        Line: 540
        Column: 0
    Attributes: [47]
Location #531
    Mapping index: 0
    Address: 0
    Line #0
        Function index: 250
        Line: 202
        Column: 0
    Attributes: [47]
Location #532
    Mapping index: 0
    Address: 0
    Line #0
        Function index: 251
        Line: 517
        Column: 0
    Attributes: [47]
Location #533
    Mapping index: 0
    Address: 0
    Line #0
        Function index: 252
        Line: 568
        Column: 0
    Attributes: [47]
Location #534
    Mapping index: 0
    Address: 0
    Line #0
        Function index: 253
        Line: 0
        Column: 0
    Attributes: [47]
Location #535
    Mapping index: 0
    Address: 0
    Line #0
        Function index: 254
        Line: 0
        Column: 0
    Attributes: [47]
Location #536
    Mapping index: 6
    Address: 20835004
    Attributes: [2]
Location #537
    Mapping index: 6
    Address: 20835889
    Attributes: [2]
Location #538
    Mapping index: 6
    Address: 20847354
    Attributes: [2]
Location #539
    Mapping index: 6
    Address: 20860545
    Attributes: [2]
Location #540
    Mapping index: 6
    Address: 20858359
    Attributes: [2]
Location #541
    Mapping index: 6
    Address: 20835660
    Attributes: [2]
Location #542
    Mapping index: 6
    Address: 20843999
    Attributes: [2]
Location #543
    Mapping index: 6
    Address: 24921668
    Attributes: [2]
Location #544
    Mapping index: 6
    Address: 24974087
    Attributes: [2]
Location #545
    Mapping index: 6
    Address: 24848076
    Attributes: [2]
Location #546
    Mapping index: 6
    Address: 24822983
    Attributes: [2]
Location #547
    Mapping index: 6
    Address: 24823191
    Attributes: [2]
Location #548
    Mapping index: 6
    Address: 24843441
    Attributes: [2]
Location #549
    Mapping index: 6
    Address: 24885511
    Attributes: [2]
Location #550
    Mapping index: 6
    Address: 24862877
    Attributes: [2]
Location #551
    Mapping index: 6
    Address: 24863213
    Attributes: [2]
Location #552
    Mapping index: 6
    Address: 24599593
    Attributes: [2]
Location #553
    Mapping index: 6
    Address: 24720949
    Attributes: [2]
Location #554
    Mapping index: 6
    Address: 24722392
    Attributes: [2]
Location #555
    Mapping index: 6
    Address: 21028777
    Attributes: [2]
Location #556
    Mapping index: 6
    Address: 22485913
    Attributes: [2]
Location #557
    Mapping index: 6
    Address: 22491086
    Attributes: [2]
Location #558
    Mapping index: 6
    Address: 22506483
    Attributes: [2]
Location #559
    Mapping index: 6
    Address: 20840600
    Attributes: [2]
Function #0
    Name: 0
    System name: 0
    Filename: 0
    Start line: 0
Function #1
    Name: 13
    System name: 0
    Filename: 0
    Start line: 0
Function #2
    Name: 14
    System name: 0
    Filename: 0
    Start line: 0
Function #3
    Name: 15
    System name: 0
    Filename: 0
    Start line: 0
Function #4
    Name: 16
    System name: 0
    Filename: 0
    Start line: 0
Function #5
    Name: 17
    System name: 0
    Filename: 0
    Start line: 0
Function #6
    Name: 18
    System name: 0
    Filename: 0
    Start line: 0
Function #7
    Name: 19
    System name: 0
    Filename: 0
    Start line: 0
Function #8
    Name: 20
    System name: 0
    Filename: 0
    Start line: 0
Function #9
    Name: 21
    System name: 0
    Filename: 0
    Start line: 0
Function #10
    Name: 22
    System name: 0
    Filename: 0
    Start line: 0
Function #11
    Name: 23
    System name: 0
    Filename: 0
    Start line: 0
Function #12
    Name: 24
    System name: 0
    Filename: 0
    Start line: 0
Function #13
    Name: 25
    System name: 0
    Filename: 0
    Start line: 0
Function #14
    Name: 26
    System name: 0
    Filename: 0
    Start line: 0
Function #15
    Name: 27
    System name: 0
    Filename: 0
    Start line: 0
Function #16
    Name: 28
    System name: 0
    Filename: 0
    Start line: 0
Function #17
    Name: 29
    System name: 0
    Filename: 0
    Start line: 0
Function #18
    Name: 30
    System name: 0
    Filename: 0
    Start line: 0
Function #19
    Name: 31
    System name: 0
    Filename: 0
    Start line: 0
Function #20
    Name: 32
    System name: 0
    Filename: 0
    Start line: 0
Function #21
    Name: 33
    System name: 0
    Filename: 0
    Start line: 0
Function #22
    Name: 34
    System name: 0
    Filename: 0
    Start line: 0
Function #23
    Name: 35
    System name: 0
    Filename: 0
    Start line: 0
Function #24
    Name: 36
    System name: 0
    Filename: 0
    Start line: 0
Function #25
    Name: 37
    System name: 0
    Filename: 0
    Start line: 0
Function #26
    Name: 38
    System name: 0
    Filename: 0
    Start line: 0
Function #27
    Name: 39
    System name: 0
    Filename: 0
    Start line: 0
Function #28
    Name: 40
    System name: 0
    Filename: 0
    Start line: 0
Function #29
    Name: 41
    System name: 0
    Filename: 0
    Start line: 0
Function #30
    Name: 42
    System name: 0
    Filename: 0
    Start line: 0
Function #31
    Name: 43
    System name: 0
    Filename: 0
    Start line: 0
Function #32
    Name: 44
    System name: 0
    Filename: 0
    Start line: 0
Function #33
    Name: 45
    System name: 0
    Filename: 0
    Start line: 0
Function #34
    Name: 46
    System name: 0
    Filename: 0
    Start line: 0
Function #35
    Name: 47
    System name: 0
    Filename: 0
    Start line: 0
Function #36
    Name: 48
    System name: 0
    Filename: 0
    Start line: 0
Function #37
    Name: 49
    System name: 0
    Filename: 0
    Start line: 0
Function #38
    Name: 50
    System name: 0
    Filename: 0
    Start line: 0
Function #39
    Name: 51
    System name: 0
    Filename: 0
    Start line: 0
Function #40
    Name: 52
    System name: 0
    Filename: 0
    Start line: 0
Function #41
    Name: 53
    System name: 0
    Filename: 0
    Start line: 0
Function #42
    Name: 54
    System name: 0
    Filename: 0
    Start line: 0
Function #43
    Name: 55
    System name: 0
    Filename: 0
    Start line: 0
Function #44
    Name: 56
    System name: 0
    Filename: 0
    Start line: 0
Function #45
    Name: 57
    System name: 0
    Filename: 0
    Start line: 0
Function #46
    Name: 58
    System name: 0
    Filename: 0
    Start line: 0
Function #47
    Name: 59
    System name: 0
    Filename: 0
    Start line: 0
Function #48
    Name: 60
    System name: 0
    Filename: 0
    Start line: 0
Function #49
    Name: 61
    System name: 0
    Filename: 0
    Start line: 0
Function #50
    Name: 62
    System name: 0
    Filename: 0
    Start line: 0
Function #51
    Name: 63
    System name: 0
    Filename: 0
    Start line: 0
Function #52
    Name: 66
    System name: 0
    Filename: 67
    Start line: 0
Function #53
    Name: 68
    System name: 0
    Filename: 67
    Start line: 0
Function #54
    Name: 69
    System name: 0
    Filename: 67
    Start line: 0
Function #55
    Name: 70
    System name: 0
    Filename: 67
    Start line: 0
Function #56
    Name: 71
    System name: 0
    Filename: 72
    Start line: 0
Function #57
    Name: 73
    System name: 0
    Filename: 72
    Start line: 0
Function #58
    Name: 74
    System name: 0
    Filename: 75
    Start line: 0
Function #59
    Name: 76
    System name: 0
    Filename: 77
    Start line: 0
Function #60
    Name: 78
    System name: 0
    Filename: 79
    Start line: 0
Function #61
    Name: 80
    System name: 0
    Filename: 79
    Start line: 0
Function #62
    Name: 81
    System name: 0
    Filename: 82
    Start line: 0
Function #63
    Name: 83
    System name: 0
    Filename: 82
    Start line: 0
Function #64
    Name: 84
    System name: 0
    Filename: 82
    Start line: 0
Function #65
    Name: 85
    System name: 0
    Filename: 79
    Start line: 0
Function #66
    Name: 86
    System name: 0
    Filename: 87
    Start line: 0
Function #67
    Name: 88
    System name: 0
    Filename: 87
    Start line: 0
Function #68
    Name: 89
    System name: 0
    Filename: 90
    Start line: 0
Function #69
    Name: 91
    System name: 0
    Filename: 92
    Start line: 0
Function #70
    Name: 93
    System name: 0
    Filename: 92
    Start line: 0
Function #71
    Name: 94
    System name: 0
    Filename: 95
    Start line: 0
Function #72
    Name: 96
    System name: 0
    Filename: 95
    Start line: 0
Function #73
    Name: 97
    System name: 0
    Filename: 79
    Start line: 0
Function #74
    Name: 98
    System name: 0
    Filename: 0
    Start line: 0
Function #75
    Name: 99
    System name: 0
    Filename: 0
    Start line: 0
Function #76
    Name: 100
    System name: 0
    Filename: 0
    Start line: 0
Function #77
    Name: 101
    System name: 0
    Filename: 102
    Start line: 0
Function #78
    Name: 103
    System name: 0
    Filename: 104
    Start line: 0
Function #79
    Name: 105
    System name: 0
    Filename: 104
    Start line: 0
Function #80
    Name: 106
    System name: 0
    Filename: 107
    Start line: 0
Function #81
    Name: 108
    System name: 0
    Filename: 90
    Start line: 0
Function #82
    Name: 109
    System name: 0
    Filename: 107
    Start line: 0
Function #83
    Name: 110
    System name: 0
    Filename: 107
    Start line: 0
Function #84
    Name: 111
    System name: 0
    Filename: 112
    Start line: 0
Function #85
    Name: 113
    System name: 0
    Filename: 114
    Start line: 0
Function #86
    Name: 115
    System name: 0
    Filename: 116
    Start line: 0
Function #87
    Name: 117
    System name: 0
    Filename: 118
    Start line: 0
Function #88
    Name: 119
    System name: 0
    Filename: 118
    Start line: 0
Function #89
    Name: 120
    System name: 0
    Filename: 118
    Start line: 0
Function #90
    Name: 121
    System name: 0
    Filename: 118
    Start line: 0
Function #91
    Name: 122
    System name: 0
    Filename: 123
    Start line: 0
Function #92
    Name: 124
    System name: 0
    Filename: 0
    Start line: 0
Function #93
    Name: 125
    System name: 0
    Filename: 0
    Start line: 0
Function #94
    Name: 126
    System name: 0
    Filename: 0
    Start line: 0
Function #95
    Name: 127
    System name: 0
    Filename: 0
    Start line: 0
Function #96
    Name: 128
    System name: 0
    Filename: 0
    Start line: 0
Function #97
    Name: 129
    System name: 0
    Filename: 0
    Start line: 0
Function #98
    Name: 130
    System name: 0
    Filename: 102
    Start line: 0
Function #99
    Name: 131
    System name: 0
    Filename: 132
    Start line: 0
Function #100
    Name: 133
    System name: 0
    Filename: 134
    Start line: 0
Function #101
    Name: 135
    System name: 0
    Filename: 134
    Start line: 0
Function #102
    Name: 136
    System name: 0
    Filename: 137
    Start line: 0
Function #103
    Name: 138
    System name: 0
    Filename: 137
    Start line: 0
Function #104
    Name: 139
    System name: 0
    Filename: 137
    Start line: 0
Function #105
    Name: 140
    System name: 0
    Filename: 90
    Start line: 0
Function #106
    Name: 141
    System name: 0
    Filename: 142
    Start line: 0
Function #107
    Name: 143
    System name: 0
    Filename: 144
    Start line: 0
Function #108
    Name: 145
    System name: 0
    Filename: 146
    Start line: 0
Function #109
    Name: 147
    System name: 0
    Filename: 146
    Start line: 0
Function #110
    Name: 148
    System name: 0
    Filename: 123
    Start line: 0
Function #111
    Name: 149
    System name: 0
    Filename: 123
    Start line: 0
Function #112
    Name: 150
    System name: 0
    Filename: 82
    Start line: 0
Function #113
    Name: 151
    System name: 0
    Filename: 0
    Start line: 0
Function #114
    Name: 152
    System name: 0
    Filename: 0
    Start line: 0
Function #115
    Name: 153
    System name: 0
    Filename: 0
    Start line: 0
Function #116
    Name: 154
    System name: 0
    Filename: 0
    Start line: 0
Function #117
    Name: 155
    System name: 0
    Filename: 0
    Start line: 0
Function #118
    Name: 156
    System name: 0
    Filename: 0
    Start line: 0
Function #119
    Name: 157
    System name: 0
    Filename: 0
    Start line: 0
Function #120
    Name: 158
    System name: 0
    Filename: 159
    Start line: 0
Function #121
    Name: 160
    System name: 0
    Filename: 161
    Start line: 0
Function #122
    Name: 162
    System name: 0
    Filename: 163
    Start line: 0
Function #123
    Name: 164
    System name: 0
    Filename: 90
    Start line: 0
Function #124
    Name: 165
    System name: 0
    Filename: 166
    Start line: 0
Function #125
    Name: 167
    System name: 0
    Filename: 168
    Start line: 0
Function #126
    Name: 169
    System name: 0
    Filename: 77
    Start line: 0
Function #127
    Name: 170
    System name: 0
    Filename: 77
    Start line: 0
Function #128
    Name: 171
    System name: 0
    Filename: 172
    Start line: 0
Function #129
    Name: 173
    System name: 0
    Filename: 0
    Start line: 0
Function #130
    Name: 174
    System name: 0
    Filename: 0
    Start line: 0
Function #131
    Name: 175
    System name: 0
    Filename: 0
    Start line: 0
Function #132
    Name: 176
    System name: 0
    Filename: 0
    Start line: 0
Function #133
    Name: 177
    System name: 0
    Filename: 0
    Start line: 0
Function #134
    Name: 178
    System name: 0
    Filename: 0
    Start line: 0
Function #135
    Name: 179
    System name: 0
    Filename: 0
    Start line: 0
Function #136
    Name: 180
    System name: 0
    Filename: 0
    Start line: 0
Function #137
    Name: 183
    System name: 0
    Filename: 184
    Start line: 0
Function #138
    Name: 185
    System name: 0
    Filename: 186
    Start line: 0
Function #139
    Name: 187
    System name: 0
    Filename: 188
    Start line: 0
Function #140
    Name: 189
    System name: 0
    Filename: 188
    Start line: 0
Function #141
    Name: 190
    System name: 0
    Filename: 188
    Start line: 0
Function #142
    Name: 191
    System name: 0
    Filename: 188
    Start line: 0
Function #143
    Name: 192
    System name: 0
    Filename: 188
    Start line: 0
Function #144
    Name: 193
    System name: 0
    Filename: 188
    Start line: 0
Function #145
    Name: 194
    System name: 0
    Filename: 188
    Start line: 0
Function #146
    Name: 195
    System name: 0
    Filename: 188
    Start line: 0
Function #147
    Name: 196
    System name: 0
    Filename: 197
    Start line: 0
Function #148
    Name: 198
    System name: 0
    Filename: 199
    Start line: 0
Function #149
    Name: 200
    System name: 0
    Filename: 199
    Start line: 0
Function #150
    Name: 201
    System name: 0
    Filename: 202
    Start line: 0
Function #151
    Name: 203
    System name: 0
    Filename: 202
    Start line: 0
Function #152
    Name: 204
    System name: 0
    Filename: 205
    Start line: 0
Function #153
    Name: 206
    System name: 0
    Filename: 205
    Start line: 0
Function #154
    Name: 207
    System name: 0
    Filename: 205
    Start line: 0
Function #155
    Name: 208
    System name: 0
    Filename: 205
    Start line: 0
Function #156
    Name: 209
    System name: 0
    Filename: 210
    Start line: 0
Function #157
    Name: 195
    System name: 0
    Filename: 210
    Start line: 0
Function #158
    Name: 211
    System name: 0
    Filename: 210
    Start line: 0
Function #159
    Name: 213
    System name: 0
    Filename: 0
    Start line: 0
Function #160
    Name: 214
    System name: 0
    Filename: 215
    Start line: 0
Function #161
    Name: 216
    System name: 0
    Filename: 0
    Start line: 0
Function #162
    Name: 217
    System name: 0
    Filename: 218
    Start line: 0
Function #163
    Name: 219
    System name: 0
    Filename: 218
    Start line: 0
Function #164
    Name: 220
    System name: 0
    Filename: 221
    Start line: 0
Function #165
    Name: 195
    System name: 0
    Filename: 221
    Start line: 0
Function #166
    Name: 222
    System name: 0
    Filename: 223
    Start line: 0
Function #167
    Name: 224
    System name: 0
    Filename: 221
    Start line: 0
Function #168
    Name: 225
    System name: 0
    Filename: 226
    Start line: 0
Function #169
    Name: 195
    System name: 0
    Filename: 227
    Start line: 0
Function #170
    Name: 228
    System name: 0
    Filename: 227
    Start line: 0
Function #171
    Name: 229
    System name: 0
    Filename: 227
    Start line: 0
Function #172
    Name: 230
    System name: 0
    Filename: 227
    Start line: 0
Function #173
    Name: 231
    System name: 0
    Filename: 227
    Start line: 0
Function #174
    Name: 232
    System name: 0
    Filename: 233
    Start line: 0
Function #175
    Name: 234
    System name: 0
    Filename: 233
    Start line: 0
Function #176
    Name: 235
    System name: 0
    Filename: 236
    Start line: 0
Function #177
    Name: 237
    System name: 0
    Filename: 238
    Start line: 0
Function #178
    Name: 239
    System name: 0
    Filename: 238
    Start line: 0
Function #179
    Name: 240
    System name: 0
    Filename: 210
    Start line: 0
Function #180
    Name: 241
    System name: 0
    Filename: 0
    Start line: 0
Function #181
    Name: 242
    System name: 0
    Filename: 0
    Start line: 0
Function #182
    Name: 243
    System name: 0
    Filename: 0
    Start line: 0
Function #183
    Name: 244
    System name: 0
    Filename: 245
    Start line: 0
Function #184
    Name: 195
    System name: 0
    Filename: 246
    Start line: 0
Function #185
    Name: 247
    System name: 0
    Filename: 0
    Start line: 0
Function #186
    Name: 248
    System name: 0
    Filename: 215
    Start line: 0
Function #187
    Name: 249
    System name: 0
    Filename: 0
    Start line: 0
Function #188
    Name: 250
    System name: 0
    Filename: 0
    Start line: 0
Function #189
    Name: 251
    System name: 0
    Filename: 0
    Start line: 0
Function #190
    Name: 252
    System name: 0
    Filename: 0
    Start line: 0
Function #191
    Name: 253
    System name: 0
    Filename: 0
    Start line: 0
Function #192
    Name: 254
    System name: 0
    Filename: 0
    Start line: 0
Function #193
    Name: 255
    System name: 0
    Filename: 0
    Start line: 0
Function #194
    Name: 256
    System name: 0
    Filename: 0
    Start line: 0
Function #195
    Name: 257
    System name: 0
    Filename: 0
    Start line: 0
Function #196
    Name: 258
    System name: 0
    Filename: 0
    Start line: 0
Function #197
    Name: 259
    System name: 0
    Filename: 0
    Start line: 0
Function #198
    Name: 260
    System name: 0
    Filename: 0
    Start line: 0
Function #199
    Name: 261
    System name: 0
    Filename: 0
    Start line: 0
Function #200
    Name: 262
    System name: 0
    Filename: 0
    Start line: 0
Function #201
    Name: 263
    System name: 0
    Filename: 0
    Start line: 0
Function #202
    Name: 195
    System name: 0
    Filename: 245
    Start line: 0
Function #203
    Name: 195
    System name: 0
    Filename: 264
    Start line: 0
Function #204
    Name: 195
    System name: 0
    Filename: 265
    Start line: 0
Function #205
    Name: 195
    System name: 0
    Filename: 266
    Start line: 0
Function #206
    Name: 195
    System name: 0
    Filename: 267
    Start line: 0
Function #207
    Name: 268
    System name: 0
    Filename: 269
    Start line: 0
Function #208
    Name: 270
    System name: 0
    Filename: 0
    Start line: 0
Function #209
    Name: 271
    System name: 0
    Filename: 272
    Start line: 0
Function #210
    Name: 273
    System name: 0
    Filename: 269
    Start line: 0
Function #211
    Name: 274
    System name: 0
    Filename: 218
    Start line: 0
Function #212
    Name: 275
    System name: 0
    Filename: 218
    Start line: 0
Function #213
    Name: 276
    System name: 0
    Filename: 218
    Start line: 0
Function #214
    Name: 277
    System name: 0
    Filename: 218
    Start line: 0
Function #215
    Name: 278
    System name: 0
    Filename: 218
    Start line: 0
Function #216
    Name: 279
    System name: 0
    Filename: 184
    Start line: 0
Function #217
    Name: 280
    System name: 0
    Filename: 184
    Start line: 0
Function #218
    Name: 281
    System name: 0
    Filename: 282
    Start line: 0
Function #219
    Name: 283
    System name: 0
    Filename: 282
    Start line: 0
Function #220
    Name: 284
    System name: 0
    Filename: 218
    Start line: 0
Function #221
    Name: 285
    System name: 0
    Filename: 286
    Start line: 0
Function #222
    Name: 287
    System name: 0
    Filename: 288
    Start line: 0
Function #223
    Name: 289
    System name: 0
    Filename: 288
    Start line: 0
Function #224
    Name: 290
    System name: 0
    Filename: 288
    Start line: 0
Function #225
    Name: 291
    System name: 0
    Filename: 292
    Start line: 0
Function #226
    Name: 293
    System name: 0
    Filename: 292
    Start line: 0
Function #227
    Name: 294
    System name: 0
    Filename: 295
    Start line: 0
Function #228
    Name: 296
    System name: 0
    Filename: 218
    Start line: 0
Function #229
    Name: 297
    System name: 0
    Filename: 218
    Start line: 0
Function #230
    Name: 298
    System name: 0
    Filename: 299
    Start line: 0
Function #231
    Name: 300
    System name: 0
    Filename: 227
    Start line: 0
Function #232
    Name: 301
    System name: 0
    Filename: 299
    Start line: 0
Function #233
    Name: 302
    System name: 0
    Filename: 218
    Start line: 0
Function #234
    Name: 300
    System name: 0
    Filename: 218
    Start line: 0
Function #235
    Name: 303
    System name: 0
    Filename: 215
    Start line: 0
Function #236
    Name: 195
    System name: 0
    Filename: 304
    Start line: 0
Function #237
    Name: 305
    System name: 0
    Filename: 218
    Start line: 0
Function #238
    Name: 195
    System name: 0
    Filename: 306
    Start line: 0
Function #239
    Name: 307
    System name: 0
    Filename: 0
    Start line: 0
Function #240
    Name: 308
    System name: 0
    Filename: 309
    Start line: 0
Function #241
    Name: 310
    System name: 0
    Filename: 309
    Start line: 0
Function #242
    Name: 311
    System name: 0
    Filename: 312
    Start line: 0
Function #243
    Name: 313
    System name: 0
    Filename: 312
    Start line: 0
Function #244
    Name: 314
    System name: 0
    Filename: 188
    Start line: 0
Function #245
    Name: 315
    System name: 0
    Filename: 205
    Start line: 0
Function #246
    Name: 300
    System name: 0
    Filename: 205
    Start line: 0
Function #247
    Name: 316
    System name: 0
    Filename: 317
    Start line: 0
Function #248
    Name: 318
    System name: 0
    Filename: 317
    Start line: 0
Function #249
    Name: 319
    System name: 0
    Filename: 317
    Start line: 0
Function #250
    Name: 320
    System name: 0
    Filename: 317
    Start line: 0
Function #251
    Name: 321
    System name: 0
    Filename: 317
    Start line: 0
Function #252
    Name: 322
    System name: 0
    Filename: 317
    Start line: 0
Function #253
    Name: 323
    System name: 0
    Filename: 210
    Start line: 0
Function #254
    Name: 324
    System name: 0
    Filename: 210
    Start line: 0
Attribute table:
     -> Key: Int(9)
     -> Value: Str(1236981)
     -> unit: Int(0)
Link table:
     -> Trace ID: Str()
     -> Span ID: Str()
String table:
    
    cpu
    nanoseconds
    samples
    count
    codex
    process.executable.build_id.htlhash
    profile.frame.type
    thread.name
    thread.id
    cpu.logical_number
    vmlinux
    process.executable.build_id.gnu
    should_flush_tlb
    smp_call_function_many_cond
    on_each_cpu_cond_mask
    native_flush_tlb_multi
    flush_tlb_mm_range
    ptep_clear_flush
    wp_page_copy
    do_wp_page
    handle_pte_fault
    __handle_mm_fault
    handle_mm_fault
    do_user_addr_fault
    exc_page_fault
    asm_exc_page_fault
    _copy_to_iter
    copy_page_to_iter
    filemap_read
    generic_file_read_iter
    ext4_file_read_iter
    vfs_read
    __x64_sys_pread64
    x64_sys_call
    do_syscall_64
    entry_SYSCALL_64_after_hwframe
    lockref_get
    do_dentry_open
    vfs_open
    do_open
    path_openat
    do_filp_open
    do_sys_openat2
    __x64_sys_open
    mas_wr_node_store
    mas_wr_store_entry
    mas_store_prealloc
    vma_complete
    __split_vma
    vms_gather_munmap_vmas
    do_vmi_align_munmap
    do_vmi_munmap
    __vm_munmap
    __x64_sys_munmap
    __check_heap_object
    check_heap_object
    __check_object_size.part.0
    __check_object_size
    strncpy_from_user
    getname_flags.part.0
    getname_flags
    do_readlinkat
    __x64_sys_readlink
    otelcol-ebpf-profiler
    process.executable.build_id.go
    go.opentelemetry.io/ebpf-profiler/nativeunwind/elfunwindinfo.(*vmRegs).getUnwindInfo
    /tmp/opentelemetry-ebpf-profiler/nativeunwind/elfunwindinfo/elfehframe.go
    go.opentelemetry.io/ebpf-profiler/nativeunwind/elfunwindinfo.(*elfExtractor).parseFDE
    go.opentelemetry.io/ebpf-profiler/nativeunwind/elfunwindinfo.(*elfExtractor).walkBinSearchTable
    go.opentelemetry.io/ebpf-profiler/nativeunwind/elfunwindinfo.(*elfExtractor).parseEHFrame
    go.opentelemetry.io/ebpf-profiler/nativeunwind/elfunwindinfo.extractFile
    /tmp/opentelemetry-ebpf-profiler/nativeunwind/elfunwindinfo/stackdeltaextraction.go
    go.opentelemetry.io/ebpf-profiler/nativeunwind/elfunwindinfo.ExtractELF
    go.opentelemetry.io/ebpf-profiler/nativeunwind/elfunwindinfo.(*ELFStackDeltaProvider).GetIntervalStructuresForFile
    /tmp/opentelemetry-ebpf-profiler/nativeunwind/elfunwindinfo/stackdeltaprovider.go
    go.opentelemetry.io/ebpf-profiler/processmanager/execinfomanager.(*ExecutableInfoManager).AddOrIncRef
    /tmp/opentelemetry-ebpf-profiler/processmanager/execinfomanager/manager.go
    go.opentelemetry.io/ebpf-profiler/processmanager.(*ProcessManager).newFrameMapping
    /tmp/opentelemetry-ebpf-profiler/processmanager/processinfo.go
    go.opentelemetry.io/ebpf-profiler/processmanager.(*ProcessManager).SynchronizeProcess.func1
    go.opentelemetry.io/ebpf-profiler/process.(*systemProcess).IterateMappings.func1
    /tmp/opentelemetry-ebpf-profiler/process/process.go
    go.opentelemetry.io/ebpf-profiler/process.iterateMappings
    go.opentelemetry.io/ebpf-profiler/process.(*systemProcess).IterateMappings
    go.opentelemetry.io/ebpf-profiler/processmanager.(*ProcessManager).SynchronizeProcess
    go.opentelemetry.io/ebpf-profiler/tracer.(*Tracer).processPIDEvents
    /tmp/opentelemetry-ebpf-profiler/tracer/events.go
    go.opentelemetry.io/ebpf-profiler/tracer.(*Tracer).StartPIDEventProcessor.gowrap1
    runtime.goexit
    /home/yunwei37/go/pkg/mod/golang.org/toolchain@v0.0.1-go1.25.0.linux-amd64/src/runtime/asm_amd64.s
    sync.(*Pool).pin
    /home/yunwei37/go/pkg/mod/golang.org/toolchain@v0.0.1-go1.25.0.linux-amd64/src/sync/pool.go
    sync.(*Pool).Get
    go.opentelemetry.io/ebpf-profiler/processmanager/ebpf.getPIDPagePooled
    /tmp/opentelemetry-ebpf-profiler/processmanager/ebpf/ebpf.go
    go.opentelemetry.io/ebpf-profiler/processmanager/ebpf.(*ebpfMapsImpl).UpdatePidPageMappingInfo
    go.opentelemetry.io/ebpf-profiler/processmanager.(*ProcessManager).getPidInformation
    _raw_spin_unlock_irq
    set_current_blocked
    __x64_sys_rt_sigreturn
    runtime.sigreturn__sigaction
    /home/yunwei37/go/pkg/mod/golang.org/toolchain@v0.0.1-go1.25.0.linux-amd64/src/runtime/sys_linux_amd64.s
    runtime.scanobject
    /home/yunwei37/go/pkg/mod/golang.org/toolchain@v0.0.1-go1.25.0.linux-amd64/src/runtime/mgcmark.go
    runtime.gcDrain
    runtime.gcBgMarkWorker.func2
    /home/yunwei37/go/pkg/mod/golang.org/toolchain@v0.0.1-go1.25.0.linux-amd64/src/runtime/mgc.go
    runtime.systemstack
    runtime.gcBgMarkWorker
    runtime.gcBgMarkStartWorkers.gowrap1
    runtime.typePointers.next
    /home/yunwei37/go/pkg/mod/golang.org/toolchain@v0.0.1-go1.25.0.linux-amd64/src/runtime/mbitmap.go
    go.opentelemetry.io/ebpf-profiler/stringutil.FieldsN
    /tmp/opentelemetry-ebpf-profiler/stringutil/stringutil.go
    fmt.(*fmt).fmtInteger
    /home/yunwei37/go/pkg/mod/golang.org/toolchain@v0.0.1-go1.25.0.linux-amd64/src/fmt/format.go
    fmt.(*pp).printValue
    /home/yunwei37/go/pkg/mod/golang.org/toolchain@v0.0.1-go1.25.0.linux-amd64/src/fmt/print.go
    fmt.(*pp).printArg
    fmt.(*pp).doPrintf
    fmt.Sprintf
    go.opentelemetry.io/ebpf-profiler/process.(*systemProcess).GetExe
    /home/yunwei37/go/pkg/mod/golang.org/toolchain@v0.0.1-go1.25.0.linux-amd64/src/os/file.go
    schedule
    futex_wait_queue
    __futex_wait
    futex_wait
    do_futex
    __x64_sys_futex
    runtime.futex
    runtime.futexsleep
    /home/yunwei37/go/pkg/mod/golang.org/toolchain@v0.0.1-go1.25.0.linux-amd64/src/runtime/os_linux.go
    runtime.notetsleep_internal
    /home/yunwei37/go/pkg/mod/golang.org/toolchain@v0.0.1-go1.25.0.linux-amd64/src/runtime/lock_futex.go
    runtime.notetsleep
    runtime.sysmon
    /home/yunwei37/go/pkg/mod/golang.org/toolchain@v0.0.1-go1.25.0.linux-amd64/src/runtime/proc.go
    runtime.mstart1
    runtime.mstart0
    runtime.mstart
    internal/poll.(*pollDesc).init
    /home/yunwei37/go/pkg/mod/golang.org/toolchain@v0.0.1-go1.25.0.linux-amd64/src/internal/poll/fd_poll_runtime.go
    internal/poll.(*FD).Init
    /home/yunwei37/go/pkg/mod/golang.org/toolchain@v0.0.1-go1.25.0.linux-amd64/src/internal/poll/fd_unix.go
    os.newFile
    /home/yunwei37/go/pkg/mod/golang.org/toolchain@v0.0.1-go1.25.0.linux-amd64/src/os/file_unix.go
    os.openFileNolog
    os.OpenFile
    os.ReadFile
    go.opentelemetry.io/ebpf-profiler/process.(*systemProcess).GetProcessMeta
    clear_page_erms
    get_page_from_freelist
    __alloc_frozen_pages_noprof
    alloc_pages_mpol
    vma_alloc_folio_noprof
    alloc_anon_folio
    do_anonymous_page
    runtime.memmove
    /home/yunwei37/go/pkg/mod/golang.org/toolchain@v0.0.1-go1.25.0.linux-amd64/src/runtime/memmove_amd64.s
    runtime.growslice
    /home/yunwei37/go/pkg/mod/golang.org/toolchain@v0.0.1-go1.25.0.linux-amd64/src/runtime/slice.go
    go.opentelemetry.io/ebpf-profiler/nativeunwind/stackdeltatypes.(*StackDeltaArray).AddEx
    /tmp/opentelemetry-ebpf-profiler/nativeunwind/stackdeltatypes/stackdeltatypes.go
    aeshashbody
    runtime.memhash_varlen
    /home/yunwei37/go/pkg/mod/golang.org/toolchain@v0.0.1-go1.25.0.linux-amd64/src/runtime/alg.go
    runtime.mapaccess2
    /home/yunwei37/go/pkg/mod/golang.org/toolchain@v0.0.1-go1.25.0.linux-amd64/src/internal/runtime/maps/runtime_swiss.go
    go.opentelemetry.io/ebpf-profiler/processmanager/execinfomanager.(*executableInfoManagerState).getUnwindInfoIndex
    go.opentelemetry.io/ebpf-profiler/processmanager/execinfomanager.(*executableInfoManagerState).loadDeltas
    strconv.ParseUint
    /home/yunwei37/go/pkg/mod/golang.org/toolchain@v0.0.1-go1.25.0.linux-amd64/src/strconv/atoi.go
    established_get_first
    established_get_next
    tcp_seq_next
    seq_read_iter
    seq_read
    proc_reg_read
    ksys_read
    __x64_sys_read
    libc.so.6
    agentsight
    realpathSync
    node:fs
    safeRealpathSync
    file:///home/fishclaw/.nvm/versions/node/v22.22.0/lib/node_modules/openclaw/dist/path-BlG8lhgR.js
    checkSourceEscapesRoot
    file:///home/fishclaw/.nvm/versions/node/v22.22.0/lib/node_modules/openclaw/dist/discovery-BUQqFET8.js
    findCandidateBlockIssue
    isUnsafePluginCandidate
    addCandidate
    discoverInDirectory
    tracePluginLifecyclePhase.scope
    tracePluginLifecyclePhase
    <anonymous>
    listChannelCatalogEntries
    file:///home/fishclaw/.nvm/versions/node/v22.22.0/lib/node_modules/openclaw/dist/channel-catalog-registry-CoMZ7aLc.js
    listBundledChannelIdsForRoot
    file:///home/fishclaw/.nvm/versions/node/v22.22.0/lib/node_modules/openclaw/dist/bootstrap-registry-BBZtC4Up.js
    listBundledChannelIds
    listPotentialConfiguredChannelPresenceSignals
    file:///home/fishclaw/.nvm/versions/node/v22.22.0/lib/node_modules/openclaw/dist/channel-env-var-names-BB2Lxcdw.js
    listPotentialConfiguredChannelIds
    listPotentialEnabledChannelIds
    file:///home/fishclaw/.nvm/versions/node/v22.22.0/lib/node_modules/openclaw/dist/gateway-startup-plugin-ids-mVzqhEQT.js
    collectConfiguredStartupChannelIds
    collectConfigValidationChannelIds
    createConfigValidationMetadataPluginIdScope
    loadValidationPluginMetadataSnapshot
    file:///home/fishclaw/.nvm/versions/node/v22.22.0/lib/node_modules/openclaw/dist/io-fQmSDfK-.js
    validateConfigObjectWithPlugins
    node
    V8::StubFrame
    ModuleJobSync
    node:internal/modules/esm/module_job
    V8::UnknownFrame
    getModuleJobForRequire
    node:internal/modules/esm/loader
    importSyncForRequire
    loadESMFromCJS
    node:internal/modules/cjs/loader
    traceSync
    node:diagnostics_channel
    wrapModuleLoad
    require
    node:internal/modules/helpers
    file:///home/fishclaw/.nvm/versions/node/v22.22.0/lib/node_modules/openclaw/dist/plugin-module-loader-cache-lz0qhu-X.js
    withNativeRequireAliases
    requireWithOptionalAliases
    tryNativeRequireJavaScriptModule
    loadCachedTarget
    loadPublicSurfaceModule
    file:///home/fishclaw/.nvm/versions/node/v22.22.0/lib/node_modules/openclaw/dist/public-surface-loader-CqBVRQ-t.js
    loadBundledPluginPublicArtifactModuleSync
    loadBundledChannelDoctorContractApi
    file:///home/fishclaw/.nvm/versions/node/v22.22.0/lib/node_modules/openclaw/dist/legacy-config-migrations-DGNBoJQP.js
    collectChannelLegacyConfigRules
    file:///home/fishclaw/.nvm/versions/node/v22.22.0/lib/node_modules/openclaw/dist/legacy-config-issues-S00NaeKY.js
    findDoctorLegacyConfigIssues
    collectInvalidConfigLegacyIssues
    V8::EntryFrame
    V8::ExitFrame
    V8::ConstructFrame
    literal
    file:///home/fishclaw/.nvm/versions/node/v22.22.0/lib/node_modules/openclaw/dist/schemas-6cH6bZ7o.js
    file:///home/fishclaw/.nvm/versions/node/v22.22.0/lib/node_modules/openclaw/dist/zod-schema.core-DAimf26A.js
    V8::InternalFrame
    run
    __call_rcu_common
    call_rcu
    mas_store_gfp
    __kmem_cache_alloc_bulk
    kmem_cache_alloc_bulk_noprof
    mas_alloc_nodes
    mas_node_count_gfp
    mas_preallocate
    commit_merge
    vma_merge_existing_range
    vma_modify
    vma_modify_flags
    mprotect_fixup
    do_mprotect_pkey
    __x64_sys_mprotect
    /home/fishclaw/.nvm/versions/node/v22.22.0/lib/node_modules/openclaw/node_modules/undici/lib/llhttp/constants.js
    /home/fishclaw/.nvm/versions/node/v22.22.0/lib/node_modules/openclaw/node_modules/undici/lib/dispatcher/client-h1.js
    /home/fishclaw/.nvm/versions/node/v22.22.0/lib/node_modules/openclaw/node_modules/undici/lib/dispatcher/client.js
    /home/fishclaw/.nvm/versions/node/v22.22.0/lib/node_modules/openclaw/node_modules/undici/index.js
    cjsLoader
    node:internal/modules/esm/translators
    V8::BuiltinExitFrame
    compileSourceTextModule
    node:internal/modules/esm/utils
    moduleStrategy
    #translate
    loadAndTranslate
    #createModuleJob
    #getJobFromResolveResult
    getModuleJobForImport
    tryCreateBuffer
    readFileSync
    getSourceSync
    node:internal/modules/esm/load
    defaultLoad
    load
    processTicksAndRejections
    node:internal/process/task_queues
    get exports
    node:internal/modules/package_json_reader
    deserializePackageJSON
    getPackageScopeConfig
    getFileProtocolModuleFormat
    node:internal/modules/esm/get_format
    defaultGetFormatWithoutErrors
    defaultResolve
    node:internal/modules/esm/resolve
    #cachedDefaultResolve
    #resolveAndMaybeBlockOnLoaderThread
    nextStep
    node:internal/modules/customization_hooks
    resolve
    resolveWithHooks
    resolveSync
    _link
    <unknown>
    afterLoad
    node:internal/per_context/primordials
    pte_offset_map_rw_nolock
    getResult
    file:///home/fishclaw/.nvm/versions/node/v22.22.0/lib/node_modules/openclaw/dist/plugin-cache-primitives-BaxqicKH.js
    get
    getCachedPluginManifestLoadResult
    file:///home/fishclaw/.nvm/versions/node/v22.22.0/lib/node_modules/openclaw/dist/manifest-RdUa_bOI.js
    loadPluginManifest
    resolveCandidateManifest
    resolveConfigValidationMetadataPluginIds
    resolvePluginMetadataSnapshotPluginIds
    file:///home/fishclaw/.nvm/versions/node/v22.22.0/lib/node_modules/openclaw/dist/plugin-metadata-snapshot-DXKcDDxT.js
    loadPluginMetadataSnapshotImpl
    measureDiagnosticsTimelineSpanSync.phase
    measureDiagnosticsTimelineSpanSync
    loadPluginMetadataSnapshot
    resolvePluginMetadataSnapshot
    measure
    readConfigFileSnapshotInternal
ResourceProfiles #0
Resource SchemaURL: https://opentelemetry.io/schemas/1.37.0
Resource attributes:
     -> process.pid: Int(6917)
     -> process.executable.path: Str(/home/yunwei37/.nvm/versions/node/v22.22.0/lib/node_modules/@openai/codex/node_modules/@openai/codex-linux-x64/vendor/x86_64-unknown-linux-musl/bin/codex)
     -> process.executable.name: Str(codex)
ScopeProfiles #0
ScopeProfiles SchemaURL: https://opentelemetry.io/schemas/1.37.0
InstrumentationScope go.opentelemetry.io/ebpf-profiler v0.0.0
Profile #0
    Profile ID     : 
    Start time     : 2026-06-21 20:49:35.417775804 +0000 UTC
    DurationNano   : 5001005371
    Dropped attributes count: 0
    Sample #0
        Values: []
        Attributes:
             -> thread.name: sqlx-sqlite-wor
             -> thread.id: %!s(int64=1234982)
             -> cpu.logical_number: %!s(int64=23)
    Sample #1
        Values: []
        Attributes:
             -> thread.name: sqlx-sqlite-wor
             -> thread.id: %!s(int64=1217380)
             -> cpu.logical_number: %!s(int64=4)
    Sample #2
        Values: []
        Attributes:
             -> thread.name: sqlx-sqlite-wor
             -> thread.id: %!s(int64=1234982)
             -> cpu.logical_number: %!s(int64=22)
    Sample #3
        Values: []
        Attributes:
             -> thread.name: sqlx-sqlite-wor
             -> thread.id: %!s(int64=1217380)
             -> cpu.logical_number: %!s(int64=4)
    Sample #4
        Values: []
        Attributes:
             -> thread.name: sqlx-sqlite-wor
             -> thread.id: %!s(int64=1234982)
             -> cpu.logical_number: %!s(int64=18)
    Sample #5
        Values: []
        Attributes:
             -> thread.name: tokio-rt-worker
             -> thread.id: %!s(int64=1229556)
             -> cpu.logical_number: %!s(int64=3)
    Sample #6
        Values: []
        Attributes:
             -> thread.name: sqlx-sqlite-wor
             -> thread.id: %!s(int64=1217380)
             -> cpu.logical_number: %!s(int64=4)
    Sample #7
        Values: []
        Attributes:
             -> thread.name: tokio-rt-worker
             -> thread.id: %!s(int64=6931)
             -> cpu.logical_number: %!s(int64=11)
    Sample #8
        Values: []
        Attributes:
             -> thread.name: tokio-rt-worker
             -> thread.id: %!s(int64=6936)
             -> cpu.logical_number: %!s(int64=13)
    Sample #9
        Values: []
        Attributes:
             -> thread.name: sqlx-sqlite-wor
             -> thread.id: %!s(int64=1234982)
             -> cpu.logical_number: %!s(int64=18)
    Sample #10
        Values: []
        Attributes:
             -> thread.name: tokio-rt-worker
             -> thread.id: %!s(int64=6941)
             -> cpu.logical_number: %!s(int64=19)
    Sample #11
        Values: []
        Attributes:
             -> thread.name: tokio-rt-worker
             -> thread.id: %!s(int64=6931)
             -> cpu.logical_number: %!s(int64=21)
    Sample #12
        Values: []
        Attributes:
             -> thread.name: tokio-rt-worker
             -> thread.id: %!s(int64=6937)
             -> cpu.logical_number: %!s(int64=17)
    Sample #13
        Values: []
        Attributes:
             -> thread.name: tokio-rt-worker
             -> thread.id: %!s(int64=1230268)
             -> cpu.logical_number: %!s(int64=21)
ResourceProfiles #1
Resource SchemaURL: https://opentelemetry.io/schemas/1.37.0
Resource attributes:
     -> process.pid: Int(1236734)
     -> process.executable.path: Str(/tmp/opentelemetry-ebpf-profiler/otelcol-ebpf-profiler)
     -> process.executable.name: Str(otelcol-ebpf-profiler)
ScopeProfiles #0
ScopeProfiles SchemaURL: https://opentelemetry.io/schemas/1.37.0
InstrumentationScope go.opentelemetry.io/ebpf-profiler v0.0.0
Profile #0
    Profile ID     : 
    Start time     : 2026-06-21 20:49:35.417775804 +0000 UTC
    DurationNano   : 5001005371
    Dropped attributes count: 0
    Sample #0
        Values: []
        Attributes:
             -> thread.name: otelcol-ebpf-pr
             -> thread.id: %!s(int64=1236736)
             -> cpu.logical_number: %!s(int64=15)
    Sample #1
        Values: []
        Attributes:
             -> thread.name: otelcol-ebpf-pr
             -> thread.id: %!s(int64=1236887)
             -> cpu.logical_number: %!s(int64=20)
    Sample #2
        Values: []
        Attributes:
             -> thread.name: otelcol-ebpf-pr
             -> thread.id: %!s(int64=1236736)
             -> cpu.logical_number: %!s(int64=15)
    Sample #3
        Values: []
        Attributes:
             -> thread.name: otelcol-ebpf-pr
             -> thread.id: %!s(int64=1236890)
             -> cpu.logical_number: %!s(int64=18)
    Sample #4
        Values: []
        Attributes:
             -> thread.name: otelcol-ebpf-pr
             -> thread.id: %!s(int64=1236887)
             -> cpu.logical_number: %!s(int64=20)
    Sample #5
        Values: []
        Attributes:
             -> thread.name: otelcol-ebpf-pr
             -> thread.id: %!s(int64=1236886)
             -> cpu.logical_number: %!s(int64=16)
    Sample #6
        Values: []
        Attributes:
             -> thread.name: otelcol-ebpf-pr
             -> thread.id: %!s(int64=1236735)
             -> cpu.logical_number: %!s(int64=2)
    Sample #7
        Values: []
        Attributes:
             -> thread.name: otelcol-ebpf-pr
             -> thread.id: %!s(int64=1236887)
             -> cpu.logical_number: %!s(int64=20)
    Sample #8
        Values: []
        Attributes:
             -> thread.name: otelcol-ebpf-pr
             -> thread.id: %!s(int64=1236886)
             -> cpu.logical_number: %!s(int64=16)
    Sample #9
        Values: []
        Attributes:
             -> thread.name: otelcol-ebpf-pr
             -> thread.id: %!s(int64=1236887)
             -> cpu.logical_number: %!s(int64=20)
    Sample #10
        Values: []
        Attributes:
             -> thread.name: otelcol-ebpf-pr
             -> thread.id: %!s(int64=1236892)
             -> cpu.logical_number: %!s(int64=1)
    Sample #11
        Values: []
        Attributes:
             -> thread.name: otelcol-ebpf-pr
             -> thread.id: %!s(int64=1236887)
             -> cpu.logical_number: %!s(int64=20)
ResourceProfiles #2
Resource SchemaURL: https://opentelemetry.io/schemas/1.37.0
Resource attributes:
     -> process.pid: Int(2711)
     -> process.executable.path: Str(/home/yunwei37/.cargo/bin/agentsight)
     -> process.executable.name: Str(agentsight)
ScopeProfiles #0
ScopeProfiles SchemaURL: https://opentelemetry.io/schemas/1.37.0
InstrumentationScope go.opentelemetry.io/ebpf-profiler v0.0.0
Profile #0
    Profile ID     : 
    Start time     : 2026-06-21 20:49:35.417775804 +0000 UTC
    DurationNano   : 5001005371
    Dropped attributes count: 0
    Sample #0
        Values: []
        Attributes:
             -> thread.name: agentsight
             -> thread.id: %!s(int64=2711)
             -> cpu.logical_number: %!s(int64=0)
    Sample #1
        Values: []
        Attributes:
             -> thread.name: agentsight
             -> thread.id: %!s(int64=2711)
             -> cpu.logical_number: %!s(int64=0)
    Sample #2
        Values: []
        Attributes:
             -> thread.name: agentsight
             -> thread.id: %!s(int64=2711)
             -> cpu.logical_number: %!s(int64=0)
    Sample #3
        Values: []
        Attributes:
             -> thread.name: agentsight
             -> thread.id: %!s(int64=2711)
             -> cpu.logical_number: %!s(int64=0)
    Sample #4
        Values: []
        Attributes:
             -> thread.name: agentsight
             -> thread.id: %!s(int64=2711)
             -> cpu.logical_number: %!s(int64=0)
    Sample #5
        Values: []
        Attributes:
             -> thread.name: agentsight
             -> thread.id: %!s(int64=2711)
             -> cpu.logical_number: %!s(int64=0)
    Sample #6
        Values: []
        Attributes:
             -> thread.name: agentsight
             -> thread.id: %!s(int64=2711)
             -> cpu.logical_number: %!s(int64=0)
    Sample #7
        Values: []
        Attributes:
             -> thread.name: agentsight
             -> thread.id: %!s(int64=2711)
             -> cpu.logical_number: %!s(int64=0)
    Sample #8
        Values: []
        Attributes:
             -> thread.name: agentsight
             -> thread.id: %!s(int64=2711)
             -> cpu.logical_number: %!s(int64=0)
ResourceProfiles #3
Resource SchemaURL: https://opentelemetry.io/schemas/1.37.0
Resource attributes:
     -> process.pid: Int(1236979)
     -> process.executable.path: Str(/home/fishclaw/.nvm/versions/node/v22.22.0/bin/node)
     -> process.executable.name: Str(node)
ScopeProfiles #0
ScopeProfiles SchemaURL: https://opentelemetry.io/schemas/1.37.0
InstrumentationScope go.opentelemetry.io/ebpf-profiler v0.0.0
Profile #0
    Profile ID     : 
    Start time     : 2026-06-21 20:49:35.417775804 +0000 UTC
    DurationNano   : 5001005371
    Dropped attributes count: 0
    Sample #0
        Values: []
        Attributes:
             -> thread.name: node
             -> thread.id: %!s(int64=1236979)
             -> cpu.logical_number: %!s(int64=7)
    Sample #1
        Values: []
        Attributes:
             -> thread.name: node
             -> thread.id: %!s(int64=1236984)
             -> cpu.logical_number: %!s(int64=18)
    Sample #2
        Values: []
        Attributes:
             -> thread.name: node
             -> thread.id: %!s(int64=1236979)
             -> cpu.logical_number: %!s(int64=7)
    Sample #3
        Values: []
        Attributes:
             -> thread.name: node
             -> thread.id: %!s(int64=1236979)
             -> cpu.logical_number: %!s(int64=7)
    Sample #4
        Values: []
        Attributes:
             -> thread.name: node
             -> thread.id: %!s(int64=1236979)
             -> cpu.logical_number: %!s(int64=7)
    Sample #5
        Values: []
        Attributes:
             -> thread.name: node
             -> thread.id: %!s(int64=1236982)
             -> cpu.logical_number: %!s(int64=19)
    Sample #6
        Values: []
        Attributes:
             -> thread.name: node
             -> thread.id: %!s(int64=1236984)
             -> cpu.logical_number: %!s(int64=18)
    Sample #7
        Values: []
        Attributes:
             -> thread.name: node
             -> thread.id: %!s(int64=1236982)
             -> cpu.logical_number: %!s(int64=18)
    Sample #8
        Values: []
        Attributes:
             -> thread.name: node
             -> thread.id: %!s(int64=1236979)
             -> cpu.logical_number: %!s(int64=7)
    Sample #9
        Values: []
        Attributes:
             -> thread.name: node
             -> thread.id: %!s(int64=1236979)
             -> cpu.logical_number: %!s(int64=7)
    Sample #10
        Values: []
        Attributes:
             -> thread.name: node
             -> thread.id: %!s(int64=1236979)
             -> cpu.logical_number: %!s(int64=7)
    Sample #11
        Values: []
        Attributes:
             -> thread.name: node
             -> thread.id: %!s(int64=1236979)
             -> cpu.logical_number: %!s(int64=7)
    Sample #12
        Values: []
        Attributes:
             -> thread.name: node
             -> thread.id: %!s(int64=1236982)
             -> cpu.logical_number: %!s(int64=19)
    Sample #13
        Values: []
        Attributes:
             -> thread.name: node
             -> thread.id: %!s(int64=1236979)
             -> cpu.logical_number: %!s(int64=7)
    Sample #14
        Values: []
        Attributes:
             -> thread.name: node
             -> thread.id: %!s(int64=1236983)
             -> cpu.logical_number: %!s(int64=10)
    Sample #15
        Values: []
        Attributes:
             -> thread.name: node
             -> thread.id: %!s(int64=1236979)
             -> cpu.logical_number: %!s(int64=7)
    Sample #16
        Values: []
        Attributes:
             -> thread.name: node
             -> thread.id: %!s(int64=1236979)
             -> cpu.logical_number: %!s(int64=7)
    Sample #17
        Values: []
        Attributes:
             -> thread.name: node
             -> thread.id: %!s(int64=1236979)
             -> cpu.logical_number: %!s(int64=7)
    Sample #18
        Values: []
        Attributes:
             -> thread.name: node
             -> thread.id: %!s(int64=1236979)
             -> cpu.logical_number: %!s(int64=7)
    Sample #19
        Values: []
        Attributes:
             -> thread.name: node
             -> thread.id: %!s(int64=1236979)
             -> cpu.logical_number: %!s(int64=7)
    Sample #20
        Values: []
        Attributes:
             -> thread.name: node
             -> thread.id: %!s(int64=1236979)
             -> cpu.logical_number: %!s(int64=7)
    Sample #21
        Values: []
        Attributes:
             -> thread.name: node
             -> thread.id: %!s(int64=1236984)
             -> cpu.logical_number: %!s(int64=18)
    Sample #22
        Values: []
        Attributes:
             -> thread.name: node
             -> thread.id: %!s(int64=1236979)
             -> cpu.logical_number: %!s(int64=7)
    Sample #23
        Values: []
        Attributes:
             -> thread.name: node
             -> thread.id: %!s(int64=1236983)
             -> cpu.logical_number: %!s(int64=11)
    Sample #24
        Values: []
        Attributes:
             -> thread.name: node
             -> thread.id: %!s(int64=1236982)
             -> cpu.logical_number: %!s(int64=19)
    Sample #25
        Values: []
        Attributes:
             -> thread.name: node
             -> thread.id: %!s(int64=1236981)
             -> cpu.logical_number: %!s(int64=23)
    Sample #26
        Values: []
        Attributes:
             -> thread.name: node
             -> thread.id: %!s(int64=1236979)
             -> cpu.logical_number: %!s(int64=7)
    Sample #27
        Values: []
        Attributes:
             -> thread.name: node
             -> thread.id: %!s(int64=1236979)
             -> cpu.logical_number: %!s(int64=7)
    Sample #28
        Values: []
        Attributes:
             -> thread.name: node
             -> thread.id: %!s(int64=1236984)
             -> cpu.logical_number: %!s(int64=18)
	{"resource": {"service.instance.id": "927be0d7-556d-4562-a7ab-4d96f79cbbb1", "service.name": "otelcol-ebpf-profiler", "service.version": "dev"}, "otelcol.component.id": "debug", "otelcol.component.kind": "exporter", "otelcol.signal": "profiles"}
2026-06-21T13:49:45.421-0700	info	Profiles	{"resource": {"service.instance.id": "927be0d7-556d-4562-a7ab-4d96f79cbbb1", "service.name": "otelcol-ebpf-profiler", "service.version": "dev"}, "otelcol.component.id": "debug", "otelcol.component.kind": "exporter", "otelcol.signal": "profiles", "resource profiles": 6, "sample records": 51}
2026-06-21T13:49:45.421-0700	info	Mapping #0
    Memory start: 0
    Memory limit: 0
    File offset: 0
    File name: 0
    Attributes: []
Mapping #1
    Memory start: 14893056
    Memory limit: 53129216
    File offset: 10698752
    File name: 5
    Attributes: [1 2]
Mapping #2
    Memory start: 163840
    Memory limit: 1769472
    File offset: 163840
    File name: 24
    Attributes: [5]
Mapping #3
    Memory start: 0
    Memory limit: 0
    File offset: 0
    File name: 28
    Attributes: [9 10]
Mapping #4
    Memory start: 7925760
    Memory limit: 214024192
    File offset: 7925760
    File name: 58
    Attributes: [14]
Mapping #5
    Memory start: 0
    Memory limit: 0
    File offset: 0
    File name: 85
    Attributes: [37 38]
Mapping #6
    Memory start: 4194304
    Memory limit: 19996672
    File offset: 0
    File name: 114
    Attributes: [43 44]
Mapping #7
    Memory start: 0
    Memory limit: 0
    File offset: 0
    File name: 220
    Attributes: [56 57]
Mapping #8
    Memory start: 0
    Memory limit: 0
    File offset: 0
    File name: 242
    Attributes: [58 59]
Mapping #9
    Memory start: 14532608
    Memory limit: 21663744
    File offset: 14528512
    File name: 328
    Attributes: [64 65]
Location #0
    Mapping index: 0
    Address: 0
    Attributes: []
Location #1
    Mapping index: 1
    Address: 19182190
    Attributes: [3]
Location #2
    Mapping index: 1
    Address: 24738933
    Attributes: [3]
Location #3
    Mapping index: 1
    Address: 24739856
    Attributes: [3]
Location #4
    Mapping index: 1
    Address: 24666655
    Attributes: [3]
Location #5
    Mapping index: 1
    Address: 24669444
    Attributes: [3]
Location #6
    Mapping index: 1
    Address: 24750349
    Attributes: [3]
Location #7
    Mapping index: 1
    Address: 24751956
    Attributes: [3]
Location #8
    Mapping index: 1
    Address: 24761819
    Attributes: [3]
Location #9
    Mapping index: 1
    Address: 24764184
    Attributes: [3]
Location #10
    Mapping index: 1
    Address: 24765638
    Attributes: [3]
Location #11
    Mapping index: 1
    Address: 24787094
    Attributes: [3]
Location #12
    Mapping index: 1
    Address: 19705047
    Attributes: [3]
Location #13
    Mapping index: 1
    Address: 19706189
    Attributes: [3]
Location #14
    Mapping index: 1
    Address: 19706926
    Attributes: [3]
Location #15
    Mapping index: 1
    Address: 19711212
    Attributes: [3]
Location #16
    Mapping index: 1
    Address: 18997854
    Attributes: [3]
Location #17
    Mapping index: 1
    Address: 18999310
    Attributes: [3]
Location #18
    Mapping index: 1
    Address: 15962226
    Attributes: [3]
Location #19
    Mapping index: 1
    Address: 15978729
    Attributes: [3]
Location #20
    Mapping index: 1
    Address: 19316633
    Attributes: [3]
Location #21
    Mapping index: 1
    Address: 19317481
    Attributes: [3]
Location #22
    Mapping index: 0
    Address: 0
    Line #0
        Function index: 1
        Line: 0
        Column: 0
    Attributes: [4]
Location #23
    Mapping index: 0
    Address: 0
    Line #0
        Function index: 2
        Line: 0
        Column: 0
    Attributes: [4]
Location #24
    Mapping index: 0
    Address: 0
    Line #0
        Function index: 3
        Line: 0
        Column: 0
    Attributes: [4]
Location #25
    Mapping index: 0
    Address: 0
    Line #0
        Function index: 4
        Line: 0
        Column: 0
    Attributes: [4]
Location #26
    Mapping index: 0
    Address: 0
    Line #0
        Function index: 5
        Line: 0
        Column: 0
    Attributes: [4]
Location #27
    Mapping index: 0
    Address: 0
    Line #0
        Function index: 6
        Line: 0
        Column: 0
    Attributes: [4]
Location #28
    Mapping index: 0
    Address: 0
    Line #0
        Function index: 7
        Line: 0
        Column: 0
    Attributes: [4]
Location #29
    Mapping index: 0
    Address: 0
    Line #0
        Function index: 8
        Line: 0
        Column: 0
    Attributes: [4]
Location #30
    Mapping index: 0
    Address: 0
    Line #0
        Function index: 9
        Line: 0
        Column: 0
    Attributes: [4]
Location #31
    Mapping index: 0
    Address: 0
    Line #0
        Function index: 10
        Line: 0
        Column: 0
    Attributes: [4]
Location #32
    Mapping index: 0
    Address: 0
    Attributes: [4]
Location #33
    Mapping index: 0
    Address: 0
    Line #0
        Function index: 11
        Line: 0
        Column: 0
    Attributes: [4]
Location #34
    Mapping index: 0
    Address: 0
    Line #0
        Function index: 12
        Line: 0
        Column: 0
    Attributes: [4]
Location #35
    Mapping index: 1
    Address: 20424196
    Attributes: [3]
Location #36
    Mapping index: 1
    Address: 20428857
    Attributes: [3]
Location #37
    Mapping index: 1
    Address: 20635384
    Attributes: [3]
Location #38
    Mapping index: 1
    Address: 20636338
    Attributes: [3]
Location #39
    Mapping index: 1
    Address: 15266858
    Attributes: [3]
Location #40
    Mapping index: 1
    Address: 15267424
    Attributes: [3]
Location #41
    Mapping index: 1
    Address: 16317598
    Attributes: [3]
Location #42
    Mapping index: 1
    Address: 16417175
    Attributes: [3]
Location #43
    Mapping index: 1
    Address: 16314762
    Attributes: [3]
Location #44
    Mapping index: 1
    Address: 30409788
    Attributes: [3]
Location #45
    Mapping index: 1
    Address: 30424754
    Attributes: [3]
Location #46
    Mapping index: 1
    Address: 30518099
    Attributes: [3]
Location #47
    Mapping index: 1
    Address: 30428182
    Attributes: [3]
Location #48
    Mapping index: 1
    Address: 15277125
    Attributes: [3]
Location #49
    Mapping index: 1
    Address: 16703920
    Attributes: [3]
Location #50
    Mapping index: 1
    Address: 16023210
    Attributes: [3]
Location #51
    Mapping index: 2
    Address: 172489
    Attributes: [3]
Location #52
    Mapping index: 2
    Address: 172682
    Attributes: [3]
Location #53
    Mapping index: 1
    Address: 15258461
    Attributes: [3]
Location #54
    Mapping index: 3
    Address: 22447056
    Line #0
        Function index: 13
        Line: 0
        Column: 0
    Attributes: [11]
Location #55
    Mapping index: 3
    Address: 8002275
    Line #0
        Function index: 14
        Line: 0
        Column: 0
    Attributes: [11]
Location #56
    Mapping index: 3
    Address: 8003694
    Line #0
        Function index: 15
        Line: 0
        Column: 0
    Attributes: [11]
Location #57
    Mapping index: 3
    Address: 8024355
    Line #0
        Function index: 16
        Line: 0
        Column: 0
    Attributes: [11]
Location #58
    Mapping index: 3
    Address: 7421375
    Line #0
        Function index: 17
        Line: 0
        Column: 0
    Attributes: [11]
Location #59
    Mapping index: 3
    Address: 8155902
    Line #0
        Function index: 18
        Line: 0
        Column: 0
    Attributes: [11]
Location #60
    Mapping index: 3
    Address: 7849993
    Line #0
        Function index: 19
        Line: 0
        Column: 0
    Attributes: [11]
Location #61
    Mapping index: 3
    Address: 7851649
    Line #0
        Function index: 20
        Line: 0
        Column: 0
    Attributes: [11]
Location #62
    Mapping index: 3
    Address: 7775673
    Line #0
        Function index: 21
        Line: 0
        Column: 0
    Attributes: [11]
Location #63
    Mapping index: 3
    Address: 7776501
    Line #0
        Function index: 22
        Line: 0
        Column: 0
    Attributes: [11]
Location #64
    Mapping index: 3
    Address: 7777002
    Line #0
        Function index: 23
        Line: 0
        Column: 0
    Attributes: [11]
Location #65
    Mapping index: 3
    Address: 7778573
    Line #0
        Function index: 24
        Line: 0
        Column: 0
    Attributes: [11]
Location #66
    Mapping index: 3
    Address: 7779061
    Line #0
        Function index: 25
        Line: 0
        Column: 0
    Attributes: [11]
Location #67
    Mapping index: 3
    Address: 7779369
    Line #0
        Function index: 26
        Line: 0
        Column: 0
    Attributes: [11]
Location #68
    Mapping index: 3
    Address: 7846654
    Line #0
        Function index: 27
        Line: 0
        Column: 0
    Attributes: [11]
Location #69
    Mapping index: 3
    Address: 4210438
    Line #0
        Function index: 28
        Line: 0
        Column: 0
    Attributes: [11]
Location #70
    Mapping index: 3
    Address: 4257399
    Line #0
        Function index: 29
        Line: 0
        Column: 0
    Attributes: [11]
Location #71
    Mapping index: 3
    Address: 4258076
    Line #0
        Function index: 30
        Line: 0
        Column: 0
    Attributes: [11]
Location #72
    Mapping index: 3
    Address: 4259043
    Line #0
        Function index: 31
        Line: 0
        Column: 0
    Attributes: [11]
Location #73
    Mapping index: 3
    Address: 4346454
    Line #0
        Function index: 32
        Line: 0
        Column: 0
    Attributes: [11]
Location #74
    Mapping index: 3
    Address: 3495015
    Line #0
        Function index: 33
        Line: 0
        Column: 0
    Attributes: [11]
Location #75
    Mapping index: 3
    Address: 22380821
    Line #0
        Function index: 34
        Line: 0
        Column: 0
    Attributes: [11]
Location #76
    Mapping index: 3
    Address: 22351561
    Line #0
        Function index: 35
        Line: 0
        Column: 0
    Attributes: [11]
Location #77
    Mapping index: 3
    Address: 298
    Line #0
        Function index: 36
        Line: 0
        Column: 0
    Attributes: [11]
Location #78
    Mapping index: 2
    Address: 626032
    Attributes: [3]
Location #79
    Mapping index: 3
    Address: 22181754
    Line #0
        Function index: 37
        Line: 0
        Column: 0
    Attributes: [11]
Location #80
    Mapping index: 3
    Address: 7792358
    Line #0
        Function index: 38
        Line: 0
        Column: 0
    Attributes: [11]
Location #81
    Mapping index: 3
    Address: 4005465
    Line #0
        Function index: 39
        Line: 0
        Column: 0
    Attributes: [11]
Location #82
    Mapping index: 3
    Address: 22379348
    Line #0
        Function index: 40
        Line: 0
        Column: 0
    Attributes: [11]
Location #83
    Mapping index: 3
    Address: 2998
    Line #0
        Function index: 41
        Line: 0
        Column: 0
    Attributes: [11]
Location #84
    Mapping index: 4
    Address: 213963916
    Attributes: [3]
Location #85
    Mapping index: 4
    Address: 213964544
    Attributes: [3]
Location #86
    Mapping index: 4
    Address: 213900570
    Attributes: [3]
Location #87
    Mapping index: 4
    Address: 213964374
    Attributes: [3]
Location #88
    Mapping index: 4
    Address: 213905337
    Attributes: [3]
Location #89
    Mapping index: 4
    Address: 213963911
    Attributes: [3]
Location #90
    Mapping index: 4
    Address: 181397772
    Attributes: [3]
Location #91
    Mapping index: 4
    Address: 181363398
    Attributes: [3]
Location #92
    Mapping index: 4
    Address: 181320204
    Attributes: [3]
Location #93
    Mapping index: 4
    Address: 181090943
    Attributes: [3]
Location #94
    Mapping index: 4
    Address: 173355690
    Attributes: [3]
Location #95
    Mapping index: 4
    Address: 173517285
    Attributes: [3]
Location #96
    Mapping index: 4
    Address: 148867165
    Attributes: [3]
Location #97
    Mapping index: 4
    Address: 176398003
    Attributes: [3]
Location #98
    Mapping index: 4
    Address: 213968242
    Attributes: [3]
Location #99
    Mapping index: 3
    Address: 7769119
    Line #0
        Function index: 42
        Line: 0
        Column: 0
    Attributes: [11]
Location #100
    Mapping index: 3
    Address: 7771835
    Line #0
        Function index: 43
        Line: 0
        Column: 0
    Attributes: [11]
Location #101
    Mapping index: 3
    Address: 7803145
    Line #0
        Function index: 44
        Line: 0
        Column: 0
    Attributes: [11]
Location #102
    Mapping index: 3
    Address: 7804071
    Line #0
        Function index: 45
        Line: 0
        Column: 0
    Attributes: [11]
Location #103
    Mapping index: 3
    Address: 4214009
    Line #0
        Function index: 46
        Line: 0
        Column: 0
    Attributes: [11]
Location #104
    Mapping index: 3
    Address: 4215097
    Line #0
        Function index: 47
        Line: 0
        Column: 0
    Attributes: [11]
Location #105
    Mapping index: 3
    Address: 4221648
    Line #0
        Function index: 48
        Line: 0
        Column: 0
    Attributes: [11]
Location #106
    Mapping index: 3
    Address: 4224517
    Line #0
        Function index: 49
        Line: 0
        Column: 0
    Attributes: [11]
Location #107
    Mapping index: 3
    Address: 4225583
    Line #0
        Function index: 50
        Line: 0
        Column: 0
    Attributes: [11]
Location #108
    Mapping index: 3
    Address: 3166376
    Line #0
        Function index: 51
        Line: 0
        Column: 0
    Attributes: [11]
Location #109
    Mapping index: 3
    Address: 22351549
    Line #0
        Function index: 35
        Line: 0
        Column: 0
    Attributes: [11]
Location #110
    Mapping index: 4
    Address: 214006162
    Attributes: [3]
Location #111
    Mapping index: 3
    Address: 7783978
    Line #0
        Function index: 52
        Line: 0
        Column: 0
    Attributes: [11]
Location #112
    Mapping index: 3
    Address: 7812850
    Line #0
        Function index: 53
        Line: 0
        Column: 0
    Attributes: [11]
Location #113
    Mapping index: 3
    Address: 7813868
    Line #0
        Function index: 54
        Line: 0
        Column: 0
    Attributes: [11]
Location #114
    Mapping index: 3
    Address: 7815089
    Line #0
        Function index: 55
        Line: 0
        Column: 0
    Attributes: [11]
Location #115
    Mapping index: 3
    Address: 4005607
    Line #0
        Function index: 39
        Line: 0
        Column: 0
    Attributes: [11]
Location #116
    Mapping index: 4
    Address: 211652929
    Attributes: [3]
Location #117
    Mapping index: 4
    Address: 211053666
    Attributes: [3]
Location #118
    Mapping index: 4
    Address: 211053464
    Attributes: [3]
Location #119
    Mapping index: 4
    Address: 211053739
    Attributes: [3]
Location #120
    Mapping index: 4
    Address: 211052918
    Attributes: [3]
Location #121
    Mapping index: 4
    Address: 211547547
    Attributes: [3]
Location #122
    Mapping index: 4
    Address: 210716828
    Attributes: [3]
Location #123
    Mapping index: 4
    Address: 210687346
    Attributes: [3]
Location #124
    Mapping index: 4
    Address: 210686534
    Attributes: [3]
Location #125
    Mapping index: 4
    Address: 169378156
    Attributes: [3]
Location #126
    Mapping index: 4
    Address: 169649219
    Attributes: [3]
Location #127
    Mapping index: 4
    Address: 169659048
    Attributes: [3]
Location #128
    Mapping index: 4
    Address: 169755054
    Attributes: [3]
Location #129
    Mapping index: 4
    Address: 169208299
    Attributes: [3]
Location #130
    Mapping index: 4
    Address: 177075946
    Attributes: [3]
Location #131
    Mapping index: 4
    Address: 177069774
    Attributes: [3]
Location #132
    Mapping index: 4
    Address: 176911476
    Attributes: [3]
Location #133
    Mapping index: 4
    Address: 176942810
    Attributes: [3]
Location #134
    Mapping index: 4
    Address: 177010934
    Attributes: [3]
Location #135
    Mapping index: 4
    Address: 176925211
    Attributes: [3]
Location #136
    Mapping index: 4
    Address: 176879057
    Attributes: [3]
Location #137
    Mapping index: 4
    Address: 177070181
    Attributes: [3]
Location #138
    Mapping index: 3
    Address: 20569650
    Line #0
        Function index: 56
        Line: 0
        Column: 0
    Attributes: [11]
Location #139
    Mapping index: 3
    Address: 20587623
    Line #0
        Function index: 57
        Line: 0
        Column: 0
    Attributes: [11]
Location #140
    Mapping index: 3
    Address: 20589940
    Line #0
        Function index: 58
        Line: 0
        Column: 0
    Attributes: [11]
Location #141
    Mapping index: 3
    Address: 20236391
    Line #0
        Function index: 59
        Line: 0
        Column: 0
    Attributes: [11]
Location #142
    Mapping index: 3
    Address: 20236854
    Line #0
        Function index: 60
        Line: 0
        Column: 0
    Attributes: [11]
Location #143
    Mapping index: 3
    Address: 20237015
    Line #0
        Function index: 61
        Line: 0
        Column: 0
    Attributes: [11]
Location #144
    Mapping index: 3
    Address: 20237302
    Line #0
        Function index: 62
        Line: 0
        Column: 0
    Attributes: [11]
Location #145
    Mapping index: 3
    Address: 20237717
    Line #0
        Function index: 63
        Line: 0
        Column: 0
    Attributes: [11]
Location #146
    Mapping index: 3
    Address: 20238847
    Line #0
        Function index: 64
        Line: 0
        Column: 0
    Attributes: [11]
Location #147
    Mapping index: 3
    Address: 19370248
    Line #0
        Function index: 65
        Line: 0
        Column: 0
    Attributes: [11]
Location #148
    Mapping index: 3
    Address: 19371846
    Line #0
        Function index: 66
        Line: 0
        Column: 0
    Attributes: [11]
Location #149
    Mapping index: 3
    Address: 19374411
    Line #0
        Function index: 67
        Line: 0
        Column: 0
    Attributes: [11]
Location #150
    Mapping index: 5
    Address: 8833
    Line #0
        Function index: 68
        Line: 0
        Column: 0
    Attributes: [11]
Location #151
    Mapping index: 3
    Address: 19374799
    Line #0
        Function index: 69
        Line: 0
        Column: 0
    Attributes: [11]
Location #152
    Mapping index: 3
    Address: 19376668
    Line #0
        Function index: 70
        Line: 0
        Column: 0
    Attributes: [11]
Location #153
    Mapping index: 3
    Address: 4267939
    Line #0
        Function index: 71
        Line: 0
        Column: 0
    Attributes: [11]
Location #154
    Mapping index: 3
    Address: 4268819
    Line #0
        Function index: 72
        Line: 0
        Column: 0
    Attributes: [11]
Location #155
    Mapping index: 3
    Address: 4269821
    Line #0
        Function index: 73
        Line: 0
        Column: 0
    Attributes: [11]
Location #156
    Mapping index: 3
    Address: 22363960
    Line #0
        Function index: 74
        Line: 0
        Column: 0
    Attributes: [11]
Location #157
    Mapping index: 3
    Address: 3686
    Line #0
        Function index: 75
        Line: 0
        Column: 0
    Attributes: [11]
Location #158
    Mapping index: 4
    Address: 211440906
    Attributes: [3]
Location #159
    Mapping index: 4
    Address: 212304624
    Attributes: [3]
Location #160
    Mapping index: 4
    Address: 211046349
    Attributes: [3]
Location #161
    Mapping index: 4
    Address: 211042564
    Attributes: [3]
Location #162
    Mapping index: 4
    Address: 211047930
    Attributes: [3]
Location #163
    Mapping index: 4
    Address: 211043267
    Attributes: [3]
Location #164
    Mapping index: 4
    Address: 211048296
    Attributes: [3]
Location #165
    Mapping index: 4
    Address: 211042778
    Attributes: [3]
Location #166
    Mapping index: 4
    Address: 211041394
    Attributes: [3]
Location #167
    Mapping index: 4
    Address: 211654172
    Attributes: [3]
Location #168
    Mapping index: 4
    Address: 211041521
    Attributes: [3]
Location #169
    Mapping index: 4
    Address: 213486728
    Attributes: [3]
Location #170
    Mapping index: 4
    Address: 211570824
    Attributes: [3]
Location #171
    Mapping index: 4
    Address: 211571386
    Attributes: [3]
Location #172
    Mapping index: 4
    Address: 211617605
    Attributes: [3]
Location #173
    Mapping index: 4
    Address: 210701527
    Attributes: [3]
Location #174
    Mapping index: 4
    Address: 165278435
    Attributes: [3]
Location #175
    Mapping index: 4
    Address: 164970415
    Attributes: [3]
Location #176
    Mapping index: 4
    Address: 169441491
    Attributes: [3]
Location #177
    Mapping index: 4
    Address: 168930957
    Attributes: [3]
Location #178
    Mapping index: 4
    Address: 83254870
    Attributes: [3]
Location #179
    Mapping index: 4
    Address: 118425532
    Attributes: [3]
Location #180
    Mapping index: 4
    Address: 118415742
    Attributes: [3]
Location #181
    Mapping index: 4
    Address: 49334293
    Attributes: [3]
Location #182
    Mapping index: 4
    Address: 49535914
    Attributes: [3]
Location #183
    Mapping index: 4
    Address: 49659072
    Attributes: [3]
Location #184
    Mapping index: 4
    Address: 177076179
    Attributes: [3]
Location #185
    Mapping index: 4
    Address: 177068943
    Attributes: [3]
Location #186
    Mapping index: 4
    Address: 213972540
    Attributes: [3]
Location #187
    Mapping index: 4
    Address: 213900563
    Attributes: [3]
Location #188
    Mapping index: 4
    Address: 181362867
    Attributes: [3]
Location #189
    Mapping index: 4
    Address: 181311516
    Attributes: [3]
Location #190
    Mapping index: 4
    Address: 181299955
    Attributes: [3]
Location #191
    Mapping index: 4
    Address: 213964405
    Attributes: [3]
Location #192
    Mapping index: 4
    Address: 213905198
    Attributes: [3]
Location #193
    Mapping index: 3
    Address: 12323945
    Line #0
        Function index: 76
        Line: 0
        Column: 0
    Attributes: [11]
Location #194
    Mapping index: 3
    Address: 12325566
    Line #0
        Function index: 77
        Line: 0
        Column: 0
    Attributes: [11]
Location #195
    Mapping index: 3
    Address: 7334450
    Line #0
        Function index: 78
        Line: 0
        Column: 0
    Attributes: [11]
Location #196
    Mapping index: 3
    Address: 7348730
    Line #0
        Function index: 79
        Line: 0
        Column: 0
    Attributes: [11]
Location #197
    Mapping index: 3
    Address: 9745311
    Line #0
        Function index: 80
        Line: 0
        Column: 0
    Attributes: [11]
Location #198
    Mapping index: 3
    Address: 8662904
    Line #0
        Function index: 81
        Line: 0
        Column: 0
    Attributes: [11]
Location #199
    Mapping index: 3
    Address: 8663398
    Line #0
        Function index: 82
        Line: 0
        Column: 0
    Attributes: [11]
Location #200
    Mapping index: 3
    Address: 3170940
    Line #0
        Function index: 51
        Line: 0
        Column: 0
    Attributes: [11]
Location #201
    Mapping index: 4
    Address: 213964626
    Attributes: [3]
Location #202
    Mapping index: 4
    Address: 181389600
    Attributes: [3]
Location #203
    Mapping index: 4
    Address: 181317022
    Attributes: [3]
Location #204
    Mapping index: 3
    Address: 11365519
    Line #0
        Function index: 83
        Line: 0
        Column: 0
    Attributes: [11]
Location #205
    Mapping index: 3
    Address: 10854682
    Line #0
        Function index: 84
        Line: 0
        Column: 0
    Attributes: [11]
Location #206
    Mapping index: 3
    Address: 8649362
    Line #0
        Function index: 85
        Line: 0
        Column: 0
    Attributes: [11]
Location #207
    Mapping index: 3
    Address: 8665173
    Line #0
        Function index: 86
        Line: 0
        Column: 0
    Attributes: [11]
Location #208
    Mapping index: 3
    Address: 8666278
    Line #0
        Function index: 87
        Line: 0
        Column: 0
    Attributes: [11]
Location #209
    Mapping index: 3
    Address: 3171735
    Line #0
        Function index: 51
        Line: 0
        Column: 0
    Attributes: [11]
Location #210
    Mapping index: 3
    Address: 4571313
    Line #0
        Function index: 88
        Line: 0
        Column: 0
    Attributes: [11]
Location #211
    Mapping index: 3
    Address: 22408079
    Line #0
        Function index: 89
        Line: 0
        Column: 0
    Attributes: [11]
Location #212
    Mapping index: 3
    Address: 22409334
    Line #0
        Function index: 90
        Line: 0
        Column: 0
    Attributes: [11]
Location #213
    Mapping index: 3
    Address: 5524522
    Line #0
        Function index: 91
        Line: 0
        Column: 0
    Attributes: [11]
Location #214
    Mapping index: 3
    Address: 5526601
    Line #0
        Function index: 92
        Line: 0
        Column: 0
    Attributes: [11]
Location #215
    Mapping index: 3
    Address: 5526849
    Line #0
        Function index: 93
        Line: 0
        Column: 0
    Attributes: [11]
Location #216
    Mapping index: 3
    Address: 5508884
    Line #0
        Function index: 94
        Line: 0
        Column: 0
    Attributes: [11]
Location #217
    Mapping index: 3
    Address: 5510598
    Line #0
        Function index: 95
        Line: 0
        Column: 0
    Attributes: [11]
Location #218
    Mapping index: 3
    Address: 3170865
    Line #0
        Function index: 51
        Line: 0
        Column: 0
    Attributes: [11]
Location #219
    Mapping index: 4
    Address: 213923224
    Attributes: [3]
Location #220
    Mapping index: 4
    Address: 181344557
    Attributes: [3]
Location #221
    Mapping index: 4
    Address: 181364531
    Attributes: [3]
Location #222
    Mapping index: 4
    Address: 181311152
    Attributes: [3]
Location #223
    Mapping index: 6
    Address: 18921814
    Line #0
        Function index: 96
        Line: 579
        Column: 0
    Attributes: [45]
Location #224
    Mapping index: 6
    Address: 18933545
    Line #0
        Function index: 97
        Line: 1004
        Column: 0
    Attributes: [45]
Location #225
    Mapping index: 6
    Address: 18935371
    Line #0
        Function index: 98
        Line: 1191
        Column: 0
    Attributes: [45]
Location #226
    Mapping index: 6
    Address: 18936615
    Line #0
        Function index: 99
        Line: 1246
        Column: 0
    Attributes: [45]
Location #227
    Mapping index: 6
    Address: 18958365
    Line #0
        Function index: 100
        Line: 209
        Column: 0
    Attributes: [45]
Location #228
    Mapping index: 6
    Address: 18957892
    Line #0
        Function index: 101
        Line: 182
        Column: 0
    Attributes: [45]
Location #229
    Mapping index: 6
    Address: 18959142
    Line #0
        Function index: 102
        Line: 37
        Column: 0
    Attributes: [45]
Location #230
    Mapping index: 6
    Address: 19372701
    Line #0
        Function index: 103
        Line: 187
        Column: 0
    Attributes: [45]
Location #231
    Mapping index: 6
    Address: 19422167
    Line #0
        Function index: 104
        Line: 384
        Column: 0
    Attributes: [45]
Location #232
    Mapping index: 6
    Address: 19432468
    Line #0
        Function index: 105
        Line: 606
        Column: 0
    Attributes: [45]
Location #233
    Mapping index: 6
    Address: 18445717
    Line #0
        Function index: 106
        Line: 403
        Column: 0
    Attributes: [45]
Location #234
    Mapping index: 6
    Address: 18443691
    Line #0
        Function index: 107
        Line: 378
        Column: 0
    Attributes: [45]
Location #235
    Mapping index: 6
    Address: 18444583
    Line #0
        Function index: 108
        Line: 407
        Column: 0
    Attributes: [45]
Location #236
    Mapping index: 6
    Address: 19428093
    Line #0
        Function index: 109
        Line: 552
        Column: 0
    Attributes: [45]
Location #237
    Mapping index: 6
    Address: 19501466
    Line #0
        Function index: 110
        Line: 57
        Column: 0
    Attributes: [45]
Location #238
    Mapping index: 6
    Address: 19500935
    Line #0
        Function index: 111
        Line: 47
        Column: 0
    Attributes: [45]
Location #239
    Mapping index: 6
    Address: 4740960
    Line #0
        Function index: 112
        Line: 1694
        Column: 0
    Attributes: [45]
Location #240
    Mapping index: 6
    Address: 18929439
    Line #0
        Function index: 113
        Line: 865
        Column: 0
    Attributes: [45]
Location #241
    Mapping index: 6
    Address: 18933225
    Line #0
        Function index: 97
        Line: 1010
        Column: 0
    Attributes: [45]
Location #242
    Mapping index: 6
    Address: 18907016
    Line #0
        Function index: 114
        Line: 222
        Column: 0
    Attributes: [45]
Location #243
    Mapping index: 6
    Address: 18901419
    Line #0
        Function index: 115
        Line: 101
        Column: 0
    Attributes: [45]
Location #244
    Mapping index: 6
    Address: 18900932
    Line #0
        Function index: 116
        Line: 158
        Column: 0
    Attributes: [45]
Location #245
    Mapping index: 6
    Address: 18958678
    Line #0
        Function index: 100
        Line: 230
        Column: 0
    Attributes: [45]
Location #246
    Mapping index: 6
    Address: 18907295
    Line #0
        Function index: 114
        Line: 219
        Column: 0
    Attributes: [45]
Location #247
    Mapping index: 6
    Address: 18902116
    Line #0
        Function index: 115
        Line: 124
        Column: 0
    Attributes: [45]
Location #248
    Mapping index: 6
    Address: 18907287
    Line #0
        Function index: 114
        Line: 219
        Column: 0
    Attributes: [45]
Location #249
    Mapping index: 3
    Address: 8483988
    Line #0
        Function index: 117
        Line: 0
        Column: 0
    Attributes: [11]
Location #250
    Mapping index: 3
    Address: 8484609
    Line #0
        Function index: 118
        Line: 0
        Column: 0
    Attributes: [11]
Location #251
    Mapping index: 3
    Address: 8509087
    Line #0
        Function index: 119
        Line: 0
        Column: 0
    Attributes: [11]
Location #252
    Mapping index: 3
    Address: 8524519
    Line #0
        Function index: 120
        Line: 0
        Column: 0
    Attributes: [11]
Location #253
    Mapping index: 3
    Address: 7421367
    Line #0
        Function index: 17
        Line: 0
        Column: 0
    Attributes: [11]
Location #254
    Mapping index: 3
    Address: 8156086
    Line #0
        Function index: 18
        Line: 0
        Column: 0
    Attributes: [11]
Location #255
    Mapping index: 3
    Address: 7852343
    Line #0
        Function index: 121
        Line: 0
        Column: 0
    Attributes: [11]
Location #256
    Mapping index: 3
    Address: 7779919
    Line #0
        Function index: 122
        Line: 0
        Column: 0
    Attributes: [11]
Location #257
    Mapping index: 3
    Address: 8142889
    Line #0
        Function index: 123
        Line: 0
        Column: 0
    Attributes: [11]
Location #258
    Mapping index: 3
    Address: 8126690
    Line #0
        Function index: 124
        Line: 0
        Column: 0
    Attributes: [11]
Location #259
    Mapping index: 3
    Address: 8130409
    Line #0
        Function index: 125
        Line: 0
        Column: 0
    Attributes: [11]
Location #260
    Mapping index: 3
    Address: 8143476
    Line #0
        Function index: 126
        Line: 0
        Column: 0
    Attributes: [11]
Location #261
    Mapping index: 3
    Address: 8143594
    Line #0
        Function index: 127
        Line: 0
        Column: 0
    Attributes: [11]
Location #262
    Mapping index: 3
    Address: 3169800
    Line #0
        Function index: 51
        Line: 0
        Column: 0
    Attributes: [11]
Location #263
    Mapping index: 6
    Address: 4748630
    Line #0
        Function index: 128
        Line: 544
        Column: 0
    Attributes: [45]
Location #264
    Mapping index: 6
    Address: 4337013
    Line #0
        Function index: 129
        Line: 64
        Column: 0
    Attributes: [45]
Location #265
    Mapping index: 6
    Address: 4394116
    Line #0
        Function index: 130
        Line: 783
        Column: 0
    Attributes: [45]
Location #266
    Mapping index: 6
    Address: 4393038
    Line #0
        Function index: 131
        Line: 683
        Column: 0
    Attributes: [45]
Location #267
    Mapping index: 6
    Address: 4733225
    Line #0
        Function index: 132
        Line: 517
        Column: 0
    Attributes: [45]
Location #268
    Mapping index: 6
    Address: 4392870
    Line #0
        Function index: 133
        Line: 682
        Column: 0
    Attributes: [45]
Location #269
    Mapping index: 6
    Address: 4688967
    Line #0
        Function index: 134
        Line: 395
        Column: 0
    Attributes: [45]
Location #270
    Mapping index: 6
    Address: 4392236
    Line #0
        Function index: 135
        Line: 612
        Column: 0
    Attributes: [45]
Location #271
    Mapping index: 6
    Address: 4392615
    Line #0
        Function index: 136
        Line: 657
        Column: 0
    Attributes: [45]
Location #272
    Mapping index: 6
    Address: 4351524
    Line #0
        Function index: 137
        Line: 213
        Column: 0
    Attributes: [45]
Location #273
    Mapping index: 3
    Address: 8276532
    Line #0
        Function index: 138
        Line: 0
        Column: 0
    Attributes: [11]
Location #274
    Mapping index: 3
    Address: 8278283
    Line #0
        Function index: 139
        Line: 0
        Column: 0
    Attributes: [11]
Location #275
    Mapping index: 3
    Address: 7954416
    Line #0
        Function index: 140
        Line: 0
        Column: 0
    Attributes: [11]
Location #276
    Mapping index: 3
    Address: 7955097
    Line #0
        Function index: 141
        Line: 0
        Column: 0
    Attributes: [11]
Location #277
    Mapping index: 3
    Address: 6531185
    Line #0
        Function index: 142
        Line: 0
        Column: 0
    Attributes: [11]
Location #278
    Mapping index: 3
    Address: 6554895
    Line #0
        Function index: 143
        Line: 0
        Column: 0
    Attributes: [11]
Location #279
    Mapping index: 3
    Address: 6865074
    Line #0
        Function index: 144
        Line: 0
        Column: 0
    Attributes: [11]
Location #280
    Mapping index: 3
    Address: 6560861
    Line #0
        Function index: 145
        Line: 0
        Column: 0
    Attributes: [11]
Location #281
    Mapping index: 3
    Address: 6574450
    Line #0
        Function index: 146
        Line: 0
        Column: 0
    Attributes: [11]
Location #282
    Mapping index: 3
    Address: 6576780
    Line #0
        Function index: 147
        Line: 0
        Column: 0
    Attributes: [11]
Location #283
    Mapping index: 3
    Address: 3172050
    Line #0
        Function index: 51
        Line: 0
        Column: 0
    Attributes: [11]
Location #284
    Mapping index: 6
    Address: 4224397
    Line #0
        Function index: 148
        Line: 36
        Column: 0
    Attributes: [45]
Location #285
    Mapping index: 6
    Address: 4849036
    Line #0
        Function index: 149
        Line: 67
        Column: 0
    Attributes: [45]
Location #286
    Mapping index: 6
    Address: 4849125
    Line #0
        Function index: 150
        Line: 87
        Column: 0
    Attributes: [45]
Location #287
    Mapping index: 6
    Address: 4852909
    Line #0
        Function index: 151
        Line: 1
        Column: 0
    Attributes: [45]
Location #288
    Mapping index: 6
    Address: 17802355
    Line #0
        Function index: 152
        Line: 95
        Column: 0
    Attributes: [45]
Location #289
    Mapping index: 6
    Address: 17804220
    Line #0
        Function index: 153
        Line: 1176
        Column: 0
    Attributes: [45]
Location #290
    Mapping index: 6
    Address: 18171349
    Line #0
        Function index: 154
        Line: 643
        Column: 0
    Attributes: [45]
Location #291
    Mapping index: 6
    Address: 18166699
    Line #0
        Function index: 155
        Line: 454
        Column: 0
    Attributes: [45]
Location #292
    Mapping index: 6
    Address: 18165444
    Line #0
        Function index: 156
        Line: 380
        Column: 0
    Attributes: [45]
Location #293
    Mapping index: 6
    Address: 19488356
    Line #0
        Function index: 157
        Line: 514
        Column: 0
    Attributes: [45]
Location #294
    Mapping index: 6
    Address: 19380040
    Line #0
        Function index: 158
        Line: 449
        Column: 0
    Attributes: [45]
Location #295
    Mapping index: 6
    Address: 19373291
    Line #0
        Function index: 103
        Line: 222
        Column: 0
    Attributes: [45]
Location #296
    Mapping index: 6
    Address: 4304922
    Line #0
        Function index: 159
        Line: 167
        Column: 0
    Attributes: [45]
Location #297
    Mapping index: 6
    Address: 4421107
    Line #0
        Function index: 160
        Line: 2101
        Column: 0
    Attributes: [45]
Location #298
    Mapping index: 6
    Address: 4422039
    Line #0
        Function index: 161
        Line: 2194
        Column: 0
    Attributes: [45]
Location #299
    Mapping index: 6
    Address: 4350340
    Line #0
        Function index: 162
        Line: 485
        Column: 0
    Attributes: [45]
Location #300
    Mapping index: 6
    Address: 4349220
    Line #0
        Function index: 163
        Line: 482
        Column: 0
    Attributes: [45]
Location #301
    Mapping index: 6
    Address: 5292197
    Line #0
        Function index: 164
        Line: 323
        Column: 0
    Attributes: [45]
Location #302
    Mapping index: 6
    Address: 18439980
    Line #0
        Function index: 165
        Line: 184
        Column: 0
    Attributes: [45]
Location #303
    Mapping index: 6
    Address: 18439838
    Line #0
        Function index: 166
        Line: 186
        Column: 0
    Attributes: [45]
Location #304
    Mapping index: 6
    Address: 18438148
    Line #0
        Function index: 167
        Line: 138
        Column: 0
    Attributes: [45]
Location #305
    Mapping index: 6
    Address: 19414066
    Line #0
        Function index: 168
        Line: 132
        Column: 0
    Attributes: [45]
Location #306
    Mapping index: 6
    Address: 19426910
    Line #0
        Function index: 109
        Line: 511
        Column: 0
    Attributes: [45]
Location #307
    Mapping index: 6
    Address: 18904471
    Line #0
        Function index: 169
        Line: 157
        Column: 0
    Attributes: [45]
Location #308
    Mapping index: 6
    Address: 18901885
    Line #0
        Function index: 115
        Line: 114
        Column: 0
    Attributes: [45]
Location #309
    Mapping index: 6
    Address: 18907136
    Line #0
        Function index: 114
        Line: 218
        Column: 0
    Attributes: [45]
Location #310
    Mapping index: 3
    Address: 12357817
    Line #0
        Function index: 170
        Line: 0
        Column: 0
    Attributes: [11]
Location #311
    Mapping index: 3
    Address: 6564310
    Line #0
        Function index: 171
        Line: 0
        Column: 0
    Attributes: [11]
Location #312
    Mapping index: 3
    Address: 6548654
    Line #0
        Function index: 172
        Line: 0
        Column: 0
    Attributes: [11]
Location #313
    Mapping index: 3
    Address: 6574650
    Line #0
        Function index: 146
        Line: 0
        Column: 0
    Attributes: [11]
Location #314
    Mapping index: 6
    Address: 18185741
    Line #0
        Function index: 173
        Line: 1420
        Column: 0
    Attributes: [45]
Location #315
    Mapping index: 6
    Address: 18185389
    Line #0
        Function index: 174
        Line: 1399
        Column: 0
    Attributes: [45]
Location #316
    Mapping index: 6
    Address: 19489045
    Line #0
        Function index: 157
        Line: 547
        Column: 0
    Attributes: [45]
Location #317
    Mapping index: 3
    Address: 12357834
    Line #0
        Function index: 170
        Line: 0
        Column: 0
    Attributes: [11]
Location #318
    Mapping index: 3
    Address: 8605551
    Line #0
        Function index: 175
        Line: 0
        Column: 0
    Attributes: [11]
Location #319
    Mapping index: 7
    Address: 1212505
    Line #0
        Function index: 176
        Line: 0
        Column: 0
    Attributes: [11]
Location #320
    Mapping index: 7
    Address: 2084926
    Line #0
        Function index: 177
        Line: 0
        Column: 0
    Attributes: [11]
Location #321
    Mapping index: 7
    Address: 3655742
    Line #0
        Function index: 178
        Line: 0
        Column: 0
    Attributes: [11]
Location #322
    Mapping index: 7
    Address: 3655927
    Line #0
        Function index: 179
        Line: 0
        Column: 0
    Attributes: [11]
Location #323
    Mapping index: 7
    Address: 2251423
    Line #0
        Function index: 180
        Line: 0
        Column: 0
    Attributes: [11]
Location #324
    Mapping index: 7
    Address: 2278901
    Line #0
        Function index: 181
        Line: 0
        Column: 0
    Attributes: [11]
Location #325
    Mapping index: 7
    Address: 2286898
    Line #0
        Function index: 182
        Line: 0
        Column: 0
    Attributes: [11]
Location #326
    Mapping index: 7
    Address: 3462881
    Line #0
        Function index: 183
        Line: 0
        Column: 0
    Attributes: [11]
Location #327
    Mapping index: 7
    Address: 3532771
    Line #0
        Function index: 184
        Line: 0
        Column: 0
    Attributes: [11]
Location #328
    Mapping index: 7
    Address: 2591809
    Line #0
        Function index: 185
        Line: 0
        Column: 0
    Attributes: [11]
Location #329
    Mapping index: 7
    Address: 520809
    Line #0
        Function index: 186
        Line: 0
        Column: 0
    Attributes: [11]
Location #330
    Mapping index: 7
    Address: 3767033
    Line #0
        Function index: 187
        Line: 0
        Column: 0
    Attributes: [11]
Location #331
    Mapping index: 7
    Address: 3262612
    Line #0
        Function index: 188
        Line: 0
        Column: 0
    Attributes: [11]
Location #332
    Mapping index: 7
    Address: 3788265
    Line #0
        Function index: 189
        Line: 0
        Column: 0
    Attributes: [11]
Location #333
    Mapping index: 7
    Address: 3258906
    Line #0
        Function index: 190
        Line: 0
        Column: 0
    Attributes: [11]
Location #334
    Mapping index: 7
    Address: 3802611
    Line #0
        Function index: 191
        Line: 0
        Column: 0
    Attributes: [11]
Location #335
    Mapping index: 7
    Address: 3261743
    Line #0
        Function index: 192
        Line: 0
        Column: 0
    Attributes: [11]
Location #336
    Mapping index: 7
    Address: 3263092
    Line #0
        Function index: 193
        Line: 0
        Column: 0
    Attributes: [11]
Location #337
    Mapping index: 7
    Address: 3261161
    Line #0
        Function index: 194
        Line: 0
        Column: 0
    Attributes: [11]
Location #338
    Mapping index: 7
    Address: 3376944
    Line #0
        Function index: 195
        Line: 0
        Column: 0
    Attributes: [11]
Location #339
    Mapping index: 7
    Address: 137451
    Line #0
        Function index: 196
        Line: 0
        Column: 0
    Attributes: [11]
Location #340
    Mapping index: 8
    Address: 95394
    Line #0
        Function index: 197
        Line: 0
        Column: 0
    Attributes: [11]
Location #341
    Mapping index: 8
    Address: 128525
    Line #0
        Function index: 198
        Line: 0
        Column: 0
    Attributes: [11]
Location #342
    Mapping index: 8
    Address: 108959
    Line #0
        Function index: 199
        Line: 0
        Column: 0
    Attributes: [11]
Location #343
    Mapping index: 8
    Address: 11920
    Line #0
        Function index: 200
        Line: 0
        Column: 0
    Attributes: [11]
Location #344
    Mapping index: 8
    Address: 17403
    Line #0
        Function index: 201
        Line: 0
        Column: 0
    Attributes: [11]
Location #345
    Mapping index: 8
    Address: 17640
    Line #0
        Function index: 202
        Line: 0
        Column: 0
    Attributes: [11]
Location #346
    Mapping index: 3
    Address: 8793251
    Line #0
        Function index: 203
        Line: 0
        Column: 0
    Attributes: [11]
Location #347
    Mapping index: 3
    Address: 3167594
    Line #0
        Function index: 51
        Line: 0
        Column: 0
    Attributes: [11]
Location #348
    Mapping index: 3
    Address: 8028407
    Line #0
        Function index: 204
        Line: 0
        Column: 0
    Attributes: [11]
Location #349
    Mapping index: 3
    Address: 8034381
    Line #0
        Function index: 205
        Line: 0
        Column: 0
    Attributes: [11]
Location #350
    Mapping index: 3
    Address: 8276607
    Line #0
        Function index: 138
        Line: 0
        Column: 0
    Attributes: [11]
Location #351
    Mapping index: 3
    Address: 7986048
    Line #0
        Function index: 206
        Line: 0
        Column: 0
    Attributes: [11]
Location #352
    Mapping index: 7
    Address: 91085
    Line #0
        Function index: 207
        Line: 0
        Column: 0
    Attributes: [11]
Location #353
    Mapping index: 7
    Address: 20576
    Line #0
        Function index: 208
        Line: 0
        Column: 0
    Attributes: [11]
Location #354
    Mapping index: 7
    Address: 1208489
    Line #0
        Function index: 209
        Line: 0
        Column: 0
    Attributes: [11]
Location #355
    Mapping index: 7
    Address: 2464375
    Line #0
        Function index: 210
        Line: 0
        Column: 0
    Attributes: [11]
Location #356
    Mapping index: 7
    Address: 3127201
    Line #0
        Function index: 211
        Line: 0
        Column: 0
    Attributes: [11]
Location #357
    Mapping index: 7
    Address: 503152
    Line #0
        Function index: 212
        Line: 0
        Column: 0
    Attributes: [11]
Location #358
    Mapping index: 7
    Address: 3314510
    Line #0
        Function index: 213
        Line: 0
        Column: 0
    Attributes: [11]
Location #359
    Mapping index: 7
    Address: 1197602
    Line #0
        Function index: 214
        Line: 0
        Column: 0
    Attributes: [11]
Location #360
    Mapping index: 7
    Address: 1229765
    Line #0
        Function index: 215
        Line: 0
        Column: 0
    Attributes: [11]
Location #361
    Mapping index: 7
    Address: 27551
    Line #0
        Function index: 216
        Line: 0
        Column: 0
    Attributes: [11]
Location #362
    Mapping index: 3
    Address: 4005048
    Line #0
        Function index: 39
        Line: 0
        Column: 0
    Attributes: [11]
Location #363
    Mapping index: 3
    Address: 7350900
    Line #0
        Function index: 217
        Line: 0
        Column: 0
    Attributes: [11]
Location #364
    Mapping index: 3
    Address: 7560045
    Line #0
        Function index: 218
        Line: 0
        Column: 0
    Attributes: [11]
Location #365
    Mapping index: 3
    Address: 7561481
    Line #0
        Function index: 219
        Line: 0
        Column: 0
    Attributes: [11]
Location #366
    Mapping index: 3
    Address: 7784825
    Line #0
        Function index: 220
        Line: 0
        Column: 0
    Attributes: [11]
Location #367
    Mapping index: 3
    Address: 7787983
    Line #0
        Function index: 221
        Line: 0
        Column: 0
    Attributes: [11]
Location #368
    Mapping index: 3
    Address: 7788988
    Line #0
        Function index: 222
        Line: 0
        Column: 0
    Attributes: [11]
Location #369
    Mapping index: 3
    Address: 7812671
    Line #0
        Function index: 53
        Line: 0
        Column: 0
    Attributes: [11]
Location #370
    Mapping index: 3
    Address: 7772906
    Line #0
        Function index: 223
        Line: 0
        Column: 0
    Attributes: [11]
Location #371
    Mapping index: 3
    Address: 7775178
    Line #0
        Function index: 21
        Line: 0
        Column: 0
    Attributes: [11]
Location #372
    Mapping index: 3
    Address: 7959195
    Line #0
        Function index: 224
        Line: 0
        Column: 0
    Attributes: [11]
Location #373
    Mapping index: 3
    Address: 7965346
    Line #0
        Function index: 225
        Line: 0
        Column: 0
    Attributes: [11]
Location #374
    Mapping index: 3
    Address: 7971274
    Line #0
        Function index: 226
        Line: 0
        Column: 0
    Attributes: [11]
Location #375
    Mapping index: 3
    Address: 7971650
    Line #0
        Function index: 227
        Line: 0
        Column: 0
    Attributes: [11]
Location #376
    Mapping index: 3
    Address: 7980074
    Line #0
        Function index: 228
        Line: 0
        Column: 0
    Attributes: [11]
Location #377
    Mapping index: 3
    Address: 7836874
    Line #0
        Function index: 229
        Line: 0
        Column: 0
    Attributes: [11]
Location #378
    Mapping index: 3
    Address: 3169500
    Line #0
        Function index: 51
        Line: 0
        Column: 0
    Attributes: [11]
Location #379
    Mapping index: 7
    Address: 1212510
    Line #0
        Function index: 176
        Line: 0
        Column: 0
    Attributes: [11]
Location #380
    Mapping index: 7
    Address: 3534442
    Line #0
        Function index: 230
        Line: 0
        Column: 0
    Attributes: [11]
Location #381
    Mapping index: 7
    Address: 3257779
    Line #0
        Function index: 231
        Line: 0
        Column: 0
    Attributes: [11]
Location #382
    Mapping index: 7
    Address: 3787016
    Line #0
        Function index: 232
        Line: 0
        Column: 0
    Attributes: [11]
Location #383
    Mapping index: 7
    Address: 3269438
    Line #0
        Function index: 233
        Line: 0
        Column: 0
    Attributes: [11]
Location #384
    Mapping index: 7
    Address: 3816183
    Line #0
        Function index: 234
        Line: 0
        Column: 0
    Attributes: [11]
Location #385
    Mapping index: 7
    Address: 3818402
    Line #0
        Function index: 235
        Line: 0
        Column: 0
    Attributes: [11]
Location #386
    Mapping index: 7
    Address: 3263482
    Line #0
        Function index: 236
        Line: 0
        Column: 0
    Attributes: [11]
Location #387
    Mapping index: 7
    Address: 3263944
    Line #0
        Function index: 237
        Line: 0
        Column: 0
    Attributes: [11]
Location #388
    Mapping index: 7
    Address: 3387520
    Line #0
        Function index: 238
        Line: 0
        Column: 0
    Attributes: [11]
Location #389
    Mapping index: 7
    Address: 1277791
    Line #0
        Function index: 239
        Line: 0
        Column: 0
    Attributes: [11]
Location #390
    Mapping index: 7
    Address: 140449
    Line #0
        Function index: 240
        Line: 0
        Column: 0
    Attributes: [11]
Location #391
    Mapping index: 8
    Address: 180315
    Line #0
        Function index: 241
        Line: 0
        Column: 0
    Attributes: [11]
Location #392
    Mapping index: 8
    Address: 180667
    Line #0
        Function index: 242
        Line: 0
        Column: 0
    Attributes: [11]
Location #393
    Mapping index: 8
    Address: 194953
    Line #0
        Function index: 243
        Line: 0
        Column: 0
    Attributes: [11]
Location #394
    Mapping index: 8
    Address: 199922
    Line #0
        Function index: 244
        Line: 0
        Column: 0
    Attributes: [11]
Location #395
    Mapping index: 8
    Address: 77503
    Line #0
        Function index: 245
        Line: 0
        Column: 0
    Attributes: [11]
Location #396
    Mapping index: 8
    Address: 102649
    Line #0
        Function index: 246
        Line: 0
        Column: 0
    Attributes: [11]
Location #397
    Mapping index: 8
    Address: 133644
    Line #0
        Function index: 247
        Line: 0
        Column: 0
    Attributes: [11]
Location #398
    Mapping index: 8
    Address: 8615
    Line #0
        Function index: 248
        Line: 0
        Column: 0
    Attributes: [11]
Location #399
    Mapping index: 8
    Address: 8980
    Line #0
        Function index: 249
        Line: 0
        Column: 0
    Attributes: [11]
Location #400
    Mapping index: 8
    Address: 9117
    Line #0
        Function index: 250
        Line: 0
        Column: 0
    Attributes: [11]
Location #401
    Mapping index: 3
    Address: 8671657
    Line #0
        Function index: 251
        Line: 0
        Column: 0
    Attributes: [11]
Location #402
    Mapping index: 3
    Address: 8672292
    Line #0
        Function index: 252
        Line: 0
        Column: 0
    Attributes: [11]
Location #403
    Mapping index: 3
    Address: 4447452
    Line #0
        Function index: 253
        Line: 0
        Column: 0
    Attributes: [11]
Location #404
    Mapping index: 3
    Address: 4258140
    Line #0
        Function index: 30
        Line: 0
        Column: 0
    Attributes: [11]
Location #405
    Mapping index: 3
    Address: 4038223
    Line #0
        Function index: 254
        Line: 0
        Column: 0
    Attributes: [11]
Location #406
    Mapping index: 3
    Address: 4043911
    Line #0
        Function index: 255
        Line: 0
        Column: 0
    Attributes: [11]
Location #407
    Mapping index: 3
    Address: 4044767
    Line #0
        Function index: 256
        Line: 0
        Column: 0
    Attributes: [11]
Location #408
    Mapping index: 3
    Address: 4048640
    Line #0
        Function index: 257
        Line: 0
        Column: 0
    Attributes: [11]
Location #409
    Mapping index: 7
    Address: 92113
    Line #0
        Function index: 258
        Line: 0
        Column: 0
    Attributes: [11]
Location #410
    Mapping index: 7
    Address: 20990
    Line #0
        Function index: 259
        Line: 0
        Column: 0
    Attributes: [11]
Location #411
    Mapping index: 7
    Address: 1208887
    Line #0
        Function index: 260
        Line: 0
        Column: 0
    Attributes: [11]
Location #412
    Mapping index: 7
    Address: 2453453
    Line #0
        Function index: 261
        Line: 0
        Column: 0
    Attributes: [11]
Location #413
    Mapping index: 7
    Address: 3069520
    Line #0
        Function index: 262
        Line: 0
        Column: 0
    Attributes: [11]
Location #414
    Mapping index: 7
    Address: 434484
    Line #0
        Function index: 263
        Line: 0
        Column: 0
    Attributes: [11]
Location #415
    Mapping index: 7
    Address: 3767396
    Line #0
        Function index: 264
        Line: 0
        Column: 0
    Attributes: [11]
Location #416
    Mapping index: 7
    Address: 3787042
    Line #0
        Function index: 232
        Line: 0
        Column: 0
    Attributes: [11]
Location #417
    Mapping index: 7
    Address: 3817394
    Line #0
        Function index: 235
        Line: 0
        Column: 0
    Attributes: [11]
Location #418
    Mapping index: 7
    Address: 3819289
    Line #0
        Function index: 265
        Line: 0
        Column: 0
    Attributes: [11]
Location #419
    Mapping index: 7
    Address: 1231298
    Line #0
        Function index: 266
        Line: 0
        Column: 0
    Attributes: [11]
Location #420
    Mapping index: 7
    Address: 25862
    Line #0
        Function index: 267
        Line: 0
        Column: 0
    Attributes: [11]
Location #421
    Mapping index: 2
    Address: 1227027
    Attributes: [3]
Location #422
    Mapping index: 7
    Address: 3531854
    Line #0
        Function index: 268
        Line: 0
        Column: 0
    Attributes: [11]
Location #423
    Mapping index: 7
    Address: 2777330
    Line #0
        Function index: 269
        Line: 0
        Column: 0
    Attributes: [11]
Location #424
    Mapping index: 7
    Address: 2778785
    Line #0
        Function index: 270
        Line: 0
        Column: 0
    Attributes: [11]
Location #425
    Mapping index: 7
    Address: 2787302
    Line #0
        Function index: 271
        Line: 0
        Column: 0
    Attributes: [11]
Location #426
    Mapping index: 7
    Address: 3793480
    Line #0
        Function index: 272
        Line: 0
        Column: 0
    Attributes: [11]
Location #427
    Mapping index: 7
    Address: 3821165
    Line #0
        Function index: 273
        Line: 0
        Column: 0
    Attributes: [11]
Location #428
    Mapping index: 7
    Address: 3300401
    Line #0
        Function index: 274
        Line: 0
        Column: 0
    Attributes: [11]
Location #429
    Mapping index: 7
    Address: 3303032
    Line #0
        Function index: 275
        Line: 0
        Column: 0
    Attributes: [11]
Location #430
    Mapping index: 7
    Address: 3303550
    Line #0
        Function index: 276
        Line: 0
        Column: 0
    Attributes: [11]
Location #431
    Mapping index: 7
    Address: 3302883
    Line #0
        Function index: 277
        Line: 0
        Column: 0
    Attributes: [11]
Location #432
    Mapping index: 7
    Address: 3404510
    Line #0
        Function index: 278
        Line: 0
        Column: 0
    Attributes: [11]
Location #433
    Mapping index: 7
    Address: 143598
    Line #0
        Function index: 279
        Line: 0
        Column: 0
    Attributes: [11]
Location #434
    Mapping index: 8
    Address: 386631
    Line #0
        Function index: 280
        Line: 0
        Column: 0
    Attributes: [11]
Location #435
    Mapping index: 8
    Address: 111268
    Line #0
        Function index: 281
        Line: 0
        Column: 0
    Attributes: [11]
Location #436
    Mapping index: 8
    Address: 94491
    Line #0
        Function index: 197
        Line: 0
        Column: 0
    Attributes: [11]
Location #437
    Mapping index: 2
    Address: 1608797
    Attributes: [3]
Location #438
    Mapping index: 9
    Address: 14571578
    Attributes: [3]
Location #439
    Mapping index: 9
    Address: 16666998
    Attributes: [3]
Location #440
    Mapping index: 9
    Address: 15712897
    Attributes: [3]
Location #441
    Mapping index: 9
    Address: 16925696
    Attributes: [3]
Location #442
    Mapping index: 9
    Address: 16919781
    Attributes: [3]
Location #443
    Mapping index: 9
    Address: 15518371
    Attributes: [3]
Location #444
    Mapping index: 9
    Address: 15968003
    Attributes: [3]
Location #445
    Mapping index: 9
    Address: 15905384
    Attributes: [3]
Location #446
    Mapping index: 9
    Address: 16317066
    Attributes: [3]
Location #447
    Mapping index: 9
    Address: 15858770
    Attributes: [3]
Location #448
    Mapping index: 9
    Address: 16637480
    Attributes: [3]
Location #449
    Mapping index: 9
    Address: 21388591
    Attributes: [3]
Location #450
    Mapping index: 9
    Address: 16319364
    Attributes: [3]
Location #451
    Mapping index: 9
    Address: 14536356
    Attributes: [3]
Location #452
    Mapping index: 3
    Address: 9554760
    Line #0
        Function index: 282
        Line: 0
        Column: 0
    Attributes: [11]
Location #453
    Mapping index: 3
    Address: 9557923
    Line #0
        Function index: 283
        Line: 0
        Column: 0
    Attributes: [11]
Location #454
    Mapping index: 3
    Address: 9521826
    Line #0
        Function index: 284
        Line: 0
        Column: 0
    Attributes: [11]
Location #455
    Mapping index: 3
    Address: 8929165
    Line #0
        Function index: 285
        Line: 0
        Column: 0
    Attributes: [11]
Location #456
    Mapping index: 3
    Address: 8930316
    Line #0
        Function index: 286
        Line: 0
        Column: 0
    Attributes: [11]
Location #457
    Mapping index: 3
    Address: 8662554
    Line #0
        Function index: 81
        Line: 0
        Column: 0
    Attributes: [11]
Location #458
    Mapping index: 3
    Address: 8666654
    Line #0
        Function index: 287
        Line: 0
        Column: 0
    Attributes: [11]
Location #459
    Mapping index: 3
    Address: 8666824
    Line #0
        Function index: 288
        Line: 0
        Column: 0
    Attributes: [11]
Location #460
    Mapping index: 3
    Address: 3171795
    Line #0
        Function index: 51
        Line: 0
        Column: 0
    Attributes: [11]
Location #461
    Mapping index: 2
    Address: 1161929
    Attributes: [3]
Location #462
    Mapping index: 9
    Address: 21424573
    Attributes: [3]
Location #463
    Mapping index: 9
    Address: 21422835
    Attributes: [3]
Location #464
    Mapping index: 9
    Address: 21405096
    Attributes: [3]
Location #465
    Mapping index: 9
    Address: 15505417
    Attributes: [3]
Location #466
    Mapping index: 9
    Address: 15518022
    Attributes: [3]
Location #467
    Mapping index: 9
    Address: 16632377
    Attributes: [3]
Location #468
    Mapping index: 9
    Address: 15223336
    Attributes: [3]
Location #469
    Mapping index: 9
    Address: 15718939
    Attributes: [3]
Location #470
    Mapping index: 9
    Address: 16919821
    Attributes: [3]
Location #471
    Mapping index: 3
    Address: 8006069
    Line #0
        Function index: 289
        Line: 0
        Column: 0
    Attributes: [11]
Location #472
    Mapping index: 3
    Address: 7953237
    Line #0
        Function index: 290
        Line: 0
        Column: 0
    Attributes: [11]
Location #473
    Mapping index: 3
    Address: 4411081
    Line #0
        Function index: 291
        Line: 0
        Column: 0
    Attributes: [11]
Location #474
    Mapping index: 3
    Address: 4412409
    Line #0
        Function index: 292
        Line: 0
        Column: 0
    Attributes: [11]
Location #475
    Mapping index: 3
    Address: 4461015
    Line #0
        Function index: 293
        Line: 0
        Column: 0
    Attributes: [11]
Location #476
    Mapping index: 3
    Address: 3573443
    Line #0
        Function index: 294
        Line: 0
        Column: 0
    Attributes: [11]
Location #477
    Mapping index: 3
    Address: 3163321
    Line #0
        Function index: 295
        Line: 0
        Column: 0
    Attributes: [11]
Function #0
    Name: 0
    System name: 0
    Filename: 0
    Start line: 0
Function #1
    Name: 9
    System name: 0
    Filename: 0
    Start line: 0
Function #2
    Name: 10
    System name: 0
    Filename: 0
    Start line: 0
Function #3
    Name: 11
    System name: 0
    Filename: 12
    Start line: 0
Function #4
    Name: 13
    System name: 0
    Filename: 14
    Start line: 0
Function #5
    Name: 15
    System name: 0
    Filename: 16
    Start line: 0
Function #6
    Name: 17
    System name: 0
    Filename: 16
    Start line: 0
Function #7
    Name: 18
    System name: 0
    Filename: 16
    Start line: 0
Function #8
    Name: 19
    System name: 0
    Filename: 16
    Start line: 0
Function #9
    Name: 20
    System name: 0
    Filename: 16
    Start line: 0
Function #10
    Name: 21
    System name: 0
    Filename: 16
    Start line: 0
Function #11
    Name: 22
    System name: 0
    Filename: 0
    Start line: 0
Function #12
    Name: 23
    System name: 0
    Filename: 0
    Start line: 0
Function #13
    Name: 29
    System name: 0
    Filename: 0
    Start line: 0
Function #14
    Name: 30
    System name: 0
    Filename: 0
    Start line: 0
Function #15
    Name: 31
    System name: 0
    Filename: 0
    Start line: 0
Function #16
    Name: 32
    System name: 0
    Filename: 0
    Start line: 0
Function #17
    Name: 33
    System name: 0
    Filename: 0
    Start line: 0
Function #18
    Name: 34
    System name: 0
    Filename: 0
    Start line: 0
Function #19
    Name: 35
    System name: 0
    Filename: 0
    Start line: 0
Function #20
    Name: 36
    System name: 0
    Filename: 0
    Start line: 0
Function #21
    Name: 37
    System name: 0
    Filename: 0
    Start line: 0
Function #22
    Name: 38
    System name: 0
    Filename: 0
    Start line: 0
Function #23
    Name: 39
    System name: 0
    Filename: 0
    Start line: 0
Function #24
    Name: 40
    System name: 0
    Filename: 0
    Start line: 0
Function #25
    Name: 41
    System name: 0
    Filename: 0
    Start line: 0
Function #26
    Name: 42
    System name: 0
    Filename: 0
    Start line: 0
Function #27
    Name: 43
    System name: 0
    Filename: 0
    Start line: 0
Function #28
    Name: 44
    System name: 0
    Filename: 0
    Start line: 0
Function #29
    Name: 45
    System name: 0
    Filename: 0
    Start line: 0
Function #30
    Name: 46
    System name: 0
    Filename: 0
    Start line: 0
Function #31
    Name: 47
    System name: 0
    Filename: 0
    Start line: 0
Function #32
    Name: 48
    System name: 0
    Filename: 0
    Start line: 0
Function #33
    Name: 49
    System name: 0
    Filename: 0
    Start line: 0
Function #34
    Name: 50
    System name: 0
    Filename: 0
    Start line: 0
Function #35
    Name: 51
    System name: 0
    Filename: 0
    Start line: 0
Function #36
    Name: 52
    System name: 0
    Filename: 0
    Start line: 0
Function #37
    Name: 53
    System name: 0
    Filename: 0
    Start line: 0
Function #38
    Name: 54
    System name: 0
    Filename: 0
    Start line: 0
Function #39
    Name: 55
    System name: 0
    Filename: 0
    Start line: 0
Function #40
    Name: 56
    System name: 0
    Filename: 0
    Start line: 0
Function #41
    Name: 57
    System name: 0
    Filename: 0
    Start line: 0
Function #42
    Name: 59
    System name: 0
    Filename: 0
    Start line: 0
Function #43
    Name: 60
    System name: 0
    Filename: 0
    Start line: 0
Function #44
    Name: 61
    System name: 0
    Filename: 0
    Start line: 0
Function #45
    Name: 62
    System name: 0
    Filename: 0
    Start line: 0
Function #46
    Name: 63
    System name: 0
    Filename: 0
    Start line: 0
Function #47
    Name: 64
    System name: 0
    Filename: 0
    Start line: 0
Function #48
    Name: 65
    System name: 0
    Filename: 0
    Start line: 0
Function #49
    Name: 66
    System name: 0
    Filename: 0
    Start line: 0
Function #50
    Name: 67
    System name: 0
    Filename: 0
    Start line: 0
Function #51
    Name: 68
    System name: 0
    Filename: 0
    Start line: 0
Function #52
    Name: 69
    System name: 0
    Filename: 0
    Start line: 0
Function #53
    Name: 70
    System name: 0
    Filename: 0
    Start line: 0
Function #54
    Name: 71
    System name: 0
    Filename: 0
    Start line: 0
Function #55
    Name: 72
    System name: 0
    Filename: 0
    Start line: 0
Function #56
    Name: 73
    System name: 0
    Filename: 0
    Start line: 0
Function #57
    Name: 74
    System name: 0
    Filename: 0
    Start line: 0
Function #58
    Name: 75
    System name: 0
    Filename: 0
    Start line: 0
Function #59
    Name: 76
    System name: 0
    Filename: 0
    Start line: 0
Function #60
    Name: 77
    System name: 0
    Filename: 0
    Start line: 0
Function #61
    Name: 78
    System name: 0
    Filename: 0
    Start line: 0
Function #62
    Name: 79
    System name: 0
    Filename: 0
    Start line: 0
Function #63
    Name: 80
    System name: 0
    Filename: 0
    Start line: 0
Function #64
    Name: 81
    System name: 0
    Filename: 0
    Start line: 0
Function #65
    Name: 82
    System name: 0
    Filename: 0
    Start line: 0
Function #66
    Name: 83
    System name: 0
    Filename: 0
    Start line: 0
Function #67
    Name: 84
    System name: 0
    Filename: 0
    Start line: 0
Function #68
    Name: 86
    System name: 0
    Filename: 0
    Start line: 0
Function #69
    Name: 87
    System name: 0
    Filename: 0
    Start line: 0
Function #70
    Name: 88
    System name: 0
    Filename: 0
    Start line: 0
Function #71
    Name: 89
    System name: 0
    Filename: 0
    Start line: 0
Function #72
    Name: 90
    System name: 0
    Filename: 0
    Start line: 0
Function #73
    Name: 91
    System name: 0
    Filename: 0
    Start line: 0
Function #74
    Name: 92
    System name: 0
    Filename: 0
    Start line: 0
Function #75
    Name: 93
    System name: 0
    Filename: 0
    Start line: 0
Function #76
    Name: 94
    System name: 0
    Filename: 0
    Start line: 0
Function #77
    Name: 95
    System name: 0
    Filename: 0
    Start line: 0
Function #78
    Name: 96
    System name: 0
    Filename: 0
    Start line: 0
Function #79
    Name: 97
    System name: 0
    Filename: 0
    Start line: 0
Function #80
    Name: 98
    System name: 0
    Filename: 0
    Start line: 0
Function #81
    Name: 99
    System name: 0
    Filename: 0
    Start line: 0
Function #82
    Name: 100
    System name: 0
    Filename: 0
    Start line: 0
Function #83
    Name: 101
    System name: 0
    Filename: 0
    Start line: 0
Function #84
    Name: 102
    System name: 0
    Filename: 0
    Start line: 0
Function #85
    Name: 103
    System name: 0
    Filename: 0
    Start line: 0
Function #86
    Name: 104
    System name: 0
    Filename: 0
    Start line: 0
Function #87
    Name: 105
    System name: 0
    Filename: 0
    Start line: 0
Function #88
    Name: 106
    System name: 0
    Filename: 0
    Start line: 0
Function #89
    Name: 107
    System name: 0
    Filename: 0
    Start line: 0
Function #90
    Name: 108
    System name: 0
    Filename: 0
    Start line: 0
Function #91
    Name: 109
    System name: 0
    Filename: 0
    Start line: 0
Function #92
    Name: 110
    System name: 0
    Filename: 0
    Start line: 0
Function #93
    Name: 111
    System name: 0
    Filename: 0
    Start line: 0
Function #94
    Name: 112
    System name: 0
    Filename: 0
    Start line: 0
Function #95
    Name: 113
    System name: 0
    Filename: 0
    Start line: 0
Function #96
    Name: 116
    System name: 0
    Filename: 117
    Start line: 0
Function #97
    Name: 118
    System name: 0
    Filename: 117
    Start line: 0
Function #98
    Name: 119
    System name: 0
    Filename: 117
    Start line: 0
Function #99
    Name: 120
    System name: 0
    Filename: 117
    Start line: 0
Function #100
    Name: 121
    System name: 0
    Filename: 122
    Start line: 0
Function #101
    Name: 123
    System name: 0
    Filename: 122
    Start line: 0
Function #102
    Name: 124
    System name: 0
    Filename: 125
    Start line: 0
Function #103
    Name: 126
    System name: 0
    Filename: 127
    Start line: 0
Function #104
    Name: 128
    System name: 0
    Filename: 129
    Start line: 0
Function #105
    Name: 130
    System name: 0
    Filename: 129
    Start line: 0
Function #106
    Name: 131
    System name: 0
    Filename: 132
    Start line: 0
Function #107
    Name: 133
    System name: 0
    Filename: 132
    Start line: 0
Function #108
    Name: 134
    System name: 0
    Filename: 132
    Start line: 0
Function #109
    Name: 135
    System name: 0
    Filename: 129
    Start line: 0
Function #110
    Name: 136
    System name: 0
    Filename: 137
    Start line: 0
Function #111
    Name: 138
    System name: 0
    Filename: 137
    Start line: 0
Function #112
    Name: 139
    System name: 0
    Filename: 140
    Start line: 0
Function #113
    Name: 141
    System name: 0
    Filename: 117
    Start line: 0
Function #114
    Name: 142
    System name: 0
    Filename: 143
    Start line: 0
Function #115
    Name: 144
    System name: 0
    Filename: 143
    Start line: 0
Function #116
    Name: 145
    System name: 0
    Filename: 146
    Start line: 0
Function #117
    Name: 147
    System name: 0
    Filename: 0
    Start line: 0
Function #118
    Name: 148
    System name: 0
    Filename: 0
    Start line: 0
Function #119
    Name: 149
    System name: 0
    Filename: 0
    Start line: 0
Function #120
    Name: 150
    System name: 0
    Filename: 0
    Start line: 0
Function #121
    Name: 151
    System name: 0
    Filename: 0
    Start line: 0
Function #122
    Name: 152
    System name: 0
    Filename: 0
    Start line: 0
Function #123
    Name: 153
    System name: 0
    Filename: 0
    Start line: 0
Function #124
    Name: 154
    System name: 0
    Filename: 0
    Start line: 0
Function #125
    Name: 155
    System name: 0
    Filename: 0
    Start line: 0
Function #126
    Name: 156
    System name: 0
    Filename: 0
    Start line: 0
Function #127
    Name: 157
    System name: 0
    Filename: 0
    Start line: 0
Function #128
    Name: 158
    System name: 0
    Filename: 159
    Start line: 0
Function #129
    Name: 160
    System name: 0
    Filename: 161
    Start line: 0
Function #130
    Name: 162
    System name: 0
    Filename: 163
    Start line: 0
Function #131
    Name: 164
    System name: 0
    Filename: 163
    Start line: 0
Function #132
    Name: 165
    System name: 0
    Filename: 140
    Start line: 0
Function #133
    Name: 166
    System name: 0
    Filename: 163
    Start line: 0
Function #134
    Name: 167
    System name: 0
    Filename: 163
    Start line: 0
Function #135
    Name: 168
    System name: 0
    Filename: 163
    Start line: 0
Function #136
    Name: 169
    System name: 0
    Filename: 163
    Start line: 0
Function #137
    Name: 170
    System name: 0
    Filename: 171
    Start line: 0
Function #138
    Name: 172
    System name: 0
    Filename: 0
    Start line: 0
Function #139
    Name: 173
    System name: 0
    Filename: 0
    Start line: 0
Function #140
    Name: 174
    System name: 0
    Filename: 0
    Start line: 0
Function #141
    Name: 175
    System name: 0
    Filename: 0
    Start line: 0
Function #142
    Name: 176
    System name: 0
    Filename: 0
    Start line: 0
Function #143
    Name: 177
    System name: 0
    Filename: 0
    Start line: 0
Function #144
    Name: 178
    System name: 0
    Filename: 0
    Start line: 0
Function #145
    Name: 179
    System name: 0
    Filename: 0
    Start line: 0
Function #146
    Name: 180
    System name: 0
    Filename: 0
    Start line: 0
Function #147
    Name: 181
    System name: 0
    Filename: 0
    Start line: 0
Function #148
    Name: 182
    System name: 0
    Filename: 183
    Start line: 0
Function #149
    Name: 184
    System name: 0
    Filename: 185
    Start line: 0
Function #150
    Name: 186
    System name: 0
    Filename: 185
    Start line: 0
Function #151
    Name: 186
    System name: 0
    Filename: 187
    Start line: 0
Function #152
    Name: 188
    System name: 0
    Filename: 189
    Start line: 0
Function #153
    Name: 190
    System name: 0
    Filename: 191
    Start line: 0
Function #154
    Name: 192
    System name: 0
    Filename: 193
    Start line: 0
Function #155
    Name: 194
    System name: 0
    Filename: 193
    Start line: 0
Function #156
    Name: 195
    System name: 0
    Filename: 193
    Start line: 0
Function #157
    Name: 196
    System name: 0
    Filename: 197
    Start line: 0
Function #158
    Name: 198
    System name: 0
    Filename: 127
    Start line: 0
Function #159
    Name: 199
    System name: 0
    Filename: 200
    Start line: 0
Function #160
    Name: 201
    System name: 0
    Filename: 202
    Start line: 0
Function #161
    Name: 203
    System name: 0
    Filename: 202
    Start line: 0
Function #162
    Name: 204
    System name: 0
    Filename: 205
    Start line: 0
Function #163
    Name: 206
    System name: 0
    Filename: 205
    Start line: 0
Function #164
    Name: 207
    System name: 0
    Filename: 208
    Start line: 0
Function #165
    Name: 209
    System name: 0
    Filename: 132
    Start line: 0
Function #166
    Name: 210
    System name: 0
    Filename: 132
    Start line: 0
Function #167
    Name: 211
    System name: 0
    Filename: 132
    Start line: 0
Function #168
    Name: 212
    System name: 0
    Filename: 129
    Start line: 0
Function #169
    Name: 213
    System name: 0
    Filename: 143
    Start line: 0
Function #170
    Name: 214
    System name: 0
    Filename: 0
    Start line: 0
Function #171
    Name: 215
    System name: 0
    Filename: 0
    Start line: 0
Function #172
    Name: 216
    System name: 0
    Filename: 0
    Start line: 0
Function #173
    Name: 217
    System name: 0
    Filename: 193
    Start line: 0
Function #174
    Name: 218
    System name: 0
    Filename: 193
    Start line: 0
Function #175
    Name: 219
    System name: 0
    Filename: 0
    Start line: 0
Function #176
    Name: 221
    System name: 0
    Filename: 0
    Start line: 0
Function #177
    Name: 222
    System name: 0
    Filename: 0
    Start line: 0
Function #178
    Name: 223
    System name: 0
    Filename: 0
    Start line: 0
Function #179
    Name: 224
    System name: 0
    Filename: 0
    Start line: 0
Function #180
    Name: 225
    System name: 0
    Filename: 0
    Start line: 0
Function #181
    Name: 226
    System name: 0
    Filename: 0
    Start line: 0
Function #182
    Name: 227
    System name: 0
    Filename: 0
    Start line: 0
Function #183
    Name: 228
    System name: 0
    Filename: 0
    Start line: 0
Function #184
    Name: 229
    System name: 0
    Filename: 0
    Start line: 0
Function #185
    Name: 230
    System name: 0
    Filename: 0
    Start line: 0
Function #186
    Name: 231
    System name: 0
    Filename: 0
    Start line: 0
Function #187
    Name: 232
    System name: 0
    Filename: 0
    Start line: 0
Function #188
    Name: 233
    System name: 0
    Filename: 0
    Start line: 0
Function #189
    Name: 234
    System name: 0
    Filename: 0
    Start line: 0
Function #190
    Name: 235
    System name: 0
    Filename: 0
    Start line: 0
Function #191
    Name: 236
    System name: 0
    Filename: 0
    Start line: 0
Function #192
    Name: 237
    System name: 0
    Filename: 0
    Start line: 0
Function #193
    Name: 238
    System name: 0
    Filename: 0
    Start line: 0
Function #194
    Name: 239
    System name: 0
    Filename: 0
    Start line: 0
Function #195
    Name: 240
    System name: 0
    Filename: 0
    Start line: 0
Function #196
    Name: 241
    System name: 0
    Filename: 0
    Start line: 0
Function #197
    Name: 243
    System name: 0
    Filename: 0
    Start line: 0
Function #198
    Name: 244
    System name: 0
    Filename: 0
    Start line: 0
Function #199
    Name: 245
    System name: 0
    Filename: 0
    Start line: 0
Function #200
    Name: 246
    System name: 0
    Filename: 0
    Start line: 0
Function #201
    Name: 247
    System name: 0
    Filename: 0
    Start line: 0
Function #202
    Name: 248
    System name: 0
    Filename: 0
    Start line: 0
Function #203
    Name: 249
    System name: 0
    Filename: 0
    Start line: 0
Function #204
    Name: 250
    System name: 0
    Filename: 0
    Start line: 0
Function #205
    Name: 251
    System name: 0
    Filename: 0
    Start line: 0
Function #206
    Name: 252
    System name: 0
    Filename: 0
    Start line: 0
Function #207
    Name: 253
    System name: 0
    Filename: 0
    Start line: 0
Function #208
    Name: 254
    System name: 0
    Filename: 0
    Start line: 0
Function #209
    Name: 255
    System name: 0
    Filename: 0
    Start line: 0
Function #210
    Name: 256
    System name: 0
    Filename: 0
    Start line: 0
Function #211
    Name: 257
    System name: 0
    Filename: 0
    Start line: 0
Function #212
    Name: 258
    System name: 0
    Filename: 0
    Start line: 0
Function #213
    Name: 259
    System name: 0
    Filename: 0
    Start line: 0
Function #214
    Name: 260
    System name: 0
    Filename: 0
    Start line: 0
Function #215
    Name: 261
    System name: 0
    Filename: 0
    Start line: 0
Function #216
    Name: 262
    System name: 0
    Filename: 0
    Start line: 0
Function #217
    Name: 263
    System name: 0
    Filename: 0
    Start line: 0
Function #218
    Name: 264
    System name: 0
    Filename: 0
    Start line: 0
Function #219
    Name: 265
    System name: 0
    Filename: 0
    Start line: 0
Function #220
    Name: 266
    System name: 0
    Filename: 0
    Start line: 0
Function #221
    Name: 267
    System name: 0
    Filename: 0
    Start line: 0
Function #222
    Name: 268
    System name: 0
    Filename: 0
    Start line: 0
Function #223
    Name: 269
    System name: 0
    Filename: 0
    Start line: 0
Function #224
    Name: 270
    System name: 0
    Filename: 0
    Start line: 0
Function #225
    Name: 271
    System name: 0
    Filename: 0
    Start line: 0
Function #226
    Name: 272
    System name: 0
    Filename: 0
    Start line: 0
Function #227
    Name: 273
    System name: 0
    Filename: 0
    Start line: 0
Function #228
    Name: 274
    System name: 0
    Filename: 0
    Start line: 0
Function #229
    Name: 275
    System name: 0
    Filename: 0
    Start line: 0
Function #230
    Name: 276
    System name: 0
    Filename: 0
    Start line: 0
Function #231
    Name: 277
    System name: 0
    Filename: 0
    Start line: 0
Function #232
    Name: 278
    System name: 0
    Filename: 0
    Start line: 0
Function #233
    Name: 279
    System name: 0
    Filename: 0
    Start line: 0
Function #234
    Name: 280
    System name: 0
    Filename: 0
    Start line: 0
Function #235
    Name: 281
    System name: 0
    Filename: 0
    Start line: 0
Function #236
    Name: 282
    System name: 0
    Filename: 0
    Start line: 0
Function #237
    Name: 283
    System name: 0
    Filename: 0
    Start line: 0
Function #238
    Name: 284
    System name: 0
    Filename: 0
    Start line: 0
Function #239
    Name: 285
    System name: 0
    Filename: 0
    Start line: 0
Function #240
    Name: 286
    System name: 0
    Filename: 0
    Start line: 0
Function #241
    Name: 287
    System name: 0
    Filename: 0
    Start line: 0
Function #242
    Name: 288
    System name: 0
    Filename: 0
    Start line: 0
Function #243
    Name: 289
    System name: 0
    Filename: 0
    Start line: 0
Function #244
    Name: 290
    System name: 0
    Filename: 0
    Start line: 0
Function #245
    Name: 291
    System name: 0
    Filename: 0
    Start line: 0
Function #246
    Name: 292
    System name: 0
    Filename: 0
    Start line: 0
Function #247
    Name: 293
    System name: 0
    Filename: 0
    Start line: 0
Function #248
    Name: 294
    System name: 0
    Filename: 0
    Start line: 0
Function #249
    Name: 295
    System name: 0
    Filename: 0
    Start line: 0
Function #250
    Name: 296
    System name: 0
    Filename: 0
    Start line: 0
Function #251
    Name: 297
    System name: 0
    Filename: 0
    Start line: 0
Function #252
    Name: 298
    System name: 0
    Filename: 0
    Start line: 0
Function #253
    Name: 299
    System name: 0
    Filename: 0
    Start line: 0
Function #254
    Name: 300
    System name: 0
    Filename: 0
    Start line: 0
Function #255
    Name: 301
    System name: 0
    Filename: 0
    Start line: 0
Function #256
    Name: 302
    System name: 0
    Filename: 0
    Start line: 0
Function #257
    Name: 303
    System name: 0
    Filename: 0
    Start line: 0
Function #258
    Name: 304
    System name: 0
    Filename: 0
    Start line: 0
Function #259
    Name: 305
    System name: 0
    Filename: 0
    Start line: 0
Function #260
    Name: 306
    System name: 0
    Filename: 0
    Start line: 0
Function #261
    Name: 307
    System name: 0
    Filename: 0
    Start line: 0
Function #262
    Name: 308
    System name: 0
    Filename: 0
    Start line: 0
Function #263
    Name: 309
    System name: 0
    Filename: 0
    Start line: 0
Function #264
    Name: 310
    System name: 0
    Filename: 0
    Start line: 0
Function #265
    Name: 311
    System name: 0
    Filename: 0
    Start line: 0
Function #266
    Name: 312
    System name: 0
    Filename: 0
    Start line: 0
Function #267
    Name: 313
    System name: 0
    Filename: 0
    Start line: 0
Function #268
    Name: 314
    System name: 0
    Filename: 0
    Start line: 0
Function #269
    Name: 315
    System name: 0
    Filename: 0
    Start line: 0
Function #270
    Name: 316
    System name: 0
    Filename: 0
    Start line: 0
Function #271
    Name: 317
    System name: 0
    Filename: 0
    Start line: 0
Function #272
    Name: 318
    System name: 0
    Filename: 0
    Start line: 0
Function #273
    Name: 319
    System name: 0
    Filename: 0
    Start line: 0
Function #274
    Name: 320
    System name: 0
    Filename: 0
    Start line: 0
Function #275
    Name: 321
    System name: 0
    Filename: 0
    Start line: 0
Function #276
    Name: 322
    System name: 0
    Filename: 0
    Start line: 0
Function #277
    Name: 323
    System name: 0
    Filename: 0
    Start line: 0
Function #278
    Name: 324
    System name: 0
    Filename: 0
    Start line: 0
Function #279
    Name: 325
    System name: 0
    Filename: 0
    Start line: 0
Function #280
    Name: 326
    System name: 0
    Filename: 0
    Start line: 0
Function #281
    Name: 327
    System name: 0
    Filename: 0
    Start line: 0
Function #282
    Name: 329
    System name: 0
    Filename: 0
    Start line: 0
Function #283
    Name: 330
    System name: 0
    Filename: 0
    Start line: 0
Function #284
    Name: 331
    System name: 0
    Filename: 0
    Start line: 0
Function #285
    Name: 332
    System name: 0
    Filename: 0
    Start line: 0
Function #286
    Name: 333
    System name: 0
    Filename: 0
    Start line: 0
Function #287
    Name: 334
    System name: 0
    Filename: 0
    Start line: 0
Function #288
    Name: 335
    System name: 0
    Filename: 0
    Start line: 0
Function #289
    Name: 336
    System name: 0
    Filename: 0
    Start line: 0
Function #290
    Name: 337
    System name: 0
    Filename: 0
    Start line: 0
Function #291
    Name: 338
    System name: 0
    Filename: 0
    Start line: 0
Function #292
    Name: 339
    System name: 0
    Filename: 0
    Start line: 0
Function #293
    Name: 340
    System name: 0
    Filename: 0
    Start line: 0
Function #294
    Name: 341
    System name: 0
    Filename: 0
    Start line: 0
Function #295
    Name: 342
    System name: 0
    Filename: 0
    Start line: 0
Attribute table:
     -> Key: Int(27)
     -> Value: Str(12)
     -> unit: Int(0)
Link table:
     -> Trace ID: Str()
     -> Span ID: Str()
String table:
    
    cpu
    nanoseconds
    samples
    count
    node
    process.executable.build_id.gnu
    process.executable.build_id.htlhash
    profile.frame.type
    V8::BuiltinExitFrame
    V8::ConstructFrame
    compileSourceTextModule
    node:internal/modules/esm/utils
    moduleStrategy
    node:internal/modules/esm/translators
    #translate
    node:internal/modules/esm/loader
    afterLoad
    loadAndTranslate
    #createModuleJob
    #getJobFromResolveResult
    getModuleJobForImport
    V8::StubFrame
    V8::EntryFrame
    libc.so.6
    thread.name
    thread.id
    cpu.logical_number
    vmlinux
    _raw_spin_unlock_irqrestore
    free_pcppages_bulk
    free_frozen_page_commit
    free_unref_folios
    folios_put_refs
    free_pages_and_swap_cache
    __tlb_batch_free_encoded_pages
    tlb_flush_mmu
    zap_pte_range
    zap_pmd_range.isra.0
    zap_pud_range.isra.0
    unmap_page_range
    unmap_single_vma
    unmap_vmas
    exit_mmap
    mmput
    exit_mm
    do_exit
    do_group_exit
    get_signal
    arch_do_signal_or_restart
    syscall_exit_to_user_mode
    do_syscall_64
    entry_SYSCALL_64_after_hwframe
    mas_walk
    lock_vma_under_rcu
    do_user_addr_fault
    exc_page_fault
    asm_exc_page_fault
    codex
    copy_present_ptes
    copy_pte_range
    copy_p4d_range
    copy_page_range
    dup_mmap
    dup_mm.constprop.0
    copy_process
    kernel_clone
    __x64_sys_fork
    x64_sys_call
    do_wp_page
    handle_pte_fault
    __handle_mm_fault
    handle_mm_fault
    inet_steal_sock.constprop.0
    __udp4_lib_rcv
    udp_rcv
    ip_protocol_deliver_rcu
    ip_local_deliver_finish
    ip_local_deliver
    ip_sublist_rcv_finish
    ip_sublist_rcv
    ip_list_rcv
    __netif_receive_skb_list_core
    netif_receive_skb_list_internal
    napi_complete_done
    r8169
    rtl8169_poll
    __napi_poll
    net_rx_action
    handle_softirqs
    __irq_exit_rcu
    irq_exit_rcu
    common_interrupt
    asm_common_interrupt
    _copy_to_iter
    copy_page_to_iter
    filemap_read
    generic_file_read_iter
    ext4_file_read_iter
    vfs_read
    __x64_sys_pread64
    aa_file_perm
    security_file_permission
    rw_verify_area
    vfs_write
    __x64_sys_pwrite64
    finish_task_switch.isra.0
    __schedule
    schedule
    futex_wait_queue
    __futex_wait
    futex_wait
    do_futex
    __x64_sys_futex
    otelcol-ebpf-profiler
    process.executable.build_id.go
    go.opentelemetry.io/ebpf-profiler/nativeunwind/elfunwindinfo.(*state).step
    /tmp/opentelemetry-ebpf-profiler/nativeunwind/elfunwindinfo/elfehframe.go
    go.opentelemetry.io/ebpf-profiler/nativeunwind/elfunwindinfo.(*elfExtractor).parseFDE
    go.opentelemetry.io/ebpf-profiler/nativeunwind/elfunwindinfo.(*elfExtractor).walkBinSearchTable
    go.opentelemetry.io/ebpf-profiler/nativeunwind/elfunwindinfo.(*elfExtractor).parseEHFrame
    go.opentelemetry.io/ebpf-profiler/nativeunwind/elfunwindinfo.extractFile
    /tmp/opentelemetry-ebpf-profiler/nativeunwind/elfunwindinfo/stackdeltaextraction.go
    go.opentelemetry.io/ebpf-profiler/nativeunwind/elfunwindinfo.ExtractELF
    go.opentelemetry.io/ebpf-profiler/nativeunwind/elfunwindinfo.(*ELFStackDeltaProvider).GetIntervalStructuresForFile
    /tmp/opentelemetry-ebpf-profiler/nativeunwind/elfunwindinfo/stackdeltaprovider.go
    go.opentelemetry.io/ebpf-profiler/processmanager/execinfomanager.(*ExecutableInfoManager).AddOrIncRef
    /tmp/opentelemetry-ebpf-profiler/processmanager/execinfomanager/manager.go
    go.opentelemetry.io/ebpf-profiler/processmanager.(*ProcessManager).newFrameMapping
    /tmp/opentelemetry-ebpf-profiler/processmanager/processinfo.go
    go.opentelemetry.io/ebpf-profiler/processmanager.(*ProcessManager).SynchronizeProcess.func1
    go.opentelemetry.io/ebpf-profiler/process.(*systemProcess).IterateMappings.func1
    /tmp/opentelemetry-ebpf-profiler/process/process.go
    go.opentelemetry.io/ebpf-profiler/process.iterateMappings
    go.opentelemetry.io/ebpf-profiler/process.(*systemProcess).IterateMappings
    go.opentelemetry.io/ebpf-profiler/processmanager.(*ProcessManager).SynchronizeProcess
    go.opentelemetry.io/ebpf-profiler/tracer.(*Tracer).processPIDEvents
    /tmp/opentelemetry-ebpf-profiler/tracer/events.go
    go.opentelemetry.io/ebpf-profiler/tracer.(*Tracer).StartPIDEventProcessor.gowrap1
    runtime.goexit
    /home/yunwei37/go/pkg/mod/golang.org/toolchain@v0.0.1-go1.25.0.linux-amd64/src/runtime/asm_amd64.s
    go.opentelemetry.io/ebpf-profiler/nativeunwind/elfunwindinfo.(*vmRegs).getUnwindInfo
    slices.partialInsertionSortCmpFunc[go.shape.struct { Address uint64; Hints uint8; Info go.opentelemetry.io/ebpf-profiler/support.UnwindInfo }]
    /home/yunwei37/go/pkg/mod/golang.org/toolchain@v0.0.1-go1.25.0.linux-amd64/src/slices/zsortanyfunc.go
    slices.pdqsortCmpFunc[go.shape.struct { Address uint64; Hints uint8; Info go.opentelemetry.io/ebpf-profiler/support.UnwindInfo }]
    go.opentelemetry.io/ebpf-profiler/nativeunwind/stackdeltatypes.(*StackDeltaArray).Sort
    /tmp/opentelemetry-ebpf-profiler/nativeunwind/stackdeltatypes/stackdeltatypes.go
    page_counter_cancel
    page_counter_uncharge
    uncharge_batch
    __mem_cgroup_uncharge_folios
    tlb_finish_mmu
    zap_page_range_single
    madvise_vma_behavior
    madvise_walk_vmas
    madvise_do_behavior
    do_madvise
    __x64_sys_madvise
    runtime.madvise
    /home/yunwei37/go/pkg/mod/golang.org/toolchain@v0.0.1-go1.25.0.linux-amd64/src/runtime/sys_linux_amd64.s
    runtime.sysUnusedOS
    /home/yunwei37/go/pkg/mod/golang.org/toolchain@v0.0.1-go1.25.0.linux-amd64/src/runtime/mem_linux.go
    runtime.(*pageAlloc).scavengeOne
    /home/yunwei37/go/pkg/mod/golang.org/toolchain@v0.0.1-go1.25.0.linux-amd64/src/runtime/mgcscavenge.go
    runtime.(*pageAlloc).scavenge.func1
    runtime.systemstack
    runtime.(*pageAlloc).scavenge
    runtime.(*scavengerState).init.func2
    runtime.(*scavengerState).run
    runtime.bgscavenge
    runtime.gcenable.gowrap2
    /home/yunwei37/go/pkg/mod/golang.org/toolchain@v0.0.1-go1.25.0.linux-amd64/src/runtime/mgc.go
    alloc_pages_mpol
    alloc_pages_noprof
    __vmalloc_area_node
    __vmalloc_node_range_noprof
    __bpf_map_area_alloc
    bpf_map_area_alloc
    array_map_alloc
    map_create
    __sys_bpf
    __x64_sys_bpf
    internal/runtime/syscall.Syscall6
    /home/yunwei37/go/pkg/mod/golang.org/toolchain@v0.0.1-go1.25.0.linux-amd64/src/internal/runtime/syscall/asm_linux_amd64.s
    syscall.RawSyscall6
    /home/yunwei37/go/pkg/mod/golang.org/toolchain@v0.0.1-go1.25.0.linux-amd64/src/syscall/syscall_linux.go
    syscall.Syscall
    <autogenerated>
    github.com/cilium/ebpf/internal/sys.BPF
    /home/yunwei37/go/pkg/mod/github.com/cilium/ebpf@v0.21.0/internal/unix/types_linux.go
    github.com/cilium/ebpf/internal/sys.MapCreate
    /home/yunwei37/go/pkg/mod/github.com/cilium/ebpf@v0.21.0/internal/sys/types.go
    github.com/cilium/ebpf.(*MapSpec).createMap
    /home/yunwei37/go/pkg/mod/github.com/cilium/ebpf@v0.21.0/map.go
    github.com/cilium/ebpf.newMapWithOptions
    github.com/cilium/ebpf.NewMapWithOptions
    go.opentelemetry.io/ebpf-profiler/processmanager/ebpf.(*ebpfMapsImpl).UpdateExeIDToStackDeltas
    /tmp/opentelemetry-ebpf-profiler/processmanager/ebpf/ebpf.go
    go.opentelemetry.io/ebpf-profiler/processmanager/execinfomanager.(*executableInfoManagerState).loadDeltas
    runtime.lock2
    /home/yunwei37/go/pkg/mod/golang.org/toolchain@v0.0.1-go1.25.0.linux-amd64/src/runtime/lock_spinbit.go
    runtime.removespecial
    /home/yunwei37/go/pkg/mod/golang.org/toolchain@v0.0.1-go1.25.0.linux-amd64/src/runtime/mheap.go
    runtime.removefinalizer
    runtime.SetFinalizer.func1
    /home/yunwei37/go/pkg/mod/golang.org/toolchain@v0.0.1-go1.25.0.linux-amd64/src/runtime/mfinal.go
    runtime.SetFinalizer
    os.(*file).close
    /home/yunwei37/go/pkg/mod/golang.org/toolchain@v0.0.1-go1.25.0.linux-amd64/src/os/file_unix.go
    go.opentelemetry.io/ebpf-profiler/process.extractContainerID.deferwrap1
    go.opentelemetry.io/ebpf-profiler/process.extractContainerID
    go.opentelemetry.io/ebpf-profiler/process.(*systemProcess).GetProcessMeta
    go.opentelemetry.io/ebpf-profiler/processmanager.(*ProcessManager).getPidInformation
    slices.partitionCmpFunc[go.shape.struct { Address uint64; Hints uint8; Info go.opentelemetry.io/ebpf-profiler/support.UnwindInfo }]
    _copy_from_user
    generic_map_update_batch
    bpf_map_do_batch
    github.com/cilium/ebpf.(*Map).batchUpdate
    github.com/cilium/ebpf.(*Map).BatchUpdate
    __check_object_size
    nvidia
    osDevReadReg032
    _regRead
    crashcatEngineLoadWayfinder_IMPL
    crashcatEngineGetNextCrashReport_IMPL
    kgspHealthCheck_TU102
    _kgspRpcDrainEvents
    _kgspRpcRecvPoll
    _issueRpcAndWait
    rpcRmApiAlloc_GSP
    vaspaceapiConstruct_IMPL
    __nvoc_objCreate_VaSpaceApi
    __nvoc_objCreateDynamic
    resservResourceFactory
    _clientAllocResourceHelper
    serverAllocResourceUnderLock
    serverAllocResource
    rmapiAllocWithSecInfo
    rmapiAllocWithSecInfoTls
    rmapiAlloc
    nvGpuOpsAddressSpaceCreate
    nvUvmInterfaceAddressSpaceCreate
    nvidia_uvm
    uvm_gpu_retain_by_uuid
    uvm_va_space_register_gpu
    uvm_api_register_gpu
    uvm_ioctl
    uvm_unlocked_ioctl_entry.part.0
    uvm_unlocked_ioctl_entry
    __x64_sys_ioctl
    get_page_from_freelist
    __alloc_frozen_pages_noprof
    get_free_pages_noprof
    nv_alloc_system_pages
    nv_alloc_pages
    osAllocPagesInternal
    memdescAlloc
    sysmemConstruct_IMPL
    __nvoc_objCreate_SystemMemory
    Nv04AllocWithAccessSecInfo
    RmIoctl
    rm_ioctl
    nvidia_unlocked_ioctl
    filemap_get_entry
    shmem_get_folio_gfp
    shmem_fault
    __do_fault
    do_read_fault
    do_fault
    zap_present_ptes.constprop.0
    vms_clear_ptes
    vms_complete_munmap_vmas
    do_vmi_align_munmap
    do_vmi_munmap
    __vm_munmap
    __x64_sys_munmap
    rpcRmApiFree_GSP
    serverFreeResourceRpcUnderLock
    clientFreeResource_IMPL
    rmclientFreeResource_IMPL
    serverFreeResourceTreeUnderLock
    serverFreeResourceTree
    rmapiFreeWithSecInfo
    rmapiFreeWithSecInfoTls
    nvGpuOpsChannelDestroy
    rm_gpu_ops_channel_destroy
    nvUvmInterfaceChannelDestroy
    channel_destroy
    channel_pool_destroy
    uvm_channel_manager_destroy.part.0
    uvm_channel_manager_destroy
    remove_gpu
    uvm_gpu_release_locked
    uvm_va_space_destroy
    uvm_release.isra.0
    uvm_release_entry.part.0.isra.0
    uvm_release_entry
    __fput
    ____fput
    task_work_run
    lookup_address_in_pgd_attr
    __change_page_attr
    __change_page_attr_set_clr
    set_pages_array_wb
    nv_free_system_pages
    nv_free_pages
    osFreePagesInternal
    memdescFree
    memDestruct_IMPL
    __nvoc_dtor_Memory
    __nvoc_objDelete
    serverFreeDisabledClients
    rm_cleanup_file_private
    nvidia_close
    rpcRmApiControl_GSP
    kgmmuClientShadowFaultBufferRegister_IMPL
    kgmmuClientShadowFaultBufferAllocate_IMPL
    faultbufCtrlCmdMmuFaultBufferRegisterNonReplayBuf_IMPL
    resControl_IMPL
    serverControl
    _rmapiRmControl
    rmapiControlWithSecInfo
    rmapiControlWithSecInfoTls
    rmapiControl
    nvGpuOpsInitFaultInfo
    nvUvmInterfaceInitFaultInfo
    uvm_parent_gpu_fault_buffer_init
    uvm_parent_gpu_init_isr
    agentsight
    do_task_stat.isra.0
    proc_tgid_stat
    proc_single_show
    seq_read_iter
    seq_read
    ksys_read
    __x64_sys_read
    __free_pages
    delayed_vfree_work
    process_one_work
    worker_thread
    kthread
    ret_from_fork
    ret_from_fork_asm
ResourceProfiles #0
Resource SchemaURL: https://opentelemetry.io/schemas/1.37.0
Resource attributes:
     -> process.pid: Int(1236979)
     -> process.executable.path: Str(/home/fishclaw/.nvm/versions/node/v22.22.0/bin/node)
     -> process.executable.name: Str(node)
ScopeProfiles #0
ScopeProfiles SchemaURL: https://opentelemetry.io/schemas/1.37.0
InstrumentationScope go.opentelemetry.io/ebpf-profiler v0.0.0
Profile #0
    Profile ID     : 
    Start time     : 2026-06-21 20:49:40.270865382 +0000 UTC
    DurationNano   : 5149690502
    Dropped attributes count: 0
    Sample #0
        Values: []
        Attributes:
             -> thread.name: node
             -> thread.id: %!s(int64=1236979)
             -> cpu.logical_number: %!s(int64=7)
    Sample #1
        Values: []
        Attributes:
             -> thread.name: node
             -> thread.id: %!s(int64=1236985)
             -> cpu.logical_number: %!s(int64=10)
ResourceProfiles #1
Resource SchemaURL: https://opentelemetry.io/schemas/1.37.0
Resource attributes:
     -> process.pid: Int(6917)
     -> process.executable.path: Str(/home/yunwei37/.nvm/versions/node/v22.22.0/lib/node_modules/@openai/codex/node_modules/@openai/codex-linux-x64/vendor/x86_64-unknown-linux-musl/bin/codex)
     -> process.executable.name: Str(codex)
ScopeProfiles #0
ScopeProfiles SchemaURL: https://opentelemetry.io/schemas/1.37.0
InstrumentationScope go.opentelemetry.io/ebpf-profiler v0.0.0
Profile #0
    Profile ID     : 
    Start time     : 2026-06-21 20:49:40.270865382 +0000 UTC
    DurationNano   : 5149690502
    Dropped attributes count: 0
    Sample #0
        Values: []
        Attributes:
             -> thread.name: notify-rs inoti
             -> thread.id: %!s(int64=7056)
             -> cpu.logical_number: %!s(int64=23)
    Sample #1
        Values: []
        Attributes:
             -> thread.name: tokio-rt-worker
             -> thread.id: %!s(int64=6938)
             -> cpu.logical_number: %!s(int64=6)
    Sample #2
        Values: []
        Attributes:
             -> thread.name: tokio-rt-worker
             -> thread.id: %!s(int64=6936)
             -> cpu.logical_number: %!s(int64=17)
    Sample #3
        Values: []
        Attributes:
             -> thread.name: tokio-rt-worker
             -> thread.id: %!s(int64=6919)
             -> cpu.logical_number: %!s(int64=4)
    Sample #4
        Values: []
        Attributes:
             -> thread.name: tokio-rt-worker
             -> thread.id: %!s(int64=6938)
             -> cpu.logical_number: %!s(int64=19)
    Sample #5
        Values: []
        Attributes:
             -> thread.name: sqlx-sqlite-wor
             -> thread.id: %!s(int64=1234982)
             -> cpu.logical_number: %!s(int64=6)
    Sample #6
        Values: []
        Attributes:
             -> thread.name: sqlx-sqlite-wor
             -> thread.id: %!s(int64=1234982)
             -> cpu.logical_number: %!s(int64=6)
    Sample #7
        Values: []
        Attributes:
             -> thread.name: tokio-rt-worker
             -> thread.id: %!s(int64=6937)
             -> cpu.logical_number: %!s(int64=22)
    Sample #8
        Values: []
        Attributes:
             -> thread.name: sqlx-sqlite-wor
             -> thread.id: %!s(int64=1217380)
             -> cpu.logical_number: %!s(int64=8)
    Sample #9
        Values: []
        Attributes:
             -> thread.name: tokio-rt-worker
             -> thread.id: %!s(int64=6919)
             -> cpu.logical_number: %!s(int64=16)
    Sample #10
        Values: []
        Attributes:
             -> thread.name: tokio-rt-worker
             -> thread.id: %!s(int64=6940)
             -> cpu.logical_number: %!s(int64=9)
    Sample #11
        Values: []
        Attributes:
             -> thread.name: tokio-rt-worker
             -> thread.id: %!s(int64=6941)
             -> cpu.logical_number: %!s(int64=20)
    Sample #12
        Values: []
        Attributes:
             -> thread.name: tokio-rt-worker
             -> thread.id: %!s(int64=6940)
             -> cpu.logical_number: %!s(int64=16)
    Sample #13
        Values: []
        Attributes:
             -> thread.name: sqlx-sqlite-wor
             -> thread.id: %!s(int64=1234982)
             -> cpu.logical_number: %!s(int64=18)
    Sample #14
        Values: []
        Attributes:
             -> thread.name: tokio-rt-worker
             -> thread.id: %!s(int64=6919)
             -> cpu.logical_number: %!s(int64=14)
    Sample #15
        Values: []
        Attributes:
             -> thread.name: sqlx-sqlite-wor
             -> thread.id: %!s(int64=1217380)
             -> cpu.logical_number: %!s(int64=8)
    Sample #16
        Values: []
        Attributes:
             -> thread.name: sqlx-sqlite-wor
             -> thread.id: %!s(int64=1217380)
             -> cpu.logical_number: %!s(int64=18)
    Sample #17
        Values: []
        Attributes:
             -> thread.name: tokio-rt-worker
             -> thread.id: %!s(int64=6936)
             -> cpu.logical_number: %!s(int64=16)
    Sample #18
        Values: []
        Attributes:
             -> thread.name: tokio-rt-worker
             -> thread.id: %!s(int64=6941)
             -> cpu.logical_number: %!s(int64=13)
    Sample #19
        Values: []
        Attributes:
             -> thread.name: sqlx-sqlite-wor
             -> thread.id: %!s(int64=1217380)
             -> cpu.logical_number: %!s(int64=8)
    Sample #20
        Values: []
        Attributes:
             -> thread.name: sqlx-sqlite-wor
             -> thread.id: %!s(int64=1217380)
             -> cpu.logical_number: %!s(int64=8)
    Sample #21
        Values: []
        Attributes:
             -> thread.name: sqlx-sqlite-wor
             -> thread.id: %!s(int64=1234982)
             -> cpu.logical_number: %!s(int64=6)
    Sample #22
        Values: []
        Attributes:
             -> thread.name: tokio-rt-worker
             -> thread.id: %!s(int64=1230631)
             -> cpu.logical_number: %!s(int64=4)
    Sample #23
        Values: []
        Attributes:
             -> thread.name: sqlx-sqlite-wor
             -> thread.id: %!s(int64=1217380)
             -> cpu.logical_number: %!s(int64=18)
ResourceProfiles #2
Resource SchemaURL: https://opentelemetry.io/schemas/1.37.0
Resource attributes:
     -> process.pid: Int(1236734)
     -> process.executable.path: Str(/tmp/opentelemetry-ebpf-profiler/otelcol-ebpf-profiler)
     -> process.executable.name: Str(otelcol-ebpf-profiler)
ScopeProfiles #0
ScopeProfiles SchemaURL: https://opentelemetry.io/schemas/1.37.0
InstrumentationScope go.opentelemetry.io/ebpf-profiler v0.0.0
Profile #0
    Profile ID     : 
    Start time     : 2026-06-21 20:49:40.270865382 +0000 UTC
    DurationNano   : 5149690502
    Dropped attributes count: 0
    Sample #0
        Values: []
        Attributes:
             -> thread.name: otelcol-ebpf-pr
             -> thread.id: %!s(int64=1236890)
             -> cpu.logical_number: %!s(int64=18)
    Sample #1
        Values: []
        Attributes:
             -> thread.name: otelcol-ebpf-pr
             -> thread.id: %!s(int64=1236896)
             -> cpu.logical_number: %!s(int64=3)
    Sample #2
        Values: []
        Attributes:
             -> thread.name: otelcol-ebpf-pr
             -> thread.id: %!s(int64=1236892)
             -> cpu.logical_number: %!s(int64=1)
    Sample #3
        Values: []
        Attributes:
             -> thread.name: otelcol-ebpf-pr
             -> thread.id: %!s(int64=1236892)
             -> cpu.logical_number: %!s(int64=1)
    Sample #4
        Values: []
        Attributes:
             -> thread.name: otelcol-ebpf-pr
             -> thread.id: %!s(int64=1236892)
             -> cpu.logical_number: %!s(int64=1)
    Sample #5
        Values: []
        Attributes:
             -> thread.name: otelcol-ebpf-pr
             -> thread.id: %!s(int64=1237005)
             -> cpu.logical_number: %!s(int64=21)
    Sample #6
        Values: []
        Attributes:
             -> thread.name: otelcol-ebpf-pr
             -> thread.id: %!s(int64=1237004)
             -> cpu.logical_number: %!s(int64=23)
    Sample #7
        Values: []
        Attributes:
             -> thread.name: otelcol-ebpf-pr
             -> thread.id: %!s(int64=1236887)
             -> cpu.logical_number: %!s(int64=20)
    Sample #8
        Values: []
        Attributes:
             -> thread.name: otelcol-ebpf-pr
             -> thread.id: %!s(int64=1236892)
             -> cpu.logical_number: %!s(int64=1)
    Sample #9
        Values: []
        Attributes:
             -> thread.name: otelcol-ebpf-pr
             -> thread.id: %!s(int64=1236892)
             -> cpu.logical_number: %!s(int64=1)
    Sample #10
        Values: []
        Attributes:
             -> thread.name: otelcol-ebpf-pr
             -> thread.id: %!s(int64=1236887)
             -> cpu.logical_number: %!s(int64=20)
    Sample #11
        Values: []
        Attributes:
             -> thread.name: otelcol-ebpf-pr
             -> thread.id: %!s(int64=1236887)
             -> cpu.logical_number: %!s(int64=20)
    Sample #12
        Values: []
        Attributes:
             -> thread.name: otelcol-ebpf-pr
             -> thread.id: %!s(int64=1236887)
             -> cpu.logical_number: %!s(int64=1)
ResourceProfiles #3
Resource SchemaURL: https://opentelemetry.io/schemas/1.37.0
Resource attributes:
     -> process.pid: Int(1237022)
     -> process.executable.path: Str(/home/yunwei37/workspace/gpu/bpftime/example/otel-ebpf-profiler/victim)
     -> process.executable.name: Str(victim)
ScopeProfiles #0
ScopeProfiles SchemaURL: https://opentelemetry.io/schemas/1.37.0
InstrumentationScope go.opentelemetry.io/ebpf-profiler v0.0.0
Profile #0
    Profile ID     : 
    Start time     : 2026-06-21 20:49:40.270865382 +0000 UTC
    DurationNano   : 5149690502
    Dropped attributes count: 0
    Sample #0
        Values: []
        Attributes:
             -> thread.name: victim
             -> thread.id: %!s(int64=1237022)
             -> cpu.logical_number: %!s(int64=5)
    Sample #1
        Values: []
        Attributes:
             -> thread.name: victim
             -> thread.id: %!s(int64=1237022)
             -> cpu.logical_number: %!s(int64=5)
    Sample #2
        Values: []
        Attributes:
             -> thread.name: victim
             -> thread.id: %!s(int64=1237022)
             -> cpu.logical_number: %!s(int64=5)
    Sample #3
        Values: []
        Attributes:
             -> thread.name: victim
             -> thread.id: %!s(int64=1237022)
             -> cpu.logical_number: %!s(int64=5)
    Sample #4
        Values: []
        Attributes:
             -> thread.name: victim
             -> thread.id: %!s(int64=1237022)
             -> cpu.logical_number: %!s(int64=5)
    Sample #5
        Values: []
        Attributes:
             -> thread.name: victim
             -> thread.id: %!s(int64=1237032)
             -> cpu.logical_number: %!s(int64=9)
    Sample #6
        Values: []
        Attributes:
             -> thread.name: victim
             -> thread.id: %!s(int64=1237032)
             -> cpu.logical_number: %!s(int64=9)
    Sample #7
        Values: []
        Attributes:
             -> thread.name: victim
             -> thread.id: %!s(int64=1237022)
             -> cpu.logical_number: %!s(int64=5)
ResourceProfiles #4
Resource SchemaURL: https://opentelemetry.io/schemas/1.37.0
Resource attributes:
     -> process.pid: Int(2711)
     -> process.executable.path: Str(/home/yunwei37/.cargo/bin/agentsight)
     -> process.executable.name: Str(agentsight)
ScopeProfiles #0
ScopeProfiles SchemaURL: https://opentelemetry.io/schemas/1.37.0
InstrumentationScope go.opentelemetry.io/ebpf-profiler v0.0.0
Profile #0
    Profile ID     : 
    Start time     : 2026-06-21 20:49:40.270865382 +0000 UTC
    DurationNano   : 5149690502
    Dropped attributes count: 0
    Sample #0
        Values: []
        Attributes:
             -> thread.name: agentsight
             -> thread.id: %!s(int64=2711)
             -> cpu.logical_number: %!s(int64=0)
    Sample #1
        Values: []
        Attributes:
             -> thread.name: agentsight
             -> thread.id: %!s(int64=2711)
             -> cpu.logical_number: %!s(int64=0)
    Sample #2
        Values: []
        Attributes:
             -> thread.name: agentsight
             -> thread.id: %!s(int64=2711)
             -> cpu.logical_number: %!s(int64=0)
ResourceProfiles #5
Resource SchemaURL: https://opentelemetry.io/schemas/1.37.0
Resource attributes:
     -> process.pid: Int(1179069)
ScopeProfiles #0
ScopeProfiles SchemaURL: https://opentelemetry.io/schemas/1.37.0
InstrumentationScope go.opentelemetry.io/ebpf-profiler v0.0.0
Profile #0
    Profile ID     : 
    Start time     : 2026-06-21 20:49:40.270865382 +0000 UTC
    DurationNano   : 5149690502
    Dropped attributes count: 0
    Sample #0
        Values: []
        Attributes:
             -> thread.name: kworker/12:2
             -> thread.id: %!s(int64=1179069)
             -> cpu.logical_number: %!s(int64=12)
	{"resource": {"service.instance.id": "927be0d7-556d-4562-a7ab-4d96f79cbbb1", "service.name": "otelcol-ebpf-profiler", "service.version": "dev"}, "otelcol.component.id": "debug", "otelcol.component.kind": "exporter", "otelcol.signal": "profiles"}
2026-06-21T13:49:46.937-0700	info	otelcol@v0.154.0/collector.go:391	Received signal from OS	{"resource": {"service.instance.id": "927be0d7-556d-4562-a7ab-4d96f79cbbb1", "service.name": "otelcol-ebpf-profiler", "service.version": "dev"}, "signal": "terminated"}
2026-06-21T13:49:46.937-0700	info	service@v0.154.0/service.go:278	Starting shutdown...	{"resource": {"service.instance.id": "927be0d7-556d-4562-a7ab-4d96f79cbbb1", "service.name": "otelcol-ebpf-profiler", "service.version": "dev"}}
2026-06-21T13:49:46.937-0700	info	Stop processing ...	{"resource": {"service.instance.id": "927be0d7-556d-4562-a7ab-4d96f79cbbb1", "service.name": "otelcol-ebpf-profiler", "service.version": "dev"}, "otelcol.component.id": "profiling", "otelcol.component.kind": "receiver", "otelcol.signal": "profiles"}
2026-06-21T13:49:47.237-0700	info	extensions/extensions.go:69	Stopping extensions...	{"resource": {"service.instance.id": "927be0d7-556d-4562-a7ab-4d96f79cbbb1", "service.name": "otelcol-ebpf-profiler", "service.version": "dev"}}
2026-06-21T13:49:47.238-0700	info	service@v0.154.0/service.go:292	Shutdown complete.	{"resource": {"service.instance.id": "927be0d7-556d-4562-a7ab-4d96f79cbbb1", "service.name": "otelcol-ebpf-profiler", "service.version": "dev"}}
