2026-06-21T13:48:11.870-0700	info	otelconftelemetry/tracer.go:47	Internal trace telemetry disabled	{"resource": {"service.instance.id": "15afed7c-d998-4563-b6b7-3003f65eba24", "service.name": "otelcol-ebpf-profiler", "service.version": "dev"}}
2026-06-21T13:48:11.871-0700	info	builders/builders.go:28	Development component. May change in the future.	{"resource": {"service.instance.id": "15afed7c-d998-4563-b6b7-3003f65eba24", "service.name": "otelcol-ebpf-profiler", "service.version": "dev"}, "otelcol.component.id": "profiling", "otelcol.component.kind": "receiver", "otelcol.signal": "profiles"}
2026-06-21T13:48:11.873-0700	info	service@v0.154.0/service.go:241	Starting otelcol-ebpf-profiler...	{"resource": {"service.instance.id": "15afed7c-d998-4563-b6b7-3003f65eba24", "service.name": "otelcol-ebpf-profiler", "service.version": "dev"}, "Version": "dev", "NumCPU": 24}
2026-06-21T13:48:11.873-0700	info	extensions/extensions.go:41	Starting extensions...	{"resource": {"service.instance.id": "15afed7c-d998-4563-b6b7-3003f65eba24", "service.name": "otelcol-ebpf-profiler", "service.version": "dev"}}
2026-06-21T13:48:11.873-0700	info	Interpreter tracers: perl,php,python,hotspot,ruby,v8,dotnet,luajit,go,labels,beam	{"resource": {"service.instance.id": "15afed7c-d998-4563-b6b7-3003f65eba24", "service.name": "otelcol-ebpf-profiler", "service.version": "dev"}, "otelcol.component.id": "profiling", "otelcol.component.kind": "receiver", "otelcol.signal": "profiles"}
2026-06-21T13:48:12.098-0700	info	Found offsets: task stack 0x20, pt_regs 0x3f48, tpbase 0x25a8	{"resource": {"service.instance.id": "15afed7c-d998-4563-b6b7-3003f65eba24", "service.name": "otelcol-ebpf-profiler", "service.version": "dev"}, "otelcol.component.id": "profiling", "otelcol.component.kind": "receiver", "otelcol.signal": "profiles"}
2026-06-21T13:48:12.126-0700	info	Skip pinning eBPF map to share OTel span/trace IDs	{"resource": {"service.instance.id": "15afed7c-d998-4563-b6b7-3003f65eba24", "service.name": "otelcol-ebpf-profiler", "service.version": "dev"}, "otelcol.component.id": "profiling", "otelcol.component.kind": "receiver", "otelcol.signal": "profiles"}
2026-06-21T13:48:12.923-0700	info	Supports LPM trie eBPF map batch operations	{"resource": {"service.instance.id": "15afed7c-d998-4563-b6b7-3003f65eba24", "service.name": "otelcol-ebpf-profiler", "service.version": "dev"}, "otelcol.component.id": "profiling", "otelcol.component.kind": "receiver", "otelcol.signal": "profiles"}
2026-06-21T13:48:12.923-0700	info	eBPF tracer loaded	{"resource": {"service.instance.id": "15afed7c-d998-4563-b6b7-3003f65eba24", "service.name": "otelcol-ebpf-profiler", "service.version": "dev"}, "otelcol.component.id": "profiling", "otelcol.component.kind": "receiver", "otelcol.signal": "profiles"}
2026-06-21T13:48:12.925-0700	info	Attached tracer program	{"resource": {"service.instance.id": "15afed7c-d998-4563-b6b7-3003f65eba24", "service.name": "otelcol-ebpf-profiler", "service.version": "dev"}, "otelcol.component.id": "profiling", "otelcol.component.kind": "receiver", "otelcol.signal": "profiles"}
2026-06-21T13:48:12.945-0700	info	Attached probes	{"resource": {"service.instance.id": "15afed7c-d998-4563-b6b7-3003f65eba24", "service.name": "otelcol-ebpf-profiler", "service.version": "dev"}, "otelcol.component.id": "profiling", "otelcol.component.kind": "receiver", "otelcol.signal": "profiles"}
2026-06-21T13:48:12.947-0700	info	Attached sched monitor	{"resource": {"service.instance.id": "15afed7c-d998-4563-b6b7-3003f65eba24", "service.name": "otelcol-ebpf-profiler", "service.version": "dev"}, "otelcol.component.id": "profiling", "otelcol.component.kind": "receiver", "otelcol.signal": "profiles"}
2026-06-21T13:48:12.970-0700	info	service@v0.154.0/service.go:264	Everything is ready. Begin running and processing data.	{"resource": {"service.instance.id": "15afed7c-d998-4563-b6b7-3003f65eba24", "service.name": "otelcol-ebpf-profiler", "service.version": "dev"}}
2026-06-21T13:48:16.875-0700	info	Profiles	{"resource": {"service.instance.id": "15afed7c-d998-4563-b6b7-3003f65eba24", "service.name": "otelcol-ebpf-profiler", "service.version": "dev"}, "otelcol.component.id": "debug", "otelcol.component.kind": "exporter", "otelcol.signal": "profiles", "resource profiles": 10, "sample records": 132}
2026-06-21T13:48:16.876-0700	info	Mapping #0
    Memory start: 0
    Memory limit: 0
    File offset: 0
    File name: 0
    Attributes: []
Mapping #1
    Memory start: 0
    Memory limit: 0
    File offset: 0
    File name: 5
    Attributes: [1 2]
Mapping #2
    Memory start: 163840
    Memory limit: 1769472
    File offset: 163840
    File name: 25
    Attributes: [4]
Mapping #3
    Memory start: 0
    Memory limit: 61755392
    File offset: 0
    File name: 29
    Attributes: [9]
Mapping #4
    Memory start: 0
    Memory limit: 135168
    File offset: 0
    File name: 30
    Attributes: [10]
Mapping #5
    Memory start: 0
    Memory limit: 117968896
    File offset: 0
    File name: 31
    Attributes: [11 12]
Mapping #6
    Memory start: 667648
    Memory limit: 2093056
    File offset: 667648
    File name: 32
    Attributes: [16]
Mapping #7
    Memory start: 4194304
    Memory limit: 19996672
    File offset: 0
    File name: 42
    Attributes: [17 18]
Mapping #8
    Memory start: 14893056
    Memory limit: 53129216
    File offset: 10698752
    File name: 208
    Attributes: [44 45]
Mapping #9
    Memory start: 7532544
    Memory limit: 49999872
    File offset: 3338240
    File name: 208
    Attributes: [55 56]
Mapping #10
    Memory start: 14532608
    Memory limit: 21663744
    File offset: 14528512
    File name: 377
    Attributes: [64 65]
Location #0
    Mapping index: 0
    Address: 0
    Attributes: []
Location #1
    Mapping index: 1
    Address: 7772906
    Line #0
        Function index: 1
        Line: 0
        Column: 0
    Attributes: [3]
Location #2
    Mapping index: 1
    Address: 7775178
    Line #0
        Function index: 2
        Line: 0
        Column: 0
    Attributes: [3]
Location #3
    Mapping index: 1
    Address: 7776501
    Line #0
        Function index: 3
        Line: 0
        Column: 0
    Attributes: [3]
Location #4
    Mapping index: 1
    Address: 7777002
    Line #0
        Function index: 4
        Line: 0
        Column: 0
    Attributes: [3]
Location #5
    Mapping index: 1
    Address: 7778573
    Line #0
        Function index: 5
        Line: 0
        Column: 0
    Attributes: [3]
Location #6
    Mapping index: 1
    Address: 7779061
    Line #0
        Function index: 6
        Line: 0
        Column: 0
    Attributes: [3]
Location #7
    Mapping index: 1
    Address: 7779369
    Line #0
        Function index: 7
        Line: 0
        Column: 0
    Attributes: [3]
Location #8
    Mapping index: 1
    Address: 7846654
    Line #0
        Function index: 8
        Line: 0
        Column: 0
    Attributes: [3]
Location #9
    Mapping index: 1
    Address: 4210438
    Line #0
        Function index: 9
        Line: 0
        Column: 0
    Attributes: [3]
Location #10
    Mapping index: 1
    Address: 4257399
    Line #0
        Function index: 10
        Line: 0
        Column: 0
    Attributes: [3]
Location #11
    Mapping index: 1
    Address: 4258076
    Line #0
        Function index: 11
        Line: 0
        Column: 0
    Attributes: [3]
Location #12
    Mapping index: 1
    Address: 4259043
    Line #0
        Function index: 12
        Line: 0
        Column: 0
    Attributes: [3]
Location #13
    Mapping index: 1
    Address: 4259223
    Line #0
        Function index: 13
        Line: 0
        Column: 0
    Attributes: [3]
Location #14
    Mapping index: 1
    Address: 3168538
    Line #0
        Function index: 14
        Line: 0
        Column: 0
    Attributes: [3]
Location #15
    Mapping index: 1
    Address: 22351549
    Line #0
        Function index: 15
        Line: 0
        Column: 0
    Attributes: [3]
Location #16
    Mapping index: 1
    Address: 298
    Line #0
        Function index: 16
        Line: 0
        Column: 0
    Attributes: [3]
Location #17
    Mapping index: 2
    Address: 975388
    Attributes: [5]
Location #18
    Mapping index: 3
    Address: 15371584
    Attributes: [5]
Location #19
    Mapping index: 3
    Address: 15401733
    Attributes: [5]
Location #20
    Mapping index: 3
    Address: 15368723
    Attributes: [5]
Location #21
    Mapping index: 3
    Address: 15719756
    Attributes: [5]
Location #22
    Mapping index: 3
    Address: 15356553
    Attributes: [5]
Location #23
    Mapping index: 3
    Address: 15346574
    Attributes: [5]
Location #24
    Mapping index: 3
    Address: 15329342
    Attributes: [5]
Location #25
    Mapping index: 3
    Address: 21671382
    Attributes: [5]
Location #26
    Mapping index: 3
    Address: 21673445
    Attributes: [5]
Location #27
    Mapping index: 3
    Address: 21611235
    Attributes: [5]
Location #28
    Mapping index: 3
    Address: 21609817
    Attributes: [5]
Location #29
    Mapping index: 3
    Address: 21618928
    Attributes: [5]
Location #30
    Mapping index: 3
    Address: 25240858
    Attributes: [5]
Location #31
    Mapping index: 3
    Address: 27251010
    Attributes: [5]
Location #32
    Mapping index: 3
    Address: 12842096
    Attributes: [5]
Location #33
    Mapping index: 3
    Address: 12840443
    Attributes: [5]
Location #34
    Mapping index: 3
    Address: 12876449
    Attributes: [5]
Location #35
    Mapping index: 3
    Address: 12845390
    Attributes: [5]
Location #36
    Mapping index: 3
    Address: 12859166
    Attributes: [5]
Location #37
    Mapping index: 3
    Address: 12846634
    Attributes: [5]
Location #38
    Mapping index: 3
    Address: 12855966
    Attributes: [5]
Location #39
    Mapping index: 3
    Address: 12846621
    Attributes: [5]
Location #40
    Mapping index: 3
    Address: 12849071
    Attributes: [5]
Location #41
    Mapping index: 3
    Address: 12842514
    Attributes: [5]
Location #42
    Mapping index: 3
    Address: 12880758
    Attributes: [5]
Location #43
    Mapping index: 3
    Address: 12992710
    Attributes: [5]
Location #44
    Mapping index: 3
    Address: 12243616
    Attributes: [5]
Location #45
    Mapping index: 3
    Address: 12988542
    Attributes: [5]
Location #46
    Mapping index: 3
    Address: 12986936
    Attributes: [5]
Location #47
    Mapping index: 3
    Address: 12983396
    Attributes: [5]
Location #48
    Mapping index: 3
    Address: 12975994
    Attributes: [5]
Location #49
    Mapping index: 3
    Address: 12153981
    Attributes: [5]
Location #50
    Mapping index: 3
    Address: 44066347
    Attributes: [5]
Location #51
    Mapping index: 3
    Address: 43528371
    Attributes: [5]
Location #52
    Mapping index: 3
    Address: 44574268
    Attributes: [5]
Location #53
    Mapping index: 4
    Address: 82989
    Attributes: [5]
Location #54
    Mapping index: 4
    Address: 71827
    Attributes: [5]
Location #55
    Mapping index: 3
    Address: 40057201
    Attributes: [5]
Location #56
    Mapping index: 5
    Address: 13565814
    Attributes: [5]
Location #57
    Mapping index: 3
    Address: 40055350
    Attributes: [5]
Location #58
    Mapping index: 3
    Address: 39826711
    Attributes: [5]
Location #59
    Mapping index: 3
    Address: 39827326
    Attributes: [5]
Location #60
    Mapping index: 3
    Address: 39943199
    Attributes: [5]
Location #61
    Mapping index: 4
    Address: 70123
    Attributes: [5]
Location #62
    Mapping index: 4
    Address: 123778
    Attributes: [5]
Location #63
    Mapping index: 2
    Address: 172489
    Attributes: [5]
Location #64
    Mapping index: 2
    Address: 172682
    Attributes: [5]
Location #65
    Mapping index: 4
    Address: 57940
    Attributes: [5]
Location #66
    Mapping index: 3
    Address: 12150731
    Attributes: [5]
Location #67
    Mapping index: 3
    Address: 12144907
    Attributes: [5]
Location #68
    Mapping index: 3
    Address: 12141526
    Attributes: [5]
Location #69
    Mapping index: 3
    Address: 11964877
    Attributes: [5]
Location #70
    Mapping index: 3
    Address: 11992027
    Attributes: [5]
Location #71
    Mapping index: 3
    Address: 12120515
    Attributes: [5]
Location #72
    Mapping index: 3
    Address: 12121580
    Attributes: [5]
Location #73
    Mapping index: 3
    Address: 12875132
    Attributes: [5]
Location #74
    Mapping index: 3
    Address: 12857791
    Attributes: [5]
Location #75
    Mapping index: 3
    Address: 12843974
    Attributes: [5]
Location #76
    Mapping index: 3
    Address: 12855151
    Attributes: [5]
Location #77
    Mapping index: 3
    Address: 10635127
    Attributes: [5]
Location #78
    Mapping index: 3
    Address: 10635862
    Attributes: [5]
Location #79
    Mapping index: 3
    Address: 10662480
    Attributes: [5]
Location #80
    Mapping index: 3
    Address: 27279620
    Attributes: [5]
Location #81
    Mapping index: 3
    Address: 24165991
    Attributes: [5]
Location #82
    Mapping index: 3
    Address: 24162369
    Attributes: [5]
Location #83
    Mapping index: 3
    Address: 24051792
    Attributes: [5]
Location #84
    Mapping index: 3
    Address: 24181660
    Attributes: [5]
Location #85
    Mapping index: 3
    Address: 23974377
    Attributes: [5]
Location #86
    Mapping index: 3
    Address: 12451436
    Attributes: [5]
Location #87
    Mapping index: 3
    Address: 12446923
    Attributes: [5]
Location #88
    Mapping index: 3
    Address: 12446449
    Attributes: [5]
Location #89
    Mapping index: 3
    Address: 12849720
    Attributes: [5]
Location #90
    Mapping index: 6
    Address: 801293
    Attributes: [5]
Location #91
    Mapping index: 3
    Address: 10657096
    Attributes: [5]
Location #92
    Mapping index: 3
    Address: 10635302
    Attributes: [5]
Location #93
    Mapping index: 3
    Address: 10635383
    Attributes: [5]
Location #94
    Mapping index: 3
    Address: 21432185
    Attributes: [5]
Location #95
    Mapping index: 3
    Address: 21420344
    Attributes: [5]
Location #96
    Mapping index: 3
    Address: 24095034
    Attributes: [5]
Location #97
    Mapping index: 3
    Address: 12482151
    Attributes: [5]
Location #98
    Mapping index: 3
    Address: 12473371
    Attributes: [5]
Location #99
    Mapping index: 3
    Address: 12453172
    Attributes: [5]
Location #100
    Mapping index: 3
    Address: 12482091
    Attributes: [5]
Location #101
    Mapping index: 3
    Address: 12449405
    Attributes: [5]
Location #102
    Mapping index: 3
    Address: 12852079
    Attributes: [5]
Location #103
    Mapping index: 3
    Address: 12845362
    Attributes: [5]
Location #104
    Mapping index: 3
    Address: 15245325
    Attributes: [5]
Location #105
    Mapping index: 3
    Address: 21609755
    Attributes: [5]
Location #106
    Mapping index: 3
    Address: 22628379
    Attributes: [5]
Location #107
    Mapping index: 3
    Address: 12251062
    Attributes: [5]
Location #108
    Mapping index: 3
    Address: 12240145
    Attributes: [5]
Location #109
    Mapping index: 3
    Address: 12237396
    Attributes: [5]
Location #110
    Mapping index: 3
    Address: 12236187
    Attributes: [5]
Location #111
    Mapping index: 3
    Address: 12843229
    Attributes: [5]
Location #112
    Mapping index: 1
    Address: 7888154
    Line #0
        Function index: 17
        Line: 0
        Column: 0
    Attributes: [3]
Location #113
    Mapping index: 1
    Address: 7889046
    Line #0
        Function index: 18
        Line: 0
        Column: 0
    Attributes: [3]
Location #114
    Mapping index: 1
    Address: 7807025
    Line #0
        Function index: 19
        Line: 0
        Column: 0
    Attributes: [3]
Location #115
    Mapping index: 1
    Address: 7812860
    Line #0
        Function index: 20
        Line: 0
        Column: 0
    Attributes: [3]
Location #116
    Mapping index: 1
    Address: 7813868
    Line #0
        Function index: 21
        Line: 0
        Column: 0
    Attributes: [3]
Location #117
    Mapping index: 1
    Address: 7815089
    Line #0
        Function index: 22
        Line: 0
        Column: 0
    Attributes: [3]
Location #118
    Mapping index: 1
    Address: 4005607
    Line #0
        Function index: 23
        Line: 0
        Column: 0
    Attributes: [3]
Location #119
    Mapping index: 1
    Address: 22379348
    Line #0
        Function index: 24
        Line: 0
        Column: 0
    Attributes: [3]
Location #120
    Mapping index: 1
    Address: 2998
    Line #0
        Function index: 25
        Line: 0
        Column: 0
    Attributes: [3]
Location #121
    Mapping index: 3
    Address: 10878941
    Attributes: [5]
Location #122
    Mapping index: 3
    Address: 10869706
    Attributes: [5]
Location #123
    Mapping index: 3
    Address: 11991304
    Attributes: [5]
Location #124
    Mapping index: 3
    Address: 11856635
    Attributes: [5]
Location #125
    Mapping index: 3
    Address: 11857532
    Attributes: [5]
Location #126
    Mapping index: 3
    Address: 12447178
    Attributes: [5]
Location #127
    Mapping index: 3
    Address: 15246704
    Attributes: [5]
Location #128
    Mapping index: 3
    Address: 27279600
    Attributes: [5]
Location #129
    Mapping index: 3
    Address: 20604447
    Attributes: [5]
Location #130
    Mapping index: 3
    Address: 12273394
    Attributes: [5]
Location #131
    Mapping index: 3
    Address: 12236973
    Attributes: [5]
Location #132
    Mapping index: 3
    Address: 21840763
    Attributes: [5]
Location #133
    Mapping index: 3
    Address: 25843732
    Attributes: [5]
Location #134
    Mapping index: 3
    Address: 22627933
    Attributes: [5]
Location #135
    Mapping index: 3
    Address: 15275481
    Attributes: [5]
Location #136
    Mapping index: 3
    Address: 15275262
    Attributes: [5]
Location #137
    Mapping index: 3
    Address: 23956598
    Attributes: [5]
Location #138
    Mapping index: 3
    Address: 23959533
    Attributes: [5]
Location #139
    Mapping index: 3
    Address: 23974910
    Attributes: [5]
Location #140
    Mapping index: 3
    Address: 24176982
    Attributes: [5]
Location #141
    Mapping index: 3
    Address: 24052268
    Attributes: [5]
Location #142
    Mapping index: 3
    Address: 12479832
    Attributes: [5]
Location #143
    Mapping index: 3
    Address: 12446755
    Attributes: [5]
Location #144
    Mapping index: 3
    Address: 10878894
    Attributes: [5]
Location #145
    Mapping index: 3
    Address: 10878803
    Attributes: [5]
Location #146
    Mapping index: 3
    Address: 12151771
    Attributes: [5]
Location #147
    Mapping index: 3
    Address: 12853539
    Attributes: [5]
Location #148
    Mapping index: 3
    Address: 12478534
    Attributes: [5]
Location #149
    Mapping index: 3
    Address: 12251385
    Attributes: [5]
Location #150
    Mapping index: 3
    Address: 10881472
    Attributes: [5]
Location #151
    Mapping index: 3
    Address: 10881659
    Attributes: [5]
Location #152
    Mapping index: 3
    Address: 10662868
    Attributes: [5]
Location #153
    Mapping index: 3
    Address: 21634453
    Attributes: [5]
Location #154
    Mapping index: 3
    Address: 24051962
    Attributes: [5]
Location #155
    Mapping index: 3
    Address: 12152176
    Attributes: [5]
Location #156
    Mapping index: 3
    Address: 12454656
    Attributes: [5]
Location #157
    Mapping index: 3
    Address: 12472775
    Attributes: [5]
Location #158
    Mapping index: 3
    Address: 10881211
    Attributes: [5]
Location #159
    Mapping index: 3
    Address: 21665519
    Attributes: [5]
Location #160
    Mapping index: 3
    Address: 21657625
    Attributes: [5]
Location #161
    Mapping index: 3
    Address: 21608286
    Attributes: [5]
Location #162
    Mapping index: 3
    Address: 21609214
    Attributes: [5]
Location #163
    Mapping index: 3
    Address: 18172866
    Attributes: [5]
Location #164
    Mapping index: 3
    Address: 18169589
    Attributes: [5]
Location #165
    Mapping index: 3
    Address: 21414774
    Attributes: [5]
Location #166
    Mapping index: 3
    Address: 12497486
    Attributes: [5]
Location #167
    Mapping index: 3
    Address: 12479026
    Attributes: [5]
Location #168
    Mapping index: 3
    Address: 20921111
    Attributes: [5]
Location #169
    Mapping index: 3
    Address: 20917542
    Attributes: [5]
Location #170
    Mapping index: 3
    Address: 24050308
    Attributes: [5]
Location #171
    Mapping index: 3
    Address: 15259697
    Attributes: [5]
Location #172
    Mapping index: 3
    Address: 15259989
    Attributes: [5]
Location #173
    Mapping index: 3
    Address: 24018623
    Attributes: [5]
Location #174
    Mapping index: 3
    Address: 12469500
    Attributes: [5]
Location #175
    Mapping index: 3
    Address: 12496793
    Attributes: [5]
Location #176
    Mapping index: 3
    Address: 12458390
    Attributes: [5]
Location #177
    Mapping index: 1
    Address: 4005048
    Line #0
        Function index: 23
        Line: 0
        Column: 0
    Attributes: [3]
Location #178
    Mapping index: 3
    Address: 10911168
    Attributes: [5]
Location #179
    Mapping index: 3
    Address: 10894852
    Attributes: [5]
Location #180
    Mapping index: 3
    Address: 10894257
    Attributes: [5]
Location #181
    Mapping index: 3
    Address: 10635363
    Attributes: [5]
Location #182
    Mapping index: 3
    Address: 21636693
    Attributes: [5]
Location #183
    Mapping index: 3
    Address: 21657639
    Attributes: [5]
Location #184
    Mapping index: 3
    Address: 10881174
    Attributes: [5]
Location #185
    Mapping index: 3
    Address: 12150418
    Attributes: [5]
Location #186
    Mapping index: 3
    Address: 12152107
    Attributes: [5]
Location #187
    Mapping index: 3
    Address: 12851117
    Attributes: [5]
Location #188
    Mapping index: 3
    Address: 12454013
    Attributes: [5]
Location #189
    Mapping index: 3
    Address: 10881674
    Attributes: [5]
Location #190
    Mapping index: 3
    Address: 24060241
    Attributes: [5]
Location #191
    Mapping index: 3
    Address: 12451325
    Attributes: [5]
Location #192
    Mapping index: 3
    Address: 12450925
    Attributes: [5]
Location #193
    Mapping index: 7
    Address: 4744725
    Line #0
        Function index: 26
        Line: 122
        Column: 0
    Attributes: [19]
Location #194
    Mapping index: 7
    Address: 4719229
    Line #0
        Function index: 27
        Line: 285
        Column: 0
    Attributes: [19]
Location #195
    Mapping index: 7
    Address: 18900310
    Line #0
        Function index: 28
        Line: 119
        Column: 0
    Attributes: [19]
Location #196
    Mapping index: 7
    Address: 18933479
    Line #0
        Function index: 29
        Line: 1003
        Column: 0
    Attributes: [19]
Location #197
    Mapping index: 7
    Address: 18935371
    Line #0
        Function index: 30
        Line: 1191
        Column: 0
    Attributes: [19]
Location #198
    Mapping index: 7
    Address: 18936615
    Line #0
        Function index: 31
        Line: 1246
        Column: 0
    Attributes: [19]
Location #199
    Mapping index: 7
    Address: 18958365
    Line #0
        Function index: 32
        Line: 209
        Column: 0
    Attributes: [19]
Location #200
    Mapping index: 7
    Address: 18957892
    Line #0
        Function index: 33
        Line: 182
        Column: 0
    Attributes: [19]
Location #201
    Mapping index: 7
    Address: 18959142
    Line #0
        Function index: 34
        Line: 37
        Column: 0
    Attributes: [19]
Location #202
    Mapping index: 7
    Address: 19372701
    Line #0
        Function index: 35
        Line: 187
        Column: 0
    Attributes: [19]
Location #203
    Mapping index: 7
    Address: 19422167
    Line #0
        Function index: 36
        Line: 384
        Column: 0
    Attributes: [19]
Location #204
    Mapping index: 7
    Address: 19432468
    Line #0
        Function index: 37
        Line: 606
        Column: 0
    Attributes: [19]
Location #205
    Mapping index: 7
    Address: 18445717
    Line #0
        Function index: 38
        Line: 403
        Column: 0
    Attributes: [19]
Location #206
    Mapping index: 7
    Address: 18443691
    Line #0
        Function index: 39
        Line: 378
        Column: 0
    Attributes: [19]
Location #207
    Mapping index: 7
    Address: 18444583
    Line #0
        Function index: 40
        Line: 407
        Column: 0
    Attributes: [19]
Location #208
    Mapping index: 7
    Address: 19428093
    Line #0
        Function index: 41
        Line: 552
        Column: 0
    Attributes: [19]
Location #209
    Mapping index: 7
    Address: 19501466
    Line #0
        Function index: 42
        Line: 57
        Column: 0
    Attributes: [19]
Location #210
    Mapping index: 7
    Address: 19500935
    Line #0
        Function index: 43
        Line: 47
        Column: 0
    Attributes: [19]
Location #211
    Mapping index: 7
    Address: 4740960
    Line #0
        Function index: 44
        Line: 1694
        Column: 0
    Attributes: [19]
Location #212
    Mapping index: 7
    Address: 4740294
    Line #0
        Function index: 45
        Line: 806
        Column: 0
    Attributes: [19]
Location #213
    Mapping index: 7
    Address: 4488209
    Line #0
        Function index: 46
        Line: 248
        Column: 0
    Attributes: [19]
Location #214
    Mapping index: 7
    Address: 4370116
    Line #0
        Function index: 47
        Line: 240
        Column: 0
    Attributes: [19]
Location #215
    Mapping index: 7
    Address: 4369220
    Line #0
        Function index: 48
        Line: 222
        Column: 0
    Attributes: [19]
Location #216
    Mapping index: 7
    Address: 4378642
    Line #0
        Function index: 49
        Line: 1207
        Column: 0
    Attributes: [19]
Location #217
    Mapping index: 7
    Address: 4362713
    Line #0
        Function index: 50
        Line: 1542
        Column: 0
    Attributes: [19]
Location #218
    Mapping index: 7
    Address: 4733225
    Line #0
        Function index: 51
        Line: 517
        Column: 0
    Attributes: [19]
Location #219
    Mapping index: 7
    Address: 4361840
    Line #0
        Function index: 52
        Line: 1523
        Column: 0
    Attributes: [19]
Location #220
    Mapping index: 7
    Address: 4361284
    Line #0
        Function index: 53
        Line: 1373
        Column: 0
    Attributes: [19]
Location #221
    Mapping index: 7
    Address: 4321675
    Line #0
        Function index: 54
        Line: 683
        Column: 0
    Attributes: [19]
Location #222
    Mapping index: 7
    Address: 4313035
    Line #0
        Function index: 55
        Line: 1389
        Column: 0
    Attributes: [19]
Location #223
    Mapping index: 7
    Address: 4699204
    Line #0
        Function index: 56
        Line: 1066
        Column: 0
    Attributes: [19]
Location #224
    Mapping index: 7
    Address: 4315716
    Line #0
        Function index: 57
        Line: 1747
        Column: 0
    Attributes: [19]
Location #225
    Mapping index: 7
    Address: 18268942
    Line #0
        Function index: 58
        Line: 295
        Column: 0
    Attributes: [19]
Location #226
    Mapping index: 7
    Address: 18270282
    Line #0
        Function index: 59
        Line: 61
        Column: 0
    Attributes: [19]
Location #227
    Mapping index: 7
    Address: 18274445
    Line #0
        Function index: 60
        Line: 52
        Column: 0
    Attributes: [19]
Location #228
    Mapping index: 7
    Address: 18437271
    Line #0
        Function index: 61
        Line: 110
        Column: 0
    Attributes: [19]
Location #229
    Mapping index: 7
    Address: 19426823
    Line #0
        Function index: 41
        Line: 504
        Column: 0
    Attributes: [19]
Location #230
    Mapping index: 7
    Address: 5298660
    Line #0
        Function index: 62
        Line: 13
        Column: 0
    Attributes: [19]
Location #231
    Mapping index: 7
    Address: 5287954
    Line #0
        Function index: 63
        Line: 878
        Column: 0
    Attributes: [19]
Location #232
    Mapping index: 7
    Address: 5287666
    Line #0
        Function index: 64
        Line: 874
        Column: 0
    Attributes: [19]
Location #233
    Mapping index: 7
    Address: 18437508
    Line #0
        Function index: 65
        Line: 116
        Column: 0
    Attributes: [19]
Location #234
    Mapping index: 7
    Address: 19414066
    Line #0
        Function index: 66
        Line: 132
        Column: 0
    Attributes: [19]
Location #235
    Mapping index: 7
    Address: 19426910
    Line #0
        Function index: 41
        Line: 511
        Column: 0
    Attributes: [19]
Location #236
    Mapping index: 7
    Address: 4362893
    Line #0
        Function index: 50
        Line: 1562
        Column: 0
    Attributes: [19]
Location #237
    Mapping index: 7
    Address: 4548798
    Line #0
        Function index: 67
        Line: 6405
        Column: 0
    Attributes: [19]
Location #238
    Mapping index: 7
    Address: 4548295
    Line #0
        Function index: 68
        Line: 6345
        Column: 0
    Attributes: [19]
Location #239
    Mapping index: 7
    Address: 4508466
    Line #0
        Function index: 69
        Line: 1928
        Column: 0
    Attributes: [19]
Location #240
    Mapping index: 7
    Address: 4508276
    Line #0
        Function index: 70
        Line: 1890
        Column: 0
    Attributes: [19]
Location #241
    Mapping index: 7
    Address: 4732964
    Line #0
        Function index: 71
        Line: 396
        Column: 0
    Attributes: [19]
Location #242
    Mapping index: 1
    Address: 9480026
    Line #0
        Function index: 72
        Line: 0
        Column: 0
    Attributes: [3]
Location #243
    Mapping index: 1
    Address: 9480349
    Line #0
        Function index: 73
        Line: 0
        Column: 0
    Attributes: [3]
Location #244
    Mapping index: 1
    Address: 8929563
    Line #0
        Function index: 74
        Line: 0
        Column: 0
    Attributes: [3]
Location #245
    Mapping index: 1
    Address: 8930316
    Line #0
        Function index: 75
        Line: 0
        Column: 0
    Attributes: [3]
Location #246
    Mapping index: 1
    Address: 8662554
    Line #0
        Function index: 76
        Line: 0
        Column: 0
    Attributes: [3]
Location #247
    Mapping index: 1
    Address: 8666654
    Line #0
        Function index: 77
        Line: 0
        Column: 0
    Attributes: [3]
Location #248
    Mapping index: 1
    Address: 8666824
    Line #0
        Function index: 78
        Line: 0
        Column: 0
    Attributes: [3]
Location #249
    Mapping index: 1
    Address: 3171795
    Line #0
        Function index: 14
        Line: 0
        Column: 0
    Attributes: [3]
Location #250
    Mapping index: 7
    Address: 4224397
    Line #0
        Function index: 79
        Line: 36
        Column: 0
    Attributes: [19]
Location #251
    Mapping index: 7
    Address: 4849036
    Line #0
        Function index: 80
        Line: 67
        Column: 0
    Attributes: [19]
Location #252
    Mapping index: 7
    Address: 4849125
    Line #0
        Function index: 81
        Line: 87
        Column: 0
    Attributes: [19]
Location #253
    Mapping index: 7
    Address: 4841783
    Line #0
        Function index: 82
        Line: 738
        Column: 0
    Attributes: [19]
Location #254
    Mapping index: 7
    Address: 5235885
    Line #0
        Function index: 83
        Line: 183
        Column: 0
    Attributes: [19]
Location #255
    Mapping index: 7
    Address: 5283054
    Line #0
        Function index: 84
        Line: 29
        Column: 0
    Attributes: [19]
Location #256
    Mapping index: 7
    Address: 5986269
    Line #0
        Function index: 85
        Line: 219
        Column: 0
    Attributes: [19]
Location #257
    Mapping index: 7
    Address: 18441618
    Line #0
        Function index: 39
        Line: 273
        Column: 0
    Attributes: [19]
Location #258
    Mapping index: 7
    Address: 18939767
    Line #0
        Function index: 86
        Line: 202
        Column: 0
    Attributes: [19]
Location #259
    Mapping index: 7
    Address: 18929350
    Line #0
        Function index: 87
        Line: 858
        Column: 0
    Attributes: [19]
Location #260
    Mapping index: 7
    Address: 18933225
    Line #0
        Function index: 29
        Line: 1010
        Column: 0
    Attributes: [19]
Location #261
    Mapping index: 1
    Address: 9177202
    Line #0
        Function index: 88
        Line: 0
        Column: 0
    Attributes: [3]
Location #262
    Mapping index: 1
    Address: 9179707
    Line #0
        Function index: 89
        Line: 0
        Column: 0
    Attributes: [3]
Location #263
    Mapping index: 1
    Address: 3169980
    Line #0
        Function index: 14
        Line: 0
        Column: 0
    Attributes: [3]
Location #264
    Mapping index: 7
    Address: 4849289
    Line #0
        Function index: 90
        Line: 97
        Column: 0
    Attributes: [19]
Location #265
    Mapping index: 7
    Address: 4853020
    Line #0
        Function index: 91
        Line: 1
        Column: 0
    Attributes: [19]
Location #266
    Mapping index: 7
    Address: 10149358
    Line #0
        Function index: 92
        Line: 55
        Column: 0
    Attributes: [19]
Location #267
    Mapping index: 7
    Address: 18479300
    Line #0
        Function index: 93
        Line: 119
        Column: 0
    Attributes: [19]
Location #268
    Mapping index: 7
    Address: 18490198
    Line #0
        Function index: 94
        Line: 364
        Column: 0
    Attributes: [19]
Location #269
    Mapping index: 7
    Address: 19502557
    Line #0
        Function index: 95
        Line: 120
        Column: 0
    Attributes: [19]
Location #270
    Mapping index: 1
    Address: 7342456
    Line #0
        Function index: 96
        Line: 0
        Column: 0
    Attributes: [3]
Location #271
    Mapping index: 1
    Address: 7787935
    Line #0
        Function index: 97
        Line: 0
        Column: 0
    Attributes: [3]
Location #272
    Mapping index: 1
    Address: 7788988
    Line #0
        Function index: 98
        Line: 0
        Column: 0
    Attributes: [3]
Location #273
    Mapping index: 1
    Address: 7812671
    Line #0
        Function index: 20
        Line: 0
        Column: 0
    Attributes: [3]
Location #274
    Mapping index: 7
    Address: 5230145
    Line #0
        Function index: 99
        Line: 215
        Column: 0
    Attributes: [19]
Location #275
    Mapping index: 7
    Address: 5253924
    Line #0
        Function index: 100
        Line: 643
        Column: 0
    Attributes: [19]
Location #276
    Mapping index: 7
    Address: 5253793
    Line #0
        Function index: 101
        Line: 644
        Column: 0
    Attributes: [19]
Location #277
    Mapping index: 7
    Address: 5299270
    Line #0
        Function index: 102
        Line: 21
        Column: 0
    Attributes: [19]
Location #278
    Mapping index: 7
    Address: 18929449
    Line #0
        Function index: 87
        Line: 865
        Column: 0
    Attributes: [19]
Location #279
    Mapping index: 1
    Address: 8931423
    Line #0
        Function index: 103
        Line: 0
        Column: 0
    Attributes: [3]
Location #280
    Mapping index: 1
    Address: 9477883
    Line #0
        Function index: 104
        Line: 0
        Column: 0
    Attributes: [3]
Location #281
    Mapping index: 1
    Address: 9480062
    Line #0
        Function index: 72
        Line: 0
        Column: 0
    Attributes: [3]
Location #282
    Mapping index: 1
    Address: 8929165
    Line #0
        Function index: 74
        Line: 0
        Column: 0
    Attributes: [3]
Location #283
    Mapping index: 1
    Address: 8864276
    Line #0
        Function index: 105
        Line: 0
        Column: 0
    Attributes: [3]
Location #284
    Mapping index: 1
    Address: 8864407
    Line #0
        Function index: 106
        Line: 0
        Column: 0
    Attributes: [3]
Location #285
    Mapping index: 1
    Address: 8645622
    Line #0
        Function index: 107
        Line: 0
        Column: 0
    Attributes: [3]
Location #286
    Mapping index: 1
    Address: 8646977
    Line #0
        Function index: 108
        Line: 0
        Column: 0
    Attributes: [3]
Location #287
    Mapping index: 1
    Address: 3169995
    Line #0
        Function index: 14
        Line: 0
        Column: 0
    Attributes: [3]
Location #288
    Mapping index: 7
    Address: 4838093
    Line #0
        Function index: 109
        Line: 100
        Column: 0
    Attributes: [19]
Location #289
    Mapping index: 7
    Address: 5288682
    Line #0
        Function index: 110
        Line: 16
        Column: 0
    Attributes: [19]
Location #290
    Mapping index: 7
    Address: 5291091
    Line #0
        Function index: 111
        Line: 260
        Column: 0
    Attributes: [19]
Location #291
    Mapping index: 7
    Address: 5285917
    Line #0
        Function index: 112
        Line: 412
        Column: 0
    Attributes: [19]
Location #292
    Mapping index: 7
    Address: 18444470
    Line #0
        Function index: 113
        Line: 390
        Column: 0
    Attributes: [19]
Location #293
    Mapping index: 7
    Address: 18933379
    Line #0
        Function index: 29
        Line: 1012
        Column: 0
    Attributes: [19]
Location #294
    Mapping index: 1
    Address: 22447056
    Line #0
        Function index: 114
        Line: 0
        Column: 0
    Attributes: [3]
Location #295
    Mapping index: 1
    Address: 8014899
    Line #0
        Function index: 115
        Line: 0
        Column: 0
    Attributes: [3]
Location #296
    Mapping index: 1
    Address: 8017302
    Line #0
        Function index: 116
        Line: 0
        Column: 0
    Attributes: [3]
Location #297
    Mapping index: 1
    Address: 8017681
    Line #0
        Function index: 117
        Line: 0
        Column: 0
    Attributes: [3]
Location #298
    Mapping index: 1
    Address: 8021496
    Line #0
        Function index: 118
        Line: 0
        Column: 0
    Attributes: [3]
Location #299
    Mapping index: 1
    Address: 8028738
    Line #0
        Function index: 119
        Line: 0
        Column: 0
    Attributes: [3]
Location #300
    Mapping index: 1
    Address: 8034381
    Line #0
        Function index: 120
        Line: 0
        Column: 0
    Attributes: [3]
Location #301
    Mapping index: 1
    Address: 8276607
    Line #0
        Function index: 121
        Line: 0
        Column: 0
    Attributes: [3]
Location #302
    Mapping index: 1
    Address: 8289146
    Line #0
        Function index: 122
        Line: 0
        Column: 0
    Attributes: [3]
Location #303
    Mapping index: 1
    Address: 7805836
    Line #0
        Function index: 123
        Line: 0
        Column: 0
    Attributes: [3]
Location #304
    Mapping index: 1
    Address: 7806887
    Line #0
        Function index: 19
        Line: 0
        Column: 0
    Attributes: [3]
Location #305
    Mapping index: 1
    Address: 7341296
    Line #0
        Function index: 124
        Line: 0
        Column: 0
    Attributes: [3]
Location #306
    Mapping index: 1
    Address: 7342494
    Line #0
        Function index: 96
        Line: 0
        Column: 0
    Attributes: [3]
Location #307
    Mapping index: 7
    Address: 4221990
    Line #0
        Function index: 125
        Line: 114
        Column: 0
    Attributes: [19]
Location #308
    Mapping index: 7
    Address: 18930314
    Line #0
        Function index: 126
        Line: 894
        Column: 0
    Attributes: [19]
Location #309
    Mapping index: 7
    Address: 18932708
    Line #0
        Function index: 29
        Line: 1033
        Column: 0
    Attributes: [19]
Location #310
    Mapping index: 7
    Address: 4417090
    Line #0
        Function index: 127
        Line: 1443
        Column: 0
    Attributes: [19]
Location #311
    Mapping index: 7
    Address: 4416534
    Line #0
        Function index: 128
        Line: 1400
        Column: 0
    Attributes: [19]
Location #312
    Mapping index: 7
    Address: 4414555
    Line #0
        Function index: 129
        Line: 1017
        Column: 0
    Attributes: [19]
Location #313
    Mapping index: 7
    Address: 4414394
    Line #0
        Function index: 130
        Line: 1011
        Column: 0
    Attributes: [19]
Location #314
    Mapping index: 7
    Address: 4328405
    Line #0
        Function index: 131
        Line: 254
        Column: 0
    Attributes: [19]
Location #315
    Mapping index: 7
    Address: 4328045
    Line #0
        Function index: 132
        Line: 172
        Column: 0
    Attributes: [19]
Location #316
    Mapping index: 7
    Address: 4325522
    Line #0
        Function index: 133
        Line: 185
        Column: 0
    Attributes: [19]
Location #317
    Mapping index: 7
    Address: 4310653
    Line #0
        Function index: 134
        Line: 970
        Column: 0
    Attributes: [19]
Location #318
    Mapping index: 7
    Address: 4312900
    Line #0
        Function index: 55
        Line: 1430
        Column: 0
    Attributes: [19]
Location #319
    Mapping index: 7
    Address: 18932397
    Line #0
        Function index: 29
        Line: 985
        Column: 0
    Attributes: [19]
Location #320
    Mapping index: 1
    Address: 8604784
    Line #0
        Function index: 135
        Line: 0
        Column: 0
    Attributes: [3]
Location #321
    Mapping index: 1
    Address: 8605584
    Line #0
        Function index: 136
        Line: 0
        Column: 0
    Attributes: [3]
Location #322
    Mapping index: 1
    Address: 6564296
    Line #0
        Function index: 137
        Line: 0
        Column: 0
    Attributes: [3]
Location #323
    Mapping index: 1
    Address: 6548654
    Line #0
        Function index: 138
        Line: 0
        Column: 0
    Attributes: [3]
Location #324
    Mapping index: 1
    Address: 6574650
    Line #0
        Function index: 139
        Line: 0
        Column: 0
    Attributes: [3]
Location #325
    Mapping index: 1
    Address: 6576780
    Line #0
        Function index: 140
        Line: 0
        Column: 0
    Attributes: [3]
Location #326
    Mapping index: 1
    Address: 3172050
    Line #0
        Function index: 14
        Line: 0
        Column: 0
    Attributes: [3]
Location #327
    Mapping index: 7
    Address: 4852909
    Line #0
        Function index: 141
        Line: 1
        Column: 0
    Attributes: [19]
Location #328
    Mapping index: 7
    Address: 17802355
    Line #0
        Function index: 142
        Line: 95
        Column: 0
    Attributes: [19]
Location #329
    Mapping index: 7
    Address: 18185741
    Line #0
        Function index: 143
        Line: 1420
        Column: 0
    Attributes: [19]
Location #330
    Mapping index: 7
    Address: 18185389
    Line #0
        Function index: 144
        Line: 1399
        Column: 0
    Attributes: [19]
Location #331
    Mapping index: 7
    Address: 19489045
    Line #0
        Function index: 145
        Line: 547
        Column: 0
    Attributes: [19]
Location #332
    Mapping index: 7
    Address: 19380040
    Line #0
        Function index: 146
        Line: 449
        Column: 0
    Attributes: [19]
Location #333
    Mapping index: 7
    Address: 19373291
    Line #0
        Function index: 35
        Line: 222
        Column: 0
    Attributes: [19]
Location #334
    Mapping index: 1
    Address: 4210366
    Line #0
        Function index: 9
        Line: 0
        Column: 0
    Attributes: [3]
Location #335
    Mapping index: 1
    Address: 9482543
    Line #0
        Function index: 147
        Line: 0
        Column: 0
    Attributes: [3]
Location #336
    Mapping index: 1
    Address: 8929843
    Line #0
        Function index: 74
        Line: 0
        Column: 0
    Attributes: [3]
Location #337
    Mapping index: 3
    Address: 33223866
    Attributes: [5]
Location #338
    Mapping index: 3
    Address: 33224023
    Attributes: [5]
Location #339
    Mapping index: 3
    Address: 32813169
    Attributes: [5]
Location #340
    Mapping index: 3
    Address: 32810192
    Attributes: [5]
Location #341
    Mapping index: 3
    Address: 32813810
    Attributes: [5]
Location #342
    Mapping index: 3
    Address: 32811472
    Attributes: [5]
Location #343
    Mapping index: 3
    Address: 32809074
    Attributes: [5]
Location #344
    Mapping index: 3
    Address: 32818003
    Attributes: [5]
Location #345
    Mapping index: 3
    Address: 32810000
    Attributes: [5]
Location #346
    Mapping index: 3
    Address: 32811934
    Attributes: [5]
Location #347
    Mapping index: 3
    Address: 32855947
    Attributes: [5]
Location #348
    Mapping index: 3
    Address: 33219907
    Attributes: [5]
Location #349
    Mapping index: 3
    Address: 33222747
    Attributes: [5]
Location #350
    Mapping index: 3
    Address: 33360877
    Attributes: [5]
Location #351
    Mapping index: 3
    Address: 33333387
    Attributes: [5]
Location #352
    Mapping index: 3
    Address: 33349508
    Attributes: [5]
Location #353
    Mapping index: 3
    Address: 33328612
    Attributes: [5]
Location #354
    Mapping index: 3
    Address: 33987563
    Attributes: [5]
Location #355
    Mapping index: 3
    Address: 33157180
    Attributes: [5]
Location #356
    Mapping index: 3
    Address: 12154008
    Attributes: [5]
Location #357
    Mapping index: 3
    Address: 10635135
    Attributes: [5]
Location #358
    Mapping index: 3
    Address: 10653522
    Attributes: [5]
Location #359
    Mapping index: 5
    Address: 31200881
    Attributes: [5]
Location #360
    Mapping index: 5
    Address: 31192404
    Attributes: [5]
Location #361
    Mapping index: 5
    Address: 31176696
    Attributes: [5]
Location #362
    Mapping index: 5
    Address: 31175437
    Attributes: [5]
Location #363
    Mapping index: 5
    Address: 66351253
    Attributes: [5]
Location #364
    Mapping index: 5
    Address: 15922512
    Attributes: [5]
Location #365
    Mapping index: 5
    Address: 48840117
    Attributes: [5]
Location #366
    Mapping index: 5
    Address: 15936815
    Attributes: [5]
Location #367
    Mapping index: 5
    Address: 48839589
    Attributes: [5]
Location #368
    Mapping index: 5
    Address: 15917664
    Attributes: [5]
Location #369
    Mapping index: 3
    Address: 29488527
    Attributes: [5]
Location #370
    Mapping index: 3
    Address: 29454066
    Attributes: [5]
Location #371
    Mapping index: 3
    Address: 33159686
    Attributes: [5]
Location #372
    Mapping index: 3
    Address: 12153813
    Attributes: [5]
Location #373
    Mapping index: 1
    Address: 5168508
    Line #0
        Function index: 148
        Line: 0
        Column: 0
    Attributes: [3]
Location #374
    Mapping index: 1
    Address: 7805862
    Line #0
        Function index: 123
        Line: 0
        Column: 0
    Attributes: [3]
Location #375
    Mapping index: 3
    Address: 10635146
    Attributes: [5]
Location #376
    Mapping index: 3
    Address: 27255055
    Attributes: [5]
Location #377
    Mapping index: 3
    Address: 12877509
    Attributes: [5]
Location #378
    Mapping index: 5
    Address: 27290866
    Attributes: [5]
Location #379
    Mapping index: 5
    Address: 27281197
    Attributes: [5]
Location #380
    Mapping index: 5
    Address: 27271210
    Attributes: [5]
Location #381
    Mapping index: 5
    Address: 27262969
    Attributes: [5]
Location #382
    Mapping index: 5
    Address: 31179928
    Attributes: [5]
Location #383
    Mapping index: 5
    Address: 27423932
    Attributes: [5]
Location #384
    Mapping index: 5
    Address: 27426451
    Attributes: [5]
Location #385
    Mapping index: 5
    Address: 33406859
    Attributes: [5]
Location #386
    Mapping index: 5
    Address: 66251061
    Attributes: [5]
Location #387
    Mapping index: 3
    Address: 27251778
    Attributes: [5]
Location #388
    Mapping index: 3
    Address: 25240794
    Attributes: [5]
Location #389
    Mapping index: 3
    Address: 11707653
    Attributes: [5]
Location #390
    Mapping index: 3
    Address: 11702332
    Attributes: [5]
Location #391
    Mapping index: 3
    Address: 24012896
    Attributes: [5]
Location #392
    Mapping index: 3
    Address: 12480617
    Attributes: [5]
Location #393
    Mapping index: 3
    Address: 10881499
    Attributes: [5]
Location #394
    Mapping index: 3
    Address: 20634233
    Attributes: [5]
Location #395
    Mapping index: 3
    Address: 20634453
    Attributes: [5]
Location #396
    Mapping index: 3
    Address: 20626859
    Attributes: [5]
Location #397
    Mapping index: 3
    Address: 22667394
    Attributes: [5]
Location #398
    Mapping index: 3
    Address: 12880861
    Attributes: [5]
Location #399
    Mapping index: 1
    Address: 7807578
    Line #0
        Function index: 19
        Line: 0
        Column: 0
    Attributes: [3]
Location #400
    Mapping index: 3
    Address: 34498523
    Attributes: [5]
Location #401
    Mapping index: 3
    Address: 34498120
    Attributes: [5]
Location #402
    Mapping index: 3
    Address: 34543034
    Attributes: [5]
Location #403
    Mapping index: 3
    Address: 34527820
    Attributes: [5]
Location #404
    Mapping index: 3
    Address: 34527874
    Attributes: [5]
Location #405
    Mapping index: 3
    Address: 34529070
    Attributes: [5]
Location #406
    Mapping index: 3
    Address: 34542007
    Attributes: [5]
Location #407
    Mapping index: 3
    Address: 34530968
    Attributes: [5]
Location #408
    Mapping index: 3
    Address: 34551567
    Attributes: [5]
Location #409
    Mapping index: 3
    Address: 34582638
    Attributes: [5]
Location #410
    Mapping index: 3
    Address: 34538245
    Attributes: [5]
Location #411
    Mapping index: 3
    Address: 34543475
    Attributes: [5]
Location #412
    Mapping index: 3
    Address: 34500859
    Attributes: [5]
Location #413
    Mapping index: 3
    Address: 34328029
    Attributes: [5]
Location #414
    Mapping index: 3
    Address: 20281145
    Attributes: [5]
Location #415
    Mapping index: 3
    Address: 20924482
    Attributes: [5]
Location #416
    Mapping index: 3
    Address: 22667700
    Attributes: [5]
Location #417
    Mapping index: 5
    Address: 15838876
    Attributes: [5]
Location #418
    Mapping index: 5
    Address: 15806474
    Attributes: [5]
Location #419
    Mapping index: 3
    Address: 31501455
    Attributes: [5]
Location #420
    Mapping index: 3
    Address: 31501938
    Attributes: [5]
Location #421
    Mapping index: 3
    Address: 31417566
    Attributes: [5]
Location #422
    Mapping index: 3
    Address: 31793583
    Attributes: [5]
Location #423
    Mapping index: 3
    Address: 31747072
    Attributes: [5]
Location #424
    Mapping index: 3
    Address: 31412916
    Attributes: [5]
Location #425
    Mapping index: 3
    Address: 32809296
    Attributes: [5]
Location #426
    Mapping index: 3
    Address: 32826406
    Attributes: [5]
Location #427
    Mapping index: 3
    Address: 32809930
    Attributes: [5]
Location #428
    Mapping index: 3
    Address: 32814261
    Attributes: [5]
Location #429
    Mapping index: 3
    Address: 32814493
    Attributes: [5]
Location #430
    Mapping index: 3
    Address: 12148888
    Attributes: [5]
Location #431
    Mapping index: 3
    Address: 12962171
    Attributes: [5]
Location #432
    Mapping index: 3
    Address: 12850257
    Attributes: [5]
Location #433
    Mapping index: 3
    Address: 24535077
    Attributes: [5]
Location #434
    Mapping index: 3
    Address: 24234593
    Attributes: [5]
Location #435
    Mapping index: 3
    Address: 24236339
    Attributes: [5]
Location #436
    Mapping index: 3
    Address: 23992209
    Attributes: [5]
Location #437
    Mapping index: 3
    Address: 23990549
    Attributes: [5]
Location #438
    Mapping index: 3
    Address: 23990276
    Attributes: [5]
Location #439
    Mapping index: 3
    Address: 24007483
    Attributes: [5]
Location #440
    Mapping index: 3
    Address: 23999947
    Attributes: [5]
Location #441
    Mapping index: 3
    Address: 22445551
    Attributes: [5]
Location #442
    Mapping index: 3
    Address: 12521211
    Attributes: [5]
Location #443
    Mapping index: 3
    Address: 12463831
    Attributes: [5]
Location #444
    Mapping index: 3
    Address: 13019597
    Attributes: [5]
Location #445
    Mapping index: 3
    Address: 15448408
    Attributes: [5]
Location #446
    Mapping index: 3
    Address: 15719702
    Attributes: [5]
Location #447
    Mapping index: 3
    Address: 15705287
    Attributes: [5]
Location #448
    Mapping index: 3
    Address: 15330131
    Attributes: [5]
Location #449
    Mapping index: 3
    Address: 34570938
    Attributes: [5]
Location #450
    Mapping index: 3
    Address: 34567170
    Attributes: [5]
Location #451
    Mapping index: 3
    Address: 34529238
    Attributes: [5]
Location #452
    Mapping index: 3
    Address: 34543153
    Attributes: [5]
Location #453
    Mapping index: 3
    Address: 34541840
    Attributes: [5]
Location #454
    Mapping index: 3
    Address: 34530910
    Attributes: [5]
Location #455
    Mapping index: 3
    Address: 15371458
    Attributes: [5]
Location #456
    Mapping index: 3
    Address: 15329589
    Attributes: [5]
Location #457
    Mapping index: 3
    Address: 15329356
    Attributes: [5]
Location #458
    Mapping index: 3
    Address: 21657934
    Attributes: [5]
Location #459
    Mapping index: 3
    Address: 29324315
    Attributes: [5]
Location #460
    Mapping index: 3
    Address: 29323655
    Attributes: [5]
Location #461
    Mapping index: 3
    Address: 22529899
    Attributes: [5]
Location #462
    Mapping index: 3
    Address: 22528699
    Attributes: [5]
Location #463
    Mapping index: 3
    Address: 12247618
    Attributes: [5]
Location #464
    Mapping index: 2
    Address: 710323
    Attributes: [5]
Location #465
    Mapping index: 5
    Address: 13883043
    Attributes: [5]
Location #466
    Mapping index: 5
    Address: 15908305
    Attributes: [5]
Location #467
    Mapping index: 5
    Address: 15907191
    Attributes: [5]
Location #468
    Mapping index: 5
    Address: 15905369
    Attributes: [5]
Location #469
    Mapping index: 5
    Address: 29928511
    Attributes: [5]
Location #470
    Mapping index: 5
    Address: 29927268
    Attributes: [5]
Location #471
    Mapping index: 5
    Address: 29966081
    Attributes: [5]
Location #472
    Mapping index: 5
    Address: 29970279
    Attributes: [5]
Location #473
    Mapping index: 5
    Address: 29936812
    Attributes: [5]
Location #474
    Mapping index: 5
    Address: 29935935
    Attributes: [5]
Location #475
    Mapping index: 3
    Address: 29522117
    Attributes: [5]
Location #476
    Mapping index: 5
    Address: 35279959
    Attributes: [5]
Location #477
    Mapping index: 5
    Address: 48847013
    Attributes: [5]
Location #478
    Mapping index: 5
    Address: 35267938
    Attributes: [5]
Location #479
    Mapping index: 5
    Address: 32603797
    Attributes: [5]
Location #480
    Mapping index: 5
    Address: 35275318
    Attributes: [5]
Location #481
    Mapping index: 5
    Address: 32605477
    Attributes: [5]
Location #482
    Mapping index: 5
    Address: 35273024
    Attributes: [5]
Location #483
    Mapping index: 5
    Address: 32604949
    Attributes: [5]
Location #484
    Mapping index: 5
    Address: 32593227
    Attributes: [5]
Location #485
    Mapping index: 5
    Address: 66211733
    Attributes: [5]
Location #486
    Mapping index: 3
    Address: 26051152
    Attributes: [5]
Location #487
    Mapping index: 3
    Address: 22435987
    Attributes: [5]
Location #488
    Mapping index: 3
    Address: 12997652
    Attributes: [5]
Location #489
    Mapping index: 3
    Address: 12841560
    Attributes: [5]
Location #490
    Mapping index: 5
    Address: 13326678
    Attributes: [5]
Location #491
    Mapping index: 3
    Address: 27278023
    Attributes: [5]
Location #492
    Mapping index: 3
    Address: 27268135
    Attributes: [5]
Location #493
    Mapping index: 3
    Address: 12857878
    Attributes: [5]
Location #494
    Mapping index: 3
    Address: 12447323
    Attributes: [5]
Location #495
    Mapping index: 3
    Address: 15300034
    Attributes: [5]
Location #496
    Mapping index: 3
    Address: 21609224
    Attributes: [5]
Location #497
    Mapping index: 3
    Address: 34628587
    Attributes: [5]
Location #498
    Mapping index: 3
    Address: 34627776
    Attributes: [5]
Location #499
    Mapping index: 3
    Address: 20281413
    Attributes: [5]
Location #500
    Mapping index: 5
    Address: 27290852
    Attributes: [5]
Location #501
    Mapping index: 5
    Address: 27281095
    Attributes: [5]
Location #502
    Mapping index: 3
    Address: 12841293
    Attributes: [5]
Location #503
    Mapping index: 3
    Address: 15250884
    Attributes: [5]
Location #504
    Mapping index: 3
    Address: 17668306
    Attributes: [5]
Location #505
    Mapping index: 3
    Address: 15717025
    Attributes: [5]
Location #506
    Mapping index: 3
    Address: 15704278
    Attributes: [5]
Location #507
    Mapping index: 3
    Address: 15347685
    Attributes: [5]
Location #508
    Mapping index: 3
    Address: 21616507
    Attributes: [5]
Location #509
    Mapping index: 3
    Address: 21618848
    Attributes: [5]
Location #510
    Mapping index: 3
    Address: 21619205
    Attributes: [5]
Location #511
    Mapping index: 3
    Address: 21618856
    Attributes: [5]
Location #512
    Mapping index: 3
    Address: 23959176
    Attributes: [5]
Location #513
    Mapping index: 3
    Address: 23956380
    Attributes: [5]
Location #514
    Mapping index: 3
    Address: 21415662
    Attributes: [5]
Location #515
    Mapping index: 8
    Address: 20835004
    Attributes: [5]
Location #516
    Mapping index: 8
    Address: 20835889
    Attributes: [5]
Location #517
    Mapping index: 8
    Address: 20843248
    Attributes: [5]
Location #518
    Mapping index: 8
    Address: 20860545
    Attributes: [5]
Location #519
    Mapping index: 0
    Address: 36980119
    Attributes: [5]
Location #520
    Mapping index: 8
    Address: 16935283
    Attributes: [5]
Location #521
    Mapping index: 2
    Address: 641699
    Attributes: [5]
Location #522
    Mapping index: 2
    Address: 1219691
    Attributes: [5]
Location #523
    Mapping index: 8
    Address: 22459808
    Attributes: [5]
Location #524
    Mapping index: 8
    Address: 22504905
    Attributes: [5]
Location #525
    Mapping index: 8
    Address: 22516348
    Attributes: [5]
Location #526
    Mapping index: 8
    Address: 19480344
    Attributes: [5]
Location #527
    Mapping index: 0
    Address: 0
    Line #0
        Function index: 149
        Line: 0
        Column: 0
    Attributes: [48]
Location #528
    Mapping index: 0
    Address: 0
    Line #0
        Function index: 150
        Line: 0
        Column: 0
    Attributes: [48]
Location #529
    Mapping index: 0
    Address: 0
    Line #0
        Function index: 151
        Line: 0
        Column: 0
    Attributes: [48]
Location #530
    Mapping index: 0
    Address: 0
    Line #0
        Function index: 152
        Line: 0
        Column: 0
    Attributes: [48]
Location #531
    Mapping index: 8
    Address: 20423650
    Attributes: [5]
Location #532
    Mapping index: 8
    Address: 20427604
    Attributes: [5]
Location #533
    Mapping index: 8
    Address: 24137666
    Attributes: [5]
Location #534
    Mapping index: 8
    Address: 25643165
    Attributes: [5]
Location #535
    Mapping index: 8
    Address: 23624076
    Attributes: [5]
Location #536
    Mapping index: 8
    Address: 25667457
    Attributes: [5]
Location #537
    Mapping index: 0
    Address: 0
    Line #0
        Function index: 153
        Line: 0
        Column: 0
    Attributes: [48]
Location #538
    Mapping index: 0
    Address: 0
    Line #0
        Function index: 154
        Line: 0
        Column: 0
    Attributes: [48]
Location #539
    Mapping index: 0
    Address: 0
    Line #0
        Function index: 155
        Line: 0
        Column: 0
    Attributes: [48]
Location #540
    Mapping index: 0
    Address: 0
    Line #0
        Function index: 156
        Line: 0
        Column: 0
    Attributes: [48]
Location #541
    Mapping index: 0
    Address: 0
    Line #0
        Function index: 157
        Line: 0
        Column: 0
    Attributes: [48]
Location #542
    Mapping index: 0
    Address: 0
    Line #0
        Function index: 158
        Line: 0
        Column: 0
    Attributes: [48]
Location #543
    Mapping index: 0
    Address: 0
    Line #0
        Function index: 159
        Line: 0
        Column: 0
    Attributes: [48]
Location #544
    Mapping index: 0
    Address: 0
    Line #0
        Function index: 160
        Line: 0
        Column: 0
    Attributes: [48]
Location #545
    Mapping index: 8
    Address: 22463968
    Attributes: [5]
Location #546
    Mapping index: 8
    Address: 22506735
    Attributes: [5]
Location #547
    Mapping index: 0
    Address: 0
    Attributes: [48]
Location #548
    Mapping index: 0
    Address: 0
    Line #0
        Function index: 161
        Line: 0
        Column: 0
    Attributes: [48]
Location #549
    Mapping index: 0
    Address: 0
    Line #0
        Function index: 162
        Line: 0
        Column: 0
    Attributes: [48]
Location #550
    Mapping index: 0
    Address: 0
    Line #0
        Function index: 163
        Line: 0
        Column: 0
    Attributes: [48]
Location #551
    Mapping index: 0
    Address: 0
    Line #0
        Function index: 164
        Line: 0
        Column: 0
    Attributes: [48]
Location #552
    Mapping index: 0
    Address: 0
    Line #0
        Function index: 165
        Line: 0
        Column: 0
    Attributes: [48]
Location #553
    Mapping index: 8
    Address: 20424196
    Attributes: [5]
Location #554
    Mapping index: 8
    Address: 20428857
    Attributes: [5]
Location #555
    Mapping index: 8
    Address: 20635384
    Attributes: [5]
Location #556
    Mapping index: 8
    Address: 20636338
    Attributes: [5]
Location #557
    Mapping index: 8
    Address: 15266858
    Attributes: [5]
Location #558
    Mapping index: 8
    Address: 15267424
    Attributes: [5]
Location #559
    Mapping index: 8
    Address: 16024100
    Attributes: [5]
Location #560
    Mapping index: 8
    Address: 15292437
    Attributes: [5]
Location #561
    Mapping index: 8
    Address: 16703983
    Attributes: [5]
Location #562
    Mapping index: 8
    Address: 16023210
    Attributes: [5]
Location #563
    Mapping index: 8
    Address: 15258461
    Attributes: [5]
Location #564
    Mapping index: 8
    Address: 21841733
    Attributes: [5]
Location #565
    Mapping index: 8
    Address: 21849979
    Attributes: [5]
Location #566
    Mapping index: 8
    Address: 21885809
    Attributes: [5]
Location #567
    Mapping index: 8
    Address: 21887322
    Attributes: [5]
Location #568
    Mapping index: 8
    Address: 21895534
    Attributes: [5]
Location #569
    Mapping index: 8
    Address: 21895897
    Attributes: [5]
Location #570
    Mapping index: 8
    Address: 22278866
    Attributes: [5]
Location #571
    Mapping index: 8
    Address: 22202055
    Attributes: [5]
Location #572
    Mapping index: 8
    Address: 22417069
    Attributes: [5]
Location #573
    Mapping index: 8
    Address: 22418331
    Attributes: [5]
Location #574
    Mapping index: 8
    Address: 22266291
    Attributes: [5]
Location #575
    Mapping index: 8
    Address: 22348046
    Attributes: [5]
Location #576
    Mapping index: 8
    Address: 22340020
    Attributes: [5]
Location #577
    Mapping index: 8
    Address: 22404956
    Attributes: [5]
Location #578
    Mapping index: 8
    Address: 22339813
    Attributes: [5]
Location #579
    Mapping index: 8
    Address: 22338502
    Attributes: [5]
Location #580
    Mapping index: 8
    Address: 22385797
    Attributes: [5]
Location #581
    Mapping index: 8
    Address: 22386866
    Attributes: [5]
Location #582
    Mapping index: 8
    Address: 22446742
    Attributes: [5]
Location #583
    Mapping index: 8
    Address: 19657950
    Attributes: [5]
Location #584
    Mapping index: 8
    Address: 19658359
    Attributes: [5]
Location #585
    Mapping index: 8
    Address: 19703069
    Attributes: [5]
Location #586
    Mapping index: 8
    Address: 19704123
    Attributes: [5]
Location #587
    Mapping index: 8
    Address: 19706189
    Attributes: [5]
Location #588
    Mapping index: 8
    Address: 19706926
    Attributes: [5]
Location #589
    Mapping index: 8
    Address: 19711212
    Attributes: [5]
Location #590
    Mapping index: 8
    Address: 18997854
    Attributes: [5]
Location #591
    Mapping index: 8
    Address: 18999310
    Attributes: [5]
Location #592
    Mapping index: 8
    Address: 15962226
    Attributes: [5]
Location #593
    Mapping index: 8
    Address: 15978729
    Attributes: [5]
Location #594
    Mapping index: 8
    Address: 19316633
    Attributes: [5]
Location #595
    Mapping index: 8
    Address: 19317481
    Attributes: [5]
Location #596
    Mapping index: 0
    Address: 0
    Line #0
        Function index: 166
        Line: 0
        Column: 0
    Attributes: [48]
Location #597
    Mapping index: 0
    Address: 0
    Line #0
        Function index: 167
        Line: 0
        Column: 0
    Attributes: [48]
Location #598
    Mapping index: 0
    Address: 0
    Line #0
        Function index: 168
        Line: 0
        Column: 0
    Attributes: [48]
Location #599
    Mapping index: 0
    Address: 47910428
    Attributes: [5]
Location #600
    Mapping index: 0
    Address: 47915092
    Attributes: [5]
Location #601
    Mapping index: 0
    Address: 45309672
    Attributes: [5]
Location #602
    Mapping index: 0
    Address: 45312831
    Attributes: [5]
Location #603
    Mapping index: 8
    Address: 19660682
    Attributes: [5]
Location #604
    Mapping index: 8
    Address: 19919552
    Attributes: [5]
Location #605
    Mapping index: 8
    Address: 19920478
    Attributes: [5]
Location #606
    Mapping index: 0
    Address: 45547138
    Attributes: [5]
Location #607
    Mapping index: 0
    Address: 45610716
    Attributes: [5]
Location #608
    Mapping index: 0
    Address: 45210653
    Attributes: [5]
Location #609
    Mapping index: 0
    Address: 45308862
    Attributes: [5]
Location #610
    Mapping index: 8
    Address: 24462913
    Attributes: [5]
Location #611
    Mapping index: 8
    Address: 24464264
    Attributes: [5]
Location #612
    Mapping index: 8
    Address: 24287218
    Attributes: [5]
Location #613
    Mapping index: 0
    Address: 0
    Line #0
        Function index: 169
        Line: 0
        Column: 0
    Attributes: [48]
Location #614
    Mapping index: 0
    Address: 0
    Line #0
        Function index: 170
        Line: 0
        Column: 0
    Attributes: [48]
Location #615
    Mapping index: 0
    Address: 0
    Line #0
        Function index: 171
        Line: 0
        Column: 0
    Attributes: [48]
Location #616
    Mapping index: 0
    Address: 0
    Line #0
        Function index: 172
        Line: 0
        Column: 0
    Attributes: [48]
Location #617
    Mapping index: 0
    Address: 0
    Line #0
        Function index: 173
        Line: 0
        Column: 0
    Attributes: [48]
Location #618
    Mapping index: 0
    Address: 0
    Line #0
        Function index: 174
        Line: 0
        Column: 0
    Attributes: [48]
Location #619
    Mapping index: 0
    Address: 0
    Line #0
        Function index: 175
        Line: 0
        Column: 0
    Attributes: [48]
Location #620
    Mapping index: 0
    Address: 0
    Line #0
        Function index: 176
        Line: 0
        Column: 0
    Attributes: [48]
Location #621
    Mapping index: 0
    Address: 0
    Line #0
        Function index: 177
        Line: 0
        Column: 0
    Attributes: [48]
Location #622
    Mapping index: 0
    Address: 0
    Line #0
        Function index: 178
        Line: 0
        Column: 0
    Attributes: [48]
Location #623
    Mapping index: 0
    Address: 0
    Line #0
        Function index: 179
        Line: 85
        Column: 0
    Attributes: [48]
Location #624
    Mapping index: 0
    Address: 0
    Line #0
        Function index: 180
        Line: 88
        Column: 0
    Attributes: [48]
Location #625
    Mapping index: 0
    Address: 0
    Line #0
        Function index: 181
        Line: 84
        Column: 0
    Attributes: [48]
Location #626
    Mapping index: 0
    Address: 0
    Line #0
        Function index: 182
        Line: 42
        Column: 0
    Attributes: [48]
Location #627
    Mapping index: 0
    Address: 0
    Line #0
        Function index: 179
        Line: 476
        Column: 0
    Attributes: [48]
Location #628
    Mapping index: 0
    Address: 0
    Line #0
        Function index: 183
        Line: 460
        Column: 0
    Attributes: [48]
Location #629
    Mapping index: 0
    Address: 0
    Line #0
        Function index: 179
        Line: 475
        Column: 0
    Attributes: [48]
Location #630
    Mapping index: 0
    Address: 0
    Line #0
        Function index: 184
        Line: 74
        Column: 0
    Attributes: [48]
Location #631
    Mapping index: 0
    Address: 0
    Line #0
        Function index: 185
        Line: 112
        Column: 1073737037
    Attributes: [48]
Location #632
    Mapping index: 0
    Address: 0
    Line #0
        Function index: 186
        Line: 0
        Column: 0
    Attributes: [48]
Location #633
    Mapping index: 0
    Address: 0
    Line #0
        Function index: 187
        Line: 34
        Column: 0
    Attributes: [48]
Location #634
    Mapping index: 0
    Address: 0
    Line #0
        Function index: 188
        Line: 122
        Column: 0
    Attributes: [48]
Location #635
    Mapping index: 0
    Address: 0
    Line #0
        Function index: 189
        Line: 0
        Column: 0
    Attributes: [48]
Location #636
    Mapping index: 0
    Address: 0
    Line #0
        Function index: 190
        Line: 133
        Column: 0
    Attributes: [48]
Location #637
    Mapping index: 0
    Address: 0
    Line #0
        Function index: 191
        Line: 86
        Column: 0
    Attributes: [48]
Location #638
    Mapping index: 0
    Address: 0
    Line #0
        Function index: 192
        Line: 13
        Column: 0
    Attributes: [48]
Location #639
    Mapping index: 0
    Address: 0
    Line #0
        Function index: 193
        Line: 0
        Column: 0
    Attributes: [48]
Location #640
    Mapping index: 0
    Address: 0
    Line #0
        Function index: 194
        Line: 1
        Column: 10
    Attributes: [48]
Location #641
    Mapping index: 0
    Address: 0
    Line #0
        Function index: 195
        Line: 48
        Column: 0
    Attributes: [48]
Location #642
    Mapping index: 0
    Address: 0
    Line #0
        Function index: 196
        Line: 183
        Column: 0
    Attributes: [48]
Location #643
    Mapping index: 0
    Address: 0
    Line #0
        Function index: 197
        Line: 227
        Column: 0
    Attributes: [48]
Location #644
    Mapping index: 0
    Address: 0
    Line #0
        Function index: 198
        Line: 0
        Column: 0
    Attributes: [48]
Location #645
    Mapping index: 8
    Address: 16411541
    Attributes: [5]
Location #646
    Mapping index: 8
    Address: 16412425
    Attributes: [5]
Location #647
    Mapping index: 8
    Address: 16314762
    Attributes: [5]
Location #648
    Mapping index: 8
    Address: 30409788
    Attributes: [5]
Location #649
    Mapping index: 8
    Address: 30424754
    Attributes: [5]
Location #650
    Mapping index: 8
    Address: 30518099
    Attributes: [5]
Location #651
    Mapping index: 8
    Address: 30428182
    Attributes: [5]
Location #652
    Mapping index: 8
    Address: 15277125
    Attributes: [5]
Location #653
    Mapping index: 8
    Address: 16703920
    Attributes: [5]
Location #654
    Mapping index: 8
    Address: 19712480
    Attributes: [5]
Location #655
    Mapping index: 8
    Address: 19152435
    Attributes: [5]
Location #656
    Mapping index: 8
    Address: 19153158
    Attributes: [5]
Location #657
    Mapping index: 8
    Address: 16258194
    Attributes: [5]
Location #658
    Mapping index: 8
    Address: 16278569
    Attributes: [5]
Location #659
    Mapping index: 0
    Address: 0
    Line #0
        Function index: 199
        Line: 0
        Column: 0
    Attributes: [48]
Location #660
    Mapping index: 0
    Address: 0
    Line #0
        Function index: 200
        Line: 0
        Column: 0
    Attributes: [48]
Location #661
    Mapping index: 0
    Address: 0
    Line #0
        Function index: 201
        Line: 0
        Column: 0
    Attributes: [48]
Location #662
    Mapping index: 8
    Address: 19052805
    Attributes: [5]
Location #663
    Mapping index: 8
    Address: 15963868
    Attributes: [5]
Location #664
    Mapping index: 8
    Address: 24485441
    Attributes: [5]
Location #665
    Mapping index: 8
    Address: 24369152
    Attributes: [5]
Location #666
    Mapping index: 8
    Address: 24368961
    Attributes: [5]
Location #667
    Mapping index: 8
    Address: 24370492
    Attributes: [5]
Location #668
    Mapping index: 8
    Address: 18995569
    Attributes: [5]
Location #669
    Mapping index: 8
    Address: 15983390
    Attributes: [5]
Location #670
    Mapping index: 0
    Address: 0
    Line #0
        Function index: 202
        Line: 0
        Column: 0
    Attributes: [48]
Location #671
    Mapping index: 0
    Address: 47509425
    Attributes: [5]
Location #672
    Mapping index: 0
    Address: 47513492
    Attributes: [5]
Location #673
    Mapping index: 0
    Address: 45255031
    Attributes: [5]
Location #674
    Mapping index: 0
    Address: 45256993
    Attributes: [5]
Location #675
    Mapping index: 0
    Address: 45306360
    Attributes: [5]
Location #676
    Mapping index: 2
    Address: 1608327
    Attributes: [5]
Location #677
    Mapping index: 0
    Address: 47495051
    Attributes: [5]
Location #678
    Mapping index: 0
    Address: 47496698
    Attributes: [5]
Location #679
    Mapping index: 0
    Address: 45224136
    Attributes: [5]
Location #680
    Mapping index: 0
    Address: 45252457
    Attributes: [5]
Location #681
    Mapping index: 8
    Address: 22506604
    Attributes: [5]
Location #682
    Mapping index: 0
    Address: 0
    Line #0
        Function index: 203
        Line: 0
        Column: 0
    Attributes: [48]
Location #683
    Mapping index: 0
    Address: 0
    Line #0
        Function index: 204
        Line: 295
        Column: 0
    Attributes: [48]
Location #684
    Mapping index: 0
    Address: 0
    Line #0
        Function index: 205
        Line: 0
        Column: 0
    Attributes: [48]
Location #685
    Mapping index: 0
    Address: 0
    Line #0
        Function index: 206
        Line: 0
        Column: 0
    Attributes: [48]
Location #686
    Mapping index: 8
    Address: 16317598
    Attributes: [5]
Location #687
    Mapping index: 8
    Address: 16417175
    Attributes: [5]
Location #688
    Mapping index: 1
    Address: 7772927
    Line #0
        Function index: 1
        Line: 0
        Column: 0
    Attributes: [3]
Location #689
    Mapping index: 1
    Address: 4346454
    Line #0
        Function index: 207
        Line: 0
        Column: 0
    Attributes: [3]
Location #690
    Mapping index: 1
    Address: 3495015
    Line #0
        Function index: 208
        Line: 0
        Column: 0
    Attributes: [3]
Location #691
    Mapping index: 1
    Address: 22380821
    Line #0
        Function index: 209
        Line: 0
        Column: 0
    Attributes: [3]
Location #692
    Mapping index: 1
    Address: 22351561
    Line #0
        Function index: 15
        Line: 0
        Column: 0
    Attributes: [3]
Location #693
    Mapping index: 2
    Address: 626032
    Attributes: [5]
Location #694
    Mapping index: 8
    Address: 24400000
    Attributes: [5]
Location #695
    Mapping index: 8
    Address: 19174698
    Attributes: [5]
Location #696
    Mapping index: 8
    Address: 19176749
    Attributes: [5]
Location #697
    Mapping index: 8
    Address: 24590325
    Attributes: [5]
Location #698
    Mapping index: 8
    Address: 24765676
    Attributes: [5]
Location #699
    Mapping index: 8
    Address: 24787094
    Attributes: [5]
Location #700
    Mapping index: 8
    Address: 19705047
    Attributes: [5]
Location #701
    Mapping index: 0
    Address: 0
    Line #0
        Function index: 210
        Line: 0
        Column: 0
    Attributes: [48]
Location #702
    Mapping index: 0
    Address: 0
    Line #0
        Function index: 211
        Line: 0
        Column: 0
    Attributes: [48]
Location #703
    Mapping index: 0
    Address: 0
    Line #0
        Function index: 212
        Line: 0
        Column: 0
    Attributes: [48]
Location #704
    Mapping index: 0
    Address: 0
    Line #0
        Function index: 213
        Line: 0
        Column: 0
    Attributes: [48]
Location #705
    Mapping index: 0
    Address: 45718788
    Attributes: [5]
Location #706
    Mapping index: 0
    Address: 44833130
    Attributes: [5]
Location #707
    Mapping index: 0
    Address: 45185518
    Attributes: [5]
Location #708
    Mapping index: 0
    Address: 44833344
    Attributes: [5]
Location #709
    Mapping index: 0
    Address: 44840947
    Attributes: [5]
Location #710
    Mapping index: 0
    Address: 44842008
    Attributes: [5]
Location #711
    Mapping index: 0
    Address: 45309450
    Attributes: [5]
Location #712
    Mapping index: 0
    Address: 47486532
    Attributes: [5]
Location #713
    Mapping index: 0
    Address: 47497682
    Attributes: [5]
Location #714
    Mapping index: 8
    Address: 24921776
    Attributes: [5]
Location #715
    Mapping index: 8
    Address: 24974087
    Attributes: [5]
Location #716
    Mapping index: 8
    Address: 24824443
    Attributes: [5]
Location #717
    Mapping index: 8
    Address: 24847462
    Attributes: [5]
Location #718
    Mapping index: 8
    Address: 24822943
    Attributes: [5]
Location #719
    Mapping index: 8
    Address: 24823191
    Attributes: [5]
Location #720
    Mapping index: 8
    Address: 24849888
    Attributes: [5]
Location #721
    Mapping index: 8
    Address: 24852164
    Attributes: [5]
Location #722
    Mapping index: 8
    Address: 24862877
    Attributes: [5]
Location #723
    Mapping index: 8
    Address: 24863213
    Attributes: [5]
Location #724
    Mapping index: 8
    Address: 24599593
    Attributes: [5]
Location #725
    Mapping index: 8
    Address: 24720949
    Attributes: [5]
Location #726
    Mapping index: 8
    Address: 24722392
    Attributes: [5]
Location #727
    Mapping index: 8
    Address: 24761819
    Attributes: [5]
Location #728
    Mapping index: 8
    Address: 24764184
    Attributes: [5]
Location #729
    Mapping index: 8
    Address: 24765638
    Attributes: [5]
Location #730
    Mapping index: 0
    Address: 0
    Line #0
        Function index: 214
        Line: 0
        Column: 0
    Attributes: [48]
Location #731
    Mapping index: 0
    Address: 0
    Line #0
        Function index: 215
        Line: 72
        Column: 0
    Attributes: [48]
Location #732
    Mapping index: 8
    Address: 15267290
    Attributes: [5]
Location #733
    Mapping index: 0
    Address: 44840684
    Attributes: [5]
Location #734
    Mapping index: 0
    Address: 45305512
    Attributes: [5]
Location #735
    Mapping index: 8
    Address: 22506025
    Attributes: [5]
Location #736
    Mapping index: 8
    Address: 23195172
    Attributes: [5]
Location #737
    Mapping index: 8
    Address: 22309700
    Attributes: [5]
Location #738
    Mapping index: 8
    Address: 22362856
    Attributes: [5]
Location #739
    Mapping index: 8
    Address: 22369616
    Attributes: [5]
Location #740
    Mapping index: 8
    Address: 22407032
    Attributes: [5]
Location #741
    Mapping index: 8
    Address: 22368296
    Attributes: [5]
Location #742
    Mapping index: 8
    Address: 22368511
    Attributes: [5]
Location #743
    Mapping index: 8
    Address: 19718485
    Attributes: [5]
Location #744
    Mapping index: 8
    Address: 19720193
    Attributes: [5]
Location #745
    Mapping index: 8
    Address: 25576878
    Attributes: [5]
Location #746
    Mapping index: 0
    Address: 0
    Line #0
        Function index: 216
        Line: 0
        Column: 0
    Attributes: [48]
Location #747
    Mapping index: 0
    Address: 0
    Line #0
        Function index: 217
        Line: 0
        Column: 0
    Attributes: [48]
Location #748
    Mapping index: 8
    Address: 20775425
    Attributes: [5]
Location #749
    Mapping index: 8
    Address: 20835011
    Attributes: [5]
Location #750
    Mapping index: 8
    Address: 20840584
    Attributes: [5]
Location #751
    Mapping index: 8
    Address: 21028782
    Attributes: [5]
Location #752
    Mapping index: 8
    Address: 22485913
    Attributes: [5]
Location #753
    Mapping index: 8
    Address: 22491086
    Attributes: [5]
Location #754
    Mapping index: 8
    Address: 22506483
    Attributes: [5]
Location #755
    Mapping index: 8
    Address: 16424766
    Attributes: [5]
Location #756
    Mapping index: 0
    Address: 47501284
    Attributes: [5]
Location #757
    Mapping index: 0
    Address: 45254925
    Attributes: [5]
Location #758
    Mapping index: 0
    Address: 47490741
    Attributes: [5]
Location #759
    Mapping index: 0
    Address: 47497961
    Attributes: [5]
Location #760
    Mapping index: 8
    Address: 24400025
    Attributes: [5]
Location #761
    Mapping index: 8
    Address: 24973840
    Attributes: [5]
Location #762
    Mapping index: 8
    Address: 24844619
    Attributes: [5]
Location #763
    Mapping index: 0
    Address: 47448715
    Attributes: [5]
Location #764
    Mapping index: 0
    Address: 47475595
    Attributes: [5]
Location #765
    Mapping index: 0
    Address: 45223776
    Attributes: [5]
Location #766
    Mapping index: 0
    Address: 45252117
    Attributes: [5]
Location #767
    Mapping index: 0
    Address: 47551186
    Attributes: [5]
Location #768
    Mapping index: 0
    Address: 47552437
    Attributes: [5]
Location #769
    Mapping index: 0
    Address: 47608468
    Attributes: [5]
Location #770
    Mapping index: 0
    Address: 47627025
    Attributes: [5]
Location #771
    Mapping index: 0
    Address: 47627768
    Attributes: [5]
Location #772
    Mapping index: 0
    Address: 47628053
    Attributes: [5]
Location #773
    Mapping index: 0
    Address: 45226312
    Attributes: [5]
Location #774
    Mapping index: 0
    Address: 45282390
    Attributes: [5]
Location #775
    Mapping index: 0
    Address: 45312717
    Attributes: [5]
Location #776
    Mapping index: 0
    Address: 0
    Line #0
        Function index: 218
        Line: 0
        Column: 0
    Attributes: [48]
Location #777
    Mapping index: 0
    Address: 0
    Line #0
        Function index: 219
        Line: 0
        Column: 0
    Attributes: [48]
Location #778
    Mapping index: 0
    Address: 0
    Line #0
        Function index: 220
        Line: 0
        Column: 0
    Attributes: [48]
Location #779
    Mapping index: 0
    Address: 0
    Line #0
        Function index: 221
        Line: 0
        Column: 0
    Attributes: [48]
Location #780
    Mapping index: 8
    Address: 25434558
    Attributes: [5]
Location #781
    Mapping index: 8
    Address: 25434845
    Attributes: [5]
Location #782
    Mapping index: 8
    Address: 25528361
    Attributes: [5]
Location #783
    Mapping index: 8
    Address: 25529524
    Attributes: [5]
Location #784
    Mapping index: 8
    Address: 25692164
    Attributes: [5]
Location #785
    Mapping index: 0
    Address: 0
    Line #0
        Function index: 222
        Line: 293
        Column: 0
    Attributes: [48]
Location #786
    Mapping index: 0
    Address: 0
    Line #0
        Function index: 223
        Line: 346
        Column: 0
    Attributes: [48]
Location #787
    Mapping index: 0
    Address: 0
    Line #0
        Function index: 224
        Line: 391
        Column: 0
    Attributes: [48]
Location #788
    Mapping index: 0
    Address: 0
    Line #0
        Function index: 225
        Line: 492
        Column: 0
    Attributes: [48]
Location #789
    Mapping index: 0
    Address: 0
    Line #0
        Function index: 226
        Line: 1
        Column: 10
    Attributes: [48]
Location #790
    Mapping index: 0
    Address: 0
    Line #0
        Function index: 227
        Line: 1386
        Column: 1073689790
    Attributes: [48]
Location #791
    Mapping index: 0
    Address: 0
    Line #0
        Function index: 228
        Line: 242
        Column: 0
    Attributes: [48]
Location #792
    Mapping index: 0
    Address: 0
    Line #0
        Function index: 229
        Line: 0
        Column: 0
    Attributes: [48]
Location #793
    Mapping index: 0
    Address: 0
    Line #0
        Function index: 230
        Line: 1373
        Column: 0
    Attributes: [48]
Location #794
    Mapping index: 0
    Address: 0
    Line #0
        Function index: 231
        Line: 1459
        Column: 0
    Attributes: [48]
Location #795
    Mapping index: 0
    Address: 0
    Line #0
        Function index: 232
        Line: 1496
        Column: 0
    Attributes: [48]
Location #796
    Mapping index: 0
    Address: 0
    Line #0
        Function index: 233
        Line: 282
        Column: 0
    Attributes: [48]
Location #797
    Mapping index: 0
    Address: 0
    Line #0
        Function index: 234
        Line: 591
        Column: 0
    Attributes: [48]
Location #798
    Mapping index: 0
    Address: 0
    Line #0
        Function index: 235
        Line: 540
        Column: 0
    Attributes: [48]
Location #799
    Mapping index: 0
    Address: 0
    Line #0
        Function index: 236
        Line: 202
        Column: 0
    Attributes: [48]
Location #800
    Mapping index: 0
    Address: 0
    Line #0
        Function index: 237
        Line: 517
        Column: 0
    Attributes: [48]
Location #801
    Mapping index: 0
    Address: 0
    Line #0
        Function index: 238
        Line: 568
        Column: 0
    Attributes: [48]
Location #802
    Mapping index: 0
    Address: 0
    Line #0
        Function index: 239
        Line: 0
        Column: 0
    Attributes: [48]
Location #803
    Mapping index: 0
    Address: 0
    Line #0
        Function index: 240
        Line: 0
        Column: 0
    Attributes: [48]
Location #804
    Mapping index: 0
    Address: 0
    Line #0
        Function index: 241
        Line: 0
        Column: 0
    Attributes: [48]
Location #805
    Mapping index: 0
    Address: 0
    Line #0
        Function index: 242
        Line: 0
        Column: 0
    Attributes: [48]
Location #806
    Mapping index: 0
    Address: 0
    Line #0
        Function index: 243
        Line: 0
        Column: 0
    Attributes: [48]
Location #807
    Mapping index: 8
    Address: 24033042
    Attributes: [5]
Location #808
    Mapping index: 8
    Address: 25665555
    Attributes: [5]
Location #809
    Mapping index: 0
    Address: 0
    Line #0
        Function index: 244
        Line: 5
        Column: 0
    Attributes: [48]
Location #810
    Mapping index: 0
    Address: 0
    Line #0
        Function index: 245
        Line: 13
        Column: 0
    Attributes: [48]
Location #811
    Mapping index: 0
    Address: 0
    Line #0
        Function index: 246
        Line: 23
        Column: 0
    Attributes: [48]
Location #812
    Mapping index: 0
    Address: 0
    Line #0
        Function index: 247
        Line: 1
        Column: 49
    Attributes: [48]
Location #813
    Mapping index: 0
    Address: 0
    Line #0
        Function index: 248
        Line: 297
        Column: 0
    Attributes: [48]
Location #814
    Mapping index: 0
    Address: 0
    Line #0
        Function index: 249
        Line: 736
        Column: 0
    Attributes: [48]
Location #815
    Mapping index: 0
    Address: 0
    Line #0
        Function index: 250
        Line: 1049
        Column: 0
    Attributes: [48]
Location #816
    Mapping index: 0
    Address: 0
    Line #0
        Function index: 251
        Line: 1069
        Column: 0
    Attributes: [48]
Location #817
    Mapping index: 0
    Address: 0
    Line #0
        Function index: 252
        Line: 1224
        Column: 0
    Attributes: [48]
Location #818
    Mapping index: 0
    Address: 0
    Line #0
        Function index: 253
        Line: 1282
        Column: 0
    Attributes: [48]
Location #819
    Mapping index: 0
    Address: 0
    Line #0
        Function index: 254
        Line: 448
        Column: 0
    Attributes: [48]
Location #820
    Mapping index: 8
    Address: 30123223
    Attributes: [5]
Location #821
    Mapping index: 8
    Address: 30109546
    Attributes: [5]
Location #822
    Mapping index: 8
    Address: 30109846
    Attributes: [5]
Location #823
    Mapping index: 8
    Address: 22762332
    Attributes: [5]
Location #824
    Mapping index: 8
    Address: 20834809
    Attributes: [5]
Location #825
    Mapping index: 8
    Address: 20856897
    Attributes: [5]
Location #826
    Mapping index: 8
    Address: 24037365
    Attributes: [5]
Location #827
    Mapping index: 8
    Address: 24132916
    Attributes: [5]
Location #828
    Mapping index: 8
    Address: 23605453
    Attributes: [5]
Location #829
    Mapping index: 8
    Address: 22485746
    Attributes: [5]
Location #830
    Mapping index: 0
    Address: 47259342
    Attributes: [5]
Location #831
    Mapping index: 0
    Address: 47319248
    Attributes: [5]
Location #832
    Mapping index: 0
    Address: 47320629
    Attributes: [5]
Location #833
    Mapping index: 0
    Address: 50078008
    Attributes: [5]
Location #834
    Mapping index: 0
    Address: 45221127
    Attributes: [5]
Location #835
    Mapping index: 0
    Address: 45306197
    Attributes: [5]
Location #836
    Mapping index: 9
    Address: 14389653
    Attributes: [5]
Location #837
    Mapping index: 9
    Address: 14394074
    Attributes: [5]
Location #838
    Mapping index: 9
    Address: 14617713
    Attributes: [5]
Location #839
    Mapping index: 9
    Address: 14618653
    Attributes: [5]
Location #840
    Mapping index: 9
    Address: 8271316
    Attributes: [5]
Location #841
    Mapping index: 9
    Address: 8271904
    Attributes: [5]
Location #842
    Mapping index: 9
    Address: 9422786
    Attributes: [5]
Location #843
    Mapping index: 9
    Address: 9532830
    Attributes: [5]
Location #844
    Mapping index: 9
    Address: 9417420
    Attributes: [5]
Location #845
    Mapping index: 9
    Address: 26818844
    Attributes: [5]
Location #846
    Mapping index: 9
    Address: 26833586
    Attributes: [5]
Location #847
    Mapping index: 9
    Address: 26926425
    Attributes: [5]
Location #848
    Mapping index: 9
    Address: 26836854
    Attributes: [5]
Location #849
    Mapping index: 9
    Address: 8288052
    Attributes: [5]
Location #850
    Mapping index: 9
    Address: 9861337
    Attributes: [5]
Location #851
    Mapping index: 9
    Address: 9075716
    Attributes: [5]
Location #852
    Mapping index: 9
    Address: 8192285
    Attributes: [5]
Location #853
    Mapping index: 1
    Address: 5142741
    Line #0
        Function index: 255
        Line: 0
        Column: 0
    Attributes: [3]
Location #854
    Mapping index: 1
    Address: 5292718
    Line #0
        Function index: 256
        Line: 0
        Column: 0
    Attributes: [3]
Location #855
    Mapping index: 1
    Address: 22380512
    Line #0
        Function index: 209
        Line: 0
        Column: 0
    Attributes: [3]
Location #856
    Mapping index: 1
    Address: 9703954
    Line #0
        Function index: 257
        Line: 0
        Column: 0
    Attributes: [3]
Location #857
    Mapping index: 1
    Address: 9710197
    Line #0
        Function index: 258
        Line: 0
        Column: 0
    Attributes: [3]
Location #858
    Mapping index: 1
    Address: 9710666
    Line #0
        Function index: 259
        Line: 0
        Column: 0
    Attributes: [3]
Location #859
    Mapping index: 1
    Address: 9714102
    Line #0
        Function index: 260
        Line: 0
        Column: 0
    Attributes: [3]
Location #860
    Mapping index: 1
    Address: 9719747
    Line #0
        Function index: 261
        Line: 0
        Column: 0
    Attributes: [3]
Location #861
    Mapping index: 1
    Address: 9817716
    Line #0
        Function index: 262
        Line: 0
        Column: 0
    Attributes: [3]
Location #862
    Mapping index: 1
    Address: 9818324
    Line #0
        Function index: 263
        Line: 0
        Column: 0
    Attributes: [3]
Location #863
    Mapping index: 1
    Address: 9836967
    Line #0
        Function index: 264
        Line: 0
        Column: 0
    Attributes: [3]
Location #864
    Mapping index: 1
    Address: 9839740
    Line #0
        Function index: 265
        Line: 0
        Column: 0
    Attributes: [3]
Location #865
    Mapping index: 1
    Address: 9840588
    Line #0
        Function index: 266
        Line: 0
        Column: 0
    Attributes: [3]
Location #866
    Mapping index: 1
    Address: 7401052
    Line #0
        Function index: 267
        Line: 0
        Column: 0
    Attributes: [3]
Location #867
    Mapping index: 1
    Address: 9002803
    Line #0
        Function index: 268
        Line: 0
        Column: 0
    Attributes: [3]
Location #868
    Mapping index: 1
    Address: 9003986
    Line #0
        Function index: 269
        Line: 0
        Column: 0
    Attributes: [3]
Location #869
    Mapping index: 1
    Address: 9004851
    Line #0
        Function index: 270
        Line: 0
        Column: 0
    Attributes: [3]
Location #870
    Mapping index: 1
    Address: 9005722
    Line #0
        Function index: 271
        Line: 0
        Column: 0
    Attributes: [3]
Location #871
    Mapping index: 1
    Address: 9009966
    Line #0
        Function index: 272
        Line: 0
        Column: 0
    Attributes: [3]
Location #872
    Mapping index: 1
    Address: 4411081
    Line #0
        Function index: 273
        Line: 0
        Column: 0
    Attributes: [3]
Location #873
    Mapping index: 1
    Address: 4412409
    Line #0
        Function index: 274
        Line: 0
        Column: 0
    Attributes: [3]
Location #874
    Mapping index: 1
    Address: 4461015
    Line #0
        Function index: 275
        Line: 0
        Column: 0
    Attributes: [3]
Location #875
    Mapping index: 1
    Address: 3573443
    Line #0
        Function index: 276
        Line: 0
        Column: 0
    Attributes: [3]
Location #876
    Mapping index: 1
    Address: 3163321
    Line #0
        Function index: 277
        Line: 0
        Column: 0
    Attributes: [3]
Location #877
    Mapping index: 1
    Address: 11982193
    Line #0
        Function index: 278
        Line: 0
        Column: 0
    Attributes: [3]
Location #878
    Mapping index: 1
    Address: 8188183
    Line #0
        Function index: 279
        Line: 0
        Column: 0
    Attributes: [3]
Location #879
    Mapping index: 1
    Address: 7805937
    Line #0
        Function index: 123
        Line: 0
        Column: 0
    Attributes: [3]
Location #880
    Mapping index: 3
    Address: 20627509
    Attributes: [5]
Location #881
    Mapping index: 3
    Address: 34527607
    Attributes: [5]
Location #882
    Mapping index: 3
    Address: 15671520
    Attributes: [5]
Location #883
    Mapping index: 3
    Address: 15339542
    Attributes: [5]
Location #884
    Mapping index: 3
    Address: 15444946
    Attributes: [5]
Location #885
    Mapping index: 3
    Address: 15445221
    Attributes: [5]
Location #886
    Mapping index: 3
    Address: 15430585
    Attributes: [5]
Location #887
    Mapping index: 3
    Address: 15694820
    Attributes: [5]
Location #888
    Mapping index: 3
    Address: 15692569
    Attributes: [5]
Location #889
    Mapping index: 3
    Address: 15331579
    Attributes: [5]
Location #890
    Mapping index: 3
    Address: 15331321
    Attributes: [5]
Location #891
    Mapping index: 3
    Address: 33225087
    Attributes: [5]
Location #892
    Mapping index: 3
    Address: 33224884
    Attributes: [5]
Location #893
    Mapping index: 3
    Address: 32812908
    Attributes: [5]
Location #894
    Mapping index: 5
    Address: 27291257
    Attributes: [5]
Location #895
    Mapping index: 5
    Address: 27281243
    Attributes: [5]
Location #896
    Mapping index: 1
    Address: 8155327
    Line #0
        Function index: 280
        Line: 0
        Column: 0
    Attributes: [3]
Location #897
    Mapping index: 1
    Address: 7849993
    Line #0
        Function index: 281
        Line: 0
        Column: 0
    Attributes: [3]
Location #898
    Mapping index: 1
    Address: 7852343
    Line #0
        Function index: 282
        Line: 0
        Column: 0
    Attributes: [3]
Location #899
    Mapping index: 1
    Address: 7959265
    Line #0
        Function index: 283
        Line: 0
        Column: 0
    Attributes: [3]
Location #900
    Mapping index: 1
    Address: 7965346
    Line #0
        Function index: 284
        Line: 0
        Column: 0
    Attributes: [3]
Location #901
    Mapping index: 1
    Address: 7971274
    Line #0
        Function index: 285
        Line: 0
        Column: 0
    Attributes: [3]
Location #902
    Mapping index: 1
    Address: 7840284
    Line #0
        Function index: 286
        Line: 0
        Column: 0
    Attributes: [3]
Location #903
    Mapping index: 1
    Address: 7840449
    Line #0
        Function index: 287
        Line: 0
        Column: 0
    Attributes: [3]
Location #904
    Mapping index: 1
    Address: 3170130
    Line #0
        Function index: 14
        Line: 0
        Column: 0
    Attributes: [3]
Location #905
    Mapping index: 2
    Address: 1169322
    Attributes: [5]
Location #906
    Mapping index: 2
    Address: 1207171
    Attributes: [5]
Location #907
    Mapping index: 2
    Address: 698917
    Attributes: [5]
Location #908
    Mapping index: 2
    Address: 699075
    Attributes: [5]
Location #909
    Mapping index: 2
    Address: 712141
    Attributes: [5]
Location #910
    Mapping index: 3
    Address: 10672318
    Attributes: [5]
Location #911
    Mapping index: 3
    Address: 34328836
    Attributes: [5]
Location #912
    Mapping index: 3
    Address: 20292956
    Attributes: [5]
Location #913
    Mapping index: 5
    Address: 31217183
    Attributes: [5]
Location #914
    Mapping index: 5
    Address: 31182126
    Attributes: [5]
Location #915
    Mapping index: 5
    Address: 29864688
    Attributes: [5]
Location #916
    Mapping index: 5
    Address: 29864484
    Attributes: [5]
Location #917
    Mapping index: 5
    Address: 29850941
    Attributes: [5]
Location #918
    Mapping index: 5
    Address: 29847563
    Attributes: [5]
Location #919
    Mapping index: 3
    Address: 29515797
    Attributes: [5]
Location #920
    Mapping index: 5
    Address: 27445929
    Attributes: [5]
Location #921
    Mapping index: 5
    Address: 27445322
    Attributes: [5]
Location #922
    Mapping index: 5
    Address: 27424669
    Attributes: [5]
Location #923
    Mapping index: 5
    Address: 31174589
    Attributes: [5]
Location #924
    Mapping index: 5
    Address: 66325317
    Attributes: [5]
Location #925
    Mapping index: 2
    Address: 1608320
    Attributes: [5]
Location #926
    Mapping index: 10
    Address: 21590222
    Attributes: [5]
Location #927
    Mapping index: 10
    Address: 15732979
    Attributes: [5]
Location #928
    Mapping index: 10
    Address: 15223352
    Attributes: [5]
Location #929
    Mapping index: 10
    Address: 15718939
    Attributes: [5]
Location #930
    Mapping index: 10
    Address: 16919821
    Attributes: [5]
Location #931
    Mapping index: 10
    Address: 15518371
    Attributes: [5]
Location #932
    Mapping index: 10
    Address: 15968003
    Attributes: [5]
Location #933
    Mapping index: 10
    Address: 15905384
    Attributes: [5]
Location #934
    Mapping index: 10
    Address: 16317066
    Attributes: [5]
Location #935
    Mapping index: 10
    Address: 15858770
    Attributes: [5]
Location #936
    Mapping index: 10
    Address: 16637480
    Attributes: [5]
Location #937
    Mapping index: 10
    Address: 21388591
    Attributes: [5]
Location #938
    Mapping index: 10
    Address: 16319364
    Attributes: [5]
Location #939
    Mapping index: 10
    Address: 14536356
    Attributes: [5]
Location #940
    Mapping index: 2
    Address: 1164859
    Attributes: [5]
Location #941
    Mapping index: 10
    Address: 21475117
    Attributes: [5]
Location #942
    Mapping index: 10
    Address: 21338035
    Attributes: [5]
Location #943
    Mapping index: 10
    Address: 15508005
    Attributes: [5]
Location #944
    Mapping index: 10
    Address: 15518022
    Attributes: [5]
Function #0
    Name: 0
    System name: 0
    Filename: 0
    Start line: 0
Function #1
    Name: 8
    System name: 0
    Filename: 0
    Start line: 0
Function #2
    Name: 10
    System name: 0
    Filename: 0
    Start line: 0
Function #3
    Name: 11
    System name: 0
    Filename: 0
    Start line: 0
Function #4
    Name: 12
    System name: 0
    Filename: 0
    Start line: 0
Function #5
    Name: 13
    System name: 0
    Filename: 0
    Start line: 0
Function #6
    Name: 14
    System name: 0
    Filename: 0
    Start line: 0
Function #7
    Name: 15
    System name: 0
    Filename: 0
    Start line: 0
Function #8
    Name: 16
    System name: 0
    Filename: 0
    Start line: 0
Function #9
    Name: 17
    System name: 0
    Filename: 0
    Start line: 0
Function #10
    Name: 18
    System name: 0
    Filename: 0
    Start line: 0
Function #11
    Name: 19
    System name: 0
    Filename: 0
    Start line: 0
Function #12
    Name: 20
    System name: 0
    Filename: 0
    Start line: 0
Function #13
    Name: 21
    System name: 0
    Filename: 0
    Start line: 0
Function #14
    Name: 22
    System name: 0
    Filename: 0
    Start line: 0
Function #15
    Name: 23
    System name: 0
    Filename: 0
    Start line: 0
Function #16
    Name: 24
    System name: 0
    Filename: 0
    Start line: 0
Function #17
    Name: 33
    System name: 0
    Filename: 0
    Start line: 0
Function #18
    Name: 34
    System name: 0
    Filename: 0
    Start line: 0
Function #19
    Name: 35
    System name: 0
    Filename: 0
    Start line: 0
Function #20
    Name: 36
    System name: 0
    Filename: 0
    Start line: 0
Function #21
    Name: 37
    System name: 0
    Filename: 0
    Start line: 0
Function #22
    Name: 38
    System name: 0
    Filename: 0
    Start line: 0
Function #23
    Name: 39
    System name: 0
    Filename: 0
    Start line: 0
Function #24
    Name: 40
    System name: 0
    Filename: 0
    Start line: 0
Function #25
    Name: 41
    System name: 0
    Filename: 0
    Start line: 0
Function #26
    Name: 44
    System name: 0
    Filename: 45
    Start line: 0
Function #27
    Name: 46
    System name: 0
    Filename: 47
    Start line: 0
Function #28
    Name: 48
    System name: 0
    Filename: 49
    Start line: 0
Function #29
    Name: 50
    System name: 0
    Filename: 51
    Start line: 0
Function #30
    Name: 52
    System name: 0
    Filename: 51
    Start line: 0
Function #31
    Name: 53
    System name: 0
    Filename: 51
    Start line: 0
Function #32
    Name: 54
    System name: 0
    Filename: 55
    Start line: 0
Function #33
    Name: 56
    System name: 0
    Filename: 55
    Start line: 0
Function #34
    Name: 57
    System name: 0
    Filename: 58
    Start line: 0
Function #35
    Name: 59
    System name: 0
    Filename: 60
    Start line: 0
Function #36
    Name: 61
    System name: 0
    Filename: 62
    Start line: 0
Function #37
    Name: 63
    System name: 0
    Filename: 62
    Start line: 0
Function #38
    Name: 64
    System name: 0
    Filename: 65
    Start line: 0
Function #39
    Name: 66
    System name: 0
    Filename: 65
    Start line: 0
Function #40
    Name: 67
    System name: 0
    Filename: 65
    Start line: 0
Function #41
    Name: 68
    System name: 0
    Filename: 62
    Start line: 0
Function #42
    Name: 69
    System name: 0
    Filename: 70
    Start line: 0
Function #43
    Name: 71
    System name: 0
    Filename: 70
    Start line: 0
Function #44
    Name: 72
    System name: 0
    Filename: 73
    Start line: 0
Function #45
    Name: 74
    System name: 0
    Filename: 73
    Start line: 0
Function #46
    Name: 75
    System name: 0
    Filename: 76
    Start line: 0
Function #47
    Name: 77
    System name: 0
    Filename: 78
    Start line: 0
Function #48
    Name: 79
    System name: 0
    Filename: 78
    Start line: 0
Function #49
    Name: 80
    System name: 0
    Filename: 78
    Start line: 0
Function #50
    Name: 81
    System name: 0
    Filename: 82
    Start line: 0
Function #51
    Name: 83
    System name: 0
    Filename: 73
    Start line: 0
Function #52
    Name: 84
    System name: 0
    Filename: 82
    Start line: 0
Function #53
    Name: 85
    System name: 0
    Filename: 82
    Start line: 0
Function #54
    Name: 86
    System name: 0
    Filename: 87
    Start line: 0
Function #55
    Name: 88
    System name: 0
    Filename: 89
    Start line: 0
Function #56
    Name: 90
    System name: 0
    Filename: 89
    Start line: 0
Function #57
    Name: 91
    System name: 0
    Filename: 89
    Start line: 0
Function #58
    Name: 92
    System name: 0
    Filename: 93
    Start line: 0
Function #59
    Name: 94
    System name: 0
    Filename: 95
    Start line: 0
Function #60
    Name: 96
    System name: 0
    Filename: 97
    Start line: 0
Function #61
    Name: 98
    System name: 0
    Filename: 65
    Start line: 0
Function #62
    Name: 99
    System name: 0
    Filename: 100
    Start line: 0
Function #63
    Name: 101
    System name: 0
    Filename: 102
    Start line: 0
Function #64
    Name: 103
    System name: 0
    Filename: 102
    Start line: 0
Function #65
    Name: 104
    System name: 0
    Filename: 65
    Start line: 0
Function #66
    Name: 105
    System name: 0
    Filename: 62
    Start line: 0
Function #67
    Name: 106
    System name: 0
    Filename: 107
    Start line: 0
Function #68
    Name: 108
    System name: 0
    Filename: 107
    Start line: 0
Function #69
    Name: 109
    System name: 0
    Filename: 107
    Start line: 0
Function #70
    Name: 110
    System name: 0
    Filename: 107
    Start line: 0
Function #71
    Name: 111
    System name: 0
    Filename: 73
    Start line: 0
Function #72
    Name: 112
    System name: 0
    Filename: 0
    Start line: 0
Function #73
    Name: 113
    System name: 0
    Filename: 0
    Start line: 0
Function #74
    Name: 114
    System name: 0
    Filename: 0
    Start line: 0
Function #75
    Name: 115
    System name: 0
    Filename: 0
    Start line: 0
Function #76
    Name: 116
    System name: 0
    Filename: 0
    Start line: 0
Function #77
    Name: 117
    System name: 0
    Filename: 0
    Start line: 0
Function #78
    Name: 118
    System name: 0
    Filename: 0
    Start line: 0
Function #79
    Name: 119
    System name: 0
    Filename: 120
    Start line: 0
Function #80
    Name: 121
    System name: 0
    Filename: 122
    Start line: 0
Function #81
    Name: 123
    System name: 0
    Filename: 122
    Start line: 0
Function #82
    Name: 124
    System name: 0
    Filename: 125
    Start line: 0
Function #83
    Name: 126
    System name: 0
    Filename: 127
    Start line: 0
Function #84
    Name: 128
    System name: 0
    Filename: 129
    Start line: 0
Function #85
    Name: 130
    System name: 0
    Filename: 131
    Start line: 0
Function #86
    Name: 132
    System name: 0
    Filename: 133
    Start line: 0
Function #87
    Name: 134
    System name: 0
    Filename: 51
    Start line: 0
Function #88
    Name: 135
    System name: 0
    Filename: 0
    Start line: 0
Function #89
    Name: 136
    System name: 0
    Filename: 0
    Start line: 0
Function #90
    Name: 137
    System name: 0
    Filename: 122
    Start line: 0
Function #91
    Name: 137
    System name: 0
    Filename: 138
    Start line: 0
Function #92
    Name: 139
    System name: 0
    Filename: 140
    Start line: 0
Function #93
    Name: 141
    System name: 0
    Filename: 142
    Start line: 0
Function #94
    Name: 143
    System name: 0
    Filename: 144
    Start line: 0
Function #95
    Name: 145
    System name: 0
    Filename: 70
    Start line: 0
Function #96
    Name: 146
    System name: 0
    Filename: 0
    Start line: 0
Function #97
    Name: 147
    System name: 0
    Filename: 0
    Start line: 0
Function #98
    Name: 148
    System name: 0
    Filename: 0
    Start line: 0
Function #99
    Name: 149
    System name: 0
    Filename: 150
    Start line: 0
Function #100
    Name: 151
    System name: 0
    Filename: 152
    Start line: 0
Function #101
    Name: 153
    System name: 0
    Filename: 152
    Start line: 0
Function #102
    Name: 154
    System name: 0
    Filename: 155
    Start line: 0
Function #103
    Name: 156
    System name: 0
    Filename: 0
    Start line: 0
Function #104
    Name: 157
    System name: 0
    Filename: 0
    Start line: 0
Function #105
    Name: 158
    System name: 0
    Filename: 0
    Start line: 0
Function #106
    Name: 159
    System name: 0
    Filename: 0
    Start line: 0
Function #107
    Name: 160
    System name: 0
    Filename: 0
    Start line: 0
Function #108
    Name: 161
    System name: 0
    Filename: 0
    Start line: 0
Function #109
    Name: 162
    System name: 0
    Filename: 125
    Start line: 0
Function #110
    Name: 163
    System name: 0
    Filename: 164
    Start line: 0
Function #111
    Name: 165
    System name: 0
    Filename: 166
    Start line: 0
Function #112
    Name: 167
    System name: 0
    Filename: 102
    Start line: 0
Function #113
    Name: 67
    System name: 0
    Filename: 102
    Start line: 0
Function #114
    Name: 168
    System name: 0
    Filename: 0
    Start line: 0
Function #115
    Name: 169
    System name: 0
    Filename: 0
    Start line: 0
Function #116
    Name: 170
    System name: 0
    Filename: 0
    Start line: 0
Function #117
    Name: 171
    System name: 0
    Filename: 0
    Start line: 0
Function #118
    Name: 172
    System name: 0
    Filename: 0
    Start line: 0
Function #119
    Name: 173
    System name: 0
    Filename: 0
    Start line: 0
Function #120
    Name: 174
    System name: 0
    Filename: 0
    Start line: 0
Function #121
    Name: 175
    System name: 0
    Filename: 0
    Start line: 0
Function #122
    Name: 176
    System name: 0
    Filename: 0
    Start line: 0
Function #123
    Name: 177
    System name: 0
    Filename: 0
    Start line: 0
Function #124
    Name: 178
    System name: 0
    Filename: 0
    Start line: 0
Function #125
    Name: 179
    System name: 0
    Filename: 180
    Start line: 0
Function #126
    Name: 181
    System name: 0
    Filename: 51
    Start line: 0
Function #127
    Name: 182
    System name: 0
    Filename: 183
    Start line: 0
Function #128
    Name: 184
    System name: 0
    Filename: 183
    Start line: 0
Function #129
    Name: 185
    System name: 0
    Filename: 183
    Start line: 0
Function #130
    Name: 186
    System name: 0
    Filename: 183
    Start line: 0
Function #131
    Name: 187
    System name: 0
    Filename: 188
    Start line: 0
Function #132
    Name: 189
    System name: 0
    Filename: 188
    Start line: 0
Function #133
    Name: 190
    System name: 0
    Filename: 191
    Start line: 0
Function #134
    Name: 192
    System name: 0
    Filename: 89
    Start line: 0
Function #135
    Name: 193
    System name: 0
    Filename: 0
    Start line: 0
Function #136
    Name: 194
    System name: 0
    Filename: 0
    Start line: 0
Function #137
    Name: 195
    System name: 0
    Filename: 0
    Start line: 0
Function #138
    Name: 196
    System name: 0
    Filename: 0
    Start line: 0
Function #139
    Name: 197
    System name: 0
    Filename: 0
    Start line: 0
Function #140
    Name: 198
    System name: 0
    Filename: 0
    Start line: 0
Function #141
    Name: 123
    System name: 0
    Filename: 138
    Start line: 0
Function #142
    Name: 199
    System name: 0
    Filename: 142
    Start line: 0
Function #143
    Name: 200
    System name: 0
    Filename: 201
    Start line: 0
Function #144
    Name: 202
    System name: 0
    Filename: 201
    Start line: 0
Function #145
    Name: 203
    System name: 0
    Filename: 204
    Start line: 0
Function #146
    Name: 205
    System name: 0
    Filename: 60
    Start line: 0
Function #147
    Name: 206
    System name: 0
    Filename: 0
    Start line: 0
Function #148
    Name: 207
    System name: 0
    Filename: 0
    Start line: 0
Function #149
    Name: 209
    System name: 0
    Filename: 0
    Start line: 0
Function #150
    Name: 210
    System name: 0
    Filename: 211
    Start line: 0
Function #151
    Name: 212
    System name: 0
    Filename: 0
    Start line: 0
Function #152
    Name: 213
    System name: 0
    Filename: 0
    Start line: 0
Function #153
    Name: 214
    System name: 0
    Filename: 0
    Start line: 0
Function #154
    Name: 215
    System name: 0
    Filename: 211
    Start line: 0
Function #155
    Name: 216
    System name: 0
    Filename: 211
    Start line: 0
Function #156
    Name: 217
    System name: 0
    Filename: 218
    Start line: 0
Function #157
    Name: 219
    System name: 0
    Filename: 218
    Start line: 0
Function #158
    Name: 220
    System name: 0
    Filename: 221
    Start line: 0
Function #159
    Name: 222
    System name: 0
    Filename: 223
    Start line: 0
Function #160
    Name: 224
    System name: 0
    Filename: 223
    Start line: 0
Function #161
    Name: 225
    System name: 0
    Filename: 223
    Start line: 0
Function #162
    Name: 226
    System name: 0
    Filename: 223
    Start line: 0
Function #163
    Name: 227
    System name: 0
    Filename: 228
    Start line: 0
Function #164
    Name: 229
    System name: 0
    Filename: 230
    Start line: 0
Function #165
    Name: 231
    System name: 0
    Filename: 0
    Start line: 0
Function #166
    Name: 232
    System name: 0
    Filename: 0
    Start line: 0
Function #167
    Name: 233
    System name: 0
    Filename: 234
    Start line: 0
Function #168
    Name: 235
    System name: 0
    Filename: 236
    Start line: 0
Function #169
    Name: 237
    System name: 0
    Filename: 238
    Start line: 0
Function #170
    Name: 239
    System name: 0
    Filename: 223
    Start line: 0
Function #171
    Name: 240
    System name: 0
    Filename: 228
    Start line: 0
Function #172
    Name: 241
    System name: 0
    Filename: 0
    Start line: 0
Function #173
    Name: 242
    System name: 0
    Filename: 223
    Start line: 0
Function #174
    Name: 243
    System name: 0
    Filename: 244
    Start line: 0
Function #175
    Name: 229
    System name: 0
    Filename: 244
    Start line: 0
Function #176
    Name: 245
    System name: 0
    Filename: 246
    Start line: 0
Function #177
    Name: 247
    System name: 0
    Filename: 244
    Start line: 0
Function #178
    Name: 248
    System name: 0
    Filename: 249
    Start line: 0
Function #179
    Name: 229
    System name: 0
    Filename: 250
    Start line: 0
Function #180
    Name: 251
    System name: 0
    Filename: 250
    Start line: 0
Function #181
    Name: 252
    System name: 0
    Filename: 250
    Start line: 0
Function #182
    Name: 253
    System name: 0
    Filename: 250
    Start line: 0
Function #183
    Name: 254
    System name: 0
    Filename: 250
    Start line: 0
Function #184
    Name: 255
    System name: 0
    Filename: 256
    Start line: 0
Function #185
    Name: 257
    System name: 0
    Filename: 256
    Start line: 0
Function #186
    Name: 258
    System name: 0
    Filename: 259
    Start line: 0
Function #187
    Name: 260
    System name: 0
    Filename: 261
    Start line: 0
Function #188
    Name: 262
    System name: 0
    Filename: 261
    Start line: 0
Function #189
    Name: 263
    System name: 0
    Filename: 264
    Start line: 0
Function #190
    Name: 265
    System name: 0
    Filename: 266
    Start line: 0
Function #191
    Name: 267
    System name: 0
    Filename: 266
    Start line: 0
Function #192
    Name: 268
    System name: 0
    Filename: 266
    Start line: 0
Function #193
    Name: 269
    System name: 0
    Filename: 270
    Start line: 0
Function #194
    Name: 271
    System name: 0
    Filename: 272
    Start line: 0
Function #195
    Name: 273
    System name: 0
    Filename: 272
    Start line: 0
Function #196
    Name: 274
    System name: 0
    Filename: 275
    Start line: 0
Function #197
    Name: 276
    System name: 0
    Filename: 275
    Start line: 0
Function #198
    Name: 229
    System name: 0
    Filename: 277
    Start line: 0
Function #199
    Name: 278
    System name: 0
    Filename: 244
    Start line: 0
Function #200
    Name: 229
    System name: 0
    Filename: 279
    Start line: 0
Function #201
    Name: 280
    System name: 0
    Filename: 236
    Start line: 0
Function #202
    Name: 281
    System name: 0
    Filename: 228
    Start line: 0
Function #203
    Name: 282
    System name: 0
    Filename: 283
    Start line: 0
Function #204
    Name: 225
    System name: 0
    Filename: 250
    Start line: 0
Function #205
    Name: 284
    System name: 0
    Filename: 283
    Start line: 0
Function #206
    Name: 285
    System name: 0
    Filename: 223
    Start line: 0
Function #207
    Name: 286
    System name: 0
    Filename: 0
    Start line: 0
Function #208
    Name: 287
    System name: 0
    Filename: 0
    Start line: 0
Function #209
    Name: 288
    System name: 0
    Filename: 0
    Start line: 0
Function #210
    Name: 289
    System name: 0
    Filename: 223
    Start line: 0
Function #211
    Name: 290
    System name: 0
    Filename: 223
    Start line: 0
Function #212
    Name: 291
    System name: 0
    Filename: 223
    Start line: 0
Function #213
    Name: 292
    System name: 0
    Filename: 223
    Start line: 0
Function #214
    Name: 293
    System name: 0
    Filename: 223
    Start line: 0
Function #215
    Name: 294
    System name: 0
    Filename: 295
    Start line: 0
Function #216
    Name: 296
    System name: 0
    Filename: 297
    Start line: 0
Function #217
    Name: 298
    System name: 0
    Filename: 297
    Start line: 0
Function #218
    Name: 299
    System name: 0
    Filename: 300
    Start line: 0
Function #219
    Name: 225
    System name: 0
    Filename: 300
    Start line: 0
Function #220
    Name: 301
    System name: 0
    Filename: 302
    Start line: 0
Function #221
    Name: 303
    System name: 0
    Filename: 304
    Start line: 0
Function #222
    Name: 305
    System name: 0
    Filename: 306
    Start line: 0
Function #223
    Name: 307
    System name: 0
    Filename: 306
    Start line: 0
Function #224
    Name: 308
    System name: 0
    Filename: 306
    Start line: 0
Function #225
    Name: 309
    System name: 0
    Filename: 306
    Start line: 0
Function #226
    Name: 310
    System name: 0
    Filename: 311
    Start line: 0
Function #227
    Name: 312
    System name: 0
    Filename: 311
    Start line: 0
Function #228
    Name: 313
    System name: 0
    Filename: 311
    Start line: 0
Function #229
    Name: 229
    System name: 0
    Filename: 311
    Start line: 0
Function #230
    Name: 314
    System name: 0
    Filename: 315
    Start line: 0
Function #231
    Name: 316
    System name: 0
    Filename: 315
    Start line: 0
Function #232
    Name: 317
    System name: 0
    Filename: 315
    Start line: 0
Function #233
    Name: 318
    System name: 0
    Filename: 319
    Start line: 0
Function #234
    Name: 320
    System name: 0
    Filename: 321
    Start line: 0
Function #235
    Name: 322
    System name: 0
    Filename: 321
    Start line: 0
Function #236
    Name: 323
    System name: 0
    Filename: 321
    Start line: 0
Function #237
    Name: 324
    System name: 0
    Filename: 321
    Start line: 0
Function #238
    Name: 325
    System name: 0
    Filename: 321
    Start line: 0
Function #239
    Name: 326
    System name: 0
    Filename: 264
    Start line: 0
Function #240
    Name: 229
    System name: 0
    Filename: 264
    Start line: 0
Function #241
    Name: 327
    System name: 0
    Filename: 264
    Start line: 0
Function #242
    Name: 328
    System name: 0
    Filename: 264
    Start line: 0
Function #243
    Name: 329
    System name: 0
    Filename: 264
    Start line: 0
Function #244
    Name: 330
    System name: 0
    Filename: 331
    Start line: 0
Function #245
    Name: 332
    System name: 0
    Filename: 333
    Start line: 0
Function #246
    Name: 334
    System name: 0
    Filename: 333
    Start line: 0
Function #247
    Name: 335
    System name: 0
    Filename: 336
    Start line: 0
Function #248
    Name: 337
    System name: 0
    Filename: 336
    Start line: 0
Function #249
    Name: 338
    System name: 0
    Filename: 339
    Start line: 0
Function #250
    Name: 340
    System name: 0
    Filename: 339
    Start line: 0
Function #251
    Name: 341
    System name: 0
    Filename: 339
    Start line: 0
Function #252
    Name: 342
    System name: 0
    Filename: 339
    Start line: 0
Function #253
    Name: 225
    System name: 0
    Filename: 339
    Start line: 0
Function #254
    Name: 343
    System name: 0
    Filename: 321
    Start line: 0
Function #255
    Name: 344
    System name: 0
    Filename: 0
    Start line: 0
Function #256
    Name: 345
    System name: 0
    Filename: 0
    Start line: 0
Function #257
    Name: 346
    System name: 0
    Filename: 0
    Start line: 0
Function #258
    Name: 347
    System name: 0
    Filename: 0
    Start line: 0
Function #259
    Name: 348
    System name: 0
    Filename: 0
    Start line: 0
Function #260
    Name: 349
    System name: 0
    Filename: 0
    Start line: 0
Function #261
    Name: 350
    System name: 0
    Filename: 0
    Start line: 0
Function #262
    Name: 351
    System name: 0
    Filename: 0
    Start line: 0
Function #263
    Name: 352
    System name: 0
    Filename: 0
    Start line: 0
Function #264
    Name: 353
    System name: 0
    Filename: 0
    Start line: 0
Function #265
    Name: 354
    System name: 0
    Filename: 0
    Start line: 0
Function #266
    Name: 355
    System name: 0
    Filename: 0
    Start line: 0
Function #267
    Name: 356
    System name: 0
    Filename: 0
    Start line: 0
Function #268
    Name: 357
    System name: 0
    Filename: 0
    Start line: 0
Function #269
    Name: 358
    System name: 0
    Filename: 0
    Start line: 0
Function #270
    Name: 359
    System name: 0
    Filename: 0
    Start line: 0
Function #271
    Name: 360
    System name: 0
    Filename: 0
    Start line: 0
Function #272
    Name: 361
    System name: 0
    Filename: 0
    Start line: 0
Function #273
    Name: 362
    System name: 0
    Filename: 0
    Start line: 0
Function #274
    Name: 363
    System name: 0
    Filename: 0
    Start line: 0
Function #275
    Name: 364
    System name: 0
    Filename: 0
    Start line: 0
Function #276
    Name: 365
    System name: 0
    Filename: 0
    Start line: 0
Function #277
    Name: 366
    System name: 0
    Filename: 0
    Start line: 0
Function #278
    Name: 367
    System name: 0
    Filename: 0
    Start line: 0
Function #279
    Name: 368
    System name: 0
    Filename: 0
    Start line: 0
Function #280
    Name: 369
    System name: 0
    Filename: 0
    Start line: 0
Function #281
    Name: 370
    System name: 0
    Filename: 0
    Start line: 0
Function #282
    Name: 371
    System name: 0
    Filename: 0
    Start line: 0
Function #283
    Name: 372
    System name: 0
    Filename: 0
    Start line: 0
Function #284
    Name: 373
    System name: 0
    Filename: 0
    Start line: 0
Function #285
    Name: 374
    System name: 0
    Filename: 0
    Start line: 0
Function #286
    Name: 375
    System name: 0
    Filename: 0
    Start line: 0
Function #287
    Name: 376
    System name: 0
    Filename: 0
    Start line: 0
Attribute table:
     -> Key: Int(28)
     -> Value: Str(6)
     -> unit: Int(0)
Link table:
     -> Trace ID: Str()
     -> Span ID: Str()
String table:
    
    cpu
    nanoseconds
    samples
    count
    vmlinux
    process.executable.build_id.gnu
    process.executable.build_id.htlhash
    zap_present_ptes.constprop.0
    profile.frame.type
    zap_pte_range
    zap_pmd_range.isra.0
    zap_pud_range.isra.0
    unmap_page_range
    unmap_single_vma
    unmap_vmas
    exit_mmap
    mmput
    exit_mm
    do_exit
    do_group_exit
    __x64_sys_exit_group
    x64_sys_call
    do_syscall_64
    entry_SYSCALL_64_after_hwframe
    libc.so.6
    thread.name
    thread.id
    cpu.logical_number
    libclang-cpp.so.18.1
    clang
    libLLVM.so.1
    libstdc++.so.6.0.35
    ___pte_offset_map
    __pte_offset_map_lock
    do_anonymous_page
    handle_pte_fault
    __handle_mm_fault
    handle_mm_fault
    do_user_addr_fault
    exc_page_fault
    asm_exc_page_fault
    otelcol-ebpf-profiler
    process.executable.build_id.go
    runtime.memmove
    /home/yunwei37/go/pkg/mod/golang.org/toolchain@v0.0.1-go1.25.0.linux-amd64/src/runtime/memmove_amd64.s
    runtime.growslice
    /home/yunwei37/go/pkg/mod/golang.org/toolchain@v0.0.1-go1.25.0.linux-amd64/src/runtime/slice.go
    go.opentelemetry.io/ebpf-profiler/nativeunwind/stackdeltatypes.(*StackDeltaArray).AddEx
    /tmp/opentelemetry-ebpf-profiler/nativeunwind/stackdeltatypes/stackdeltatypes.go
    go.opentelemetry.io/ebpf-profiler/nativeunwind/elfunwindinfo.(*elfExtractor).parseFDE
    /tmp/opentelemetry-ebpf-profiler/nativeunwind/elfunwindinfo/elfehframe.go
    go.opentelemetry.io/ebpf-profiler/nativeunwind/elfunwindinfo.(*elfExtractor).walkBinSearchTable
    go.opentelemetry.io/ebpf-profiler/nativeunwind/elfunwindinfo.(*elfExtractor).parseEHFrame
    go.opentelemetry.io/ebpf-profiler/nativeunwind/elfunwindinfo.extractFile
    /tmp/opentelemetry-ebpf-profiler/nativeunwind/elfunwindinfo/stackdeltaextraction.go
    go.opentelemetry.io/ebpf-profiler/nativeunwind/elfunwindinfo.ExtractELF
    go.opentelemetry.io/ebpf-profiler/nativeunwind/elfunwindinfo.(*ELFStackDeltaProvider).GetIntervalStructuresForFile
    /tmp/opentelemetry-ebpf-profiler/nativeunwind/elfunwindinfo/stackdeltaprovider.go
    go.opentelemetry.io/ebpf-profiler/processmanager/execinfomanager.(*ExecutableInfoManager).AddOrIncRef
    /tmp/opentelemetry-ebpf-profiler/processmanager/execinfomanager/manager.go
    go.opentelemetry.io/ebpf-profiler/processmanager.(*ProcessManager).newFrameMapping
    /tmp/opentelemetry-ebpf-profiler/processmanager/processinfo.go
    go.opentelemetry.io/ebpf-profiler/processmanager.(*ProcessManager).SynchronizeProcess.func1
    go.opentelemetry.io/ebpf-profiler/process.(*systemProcess).IterateMappings.func1
    /tmp/opentelemetry-ebpf-profiler/process/process.go
    go.opentelemetry.io/ebpf-profiler/process.iterateMappings
    go.opentelemetry.io/ebpf-profiler/process.(*systemProcess).IterateMappings
    go.opentelemetry.io/ebpf-profiler/processmanager.(*ProcessManager).SynchronizeProcess
    go.opentelemetry.io/ebpf-profiler/tracer.(*Tracer).processPIDEvents
    /tmp/opentelemetry-ebpf-profiler/tracer/events.go
    go.opentelemetry.io/ebpf-profiler/tracer.(*Tracer).StartPIDEventProcessor.gowrap1
    runtime.goexit
    /home/yunwei37/go/pkg/mod/golang.org/toolchain@v0.0.1-go1.25.0.linux-amd64/src/runtime/asm_amd64.s
    runtime.procyield
    runtime.suspendG
    /home/yunwei37/go/pkg/mod/golang.org/toolchain@v0.0.1-go1.25.0.linux-amd64/src/runtime/preempt.go
    runtime.markroot.func1
    /home/yunwei37/go/pkg/mod/golang.org/toolchain@v0.0.1-go1.25.0.linux-amd64/src/runtime/mgcmark.go
    runtime.markroot
    runtime.gcDrain
    runtime.gcBgMarkWorker.func2
    /home/yunwei37/go/pkg/mod/golang.org/toolchain@v0.0.1-go1.25.0.linux-amd64/src/runtime/mgc.go
    runtime.systemstack
    runtime.gcBgMarkWorker
    runtime.gcBgMarkStartWorkers.gowrap1
    runtime.(*mspan).writeHeapBitsSmall
    /home/yunwei37/go/pkg/mod/golang.org/toolchain@v0.0.1-go1.25.0.linux-amd64/src/runtime/mbitmap.go
    runtime.mallocgcSmallScanNoHeader
    /home/yunwei37/go/pkg/mod/golang.org/toolchain@v0.0.1-go1.25.0.linux-amd64/src/runtime/malloc.go
    runtime.mallocgc
    runtime.newobject
    unique.(*canonMap[go.shape.string]).expand
    /home/yunwei37/go/pkg/mod/golang.org/toolchain@v0.0.1-go1.25.0.linux-amd64/src/unique/canonmap.go
    unique.(*canonMap[go.shape.string]).LoadOrStore
    /home/yunwei37/go/pkg/mod/golang.org/toolchain@v0.0.1-go1.25.0.linux-amd64/src/sync/atomic/type.go
    unique.Make[go.shape.string]
    /home/yunwei37/go/pkg/mod/golang.org/toolchain@v0.0.1-go1.25.0.linux-amd64/src/unique/handle.go
    go.opentelemetry.io/ebpf-profiler/process.(*systemProcess).GetExe
    os.fillFileStatFromSys
    /home/yunwei37/go/pkg/mod/golang.org/toolchain@v0.0.1-go1.25.0.linux-amd64/src/os/stat_linux.go
    os.statOrZero
    /home/yunwei37/go/pkg/mod/golang.org/toolchain@v0.0.1-go1.25.0.linux-amd64/src/os/file.go
    os.ReadFile
    go.opentelemetry.io/ebpf-profiler/process.(*systemProcess).GetProcessMeta
    go.opentelemetry.io/ebpf-profiler/processmanager.(*ProcessManager).getPidInformation
    runtime.retake
    /home/yunwei37/go/pkg/mod/golang.org/toolchain@v0.0.1-go1.25.0.linux-amd64/src/runtime/proc.go
    runtime.sysmon
    runtime.mstart1
    runtime.mstart0
    runtime.mstart
    show_map_vma
    show_map
    seq_read_iter
    seq_read
    vfs_read
    ksys_read
    __x64_sys_read
    internal/runtime/syscall.Syscall6
    /home/yunwei37/go/pkg/mod/golang.org/toolchain@v0.0.1-go1.25.0.linux-amd64/src/internal/runtime/syscall/asm_linux_amd64.s
    syscall.RawSyscall6
    /home/yunwei37/go/pkg/mod/golang.org/toolchain@v0.0.1-go1.25.0.linux-amd64/src/syscall/syscall_linux.go
    syscall.Syscall
    syscall.read
    /home/yunwei37/go/pkg/mod/golang.org/toolchain@v0.0.1-go1.25.0.linux-amd64/src/syscall/zsyscall_linux_amd64.go
    internal/poll.(*FD).Read
    /home/yunwei37/go/pkg/mod/golang.org/toolchain@v0.0.1-go1.25.0.linux-amd64/src/syscall/syscall_unix.go
    os.(*File).Read
    /home/yunwei37/go/pkg/mod/golang.org/toolchain@v0.0.1-go1.25.0.linux-amd64/src/os/file_posix.go
    bufio.(*Scanner).Scan
    /home/yunwei37/go/pkg/mod/golang.org/toolchain@v0.0.1-go1.25.0.linux-amd64/src/bufio/scan.go
    go.opentelemetry.io/ebpf-profiler/nativeunwind/elfunwindinfo.(*vmRegs).getUnwindInfoX86
    /tmp/opentelemetry-ebpf-profiler/nativeunwind/elfunwindinfo/elfehframe_x86.go
    go.opentelemetry.io/ebpf-profiler/nativeunwind/elfunwindinfo.(*vmRegs).getUnwindInfo
    do_epoll_wait
    __x64_sys_epoll_wait
    syscall.Syscall6
    <autogenerated>
    golang.org/x/sys/unix.EpollWait
    /home/yunwei37/go/pkg/mod/golang.org/x/sys@v0.46.0/unix/zsyscall_linux_amd64.go
    github.com/cilium/ebpf/internal/epoll.(*Poller).Wait
    /home/yunwei37/go/pkg/mod/github.com/cilium/ebpf@v0.21.0/internal/unix/types_linux.go
    github.com/cilium/ebpf/perf.(*Reader).ReadInto
    /home/yunwei37/go/pkg/mod/github.com/cilium/ebpf@v0.21.0/perf/reader.go
    go.opentelemetry.io/ebpf-profiler/tracer.startPerfEventMonitor.func1
    filemap_map_pages
    do_read_fault
    do_fault
    internal/poll.(*FD).decref
    /home/yunwei37/go/pkg/mod/golang.org/toolchain@v0.0.1-go1.25.0.linux-amd64/src/internal/poll/fd_mutex.go
    internal/poll.(*FD).Fstat.deferwrap1
    /home/yunwei37/go/pkg/mod/golang.org/toolchain@v0.0.1-go1.25.0.linux-amd64/src/internal/poll/fd_unix.go
    internal/poll.(*FD).Fstat
    os.(*File).Stat
    /home/yunwei37/go/pkg/mod/golang.org/toolchain@v0.0.1-go1.25.0.linux-amd64/src/os/stat_unix.go
    seq_put_hex_ll
    show_vma_header_prefix
    alloc_fd
    get_unused_fd_flags
    do_sys_openat2
    __x64_sys_openat
    syscall.openat
    os.open
    /home/yunwei37/go/pkg/mod/golang.org/toolchain@v0.0.1-go1.25.0.linux-amd64/src/os/file_open_unix.go
    os.openFileNolog
    /home/yunwei37/go/pkg/mod/golang.org/toolchain@v0.0.1-go1.25.0.linux-amd64/src/os/file_unix.go
    os.OpenFile
    _raw_spin_unlock_irqrestore
    rmqueue_bulk
    __rmqueue_pcplist
    rmqueue_pcplist
    rmqueue.isra.0
    get_page_from_freelist
    __alloc_frozen_pages_noprof
    alloc_pages_mpol
    vma_alloc_folio_noprof
    alloc_anon_folio
    next_uptodate_folio
    memeqbody
    /home/yunwei37/go/pkg/mod/golang.org/toolchain@v0.0.1-go1.25.0.linux-amd64/src/internal/bytealg/equal_amd64.s
    go.opentelemetry.io/ebpf-profiler/nativeunwind/elfunwindinfo.isSignalTrampoline
    runtime.(*mheap).initSpan
    /home/yunwei37/go/pkg/mod/golang.org/toolchain@v0.0.1-go1.25.0.linux-amd64/src/runtime/mheap.go
    runtime.(*mheap).allocSpan
    runtime.(*mheap).alloc.func1
    runtime.(*mheap).alloc
    runtime.(*mcentral).grow
    /home/yunwei37/go/pkg/mod/golang.org/toolchain@v0.0.1-go1.25.0.linux-amd64/src/runtime/mcentral.go
    runtime.(*mcentral).cacheSpan
    runtime.(*mcache).refill
    /home/yunwei37/go/pkg/mod/golang.org/toolchain@v0.0.1-go1.25.0.linux-amd64/src/runtime/mcache.go
    runtime.(*mcache).nextFree
    check_stack_object
    __check_object_size
    generic_map_update_batch
    bpf_map_do_batch
    __sys_bpf
    __x64_sys_bpf
    github.com/cilium/ebpf/internal/sys.BPF
    github.com/cilium/ebpf.(*Map).batchUpdate
    /home/yunwei37/go/pkg/mod/github.com/cilium/ebpf@v0.21.0/map.go
    github.com/cilium/ebpf.(*Map).BatchUpdate
    go.opentelemetry.io/ebpf-profiler/processmanager/ebpf.(*ebpfMapsImpl).UpdateExeIDToStackDeltas
    /tmp/opentelemetry-ebpf-profiler/processmanager/ebpf/ebpf.go
    go.opentelemetry.io/ebpf-profiler/processmanager/execinfomanager.(*executableInfoManagerState).loadDeltas
    m_stop
    __rcu_read_lock
    node
    V8::BuiltinExitFrame
    get exports
    node:internal/modules/package_json_reader
    V8::InternalFrame
    V8::EntryFrame
    V8::ExitFrame
    deserializePackageJSON
    getPackageScopeConfig
    getFileProtocolModuleFormat
    node:internal/modules/esm/get_format
    defaultGetFormatWithoutErrors
    defaultResolve
    node:internal/modules/esm/resolve
    #cachedDefaultResolve
    node:internal/modules/esm/loader
    #resolveAndMaybeBlockOnLoaderThread
    resolve
    getModuleJobForImport
    _link
    node:internal/modules/esm/module_job
    <anonymous>
    <unknown>
    V8::StubFrame
    V8::ConstructFrame
    compileSourceTextModule
    node:internal/modules/esm/utils
    moduleStrategy
    node:internal/modules/esm/translators
    get
    node:internal/modules/esm/module_map
    getModuleJobForRequire
    ModuleJobSync
    V8::UnknownFrame
    importSyncForRequire
    loadESMFromCJS
    node:internal/modules/cjs/loader
    traceSync
    node:diagnostics_channel
    wrapModuleLoad
    require
    node:internal/modules/helpers
    file:///home/fishclaw/.nvm/versions/node/v22.22.0/lib/node_modules/openclaw/dist/plugin-module-loader-cache-lz0qhu-X.js
    withNativeRequireAliases
    requireWithOptionalAliases
    tryNativeRequireJavaScriptModule
    loadCachedTarget
    loadPublicSurfaceModule
    file:///home/fishclaw/.nvm/versions/node/v22.22.0/lib/node_modules/openclaw/dist/public-surface-loader-CqBVRQ-t.js
    loadBundledPluginPublicArtifactModuleSync
    loadBundledChannelDoctorContractApi
    file:///home/fishclaw/.nvm/versions/node/v22.22.0/lib/node_modules/openclaw/dist/legacy-config-migrations-DGNBoJQP.js
    collectChannelLegacyConfigRules
    file:///home/fishclaw/.nvm/versions/node/v22.22.0/lib/node_modules/openclaw/dist/legacy-config-issues-S00NaeKY.js
    findDoctorLegacyConfigIssues
    collectInvalidConfigLegacyIssues
    file:///home/fishclaw/.nvm/versions/node/v22.22.0/lib/node_modules/openclaw/dist/io-fQmSDfK-.js
    default
    /home/fishclaw/.nvm/versions/node/v22.22.0/lib/node_modules/openclaw/node_modules/json5/lib/parse.js
    lex
    parse
    readLoggingConfig
    file:///home/fishclaw/.nvm/versions/node/v22.22.0/lib/node_modules/openclaw/dist/redact-DN0dJKIU.js
    resolveConsoleSettings
    file:///home/fishclaw/.nvm/versions/node/v22.22.0/lib/node_modules/openclaw/dist/console-D8buipzn.js
    getConsoleSettings
    emitLog
    file:///home/fishclaw/.nvm/versions/node/v22.22.0/lib/node_modules/openclaw/dist/subsystem-BbA2Znit.js
    info
    file:///home/fishclaw/.nvm/versions/node/v22.22.0/lib/node_modules/openclaw/dist/run-ELm7DZny.js
    wrapSafe
    /home/fishclaw/.nvm/versions/node/v22.22.0/lib/node_modules/openclaw/node_modules/undici/index.js
    cjsLoader
    run
    nextStep
    node:internal/modules/customization_hooks
    resolveWithHooks
    resolveSync
    get_signal
    arch_do_signal_or_restart
    syscall_exit_to_user_mode
    #translate
    loadAndTranslate
    #createModuleJob
    #getJobFromResolveResult
    afterLoad
    processTicksAndRejections
    node:internal/process/task_queues
    runChecks
    file:///home/fishclaw/.nvm/versions/node/v22.22.0/lib/node_modules/openclaw/dist/schemas-6cH6bZ7o.js
    inst._zod.run
    normalizeString
    node:path
    getOptions
    node:internal/fs/utils
    realpathSync
    node:fs
    resolvePackageEntrySource
    file:///home/fishclaw/.nvm/versions/node/v22.22.0/lib/node_modules/openclaw/dist/package-entry-resolution-zMT5Eueo.js
    resolveSafePackageEntry
    resolvePackageRuntimeEntrySource
    resolvePackageRuntimeExtensionSources
    discoverInDirectory
    file:///home/fishclaw/.nvm/versions/node/v22.22.0/lib/node_modules/openclaw/dist/discovery-BUQqFET8.js
    tracePluginLifecyclePhase.scope
    tracePluginLifecyclePhase
    resolveInstalledPluginIndexRegistry
    file:///home/fishclaw/.nvm/versions/node/v22.22.0/lib/node_modules/openclaw/dist/installed-plugin-index-QoVlhjjs.js
    buildInstalledPluginIndex
    loadInstalledPluginIndexWithDiscovery
    loadPluginRegistrySnapshotWithMetadata
    file:///home/fishclaw/.nvm/versions/node/v22.22.0/lib/node_modules/openclaw/dist/plugin-registry-BPqzufTQ.js
    loadPluginMetadataSnapshotImpl
    file:///home/fishclaw/.nvm/versions/node/v22.22.0/lib/node_modules/openclaw/dist/plugin-metadata-snapshot-DXKcDDxT.js
    measureDiagnosticsTimelineSpanSync.phase
    measureDiagnosticsTimelineSpanSync
    loadPluginMetadataSnapshot
    resolvePluginMetadataSnapshot
    loadValidationPluginMetadataSnapshot
    validateConfigObjectWithPlugins
    measure
    readConfigFileSnapshotInternal
    listChannelCatalogEntries
    file:///home/fishclaw/.nvm/versions/node/v22.22.0/lib/node_modules/openclaw/dist/channel-catalog-registry-CoMZ7aLc.js
    listBundledChannelIdsForRoot
    file:///home/fishclaw/.nvm/versions/node/v22.22.0/lib/node_modules/openclaw/dist/bootstrap-registry-BBZtC4Up.js
    listBundledChannelIds
    listPotentialConfiguredChannelPresenceSignals
    file:///home/fishclaw/.nvm/versions/node/v22.22.0/lib/node_modules/openclaw/dist/channel-env-var-names-BB2Lxcdw.js
    listPotentialConfiguredChannelIds
    listPotentialEnabledChannelIds
    file:///home/fishclaw/.nvm/versions/node/v22.22.0/lib/node_modules/openclaw/dist/gateway-startup-plugin-ids-mVzqhEQT.js
    collectConfiguredStartupChannelIds
    collectConfigValidationChannelIds
    resolveConfigValidationMetadataPluginIds
    resolvePluginMetadataSnapshotPluginIds
    rcu_read_unlock_trace_special
    syscall_exit_to_user_mode_prepare
    ext4_find_extent
    ext4_split_extent
    ext4_split_convert_extents
    ext4_ext_handle_unwritten_extents
    ext4_ext_map_blocks
    ext4_map_create_blocks
    ext4_map_blocks
    mpage_map_and_submit_extent
    ext4_do_writepages
    ext4_writepages
    do_writepages
    __writeback_single_inode
    writeback_sb_inodes
    __writeback_inodes_wb
    wb_writeback
    wb_workfn
    process_one_work
    worker_thread
    kthread
    ret_from_fork
    ret_from_fork_asm
    blk_cgroup_congested
    __folio_throttle_swaprate
    free_swap_cache
    __tlb_batch_free_encoded_pages
    tlb_finish_mmu
    vms_clear_ptes
    vms_complete_munmap_vmas
    do_vmi_align_munmap
    __do_sys_brk
    __x64_sys_brk
    agentsight
ResourceProfiles #0
Resource SchemaURL: https://opentelemetry.io/schemas/1.37.0
Resource attributes:
     -> process.pid: Int(1235176)
     -> process.executable.path: Str(/usr/bin/python3.12)
     -> process.executable.name: Str(python3.12)
ScopeProfiles #0
ScopeProfiles SchemaURL: https://opentelemetry.io/schemas/1.37.0
InstrumentationScope go.opentelemetry.io/ebpf-profiler v0.0.0
Profile #0
    Profile ID     : 
    Start time     : 2026-06-21 20:48:11.873547704 +0000 UTC
    DurationNano   : 5000675328
    Dropped attributes count: 0
    Sample #0
        Values: []
        Attributes:
             -> thread.name: python3
             -> thread.id: %!s(int64=1235176)
             -> cpu.logical_number: %!s(int64=0)
ResourceProfiles #1
Resource SchemaURL: https://opentelemetry.io/schemas/1.37.0
Resource attributes:
     -> process.pid: Int(1235184)
     -> process.executable.path: Str(/usr/lib/llvm-18/bin/clang)
     -> process.executable.name: Str(clang)
ScopeProfiles #0
ScopeProfiles SchemaURL: https://opentelemetry.io/schemas/1.37.0
InstrumentationScope go.opentelemetry.io/ebpf-profiler v0.0.0
Profile #0
    Profile ID     : 
    Start time     : 2026-06-21 20:48:11.873547704 +0000 UTC
    DurationNano   : 5000675328
    Dropped attributes count: 0
    Sample #0
        Values: []
        Attributes:
             -> thread.name: clang
             -> thread.id: %!s(int64=1235184)
             -> cpu.logical_number: %!s(int64=2)
    Sample #1
        Values: []
        Attributes:
             -> thread.name: clang
             -> thread.id: %!s(int64=1235184)
             -> cpu.logical_number: %!s(int64=2)
    Sample #2
        Values: []
        Attributes:
             -> thread.name: clang
             -> thread.id: %!s(int64=1235184)
             -> cpu.logical_number: %!s(int64=2)
    Sample #3
        Values: []
        Attributes:
             -> thread.name: clang
             -> thread.id: %!s(int64=1235184)
             -> cpu.logical_number: %!s(int64=2)
    Sample #4
        Values: []
        Attributes:
             -> thread.name: clang
             -> thread.id: %!s(int64=1235184)
             -> cpu.logical_number: %!s(int64=2)
    Sample #5
        Values: []
        Attributes:
             -> thread.name: clang
             -> thread.id: %!s(int64=1235184)
             -> cpu.logical_number: %!s(int64=2)
    Sample #6
        Values: []
        Attributes:
             -> thread.name: clang
             -> thread.id: %!s(int64=1235184)
             -> cpu.logical_number: %!s(int64=2)
    Sample #7
        Values: []
        Attributes:
             -> thread.name: clang
             -> thread.id: %!s(int64=1235184)
             -> cpu.logical_number: %!s(int64=2)
    Sample #8
        Values: []
        Attributes:
             -> thread.name: clang
             -> thread.id: %!s(int64=1235184)
             -> cpu.logical_number: %!s(int64=2)
    Sample #9
        Values: []
        Attributes:
             -> thread.name: clang
             -> thread.id: %!s(int64=1235184)
             -> cpu.logical_number: %!s(int64=2)
    Sample #10
        Values: []
        Attributes:
             -> thread.name: clang
             -> thread.id: %!s(int64=1235184)
             -> cpu.logical_number: %!s(int64=2)
    Sample #11
        Values: []
        Attributes:
             -> thread.name: clang
             -> thread.id: %!s(int64=1235184)
             -> cpu.logical_number: %!s(int64=2)
    Sample #12
        Values: []
        Attributes:
             -> thread.name: clang
             -> thread.id: %!s(int64=1235184)
             -> cpu.logical_number: %!s(int64=2)
    Sample #13
        Values: []
        Attributes:
             -> thread.name: clang
             -> thread.id: %!s(int64=1235184)
             -> cpu.logical_number: %!s(int64=2)
    Sample #14
        Values: []
        Attributes:
             -> thread.name: clang
             -> thread.id: %!s(int64=1235184)
             -> cpu.logical_number: %!s(int64=2)
    Sample #15
        Values: []
        Attributes:
             -> thread.name: clang
             -> thread.id: %!s(int64=1235184)
             -> cpu.logical_number: %!s(int64=2)
    Sample #16
        Values: []
        Attributes:
             -> thread.name: clang
             -> thread.id: %!s(int64=1235184)
             -> cpu.logical_number: %!s(int64=2)
    Sample #17
        Values: []
        Attributes:
             -> thread.name: clang
             -> thread.id: %!s(int64=1235184)
             -> cpu.logical_number: %!s(int64=2)
    Sample #18
        Values: []
        Attributes:
             -> thread.name: clang
             -> thread.id: %!s(int64=1235184)
             -> cpu.logical_number: %!s(int64=2)
    Sample #19
        Values: []
        Attributes:
             -> thread.name: clang
             -> thread.id: %!s(int64=1235184)
             -> cpu.logical_number: %!s(int64=2)
    Sample #20
        Values: []
        Attributes:
             -> thread.name: clang
             -> thread.id: %!s(int64=1235184)
             -> cpu.logical_number: %!s(int64=2)
    Sample #21
        Values: []
        Attributes:
             -> thread.name: clang
             -> thread.id: %!s(int64=1235184)
             -> cpu.logical_number: %!s(int64=2)
ResourceProfiles #2
Resource SchemaURL: https://opentelemetry.io/schemas/1.37.0
Resource attributes:
     -> process.pid: Int(1235084)
     -> process.executable.path: Str(/tmp/opentelemetry-ebpf-profiler/otelcol-ebpf-profiler)
     -> process.executable.name: Str(otelcol-ebpf-profiler)
ScopeProfiles #0
ScopeProfiles SchemaURL: https://opentelemetry.io/schemas/1.37.0
InstrumentationScope go.opentelemetry.io/ebpf-profiler v0.0.0
Profile #0
    Profile ID     : 
    Start time     : 2026-06-21 20:48:11.873547704 +0000 UTC
    DurationNano   : 5000675328
    Dropped attributes count: 0
    Sample #0
        Values: []
        Attributes:
             -> thread.name: otelcol-ebpf-pr
             -> thread.id: %!s(int64=1235136)
             -> cpu.logical_number: %!s(int64=4)
    Sample #1
        Values: []
        Attributes:
             -> thread.name: otelcol-ebpf-pr
             -> thread.id: %!s(int64=1235132)
             -> cpu.logical_number: %!s(int64=18)
    Sample #2
        Values: []
        Attributes:
             -> thread.name: otelcol-ebpf-pr
             -> thread.id: %!s(int64=1235137)
             -> cpu.logical_number: %!s(int64=20)
    Sample #3
        Values: []
        Attributes:
             -> thread.name: otelcol-ebpf-pr
             -> thread.id: %!s(int64=1235131)
             -> cpu.logical_number: %!s(int64=22)
    Sample #4
        Values: []
        Attributes:
             -> thread.name: otelcol-ebpf-pr
             -> thread.id: %!s(int64=1235128)
             -> cpu.logical_number: %!s(int64=2)
    Sample #5
        Values: []
        Attributes:
             -> thread.name: otelcol-ebpf-pr
             -> thread.id: %!s(int64=1235132)
             -> cpu.logical_number: %!s(int64=18)
    Sample #6
        Values: []
        Attributes:
             -> thread.name: otelcol-ebpf-pr
             -> thread.id: %!s(int64=1235085)
             -> cpu.logical_number: %!s(int64=12)
    Sample #7
        Values: []
        Attributes:
             -> thread.name: otelcol-ebpf-pr
             -> thread.id: %!s(int64=1235137)
             -> cpu.logical_number: %!s(int64=0)
    Sample #8
        Values: []
        Attributes:
             -> thread.name: otelcol-ebpf-pr
             -> thread.id: %!s(int64=1235135)
             -> cpu.logical_number: %!s(int64=14)
    Sample #9
        Values: []
        Attributes:
             -> thread.name: otelcol-ebpf-pr
             -> thread.id: %!s(int64=1235138)
             -> cpu.logical_number: %!s(int64=19)
    Sample #10
        Values: []
        Attributes:
             -> thread.name: otelcol-ebpf-pr
             -> thread.id: %!s(int64=1235128)
             -> cpu.logical_number: %!s(int64=22)
    Sample #11
        Values: []
        Attributes:
             -> thread.name: otelcol-ebpf-pr
             -> thread.id: %!s(int64=1235128)
             -> cpu.logical_number: %!s(int64=2)
    Sample #12
        Values: []
        Attributes:
             -> thread.name: otelcol-ebpf-pr
             -> thread.id: %!s(int64=1235136)
             -> cpu.logical_number: %!s(int64=15)
    Sample #13
        Values: []
        Attributes:
             -> thread.name: otelcol-ebpf-pr
             -> thread.id: %!s(int64=1235137)
             -> cpu.logical_number: %!s(int64=20)
    Sample #14
        Values: []
        Attributes:
             -> thread.name: otelcol-ebpf-pr
             -> thread.id: %!s(int64=1235124)
             -> cpu.logical_number: %!s(int64=12)
    Sample #15
        Values: []
        Attributes:
             -> thread.name: otelcol-ebpf-pr
             -> thread.id: %!s(int64=1235132)
             -> cpu.logical_number: %!s(int64=17)
    Sample #16
        Values: []
        Attributes:
             -> thread.name: otelcol-ebpf-pr
             -> thread.id: %!s(int64=1235138)
             -> cpu.logical_number: %!s(int64=19)
    Sample #17
        Values: []
        Attributes:
             -> thread.name: otelcol-ebpf-pr
             -> thread.id: %!s(int64=1235136)
             -> cpu.logical_number: %!s(int64=22)
    Sample #18
        Values: []
        Attributes:
             -> thread.name: otelcol-ebpf-pr
             -> thread.id: %!s(int64=1235136)
             -> cpu.logical_number: %!s(int64=4)
    Sample #19
        Values: []
        Attributes:
             -> thread.name: otelcol-ebpf-pr
             -> thread.id: %!s(int64=1235132)
             -> cpu.logical_number: %!s(int64=11)
    Sample #20
        Values: []
        Attributes:
             -> thread.name: otelcol-ebpf-pr
             -> thread.id: %!s(int64=1235139)
             -> cpu.logical_number: %!s(int64=23)
    Sample #21
        Values: []
        Attributes:
             -> thread.name: otelcol-ebpf-pr
             -> thread.id: %!s(int64=1235135)
             -> cpu.logical_number: %!s(int64=14)
ResourceProfiles #3
Resource SchemaURL: https://opentelemetry.io/schemas/1.37.0
Resource attributes:
     -> process.pid: Int(1235151)
     -> process.executable.path: Str(/usr/lib/llvm-18/bin/clang)
     -> process.executable.name: Str(clang)
ScopeProfiles #0
ScopeProfiles SchemaURL: https://opentelemetry.io/schemas/1.37.0
InstrumentationScope go.opentelemetry.io/ebpf-profiler v0.0.0
Profile #0
    Profile ID     : 
    Start time     : 2026-06-21 20:48:11.873547704 +0000 UTC
    DurationNano   : 5000675328
    Dropped attributes count: 0
    Sample #0
        Values: []
        Attributes:
             -> thread.name: clang
             -> thread.id: %!s(int64=1235151)
             -> cpu.logical_number: %!s(int64=1)
    Sample #1
        Values: []
        Attributes:
             -> thread.name: clang
             -> thread.id: %!s(int64=1235151)
             -> cpu.logical_number: %!s(int64=1)
    Sample #2
        Values: []
        Attributes:
             -> thread.name: clang
             -> thread.id: %!s(int64=1235151)
             -> cpu.logical_number: %!s(int64=1)
    Sample #3
        Values: []
        Attributes:
             -> thread.name: clang
             -> thread.id: %!s(int64=1235151)
             -> cpu.logical_number: %!s(int64=1)
    Sample #4
        Values: []
        Attributes:
             -> thread.name: clang
             -> thread.id: %!s(int64=1235151)
             -> cpu.logical_number: %!s(int64=1)
    Sample #5
        Values: []
        Attributes:
             -> thread.name: clang
             -> thread.id: %!s(int64=1235151)
             -> cpu.logical_number: %!s(int64=1)
    Sample #6
        Values: []
        Attributes:
             -> thread.name: clang
             -> thread.id: %!s(int64=1235151)
             -> cpu.logical_number: %!s(int64=1)
    Sample #7
        Values: []
        Attributes:
             -> thread.name: clang
             -> thread.id: %!s(int64=1235151)
             -> cpu.logical_number: %!s(int64=1)
    Sample #8
        Values: []
        Attributes:
             -> thread.name: clang
             -> thread.id: %!s(int64=1235151)
             -> cpu.logical_number: %!s(int64=1)
    Sample #9
        Values: []
        Attributes:
             -> thread.name: clang
             -> thread.id: %!s(int64=1235151)
             -> cpu.logical_number: %!s(int64=1)
    Sample #10
        Values: []
        Attributes:
             -> thread.name: clang
             -> thread.id: %!s(int64=1235151)
             -> cpu.logical_number: %!s(int64=1)
    Sample #11
        Values: []
        Attributes:
             -> thread.name: clang
             -> thread.id: %!s(int64=1235151)
             -> cpu.logical_number: %!s(int64=1)
    Sample #12
        Values: []
        Attributes:
             -> thread.name: clang
             -> thread.id: %!s(int64=1235151)
             -> cpu.logical_number: %!s(int64=1)
    Sample #13
        Values: []
        Attributes:
             -> thread.name: clang
             -> thread.id: %!s(int64=1235151)
             -> cpu.logical_number: %!s(int64=1)
    Sample #14
        Values: []
        Attributes:
             -> thread.name: clang
             -> thread.id: %!s(int64=1235151)
             -> cpu.logical_number: %!s(int64=1)
    Sample #15
        Values: []
        Attributes:
             -> thread.name: clang
             -> thread.id: %!s(int64=1235151)
             -> cpu.logical_number: %!s(int64=1)
    Sample #16
        Values: []
        Attributes:
             -> thread.name: clang
             -> thread.id: %!s(int64=1235151)
             -> cpu.logical_number: %!s(int64=1)
    Sample #17
        Values: []
        Attributes:
             -> thread.name: clang
             -> thread.id: %!s(int64=1235151)
             -> cpu.logical_number: %!s(int64=1)
    Sample #18
        Values: []
        Attributes:
             -> thread.name: clang
             -> thread.id: %!s(int64=1235151)
             -> cpu.logical_number: %!s(int64=1)
    Sample #19
        Values: []
        Attributes:
             -> thread.name: clang
             -> thread.id: %!s(int64=1235151)
             -> cpu.logical_number: %!s(int64=1)
    Sample #20
        Values: []
        Attributes:
             -> thread.name: clang
             -> thread.id: %!s(int64=1235151)
             -> cpu.logical_number: %!s(int64=1)
    Sample #21
        Values: []
        Attributes:
             -> thread.name: clang
             -> thread.id: %!s(int64=1235151)
             -> cpu.logical_number: %!s(int64=1)
    Sample #22
        Values: []
        Attributes:
             -> thread.name: clang
             -> thread.id: %!s(int64=1235151)
             -> cpu.logical_number: %!s(int64=1)
    Sample #23
        Values: []
        Attributes:
             -> thread.name: clang
             -> thread.id: %!s(int64=1235151)
             -> cpu.logical_number: %!s(int64=1)
    Sample #24
        Values: []
        Attributes:
             -> thread.name: clang
             -> thread.id: %!s(int64=1235151)
             -> cpu.logical_number: %!s(int64=1)
    Sample #25
        Values: []
        Attributes:
             -> thread.name: clang
             -> thread.id: %!s(int64=1235151)
             -> cpu.logical_number: %!s(int64=1)
    Sample #26
        Values: []
        Attributes:
             -> thread.name: clang
             -> thread.id: %!s(int64=1235151)
             -> cpu.logical_number: %!s(int64=1)
    Sample #27
        Values: []
        Attributes:
             -> thread.name: clang
             -> thread.id: %!s(int64=1235151)
             -> cpu.logical_number: %!s(int64=1)
    Sample #28
        Values: []
        Attributes:
             -> thread.name: clang
             -> thread.id: %!s(int64=1235151)
             -> cpu.logical_number: %!s(int64=1)
    Sample #29
        Values: []
        Attributes:
             -> thread.name: clang
             -> thread.id: %!s(int64=1235151)
             -> cpu.logical_number: %!s(int64=1)
    Sample #30
        Values: []
        Attributes:
             -> thread.name: clang
             -> thread.id: %!s(int64=1235151)
             -> cpu.logical_number: %!s(int64=1)
    Sample #31
        Values: []
        Attributes:
             -> thread.name: clang
             -> thread.id: %!s(int64=1235151)
             -> cpu.logical_number: %!s(int64=1)
    Sample #32
        Values: []
        Attributes:
             -> thread.name: clang
             -> thread.id: %!s(int64=1235151)
             -> cpu.logical_number: %!s(int64=1)
ResourceProfiles #4
Resource SchemaURL: https://opentelemetry.io/schemas/1.37.0
Resource attributes:
     -> process.pid: Int(1235158)
     -> process.executable.path: Str(/home/fishclaw/.nvm/versions/node/v22.22.0/bin/node)
     -> process.executable.name: Str(node)
ScopeProfiles #0
ScopeProfiles SchemaURL: https://opentelemetry.io/schemas/1.37.0
InstrumentationScope go.opentelemetry.io/ebpf-profiler v0.0.0
Profile #0
    Profile ID     : 
    Start time     : 2026-06-21 20:48:11.873547704 +0000 UTC
    DurationNano   : 5000675328
    Dropped attributes count: 0
    Sample #0
        Values: []
        Attributes:
             -> thread.name: node
             -> thread.id: %!s(int64=1235163)
             -> cpu.logical_number: %!s(int64=19)
    Sample #1
        Values: []
        Attributes:
             -> thread.name: node
             -> thread.id: %!s(int64=1235158)
             -> cpu.logical_number: %!s(int64=4)
    Sample #2
        Values: []
        Attributes:
             -> thread.name: node
             -> thread.id: %!s(int64=1235158)
             -> cpu.logical_number: %!s(int64=4)
    Sample #3
        Values: []
        Attributes:
             -> thread.name: node
             -> thread.id: %!s(int64=1235163)
             -> cpu.logical_number: %!s(int64=19)
    Sample #4
        Values: []
        Attributes:
             -> thread.name: node
             -> thread.id: %!s(int64=1235158)
             -> cpu.logical_number: %!s(int64=4)
    Sample #5
        Values: []
        Attributes:
             -> thread.name: node
             -> thread.id: %!s(int64=1235163)
             -> cpu.logical_number: %!s(int64=19)
    Sample #6
        Values: []
        Attributes:
             -> thread.name: node
             -> thread.id: %!s(int64=1235161)
             -> cpu.logical_number: %!s(int64=15)
    Sample #7
        Values: []
        Attributes:
             -> thread.name: node
             -> thread.id: %!s(int64=1235158)
             -> cpu.logical_number: %!s(int64=4)
    Sample #8
        Values: []
        Attributes:
             -> thread.name: node
             -> thread.id: %!s(int64=1235158)
             -> cpu.logical_number: %!s(int64=4)
    Sample #9
        Values: []
        Attributes:
             -> thread.name: node
             -> thread.id: %!s(int64=1235158)
             -> cpu.logical_number: %!s(int64=4)
    Sample #10
        Values: []
        Attributes:
             -> thread.name: node
             -> thread.id: %!s(int64=1235161)
             -> cpu.logical_number: %!s(int64=15)
    Sample #11
        Values: []
        Attributes:
             -> thread.name: node
             -> thread.id: %!s(int64=1235163)
             -> cpu.logical_number: %!s(int64=19)
    Sample #12
        Values: []
        Attributes:
             -> thread.name: node
             -> thread.id: %!s(int64=1235158)
             -> cpu.logical_number: %!s(int64=4)
    Sample #13
        Values: []
        Attributes:
             -> thread.name: node
             -> thread.id: %!s(int64=1235164)
             -> cpu.logical_number: %!s(int64=11)
    Sample #14
        Values: []
        Attributes:
             -> thread.name: node
             -> thread.id: %!s(int64=1235158)
             -> cpu.logical_number: %!s(int64=4)
    Sample #15
        Values: []
        Attributes:
             -> thread.name: node
             -> thread.id: %!s(int64=1235160)
             -> cpu.logical_number: %!s(int64=11)
    Sample #16
        Values: []
        Attributes:
             -> thread.name: node
             -> thread.id: %!s(int64=1235162)
             -> cpu.logical_number: %!s(int64=22)
    Sample #17
        Values: []
        Attributes:
             -> thread.name: node
             -> thread.id: %!s(int64=1235158)
             -> cpu.logical_number: %!s(int64=4)
    Sample #18
        Values: []
        Attributes:
             -> thread.name: node
             -> thread.id: %!s(int64=1235160)
             -> cpu.logical_number: %!s(int64=11)
    Sample #19
        Values: []
        Attributes:
             -> thread.name: node
             -> thread.id: %!s(int64=1235158)
             -> cpu.logical_number: %!s(int64=4)
    Sample #20
        Values: []
        Attributes:
             -> thread.name: node
             -> thread.id: %!s(int64=1235158)
             -> cpu.logical_number: %!s(int64=4)
    Sample #21
        Values: []
        Attributes:
             -> thread.name: node
             -> thread.id: %!s(int64=1235158)
             -> cpu.logical_number: %!s(int64=4)
    Sample #22
        Values: []
        Attributes:
             -> thread.name: node
             -> thread.id: %!s(int64=1235161)
             -> cpu.logical_number: %!s(int64=15)
    Sample #23
        Values: []
        Attributes:
             -> thread.name: node
             -> thread.id: %!s(int64=1235162)
             -> cpu.logical_number: %!s(int64=22)
    Sample #24
        Values: []
        Attributes:
             -> thread.name: node
             -> thread.id: %!s(int64=1235158)
             -> cpu.logical_number: %!s(int64=4)
    Sample #25
        Values: []
        Attributes:
             -> thread.name: node
             -> thread.id: %!s(int64=1235158)
             -> cpu.logical_number: %!s(int64=4)
    Sample #26
        Values: []
        Attributes:
             -> thread.name: node
             -> thread.id: %!s(int64=1235161)
             -> cpu.logical_number: %!s(int64=15)
    Sample #27
        Values: []
        Attributes:
             -> thread.name: node
             -> thread.id: %!s(int64=1235158)
             -> cpu.logical_number: %!s(int64=4)
    Sample #28
        Values: []
        Attributes:
             -> thread.name: node
             -> thread.id: %!s(int64=1235162)
             -> cpu.logical_number: %!s(int64=22)
    Sample #29
        Values: []
        Attributes:
             -> thread.name: node
             -> thread.id: %!s(int64=1235158)
             -> cpu.logical_number: %!s(int64=4)
    Sample #30
        Values: []
        Attributes:
             -> thread.name: node
             -> thread.id: %!s(int64=1235158)
             -> cpu.logical_number: %!s(int64=4)
    Sample #31
        Values: []
        Attributes:
             -> thread.name: node
             -> thread.id: %!s(int64=1235162)
             -> cpu.logical_number: %!s(int64=21)
    Sample #32
        Values: []
        Attributes:
             -> thread.name: node
             -> thread.id: %!s(int64=1235162)
             -> cpu.logical_number: %!s(int64=22)
    Sample #33
        Values: []
        Attributes:
             -> thread.name: node
             -> thread.id: %!s(int64=1235158)
             -> cpu.logical_number: %!s(int64=4)
    Sample #34
        Values: []
        Attributes:
             -> thread.name: node
             -> thread.id: %!s(int64=1235158)
             -> cpu.logical_number: %!s(int64=4)
    Sample #35
        Values: []
        Attributes:
             -> thread.name: node
             -> thread.id: %!s(int64=1235158)
             -> cpu.logical_number: %!s(int64=4)
    Sample #36
        Values: []
        Attributes:
             -> thread.name: node
             -> thread.id: %!s(int64=1235158)
             -> cpu.logical_number: %!s(int64=4)
    Sample #37
        Values: []
        Attributes:
             -> thread.name: node
             -> thread.id: %!s(int64=1235160)
             -> cpu.logical_number: %!s(int64=11)
    Sample #38
        Values: []
        Attributes:
             -> thread.name: node
             -> thread.id: %!s(int64=1235158)
             -> cpu.logical_number: %!s(int64=4)
    Sample #39
        Values: []
        Attributes:
             -> thread.name: node
             -> thread.id: %!s(int64=1235162)
             -> cpu.logical_number: %!s(int64=22)
ResourceProfiles #5
Resource SchemaURL: https://opentelemetry.io/schemas/1.37.0
Resource attributes:
     -> process.pid: Int(271799)
     -> process.executable.path: Str(/home/yunwei37/.vscode-server/cli/servers/Stable-fcf604774b9f2674b473065736ee75077e256353/server/node)
     -> process.executable.name: Str(node)
ScopeProfiles #0
ScopeProfiles SchemaURL: https://opentelemetry.io/schemas/1.37.0
InstrumentationScope go.opentelemetry.io/ebpf-profiler v0.0.0
Profile #0
    Profile ID     : 
    Start time     : 2026-06-21 20:48:11.873547704 +0000 UTC
    DurationNano   : 5000675328
    Dropped attributes count: 0
    Sample #0
        Values: []
        Attributes:
             -> thread.name: MainThread
             -> thread.id: %!s(int64=271799)
             -> cpu.logical_number: %!s(int64=14)
ResourceProfiles #6
Resource SchemaURL: https://opentelemetry.io/schemas/1.37.0
Resource attributes:
     -> process.pid: Int(6917)
     -> process.executable.path: Str(/home/yunwei37/.nvm/versions/node/v22.22.0/lib/node_modules/@openai/codex/node_modules/@openai/codex-linux-x64/vendor/x86_64-unknown-linux-musl/bin/codex)
     -> process.executable.name: Str(codex)
ScopeProfiles #0
ScopeProfiles SchemaURL: https://opentelemetry.io/schemas/1.37.0
InstrumentationScope go.opentelemetry.io/ebpf-profiler v0.0.0
Profile #0
    Profile ID     : 
    Start time     : 2026-06-21 20:48:11.873547704 +0000 UTC
    DurationNano   : 5000675328
    Dropped attributes count: 0
    Sample #0
        Values: []
        Attributes:
             -> thread.name: tokio-rt-worker
             -> thread.id: %!s(int64=6931)
             -> cpu.logical_number: %!s(int64=21)
ResourceProfiles #7
Resource SchemaURL: https://opentelemetry.io/schemas/1.37.0
Resource attributes:
     -> process.pid: Int(1228549)
ScopeProfiles #0
ScopeProfiles SchemaURL: https://opentelemetry.io/schemas/1.37.0
InstrumentationScope go.opentelemetry.io/ebpf-profiler v0.0.0
Profile #0
    Profile ID     : 
    Start time     : 2026-06-21 20:48:11.873547704 +0000 UTC
    DurationNano   : 5000675328
    Dropped attributes count: 0
    Sample #0
        Values: []
        Attributes:
             -> thread.name: kworker/u96:6
             -> thread.id: %!s(int64=1228549)
             -> cpu.logical_number: %!s(int64=23)
ResourceProfiles #8
Resource SchemaURL: https://opentelemetry.io/schemas/1.37.0
Resource attributes:
     -> process.pid: Int(1235109)
     -> process.executable.path: Str(/usr/lib/llvm-18/bin/clang)
     -> process.executable.name: Str(clang)
ScopeProfiles #0
ScopeProfiles SchemaURL: https://opentelemetry.io/schemas/1.37.0
InstrumentationScope go.opentelemetry.io/ebpf-profiler v0.0.0
Profile #0
    Profile ID     : 
    Start time     : 2026-06-21 20:48:11.873547704 +0000 UTC
    DurationNano   : 5000675328
    Dropped attributes count: 0
    Sample #0
        Values: []
        Attributes:
             -> thread.name: clang
             -> thread.id: %!s(int64=1235109)
             -> cpu.logical_number: %!s(int64=1)
    Sample #1
        Values: []
        Attributes:
             -> thread.name: clang
             -> thread.id: %!s(int64=1235109)
             -> cpu.logical_number: %!s(int64=1)
    Sample #2
        Values: []
        Attributes:
             -> thread.name: clang
             -> thread.id: %!s(int64=1235109)
             -> cpu.logical_number: %!s(int64=1)
    Sample #3
        Values: []
        Attributes:
             -> thread.name: clang
             -> thread.id: %!s(int64=1235109)
             -> cpu.logical_number: %!s(int64=1)
    Sample #4
        Values: []
        Attributes:
             -> thread.name: clang
             -> thread.id: %!s(int64=1235109)
             -> cpu.logical_number: %!s(int64=1)
    Sample #5
        Values: []
        Attributes:
             -> thread.name: clang
             -> thread.id: %!s(int64=1235109)
             -> cpu.logical_number: %!s(int64=1)
    Sample #6
        Values: []
        Attributes:
             -> thread.name: clang
             -> thread.id: %!s(int64=1235109)
             -> cpu.logical_number: %!s(int64=1)
    Sample #7
        Values: []
        Attributes:
             -> thread.name: clang
             -> thread.id: %!s(int64=1235109)
             -> cpu.logical_number: %!s(int64=1)
    Sample #8
        Values: []
        Attributes:
             -> thread.name: clang
             -> thread.id: %!s(int64=1235109)
             -> cpu.logical_number: %!s(int64=1)
ResourceProfiles #9
Resource SchemaURL: https://opentelemetry.io/schemas/1.37.0
Resource attributes:
     -> process.pid: Int(2711)
     -> process.executable.path: Str(/home/yunwei37/.cargo/bin/agentsight)
     -> process.executable.name: Str(agentsight)
ScopeProfiles #0
ScopeProfiles SchemaURL: https://opentelemetry.io/schemas/1.37.0
InstrumentationScope go.opentelemetry.io/ebpf-profiler v0.0.0
Profile #0
    Profile ID     : 
    Start time     : 2026-06-21 20:48:11.873547704 +0000 UTC
    DurationNano   : 5000675328
    Dropped attributes count: 0
    Sample #0
        Values: []
        Attributes:
             -> thread.name: agentsight
             -> thread.id: %!s(int64=2711)
             -> cpu.logical_number: %!s(int64=6)
    Sample #1
        Values: []
        Attributes:
             -> thread.name: agentsight
             -> thread.id: %!s(int64=2711)
             -> cpu.logical_number: %!s(int64=6)
	{"resource": {"service.instance.id": "15afed7c-d998-4563-b6b7-3003f65eba24", "service.name": "otelcol-ebpf-profiler", "service.version": "dev"}, "otelcol.component.id": "debug", "otelcol.component.kind": "exporter", "otelcol.signal": "profiles"}
2026-06-21T13:48:21.878-0700	info	Profiles	{"resource": {"service.instance.id": "15afed7c-d998-4563-b6b7-3003f65eba24", "service.name": "otelcol-ebpf-profiler", "service.version": "dev"}, "otelcol.component.id": "debug", "otelcol.component.kind": "exporter", "otelcol.signal": "profiles", "resource profiles": 6, "sample records": 164}
2026-06-21T13:48:21.879-0700	info	Mapping #0
    Memory start: 0
    Memory limit: 0
    File offset: 0
    File name: 0
    Attributes: []
Mapping #1
    Memory start: 7925760
    Memory limit: 214024192
    File offset: 7925760
    File name: 5
    Attributes: [1]
Mapping #2
    Memory start: 0
    Memory limit: 0
    File offset: 0
    File name: 11
    Attributes: [11 12]
Mapping #3
    Memory start: 14532608
    Memory limit: 21663744
    File offset: 14528512
    File name: 29
    Attributes: [22 23]
Mapping #4
    Memory start: 163840
    Memory limit: 1769472
    File offset: 163840
    File name: 30
    Attributes: [24]
Mapping #5
    Memory start: 14893056
    Memory limit: 53129216
    File offset: 10698752
    File name: 61
    Attributes: [28 29]
Mapping #6
    Memory start: 0
    Memory limit: 61755392
    File offset: 0
    File name: 143
    Attributes: [40]
Mapping #7
    Memory start: 0
    Memory limit: 135168
    File offset: 0
    File name: 144
    Attributes: [41]
Mapping #8
    Memory start: 0
    Memory limit: 117968896
    File offset: 0
    File name: 145
    Attributes: [42 43]
Mapping #9
    Memory start: 667648
    Memory limit: 2093056
    File offset: 667648
    File name: 146
    Attributes: [47]
Mapping #10
    Memory start: 4194304
    Memory limit: 19996672
    File offset: 0
    File name: 163
    Attributes: [48 49]
Mapping #11
    Memory start: 0
    Memory limit: 0
    File offset: 0
    File name: 287
    Attributes: [69 70]
Mapping #12
    Memory start: 0
    Memory limit: 0
    File offset: 0
    File name: 303
    Attributes: [72 73]
Location #0
    Mapping index: 0
    Address: 0
    Attributes: []
Location #1
    Mapping index: 1
    Address: 213902175
    Attributes: [2]
Location #2
    Mapping index: 1
    Address: 213964374
    Attributes: [2]
Location #3
    Mapping index: 1
    Address: 181361814
    Attributes: [2]
Location #4
    Mapping index: 1
    Address: 181311370
    Attributes: [2]
Location #5
    Mapping index: 1
    Address: 181090943
    Attributes: [2]
Location #6
    Mapping index: 1
    Address: 173355690
    Attributes: [2]
Location #7
    Mapping index: 1
    Address: 173517285
    Attributes: [2]
Location #8
    Mapping index: 1
    Address: 148867165
    Attributes: [2]
Location #9
    Mapping index: 1
    Address: 176398003
    Attributes: [2]
Location #10
    Mapping index: 1
    Address: 213968242
    Attributes: [2]
Location #11
    Mapping index: 1
    Address: 181110393
    Attributes: [2]
Location #12
    Mapping index: 1
    Address: 181303598
    Attributes: [2]
Location #13
    Mapping index: 2
    Address: 12323945
    Line #0
        Function index: 1
        Line: 0
        Column: 0
    Attributes: [13]
Location #14
    Mapping index: 2
    Address: 12325566
    Line #0
        Function index: 2
        Line: 0
        Column: 0
    Attributes: [13]
Location #15
    Mapping index: 2
    Address: 7334450
    Line #0
        Function index: 3
        Line: 0
        Column: 0
    Attributes: [13]
Location #16
    Mapping index: 2
    Address: 7348730
    Line #0
        Function index: 4
        Line: 0
        Column: 0
    Attributes: [13]
Location #17
    Mapping index: 2
    Address: 9745311
    Line #0
        Function index: 5
        Line: 0
        Column: 0
    Attributes: [13]
Location #18
    Mapping index: 2
    Address: 8662904
    Line #0
        Function index: 6
        Line: 0
        Column: 0
    Attributes: [13]
Location #19
    Mapping index: 2
    Address: 8663398
    Line #0
        Function index: 7
        Line: 0
        Column: 0
    Attributes: [13]
Location #20
    Mapping index: 2
    Address: 3170940
    Line #0
        Function index: 8
        Line: 0
        Column: 0
    Attributes: [13]
Location #21
    Mapping index: 2
    Address: 22351549
    Line #0
        Function index: 9
        Line: 0
        Column: 0
    Attributes: [13]
Location #22
    Mapping index: 2
    Address: 298
    Line #0
        Function index: 10
        Line: 0
        Column: 0
    Attributes: [13]
Location #23
    Mapping index: 1
    Address: 213964626
    Attributes: [2]
Location #24
    Mapping index: 1
    Address: 181403504
    Attributes: [2]
Location #25
    Mapping index: 1
    Address: 181392512
    Attributes: [2]
Location #26
    Mapping index: 1
    Address: 181363332
    Attributes: [2]
Location #27
    Mapping index: 1
    Address: 181320204
    Attributes: [2]
Location #28
    Mapping index: 1
    Address: 116168709
    Attributes: [2]
Location #29
    Mapping index: 1
    Address: 42966020
    Attributes: [2]
Location #30
    Mapping index: 1
    Address: 42980601
    Attributes: [2]
Location #31
    Mapping index: 1
    Address: 40040268
    Attributes: [2]
Location #32
    Mapping index: 1
    Address: 40042859
    Attributes: [2]
Location #33
    Mapping index: 1
    Address: 40039854
    Attributes: [2]
Location #34
    Mapping index: 1
    Address: 138042188
    Attributes: [2]
Location #35
    Mapping index: 1
    Address: 56369540
    Attributes: [2]
Location #36
    Mapping index: 1
    Address: 55506130
    Attributes: [2]
Location #37
    Mapping index: 1
    Address: 58506872
    Attributes: [2]
Location #38
    Mapping index: 1
    Address: 51580832
    Attributes: [2]
Location #39
    Mapping index: 1
    Address: 177075946
    Attributes: [2]
Location #40
    Mapping index: 1
    Address: 177069774
    Attributes: [2]
Location #41
    Mapping index: 1
    Address: 176911476
    Attributes: [2]
Location #42
    Mapping index: 1
    Address: 176942810
    Attributes: [2]
Location #43
    Mapping index: 1
    Address: 177010934
    Attributes: [2]
Location #44
    Mapping index: 1
    Address: 176925211
    Attributes: [2]
Location #45
    Mapping index: 1
    Address: 176879057
    Attributes: [2]
Location #46
    Mapping index: 2
    Address: 12314198
    Line #0
        Function index: 11
        Line: 0
        Column: 0
    Attributes: [13]
Location #47
    Mapping index: 2
    Address: 7335644
    Line #0
        Function index: 12
        Line: 0
        Column: 0
    Attributes: [13]
Location #48
    Mapping index: 2
    Address: 9746492
    Line #0
        Function index: 13
        Line: 0
        Column: 0
    Attributes: [13]
Location #49
    Mapping index: 2
    Address: 9748062
    Line #0
        Function index: 14
        Line: 0
        Column: 0
    Attributes: [13]
Location #50
    Mapping index: 2
    Address: 8665650
    Line #0
        Function index: 15
        Line: 0
        Column: 0
    Attributes: [13]
Location #51
    Mapping index: 2
    Address: 8666278
    Line #0
        Function index: 16
        Line: 0
        Column: 0
    Attributes: [13]
Location #52
    Mapping index: 2
    Address: 3171735
    Line #0
        Function index: 8
        Line: 0
        Column: 0
    Attributes: [13]
Location #53
    Mapping index: 1
    Address: 213901150
    Attributes: [2]
Location #54
    Mapping index: 2
    Address: 12325432
    Line #0
        Function index: 2
        Line: 0
        Column: 0
    Attributes: [13]
Location #55
    Mapping index: 1
    Address: 211088878
    Attributes: [2]
Location #56
    Mapping index: 1
    Address: 212328793
    Attributes: [2]
Location #57
    Mapping index: 1
    Address: 211045911
    Attributes: [2]
Location #58
    Mapping index: 1
    Address: 211042564
    Attributes: [2]
Location #59
    Mapping index: 1
    Address: 211047930
    Attributes: [2]
Location #60
    Mapping index: 1
    Address: 211043267
    Attributes: [2]
Location #61
    Mapping index: 1
    Address: 211041521
    Attributes: [2]
Location #62
    Mapping index: 1
    Address: 211478514
    Attributes: [2]
Location #63
    Mapping index: 1
    Address: 211657148
    Attributes: [2]
Location #64
    Mapping index: 1
    Address: 211661286
    Attributes: [2]
Location #65
    Mapping index: 1
    Address: 211042376
    Attributes: [2]
Location #66
    Mapping index: 1
    Address: 211658449
    Attributes: [2]
Location #67
    Mapping index: 1
    Address: 211659107
    Attributes: [2]
Location #68
    Mapping index: 1
    Address: 211769540
    Attributes: [2]
Location #69
    Mapping index: 1
    Address: 211246472
    Attributes: [2]
Location #70
    Mapping index: 1
    Address: 211786021
    Attributes: [2]
Location #71
    Mapping index: 1
    Address: 211786236
    Attributes: [2]
Location #72
    Mapping index: 1
    Address: 211245155
    Attributes: [2]
Location #73
    Mapping index: 1
    Address: 211246810
    Attributes: [2]
Location #74
    Mapping index: 1
    Address: 211661705
    Attributes: [2]
Location #75
    Mapping index: 1
    Address: 213486728
    Attributes: [2]
Location #76
    Mapping index: 1
    Address: 211570824
    Attributes: [2]
Location #77
    Mapping index: 1
    Address: 211571386
    Attributes: [2]
Location #78
    Mapping index: 1
    Address: 211617605
    Attributes: [2]
Location #79
    Mapping index: 1
    Address: 210701527
    Attributes: [2]
Location #80
    Mapping index: 1
    Address: 165278435
    Attributes: [2]
Location #81
    Mapping index: 1
    Address: 164970415
    Attributes: [2]
Location #82
    Mapping index: 1
    Address: 169441491
    Attributes: [2]
Location #83
    Mapping index: 1
    Address: 168930957
    Attributes: [2]
Location #84
    Mapping index: 1
    Address: 83254870
    Attributes: [2]
Location #85
    Mapping index: 1
    Address: 118425532
    Attributes: [2]
Location #86
    Mapping index: 1
    Address: 118415742
    Attributes: [2]
Location #87
    Mapping index: 1
    Address: 49334293
    Attributes: [2]
Location #88
    Mapping index: 1
    Address: 49535914
    Attributes: [2]
Location #89
    Mapping index: 1
    Address: 49659072
    Attributes: [2]
Location #90
    Mapping index: 1
    Address: 178067582
    Attributes: [2]
Location #91
    Mapping index: 1
    Address: 19940264
    Attributes: [2]
Location #92
    Mapping index: 1
    Address: 40039261
    Attributes: [2]
Location #93
    Mapping index: 1
    Address: 40038593
    Attributes: [2]
Location #94
    Mapping index: 1
    Address: 55502724
    Attributes: [2]
Location #95
    Mapping index: 1
    Address: 51841420
    Attributes: [2]
Location #96
    Mapping index: 1
    Address: 55529506
    Attributes: [2]
Location #97
    Mapping index: 1
    Address: 58508344
    Attributes: [2]
Location #98
    Mapping index: 1
    Address: 51571712
    Attributes: [2]
Location #99
    Mapping index: 1
    Address: 177068943
    Attributes: [2]
Location #100
    Mapping index: 3
    Address: 21407885
    Attributes: [2]
Location #101
    Mapping index: 3
    Address: 17068008
    Attributes: [2]
Location #102
    Mapping index: 3
    Address: 17068345
    Attributes: [2]
Location #103
    Mapping index: 3
    Address: 17033157
    Attributes: [2]
Location #104
    Mapping index: 3
    Address: 17029477
    Attributes: [2]
Location #105
    Mapping index: 3
    Address: 16919567
    Attributes: [2]
Location #106
    Mapping index: 3
    Address: 15518371
    Attributes: [2]
Location #107
    Mapping index: 3
    Address: 15968003
    Attributes: [2]
Location #108
    Mapping index: 3
    Address: 15905384
    Attributes: [2]
Location #109
    Mapping index: 3
    Address: 16317066
    Attributes: [2]
Location #110
    Mapping index: 3
    Address: 15858770
    Attributes: [2]
Location #111
    Mapping index: 3
    Address: 16637480
    Attributes: [2]
Location #112
    Mapping index: 3
    Address: 21388591
    Attributes: [2]
Location #113
    Mapping index: 3
    Address: 16319364
    Attributes: [2]
Location #114
    Mapping index: 4
    Address: 172489
    Attributes: [2]
Location #115
    Mapping index: 4
    Address: 172682
    Attributes: [2]
Location #116
    Mapping index: 3
    Address: 14536356
    Attributes: [2]
Location #117
    Mapping index: 4
    Address: 700898
    Attributes: [2]
Location #118
    Mapping index: 4
    Address: 712141
    Attributes: [2]
Location #119
    Mapping index: 3
    Address: 17150325
    Attributes: [2]
Location #120
    Mapping index: 3
    Address: 17144337
    Attributes: [2]
Location #121
    Mapping index: 3
    Address: 17143749
    Attributes: [2]
Location #122
    Mapping index: 3
    Address: 17022337
    Attributes: [2]
Location #123
    Mapping index: 3
    Address: 17037126
    Attributes: [2]
Location #124
    Mapping index: 3
    Address: 17034239
    Attributes: [2]
Location #125
    Mapping index: 3
    Address: 17030501
    Attributes: [2]
Location #126
    Mapping index: 3
    Address: 20679564
    Attributes: [2]
Location #127
    Mapping index: 3
    Address: 17128412
    Attributes: [2]
Location #128
    Mapping index: 3
    Address: 17162628
    Attributes: [2]
Location #129
    Mapping index: 3
    Address: 17128201
    Attributes: [2]
Location #130
    Mapping index: 3
    Address: 17124740
    Attributes: [2]
Location #131
    Mapping index: 3
    Address: 17035412
    Attributes: [2]
Location #132
    Mapping index: 3
    Address: 17146018
    Attributes: [2]
Location #133
    Mapping index: 3
    Address: 17162779
    Attributes: [2]
Location #134
    Mapping index: 4
    Address: 710435
    Attributes: [2]
Location #135
    Mapping index: 3
    Address: 21590191
    Attributes: [2]
Location #136
    Mapping index: 3
    Address: 15732979
    Attributes: [2]
Location #137
    Mapping index: 3
    Address: 15223352
    Attributes: [2]
Location #138
    Mapping index: 3
    Address: 15718939
    Attributes: [2]
Location #139
    Mapping index: 3
    Address: 16919821
    Attributes: [2]
Location #140
    Mapping index: 2
    Address: 7901659
    Line #0
        Function index: 17
        Line: 0
        Column: 0
    Attributes: [13]
Location #141
    Mapping index: 2
    Address: 7807247
    Line #0
        Function index: 18
        Line: 0
        Column: 0
    Attributes: [13]
Location #142
    Mapping index: 2
    Address: 7812860
    Line #0
        Function index: 19
        Line: 0
        Column: 0
    Attributes: [13]
Location #143
    Mapping index: 2
    Address: 7813868
    Line #0
        Function index: 20
        Line: 0
        Column: 0
    Attributes: [13]
Location #144
    Mapping index: 2
    Address: 7815089
    Line #0
        Function index: 21
        Line: 0
        Column: 0
    Attributes: [13]
Location #145
    Mapping index: 2
    Address: 4005295
    Line #0
        Function index: 22
        Line: 0
        Column: 0
    Attributes: [13]
Location #146
    Mapping index: 2
    Address: 22379348
    Line #0
        Function index: 23
        Line: 0
        Column: 0
    Attributes: [13]
Location #147
    Mapping index: 2
    Address: 2998
    Line #0
        Function index: 24
        Line: 0
        Column: 0
    Attributes: [13]
Location #148
    Mapping index: 2
    Address: 8666654
    Line #0
        Function index: 25
        Line: 0
        Column: 0
    Attributes: [13]
Location #149
    Mapping index: 2
    Address: 8666824
    Line #0
        Function index: 26
        Line: 0
        Column: 0
    Attributes: [13]
Location #150
    Mapping index: 2
    Address: 3171795
    Line #0
        Function index: 8
        Line: 0
        Column: 0
    Attributes: [13]
Location #151
    Mapping index: 4
    Address: 1161929
    Attributes: [2]
Location #152
    Mapping index: 3
    Address: 21423134
    Attributes: [2]
Location #153
    Mapping index: 3
    Address: 21405096
    Attributes: [2]
Location #154
    Mapping index: 3
    Address: 17034154
    Attributes: [2]
Location #155
    Mapping index: 3
    Address: 21637572
    Attributes: [2]
Location #156
    Mapping index: 3
    Address: 21405140
    Attributes: [2]
Location #157
    Mapping index: 4
    Address: 695261
    Attributes: [2]
Location #158
    Mapping index: 4
    Address: 703119
    Attributes: [2]
Location #159
    Mapping index: 4
    Address: 708676
    Attributes: [2]
Location #160
    Mapping index: 4
    Address: 713221
    Attributes: [2]
Location #161
    Mapping index: 3
    Address: 20676140
    Attributes: [2]
Location #162
    Mapping index: 3
    Address: 20676592
    Attributes: [2]
Location #163
    Mapping index: 3
    Address: 20679663
    Attributes: [2]
Location #164
    Mapping index: 2
    Address: 7772906
    Line #0
        Function index: 27
        Line: 0
        Column: 0
    Attributes: [13]
Location #165
    Mapping index: 2
    Address: 7775178
    Line #0
        Function index: 28
        Line: 0
        Column: 0
    Attributes: [13]
Location #166
    Mapping index: 2
    Address: 7776501
    Line #0
        Function index: 29
        Line: 0
        Column: 0
    Attributes: [13]
Location #167
    Mapping index: 2
    Address: 7777002
    Line #0
        Function index: 30
        Line: 0
        Column: 0
    Attributes: [13]
Location #168
    Mapping index: 2
    Address: 7778573
    Line #0
        Function index: 31
        Line: 0
        Column: 0
    Attributes: [13]
Location #169
    Mapping index: 2
    Address: 7779061
    Line #0
        Function index: 32
        Line: 0
        Column: 0
    Attributes: [13]
Location #170
    Mapping index: 2
    Address: 7779369
    Line #0
        Function index: 33
        Line: 0
        Column: 0
    Attributes: [13]
Location #171
    Mapping index: 2
    Address: 7959195
    Line #0
        Function index: 34
        Line: 0
        Column: 0
    Attributes: [13]
Location #172
    Mapping index: 2
    Address: 7965346
    Line #0
        Function index: 35
        Line: 0
        Column: 0
    Attributes: [13]
Location #173
    Mapping index: 2
    Address: 7971274
    Line #0
        Function index: 36
        Line: 0
        Column: 0
    Attributes: [13]
Location #174
    Mapping index: 2
    Address: 7971650
    Line #0
        Function index: 37
        Line: 0
        Column: 0
    Attributes: [13]
Location #175
    Mapping index: 2
    Address: 7980074
    Line #0
        Function index: 38
        Line: 0
        Column: 0
    Attributes: [13]
Location #176
    Mapping index: 2
    Address: 7836874
    Line #0
        Function index: 39
        Line: 0
        Column: 0
    Attributes: [13]
Location #177
    Mapping index: 2
    Address: 3169500
    Line #0
        Function index: 8
        Line: 0
        Column: 0
    Attributes: [13]
Location #178
    Mapping index: 4
    Address: 1203578
    Attributes: [2]
Location #179
    Mapping index: 4
    Address: 712217
    Attributes: [2]
Location #180
    Mapping index: 3
    Address: 17034265
    Attributes: [2]
Location #181
    Mapping index: 4
    Address: 712151
    Attributes: [2]
Location #182
    Mapping index: 3
    Address: 15514277
    Attributes: [2]
Location #183
    Mapping index: 3
    Address: 15468136
    Attributes: [2]
Location #184
    Mapping index: 3
    Address: 15968283
    Attributes: [2]
Location #185
    Mapping index: 2
    Address: 8746750
    Line #0
        Function index: 40
        Line: 0
        Column: 0
    Attributes: [13]
Location #186
    Mapping index: 2
    Address: 8752846
    Line #0
        Function index: 41
        Line: 0
        Column: 0
    Attributes: [13]
Location #187
    Mapping index: 2
    Address: 8763457
    Line #0
        Function index: 42
        Line: 0
        Column: 0
    Attributes: [13]
Location #188
    Mapping index: 2
    Address: 8766287
    Line #0
        Function index: 43
        Line: 0
        Column: 0
    Attributes: [13]
Location #189
    Mapping index: 2
    Address: 8699329
    Line #0
        Function index: 44
        Line: 0
        Column: 0
    Attributes: [13]
Location #190
    Mapping index: 2
    Address: 8702914
    Line #0
        Function index: 45
        Line: 0
        Column: 0
    Attributes: [13]
Location #191
    Mapping index: 2
    Address: 8703900
    Line #0
        Function index: 46
        Line: 0
        Column: 0
    Attributes: [13]
Location #192
    Mapping index: 2
    Address: 3166946
    Line #0
        Function index: 8
        Line: 0
        Column: 0
    Attributes: [13]
Location #193
    Mapping index: 4
    Address: 1163085
    Attributes: [2]
Location #194
    Mapping index: 3
    Address: 21478196
    Attributes: [2]
Location #195
    Mapping index: 3
    Address: 21448149
    Attributes: [2]
Location #196
    Mapping index: 3
    Address: 21439652
    Attributes: [2]
Location #197
    Mapping index: 3
    Address: 17068310
    Attributes: [2]
Location #198
    Mapping index: 5
    Address: 24028118
    Attributes: [2]
Location #199
    Mapping index: 5
    Address: 24033407
    Attributes: [2]
Location #200
    Mapping index: 5
    Address: 22485721
    Attributes: [2]
Location #201
    Mapping index: 5
    Address: 22491086
    Attributes: [2]
Location #202
    Mapping index: 5
    Address: 22506483
    Attributes: [2]
Location #203
    Mapping index: 5
    Address: 22516348
    Attributes: [2]
Location #204
    Mapping index: 5
    Address: 19480344
    Attributes: [2]
Location #205
    Mapping index: 0
    Address: 0
    Line #0
        Function index: 47
        Line: 0
        Column: 0
    Attributes: [30]
Location #206
    Mapping index: 0
    Address: 0
    Attributes: [30]
Location #207
    Mapping index: 0
    Address: 0
    Line #0
        Function index: 48
        Line: 0
        Column: 0
    Attributes: [30]
Location #208
    Mapping index: 0
    Address: 0
    Line #0
        Function index: 49
        Line: 0
        Column: 0
    Attributes: [30]
Location #209
    Mapping index: 5
    Address: 20423650
    Attributes: [2]
Location #210
    Mapping index: 5
    Address: 20427604
    Attributes: [2]
Location #211
    Mapping index: 5
    Address: 24137666
    Attributes: [2]
Location #212
    Mapping index: 5
    Address: 25643165
    Attributes: [2]
Location #213
    Mapping index: 5
    Address: 23624076
    Attributes: [2]
Location #214
    Mapping index: 5
    Address: 25667457
    Attributes: [2]
Location #215
    Mapping index: 0
    Address: 0
    Line #0
        Function index: 50
        Line: 0
        Column: 0
    Attributes: [30]
Location #216
    Mapping index: 0
    Address: 0
    Line #0
        Function index: 51
        Line: 0
        Column: 0
    Attributes: [30]
Location #217
    Mapping index: 0
    Address: 0
    Line #0
        Function index: 52
        Line: 0
        Column: 0
    Attributes: [30]
Location #218
    Mapping index: 0
    Address: 0
    Line #0
        Function index: 53
        Line: 0
        Column: 0
    Attributes: [30]
Location #219
    Mapping index: 0
    Address: 0
    Line #0
        Function index: 54
        Line: 0
        Column: 0
    Attributes: [30]
Location #220
    Mapping index: 0
    Address: 0
    Line #0
        Function index: 55
        Line: 0
        Column: 0
    Attributes: [30]
Location #221
    Mapping index: 0
    Address: 0
    Line #0
        Function index: 56
        Line: 0
        Column: 0
    Attributes: [30]
Location #222
    Mapping index: 0
    Address: 0
    Line #0
        Function index: 57
        Line: 0
        Column: 0
    Attributes: [30]
Location #223
    Mapping index: 0
    Address: 0
    Line #0
        Function index: 58
        Line: 0
        Column: 0
    Attributes: [30]
Location #224
    Mapping index: 0
    Address: 0
    Line #0
        Function index: 59
        Line: 0
        Column: 0
    Attributes: [30]
Location #225
    Mapping index: 0
    Address: 0
    Line #0
        Function index: 60
        Line: 0
        Column: 0
    Attributes: [30]
Location #226
    Mapping index: 0
    Address: 0
    Line #0
        Function index: 61
        Line: 0
        Column: 0
    Attributes: [30]
Location #227
    Mapping index: 5
    Address: 20424196
    Attributes: [2]
Location #228
    Mapping index: 5
    Address: 20428857
    Attributes: [2]
Location #229
    Mapping index: 5
    Address: 20635384
    Attributes: [2]
Location #230
    Mapping index: 5
    Address: 20636338
    Attributes: [2]
Location #231
    Mapping index: 5
    Address: 15266858
    Attributes: [2]
Location #232
    Mapping index: 5
    Address: 15267424
    Attributes: [2]
Location #233
    Mapping index: 5
    Address: 16024100
    Attributes: [2]
Location #234
    Mapping index: 5
    Address: 15292437
    Attributes: [2]
Location #235
    Mapping index: 5
    Address: 16703983
    Attributes: [2]
Location #236
    Mapping index: 5
    Address: 16023210
    Attributes: [2]
Location #237
    Mapping index: 5
    Address: 15258461
    Attributes: [2]
Location #238
    Mapping index: 5
    Address: 19182185
    Attributes: [2]
Location #239
    Mapping index: 5
    Address: 24676471
    Attributes: [2]
Location #240
    Mapping index: 5
    Address: 24725712
    Attributes: [2]
Location #241
    Mapping index: 5
    Address: 24729545
    Attributes: [2]
Location #242
    Mapping index: 5
    Address: 24666443
    Attributes: [2]
Location #243
    Mapping index: 5
    Address: 24669444
    Attributes: [2]
Location #244
    Mapping index: 5
    Address: 24669866
    Attributes: [2]
Location #245
    Mapping index: 5
    Address: 24742548
    Attributes: [2]
Location #246
    Mapping index: 5
    Address: 24666607
    Attributes: [2]
Location #247
    Mapping index: 5
    Address: 24750349
    Attributes: [2]
Location #248
    Mapping index: 5
    Address: 24751956
    Attributes: [2]
Location #249
    Mapping index: 5
    Address: 24761819
    Attributes: [2]
Location #250
    Mapping index: 5
    Address: 24764184
    Attributes: [2]
Location #251
    Mapping index: 5
    Address: 24765638
    Attributes: [2]
Location #252
    Mapping index: 5
    Address: 24787094
    Attributes: [2]
Location #253
    Mapping index: 5
    Address: 19705047
    Attributes: [2]
Location #254
    Mapping index: 5
    Address: 19706189
    Attributes: [2]
Location #255
    Mapping index: 5
    Address: 19706926
    Attributes: [2]
Location #256
    Mapping index: 5
    Address: 19711212
    Attributes: [2]
Location #257
    Mapping index: 5
    Address: 18997854
    Attributes: [2]
Location #258
    Mapping index: 5
    Address: 18999310
    Attributes: [2]
Location #259
    Mapping index: 5
    Address: 15962226
    Attributes: [2]
Location #260
    Mapping index: 5
    Address: 15978729
    Attributes: [2]
Location #261
    Mapping index: 5
    Address: 19316633
    Attributes: [2]
Location #262
    Mapping index: 5
    Address: 19317481
    Attributes: [2]
Location #263
    Mapping index: 0
    Address: 0
    Line #0
        Function index: 62
        Line: 0
        Column: 0
    Attributes: [30]
Location #264
    Mapping index: 0
    Address: 0
    Line #0
        Function index: 63
        Line: 0
        Column: 0
    Attributes: [30]
Location #265
    Mapping index: 0
    Address: 0
    Line #0
        Function index: 64
        Line: 0
        Column: 0
    Attributes: [30]
Location #266
    Mapping index: 0
    Address: 0
    Line #0
        Function index: 65
        Line: 0
        Column: 0
    Attributes: [30]
Location #267
    Mapping index: 0
    Address: 0
    Line #0
        Function index: 66
        Line: 0
        Column: 0
    Attributes: [30]
Location #268
    Mapping index: 0
    Address: 0
    Line #0
        Function index: 67
        Line: 0
        Column: 0
    Attributes: [30]
Location #269
    Mapping index: 0
    Address: 0
    Line #0
        Function index: 68
        Line: 0
        Column: 0
    Attributes: [30]
Location #270
    Mapping index: 0
    Address: 0
    Line #0
        Function index: 69
        Line: 0
        Column: 0
    Attributes: [30]
Location #271
    Mapping index: 5
    Address: 24972800
    Attributes: [2]
Location #272
    Mapping index: 5
    Address: 24738125
    Attributes: [2]
Location #273
    Mapping index: 5
    Address: 24734643
    Attributes: [2]
Location #274
    Mapping index: 5
    Address: 24735837
    Attributes: [2]
Location #275
    Mapping index: 5
    Address: 24767784
    Attributes: [2]
Location #276
    Mapping index: 5
    Address: 24757080
    Attributes: [2]
Location #277
    Mapping index: 5
    Address: 24759604
    Attributes: [2]
Location #278
    Mapping index: 5
    Address: 24707678
    Attributes: [2]
Location #279
    Mapping index: 5
    Address: 24712748
    Attributes: [2]
Location #280
    Mapping index: 5
    Address: 24715443
    Attributes: [2]
Location #281
    Mapping index: 5
    Address: 24669549
    Attributes: [2]
Location #282
    Mapping index: 0
    Address: 50081711
    Attributes: [2]
Location #283
    Mapping index: 0
    Address: 50081966
    Attributes: [2]
Location #284
    Mapping index: 0
    Address: 51351570
    Attributes: [2]
Location #285
    Mapping index: 0
    Address: 51355082
    Attributes: [2]
Location #286
    Mapping index: 0
    Address: 45213651
    Attributes: [2]
Location #287
    Mapping index: 0
    Address: 45306127
    Attributes: [2]
Location #288
    Mapping index: 0
    Address: 45312831
    Attributes: [2]
Location #289
    Mapping index: 5
    Address: 19660682
    Attributes: [2]
Location #290
    Mapping index: 5
    Address: 19919552
    Attributes: [2]
Location #291
    Mapping index: 5
    Address: 19920478
    Attributes: [2]
Location #292
    Mapping index: 0
    Address: 36980119
    Attributes: [2]
Location #293
    Mapping index: 5
    Address: 16935283
    Attributes: [2]
Location #294
    Mapping index: 4
    Address: 641699
    Attributes: [2]
Location #295
    Mapping index: 4
    Address: 1219691
    Attributes: [2]
Location #296
    Mapping index: 0
    Address: 44161897
    Attributes: [2]
Location #297
    Mapping index: 0
    Address: 44162453
    Attributes: [2]
Location #298
    Mapping index: 0
    Address: 48291810
    Attributes: [2]
Location #299
    Mapping index: 0
    Address: 48270779
    Attributes: [2]
Location #300
    Mapping index: 0
    Address: 48272756
    Attributes: [2]
Location #301
    Mapping index: 0
    Address: 44842141
    Attributes: [2]
Location #302
    Mapping index: 0
    Address: 45283603
    Attributes: [2]
Location #303
    Mapping index: 0
    Address: 45312717
    Attributes: [2]
Location #304
    Mapping index: 2
    Address: 8829671
    Line #0
        Function index: 70
        Line: 0
        Column: 0
    Attributes: [13]
Location #305
    Mapping index: 2
    Address: 8742495
    Line #0
        Function index: 71
        Line: 0
        Column: 0
    Attributes: [13]
Location #306
    Mapping index: 2
    Address: 8759131
    Line #0
        Function index: 72
        Line: 0
        Column: 0
    Attributes: [13]
Location #307
    Mapping index: 2
    Address: 8759932
    Line #0
        Function index: 73
        Line: 0
        Column: 0
    Attributes: [13]
Location #308
    Mapping index: 2
    Address: 8768674
    Line #0
        Function index: 74
        Line: 0
        Column: 0
    Attributes: [13]
Location #309
    Mapping index: 2
    Address: 8769506
    Line #0
        Function index: 75
        Line: 0
        Column: 0
    Attributes: [13]
Location #310
    Mapping index: 2
    Address: 8645642
    Line #0
        Function index: 76
        Line: 0
        Column: 0
    Attributes: [13]
Location #311
    Mapping index: 2
    Address: 8646977
    Line #0
        Function index: 77
        Line: 0
        Column: 0
    Attributes: [13]
Location #312
    Mapping index: 2
    Address: 3169995
    Line #0
        Function index: 8
        Line: 0
        Column: 0
    Attributes: [13]
Location #313
    Mapping index: 4
    Address: 1159700
    Attributes: [2]
Location #314
    Mapping index: 5
    Address: 30445115
    Attributes: [2]
Location #315
    Mapping index: 5
    Address: 30452156
    Attributes: [2]
Location #316
    Mapping index: 5
    Address: 17940623
    Attributes: [2]
Location #317
    Mapping index: 5
    Address: 16783157
    Attributes: [2]
Location #318
    Mapping index: 5
    Address: 16807137
    Attributes: [2]
Location #319
    Mapping index: 0
    Address: 0
    Line #0
        Function index: 78
        Line: 0
        Column: 0
    Attributes: [30]
Location #320
    Mapping index: 0
    Address: 45717169
    Attributes: [2]
Location #321
    Mapping index: 0
    Address: 44833344
    Attributes: [2]
Location #322
    Mapping index: 0
    Address: 44840947
    Attributes: [2]
Location #323
    Mapping index: 0
    Address: 44842008
    Attributes: [2]
Location #324
    Mapping index: 0
    Address: 45717908
    Attributes: [2]
Location #325
    Mapping index: 0
    Address: 45229200
    Attributes: [2]
Location #326
    Mapping index: 0
    Address: 45304855
    Attributes: [2]
Location #327
    Mapping index: 5
    Address: 22241227
    Attributes: [2]
Location #328
    Mapping index: 5
    Address: 22335401
    Attributes: [2]
Location #329
    Mapping index: 5
    Address: 22365956
    Attributes: [2]
Location #330
    Mapping index: 5
    Address: 22410382
    Attributes: [2]
Location #331
    Mapping index: 5
    Address: 22340020
    Attributes: [2]
Location #332
    Mapping index: 5
    Address: 22340322
    Attributes: [2]
Location #333
    Mapping index: 5
    Address: 22338502
    Attributes: [2]
Location #334
    Mapping index: 5
    Address: 22385797
    Attributes: [2]
Location #335
    Mapping index: 5
    Address: 22386866
    Attributes: [2]
Location #336
    Mapping index: 5
    Address: 22446742
    Attributes: [2]
Location #337
    Mapping index: 5
    Address: 19657950
    Attributes: [2]
Location #338
    Mapping index: 5
    Address: 19658359
    Attributes: [2]
Location #339
    Mapping index: 5
    Address: 19703069
    Attributes: [2]
Location #340
    Mapping index: 5
    Address: 19718485
    Attributes: [2]
Location #341
    Mapping index: 5
    Address: 19720193
    Attributes: [2]
Location #342
    Mapping index: 5
    Address: 25576878
    Attributes: [2]
Location #343
    Mapping index: 0
    Address: 0
    Line #0
        Function index: 79
        Line: 0
        Column: 0
    Attributes: [30]
Location #344
    Mapping index: 5
    Address: 20427421
    Attributes: [2]
Location #345
    Mapping index: 5
    Address: 20428609
    Attributes: [2]
Location #346
    Mapping index: 5
    Address: 24368411
    Attributes: [2]
Location #347
    Mapping index: 5
    Address: 24369939
    Attributes: [2]
Location #348
    Mapping index: 5
    Address: 24368961
    Attributes: [2]
Location #349
    Mapping index: 5
    Address: 24370492
    Attributes: [2]
Location #350
    Mapping index: 5
    Address: 18995569
    Attributes: [2]
Location #351
    Mapping index: 5
    Address: 15983390
    Attributes: [2]
Location #352
    Mapping index: 0
    Address: 0
    Line #0
        Function index: 80
        Line: 0
        Column: 0
    Attributes: [30]
Location #353
    Mapping index: 5
    Address: 24448545
    Attributes: [2]
Location #354
    Mapping index: 5
    Address: 24449160
    Attributes: [2]
Location #355
    Mapping index: 5
    Address: 24449597
    Attributes: [2]
Location #356
    Mapping index: 5
    Address: 19068561
    Attributes: [2]
Location #357
    Mapping index: 5
    Address: 17935417
    Attributes: [2]
Location #358
    Mapping index: 5
    Address: 16465108
    Attributes: [2]
Location #359
    Mapping index: 0
    Address: 0
    Line #0
        Function index: 81
        Line: 0
        Column: 0
    Attributes: [30]
Location #360
    Mapping index: 0
    Address: 0
    Line #0
        Function index: 82
        Line: 82
        Column: 0
    Attributes: [30]
Location #361
    Mapping index: 0
    Address: 44833122
    Attributes: [2]
Location #362
    Mapping index: 0
    Address: 45185518
    Attributes: [2]
Location #363
    Mapping index: 0
    Address: 45305512
    Attributes: [2]
Location #364
    Mapping index: 0
    Address: 47195036
    Attributes: [2]
Location #365
    Mapping index: 0
    Address: 47183570
    Attributes: [2]
Location #366
    Mapping index: 0
    Address: 47187943
    Attributes: [2]
Location #367
    Mapping index: 0
    Address: 45238213
    Attributes: [2]
Location #368
    Mapping index: 0
    Address: 45312860
    Attributes: [2]
Location #369
    Mapping index: 0
    Address: 45379028
    Attributes: [2]
Location #370
    Mapping index: 0
    Address: 45399841
    Attributes: [2]
Location #371
    Mapping index: 0
    Address: 45401676
    Attributes: [2]
Location #372
    Mapping index: 0
    Address: 45235647
    Attributes: [2]
Location #373
    Mapping index: 0
    Address: 45305817
    Attributes: [2]
Location #374
    Mapping index: 0
    Address: 47511730
    Attributes: [2]
Location #375
    Mapping index: 0
    Address: 45255031
    Attributes: [2]
Location #376
    Mapping index: 0
    Address: 45256993
    Attributes: [2]
Location #377
    Mapping index: 0
    Address: 45306360
    Attributes: [2]
Location #378
    Mapping index: 5
    Address: 22420617
    Attributes: [2]
Location #379
    Mapping index: 5
    Address: 22223001
    Attributes: [2]
Location #380
    Mapping index: 5
    Address: 22311514
    Attributes: [2]
Location #381
    Mapping index: 5
    Address: 22398658
    Attributes: [2]
Location #382
    Mapping index: 5
    Address: 22368296
    Attributes: [2]
Location #383
    Mapping index: 5
    Address: 22368511
    Attributes: [2]
Location #384
    Mapping index: 5
    Address: 19704123
    Attributes: [2]
Location #385
    Mapping index: 5
    Address: 23613014
    Attributes: [2]
Location #386
    Mapping index: 5
    Address: 22015975
    Attributes: [2]
Location #387
    Mapping index: 0
    Address: 0
    Line #0
        Function index: 83
        Line: 0
        Column: 0
    Attributes: [30]
Location #388
    Mapping index: 0
    Address: 0
    Line #0
        Function index: 84
        Line: 0
        Column: 0
    Attributes: [30]
Location #389
    Mapping index: 4
    Address: 1608422
    Attributes: [2]
Location #390
    Mapping index: 0
    Address: 50719104
    Attributes: [2]
Location #391
    Mapping index: 0
    Address: 50720155
    Attributes: [2]
Location #392
    Mapping index: 0
    Address: 50857690
    Attributes: [2]
Location #393
    Mapping index: 0
    Address: 50862603
    Attributes: [2]
Location #394
    Mapping index: 0
    Address: 50870825
    Attributes: [2]
Location #395
    Mapping index: 0
    Address: 45212371
    Attributes: [2]
Location #396
    Mapping index: 0
    Address: 45306080
    Attributes: [2]
Location #397
    Mapping index: 0
    Address: 47892043
    Attributes: [2]
Location #398
    Mapping index: 0
    Address: 47896936
    Attributes: [2]
Location #399
    Mapping index: 0
    Address: 47910664
    Attributes: [2]
Location #400
    Mapping index: 0
    Address: 47915092
    Attributes: [2]
Location #401
    Mapping index: 0
    Address: 45309672
    Attributes: [2]
Location #402
    Mapping index: 0
    Address: 0
    Line #0
        Function index: 85
        Line: 721
        Column: 0
    Attributes: [30]
Location #403
    Mapping index: 0
    Address: 0
    Line #0
        Function index: 86
        Line: 752
        Column: 0
    Attributes: [30]
Location #404
    Mapping index: 0
    Address: 0
    Line #0
        Function index: 87
        Line: 714
        Column: 0
    Attributes: [30]
Location #405
    Mapping index: 0
    Address: 0
    Line #0
        Function index: 88
        Line: 1
        Column: 10
    Attributes: [30]
Location #406
    Mapping index: 0
    Address: 0
    Line #0
        Function index: 89
        Line: 1386
        Column: 1073689790
    Attributes: [30]
Location #407
    Mapping index: 0
    Address: 0
    Line #0
        Function index: 90
        Line: 242
        Column: 0
    Attributes: [30]
Location #408
    Mapping index: 0
    Address: 0
    Line #0
        Function index: 91
        Line: 0
        Column: 0
    Attributes: [30]
Location #409
    Mapping index: 0
    Address: 0
    Line #0
        Function index: 92
        Line: 5
        Column: 0
    Attributes: [30]
Location #410
    Mapping index: 0
    Address: 0
    Line #0
        Function index: 93
        Line: 13
        Column: 0
    Attributes: [30]
Location #411
    Mapping index: 0
    Address: 0
    Line #0
        Function index: 94
        Line: 23
        Column: 0
    Attributes: [30]
Location #412
    Mapping index: 0
    Address: 0
    Line #0
        Function index: 95
        Line: 1
        Column: 49
    Attributes: [30]
Location #413
    Mapping index: 0
    Address: 0
    Line #0
        Function index: 96
        Line: 297
        Column: 0
    Attributes: [30]
Location #414
    Mapping index: 0
    Address: 0
    Line #0
        Function index: 97
        Line: 736
        Column: 0
    Attributes: [30]
Location #415
    Mapping index: 0
    Address: 0
    Line #0
        Function index: 98
        Line: 1049
        Column: 0
    Attributes: [30]
Location #416
    Mapping index: 0
    Address: 0
    Line #0
        Function index: 99
        Line: 1069
        Column: 0
    Attributes: [30]
Location #417
    Mapping index: 0
    Address: 0
    Line #0
        Function index: 100
        Line: 1224
        Column: 0
    Attributes: [30]
Location #418
    Mapping index: 0
    Address: 0
    Line #0
        Function index: 101
        Line: 1282
        Column: 0
    Attributes: [30]
Location #419
    Mapping index: 0
    Address: 0
    Line #0
        Function index: 102
        Line: 448
        Column: 0
    Attributes: [30]
Location #420
    Mapping index: 0
    Address: 0
    Line #0
        Function index: 103
        Line: 591
        Column: 0
    Attributes: [30]
Location #421
    Mapping index: 0
    Address: 0
    Line #0
        Function index: 104
        Line: 540
        Column: 0
    Attributes: [30]
Location #422
    Mapping index: 0
    Address: 0
    Line #0
        Function index: 105
        Line: 202
        Column: 0
    Attributes: [30]
Location #423
    Mapping index: 0
    Address: 0
    Line #0
        Function index: 106
        Line: 517
        Column: 0
    Attributes: [30]
Location #424
    Mapping index: 0
    Address: 0
    Line #0
        Function index: 107
        Line: 568
        Column: 0
    Attributes: [30]
Location #425
    Mapping index: 0
    Address: 0
    Line #0
        Function index: 108
        Line: 0
        Column: 0
    Attributes: [30]
Location #426
    Mapping index: 0
    Address: 0
    Line #0
        Function index: 109
        Line: 0
        Column: 0
    Attributes: [30]
Location #427
    Mapping index: 0
    Address: 0
    Line #0
        Function index: 110
        Line: 0
        Column: 0
    Attributes: [30]
Location #428
    Mapping index: 0
    Address: 0
    Line #0
        Function index: 111
        Line: 0
        Column: 0
    Attributes: [30]
Location #429
    Mapping index: 0
    Address: 0
    Line #0
        Function index: 112
        Line: 0
        Column: 0
    Attributes: [30]
Location #430
    Mapping index: 5
    Address: 30145568
    Attributes: [2]
Location #431
    Mapping index: 5
    Address: 30123269
    Attributes: [2]
Location #432
    Mapping index: 5
    Address: 30109546
    Attributes: [2]
Location #433
    Mapping index: 5
    Address: 30109846
    Attributes: [2]
Location #434
    Mapping index: 5
    Address: 22762332
    Attributes: [2]
Location #435
    Mapping index: 6
    Address: 26051244
    Attributes: [2]
Location #436
    Mapping index: 6
    Address: 22426149
    Attributes: [2]
Location #437
    Mapping index: 6
    Address: 12999004
    Attributes: [2]
Location #438
    Mapping index: 6
    Address: 13000887
    Attributes: [2]
Location #439
    Mapping index: 6
    Address: 12300096
    Attributes: [2]
Location #440
    Mapping index: 6
    Address: 12477842
    Attributes: [2]
Location #441
    Mapping index: 6
    Address: 12473371
    Attributes: [2]
Location #442
    Mapping index: 6
    Address: 12449405
    Attributes: [2]
Location #443
    Mapping index: 6
    Address: 12446923
    Attributes: [2]
Location #444
    Mapping index: 6
    Address: 12446449
    Attributes: [2]
Location #445
    Mapping index: 6
    Address: 12849720
    Attributes: [2]
Location #446
    Mapping index: 6
    Address: 12842096
    Attributes: [2]
Location #447
    Mapping index: 6
    Address: 12840443
    Attributes: [2]
Location #448
    Mapping index: 6
    Address: 12852079
    Attributes: [2]
Location #449
    Mapping index: 6
    Address: 12845362
    Attributes: [2]
Location #450
    Mapping index: 6
    Address: 12876449
    Attributes: [2]
Location #451
    Mapping index: 6
    Address: 12845390
    Attributes: [2]
Location #452
    Mapping index: 6
    Address: 12857791
    Attributes: [2]
Location #453
    Mapping index: 6
    Address: 12843974
    Attributes: [2]
Location #454
    Mapping index: 6
    Address: 12855151
    Attributes: [2]
Location #455
    Mapping index: 6
    Address: 12846621
    Attributes: [2]
Location #456
    Mapping index: 6
    Address: 12855966
    Attributes: [2]
Location #457
    Mapping index: 6
    Address: 12859166
    Attributes: [2]
Location #458
    Mapping index: 6
    Address: 12846634
    Attributes: [2]
Location #459
    Mapping index: 6
    Address: 12849071
    Attributes: [2]
Location #460
    Mapping index: 6
    Address: 12842514
    Attributes: [2]
Location #461
    Mapping index: 6
    Address: 12880758
    Attributes: [2]
Location #462
    Mapping index: 6
    Address: 12992710
    Attributes: [2]
Location #463
    Mapping index: 6
    Address: 12243616
    Attributes: [2]
Location #464
    Mapping index: 6
    Address: 12988542
    Attributes: [2]
Location #465
    Mapping index: 6
    Address: 12986936
    Attributes: [2]
Location #466
    Mapping index: 6
    Address: 12983396
    Attributes: [2]
Location #467
    Mapping index: 6
    Address: 12975994
    Attributes: [2]
Location #468
    Mapping index: 6
    Address: 12153981
    Attributes: [2]
Location #469
    Mapping index: 6
    Address: 44066347
    Attributes: [2]
Location #470
    Mapping index: 6
    Address: 43528371
    Attributes: [2]
Location #471
    Mapping index: 6
    Address: 44574268
    Attributes: [2]
Location #472
    Mapping index: 7
    Address: 82989
    Attributes: [2]
Location #473
    Mapping index: 7
    Address: 71827
    Attributes: [2]
Location #474
    Mapping index: 6
    Address: 40057201
    Attributes: [2]
Location #475
    Mapping index: 8
    Address: 13565814
    Attributes: [2]
Location #476
    Mapping index: 6
    Address: 40055350
    Attributes: [2]
Location #477
    Mapping index: 6
    Address: 39826711
    Attributes: [2]
Location #478
    Mapping index: 8
    Address: 15543927
    Attributes: [2]
Location #479
    Mapping index: 8
    Address: 27290885
    Attributes: [2]
Location #480
    Mapping index: 8
    Address: 27281197
    Attributes: [2]
Location #481
    Mapping index: 8
    Address: 27271210
    Attributes: [2]
Location #482
    Mapping index: 8
    Address: 27262969
    Attributes: [2]
Location #483
    Mapping index: 8
    Address: 31179928
    Attributes: [2]
Location #484
    Mapping index: 8
    Address: 31175437
    Attributes: [2]
Location #485
    Mapping index: 8
    Address: 66351253
    Attributes: [2]
Location #486
    Mapping index: 8
    Address: 15922512
    Attributes: [2]
Location #487
    Mapping index: 8
    Address: 48840117
    Attributes: [2]
Location #488
    Mapping index: 8
    Address: 15936815
    Attributes: [2]
Location #489
    Mapping index: 8
    Address: 48839589
    Attributes: [2]
Location #490
    Mapping index: 8
    Address: 15917664
    Attributes: [2]
Location #491
    Mapping index: 6
    Address: 29488527
    Attributes: [2]
Location #492
    Mapping index: 6
    Address: 29454066
    Attributes: [2]
Location #493
    Mapping index: 6
    Address: 33159686
    Attributes: [2]
Location #494
    Mapping index: 6
    Address: 12153813
    Attributes: [2]
Location #495
    Mapping index: 6
    Address: 39827326
    Attributes: [2]
Location #496
    Mapping index: 6
    Address: 39943199
    Attributes: [2]
Location #497
    Mapping index: 7
    Address: 70123
    Attributes: [2]
Location #498
    Mapping index: 7
    Address: 123778
    Attributes: [2]
Location #499
    Mapping index: 7
    Address: 57940
    Attributes: [2]
Location #500
    Mapping index: 6
    Address: 10881170
    Attributes: [2]
Location #501
    Mapping index: 6
    Address: 10884014
    Attributes: [2]
Location #502
    Mapping index: 6
    Address: 27251738
    Attributes: [2]
Location #503
    Mapping index: 6
    Address: 25240794
    Attributes: [2]
Location #504
    Mapping index: 6
    Address: 27251010
    Attributes: [2]
Location #505
    Mapping index: 6
    Address: 26051101
    Attributes: [2]
Location #506
    Mapping index: 6
    Address: 22435987
    Attributes: [2]
Location #507
    Mapping index: 6
    Address: 12997652
    Attributes: [2]
Location #508
    Mapping index: 6
    Address: 12841560
    Attributes: [2]
Location #509
    Mapping index: 8
    Address: 13754940
    Attributes: [2]
Location #510
    Mapping index: 6
    Address: 15329799
    Attributes: [2]
Location #511
    Mapping index: 6
    Address: 15329356
    Attributes: [2]
Location #512
    Mapping index: 6
    Address: 21671382
    Attributes: [2]
Location #513
    Mapping index: 6
    Address: 21657934
    Attributes: [2]
Location #514
    Mapping index: 6
    Address: 21608286
    Attributes: [2]
Location #515
    Mapping index: 6
    Address: 21717296
    Attributes: [2]
Location #516
    Mapping index: 6
    Address: 21716892
    Attributes: [2]
Location #517
    Mapping index: 6
    Address: 21608232
    Attributes: [2]
Location #518
    Mapping index: 6
    Address: 21609817
    Attributes: [2]
Location #519
    Mapping index: 6
    Address: 21618928
    Attributes: [2]
Location #520
    Mapping index: 6
    Address: 25240858
    Attributes: [2]
Location #521
    Mapping index: 6
    Address: 11857525
    Attributes: [2]
Location #522
    Mapping index: 6
    Address: 12121580
    Attributes: [2]
Location #523
    Mapping index: 6
    Address: 12191095
    Attributes: [2]
Location #524
    Mapping index: 6
    Address: 12192055
    Attributes: [2]
Location #525
    Mapping index: 6
    Address: 12481932
    Attributes: [2]
Location #526
    Mapping index: 6
    Address: 12446755
    Attributes: [2]
Location #527
    Mapping index: 6
    Address: 12251385
    Attributes: [2]
Location #528
    Mapping index: 6
    Address: 12240145
    Attributes: [2]
Location #529
    Mapping index: 6
    Address: 12237396
    Attributes: [2]
Location #530
    Mapping index: 6
    Address: 12236187
    Attributes: [2]
Location #531
    Mapping index: 6
    Address: 12843229
    Attributes: [2]
Location #532
    Mapping index: 6
    Address: 13122622
    Attributes: [2]
Location #533
    Mapping index: 6
    Address: 23959889
    Attributes: [2]
Location #534
    Mapping index: 6
    Address: 27266289
    Attributes: [2]
Location #535
    Mapping index: 6
    Address: 24240899
    Attributes: [2]
Location #536
    Mapping index: 6
    Address: 12878783
    Attributes: [2]
Location #537
    Mapping index: 6
    Address: 12857198
    Attributes: [2]
Location #538
    Mapping index: 8
    Address: 27280506
    Attributes: [2]
Location #539
    Mapping index: 8
    Address: 27290852
    Attributes: [2]
Location #540
    Mapping index: 6
    Address: 18164567
    Attributes: [2]
Location #541
    Mapping index: 6
    Address: 18169589
    Attributes: [2]
Location #542
    Mapping index: 6
    Address: 21414774
    Attributes: [2]
Location #543
    Mapping index: 6
    Address: 24095034
    Attributes: [2]
Location #544
    Mapping index: 6
    Address: 12482151
    Attributes: [2]
Location #545
    Mapping index: 6
    Address: 15330752
    Attributes: [2]
Location #546
    Mapping index: 6
    Address: 24142996
    Attributes: [2]
Location #547
    Mapping index: 6
    Address: 24142310
    Attributes: [2]
Location #548
    Mapping index: 6
    Address: 24051101
    Attributes: [2]
Location #549
    Mapping index: 6
    Address: 24181660
    Attributes: [2]
Location #550
    Mapping index: 6
    Address: 23974377
    Attributes: [2]
Location #551
    Mapping index: 6
    Address: 12451436
    Attributes: [2]
Location #552
    Mapping index: 6
    Address: 12450925
    Attributes: [2]
Location #553
    Mapping index: 6
    Address: 12853539
    Attributes: [2]
Location #554
    Mapping index: 6
    Address: 12478534
    Attributes: [2]
Location #555
    Mapping index: 6
    Address: 10881472
    Attributes: [2]
Location #556
    Mapping index: 6
    Address: 10867165
    Attributes: [2]
Location #557
    Mapping index: 6
    Address: 10888869
    Attributes: [2]
Location #558
    Mapping index: 6
    Address: 22448702
    Attributes: [2]
Location #559
    Mapping index: 6
    Address: 22448380
    Attributes: [2]
Location #560
    Mapping index: 6
    Address: 22531575
    Attributes: [2]
Location #561
    Mapping index: 6
    Address: 22528699
    Attributes: [2]
Location #562
    Mapping index: 6
    Address: 12247618
    Attributes: [2]
Location #563
    Mapping index: 6
    Address: 20864768
    Attributes: [2]
Location #564
    Mapping index: 6
    Address: 12254785
    Attributes: [2]
Location #565
    Mapping index: 6
    Address: 12252634
    Attributes: [2]
Location #566
    Mapping index: 6
    Address: 12480459
    Attributes: [2]
Location #567
    Mapping index: 6
    Address: 10881451
    Attributes: [2]
Location #568
    Mapping index: 6
    Address: 10881659
    Attributes: [2]
Location #569
    Mapping index: 6
    Address: 10662868
    Attributes: [2]
Location #570
    Mapping index: 6
    Address: 21665519
    Attributes: [2]
Location #571
    Mapping index: 6
    Address: 21657625
    Attributes: [2]
Location #572
    Mapping index: 6
    Address: 34523424
    Attributes: [2]
Location #573
    Mapping index: 6
    Address: 34562795
    Attributes: [2]
Location #574
    Mapping index: 6
    Address: 34525832
    Attributes: [2]
Location #575
    Mapping index: 6
    Address: 34529070
    Attributes: [2]
Location #576
    Mapping index: 6
    Address: 34530030
    Attributes: [2]
Location #577
    Mapping index: 6
    Address: 34530968
    Attributes: [2]
Location #578
    Mapping index: 6
    Address: 34552201
    Attributes: [2]
Location #579
    Mapping index: 6
    Address: 34530910
    Attributes: [2]
Location #580
    Mapping index: 6
    Address: 34542007
    Attributes: [2]
Location #581
    Mapping index: 6
    Address: 34538245
    Attributes: [2]
Location #582
    Mapping index: 6
    Address: 34541840
    Attributes: [2]
Location #583
    Mapping index: 6
    Address: 34543475
    Attributes: [2]
Location #584
    Mapping index: 6
    Address: 34500859
    Attributes: [2]
Location #585
    Mapping index: 6
    Address: 34328029
    Attributes: [2]
Location #586
    Mapping index: 6
    Address: 20281145
    Attributes: [2]
Location #587
    Mapping index: 6
    Address: 20924482
    Attributes: [2]
Location #588
    Mapping index: 6
    Address: 22667700
    Attributes: [2]
Location #589
    Mapping index: 6
    Address: 12880861
    Attributes: [2]
Location #590
    Mapping index: 2
    Address: 4005048
    Line #0
        Function index: 22
        Line: 0
        Column: 0
    Attributes: [13]
Location #591
    Mapping index: 4
    Address: 1611082
    Attributes: [2]
Location #592
    Mapping index: 6
    Address: 34628230
    Attributes: [2]
Location #593
    Mapping index: 6
    Address: 34627776
    Attributes: [2]
Location #594
    Mapping index: 6
    Address: 20281413
    Attributes: [2]
Location #595
    Mapping index: 6
    Address: 13025976
    Attributes: [2]
Location #596
    Mapping index: 6
    Address: 15717376
    Attributes: [2]
Location #597
    Mapping index: 6
    Address: 15706574
    Attributes: [2]
Location #598
    Mapping index: 6
    Address: 15356553
    Attributes: [2]
Location #599
    Mapping index: 6
    Address: 15346574
    Attributes: [2]
Location #600
    Mapping index: 6
    Address: 15331579
    Attributes: [2]
Location #601
    Mapping index: 6
    Address: 15331321
    Attributes: [2]
Location #602
    Mapping index: 6
    Address: 33225087
    Attributes: [2]
Location #603
    Mapping index: 6
    Address: 33224884
    Attributes: [2]
Location #604
    Mapping index: 6
    Address: 31847286
    Attributes: [2]
Location #605
    Mapping index: 6
    Address: 31747072
    Attributes: [2]
Location #606
    Mapping index: 6
    Address: 31298069
    Attributes: [2]
Location #607
    Mapping index: 6
    Address: 31308892
    Attributes: [2]
Location #608
    Mapping index: 6
    Address: 31290785
    Attributes: [2]
Location #609
    Mapping index: 6
    Address: 31289746
    Attributes: [2]
Location #610
    Mapping index: 6
    Address: 32811994
    Attributes: [2]
Location #611
    Mapping index: 6
    Address: 32809074
    Attributes: [2]
Location #612
    Mapping index: 6
    Address: 32811472
    Attributes: [2]
Location #613
    Mapping index: 6
    Address: 32818003
    Attributes: [2]
Location #614
    Mapping index: 6
    Address: 32810000
    Attributes: [2]
Location #615
    Mapping index: 6
    Address: 32811934
    Attributes: [2]
Location #616
    Mapping index: 6
    Address: 32855947
    Attributes: [2]
Location #617
    Mapping index: 6
    Address: 33219907
    Attributes: [2]
Location #618
    Mapping index: 6
    Address: 33222747
    Attributes: [2]
Location #619
    Mapping index: 6
    Address: 33360877
    Attributes: [2]
Location #620
    Mapping index: 6
    Address: 33333387
    Attributes: [2]
Location #621
    Mapping index: 6
    Address: 33349508
    Attributes: [2]
Location #622
    Mapping index: 6
    Address: 33328612
    Attributes: [2]
Location #623
    Mapping index: 6
    Address: 33987563
    Attributes: [2]
Location #624
    Mapping index: 6
    Address: 33157180
    Attributes: [2]
Location #625
    Mapping index: 6
    Address: 12154008
    Attributes: [2]
Location #626
    Mapping index: 6
    Address: 12144563
    Attributes: [2]
Location #627
    Mapping index: 6
    Address: 12141526
    Attributes: [2]
Location #628
    Mapping index: 6
    Address: 11964877
    Attributes: [2]
Location #629
    Mapping index: 6
    Address: 11992027
    Attributes: [2]
Location #630
    Mapping index: 6
    Address: 12120515
    Attributes: [2]
Location #631
    Mapping index: 6
    Address: 12875132
    Attributes: [2]
Location #632
    Mapping index: 6
    Address: 24535178
    Attributes: [2]
Location #633
    Mapping index: 6
    Address: 24234593
    Attributes: [2]
Location #634
    Mapping index: 6
    Address: 24236339
    Attributes: [2]
Location #635
    Mapping index: 6
    Address: 23992209
    Attributes: [2]
Location #636
    Mapping index: 6
    Address: 23990549
    Attributes: [2]
Location #637
    Mapping index: 6
    Address: 23990276
    Attributes: [2]
Location #638
    Mapping index: 6
    Address: 24007483
    Attributes: [2]
Location #639
    Mapping index: 6
    Address: 23999947
    Attributes: [2]
Location #640
    Mapping index: 6
    Address: 23965947
    Attributes: [2]
Location #641
    Mapping index: 6
    Address: 12476403
    Attributes: [2]
Location #642
    Mapping index: 6
    Address: 12496793
    Attributes: [2]
Location #643
    Mapping index: 6
    Address: 12458390
    Attributes: [2]
Location #644
    Mapping index: 6
    Address: 12472775
    Attributes: [2]
Location #645
    Mapping index: 6
    Address: 17663344
    Attributes: [2]
Location #646
    Mapping index: 6
    Address: 21609927
    Attributes: [2]
Location #647
    Mapping index: 6
    Address: 27255811
    Attributes: [2]
Location #648
    Mapping index: 6
    Address: 12461182
    Attributes: [2]
Location #649
    Mapping index: 6
    Address: 12850623
    Attributes: [2]
Location #650
    Mapping index: 6
    Address: 15245325
    Attributes: [2]
Location #651
    Mapping index: 6
    Address: 21609755
    Attributes: [2]
Location #652
    Mapping index: 6
    Address: 21608838
    Attributes: [2]
Location #653
    Mapping index: 6
    Address: 21716830
    Attributes: [2]
Location #654
    Mapping index: 6
    Address: 21716922
    Attributes: [2]
Location #655
    Mapping index: 6
    Address: 22628379
    Attributes: [2]
Location #656
    Mapping index: 6
    Address: 12251062
    Attributes: [2]
Location #657
    Mapping index: 6
    Address: 10635135
    Attributes: [2]
Location #658
    Mapping index: 6
    Address: 10635383
    Attributes: [2]
Location #659
    Mapping index: 6
    Address: 10635862
    Attributes: [2]
Location #660
    Mapping index: 6
    Address: 10662480
    Attributes: [2]
Location #661
    Mapping index: 6
    Address: 27279620
    Attributes: [2]
Location #662
    Mapping index: 6
    Address: 24165991
    Attributes: [2]
Location #663
    Mapping index: 6
    Address: 24162369
    Attributes: [2]
Location #664
    Mapping index: 6
    Address: 24051792
    Attributes: [2]
Location #665
    Mapping index: 6
    Address: 17663258
    Attributes: [2]
Location #666
    Mapping index: 6
    Address: 34557146
    Attributes: [2]
Location #667
    Mapping index: 6
    Address: 34530809
    Attributes: [2]
Location #668
    Mapping index: 6
    Address: 34551567
    Attributes: [2]
Location #669
    Mapping index: 6
    Address: 34582638
    Attributes: [2]
Location #670
    Mapping index: 8
    Address: 27277264
    Attributes: [2]
Location #671
    Mapping index: 4
    Address: 710628
    Attributes: [2]
Location #672
    Mapping index: 9
    Address: 801283
    Attributes: [2]
Location #673
    Mapping index: 8
    Address: 13305389
    Attributes: [2]
Location #674
    Mapping index: 8
    Address: 29289033
    Attributes: [2]
Location #675
    Mapping index: 8
    Address: 29278158
    Attributes: [2]
Location #676
    Mapping index: 8
    Address: 29280885
    Attributes: [2]
Location #677
    Mapping index: 8
    Address: 28734157
    Attributes: [2]
Location #678
    Mapping index: 8
    Address: 28741873
    Attributes: [2]
Location #679
    Mapping index: 8
    Address: 28740618
    Attributes: [2]
Location #680
    Mapping index: 6
    Address: 29517077
    Attributes: [2]
Location #681
    Mapping index: 8
    Address: 26861605
    Attributes: [2]
Location #682
    Mapping index: 8
    Address: 28733371
    Attributes: [2]
Location #683
    Mapping index: 8
    Address: 35279959
    Attributes: [2]
Location #684
    Mapping index: 8
    Address: 48847013
    Attributes: [2]
Location #685
    Mapping index: 8
    Address: 35267938
    Attributes: [2]
Location #686
    Mapping index: 8
    Address: 32603797
    Attributes: [2]
Location #687
    Mapping index: 8
    Address: 35275318
    Attributes: [2]
Location #688
    Mapping index: 8
    Address: 32605477
    Attributes: [2]
Location #689
    Mapping index: 8
    Address: 35273024
    Attributes: [2]
Location #690
    Mapping index: 8
    Address: 32604949
    Attributes: [2]
Location #691
    Mapping index: 8
    Address: 32593227
    Attributes: [2]
Location #692
    Mapping index: 8
    Address: 66211733
    Attributes: [2]
Location #693
    Mapping index: 6
    Address: 12449292
    Attributes: [2]
Location #694
    Mapping index: 2
    Address: 7805892
    Line #0
        Function index: 113
        Line: 0
        Column: 0
    Attributes: [13]
Location #695
    Mapping index: 2
    Address: 7806887
    Line #0
        Function index: 18
        Line: 0
        Column: 0
    Attributes: [13]
Location #696
    Mapping index: 2
    Address: 4005607
    Line #0
        Function index: 22
        Line: 0
        Column: 0
    Attributes: [13]
Location #697
    Mapping index: 6
    Address: 24061013
    Attributes: [2]
Location #698
    Mapping index: 6
    Address: 12451325
    Attributes: [2]
Location #699
    Mapping index: 6
    Address: 12497486
    Attributes: [2]
Location #700
    Mapping index: 6
    Address: 12479026
    Attributes: [2]
Location #701
    Mapping index: 6
    Address: 12453172
    Attributes: [2]
Location #702
    Mapping index: 6
    Address: 12482091
    Attributes: [2]
Location #703
    Mapping index: 6
    Address: 12479832
    Attributes: [2]
Location #704
    Mapping index: 6
    Address: 18086734
    Attributes: [2]
Location #705
    Mapping index: 6
    Address: 13114206
    Attributes: [2]
Location #706
    Mapping index: 6
    Address: 22633942
    Attributes: [2]
Location #707
    Mapping index: 6
    Address: 22629413
    Attributes: [2]
Location #708
    Mapping index: 6
    Address: 24236236
    Attributes: [2]
Location #709
    Mapping index: 6
    Address: 12878660
    Attributes: [2]
Location #710
    Mapping index: 6
    Address: 12854687
    Attributes: [2]
Location #711
    Mapping index: 6
    Address: 17663330
    Attributes: [2]
Location #712
    Mapping index: 6
    Address: 34628477
    Attributes: [2]
Location #713
    Mapping index: 6
    Address: 34323887
    Attributes: [2]
Location #714
    Mapping index: 6
    Address: 34324385
    Attributes: [2]
Location #715
    Mapping index: 6
    Address: 34323732
    Attributes: [2]
Location #716
    Mapping index: 6
    Address: 33222027
    Attributes: [2]
Location #717
    Mapping index: 6
    Address: 21730059
    Attributes: [2]
Location #718
    Mapping index: 6
    Address: 21732328
    Attributes: [2]
Location #719
    Mapping index: 6
    Address: 21731684
    Attributes: [2]
Location #720
    Mapping index: 6
    Address: 21722049
    Attributes: [2]
Location #721
    Mapping index: 6
    Address: 21618574
    Attributes: [2]
Location #722
    Mapping index: 6
    Address: 21618817
    Attributes: [2]
Location #723
    Mapping index: 6
    Address: 12864911
    Attributes: [2]
Location #724
    Mapping index: 6
    Address: 12844675
    Attributes: [2]
Location #725
    Mapping index: 6
    Address: 17690362
    Attributes: [2]
Location #726
    Mapping index: 6
    Address: 27256386
    Attributes: [2]
Location #727
    Mapping index: 6
    Address: 12851822
    Attributes: [2]
Location #728
    Mapping index: 6
    Address: 21432185
    Attributes: [2]
Location #729
    Mapping index: 6
    Address: 21420344
    Attributes: [2]
Location #730
    Mapping index: 6
    Address: 24142802
    Attributes: [2]
Location #731
    Mapping index: 6
    Address: 24139848
    Attributes: [2]
Location #732
    Mapping index: 6
    Address: 34498557
    Attributes: [2]
Location #733
    Mapping index: 6
    Address: 34498120
    Attributes: [2]
Location #734
    Mapping index: 6
    Address: 34582442
    Attributes: [2]
Location #735
    Mapping index: 6
    Address: 34539295
    Attributes: [2]
Location #736
    Mapping index: 8
    Address: 15296820
    Attributes: [2]
Location #737
    Mapping index: 8
    Address: 15255566
    Attributes: [2]
Location #738
    Mapping index: 8
    Address: 15276457
    Attributes: [2]
Location #739
    Mapping index: 8
    Address: 26282164
    Attributes: [2]
Location #740
    Mapping index: 8
    Address: 15932129
    Attributes: [2]
Location #741
    Mapping index: 8
    Address: 33412361
    Attributes: [2]
Location #742
    Mapping index: 8
    Address: 33406528
    Attributes: [2]
Location #743
    Mapping index: 8
    Address: 66251061
    Attributes: [2]
Location #744
    Mapping index: 6
    Address: 18109127
    Attributes: [2]
Location #745
    Mapping index: 6
    Address: 20920835
    Attributes: [2]
Location #746
    Mapping index: 6
    Address: 20917542
    Attributes: [2]
Location #747
    Mapping index: 6
    Address: 23950596
    Attributes: [2]
Location #748
    Mapping index: 6
    Address: 24006589
    Attributes: [2]
Location #749
    Mapping index: 6
    Address: 20629986
    Attributes: [2]
Location #750
    Mapping index: 6
    Address: 20634453
    Attributes: [2]
Location #751
    Mapping index: 6
    Address: 20626859
    Attributes: [2]
Location #752
    Mapping index: 6
    Address: 22667394
    Attributes: [2]
Location #753
    Mapping index: 8
    Address: 27291257
    Attributes: [2]
Location #754
    Mapping index: 8
    Address: 27281243
    Attributes: [2]
Location #755
    Mapping index: 6
    Address: 10635579
    Attributes: [2]
Location #756
    Mapping index: 6
    Address: 21616096
    Attributes: [2]
Location #757
    Mapping index: 6
    Address: 24241131
    Attributes: [2]
Location #758
    Mapping index: 6
    Address: 11989573
    Attributes: [2]
Location #759
    Mapping index: 6
    Address: 11735394
    Attributes: [2]
Location #760
    Mapping index: 6
    Address: 12144409
    Attributes: [2]
Location #761
    Mapping index: 6
    Address: 12847558
    Attributes: [2]
Location #762
    Mapping index: 6
    Address: 20629899
    Attributes: [2]
Location #763
    Mapping index: 6
    Address: 20633901
    Attributes: [2]
Location #764
    Mapping index: 2
    Address: 22447056
    Line #0
        Function index: 114
        Line: 0
        Column: 0
    Attributes: [13]
Location #765
    Mapping index: 2
    Address: 7421347
    Line #0
        Function index: 115
        Line: 0
        Column: 0
    Attributes: [13]
Location #766
    Mapping index: 2
    Address: 8155902
    Line #0
        Function index: 116
        Line: 0
        Column: 0
    Attributes: [13]
Location #767
    Mapping index: 2
    Address: 7849993
    Line #0
        Function index: 117
        Line: 0
        Column: 0
    Attributes: [13]
Location #768
    Mapping index: 2
    Address: 7851649
    Line #0
        Function index: 118
        Line: 0
        Column: 0
    Attributes: [13]
Location #769
    Mapping index: 2
    Address: 7775673
    Line #0
        Function index: 28
        Line: 0
        Column: 0
    Attributes: [13]
Location #770
    Mapping index: 2
    Address: 7840284
    Line #0
        Function index: 119
        Line: 0
        Column: 0
    Attributes: [13]
Location #771
    Mapping index: 2
    Address: 7840449
    Line #0
        Function index: 120
        Line: 0
        Column: 0
    Attributes: [13]
Location #772
    Mapping index: 2
    Address: 3170130
    Line #0
        Function index: 8
        Line: 0
        Column: 0
    Attributes: [13]
Location #773
    Mapping index: 4
    Address: 1169322
    Attributes: [2]
Location #774
    Mapping index: 4
    Address: 1207171
    Attributes: [2]
Location #775
    Mapping index: 4
    Address: 698917
    Attributes: [2]
Location #776
    Mapping index: 4
    Address: 699075
    Attributes: [2]
Location #777
    Mapping index: 6
    Address: 10672368
    Attributes: [2]
Location #778
    Mapping index: 6
    Address: 34328836
    Attributes: [2]
Location #779
    Mapping index: 6
    Address: 20292956
    Attributes: [2]
Location #780
    Mapping index: 6
    Address: 33223866
    Attributes: [2]
Location #781
    Mapping index: 6
    Address: 33224023
    Attributes: [2]
Location #782
    Mapping index: 6
    Address: 32813169
    Attributes: [2]
Location #783
    Mapping index: 6
    Address: 32810192
    Attributes: [2]
Location #784
    Mapping index: 6
    Address: 32813810
    Attributes: [2]
Location #785
    Mapping index: 8
    Address: 14189364
    Attributes: [2]
Location #786
    Mapping index: 8
    Address: 14190020
    Attributes: [2]
Location #787
    Mapping index: 8
    Address: 13769221
    Attributes: [2]
Location #788
    Mapping index: 8
    Address: 14186517
    Attributes: [2]
Location #789
    Mapping index: 8
    Address: 13996311
    Attributes: [2]
Location #790
    Mapping index: 8
    Address: 13995903
    Attributes: [2]
Location #791
    Mapping index: 8
    Address: 31261550
    Attributes: [2]
Location #792
    Mapping index: 8
    Address: 31206458
    Attributes: [2]
Location #793
    Mapping index: 8
    Address: 31192404
    Attributes: [2]
Location #794
    Mapping index: 8
    Address: 31176696
    Attributes: [2]
Location #795
    Mapping index: 8
    Address: 27291172
    Attributes: [2]
Location #796
    Mapping index: 8
    Address: 20146881
    Attributes: [2]
Location #797
    Mapping index: 8
    Address: 22549732
    Attributes: [2]
Location #798
    Mapping index: 8
    Address: 22510917
    Attributes: [2]
Location #799
    Mapping index: 8
    Address: 23222318
    Attributes: [2]
Location #800
    Mapping index: 8
    Address: 23218397
    Attributes: [2]
Location #801
    Mapping index: 8
    Address: 23210291
    Attributes: [2]
Location #802
    Mapping index: 8
    Address: 18359992
    Attributes: [2]
Location #803
    Mapping index: 8
    Address: 15693681
    Attributes: [2]
Location #804
    Mapping index: 8
    Address: 15717107
    Attributes: [2]
Location #805
    Mapping index: 8
    Address: 15695518
    Attributes: [2]
Location #806
    Mapping index: 6
    Address: 29455119
    Attributes: [2]
Location #807
    Mapping index: 6
    Address: 15348676
    Attributes: [2]
Location #808
    Mapping index: 6
    Address: 15349616
    Attributes: [2]
Location #809
    Mapping index: 6
    Address: 15348236
    Attributes: [2]
Location #810
    Mapping index: 6
    Address: 21435295
    Attributes: [2]
Location #811
    Mapping index: 6
    Address: 21419306
    Attributes: [2]
Location #812
    Mapping index: 6
    Address: 11726303
    Attributes: [2]
Location #813
    Mapping index: 6
    Address: 23986693
    Attributes: [2]
Location #814
    Mapping index: 6
    Address: 12502625
    Attributes: [2]
Location #815
    Mapping index: 6
    Address: 12995738
    Attributes: [2]
Location #816
    Mapping index: 6
    Address: 12901217
    Attributes: [2]
Location #817
    Mapping index: 6
    Address: 12844632
    Attributes: [2]
Location #818
    Mapping index: 6
    Address: 13026741
    Attributes: [2]
Location #819
    Mapping index: 6
    Address: 15704623
    Attributes: [2]
Location #820
    Mapping index: 6
    Address: 15329342
    Attributes: [2]
Location #821
    Mapping index: 6
    Address: 15330131
    Attributes: [2]
Location #822
    Mapping index: 6
    Address: 34570938
    Attributes: [2]
Location #823
    Mapping index: 6
    Address: 34567170
    Attributes: [2]
Location #824
    Mapping index: 6
    Address: 34527997
    Attributes: [2]
Location #825
    Mapping index: 6
    Address: 34527874
    Attributes: [2]
Location #826
    Mapping index: 8
    Address: 13881069
    Attributes: [2]
Location #827
    Mapping index: 8
    Address: 13880805
    Attributes: [2]
Location #828
    Mapping index: 8
    Address: 27270600
    Attributes: [2]
Location #829
    Mapping index: 6
    Address: 18164409
    Attributes: [2]
Location #830
    Mapping index: 6
    Address: 13133519
    Attributes: [2]
Location #831
    Mapping index: 6
    Address: 29358833
    Attributes: [2]
Location #832
    Mapping index: 6
    Address: 29363412
    Attributes: [2]
Location #833
    Mapping index: 6
    Address: 24094253
    Attributes: [2]
Location #834
    Mapping index: 6
    Address: 18172849
    Attributes: [2]
Location #835
    Mapping index: 6
    Address: 21606215
    Attributes: [2]
Location #836
    Mapping index: 6
    Address: 21609214
    Attributes: [2]
Location #837
    Mapping index: 4
    Address: 1609095
    Attributes: [2]
Location #838
    Mapping index: 6
    Address: 34498209
    Attributes: [2]
Location #839
    Mapping index: 6
    Address: 34527971
    Attributes: [2]
Location #840
    Mapping index: 6
    Address: 18115238
    Attributes: [2]
Location #841
    Mapping index: 6
    Address: 15541544
    Attributes: [2]
Location #842
    Mapping index: 6
    Address: 15346306
    Attributes: [2]
Location #843
    Mapping index: 6
    Address: 34529238
    Attributes: [2]
Location #844
    Mapping index: 6
    Address: 34543153
    Attributes: [2]
Location #845
    Mapping index: 8
    Address: 37434662
    Attributes: [2]
Location #846
    Mapping index: 8
    Address: 37539086
    Attributes: [2]
Location #847
    Mapping index: 8
    Address: 37436571
    Attributes: [2]
Location #848
    Mapping index: 8
    Address: 37532000
    Attributes: [2]
Location #849
    Mapping index: 8
    Address: 37533252
    Attributes: [2]
Location #850
    Mapping index: 8
    Address: 37504179
    Attributes: [2]
Location #851
    Mapping index: 8
    Address: 28781210
    Attributes: [2]
Location #852
    Mapping index: 6
    Address: 12143210
    Attributes: [2]
Location #853
    Mapping index: 6
    Address: 24180834
    Attributes: [2]
Location #854
    Mapping index: 6
    Address: 11996994
    Attributes: [2]
Location #855
    Mapping index: 6
    Address: 11989376
    Attributes: [2]
Location #856
    Mapping index: 6
    Address: 20917820
    Attributes: [2]
Location #857
    Mapping index: 6
    Address: 24050308
    Attributes: [2]
Location #858
    Mapping index: 6
    Address: 34567122
    Attributes: [2]
Location #859
    Mapping index: 6
    Address: 34542452
    Attributes: [2]
Location #860
    Mapping index: 6
    Address: 34628587
    Attributes: [2]
Location #861
    Mapping index: 6
    Address: 21657834
    Attributes: [2]
Location #862
    Mapping index: 6
    Address: 27263066
    Attributes: [2]
Location #863
    Mapping index: 6
    Address: 12856926
    Attributes: [2]
Location #864
    Mapping index: 6
    Address: 34628493
    Attributes: [2]
Location #865
    Mapping index: 6
    Address: 26051152
    Attributes: [2]
Location #866
    Mapping index: 6
    Address: 21432218
    Attributes: [2]
Location #867
    Mapping index: 6
    Address: 15259707
    Attributes: [2]
Location #868
    Mapping index: 6
    Address: 15259989
    Attributes: [2]
Location #869
    Mapping index: 6
    Address: 24018623
    Attributes: [2]
Location #870
    Mapping index: 6
    Address: 12469500
    Attributes: [2]
Location #871
    Mapping index: 6
    Address: 24017229
    Attributes: [2]
Location #872
    Mapping index: 6
    Address: 12461151
    Attributes: [2]
Location #873
    Mapping index: 6
    Address: 10937760
    Attributes: [2]
Location #874
    Mapping index: 6
    Address: 20919603
    Attributes: [2]
Location #875
    Mapping index: 6
    Address: 22445551
    Attributes: [2]
Location #876
    Mapping index: 6
    Address: 12521211
    Attributes: [2]
Location #877
    Mapping index: 6
    Address: 12463831
    Attributes: [2]
Location #878
    Mapping index: 6
    Address: 21731645
    Attributes: [2]
Location #879
    Mapping index: 6
    Address: 20651257
    Attributes: [2]
Location #880
    Mapping index: 6
    Address: 12840576
    Attributes: [2]
Location #881
    Mapping index: 6
    Address: 25848077
    Attributes: [2]
Location #882
    Mapping index: 6
    Address: 25848576
    Attributes: [2]
Location #883
    Mapping index: 6
    Address: 25844495
    Attributes: [2]
Location #884
    Mapping index: 6
    Address: 25860962
    Attributes: [2]
Location #885
    Mapping index: 6
    Address: 22627381
    Attributes: [2]
Location #886
    Mapping index: 6
    Address: 10741892
    Attributes: [2]
Location #887
    Mapping index: 6
    Address: 13223448
    Attributes: [2]
Location #888
    Mapping index: 6
    Address: 22431041
    Attributes: [2]
Location #889
    Mapping index: 6
    Address: 22429068
    Attributes: [2]
Location #890
    Mapping index: 6
    Address: 10404704
    Attributes: [2]
Location #891
    Mapping index: 6
    Address: 11734569
    Attributes: [2]
Location #892
    Mapping index: 6
    Address: 12004387
    Attributes: [2]
Location #893
    Mapping index: 6
    Address: 12962171
    Attributes: [2]
Location #894
    Mapping index: 6
    Address: 12242051
    Attributes: [2]
Location #895
    Mapping index: 8
    Address: 13301025
    Attributes: [2]
Location #896
    Mapping index: 8
    Address: 13646131
    Attributes: [2]
Location #897
    Mapping index: 6
    Address: 13113792
    Attributes: [2]
Location #898
    Mapping index: 6
    Address: 13141384
    Attributes: [2]
Location #899
    Mapping index: 6
    Address: 23952924
    Attributes: [2]
Location #900
    Mapping index: 6
    Address: 24036359
    Attributes: [2]
Location #901
    Mapping index: 6
    Address: 24030416
    Attributes: [2]
Location #902
    Mapping index: 6
    Address: 12460330
    Attributes: [2]
Location #903
    Mapping index: 6
    Address: 21634453
    Attributes: [2]
Location #904
    Mapping index: 6
    Address: 24051962
    Attributes: [2]
Location #905
    Mapping index: 6
    Address: 34324186
    Attributes: [2]
Location #906
    Mapping index: 6
    Address: 34325269
    Attributes: [2]
Location #907
    Mapping index: 6
    Address: 34324546
    Attributes: [2]
Location #908
    Mapping index: 8
    Address: 53897525
    Attributes: [2]
Location #909
    Mapping index: 8
    Address: 53916661
    Attributes: [2]
Location #910
    Mapping index: 8
    Address: 13880690
    Attributes: [2]
Location #911
    Mapping index: 8
    Address: 27281373
    Attributes: [2]
Location #912
    Mapping index: 6
    Address: 14816928
    Attributes: [2]
Location #913
    Mapping index: 6
    Address: 25701252
    Attributes: [2]
Location #914
    Mapping index: 6
    Address: 25716363
    Attributes: [2]
Location #915
    Mapping index: 6
    Address: 12457660
    Attributes: [2]
Location #916
    Mapping index: 8
    Address: 14660216
    Attributes: [2]
Location #917
    Mapping index: 8
    Address: 27607330
    Attributes: [2]
Location #918
    Mapping index: 8
    Address: 27577019
    Attributes: [2]
Location #919
    Mapping index: 8
    Address: 27519840
    Attributes: [2]
Location #920
    Mapping index: 8
    Address: 27504478
    Attributes: [2]
Location #921
    Mapping index: 8
    Address: 31503193
    Attributes: [2]
Location #922
    Mapping index: 8
    Address: 31501463
    Attributes: [2]
Location #923
    Mapping index: 8
    Address: 31497624
    Attributes: [2]
Location #924
    Mapping index: 8
    Address: 34801493
    Attributes: [2]
Location #925
    Mapping index: 8
    Address: 27290866
    Attributes: [2]
Location #926
    Mapping index: 4
    Address: 695043
    Attributes: [2]
Location #927
    Mapping index: 4
    Address: 704980
    Attributes: [2]
Location #928
    Mapping index: 4
    Address: 710673
    Attributes: [2]
Location #929
    Mapping index: 8
    Address: 16048075
    Attributes: [2]
Location #930
    Mapping index: 8
    Address: 35633198
    Attributes: [2]
Location #931
    Mapping index: 8
    Address: 35632885
    Attributes: [2]
Location #932
    Mapping index: 8
    Address: 33408275
    Attributes: [2]
Location #933
    Mapping index: 2
    Address: 4571313
    Line #0
        Function index: 121
        Line: 0
        Column: 0
    Attributes: [13]
Location #934
    Mapping index: 2
    Address: 22408079
    Line #0
        Function index: 122
        Line: 0
        Column: 0
    Attributes: [13]
Location #935
    Mapping index: 2
    Address: 22409334
    Line #0
        Function index: 123
        Line: 0
        Column: 0
    Attributes: [13]
Location #936
    Mapping index: 2
    Address: 22438098
    Line #0
        Function index: 124
        Line: 0
        Column: 0
    Attributes: [13]
Location #937
    Mapping index: 2
    Address: 22438210
    Line #0
        Function index: 125
        Line: 0
        Column: 0
    Attributes: [13]
Location #938
    Mapping index: 2
    Address: 9177048
    Line #0
        Function index: 126
        Line: 0
        Column: 0
    Attributes: [13]
Location #939
    Mapping index: 2
    Address: 9177190
    Line #0
        Function index: 127
        Line: 0
        Column: 0
    Attributes: [13]
Location #940
    Mapping index: 2
    Address: 9179707
    Line #0
        Function index: 128
        Line: 0
        Column: 0
    Attributes: [13]
Location #941
    Mapping index: 2
    Address: 3169980
    Line #0
        Function index: 8
        Line: 0
        Column: 0
    Attributes: [13]
Location #942
    Mapping index: 10
    Address: 4224397
    Line #0
        Function index: 129
        Line: 36
        Column: 0
    Attributes: [50]
Location #943
    Mapping index: 10
    Address: 4849036
    Line #0
        Function index: 130
        Line: 67
        Column: 0
    Attributes: [50]
Location #944
    Mapping index: 10
    Address: 4849289
    Line #0
        Function index: 131
        Line: 97
        Column: 0
    Attributes: [50]
Location #945
    Mapping index: 10
    Address: 4853020
    Line #0
        Function index: 132
        Line: 1
        Column: 0
    Attributes: [50]
Location #946
    Mapping index: 10
    Address: 10149358
    Line #0
        Function index: 133
        Line: 55
        Column: 0
    Attributes: [50]
Location #947
    Mapping index: 10
    Address: 18479300
    Line #0
        Function index: 134
        Line: 119
        Column: 0
    Attributes: [50]
Location #948
    Mapping index: 10
    Address: 18490198
    Line #0
        Function index: 135
        Line: 364
        Column: 0
    Attributes: [50]
Location #949
    Mapping index: 10
    Address: 19502557
    Line #0
        Function index: 136
        Line: 120
        Column: 0
    Attributes: [50]
Location #950
    Mapping index: 10
    Address: 4740960
    Line #0
        Function index: 137
        Line: 1694
        Column: 0
    Attributes: [50]
Location #951
    Mapping index: 10
    Address: 18900391
    Line #0
        Function index: 138
        Line: 120
        Column: 0
    Attributes: [50]
Location #952
    Mapping index: 10
    Address: 18933479
    Line #0
        Function index: 139
        Line: 1003
        Column: 0
    Attributes: [50]
Location #953
    Mapping index: 10
    Address: 18935371
    Line #0
        Function index: 140
        Line: 1191
        Column: 0
    Attributes: [50]
Location #954
    Mapping index: 10
    Address: 18936615
    Line #0
        Function index: 141
        Line: 1246
        Column: 0
    Attributes: [50]
Location #955
    Mapping index: 10
    Address: 18958365
    Line #0
        Function index: 142
        Line: 209
        Column: 0
    Attributes: [50]
Location #956
    Mapping index: 10
    Address: 18957892
    Line #0
        Function index: 143
        Line: 182
        Column: 0
    Attributes: [50]
Location #957
    Mapping index: 10
    Address: 18959142
    Line #0
        Function index: 144
        Line: 37
        Column: 0
    Attributes: [50]
Location #958
    Mapping index: 10
    Address: 19372701
    Line #0
        Function index: 145
        Line: 187
        Column: 0
    Attributes: [50]
Location #959
    Mapping index: 10
    Address: 19422167
    Line #0
        Function index: 146
        Line: 384
        Column: 0
    Attributes: [50]
Location #960
    Mapping index: 10
    Address: 19432468
    Line #0
        Function index: 147
        Line: 606
        Column: 0
    Attributes: [50]
Location #961
    Mapping index: 10
    Address: 18445717
    Line #0
        Function index: 148
        Line: 403
        Column: 0
    Attributes: [50]
Location #962
    Mapping index: 10
    Address: 18443691
    Line #0
        Function index: 149
        Line: 378
        Column: 0
    Attributes: [50]
Location #963
    Mapping index: 10
    Address: 18444583
    Line #0
        Function index: 150
        Line: 407
        Column: 0
    Attributes: [50]
Location #964
    Mapping index: 10
    Address: 19428093
    Line #0
        Function index: 151
        Line: 552
        Column: 0
    Attributes: [50]
Location #965
    Mapping index: 10
    Address: 19501466
    Line #0
        Function index: 152
        Line: 57
        Column: 0
    Attributes: [50]
Location #966
    Mapping index: 10
    Address: 19500935
    Line #0
        Function index: 153
        Line: 47
        Column: 0
    Attributes: [50]
Location #967
    Mapping index: 10
    Address: 4236049
    Line #0
        Function index: 154
        Line: 60
        Column: 0
    Attributes: [50]
Location #968
    Mapping index: 10
    Address: 4261865
    Line #0
        Function index: 155
        Line: 142
        Column: 0
    Attributes: [50]
Location #969
    Mapping index: 10
    Address: 18930231
    Line #0
        Function index: 156
        Line: 883
        Column: 0
    Attributes: [50]
Location #970
    Mapping index: 10
    Address: 18932708
    Line #0
        Function index: 139
        Line: 1033
        Column: 0
    Attributes: [50]
Location #971
    Mapping index: 2
    Address: 12357817
    Line #0
        Function index: 157
        Line: 0
        Column: 0
    Attributes: [13]
Location #972
    Mapping index: 2
    Address: 6564251
    Line #0
        Function index: 158
        Line: 0
        Column: 0
    Attributes: [13]
Location #973
    Mapping index: 2
    Address: 6548654
    Line #0
        Function index: 159
        Line: 0
        Column: 0
    Attributes: [13]
Location #974
    Mapping index: 2
    Address: 6574650
    Line #0
        Function index: 160
        Line: 0
        Column: 0
    Attributes: [13]
Location #975
    Mapping index: 2
    Address: 6576780
    Line #0
        Function index: 161
        Line: 0
        Column: 0
    Attributes: [13]
Location #976
    Mapping index: 2
    Address: 3172050
    Line #0
        Function index: 8
        Line: 0
        Column: 0
    Attributes: [13]
Location #977
    Mapping index: 10
    Address: 4849125
    Line #0
        Function index: 162
        Line: 87
        Column: 0
    Attributes: [50]
Location #978
    Mapping index: 10
    Address: 4852909
    Line #0
        Function index: 163
        Line: 1
        Column: 0
    Attributes: [50]
Location #979
    Mapping index: 10
    Address: 17802355
    Line #0
        Function index: 164
        Line: 95
        Column: 0
    Attributes: [50]
Location #980
    Mapping index: 10
    Address: 18185741
    Line #0
        Function index: 165
        Line: 1420
        Column: 0
    Attributes: [50]
Location #981
    Mapping index: 10
    Address: 18185389
    Line #0
        Function index: 166
        Line: 1399
        Column: 0
    Attributes: [50]
Location #982
    Mapping index: 10
    Address: 19489045
    Line #0
        Function index: 167
        Line: 547
        Column: 0
    Attributes: [50]
Location #983
    Mapping index: 10
    Address: 19380040
    Line #0
        Function index: 168
        Line: 449
        Column: 0
    Attributes: [50]
Location #984
    Mapping index: 10
    Address: 19373291
    Line #0
        Function index: 145
        Line: 222
        Column: 0
    Attributes: [50]
Location #985
    Mapping index: 10
    Address: 18308527
    Line #0
        Function index: 169
        Line: 208
        Column: 0
    Attributes: [50]
Location #986
    Mapping index: 10
    Address: 18297949
    Line #0
        Function index: 170
        Line: 39
        Column: 0
    Attributes: [50]
Location #987
    Mapping index: 10
    Address: 18461554
    Line #0
        Function index: 171
        Line: 95
        Column: 0
    Attributes: [50]
Location #988
    Mapping index: 10
    Address: 18461054
    Line #0
        Function index: 172
        Line: 63
        Column: 0
    Attributes: [50]
Location #989
    Mapping index: 10
    Address: 18462543
    Line #0
        Function index: 173
        Line: 35
        Column: 0
    Attributes: [50]
Location #990
    Mapping index: 10
    Address: 18907076
    Line #0
        Function index: 174
        Line: 219
        Column: 0
    Attributes: [50]
Location #991
    Mapping index: 10
    Address: 18901419
    Line #0
        Function index: 175
        Line: 101
        Column: 0
    Attributes: [50]
Location #992
    Mapping index: 10
    Address: 18900932
    Line #0
        Function index: 176
        Line: 158
        Column: 0
    Attributes: [50]
Location #993
    Mapping index: 10
    Address: 18958678
    Line #0
        Function index: 142
        Line: 230
        Column: 0
    Attributes: [50]
Location #994
    Mapping index: 10
    Address: 18906438
    Line #0
        Function index: 174
        Line: 202
        Column: 0
    Attributes: [50]
Location #995
    Mapping index: 10
    Address: 18902116
    Line #0
        Function index: 175
        Line: 124
        Column: 0
    Attributes: [50]
Location #996
    Mapping index: 10
    Address: 18907210
    Line #0
        Function index: 174
        Line: 219
        Column: 0
    Attributes: [50]
Location #997
    Mapping index: 2
    Address: 5524522
    Line #0
        Function index: 177
        Line: 0
        Column: 0
    Attributes: [13]
Location #998
    Mapping index: 2
    Address: 5526601
    Line #0
        Function index: 178
        Line: 0
        Column: 0
    Attributes: [13]
Location #999
    Mapping index: 2
    Address: 5526849
    Line #0
        Function index: 179
        Line: 0
        Column: 0
    Attributes: [13]
Location #1000
    Mapping index: 2
    Address: 5508884
    Line #0
        Function index: 180
        Line: 0
        Column: 0
    Attributes: [13]
Location #1001
    Mapping index: 2
    Address: 5510598
    Line #0
        Function index: 181
        Line: 0
        Column: 0
    Attributes: [13]
Location #1002
    Mapping index: 2
    Address: 3170865
    Line #0
        Function index: 8
        Line: 0
        Column: 0
    Attributes: [13]
Location #1003
    Mapping index: 10
    Address: 4748674
    Line #0
        Function index: 182
        Line: 558
        Column: 0
    Attributes: [50]
Location #1004
    Mapping index: 10
    Address: 4467375
    Line #0
        Function index: 183
        Line: 76
        Column: 0
    Attributes: [50]
Location #1005
    Mapping index: 10
    Address: 4303526
    Line #0
        Function index: 184
        Line: 48
        Column: 0
    Attributes: [50]
Location #1006
    Mapping index: 10
    Address: 4514699
    Line #0
        Function index: 185
        Line: 1961
        Column: 0
    Attributes: [50]
Location #1007
    Mapping index: 10
    Address: 4522326
    Line #0
        Function index: 186
        Line: 3374
        Column: 0
    Attributes: [50]
Location #1008
    Mapping index: 10
    Address: 4526512
    Line #0
        Function index: 187
        Line: 4138
        Column: 0
    Attributes: [50]
Location #1009
    Mapping index: 10
    Address: 4527652
    Line #0
        Function index: 188
        Line: 4267
        Column: 0
    Attributes: [50]
Location #1010
    Mapping index: 10
    Address: 4733108
    Line #0
        Function index: 189
        Line: 462
        Column: 0
    Attributes: [50]
Location #1011
    Mapping index: 2
    Address: 8870305
    Line #0
        Function index: 190
        Line: 0
        Column: 0
    Attributes: [13]
Location #1012
    Mapping index: 2
    Address: 8666684
    Line #0
        Function index: 25
        Line: 0
        Column: 0
    Attributes: [13]
Location #1013
    Mapping index: 10
    Address: 4841783
    Line #0
        Function index: 191
        Line: 738
        Column: 0
    Attributes: [50]
Location #1014
    Mapping index: 10
    Address: 5235885
    Line #0
        Function index: 192
        Line: 183
        Column: 0
    Attributes: [50]
Location #1015
    Mapping index: 10
    Address: 5283054
    Line #0
        Function index: 193
        Line: 29
        Column: 0
    Attributes: [50]
Location #1016
    Mapping index: 10
    Address: 5986269
    Line #0
        Function index: 194
        Line: 219
        Column: 0
    Attributes: [50]
Location #1017
    Mapping index: 10
    Address: 18441618
    Line #0
        Function index: 149
        Line: 273
        Column: 0
    Attributes: [50]
Location #1018
    Mapping index: 10
    Address: 18907312
    Line #0
        Function index: 174
        Line: 219
        Column: 0
    Attributes: [50]
Location #1019
    Mapping index: 10
    Address: 18900387
    Line #0
        Function index: 138
        Line: 119
        Column: 0
    Attributes: [50]
Location #1020
    Mapping index: 10
    Address: 18958958
    Line #0
        Function index: 142
        Line: 231
        Column: 0
    Attributes: [50]
Location #1021
    Mapping index: 10
    Address: 19379720
    Line #0
        Function index: 168
        Line: 436
        Column: 0
    Attributes: [50]
Location #1022
    Mapping index: 2
    Address: 8124764
    Line #0
        Function index: 195
        Line: 0
        Column: 0
    Attributes: [13]
Location #1023
    Mapping index: 2
    Address: 8605260
    Line #0
        Function index: 196
        Line: 0
        Column: 0
    Attributes: [13]
Location #1024
    Mapping index: 2
    Address: 8605422
    Line #0
        Function index: 197
        Line: 0
        Column: 0
    Attributes: [13]
Location #1025
    Mapping index: 2
    Address: 8605584
    Line #0
        Function index: 198
        Line: 0
        Column: 0
    Attributes: [13]
Location #1026
    Mapping index: 2
    Address: 6564233
    Line #0
        Function index: 158
        Line: 0
        Column: 0
    Attributes: [13]
Location #1027
    Mapping index: 10
    Address: 4616893
    Line #0
        Function index: 199
        Line: 1288
        Column: 0
    Attributes: [50]
Location #1028
    Mapping index: 10
    Address: 4614457
    Line #0
        Function index: 200
        Line: 1074
        Column: 0
    Attributes: [50]
Location #1029
    Mapping index: 10
    Address: 4633554
    Line #0
        Function index: 201
        Line: 326
        Column: 0
    Attributes: [50]
Location #1030
    Mapping index: 10
    Address: 4634180
    Line #0
        Function index: 202
        Line: 514
        Column: 0
    Attributes: [50]
Location #1031
    Mapping index: 10
    Address: 4375976
    Line #0
        Function index: 203
        Line: 228
        Column: 0
    Attributes: [50]
Location #1032
    Mapping index: 10
    Address: 4370160
    Line #0
        Function index: 204
        Line: 248
        Column: 0
    Attributes: [50]
Location #1033
    Mapping index: 10
    Address: 4369220
    Line #0
        Function index: 205
        Line: 222
        Column: 0
    Attributes: [50]
Location #1034
    Mapping index: 10
    Address: 4378642
    Line #0
        Function index: 206
        Line: 1207
        Column: 0
    Attributes: [50]
Location #1035
    Mapping index: 10
    Address: 4362713
    Line #0
        Function index: 207
        Line: 1542
        Column: 0
    Attributes: [50]
Location #1036
    Mapping index: 10
    Address: 4733225
    Line #0
        Function index: 208
        Line: 517
        Column: 0
    Attributes: [50]
Location #1037
    Mapping index: 10
    Address: 4361840
    Line #0
        Function index: 209
        Line: 1523
        Column: 0
    Attributes: [50]
Location #1038
    Mapping index: 10
    Address: 4361284
    Line #0
        Function index: 210
        Line: 1373
        Column: 0
    Attributes: [50]
Location #1039
    Mapping index: 10
    Address: 4379941
    Line #0
        Function index: 211
        Line: 1507
        Column: 0
    Attributes: [50]
Location #1040
    Mapping index: 10
    Address: 4378163
    Line #0
        Function index: 206
        Line: 1277
        Column: 0
    Attributes: [50]
Location #1041
    Mapping index: 2
    Address: 12357811
    Line #0
        Function index: 157
        Line: 0
        Column: 0
    Attributes: [13]
Location #1042
    Mapping index: 2
    Address: 6564310
    Line #0
        Function index: 158
        Line: 0
        Column: 0
    Attributes: [13]
Location #1043
    Mapping index: 10
    Address: 4743498
    Line #0
        Function index: 212
        Line: 350
        Column: 0
    Attributes: [50]
Location #1044
    Mapping index: 10
    Address: 18932590
    Line #0
        Function index: 139
        Line: 985
        Column: 0
    Attributes: [50]
Location #1045
    Mapping index: 10
    Address: 18939744
    Line #0
        Function index: 213
        Line: 202
        Column: 0
    Attributes: [50]
Location #1046
    Mapping index: 10
    Address: 18929350
    Line #0
        Function index: 214
        Line: 858
        Column: 0
    Attributes: [50]
Location #1047
    Mapping index: 10
    Address: 18933592
    Line #0
        Function index: 139
        Line: 1021
        Column: 0
    Attributes: [50]
Location #1048
    Mapping index: 10
    Address: 18907279
    Line #0
        Function index: 174
        Line: 219
        Column: 0
    Attributes: [50]
Location #1049
    Mapping index: 2
    Address: 8155779
    Line #0
        Function index: 116
        Line: 0
        Column: 0
    Attributes: [13]
Location #1050
    Mapping index: 11
    Address: 608056
    Line #0
        Function index: 215
        Line: 0
        Column: 0
    Attributes: [13]
Location #1051
    Mapping index: 11
    Address: 127155
    Line #0
        Function index: 216
        Line: 0
        Column: 0
    Attributes: [13]
Location #1052
    Mapping index: 11
    Address: 132711
    Line #0
        Function index: 217
        Line: 0
        Column: 0
    Attributes: [13]
Location #1053
    Mapping index: 11
    Address: 8615
    Line #0
        Function index: 218
        Line: 0
        Column: 0
    Attributes: [13]
Location #1054
    Mapping index: 11
    Address: 8980
    Line #0
        Function index: 219
        Line: 0
        Column: 0
    Attributes: [13]
Location #1055
    Mapping index: 11
    Address: 9117
    Line #0
        Function index: 220
        Line: 0
        Column: 0
    Attributes: [13]
Location #1056
    Mapping index: 2
    Address: 8671657
    Line #0
        Function index: 221
        Line: 0
        Column: 0
    Attributes: [13]
Location #1057
    Mapping index: 2
    Address: 8672292
    Line #0
        Function index: 222
        Line: 0
        Column: 0
    Attributes: [13]
Location #1058
    Mapping index: 2
    Address: 4447452
    Line #0
        Function index: 223
        Line: 0
        Column: 0
    Attributes: [13]
Location #1059
    Mapping index: 2
    Address: 4258140
    Line #0
        Function index: 224
        Line: 0
        Column: 0
    Attributes: [13]
Location #1060
    Mapping index: 2
    Address: 4259043
    Line #0
        Function index: 225
        Line: 0
        Column: 0
    Attributes: [13]
Location #1061
    Mapping index: 2
    Address: 4346454
    Line #0
        Function index: 226
        Line: 0
        Column: 0
    Attributes: [13]
Location #1062
    Mapping index: 2
    Address: 3495015
    Line #0
        Function index: 227
        Line: 0
        Column: 0
    Attributes: [13]
Location #1063
    Mapping index: 2
    Address: 22380821
    Line #0
        Function index: 228
        Line: 0
        Column: 0
    Attributes: [13]
Location #1064
    Mapping index: 2
    Address: 22351561
    Line #0
        Function index: 9
        Line: 0
        Column: 0
    Attributes: [13]
Location #1065
    Mapping index: 2
    Address: 7387855
    Line #0
        Function index: 229
        Line: 0
        Column: 0
    Attributes: [13]
Location #1066
    Mapping index: 12
    Address: 109804
    Line #0
        Function index: 230
        Line: 0
        Column: 0
    Attributes: [13]
Location #1067
    Mapping index: 12
    Address: 1266644
    Line #0
        Function index: 231
        Line: 0
        Column: 0
    Attributes: [13]
Location #1068
    Mapping index: 12
    Address: 2454425
    Line #0
        Function index: 232
        Line: 0
        Column: 0
    Attributes: [13]
Location #1069
    Mapping index: 12
    Address: 3069532
    Line #0
        Function index: 233
        Line: 0
        Column: 0
    Attributes: [13]
Location #1070
    Mapping index: 12
    Address: 434484
    Line #0
        Function index: 234
        Line: 0
        Column: 0
    Attributes: [13]
Location #1071
    Mapping index: 12
    Address: 3767396
    Line #0
        Function index: 235
        Line: 0
        Column: 0
    Attributes: [13]
Location #1072
    Mapping index: 12
    Address: 3787042
    Line #0
        Function index: 236
        Line: 0
        Column: 0
    Attributes: [13]
Location #1073
    Mapping index: 12
    Address: 3269438
    Line #0
        Function index: 237
        Line: 0
        Column: 0
    Attributes: [13]
Location #1074
    Mapping index: 12
    Address: 3816183
    Line #0
        Function index: 238
        Line: 0
        Column: 0
    Attributes: [13]
Location #1075
    Mapping index: 12
    Address: 3817394
    Line #0
        Function index: 239
        Line: 0
        Column: 0
    Attributes: [13]
Location #1076
    Mapping index: 12
    Address: 3819289
    Line #0
        Function index: 240
        Line: 0
        Column: 0
    Attributes: [13]
Location #1077
    Mapping index: 12
    Address: 1231298
    Line #0
        Function index: 241
        Line: 0
        Column: 0
    Attributes: [13]
Location #1078
    Mapping index: 12
    Address: 25862
    Line #0
        Function index: 242
        Line: 0
        Column: 0
    Attributes: [13]
Location #1079
    Mapping index: 12
    Address: 1212505
    Line #0
        Function index: 243
        Line: 0
        Column: 0
    Attributes: [13]
Location #1080
    Mapping index: 12
    Address: 2084926
    Line #0
        Function index: 244
        Line: 0
        Column: 0
    Attributes: [13]
Location #1081
    Mapping index: 12
    Address: 3655742
    Line #0
        Function index: 245
        Line: 0
        Column: 0
    Attributes: [13]
Location #1082
    Mapping index: 12
    Address: 3655927
    Line #0
        Function index: 246
        Line: 0
        Column: 0
    Attributes: [13]
Location #1083
    Mapping index: 12
    Address: 2251423
    Line #0
        Function index: 247
        Line: 0
        Column: 0
    Attributes: [13]
Location #1084
    Mapping index: 12
    Address: 2278901
    Line #0
        Function index: 248
        Line: 0
        Column: 0
    Attributes: [13]
Location #1085
    Mapping index: 12
    Address: 2286898
    Line #0
        Function index: 249
        Line: 0
        Column: 0
    Attributes: [13]
Location #1086
    Mapping index: 12
    Address: 3462881
    Line #0
        Function index: 250
        Line: 0
        Column: 0
    Attributes: [13]
Location #1087
    Mapping index: 12
    Address: 3532771
    Line #0
        Function index: 251
        Line: 0
        Column: 0
    Attributes: [13]
Location #1088
    Mapping index: 12
    Address: 3259325
    Line #0
        Function index: 252
        Line: 0
        Column: 0
    Attributes: [13]
Location #1089
    Mapping index: 12
    Address: 3802611
    Line #0
        Function index: 253
        Line: 0
        Column: 0
    Attributes: [13]
Location #1090
    Mapping index: 12
    Address: 3261743
    Line #0
        Function index: 254
        Line: 0
        Column: 0
    Attributes: [13]
Location #1091
    Mapping index: 12
    Address: 3263092
    Line #0
        Function index: 255
        Line: 0
        Column: 0
    Attributes: [13]
Location #1092
    Mapping index: 12
    Address: 3261161
    Line #0
        Function index: 256
        Line: 0
        Column: 0
    Attributes: [13]
Location #1093
    Mapping index: 12
    Address: 3390550
    Line #0
        Function index: 257
        Line: 0
        Column: 0
    Attributes: [13]
Location #1094
    Mapping index: 12
    Address: 134313
    Line #0
        Function index: 258
        Line: 0
        Column: 0
    Attributes: [13]
Location #1095
    Mapping index: 11
    Address: 188347
    Line #0
        Function index: 259
        Line: 0
        Column: 0
    Attributes: [13]
Location #1096
    Mapping index: 11
    Address: 199475
    Line #0
        Function index: 260
        Line: 0
        Column: 0
    Attributes: [13]
Location #1097
    Mapping index: 11
    Address: 96489
    Line #0
        Function index: 261
        Line: 0
        Column: 0
    Attributes: [13]
Location #1098
    Mapping index: 11
    Address: 128525
    Line #0
        Function index: 262
        Line: 0
        Column: 0
    Attributes: [13]
Location #1099
    Mapping index: 11
    Address: 108959
    Line #0
        Function index: 263
        Line: 0
        Column: 0
    Attributes: [13]
Location #1100
    Mapping index: 11
    Address: 11920
    Line #0
        Function index: 264
        Line: 0
        Column: 0
    Attributes: [13]
Location #1101
    Mapping index: 11
    Address: 17403
    Line #0
        Function index: 265
        Line: 0
        Column: 0
    Attributes: [13]
Location #1102
    Mapping index: 11
    Address: 17640
    Line #0
        Function index: 266
        Line: 0
        Column: 0
    Attributes: [13]
Location #1103
    Mapping index: 2
    Address: 8793251
    Line #0
        Function index: 267
        Line: 0
        Column: 0
    Attributes: [13]
Location #1104
    Mapping index: 2
    Address: 3167594
    Line #0
        Function index: 8
        Line: 0
        Column: 0
    Attributes: [13]
Location #1105
    Mapping index: 12
    Address: 1988076
    Line #0
        Function index: 268
        Line: 0
        Column: 0
    Attributes: [13]
Location #1106
    Mapping index: 12
    Address: 340960
    Line #0
        Function index: 269
        Line: 0
        Column: 0
    Attributes: [13]
Location #1107
    Mapping index: 12
    Address: 3767033
    Line #0
        Function index: 270
        Line: 0
        Column: 0
    Attributes: [13]
Location #1108
    Mapping index: 12
    Address: 3262612
    Line #0
        Function index: 271
        Line: 0
        Column: 0
    Attributes: [13]
Location #1109
    Mapping index: 12
    Address: 3788265
    Line #0
        Function index: 272
        Line: 0
        Column: 0
    Attributes: [13]
Location #1110
    Mapping index: 12
    Address: 3258906
    Line #0
        Function index: 252
        Line: 0
        Column: 0
    Attributes: [13]
Location #1111
    Mapping index: 12
    Address: 3314510
    Line #0
        Function index: 273
        Line: 0
        Column: 0
    Attributes: [13]
Location #1112
    Mapping index: 12
    Address: 1197602
    Line #0
        Function index: 274
        Line: 0
        Column: 0
    Attributes: [13]
Location #1113
    Mapping index: 12
    Address: 1229765
    Line #0
        Function index: 275
        Line: 0
        Column: 0
    Attributes: [13]
Location #1114
    Mapping index: 12
    Address: 27551
    Line #0
        Function index: 276
        Line: 0
        Column: 0
    Attributes: [13]
Location #1115
    Mapping index: 2
    Address: 7560898
    Line #0
        Function index: 277
        Line: 0
        Column: 0
    Attributes: [13]
Location #1116
    Mapping index: 2
    Address: 7561481
    Line #0
        Function index: 278
        Line: 0
        Column: 0
    Attributes: [13]
Location #1117
    Mapping index: 2
    Address: 7784825
    Line #0
        Function index: 279
        Line: 0
        Column: 0
    Attributes: [13]
Location #1118
    Mapping index: 2
    Address: 7787983
    Line #0
        Function index: 280
        Line: 0
        Column: 0
    Attributes: [13]
Location #1119
    Mapping index: 2
    Address: 7788988
    Line #0
        Function index: 281
        Line: 0
        Column: 0
    Attributes: [13]
Location #1120
    Mapping index: 2
    Address: 7812671
    Line #0
        Function index: 19
        Line: 0
        Column: 0
    Attributes: [13]
Function #0
    Name: 0
    System name: 0
    Filename: 0
    Start line: 0
Function #1
    Name: 13
    System name: 0
    Filename: 0
    Start line: 0
Function #2
    Name: 14
    System name: 0
    Filename: 0
    Start line: 0
Function #3
    Name: 15
    System name: 0
    Filename: 0
    Start line: 0
Function #4
    Name: 16
    System name: 0
    Filename: 0
    Start line: 0
Function #5
    Name: 17
    System name: 0
    Filename: 0
    Start line: 0
Function #6
    Name: 18
    System name: 0
    Filename: 0
    Start line: 0
Function #7
    Name: 19
    System name: 0
    Filename: 0
    Start line: 0
Function #8
    Name: 20
    System name: 0
    Filename: 0
    Start line: 0
Function #9
    Name: 21
    System name: 0
    Filename: 0
    Start line: 0
Function #10
    Name: 22
    System name: 0
    Filename: 0
    Start line: 0
Function #11
    Name: 23
    System name: 0
    Filename: 0
    Start line: 0
Function #12
    Name: 24
    System name: 0
    Filename: 0
    Start line: 0
Function #13
    Name: 25
    System name: 0
    Filename: 0
    Start line: 0
Function #14
    Name: 26
    System name: 0
    Filename: 0
    Start line: 0
Function #15
    Name: 27
    System name: 0
    Filename: 0
    Start line: 0
Function #16
    Name: 28
    System name: 0
    Filename: 0
    Start line: 0
Function #17
    Name: 31
    System name: 0
    Filename: 0
    Start line: 0
Function #18
    Name: 32
    System name: 0
    Filename: 0
    Start line: 0
Function #19
    Name: 33
    System name: 0
    Filename: 0
    Start line: 0
Function #20
    Name: 34
    System name: 0
    Filename: 0
    Start line: 0
Function #21
    Name: 35
    System name: 0
    Filename: 0
    Start line: 0
Function #22
    Name: 36
    System name: 0
    Filename: 0
    Start line: 0
Function #23
    Name: 37
    System name: 0
    Filename: 0
    Start line: 0
Function #24
    Name: 38
    System name: 0
    Filename: 0
    Start line: 0
Function #25
    Name: 39
    System name: 0
    Filename: 0
    Start line: 0
Function #26
    Name: 40
    System name: 0
    Filename: 0
    Start line: 0
Function #27
    Name: 41
    System name: 0
    Filename: 0
    Start line: 0
Function #28
    Name: 42
    System name: 0
    Filename: 0
    Start line: 0
Function #29
    Name: 43
    System name: 0
    Filename: 0
    Start line: 0
Function #30
    Name: 44
    System name: 0
    Filename: 0
    Start line: 0
Function #31
    Name: 45
    System name: 0
    Filename: 0
    Start line: 0
Function #32
    Name: 46
    System name: 0
    Filename: 0
    Start line: 0
Function #33
    Name: 47
    System name: 0
    Filename: 0
    Start line: 0
Function #34
    Name: 48
    System name: 0
    Filename: 0
    Start line: 0
Function #35
    Name: 49
    System name: 0
    Filename: 0
    Start line: 0
Function #36
    Name: 50
    System name: 0
    Filename: 0
    Start line: 0
Function #37
    Name: 51
    System name: 0
    Filename: 0
    Start line: 0
Function #38
    Name: 52
    System name: 0
    Filename: 0
    Start line: 0
Function #39
    Name: 53
    System name: 0
    Filename: 0
    Start line: 0
Function #40
    Name: 54
    System name: 0
    Filename: 0
    Start line: 0
Function #41
    Name: 55
    System name: 0
    Filename: 0
    Start line: 0
Function #42
    Name: 56
    System name: 0
    Filename: 0
    Start line: 0
Function #43
    Name: 57
    System name: 0
    Filename: 0
    Start line: 0
Function #44
    Name: 58
    System name: 0
    Filename: 0
    Start line: 0
Function #45
    Name: 59
    System name: 0
    Filename: 0
    Start line: 0
Function #46
    Name: 60
    System name: 0
    Filename: 0
    Start line: 0
Function #47
    Name: 62
    System name: 0
    Filename: 0
    Start line: 0
Function #48
    Name: 63
    System name: 0
    Filename: 0
    Start line: 0
Function #49
    Name: 64
    System name: 0
    Filename: 0
    Start line: 0
Function #50
    Name: 65
    System name: 0
    Filename: 0
    Start line: 0
Function #51
    Name: 66
    System name: 0
    Filename: 67
    Start line: 0
Function #52
    Name: 68
    System name: 0
    Filename: 67
    Start line: 0
Function #53
    Name: 69
    System name: 0
    Filename: 70
    Start line: 0
Function #54
    Name: 71
    System name: 0
    Filename: 70
    Start line: 0
Function #55
    Name: 72
    System name: 0
    Filename: 73
    Start line: 0
Function #56
    Name: 74
    System name: 0
    Filename: 75
    Start line: 0
Function #57
    Name: 76
    System name: 0
    Filename: 75
    Start line: 0
Function #58
    Name: 77
    System name: 0
    Filename: 75
    Start line: 0
Function #59
    Name: 78
    System name: 0
    Filename: 79
    Start line: 0
Function #60
    Name: 80
    System name: 0
    Filename: 81
    Start line: 0
Function #61
    Name: 82
    System name: 0
    Filename: 0
    Start line: 0
Function #62
    Name: 83
    System name: 0
    Filename: 0
    Start line: 0
Function #63
    Name: 84
    System name: 0
    Filename: 85
    Start line: 0
Function #64
    Name: 86
    System name: 0
    Filename: 87
    Start line: 0
Function #65
    Name: 88
    System name: 0
    Filename: 75
    Start line: 0
Function #66
    Name: 89
    System name: 0
    Filename: 75
    Start line: 0
Function #67
    Name: 90
    System name: 0
    Filename: 75
    Start line: 0
Function #68
    Name: 91
    System name: 0
    Filename: 75
    Start line: 0
Function #69
    Name: 92
    System name: 0
    Filename: 75
    Start line: 0
Function #70
    Name: 93
    System name: 0
    Filename: 0
    Start line: 0
Function #71
    Name: 94
    System name: 0
    Filename: 0
    Start line: 0
Function #72
    Name: 95
    System name: 0
    Filename: 0
    Start line: 0
Function #73
    Name: 96
    System name: 0
    Filename: 0
    Start line: 0
Function #74
    Name: 97
    System name: 0
    Filename: 0
    Start line: 0
Function #75
    Name: 98
    System name: 0
    Filename: 0
    Start line: 0
Function #76
    Name: 99
    System name: 0
    Filename: 0
    Start line: 0
Function #77
    Name: 100
    System name: 0
    Filename: 0
    Start line: 0
Function #78
    Name: 101
    System name: 0
    Filename: 0
    Start line: 0
Function #79
    Name: 80
    System name: 0
    Filename: 102
    Start line: 0
Function #80
    Name: 103
    System name: 0
    Filename: 79
    Start line: 0
Function #81
    Name: 104
    System name: 0
    Filename: 105
    Start line: 0
Function #82
    Name: 106
    System name: 0
    Filename: 107
    Start line: 0
Function #83
    Name: 108
    System name: 0
    Filename: 85
    Start line: 0
Function #84
    Name: 109
    System name: 0
    Filename: 85
    Start line: 0
Function #85
    Name: 110
    System name: 0
    Filename: 111
    Start line: 0
Function #86
    Name: 112
    System name: 0
    Filename: 111
    Start line: 0
Function #87
    Name: 113
    System name: 0
    Filename: 114
    Start line: 0
Function #88
    Name: 115
    System name: 0
    Filename: 114
    Start line: 0
Function #89
    Name: 116
    System name: 0
    Filename: 114
    Start line: 0
Function #90
    Name: 117
    System name: 0
    Filename: 114
    Start line: 0
Function #91
    Name: 80
    System name: 0
    Filename: 114
    Start line: 0
Function #92
    Name: 118
    System name: 0
    Filename: 119
    Start line: 0
Function #93
    Name: 120
    System name: 0
    Filename: 121
    Start line: 0
Function #94
    Name: 122
    System name: 0
    Filename: 121
    Start line: 0
Function #95
    Name: 123
    System name: 0
    Filename: 124
    Start line: 0
Function #96
    Name: 125
    System name: 0
    Filename: 124
    Start line: 0
Function #97
    Name: 126
    System name: 0
    Filename: 127
    Start line: 0
Function #98
    Name: 128
    System name: 0
    Filename: 127
    Start line: 0
Function #99
    Name: 129
    System name: 0
    Filename: 127
    Start line: 0
Function #100
    Name: 130
    System name: 0
    Filename: 127
    Start line: 0
Function #101
    Name: 76
    System name: 0
    Filename: 127
    Start line: 0
Function #102
    Name: 131
    System name: 0
    Filename: 132
    Start line: 0
Function #103
    Name: 133
    System name: 0
    Filename: 132
    Start line: 0
Function #104
    Name: 134
    System name: 0
    Filename: 132
    Start line: 0
Function #105
    Name: 135
    System name: 0
    Filename: 132
    Start line: 0
Function #106
    Name: 136
    System name: 0
    Filename: 132
    Start line: 0
Function #107
    Name: 137
    System name: 0
    Filename: 132
    Start line: 0
Function #108
    Name: 138
    System name: 0
    Filename: 139
    Start line: 0
Function #109
    Name: 80
    System name: 0
    Filename: 139
    Start line: 0
Function #110
    Name: 140
    System name: 0
    Filename: 139
    Start line: 0
Function #111
    Name: 141
    System name: 0
    Filename: 139
    Start line: 0
Function #112
    Name: 142
    System name: 0
    Filename: 139
    Start line: 0
Function #113
    Name: 147
    System name: 0
    Filename: 0
    Start line: 0
Function #114
    Name: 148
    System name: 0
    Filename: 0
    Start line: 0
Function #115
    Name: 149
    System name: 0
    Filename: 0
    Start line: 0
Function #116
    Name: 150
    System name: 0
    Filename: 0
    Start line: 0
Function #117
    Name: 151
    System name: 0
    Filename: 0
    Start line: 0
Function #118
    Name: 152
    System name: 0
    Filename: 0
    Start line: 0
Function #119
    Name: 153
    System name: 0
    Filename: 0
    Start line: 0
Function #120
    Name: 154
    System name: 0
    Filename: 0
    Start line: 0
Function #121
    Name: 155
    System name: 0
    Filename: 0
    Start line: 0
Function #122
    Name: 156
    System name: 0
    Filename: 0
    Start line: 0
Function #123
    Name: 157
    System name: 0
    Filename: 0
    Start line: 0
Function #124
    Name: 158
    System name: 0
    Filename: 0
    Start line: 0
Function #125
    Name: 159
    System name: 0
    Filename: 0
    Start line: 0
Function #126
    Name: 160
    System name: 0
    Filename: 0
    Start line: 0
Function #127
    Name: 161
    System name: 0
    Filename: 0
    Start line: 0
Function #128
    Name: 162
    System name: 0
    Filename: 0
    Start line: 0
Function #129
    Name: 165
    System name: 0
    Filename: 166
    Start line: 0
Function #130
    Name: 167
    System name: 0
    Filename: 168
    Start line: 0
Function #131
    Name: 169
    System name: 0
    Filename: 168
    Start line: 0
Function #132
    Name: 169
    System name: 0
    Filename: 170
    Start line: 0
Function #133
    Name: 171
    System name: 0
    Filename: 172
    Start line: 0
Function #134
    Name: 173
    System name: 0
    Filename: 174
    Start line: 0
Function #135
    Name: 175
    System name: 0
    Filename: 176
    Start line: 0
Function #136
    Name: 177
    System name: 0
    Filename: 178
    Start line: 0
Function #137
    Name: 179
    System name: 0
    Filename: 180
    Start line: 0
Function #138
    Name: 181
    System name: 0
    Filename: 182
    Start line: 0
Function #139
    Name: 183
    System name: 0
    Filename: 184
    Start line: 0
Function #140
    Name: 185
    System name: 0
    Filename: 184
    Start line: 0
Function #141
    Name: 186
    System name: 0
    Filename: 184
    Start line: 0
Function #142
    Name: 187
    System name: 0
    Filename: 188
    Start line: 0
Function #143
    Name: 189
    System name: 0
    Filename: 188
    Start line: 0
Function #144
    Name: 190
    System name: 0
    Filename: 191
    Start line: 0
Function #145
    Name: 192
    System name: 0
    Filename: 193
    Start line: 0
Function #146
    Name: 194
    System name: 0
    Filename: 195
    Start line: 0
Function #147
    Name: 196
    System name: 0
    Filename: 195
    Start line: 0
Function #148
    Name: 197
    System name: 0
    Filename: 198
    Start line: 0
Function #149
    Name: 199
    System name: 0
    Filename: 198
    Start line: 0
Function #150
    Name: 200
    System name: 0
    Filename: 198
    Start line: 0
Function #151
    Name: 201
    System name: 0
    Filename: 195
    Start line: 0
Function #152
    Name: 202
    System name: 0
    Filename: 178
    Start line: 0
Function #153
    Name: 203
    System name: 0
    Filename: 178
    Start line: 0
Function #154
    Name: 204
    System name: 0
    Filename: 205
    Start line: 0
Function #155
    Name: 206
    System name: 0
    Filename: 207
    Start line: 0
Function #156
    Name: 208
    System name: 0
    Filename: 184
    Start line: 0
Function #157
    Name: 209
    System name: 0
    Filename: 0
    Start line: 0
Function #158
    Name: 210
    System name: 0
    Filename: 0
    Start line: 0
Function #159
    Name: 211
    System name: 0
    Filename: 0
    Start line: 0
Function #160
    Name: 212
    System name: 0
    Filename: 0
    Start line: 0
Function #161
    Name: 213
    System name: 0
    Filename: 0
    Start line: 0
Function #162
    Name: 214
    System name: 0
    Filename: 168
    Start line: 0
Function #163
    Name: 214
    System name: 0
    Filename: 170
    Start line: 0
Function #164
    Name: 215
    System name: 0
    Filename: 174
    Start line: 0
Function #165
    Name: 216
    System name: 0
    Filename: 217
    Start line: 0
Function #166
    Name: 218
    System name: 0
    Filename: 217
    Start line: 0
Function #167
    Name: 219
    System name: 0
    Filename: 220
    Start line: 0
Function #168
    Name: 221
    System name: 0
    Filename: 193
    Start line: 0
Function #169
    Name: 222
    System name: 0
    Filename: 223
    Start line: 0
Function #170
    Name: 224
    System name: 0
    Filename: 225
    Start line: 0
Function #171
    Name: 226
    System name: 0
    Filename: 227
    Start line: 0
Function #172
    Name: 228
    System name: 0
    Filename: 227
    Start line: 0
Function #173
    Name: 229
    System name: 0
    Filename: 230
    Start line: 0
Function #174
    Name: 231
    System name: 0
    Filename: 232
    Start line: 0
Function #175
    Name: 233
    System name: 0
    Filename: 232
    Start line: 0
Function #176
    Name: 234
    System name: 0
    Filename: 182
    Start line: 0
Function #177
    Name: 235
    System name: 0
    Filename: 0
    Start line: 0
Function #178
    Name: 236
    System name: 0
    Filename: 0
    Start line: 0
Function #179
    Name: 237
    System name: 0
    Filename: 0
    Start line: 0
Function #180
    Name: 238
    System name: 0
    Filename: 0
    Start line: 0
Function #181
    Name: 239
    System name: 0
    Filename: 0
    Start line: 0
Function #182
    Name: 240
    System name: 0
    Filename: 241
    Start line: 0
Function #183
    Name: 242
    System name: 0
    Filename: 243
    Start line: 0
Function #184
    Name: 244
    System name: 0
    Filename: 245
    Start line: 0
Function #185
    Name: 246
    System name: 0
    Filename: 247
    Start line: 0
Function #186
    Name: 248
    System name: 0
    Filename: 247
    Start line: 0
Function #187
    Name: 249
    System name: 0
    Filename: 247
    Start line: 0
Function #188
    Name: 250
    System name: 0
    Filename: 247
    Start line: 0
Function #189
    Name: 251
    System name: 0
    Filename: 180
    Start line: 0
Function #190
    Name: 252
    System name: 0
    Filename: 0
    Start line: 0
Function #191
    Name: 253
    System name: 0
    Filename: 254
    Start line: 0
Function #192
    Name: 255
    System name: 0
    Filename: 256
    Start line: 0
Function #193
    Name: 257
    System name: 0
    Filename: 258
    Start line: 0
Function #194
    Name: 259
    System name: 0
    Filename: 260
    Start line: 0
Function #195
    Name: 261
    System name: 0
    Filename: 0
    Start line: 0
Function #196
    Name: 262
    System name: 0
    Filename: 0
    Start line: 0
Function #197
    Name: 263
    System name: 0
    Filename: 0
    Start line: 0
Function #198
    Name: 264
    System name: 0
    Filename: 0
    Start line: 0
Function #199
    Name: 265
    System name: 0
    Filename: 266
    Start line: 0
Function #200
    Name: 267
    System name: 0
    Filename: 266
    Start line: 0
Function #201
    Name: 268
    System name: 0
    Filename: 269
    Start line: 0
Function #202
    Name: 270
    System name: 0
    Filename: 269
    Start line: 0
Function #203
    Name: 271
    System name: 0
    Filename: 269
    Start line: 0
Function #204
    Name: 272
    System name: 0
    Filename: 273
    Start line: 0
Function #205
    Name: 274
    System name: 0
    Filename: 273
    Start line: 0
Function #206
    Name: 275
    System name: 0
    Filename: 273
    Start line: 0
Function #207
    Name: 276
    System name: 0
    Filename: 277
    Start line: 0
Function #208
    Name: 278
    System name: 0
    Filename: 180
    Start line: 0
Function #209
    Name: 279
    System name: 0
    Filename: 277
    Start line: 0
Function #210
    Name: 280
    System name: 0
    Filename: 277
    Start line: 0
Function #211
    Name: 281
    System name: 0
    Filename: 273
    Start line: 0
Function #212
    Name: 282
    System name: 0
    Filename: 283
    Start line: 0
Function #213
    Name: 284
    System name: 0
    Filename: 285
    Start line: 0
Function #214
    Name: 286
    System name: 0
    Filename: 184
    Start line: 0
Function #215
    Name: 288
    System name: 0
    Filename: 0
    Start line: 0
Function #216
    Name: 289
    System name: 0
    Filename: 0
    Start line: 0
Function #217
    Name: 290
    System name: 0
    Filename: 0
    Start line: 0
Function #218
    Name: 291
    System name: 0
    Filename: 0
    Start line: 0
Function #219
    Name: 292
    System name: 0
    Filename: 0
    Start line: 0
Function #220
    Name: 293
    System name: 0
    Filename: 0
    Start line: 0
Function #221
    Name: 294
    System name: 0
    Filename: 0
    Start line: 0
Function #222
    Name: 295
    System name: 0
    Filename: 0
    Start line: 0
Function #223
    Name: 296
    System name: 0
    Filename: 0
    Start line: 0
Function #224
    Name: 297
    System name: 0
    Filename: 0
    Start line: 0
Function #225
    Name: 298
    System name: 0
    Filename: 0
    Start line: 0
Function #226
    Name: 299
    System name: 0
    Filename: 0
    Start line: 0
Function #227
    Name: 300
    System name: 0
    Filename: 0
    Start line: 0
Function #228
    Name: 301
    System name: 0
    Filename: 0
    Start line: 0
Function #229
    Name: 302
    System name: 0
    Filename: 0
    Start line: 0
Function #230
    Name: 304
    System name: 0
    Filename: 0
    Start line: 0
Function #231
    Name: 305
    System name: 0
    Filename: 0
    Start line: 0
Function #232
    Name: 306
    System name: 0
    Filename: 0
    Start line: 0
Function #233
    Name: 307
    System name: 0
    Filename: 0
    Start line: 0
Function #234
    Name: 308
    System name: 0
    Filename: 0
    Start line: 0
Function #235
    Name: 309
    System name: 0
    Filename: 0
    Start line: 0
Function #236
    Name: 310
    System name: 0
    Filename: 0
    Start line: 0
Function #237
    Name: 311
    System name: 0
    Filename: 0
    Start line: 0
Function #238
    Name: 312
    System name: 0
    Filename: 0
    Start line: 0
Function #239
    Name: 313
    System name: 0
    Filename: 0
    Start line: 0
Function #240
    Name: 314
    System name: 0
    Filename: 0
    Start line: 0
Function #241
    Name: 315
    System name: 0
    Filename: 0
    Start line: 0
Function #242
    Name: 316
    System name: 0
    Filename: 0
    Start line: 0
Function #243
    Name: 317
    System name: 0
    Filename: 0
    Start line: 0
Function #244
    Name: 318
    System name: 0
    Filename: 0
    Start line: 0
Function #245
    Name: 319
    System name: 0
    Filename: 0
    Start line: 0
Function #246
    Name: 320
    System name: 0
    Filename: 0
    Start line: 0
Function #247
    Name: 321
    System name: 0
    Filename: 0
    Start line: 0
Function #248
    Name: 322
    System name: 0
    Filename: 0
    Start line: 0
Function #249
    Name: 323
    System name: 0
    Filename: 0
    Start line: 0
Function #250
    Name: 324
    System name: 0
    Filename: 0
    Start line: 0
Function #251
    Name: 325
    System name: 0
    Filename: 0
    Start line: 0
Function #252
    Name: 326
    System name: 0
    Filename: 0
    Start line: 0
Function #253
    Name: 327
    System name: 0
    Filename: 0
    Start line: 0
Function #254
    Name: 328
    System name: 0
    Filename: 0
    Start line: 0
Function #255
    Name: 329
    System name: 0
    Filename: 0
    Start line: 0
Function #256
    Name: 330
    System name: 0
    Filename: 0
    Start line: 0
Function #257
    Name: 331
    System name: 0
    Filename: 0
    Start line: 0
Function #258
    Name: 332
    System name: 0
    Filename: 0
    Start line: 0
Function #259
    Name: 333
    System name: 0
    Filename: 0
    Start line: 0
Function #260
    Name: 334
    System name: 0
    Filename: 0
    Start line: 0
Function #261
    Name: 335
    System name: 0
    Filename: 0
    Start line: 0
Function #262
    Name: 336
    System name: 0
    Filename: 0
    Start line: 0
Function #263
    Name: 337
    System name: 0
    Filename: 0
    Start line: 0
Function #264
    Name: 338
    System name: 0
    Filename: 0
    Start line: 0
Function #265
    Name: 339
    System name: 0
    Filename: 0
    Start line: 0
Function #266
    Name: 340
    System name: 0
    Filename: 0
    Start line: 0
Function #267
    Name: 341
    System name: 0
    Filename: 0
    Start line: 0
Function #268
    Name: 342
    System name: 0
    Filename: 0
    Start line: 0
Function #269
    Name: 343
    System name: 0
    Filename: 0
    Start line: 0
Function #270
    Name: 344
    System name: 0
    Filename: 0
    Start line: 0
Function #271
    Name: 345
    System name: 0
    Filename: 0
    Start line: 0
Function #272
    Name: 346
    System name: 0
    Filename: 0
    Start line: 0
Function #273
    Name: 347
    System name: 0
    Filename: 0
    Start line: 0
Function #274
    Name: 348
    System name: 0
    Filename: 0
    Start line: 0
Function #275
    Name: 349
    System name: 0
    Filename: 0
    Start line: 0
Function #276
    Name: 350
    System name: 0
    Filename: 0
    Start line: 0
Function #277
    Name: 351
    System name: 0
    Filename: 0
    Start line: 0
Function #278
    Name: 352
    System name: 0
    Filename: 0
    Start line: 0
Function #279
    Name: 353
    System name: 0
    Filename: 0
    Start line: 0
Function #280
    Name: 354
    System name: 0
    Filename: 0
    Start line: 0
Function #281
    Name: 355
    System name: 0
    Filename: 0
    Start line: 0
Attribute table:
     -> Key: Int(6)
     -> Value: Str(b4a5d2a989bfd6835427235f35032d9e)
     -> unit: Int(0)
Link table:
     -> Trace ID: Str()
     -> Span ID: Str()
String table:
    
    cpu
    nanoseconds
    samples
    count
    codex
    process.executable.build_id.htlhash
    profile.frame.type
    thread.name
    thread.id
    cpu.logical_number
    vmlinux
    process.executable.build_id.gnu
    _copy_to_iter
    copy_page_to_iter
    filemap_read
    generic_file_read_iter
    ext4_file_read_iter
    vfs_read
    __x64_sys_pread64
    x64_sys_call
    do_syscall_64
    entry_SYSCALL_64_after_hwframe
    copy_page_from_iter_atomic
    generic_perform_write
    ext4_buffered_write_iter
    ext4_file_write_iter
    vfs_write
    __x64_sys_pwrite64
    agentsight
    libc.so.6
    folio_add_new_anon_rmap
    do_anonymous_page
    handle_pte_fault
    __handle_mm_fault
    handle_mm_fault
    do_user_addr_fault
    exc_page_fault
    asm_exc_page_fault
    ksys_read
    __x64_sys_read
    zap_present_ptes.constprop.0
    zap_pte_range
    zap_pmd_range.isra.0
    zap_pud_range.isra.0
    unmap_page_range
    unmap_single_vma
    unmap_vmas
    vms_clear_ptes
    vms_complete_munmap_vmas
    do_vmi_align_munmap
    do_vmi_munmap
    __vm_munmap
    __x64_sys_munmap
    nd_jump_root
    path_init
    path_lookupat
    filename_lookup
    vfs_statx
    do_statx
    __x64_sys_statx
    node
    V8::BuiltinExitFrame
    V8::InternalFrame
    V8::EntryFrame
    V8::ExitFrame
    deserializePackageJSON
    node:internal/modules/package_json_reader
    getPackageScopeConfig
    getFileProtocolModuleFormat
    node:internal/modules/esm/get_format
    defaultGetFormatWithoutErrors
    defaultResolve
    node:internal/modules/esm/resolve
    #cachedDefaultResolve
    node:internal/modules/esm/loader
    resolve
    getModuleJobForImport
    _link
    node:internal/modules/esm/module_job
    <anonymous>
    <unknown>
    V8::StubFrame
    V8::ConstructFrame
    compileSourceTextModule
    node:internal/modules/esm/utils
    moduleStrategy
    node:internal/modules/esm/translators
    #translate
    afterLoad
    loadAndTranslate
    #createModuleJob
    #getJobFromResolveResult
    __d_lookup_rcu
    lookup_fast
    walk_component
    link_path_walk.part.0.constprop.0
    path_openat
    do_filp_open
    do_sys_openat2
    __x64_sys_openat
    V8::UnknownFrame
    file:///home/fishclaw/.nvm/versions/node/v22.22.0/lib/node_modules/openclaw/dist/zod-schema.core-DAimf26A.js
    run
    realpathSync
    node:fs
    safeRealpathSync
    file:///home/fishclaw/.nvm/versions/node/v22.22.0/lib/node_modules/openclaw/dist/path-BlG8lhgR.js
    getDefaultConditions
    getConditionsSet
    buildPluginManifestLoadCacheKey
    file:///home/fishclaw/.nvm/versions/node/v22.22.0/lib/node_modules/openclaw/dist/manifest-RdUa_bOI.js
    loadPluginManifest
    resolveCandidateManifest
    file:///home/fishclaw/.nvm/versions/node/v22.22.0/lib/node_modules/openclaw/dist/discovery-BUQqFET8.js
    discoverInDirectory
    tracePluginLifecyclePhase.scope
    tracePluginLifecyclePhase
    listChannelCatalogEntries
    file:///home/fishclaw/.nvm/versions/node/v22.22.0/lib/node_modules/openclaw/dist/channel-catalog-registry-CoMZ7aLc.js
    listBundledChannelIdsForRoot
    file:///home/fishclaw/.nvm/versions/node/v22.22.0/lib/node_modules/openclaw/dist/bootstrap-registry-BBZtC4Up.js
    listBundledChannelIds
    listPotentialConfiguredChannelPresenceSignals
    file:///home/fishclaw/.nvm/versions/node/v22.22.0/lib/node_modules/openclaw/dist/channel-env-var-names-BB2Lxcdw.js
    listPotentialConfiguredChannelIds
    listPotentialEnabledChannelIds
    file:///home/fishclaw/.nvm/versions/node/v22.22.0/lib/node_modules/openclaw/dist/gateway-startup-plugin-ids-mVzqhEQT.js
    collectConfiguredStartupChannelIds
    collectConfigValidationChannelIds
    resolveConfigValidationMetadataPluginIds
    resolvePluginMetadataSnapshotPluginIds
    file:///home/fishclaw/.nvm/versions/node/v22.22.0/lib/node_modules/openclaw/dist/plugin-metadata-snapshot-DXKcDDxT.js
    loadPluginMetadataSnapshotImpl
    measureDiagnosticsTimelineSpanSync.phase
    measureDiagnosticsTimelineSpanSync
    loadPluginMetadataSnapshot
    resolvePluginMetadataSnapshot
    loadValidationPluginMetadataSnapshot
    file:///home/fishclaw/.nvm/versions/node/v22.22.0/lib/node_modules/openclaw/dist/io-fQmSDfK-.js
    validateConfigObjectWithPlugins
    measure
    readConfigFileSnapshotInternal
    libclang-cpp.so.18.1
    clang
    libLLVM.so.1
    libstdc++.so.6.0.35
    alloc_anon_folio
    _raw_spin_unlock_irqrestore
    folios_put_refs
    free_pages_and_swap_cache
    __tlb_batch_free_encoded_pages
    tlb_flush_mmu
    __do_sys_brk
    __x64_sys_brk
    finish_task_switch.isra.0
    __schedule
    schedule
    schedule_hrtimeout_range_clock
    schedule_hrtimeout_range
    ep_poll
    do_epoll_wait
    __x64_sys_epoll_wait
    otelcol-ebpf-profiler
    process.executable.build_id.go
    internal/runtime/syscall.Syscall6
    /home/yunwei37/go/pkg/mod/golang.org/toolchain@v0.0.1-go1.25.0.linux-amd64/src/internal/runtime/syscall/asm_linux_amd64.s
    syscall.RawSyscall6
    /home/yunwei37/go/pkg/mod/golang.org/toolchain@v0.0.1-go1.25.0.linux-amd64/src/syscall/syscall_linux.go
    syscall.Syscall6
    <autogenerated>
    golang.org/x/sys/unix.EpollWait
    /home/yunwei37/go/pkg/mod/golang.org/x/sys@v0.46.0/unix/zsyscall_linux_amd64.go
    github.com/cilium/ebpf/internal/epoll.(*Poller).Wait
    /home/yunwei37/go/pkg/mod/github.com/cilium/ebpf@v0.21.0/internal/unix/types_linux.go
    github.com/cilium/ebpf/perf.(*Reader).ReadInto
    /home/yunwei37/go/pkg/mod/github.com/cilium/ebpf@v0.21.0/perf/reader.go
    go.opentelemetry.io/ebpf-profiler/tracer.startPerfEventMonitor.func1
    /tmp/opentelemetry-ebpf-profiler/tracer/events.go
    runtime.goexit
    /home/yunwei37/go/pkg/mod/golang.org/toolchain@v0.0.1-go1.25.0.linux-amd64/src/runtime/asm_amd64.s
    go.opentelemetry.io/ebpf-profiler/nativeunwind/stackdeltatypes.(*StackDeltaArray).AddEx
    /tmp/opentelemetry-ebpf-profiler/nativeunwind/stackdeltatypes/stackdeltatypes.go
    go.opentelemetry.io/ebpf-profiler/nativeunwind/elfunwindinfo.(*elfExtractor).parseFDE
    /tmp/opentelemetry-ebpf-profiler/nativeunwind/elfunwindinfo/elfehframe.go
    go.opentelemetry.io/ebpf-profiler/nativeunwind/elfunwindinfo.(*elfExtractor).walkBinSearchTable
    go.opentelemetry.io/ebpf-profiler/nativeunwind/elfunwindinfo.(*elfExtractor).parseEHFrame
    go.opentelemetry.io/ebpf-profiler/nativeunwind/elfunwindinfo.extractFile
    /tmp/opentelemetry-ebpf-profiler/nativeunwind/elfunwindinfo/stackdeltaextraction.go
    go.opentelemetry.io/ebpf-profiler/nativeunwind/elfunwindinfo.ExtractELF
    go.opentelemetry.io/ebpf-profiler/nativeunwind/elfunwindinfo.(*ELFStackDeltaProvider).GetIntervalStructuresForFile
    /tmp/opentelemetry-ebpf-profiler/nativeunwind/elfunwindinfo/stackdeltaprovider.go
    go.opentelemetry.io/ebpf-profiler/processmanager/execinfomanager.(*ExecutableInfoManager).AddOrIncRef
    /tmp/opentelemetry-ebpf-profiler/processmanager/execinfomanager/manager.go
    go.opentelemetry.io/ebpf-profiler/processmanager.(*ProcessManager).newFrameMapping
    /tmp/opentelemetry-ebpf-profiler/processmanager/processinfo.go
    go.opentelemetry.io/ebpf-profiler/processmanager.(*ProcessManager).SynchronizeProcess.func1
    go.opentelemetry.io/ebpf-profiler/process.(*systemProcess).IterateMappings.func1
    /tmp/opentelemetry-ebpf-profiler/process/process.go
    go.opentelemetry.io/ebpf-profiler/process.iterateMappings
    go.opentelemetry.io/ebpf-profiler/process.(*systemProcess).IterateMappings
    go.opentelemetry.io/ebpf-profiler/processmanager.(*ProcessManager).SynchronizeProcess
    go.opentelemetry.io/ebpf-profiler/tracer.(*Tracer).processPIDEvents
    go.opentelemetry.io/ebpf-profiler/tracer.(*Tracer).StartPIDEventProcessor.gowrap1
    internal/runtime/maps.(*Map).getWithKeySmall
    /home/yunwei37/go/pkg/mod/golang.org/toolchain@v0.0.1-go1.25.0.linux-amd64/src/internal/abi/map_swiss.go
    runtime.mapaccess2
    /home/yunwei37/go/pkg/mod/golang.org/toolchain@v0.0.1-go1.25.0.linux-amd64/src/internal/runtime/maps/runtime_swiss.go
    go.opentelemetry.io/ebpf-profiler/nativeunwind/elfunwindinfo.isSignalTrampoline
    _copy_from_user
    generic_map_update_batch
    bpf_map_do_batch
    __sys_bpf
    __x64_sys_bpf
    syscall.Syscall
    github.com/cilium/ebpf/internal/sys.BPF
    github.com/cilium/ebpf.(*Map).batchUpdate
    /home/yunwei37/go/pkg/mod/github.com/cilium/ebpf@v0.21.0/map.go
    github.com/cilium/ebpf.(*Map).BatchUpdate
    go.opentelemetry.io/ebpf-profiler/processmanager/ebpf.(*ebpfMapsImpl).UpdateExeIDToStackDeltas
    /tmp/opentelemetry-ebpf-profiler/processmanager/ebpf/ebpf.go
    go.opentelemetry.io/ebpf-profiler/processmanager/execinfomanager.(*executableInfoManagerState).loadDeltas
    go.opentelemetry.io/ebpf-profiler/reporter/internal/pdata.setResourceAttributes
    /home/yunwei37/go/pkg/mod/golang.org/toolchain@v0.0.1-go1.25.0.linux-amd64/src/internal/filepathlite/path.go
    go.opentelemetry.io/ebpf-profiler/reporter/internal/pdata.(*Pdata).Generate
    /home/yunwei37/go/pkg/mod/go.opentelemetry.io/collector/pdata@v1.60.0/internal/state.go
    go.opentelemetry.io/ebpf-profiler/reporter.(*CollectorReporter).reportProfile
    /tmp/opentelemetry-ebpf-profiler/reporter/collector_reporter.go
    go.opentelemetry.io/ebpf-profiler/reporter.(*CollectorReporter).Start.func1
    go.opentelemetry.io/ebpf-profiler/reporter.(*runLoop).Start.func1
    /tmp/opentelemetry-ebpf-profiler/reporter/runloop.go
    slices.partialInsertionSortCmpFunc[go.shape.struct { Address uint64; Hints uint8; Info go.opentelemetry.io/ebpf-profiler/support.UnwindInfo }]
    /home/yunwei37/go/pkg/mod/golang.org/toolchain@v0.0.1-go1.25.0.linux-amd64/src/slices/zsortanyfunc.go
    slices.pdqsortCmpFunc[go.shape.struct { Address uint64; Hints uint8; Info go.opentelemetry.io/ebpf-profiler/support.UnwindInfo }]
    go.opentelemetry.io/ebpf-profiler/nativeunwind/stackdeltatypes.(*StackDeltaArray).Sort
    futex_wait_queue
    __futex_wait
    futex_wait
    do_futex
    __x64_sys_futex
    runtime.futex
    /home/yunwei37/go/pkg/mod/golang.org/toolchain@v0.0.1-go1.25.0.linux-amd64/src/runtime/sys_linux_amd64.s
    runtime.futexsleep
    /home/yunwei37/go/pkg/mod/golang.org/toolchain@v0.0.1-go1.25.0.linux-amd64/src/runtime/os_linux.go
    runtime.notesleep
    /home/yunwei37/go/pkg/mod/golang.org/toolchain@v0.0.1-go1.25.0.linux-amd64/src/runtime/lock_futex.go
    runtime.stopm
    /home/yunwei37/go/pkg/mod/golang.org/toolchain@v0.0.1-go1.25.0.linux-amd64/src/runtime/proc.go
    runtime.findRunnable
    runtime.schedule
    runtime.park_m
    runtime.mcall
    __f_unlock_pos
    syscall.read
    /home/yunwei37/go/pkg/mod/golang.org/toolchain@v0.0.1-go1.25.0.linux-amd64/src/syscall/zsyscall_linux_amd64.go
    internal/poll.(*FD).Read
    /home/yunwei37/go/pkg/mod/golang.org/toolchain@v0.0.1-go1.25.0.linux-amd64/src/syscall/syscall_unix.go
    os.(*File).Read
    /home/yunwei37/go/pkg/mod/golang.org/toolchain@v0.0.1-go1.25.0.linux-amd64/src/os/file_posix.go
    bufio.(*Scanner).Scan
    /home/yunwei37/go/pkg/mod/golang.org/toolchain@v0.0.1-go1.25.0.linux-amd64/src/bufio/scan.go
    __check_heap_object
    check_heap_object
    __check_object_size.part.0
    __check_object_size
    runtime.step
    /home/yunwei37/go/pkg/mod/golang.org/toolchain@v0.0.1-go1.25.0.linux-amd64/src/runtime/symtab.go
    runtime.pcvalue
    runtime.(*unwinder).resolveInternal
    /home/yunwei37/go/pkg/mod/golang.org/toolchain@v0.0.1-go1.25.0.linux-amd64/src/runtime/traceback.go
    runtime.(*unwinder).next
    runtime.scanstack
    runtime.markroot.func1
    /home/yunwei37/go/pkg/mod/golang.org/toolchain@v0.0.1-go1.25.0.linux-amd64/src/runtime/mgcmark.go
    runtime.markroot
    runtime.gcDrain
    runtime.gcBgMarkWorker.func2
    /home/yunwei37/go/pkg/mod/golang.org/toolchain@v0.0.1-go1.25.0.linux-amd64/src/runtime/mgc.go
    runtime.systemstack
    runtime.gcBgMarkWorker
    runtime.gcBgMarkStartWorkers.gowrap1
    runtime.scanobject
    runtime.duffcopy
    /home/yunwei37/go/pkg/mod/golang.org/toolchain@v0.0.1-go1.25.0.linux-amd64/src/runtime/duff_amd64.s
    go.opentelemetry.io/ebpf-profiler/nativeunwind/elfunwindinfo.(*vmRegs).getUnwindInfoX86
    /tmp/opentelemetry-ebpf-profiler/nativeunwind/elfunwindinfo/elfehframe_x86.go
    go.opentelemetry.io/ebpf-profiler/nativeunwind/elfunwindinfo.(*vmRegs).getUnwindInfo
    nvidia_uvm
    uvm_hmm_unregister_gpu
    unregister_gpu
    uvm_va_space_destroy
    uvm_release.isra.0
    uvm_release_entry.part.0.isra.0
    uvm_release_entry
    __fput
    ____fput
    task_work_run
    do_exit
    do_group_exit
    get_signal
    arch_do_signal_or_restart
    syscall_exit_to_user_mode
    folio_mark_dirty_lock
    nvidia
    os_unlock_user_pages
    osDestroyOsDescriptorPageArray
    memdescDestroy.part.0
    memDestruct_IMPL
    __nvoc_dtor_Memory
    __nvoc_objDelete
    clientFreeResource_IMPL
    rmclientFreeResource_IMPL
    serverFreeResourceTreeUnderLock
    serverFreeResourceTree
    serverFreeDisabledClients
    rm_cleanup_file_private
    nvidia_close
    osDevReadReg032
    _regRead
    crashcatEngineLoadWayfinder_IMPL
    crashcatEngineGetNextCrashReport_IMPL
    kgspHealthCheck_TU102
    _kgspRpcDrainEvents
    _kgspRpcRecvPoll
    _issueRpcAndWait
    rpcRmApiAlloc_GSP
    serverAllocResourceUnderLock
    serverAllocResource
    rmapiAllocWithSecInfo
    rmapiAllocWithSecInfoTls
    rmapiAlloc
    nvGpuOpsChannelAllocate
    nvUvmInterfaceChannelAllocate
    channel_pool_add
    uvm_channel_manager_create
    uvm_gpu_retain_by_uuid
    uvm_va_space_register_gpu
    uvm_api_register_gpu
    uvm_ioctl
    uvm_unlocked_ioctl_entry.part.0
    uvm_unlocked_ioctl_entry
    __x64_sys_ioctl
    kchangrpapiConstruct_IMPL
    __nvoc_objCreate_KernelChannelGroupApi
    __nvoc_objCreateDynamic
    resservResourceFactory
    _clientAllocResourceHelper
    Nv04AllocWithAccessSecInfo
    RmIoctl
    rm_ioctl
    nvidia_unlocked_ioctl
    shmem_get_folio_gfp
    shmem_fault
    __do_fault
    do_read_fault
    do_fault
ResourceProfiles #0
Resource SchemaURL: https://opentelemetry.io/schemas/1.37.0
Resource attributes:
     -> process.pid: Int(6917)
     -> process.executable.path: Str(/home/yunwei37/.nvm/versions/node/v22.22.0/lib/node_modules/@openai/codex/node_modules/@openai/codex-linux-x64/vendor/x86_64-unknown-linux-musl/bin/codex)
     -> process.executable.name: Str(codex)
ScopeProfiles #0
ScopeProfiles SchemaURL: https://opentelemetry.io/schemas/1.37.0
InstrumentationScope go.opentelemetry.io/ebpf-profiler v0.0.0
Profile #0
    Profile ID     : 
    Start time     : 2026-06-21 20:48:16.724218999 +0000 UTC
    DurationNano   : 5153121939
    Dropped attributes count: 0
    Sample #0
        Values: []
        Attributes:
             -> thread.name: tokio-rt-worker
             -> thread.id: %!s(int64=1229557)
             -> cpu.logical_number: %!s(int64=5)
    Sample #1
        Values: []
        Attributes:
             -> thread.name: tokio-rt-worker
             -> thread.id: %!s(int64=6937)
             -> cpu.logical_number: %!s(int64=4)
    Sample #2
        Values: []
        Attributes:
             -> thread.name: sqlx-sqlite-wor
             -> thread.id: %!s(int64=1217380)
             -> cpu.logical_number: %!s(int64=10)
    Sample #3
        Values: []
        Attributes:
             -> thread.name: sqlx-sqlite-wor
             -> thread.id: %!s(int64=1217380)
             -> cpu.logical_number: %!s(int64=10)
    Sample #4
        Values: []
        Attributes:
             -> thread.name: sqlx-sqlite-wor
             -> thread.id: %!s(int64=1234982)
             -> cpu.logical_number: %!s(int64=23)
    Sample #5
        Values: []
        Attributes:
             -> thread.name: sqlx-sqlite-wor
             -> thread.id: %!s(int64=1234982)
             -> cpu.logical_number: %!s(int64=23)
    Sample #6
        Values: []
        Attributes:
             -> thread.name: tokio-rt-worker
             -> thread.id: %!s(int64=6933)
             -> cpu.logical_number: %!s(int64=1)
    Sample #7
        Values: []
        Attributes:
             -> thread.name: sqlx-sqlite-wor
             -> thread.id: %!s(int64=1217380)
             -> cpu.logical_number: %!s(int64=10)
    Sample #8
        Values: []
        Attributes:
             -> thread.name: tokio-rt-worker
             -> thread.id: %!s(int64=6937)
             -> cpu.logical_number: %!s(int64=4)
    Sample #9
        Values: []
        Attributes:
             -> thread.name: sqlx-sqlite-wor
             -> thread.id: %!s(int64=1217380)
             -> cpu.logical_number: %!s(int64=10)
    Sample #10
        Values: []
        Attributes:
             -> thread.name: tokio-rt-worker
             -> thread.id: %!s(int64=6931)
             -> cpu.logical_number: %!s(int64=9)
    Sample #11
        Values: []
        Attributes:
             -> thread.name: tokio-rt-worker
             -> thread.id: %!s(int64=6941)
             -> cpu.logical_number: %!s(int64=0)
ResourceProfiles #1
Resource SchemaURL: https://opentelemetry.io/schemas/1.37.0
Resource attributes:
     -> process.pid: Int(2711)
     -> process.executable.path: Str(/home/yunwei37/.cargo/bin/agentsight)
     -> process.executable.name: Str(agentsight)
ScopeProfiles #0
ScopeProfiles SchemaURL: https://opentelemetry.io/schemas/1.37.0
InstrumentationScope go.opentelemetry.io/ebpf-profiler v0.0.0
Profile #0
    Profile ID     : 
    Start time     : 2026-06-21 20:48:16.724218999 +0000 UTC
    DurationNano   : 5153121939
    Dropped attributes count: 0
    Sample #0
        Values: []
        Attributes:
             -> thread.name: agentsight
             -> thread.id: %!s(int64=2711)
             -> cpu.logical_number: %!s(int64=6)
    Sample #1
        Values: []
        Attributes:
             -> thread.name: agentsight
             -> thread.id: %!s(int64=2711)
             -> cpu.logical_number: %!s(int64=6)
    Sample #2
        Values: []
        Attributes:
             -> thread.name: agentsight
             -> thread.id: %!s(int64=2711)
             -> cpu.logical_number: %!s(int64=6)
    Sample #3
        Values: []
        Attributes:
             -> thread.name: agentsight
             -> thread.id: %!s(int64=2711)
             -> cpu.logical_number: %!s(int64=6)
    Sample #4
        Values: []
        Attributes:
             -> thread.name: agentsight
             -> thread.id: %!s(int64=2711)
             -> cpu.logical_number: %!s(int64=6)
    Sample #5
        Values: []
        Attributes:
             -> thread.name: agentsight
             -> thread.id: %!s(int64=2711)
             -> cpu.logical_number: %!s(int64=6)
    Sample #6
        Values: []
        Attributes:
             -> thread.name: agentsight
             -> thread.id: %!s(int64=2711)
             -> cpu.logical_number: %!s(int64=6)
    Sample #7
        Values: []
        Attributes:
             -> thread.name: agentsight
             -> thread.id: %!s(int64=2711)
             -> cpu.logical_number: %!s(int64=6)
    Sample #8
        Values: []
        Attributes:
             -> thread.name: agentsight
             -> thread.id: %!s(int64=2711)
             -> cpu.logical_number: %!s(int64=6)
    Sample #9
        Values: []
        Attributes:
             -> thread.name: agentsight
             -> thread.id: %!s(int64=2711)
             -> cpu.logical_number: %!s(int64=6)
    Sample #10
        Values: []
        Attributes:
             -> thread.name: agentsight
             -> thread.id: %!s(int64=2711)
             -> cpu.logical_number: %!s(int64=6)
ResourceProfiles #2
Resource SchemaURL: https://opentelemetry.io/schemas/1.37.0
Resource attributes:
     -> process.pid: Int(1235248)
     -> process.executable.path: Str(/home/fishclaw/.nvm/versions/node/v22.22.0/bin/node)
     -> process.executable.name: Str(node)
ScopeProfiles #0
ScopeProfiles SchemaURL: https://opentelemetry.io/schemas/1.37.0
InstrumentationScope go.opentelemetry.io/ebpf-profiler v0.0.0
Profile #0
    Profile ID     : 
    Start time     : 2026-06-21 20:48:16.724218999 +0000 UTC
    DurationNano   : 5153121939
    Dropped attributes count: 0
    Sample #0
        Values: []
        Attributes:
             -> thread.name: node
             -> thread.id: %!s(int64=1235248)
             -> cpu.logical_number: %!s(int64=9)
    Sample #1
        Values: []
        Attributes:
             -> thread.name: node
             -> thread.id: %!s(int64=1235248)
             -> cpu.logical_number: %!s(int64=1)
    Sample #2
        Values: []
        Attributes:
             -> thread.name: node
             -> thread.id: %!s(int64=1235248)
             -> cpu.logical_number: %!s(int64=1)
    Sample #3
        Values: []
        Attributes:
             -> thread.name: node
             -> thread.id: %!s(int64=1235250)
             -> cpu.logical_number: %!s(int64=18)
    Sample #4
        Values: []
        Attributes:
             -> thread.name: node
             -> thread.id: %!s(int64=1235253)
             -> cpu.logical_number: %!s(int64=17)
    Sample #5
        Values: []
        Attributes:
             -> thread.name: node
             -> thread.id: %!s(int64=1235248)
             -> cpu.logical_number: %!s(int64=1)
    Sample #6
        Values: []
        Attributes:
             -> thread.name: node
             -> thread.id: %!s(int64=1235251)
             -> cpu.logical_number: %!s(int64=23)
    Sample #7
        Values: []
        Attributes:
             -> thread.name: node
             -> thread.id: %!s(int64=1235248)
             -> cpu.logical_number: %!s(int64=1)
    Sample #8
        Values: []
        Attributes:
             -> thread.name: node
             -> thread.id: %!s(int64=1235248)
             -> cpu.logical_number: %!s(int64=1)
    Sample #9
        Values: []
        Attributes:
             -> thread.name: node
             -> thread.id: %!s(int64=1235253)
             -> cpu.logical_number: %!s(int64=17)
    Sample #10
        Values: []
        Attributes:
             -> thread.name: node
             -> thread.id: %!s(int64=1235251)
             -> cpu.logical_number: %!s(int64=23)
    Sample #11
        Values: []
        Attributes:
             -> thread.name: node
             -> thread.id: %!s(int64=1235252)
             -> cpu.logical_number: %!s(int64=14)
    Sample #12
        Values: []
        Attributes:
             -> thread.name: node
             -> thread.id: %!s(int64=1235252)
             -> cpu.logical_number: %!s(int64=14)
    Sample #13
        Values: []
        Attributes:
             -> thread.name: node
             -> thread.id: %!s(int64=1235248)
             -> cpu.logical_number: %!s(int64=1)
    Sample #14
        Values: []
        Attributes:
             -> thread.name: node
             -> thread.id: %!s(int64=1235248)
             -> cpu.logical_number: %!s(int64=1)
    Sample #15
        Values: []
        Attributes:
             -> thread.name: node
             -> thread.id: %!s(int64=1235253)
             -> cpu.logical_number: %!s(int64=17)
    Sample #16
        Values: []
        Attributes:
             -> thread.name: node
             -> thread.id: %!s(int64=1235250)
             -> cpu.logical_number: %!s(int64=18)
    Sample #17
        Values: []
        Attributes:
             -> thread.name: node
             -> thread.id: %!s(int64=1235248)
             -> cpu.logical_number: %!s(int64=1)
    Sample #18
        Values: []
        Attributes:
             -> thread.name: node
             -> thread.id: %!s(int64=1235248)
             -> cpu.logical_number: %!s(int64=1)
    Sample #19
        Values: []
        Attributes:
             -> thread.name: node
             -> thread.id: %!s(int64=1235248)
             -> cpu.logical_number: %!s(int64=1)
ResourceProfiles #3
Resource SchemaURL: https://opentelemetry.io/schemas/1.37.0
Resource attributes:
     -> process.pid: Int(1235184)
     -> process.executable.path: Str(/usr/lib/llvm-18/bin/clang)
     -> process.executable.name: Str(clang)
ScopeProfiles #0
ScopeProfiles SchemaURL: https://opentelemetry.io/schemas/1.37.0
InstrumentationScope go.opentelemetry.io/ebpf-profiler v0.0.0
Profile #0
    Profile ID     : 
    Start time     : 2026-06-21 20:48:16.724218999 +0000 UTC
    DurationNano   : 5153121939
    Dropped attributes count: 0
    Sample #0
        Values: []
        Attributes:
             -> thread.name: clang
             -> thread.id: %!s(int64=1235184)
             -> cpu.logical_number: %!s(int64=2)
    Sample #1
        Values: []
        Attributes:
             -> thread.name: clang
             -> thread.id: %!s(int64=1235184)
             -> cpu.logical_number: %!s(int64=2)
    Sample #2
        Values: []
        Attributes:
             -> thread.name: clang
             -> thread.id: %!s(int64=1235184)
             -> cpu.logical_number: %!s(int64=2)
    Sample #3
        Values: []
        Attributes:
             -> thread.name: clang
             -> thread.id: %!s(int64=1235184)
             -> cpu.logical_number: %!s(int64=2)
    Sample #4
        Values: []
        Attributes:
             -> thread.name: clang
             -> thread.id: %!s(int64=1235184)
             -> cpu.logical_number: %!s(int64=2)
    Sample #5
        Values: []
        Attributes:
             -> thread.name: clang
             -> thread.id: %!s(int64=1235184)
             -> cpu.logical_number: %!s(int64=2)
    Sample #6
        Values: []
        Attributes:
             -> thread.name: clang
             -> thread.id: %!s(int64=1235184)
             -> cpu.logical_number: %!s(int64=2)
    Sample #7
        Values: []
        Attributes:
             -> thread.name: clang
             -> thread.id: %!s(int64=1235184)
             -> cpu.logical_number: %!s(int64=2)
    Sample #8
        Values: []
        Attributes:
             -> thread.name: clang
             -> thread.id: %!s(int64=1235184)
             -> cpu.logical_number: %!s(int64=2)
    Sample #9
        Values: []
        Attributes:
             -> thread.name: clang
             -> thread.id: %!s(int64=1235184)
             -> cpu.logical_number: %!s(int64=2)
    Sample #10
        Values: []
        Attributes:
             -> thread.name: clang
             -> thread.id: %!s(int64=1235184)
             -> cpu.logical_number: %!s(int64=2)
    Sample #11
        Values: []
        Attributes:
             -> thread.name: clang
             -> thread.id: %!s(int64=1235184)
             -> cpu.logical_number: %!s(int64=2)
    Sample #12
        Values: []
        Attributes:
             -> thread.name: clang
             -> thread.id: %!s(int64=1235184)
             -> cpu.logical_number: %!s(int64=2)
    Sample #13
        Values: []
        Attributes:
             -> thread.name: clang
             -> thread.id: %!s(int64=1235184)
             -> cpu.logical_number: %!s(int64=2)
    Sample #14
        Values: []
        Attributes:
             -> thread.name: clang
             -> thread.id: %!s(int64=1235184)
             -> cpu.logical_number: %!s(int64=2)
    Sample #15
        Values: []
        Attributes:
             -> thread.name: clang
             -> thread.id: %!s(int64=1235184)
             -> cpu.logical_number: %!s(int64=2)
    Sample #16
        Values: []
        Attributes:
             -> thread.name: clang
             -> thread.id: %!s(int64=1235184)
             -> cpu.logical_number: %!s(int64=2)
    Sample #17
        Values: []
        Attributes:
             -> thread.name: clang
             -> thread.id: %!s(int64=1235184)
             -> cpu.logical_number: %!s(int64=2)
    Sample #18
        Values: []
        Attributes:
             -> thread.name: clang
             -> thread.id: %!s(int64=1235184)
             -> cpu.logical_number: %!s(int64=2)
    Sample #19
        Values: []
        Attributes:
             -> thread.name: clang
             -> thread.id: %!s(int64=1235184)
             -> cpu.logical_number: %!s(int64=2)
    Sample #20
        Values: []
        Attributes:
             -> thread.name: clang
             -> thread.id: %!s(int64=1235184)
             -> cpu.logical_number: %!s(int64=2)
    Sample #21
        Values: []
        Attributes:
             -> thread.name: clang
             -> thread.id: %!s(int64=1235184)
             -> cpu.logical_number: %!s(int64=2)
    Sample #22
        Values: []
        Attributes:
             -> thread.name: clang
             -> thread.id: %!s(int64=1235184)
             -> cpu.logical_number: %!s(int64=2)
    Sample #23
        Values: []
        Attributes:
             -> thread.name: clang
             -> thread.id: %!s(int64=1235184)
             -> cpu.logical_number: %!s(int64=2)
    Sample #24
        Values: []
        Attributes:
             -> thread.name: clang
             -> thread.id: %!s(int64=1235184)
             -> cpu.logical_number: %!s(int64=2)
    Sample #25
        Values: []
        Attributes:
             -> thread.name: clang
             -> thread.id: %!s(int64=1235184)
             -> cpu.logical_number: %!s(int64=2)
    Sample #26
        Values: []
        Attributes:
             -> thread.name: clang
             -> thread.id: %!s(int64=1235184)
             -> cpu.logical_number: %!s(int64=2)
    Sample #27
        Values: []
        Attributes:
             -> thread.name: clang
             -> thread.id: %!s(int64=1235184)
             -> cpu.logical_number: %!s(int64=2)
    Sample #28
        Values: []
        Attributes:
             -> thread.name: clang
             -> thread.id: %!s(int64=1235184)
             -> cpu.logical_number: %!s(int64=2)
    Sample #29
        Values: []
        Attributes:
             -> thread.name: clang
             -> thread.id: %!s(int64=1235184)
             -> cpu.logical_number: %!s(int64=2)
    Sample #30
        Values: []
        Attributes:
             -> thread.name: clang
             -> thread.id: %!s(int64=1235184)
             -> cpu.logical_number: %!s(int64=2)
    Sample #31
        Values: []
        Attributes:
             -> thread.name: clang
             -> thread.id: %!s(int64=1235184)
             -> cpu.logical_number: %!s(int64=2)
    Sample #32
        Values: []
        Attributes:
             -> thread.name: clang
             -> thread.id: %!s(int64=1235184)
             -> cpu.logical_number: %!s(int64=2)
    Sample #33
        Values: []
        Attributes:
             -> thread.name: clang
             -> thread.id: %!s(int64=1235184)
             -> cpu.logical_number: %!s(int64=2)
    Sample #34
        Values: []
        Attributes:
             -> thread.name: clang
             -> thread.id: %!s(int64=1235184)
             -> cpu.logical_number: %!s(int64=2)
    Sample #35
        Values: []
        Attributes:
             -> thread.name: clang
             -> thread.id: %!s(int64=1235184)
             -> cpu.logical_number: %!s(int64=2)
    Sample #36
        Values: []
        Attributes:
             -> thread.name: clang
             -> thread.id: %!s(int64=1235184)
             -> cpu.logical_number: %!s(int64=2)
    Sample #37
        Values: []
        Attributes:
             -> thread.name: clang
             -> thread.id: %!s(int64=1235184)
             -> cpu.logical_number: %!s(int64=2)
    Sample #38
        Values: []
        Attributes:
             -> thread.name: clang
             -> thread.id: %!s(int64=1235184)
             -> cpu.logical_number: %!s(int64=2)
    Sample #39
        Values: []
        Attributes:
             -> thread.name: clang
             -> thread.id: %!s(int64=1235184)
             -> cpu.logical_number: %!s(int64=2)
    Sample #40
        Values: []
        Attributes:
             -> thread.name: clang
             -> thread.id: %!s(int64=1235184)
             -> cpu.logical_number: %!s(int64=2)
    Sample #41
        Values: []
        Attributes:
             -> thread.name: clang
             -> thread.id: %!s(int64=1235184)
             -> cpu.logical_number: %!s(int64=2)
    Sample #42
        Values: []
        Attributes:
             -> thread.name: clang
             -> thread.id: %!s(int64=1235184)
             -> cpu.logical_number: %!s(int64=2)
    Sample #43
        Values: []
        Attributes:
             -> thread.name: clang
             -> thread.id: %!s(int64=1235184)
             -> cpu.logical_number: %!s(int64=2)
    Sample #44
        Values: []
        Attributes:
             -> thread.name: clang
             -> thread.id: %!s(int64=1235184)
             -> cpu.logical_number: %!s(int64=2)
    Sample #45
        Values: []
        Attributes:
             -> thread.name: clang
             -> thread.id: %!s(int64=1235184)
             -> cpu.logical_number: %!s(int64=2)
    Sample #46
        Values: []
        Attributes:
             -> thread.name: clang
             -> thread.id: %!s(int64=1235184)
             -> cpu.logical_number: %!s(int64=2)
    Sample #47
        Values: []
        Attributes:
             -> thread.name: clang
             -> thread.id: %!s(int64=1235184)
             -> cpu.logical_number: %!s(int64=2)
    Sample #48
        Values: []
        Attributes:
             -> thread.name: clang
             -> thread.id: %!s(int64=1235184)
             -> cpu.logical_number: %!s(int64=2)
    Sample #49
        Values: []
        Attributes:
             -> thread.name: clang
             -> thread.id: %!s(int64=1235184)
             -> cpu.logical_number: %!s(int64=2)
    Sample #50
        Values: []
        Attributes:
             -> thread.name: clang
             -> thread.id: %!s(int64=1235184)
             -> cpu.logical_number: %!s(int64=2)
    Sample #51
        Values: []
        Attributes:
             -> thread.name: clang
             -> thread.id: %!s(int64=1235184)
             -> cpu.logical_number: %!s(int64=2)
    Sample #52
        Values: []
        Attributes:
             -> thread.name: clang
             -> thread.id: %!s(int64=1235184)
             -> cpu.logical_number: %!s(int64=2)
    Sample #53
        Values: []
        Attributes:
             -> thread.name: clang
             -> thread.id: %!s(int64=1235184)
             -> cpu.logical_number: %!s(int64=2)
    Sample #54
        Values: []
        Attributes:
             -> thread.name: clang
             -> thread.id: %!s(int64=1235184)
             -> cpu.logical_number: %!s(int64=2)
    Sample #55
        Values: []
        Attributes:
             -> thread.name: clang
             -> thread.id: %!s(int64=1235184)
             -> cpu.logical_number: %!s(int64=2)
    Sample #56
        Values: []
        Attributes:
             -> thread.name: clang
             -> thread.id: %!s(int64=1235184)
             -> cpu.logical_number: %!s(int64=2)
    Sample #57
        Values: []
        Attributes:
             -> thread.name: clang
             -> thread.id: %!s(int64=1235184)
             -> cpu.logical_number: %!s(int64=2)
    Sample #58
        Values: []
        Attributes:
             -> thread.name: clang
             -> thread.id: %!s(int64=1235184)
             -> cpu.logical_number: %!s(int64=2)
    Sample #59
        Values: []
        Attributes:
             -> thread.name: clang
             -> thread.id: %!s(int64=1235184)
             -> cpu.logical_number: %!s(int64=2)
    Sample #60
        Values: []
        Attributes:
             -> thread.name: clang
             -> thread.id: %!s(int64=1235184)
             -> cpu.logical_number: %!s(int64=2)
    Sample #61
        Values: []
        Attributes:
             -> thread.name: clang
             -> thread.id: %!s(int64=1235184)
             -> cpu.logical_number: %!s(int64=2)
    Sample #62
        Values: []
        Attributes:
             -> thread.name: clang
             -> thread.id: %!s(int64=1235184)
             -> cpu.logical_number: %!s(int64=2)
    Sample #63
        Values: []
        Attributes:
             -> thread.name: clang
             -> thread.id: %!s(int64=1235184)
             -> cpu.logical_number: %!s(int64=2)
    Sample #64
        Values: []
        Attributes:
             -> thread.name: clang
             -> thread.id: %!s(int64=1235184)
             -> cpu.logical_number: %!s(int64=2)
    Sample #65
        Values: []
        Attributes:
             -> thread.name: clang
             -> thread.id: %!s(int64=1235184)
             -> cpu.logical_number: %!s(int64=2)
    Sample #66
        Values: []
        Attributes:
             -> thread.name: clang
             -> thread.id: %!s(int64=1235184)
             -> cpu.logical_number: %!s(int64=2)
    Sample #67
        Values: []
        Attributes:
             -> thread.name: clang
             -> thread.id: %!s(int64=1235184)
             -> cpu.logical_number: %!s(int64=2)
    Sample #68
        Values: []
        Attributes:
             -> thread.name: clang
             -> thread.id: %!s(int64=1235184)
             -> cpu.logical_number: %!s(int64=2)
    Sample #69
        Values: []
        Attributes:
             -> thread.name: clang
             -> thread.id: %!s(int64=1235184)
             -> cpu.logical_number: %!s(int64=2)
    Sample #70
        Values: []
        Attributes:
             -> thread.name: clang
             -> thread.id: %!s(int64=1235184)
             -> cpu.logical_number: %!s(int64=2)
    Sample #71
        Values: []
        Attributes:
             -> thread.name: clang
             -> thread.id: %!s(int64=1235184)
             -> cpu.logical_number: %!s(int64=2)
    Sample #72
        Values: []
        Attributes:
             -> thread.name: clang
             -> thread.id: %!s(int64=1235184)
             -> cpu.logical_number: %!s(int64=2)
    Sample #73
        Values: []
        Attributes:
             -> thread.name: clang
             -> thread.id: %!s(int64=1235184)
             -> cpu.logical_number: %!s(int64=2)
    Sample #74
        Values: []
        Attributes:
             -> thread.name: clang
             -> thread.id: %!s(int64=1235184)
             -> cpu.logical_number: %!s(int64=2)
    Sample #75
        Values: []
        Attributes:
             -> thread.name: clang
             -> thread.id: %!s(int64=1235184)
             -> cpu.logical_number: %!s(int64=2)
    Sample #76
        Values: []
        Attributes:
             -> thread.name: clang
             -> thread.id: %!s(int64=1235184)
             -> cpu.logical_number: %!s(int64=2)
    Sample #77
        Values: []
        Attributes:
             -> thread.name: clang
             -> thread.id: %!s(int64=1235184)
             -> cpu.logical_number: %!s(int64=2)
    Sample #78
        Values: []
        Attributes:
             -> thread.name: clang
             -> thread.id: %!s(int64=1235184)
             -> cpu.logical_number: %!s(int64=2)
    Sample #79
        Values: []
        Attributes:
             -> thread.name: clang
             -> thread.id: %!s(int64=1235184)
             -> cpu.logical_number: %!s(int64=2)
    Sample #80
        Values: []
        Attributes:
             -> thread.name: clang
             -> thread.id: %!s(int64=1235184)
             -> cpu.logical_number: %!s(int64=2)
    Sample #81
        Values: []
        Attributes:
             -> thread.name: clang
             -> thread.id: %!s(int64=1235184)
             -> cpu.logical_number: %!s(int64=2)
    Sample #82
        Values: []
        Attributes:
             -> thread.name: clang
             -> thread.id: %!s(int64=1235184)
             -> cpu.logical_number: %!s(int64=2)
    Sample #83
        Values: []
        Attributes:
             -> thread.name: clang
             -> thread.id: %!s(int64=1235184)
             -> cpu.logical_number: %!s(int64=2)
    Sample #84
        Values: []
        Attributes:
             -> thread.name: clang
             -> thread.id: %!s(int64=1235184)
             -> cpu.logical_number: %!s(int64=2)
    Sample #85
        Values: []
        Attributes:
             -> thread.name: clang
             -> thread.id: %!s(int64=1235184)
             -> cpu.logical_number: %!s(int64=2)
    Sample #86
        Values: []
        Attributes:
             -> thread.name: clang
             -> thread.id: %!s(int64=1235184)
             -> cpu.logical_number: %!s(int64=2)
    Sample #87
        Values: []
        Attributes:
             -> thread.name: clang
             -> thread.id: %!s(int64=1235184)
             -> cpu.logical_number: %!s(int64=2)
    Sample #88
        Values: []
        Attributes:
             -> thread.name: clang
             -> thread.id: %!s(int64=1235184)
             -> cpu.logical_number: %!s(int64=2)
    Sample #89
        Values: []
        Attributes:
             -> thread.name: clang
             -> thread.id: %!s(int64=1235184)
             -> cpu.logical_number: %!s(int64=2)
    Sample #90
        Values: []
        Attributes:
             -> thread.name: clang
             -> thread.id: %!s(int64=1235184)
             -> cpu.logical_number: %!s(int64=2)
    Sample #91
        Values: []
        Attributes:
             -> thread.name: clang
             -> thread.id: %!s(int64=1235184)
             -> cpu.logical_number: %!s(int64=2)
    Sample #92
        Values: []
        Attributes:
             -> thread.name: clang
             -> thread.id: %!s(int64=1235184)
             -> cpu.logical_number: %!s(int64=2)
ResourceProfiles #4
Resource SchemaURL: https://opentelemetry.io/schemas/1.37.0
Resource attributes:
     -> process.pid: Int(1235084)
     -> process.executable.path: Str(/tmp/opentelemetry-ebpf-profiler/otelcol-ebpf-profiler)
     -> process.executable.name: Str(otelcol-ebpf-profiler)
ScopeProfiles #0
ScopeProfiles SchemaURL: https://opentelemetry.io/schemas/1.37.0
InstrumentationScope go.opentelemetry.io/ebpf-profiler v0.0.0
Profile #0
    Profile ID     : 
    Start time     : 2026-06-21 20:48:16.724218999 +0000 UTC
    DurationNano   : 5153121939
    Dropped attributes count: 0
    Sample #0
        Values: []
        Attributes:
             -> thread.name: otelcol-ebpf-pr
             -> thread.id: %!s(int64=1235128)
             -> cpu.logical_number: %!s(int64=22)
    Sample #1
        Values: []
        Attributes:
             -> thread.name: otelcol-ebpf-pr
             -> thread.id: %!s(int64=1235124)
             -> cpu.logical_number: %!s(int64=12)
    Sample #2
        Values: []
        Attributes:
             -> thread.name: otelcol-ebpf-pr
             -> thread.id: %!s(int64=1235132)
             -> cpu.logical_number: %!s(int64=18)
    Sample #3
        Values: []
        Attributes:
             -> thread.name: otelcol-ebpf-pr
             -> thread.id: %!s(int64=1235132)
             -> cpu.logical_number: %!s(int64=1)
    Sample #4
        Values: []
        Attributes:
             -> thread.name: otelcol-ebpf-pr
             -> thread.id: %!s(int64=1235136)
             -> cpu.logical_number: %!s(int64=4)
    Sample #5
        Values: []
        Attributes:
             -> thread.name: otelcol-ebpf-pr
             -> thread.id: %!s(int64=1235135)
             -> cpu.logical_number: %!s(int64=16)
    Sample #6
        Values: []
        Attributes:
             -> thread.name: otelcol-ebpf-pr
             -> thread.id: %!s(int64=1235135)
             -> cpu.logical_number: %!s(int64=1)
    Sample #7
        Values: []
        Attributes:
             -> thread.name: otelcol-ebpf-pr
             -> thread.id: %!s(int64=1235135)
             -> cpu.logical_number: %!s(int64=1)
    Sample #8
        Values: []
        Attributes:
             -> thread.name: otelcol-ebpf-pr
             -> thread.id: %!s(int64=1235138)
             -> cpu.logical_number: %!s(int64=19)
    Sample #9
        Values: []
        Attributes:
             -> thread.name: otelcol-ebpf-pr
             -> thread.id: %!s(int64=1235126)
             -> cpu.logical_number: %!s(int64=20)
    Sample #10
        Values: []
        Attributes:
             -> thread.name: otelcol-ebpf-pr
             -> thread.id: %!s(int64=1235135)
             -> cpu.logical_number: %!s(int64=16)
    Sample #11
        Values: []
        Attributes:
             -> thread.name: otelcol-ebpf-pr
             -> thread.id: %!s(int64=1235135)
             -> cpu.logical_number: %!s(int64=1)
    Sample #12
        Values: []
        Attributes:
             -> thread.name: otelcol-ebpf-pr
             -> thread.id: %!s(int64=1235135)
             -> cpu.logical_number: %!s(int64=1)
    Sample #13
        Values: []
        Attributes:
             -> thread.name: otelcol-ebpf-pr
             -> thread.id: %!s(int64=1235132)
             -> cpu.logical_number: %!s(int64=1)
    Sample #14
        Values: []
        Attributes:
             -> thread.name: otelcol-ebpf-pr
             -> thread.id: %!s(int64=1235132)
             -> cpu.logical_number: %!s(int64=1)
    Sample #15
        Values: []
        Attributes:
             -> thread.name: otelcol-ebpf-pr
             -> thread.id: %!s(int64=1235126)
             -> cpu.logical_number: %!s(int64=20)
    Sample #16
        Values: []
        Attributes:
             -> thread.name: otelcol-ebpf-pr
             -> thread.id: %!s(int64=1235140)
             -> cpu.logical_number: %!s(int64=21)
    Sample #17
        Values: []
        Attributes:
             -> thread.name: otelcol-ebpf-pr
             -> thread.id: %!s(int64=1235132)
             -> cpu.logical_number: %!s(int64=1)
    Sample #18
        Values: []
        Attributes:
             -> thread.name: otelcol-ebpf-pr
             -> thread.id: %!s(int64=1235132)
             -> cpu.logical_number: %!s(int64=1)
    Sample #19
        Values: []
        Attributes:
             -> thread.name: otelcol-ebpf-pr
             -> thread.id: %!s(int64=1235137)
             -> cpu.logical_number: %!s(int64=0)
    Sample #20
        Values: []
        Attributes:
             -> thread.name: otelcol-ebpf-pr
             -> thread.id: %!s(int64=1235135)
             -> cpu.logical_number: %!s(int64=1)
ResourceProfiles #5
Resource SchemaURL: https://opentelemetry.io/schemas/1.37.0
Resource attributes:
     -> process.pid: Int(1235194)
     -> process.executable.path: Str(/home/yunwei37/workspace/gpu/bpftime/example/otel-ebpf-profiler/victim)
     -> process.executable.name: Str(victim)
ScopeProfiles #0
ScopeProfiles SchemaURL: https://opentelemetry.io/schemas/1.37.0
InstrumentationScope go.opentelemetry.io/ebpf-profiler v0.0.0
Profile #0
    Profile ID     : 
    Start time     : 2026-06-21 20:48:16.724218999 +0000 UTC
    DurationNano   : 5153121939
    Dropped attributes count: 0
    Sample #0
        Values: []
        Attributes:
             -> thread.name: victim
             -> thread.id: %!s(int64=1235194)
             -> cpu.logical_number: %!s(int64=4)
    Sample #1
        Values: []
        Attributes:
             -> thread.name: victim
             -> thread.id: %!s(int64=1235207)
             -> cpu.logical_number: %!s(int64=18)
    Sample #2
        Values: []
        Attributes:
             -> thread.name: victim
             -> thread.id: %!s(int64=1235207)
             -> cpu.logical_number: %!s(int64=18)
    Sample #3
        Values: []
        Attributes:
             -> thread.name: victim
             -> thread.id: %!s(int64=1235194)
             -> cpu.logical_number: %!s(int64=4)
    Sample #4
        Values: []
        Attributes:
             -> thread.name: victim
             -> thread.id: %!s(int64=1235194)
             -> cpu.logical_number: %!s(int64=4)
    Sample #5
        Values: []
        Attributes:
             -> thread.name: victim
             -> thread.id: %!s(int64=1235194)
             -> cpu.logical_number: %!s(int64=4)
    Sample #6
        Values: []
        Attributes:
             -> thread.name: victim
             -> thread.id: %!s(int64=1235194)
             -> cpu.logical_number: %!s(int64=4)
	{"resource": {"service.instance.id": "15afed7c-d998-4563-b6b7-3003f65eba24", "service.name": "otelcol-ebpf-profiler", "service.version": "dev"}, "otelcol.component.id": "debug", "otelcol.component.kind": "exporter", "otelcol.signal": "profiles"}
2026-06-21T13:48:23.450-0700	info	otelcol@v0.154.0/collector.go:391	Received signal from OS	{"resource": {"service.instance.id": "15afed7c-d998-4563-b6b7-3003f65eba24", "service.name": "otelcol-ebpf-profiler", "service.version": "dev"}, "signal": "terminated"}
2026-06-21T13:48:23.450-0700	info	service@v0.154.0/service.go:278	Starting shutdown...	{"resource": {"service.instance.id": "15afed7c-d998-4563-b6b7-3003f65eba24", "service.name": "otelcol-ebpf-profiler", "service.version": "dev"}}
2026-06-21T13:48:23.450-0700	info	Stop processing ...	{"resource": {"service.instance.id": "15afed7c-d998-4563-b6b7-3003f65eba24", "service.name": "otelcol-ebpf-profiler", "service.version": "dev"}, "otelcol.component.id": "profiling", "otelcol.component.kind": "receiver", "otelcol.signal": "profiles"}
2026-06-21T13:48:23.705-0700	info	extensions/extensions.go:69	Stopping extensions...	{"resource": {"service.instance.id": "15afed7c-d998-4563-b6b7-3003f65eba24", "service.name": "otelcol-ebpf-profiler", "service.version": "dev"}}
2026-06-21T13:48:23.705-0700	info	service@v0.154.0/service.go:292	Shutdown complete.	{"resource": {"service.instance.id": "15afed7c-d998-4563-b6b7-3003f65eba24", "service.name": "otelcol-ebpf-profiler", "service.version": "dev"}}
