2026-06-21T11:35:40.406-0700	info	otelconftelemetry/tracer.go:47	Internal trace telemetry disabled	{"resource": {"service.instance.id": "24eafe71-670a-4845-a2e9-cd3bab728edc", "service.name": "otelcol-ebpf-profiler", "service.version": "dev"}}
2026-06-21T11:35:40.407-0700	info	builders/builders.go:28	Development component. May change in the future.	{"resource": {"service.instance.id": "24eafe71-670a-4845-a2e9-cd3bab728edc", "service.name": "otelcol-ebpf-profiler", "service.version": "dev"}, "otelcol.component.id": "profiling", "otelcol.component.kind": "receiver", "otelcol.signal": "profiles"}
2026-06-21T11:35:40.409-0700	info	service@v0.154.0/service.go:241	Starting otelcol-ebpf-profiler...	{"resource": {"service.instance.id": "24eafe71-670a-4845-a2e9-cd3bab728edc", "service.name": "otelcol-ebpf-profiler", "service.version": "dev"}, "Version": "dev", "NumCPU": 24}
2026-06-21T11:35:40.409-0700	info	extensions/extensions.go:41	Starting extensions...	{"resource": {"service.instance.id": "24eafe71-670a-4845-a2e9-cd3bab728edc", "service.name": "otelcol-ebpf-profiler", "service.version": "dev"}}
2026-06-21T11:35:40.409-0700	info	Interpreter tracers: perl,php,python,hotspot,ruby,v8,dotnet,luajit,go,labels,beam	{"resource": {"service.instance.id": "24eafe71-670a-4845-a2e9-cd3bab728edc", "service.name": "otelcol-ebpf-profiler", "service.version": "dev"}, "otelcol.component.id": "profiling", "otelcol.component.kind": "receiver", "otelcol.signal": "profiles"}
2026-06-21T11:35:40.614-0700	info	Found offsets: task stack 0x20, pt_regs 0x3f48, tpbase 0x25a8	{"resource": {"service.instance.id": "24eafe71-670a-4845-a2e9-cd3bab728edc", "service.name": "otelcol-ebpf-profiler", "service.version": "dev"}, "otelcol.component.id": "profiling", "otelcol.component.kind": "receiver", "otelcol.signal": "profiles"}
2026-06-21T11:35:40.619-0700	info	Skip pinning eBPF map to share OTel span/trace IDs	{"resource": {"service.instance.id": "24eafe71-670a-4845-a2e9-cd3bab728edc", "service.name": "otelcol-ebpf-profiler", "service.version": "dev"}, "otelcol.component.id": "profiling", "otelcol.component.kind": "receiver", "otelcol.signal": "profiles"}
2026-06-21T11:35:41.434-0700	info	Supports LPM trie eBPF map batch operations	{"resource": {"service.instance.id": "24eafe71-670a-4845-a2e9-cd3bab728edc", "service.name": "otelcol-ebpf-profiler", "service.version": "dev"}, "otelcol.component.id": "profiling", "otelcol.component.kind": "receiver", "otelcol.signal": "profiles"}
2026-06-21T11:35:41.435-0700	info	eBPF tracer loaded	{"resource": {"service.instance.id": "24eafe71-670a-4845-a2e9-cd3bab728edc", "service.name": "otelcol-ebpf-profiler", "service.version": "dev"}, "otelcol.component.id": "profiling", "otelcol.component.kind": "receiver", "otelcol.signal": "profiles"}
2026-06-21T11:35:41.437-0700	info	Attached tracer program	{"resource": {"service.instance.id": "24eafe71-670a-4845-a2e9-cd3bab728edc", "service.name": "otelcol-ebpf-profiler", "service.version": "dev"}, "otelcol.component.id": "profiling", "otelcol.component.kind": "receiver", "otelcol.signal": "profiles"}
2026-06-21T11:35:41.457-0700	info	Attached probes	{"resource": {"service.instance.id": "24eafe71-670a-4845-a2e9-cd3bab728edc", "service.name": "otelcol-ebpf-profiler", "service.version": "dev"}, "otelcol.component.id": "profiling", "otelcol.component.kind": "receiver", "otelcol.signal": "profiles"}
2026-06-21T11:35:41.459-0700	info	Attached sched monitor	{"resource": {"service.instance.id": "24eafe71-670a-4845-a2e9-cd3bab728edc", "service.name": "otelcol-ebpf-profiler", "service.version": "dev"}, "otelcol.component.id": "profiling", "otelcol.component.kind": "receiver", "otelcol.signal": "profiles"}
2026-06-21T11:35:41.472-0700	info	service@v0.154.0/service.go:264	Everything is ready. Begin running and processing data.	{"resource": {"service.instance.id": "24eafe71-670a-4845-a2e9-cd3bab728edc", "service.name": "otelcol-ebpf-profiler", "service.version": "dev"}}
2026-06-21T11:35:41.951-0700	warn	In /usr/bin/containerd: symbol 'runtime.stackcheck': failed to decode symbol	{"resource": {"service.instance.id": "24eafe71-670a-4845-a2e9-cd3bab728edc", "service.name": "otelcol-ebpf-profiler", "service.version": "dev"}, "otelcol.component.id": "profiling", "otelcol.component.kind": "receiver", "otelcol.signal": "profiles"}
2026-06-21T11:35:45.411-0700	info	Profiles	{"resource": {"service.instance.id": "24eafe71-670a-4845-a2e9-cd3bab728edc", "service.name": "otelcol-ebpf-profiler", "service.version": "dev"}, "otelcol.component.id": "debug", "otelcol.component.kind": "exporter", "otelcol.signal": "profiles", "resource profiles": 4, "sample records": 117}
2026-06-21T11:35:45.412-0700	info	Mapping #0
    Memory start: 0
    Memory limit: 0
    File offset: 0
    File name: 0
    Attributes: []
Mapping #1
    Memory start: 14893056
    Memory limit: 53129216
    File offset: 10698752
    File name: 5
    Attributes: [1 2]
Mapping #2
    Memory start: 163840
    Memory limit: 1769472
    File offset: 163840
    File name: 32
    Attributes: [8]
Mapping #3
    Memory start: 0
    Memory limit: 0
    File offset: 0
    File name: 49
    Attributes: [16 17]
Mapping #4
    Memory start: 14532608
    Memory limit: 21663744
    File offset: 14528512
    File name: 135
    Attributes: [21 22]
Mapping #5
    Memory start: 4194304
    Memory limit: 19996672
    File offset: 0
    File name: 136
    Attributes: [26 27]
Mapping #6
    Memory start: 0
    Memory limit: 61755392
    File offset: 0
    File name: 268
    Attributes: [44]
Mapping #7
    Memory start: 0
    Memory limit: 135168
    File offset: 0
    File name: 269
    Attributes: [45]
Mapping #8
    Memory start: 0
    Memory limit: 117968896
    File offset: 0
    File name: 270
    Attributes: [46 47]
Mapping #9
    Memory start: 667648
    Memory limit: 2093056
    File offset: 667648
    File name: 271
    Attributes: [51]
Location #0
    Mapping index: 0
    Address: 0
    Attributes: []
Location #1
    Mapping index: 1
    Address: 24448576
    Attributes: [3]
Location #2
    Mapping index: 1
    Address: 24448864
    Attributes: [3]
Location #3
    Mapping index: 1
    Address: 24449160
    Attributes: [3]
Location #4
    Mapping index: 1
    Address: 24449597
    Attributes: [3]
Location #5
    Mapping index: 1
    Address: 19068561
    Attributes: [3]
Location #6
    Mapping index: 1
    Address: 17935417
    Attributes: [3]
Location #7
    Mapping index: 1
    Address: 16396576
    Attributes: [3]
Location #8
    Mapping index: 0
    Address: 0
    Line #0
        Function index: 1
        Line: 0
        Column: 0
    Attributes: [4]
Location #9
    Mapping index: 0
    Address: 0
    Line #0
        Function index: 2
        Line: 0
        Column: 0
    Attributes: [4]
Location #10
    Mapping index: 1
    Address: 16466178
    Attributes: [3]
Location #11
    Mapping index: 0
    Address: 0
    Line #0
        Function index: 3
        Line: 0
        Column: 0
    Attributes: [4]
Location #12
    Mapping index: 0
    Address: 0
    Line #0
        Function index: 4
        Line: 0
        Column: 0
    Attributes: [4]
Location #13
    Mapping index: 0
    Address: 0
    Line #0
        Function index: 5
        Line: 0
        Column: 0
    Attributes: [4]
Location #14
    Mapping index: 0
    Address: 0
    Line #0
        Function index: 6
        Line: 0
        Column: 0
    Attributes: [4]
Location #15
    Mapping index: 0
    Address: 0
    Line #0
        Function index: 7
        Line: 0
        Column: 0
    Attributes: [4]
Location #16
    Mapping index: 0
    Address: 0
    Line #0
        Function index: 8
        Line: 0
        Column: 0
    Attributes: [4]
Location #17
    Mapping index: 0
    Address: 0
    Line #0
        Function index: 9
        Line: 0
        Column: 0
    Attributes: [4]
Location #18
    Mapping index: 0
    Address: 0
    Line #0
        Function index: 10
        Line: 0
        Column: 0
    Attributes: [4]
Location #19
    Mapping index: 0
    Address: 0
    Line #0
        Function index: 11
        Line: 0
        Column: 0
    Attributes: [4]
Location #20
    Mapping index: 0
    Address: 0
    Line #0
        Function index: 12
        Line: 0
        Column: 0
    Attributes: [4]
Location #21
    Mapping index: 0
    Address: 0
    Line #0
        Function index: 13
        Line: 0
        Column: 0
    Attributes: [4]
Location #22
    Mapping index: 0
    Address: 0
    Line #0
        Function index: 14
        Line: 0
        Column: 0
    Attributes: [4]
Location #23
    Mapping index: 1
    Address: 20424196
    Attributes: [3]
Location #24
    Mapping index: 1
    Address: 20428857
    Attributes: [3]
Location #25
    Mapping index: 1
    Address: 20635384
    Attributes: [3]
Location #26
    Mapping index: 1
    Address: 20636338
    Attributes: [3]
Location #27
    Mapping index: 1
    Address: 15266858
    Attributes: [3]
Location #28
    Mapping index: 1
    Address: 15267424
    Attributes: [3]
Location #29
    Mapping index: 1
    Address: 16024100
    Attributes: [3]
Location #30
    Mapping index: 1
    Address: 15292437
    Attributes: [3]
Location #31
    Mapping index: 1
    Address: 16703983
    Attributes: [3]
Location #32
    Mapping index: 1
    Address: 16023210
    Attributes: [3]
Location #33
    Mapping index: 2
    Address: 172489
    Attributes: [3]
Location #34
    Mapping index: 2
    Address: 172682
    Attributes: [3]
Location #35
    Mapping index: 1
    Address: 15258461
    Attributes: [3]
Location #36
    Mapping index: 0
    Address: 45318881
    Attributes: [3]
Location #37
    Mapping index: 0
    Address: 44833130
    Attributes: [3]
Location #38
    Mapping index: 0
    Address: 45185518
    Attributes: [3]
Location #39
    Mapping index: 0
    Address: 44833344
    Attributes: [3]
Location #40
    Mapping index: 0
    Address: 44840947
    Attributes: [3]
Location #41
    Mapping index: 0
    Address: 44842008
    Attributes: [3]
Location #42
    Mapping index: 0
    Address: 45307272
    Attributes: [3]
Location #43
    Mapping index: 0
    Address: 45312831
    Attributes: [3]
Location #44
    Mapping index: 1
    Address: 19660682
    Attributes: [3]
Location #45
    Mapping index: 1
    Address: 19919552
    Attributes: [3]
Location #46
    Mapping index: 1
    Address: 19920478
    Attributes: [3]
Location #47
    Mapping index: 0
    Address: 36980119
    Attributes: [3]
Location #48
    Mapping index: 1
    Address: 16935283
    Attributes: [3]
Location #49
    Mapping index: 2
    Address: 641699
    Attributes: [3]
Location #50
    Mapping index: 2
    Address: 1219691
    Attributes: [3]
Location #51
    Mapping index: 0
    Address: 0
    Line #0
        Function index: 15
        Line: 0
        Column: 0
    Attributes: [4]
Location #52
    Mapping index: 0
    Address: 44153575
    Attributes: [3]
Location #53
    Mapping index: 0
    Address: 44176167
    Attributes: [3]
Location #54
    Mapping index: 0
    Address: 48688661
    Attributes: [3]
Location #55
    Mapping index: 0
    Address: 48689490
    Attributes: [3]
Location #56
    Mapping index: 0
    Address: 48341658
    Attributes: [3]
Location #57
    Mapping index: 0
    Address: 48348004
    Attributes: [3]
Location #58
    Mapping index: 0
    Address: 48369617
    Attributes: [3]
Location #59
    Mapping index: 0
    Address: 48396308
    Attributes: [3]
Location #60
    Mapping index: 0
    Address: 45283603
    Attributes: [3]
Location #61
    Mapping index: 0
    Address: 45312717
    Attributes: [3]
Location #62
    Mapping index: 0
    Address: 47468787
    Attributes: [3]
Location #63
    Mapping index: 0
    Address: 47475609
    Attributes: [3]
Location #64
    Mapping index: 0
    Address: 45223776
    Attributes: [3]
Location #65
    Mapping index: 0
    Address: 45252117
    Attributes: [3]
Location #66
    Mapping index: 0
    Address: 45256993
    Attributes: [3]
Location #67
    Mapping index: 0
    Address: 45306360
    Attributes: [3]
Location #68
    Mapping index: 1
    Address: 27175698
    Attributes: [3]
Location #69
    Mapping index: 0
    Address: 48983834
    Attributes: [3]
Location #70
    Mapping index: 0
    Address: 45214611
    Attributes: [3]
Location #71
    Mapping index: 0
    Address: 45306161
    Attributes: [3]
Location #72
    Mapping index: 0
    Address: 47896597
    Attributes: [3]
Location #73
    Mapping index: 0
    Address: 47910664
    Attributes: [3]
Location #74
    Mapping index: 0
    Address: 47915092
    Attributes: [3]
Location #75
    Mapping index: 0
    Address: 45309672
    Attributes: [3]
Location #76
    Mapping index: 1
    Address: 21092621
    Attributes: [3]
Location #77
    Mapping index: 1
    Address: 22490977
    Attributes: [3]
Location #78
    Mapping index: 1
    Address: 22506483
    Attributes: [3]
Location #79
    Mapping index: 1
    Address: 22516348
    Attributes: [3]
Location #80
    Mapping index: 1
    Address: 19480344
    Attributes: [3]
Location #81
    Mapping index: 0
    Address: 0
    Line #0
        Function index: 16
        Line: 0
        Column: 0
    Attributes: [4]
Location #82
    Mapping index: 0
    Address: 0
    Attributes: [4]
Location #83
    Mapping index: 0
    Address: 0
    Line #0
        Function index: 17
        Line: 0
        Column: 0
    Attributes: [4]
Location #84
    Mapping index: 1
    Address: 20423650
    Attributes: [3]
Location #85
    Mapping index: 1
    Address: 20427604
    Attributes: [3]
Location #86
    Mapping index: 1
    Address: 24137666
    Attributes: [3]
Location #87
    Mapping index: 1
    Address: 25643165
    Attributes: [3]
Location #88
    Mapping index: 1
    Address: 23624076
    Attributes: [3]
Location #89
    Mapping index: 1
    Address: 25667457
    Attributes: [3]
Location #90
    Mapping index: 0
    Address: 0
    Line #0
        Function index: 18
        Line: 0
        Column: 0
    Attributes: [4]
Location #91
    Mapping index: 0
    Address: 0
    Line #0
        Function index: 19
        Line: 0
        Column: 0
    Attributes: [4]
Location #92
    Mapping index: 0
    Address: 0
    Line #0
        Function index: 20
        Line: 0
        Column: 0
    Attributes: [4]
Location #93
    Mapping index: 0
    Address: 0
    Line #0
        Function index: 21
        Line: 0
        Column: 0
    Attributes: [4]
Location #94
    Mapping index: 0
    Address: 45161813
    Attributes: [3]
Location #95
    Mapping index: 0
    Address: 47915157
    Attributes: [3]
Location #96
    Mapping index: 1
    Address: 24253936
    Attributes: [3]
Location #97
    Mapping index: 1
    Address: 24277577
    Attributes: [3]
Location #98
    Mapping index: 1
    Address: 24037481
    Attributes: [3]
Location #99
    Mapping index: 1
    Address: 24132916
    Attributes: [3]
Location #100
    Mapping index: 1
    Address: 23605453
    Attributes: [3]
Location #101
    Mapping index: 1
    Address: 22485746
    Attributes: [3]
Location #102
    Mapping index: 1
    Address: 22491086
    Attributes: [3]
Location #103
    Mapping index: 0
    Address: 0
    Line #0
        Function index: 22
        Line: 0
        Column: 0
    Attributes: [4]
Location #104
    Mapping index: 0
    Address: 0
    Line #0
        Function index: 23
        Line: 295
        Column: 0
    Attributes: [4]
Location #105
    Mapping index: 0
    Address: 0
    Line #0
        Function index: 24
        Line: 0
        Column: 0
    Attributes: [4]
Location #106
    Mapping index: 0
    Address: 0
    Line #0
        Function index: 25
        Line: 0
        Column: 0
    Attributes: [4]
Location #107
    Mapping index: 1
    Address: 16411541
    Attributes: [3]
Location #108
    Mapping index: 1
    Address: 16412425
    Attributes: [3]
Location #109
    Mapping index: 1
    Address: 16314762
    Attributes: [3]
Location #110
    Mapping index: 1
    Address: 30409788
    Attributes: [3]
Location #111
    Mapping index: 1
    Address: 30424754
    Attributes: [3]
Location #112
    Mapping index: 1
    Address: 30518099
    Attributes: [3]
Location #113
    Mapping index: 1
    Address: 30428182
    Attributes: [3]
Location #114
    Mapping index: 1
    Address: 15277125
    Attributes: [3]
Location #115
    Mapping index: 1
    Address: 16703920
    Attributes: [3]
Location #116
    Mapping index: 0
    Address: 0
    Line #0
        Function index: 26
        Line: 72
        Column: 0
    Attributes: [4]
Location #117
    Mapping index: 1
    Address: 19052805
    Attributes: [3]
Location #118
    Mapping index: 1
    Address: 15267290
    Attributes: [3]
Location #119
    Mapping index: 1
    Address: 21028777
    Attributes: [3]
Location #120
    Mapping index: 1
    Address: 22485913
    Attributes: [3]
Location #121
    Mapping index: 3
    Address: 22448870
    Line #0
        Function index: 27
        Line: 0
        Column: 0
    Attributes: [18]
Location #122
    Mapping index: 3
    Address: 7807025
    Line #0
        Function index: 28
        Line: 0
        Column: 0
    Attributes: [18]
Location #123
    Mapping index: 3
    Address: 7812860
    Line #0
        Function index: 29
        Line: 0
        Column: 0
    Attributes: [18]
Location #124
    Mapping index: 3
    Address: 7813868
    Line #0
        Function index: 30
        Line: 0
        Column: 0
    Attributes: [18]
Location #125
    Mapping index: 3
    Address: 7815089
    Line #0
        Function index: 31
        Line: 0
        Column: 0
    Attributes: [18]
Location #126
    Mapping index: 3
    Address: 4005607
    Line #0
        Function index: 32
        Line: 0
        Column: 0
    Attributes: [18]
Location #127
    Mapping index: 3
    Address: 22379348
    Line #0
        Function index: 33
        Line: 0
        Column: 0
    Attributes: [18]
Location #128
    Mapping index: 3
    Address: 2998
    Line #0
        Function index: 34
        Line: 0
        Column: 0
    Attributes: [18]
Location #129
    Mapping index: 2
    Address: 1609095
    Attributes: [3]
Location #130
    Mapping index: 1
    Address: 21840098
    Attributes: [3]
Location #131
    Mapping index: 1
    Address: 21849979
    Attributes: [3]
Location #132
    Mapping index: 1
    Address: 21885809
    Attributes: [3]
Location #133
    Mapping index: 1
    Address: 21887322
    Attributes: [3]
Location #134
    Mapping index: 1
    Address: 21895534
    Attributes: [3]
Location #135
    Mapping index: 1
    Address: 21895803
    Attributes: [3]
Location #136
    Mapping index: 0
    Address: 37027548
    Attributes: [3]
Location #137
    Mapping index: 0
    Address: 37027954
    Attributes: [3]
Location #138
    Mapping index: 1
    Address: 21901819
    Attributes: [3]
Location #139
    Mapping index: 1
    Address: 21223921
    Attributes: [3]
Location #140
    Mapping index: 1
    Address: 21347289
    Attributes: [3]
Location #141
    Mapping index: 1
    Address: 21354168
    Attributes: [3]
Location #142
    Mapping index: 1
    Address: 21367623
    Attributes: [3]
Location #143
    Mapping index: 1
    Address: 30173616
    Attributes: [3]
Location #144
    Mapping index: 0
    Address: 50081812
    Attributes: [3]
Location #145
    Mapping index: 0
    Address: 50081966
    Attributes: [3]
Location #146
    Mapping index: 0
    Address: 51351570
    Attributes: [3]
Location #147
    Mapping index: 0
    Address: 51355082
    Attributes: [3]
Location #148
    Mapping index: 0
    Address: 45213651
    Attributes: [3]
Location #149
    Mapping index: 0
    Address: 45306127
    Attributes: [3]
Location #150
    Mapping index: 1
    Address: 24729334
    Attributes: [3]
Location #151
    Mapping index: 1
    Address: 24666443
    Attributes: [3]
Location #152
    Mapping index: 1
    Address: 24669444
    Attributes: [3]
Location #153
    Mapping index: 1
    Address: 24669866
    Attributes: [3]
Location #154
    Mapping index: 1
    Address: 24742548
    Attributes: [3]
Location #155
    Mapping index: 1
    Address: 24666607
    Attributes: [3]
Location #156
    Mapping index: 1
    Address: 24734643
    Attributes: [3]
Location #157
    Mapping index: 1
    Address: 24776557
    Attributes: [3]
Location #158
    Mapping index: 1
    Address: 24757080
    Attributes: [3]
Location #159
    Mapping index: 1
    Address: 24772113
    Attributes: [3]
Location #160
    Mapping index: 1
    Address: 24780007
    Attributes: [3]
Location #161
    Mapping index: 1
    Address: 24707678
    Attributes: [3]
Location #162
    Mapping index: 1
    Address: 24717510
    Attributes: [3]
Location #163
    Mapping index: 1
    Address: 24719959
    Attributes: [3]
Location #164
    Mapping index: 1
    Address: 24754100
    Attributes: [3]
Location #165
    Mapping index: 1
    Address: 24784932
    Attributes: [3]
Location #166
    Mapping index: 1
    Address: 24787908
    Attributes: [3]
Location #167
    Mapping index: 1
    Address: 19718179
    Attributes: [3]
Location #168
    Mapping index: 1
    Address: 19720193
    Attributes: [3]
Location #169
    Mapping index: 1
    Address: 25576878
    Attributes: [3]
Location #170
    Mapping index: 0
    Address: 0
    Line #0
        Function index: 35
        Line: 752
        Column: 0
    Attributes: [4]
Location #171
    Mapping index: 0
    Address: 0
    Line #0
        Function index: 36
        Line: 714
        Column: 0
    Attributes: [4]
Location #172
    Mapping index: 0
    Address: 0
    Line #0
        Function index: 37
        Line: 1
        Column: 10
    Attributes: [4]
Location #173
    Mapping index: 0
    Address: 0
    Line #0
        Function index: 38
        Line: 1386
        Column: 1073689790
    Attributes: [4]
Location #174
    Mapping index: 0
    Address: 0
    Line #0
        Function index: 39
        Line: 242
        Column: 0
    Attributes: [4]
Location #175
    Mapping index: 0
    Address: 0
    Line #0
        Function index: 40
        Line: 0
        Column: 0
    Attributes: [4]
Location #176
    Mapping index: 0
    Address: 0
    Line #0
        Function index: 41
        Line: 5
        Column: 0
    Attributes: [4]
Location #177
    Mapping index: 0
    Address: 0
    Line #0
        Function index: 42
        Line: 13
        Column: 0
    Attributes: [4]
Location #178
    Mapping index: 0
    Address: 0
    Line #0
        Function index: 43
        Line: 23
        Column: 0
    Attributes: [4]
Location #179
    Mapping index: 0
    Address: 0
    Line #0
        Function index: 44
        Line: 1
        Column: 49
    Attributes: [4]
Location #180
    Mapping index: 0
    Address: 0
    Line #0
        Function index: 45
        Line: 297
        Column: 0
    Attributes: [4]
Location #181
    Mapping index: 0
    Address: 0
    Line #0
        Function index: 46
        Line: 736
        Column: 0
    Attributes: [4]
Location #182
    Mapping index: 0
    Address: 0
    Line #0
        Function index: 47
        Line: 1049
        Column: 0
    Attributes: [4]
Location #183
    Mapping index: 0
    Address: 0
    Line #0
        Function index: 48
        Line: 1069
        Column: 0
    Attributes: [4]
Location #184
    Mapping index: 0
    Address: 0
    Line #0
        Function index: 49
        Line: 1266
        Column: 0
    Attributes: [4]
Location #185
    Mapping index: 0
    Address: 0
    Line #0
        Function index: 50
        Line: 0
        Column: 0
    Attributes: [4]
Location #186
    Mapping index: 0
    Address: 0
    Line #0
        Function index: 51
        Line: 0
        Column: 0
    Attributes: [4]
Location #187
    Mapping index: 0
    Address: 0
    Line #0
        Function index: 52
        Line: 0
        Column: 0
    Attributes: [4]
Location #188
    Mapping index: 0
    Address: 0
    Line #0
        Function index: 53
        Line: 0
        Column: 0
    Attributes: [4]
Location #189
    Mapping index: 0
    Address: 0
    Line #0
        Function index: 54
        Line: 0
        Column: 0
    Attributes: [4]
Location #190
    Mapping index: 0
    Address: 40302624
    Attributes: [3]
Location #191
    Mapping index: 0
    Address: 40303284
    Attributes: [3]
Location #192
    Mapping index: 0
    Address: 41424358
    Attributes: [3]
Location #193
    Mapping index: 0
    Address: 40254575
    Attributes: [3]
Location #194
    Mapping index: 0
    Address: 40258039
    Attributes: [3]
Location #195
    Mapping index: 0
    Address: 40892878
    Attributes: [3]
Location #196
    Mapping index: 0
    Address: 41177755
    Attributes: [3]
Location #197
    Mapping index: 0
    Address: 41209321
    Attributes: [3]
Location #198
    Mapping index: 0
    Address: 41211119
    Attributes: [3]
Location #199
    Mapping index: 0
    Address: 41278579
    Attributes: [3]
Location #200
    Mapping index: 0
    Address: 41216999
    Attributes: [3]
Location #201
    Mapping index: 0
    Address: 41318771
    Attributes: [3]
Location #202
    Mapping index: 0
    Address: 41318846
    Attributes: [3]
Location #203
    Mapping index: 0
    Address: 41162679
    Attributes: [3]
Location #204
    Mapping index: 0
    Address: 41183959
    Attributes: [3]
Location #205
    Mapping index: 1
    Address: 17984925
    Attributes: [3]
Location #206
    Mapping index: 0
    Address: 0
    Line #0
        Function index: 55
        Line: 123
        Column: 0
    Attributes: [4]
Location #207
    Mapping index: 0
    Address: 0
    Line #0
        Function index: 56
        Line: 0
        Column: 0
    Attributes: [4]
Location #208
    Mapping index: 0
    Address: 0
    Line #0
        Function index: 57
        Line: 184
        Column: 0
    Attributes: [4]
Location #209
    Mapping index: 0
    Address: 0
    Line #0
        Function index: 58
        Line: 251
        Column: 0
    Attributes: [4]
Location #210
    Mapping index: 0
    Address: 0
    Line #0
        Function index: 59
        Line: 308
        Column: 0
    Attributes: [4]
Location #211
    Mapping index: 0
    Address: 0
    Line #0
        Function index: 60
        Line: 361
        Column: 0
    Attributes: [4]
Location #212
    Mapping index: 0
    Address: 0
    Line #0
        Function index: 61
        Line: 517
        Column: 0
    Attributes: [4]
Location #213
    Mapping index: 0
    Address: 0
    Line #0
        Function index: 62
        Line: 568
        Column: 0
    Attributes: [4]
Location #214
    Mapping index: 0
    Address: 0
    Line #0
        Function index: 63
        Line: 126
        Column: 0
    Attributes: [4]
Location #215
    Mapping index: 1
    Address: 25386183
    Attributes: [3]
Location #216
    Mapping index: 1
    Address: 25351533
    Attributes: [3]
Location #217
    Mapping index: 1
    Address: 25363392
    Attributes: [3]
Location #218
    Mapping index: 1
    Address: 25382836
    Attributes: [3]
Location #219
    Mapping index: 1
    Address: 25390335
    Attributes: [3]
Location #220
    Mapping index: 1
    Address: 25364579
    Attributes: [3]
Location #221
    Mapping index: 1
    Address: 25382966
    Attributes: [3]
Location #222
    Mapping index: 1
    Address: 25379737
    Attributes: [3]
Location #223
    Mapping index: 1
    Address: 25360252
    Attributes: [3]
Location #224
    Mapping index: 1
    Address: 25364819
    Attributes: [3]
Location #225
    Mapping index: 1
    Address: 25347900
    Attributes: [3]
Location #226
    Mapping index: 1
    Address: 25524616
    Attributes: [3]
Location #227
    Mapping index: 1
    Address: 25526434
    Attributes: [3]
Location #228
    Mapping index: 1
    Address: 25529158
    Attributes: [3]
Location #229
    Mapping index: 1
    Address: 25530544
    Attributes: [3]
Location #230
    Mapping index: 1
    Address: 25693898
    Attributes: [3]
Location #231
    Mapping index: 0
    Address: 0
    Line #0
        Function index: 64
        Line: 0
        Column: 0
    Attributes: [4]
Location #232
    Mapping index: 0
    Address: 0
    Line #0
        Function index: 65
        Line: 0
        Column: 0
    Attributes: [4]
Location #233
    Mapping index: 0
    Address: 0
    Line #0
        Function index: 66
        Line: 0
        Column: 0
    Attributes: [4]
Location #234
    Mapping index: 0
    Address: 0
    Line #0
        Function index: 67
        Line: 0
        Column: 0
    Attributes: [4]
Location #235
    Mapping index: 0
    Address: 0
    Line #0
        Function index: 68
        Line: 0
        Column: 0
    Attributes: [4]
Location #236
    Mapping index: 0
    Address: 0
    Line #0
        Function index: 69
        Line: 406
        Column: 0
    Attributes: [4]
Location #237
    Mapping index: 0
    Address: 0
    Line #0
        Function index: 70
        Line: 473
        Column: 0
    Attributes: [4]
Location #238
    Mapping index: 0
    Address: 0
    Line #0
        Function index: 71
        Line: 678
        Column: 0
    Attributes: [4]
Location #239
    Mapping index: 0
    Address: 0
    Line #0
        Function index: 72
        Line: 622
        Column: 0
    Attributes: [4]
Location #240
    Mapping index: 0
    Address: 0
    Line #0
        Function index: 73
        Line: 25
        Column: 0
    Attributes: [4]
Location #241
    Mapping index: 0
    Address: 0
    Line #0
        Function index: 74
        Line: 174
        Column: 0
    Attributes: [4]
Location #242
    Mapping index: 0
    Address: 0
    Line #0
        Function index: 75
        Line: 183
        Column: 0
    Attributes: [4]
Location #243
    Mapping index: 0
    Address: 0
    Line #0
        Function index: 76
        Line: 227
        Column: 0
    Attributes: [4]
Location #244
    Mapping index: 0
    Address: 0
    Line #0
        Function index: 77
        Line: 0
        Column: 0
    Attributes: [4]
Location #245
    Mapping index: 1
    Address: 21474148
    Attributes: [3]
Location #246
    Mapping index: 1
    Address: 21440003
    Attributes: [3]
Location #247
    Mapping index: 1
    Address: 21606399
    Attributes: [3]
Location #248
    Mapping index: 1
    Address: 21609527
    Attributes: [3]
Location #249
    Mapping index: 1
    Address: 21611932
    Attributes: [3]
Location #250
    Mapping index: 1
    Address: 21346269
    Attributes: [3]
Location #251
    Mapping index: 1
    Address: 21349220
    Attributes: [3]
Location #252
    Mapping index: 1
    Address: 21953605
    Attributes: [3]
Location #253
    Mapping index: 1
    Address: 21963009
    Attributes: [3]
Location #254
    Mapping index: 1
    Address: 21963531
    Attributes: [3]
Location #255
    Mapping index: 0
    Address: 47890819
    Attributes: [3]
Location #256
    Mapping index: 0
    Address: 47896936
    Attributes: [3]
Location #257
    Mapping index: 0
    Address: 0
    Line #0
        Function index: 78
        Line: 137
        Column: 0
    Attributes: [4]
Location #258
    Mapping index: 0
    Address: 0
    Line #0
        Function index: 79
        Line: 320
        Column: 0
    Attributes: [4]
Location #259
    Mapping index: 0
    Address: 0
    Line #0
        Function index: 80
        Line: 0
        Column: 0
    Attributes: [4]
Location #260
    Mapping index: 0
    Address: 0
    Line #0
        Function index: 81
        Line: 0
        Column: 0
    Attributes: [4]
Location #261
    Mapping index: 0
    Address: 0
    Line #0
        Function index: 82
        Line: 0
        Column: 0
    Attributes: [4]
Location #262
    Mapping index: 0
    Address: 0
    Line #0
        Function index: 83
        Line: 1033
        Column: 0
    Attributes: [4]
Location #263
    Mapping index: 0
    Address: 0
    Line #0
        Function index: 84
        Line: 1037
        Column: 0
    Attributes: [4]
Location #264
    Mapping index: 3
    Address: 4005048
    Line #0
        Function index: 32
        Line: 0
        Column: 0
    Attributes: [18]
Location #265
    Mapping index: 1
    Address: 24395164
    Attributes: [3]
Location #266
    Mapping index: 1
    Address: 24397120
    Attributes: [3]
Location #267
    Mapping index: 1
    Address: 24413966
    Attributes: [3]
Location #268
    Mapping index: 1
    Address: 24415062
    Attributes: [3]
Location #269
    Mapping index: 1
    Address: 25657925
    Attributes: [3]
Location #270
    Mapping index: 0
    Address: 0
    Line #0
        Function index: 85
        Line: 0
        Column: 0
    Attributes: [4]
Location #271
    Mapping index: 0
    Address: 0
    Line #0
        Function index: 86
        Line: 290
        Column: 0
    Attributes: [4]
Location #272
    Mapping index: 0
    Address: 0
    Line #0
        Function index: 87
        Line: 0
        Column: 0
    Attributes: [4]
Location #273
    Mapping index: 0
    Address: 0
    Line #0
        Function index: 88
        Line: 0
        Column: 0
    Attributes: [4]
Location #274
    Mapping index: 0
    Address: 0
    Line #0
        Function index: 89
        Line: 0
        Column: 0
    Attributes: [4]
Location #275
    Mapping index: 0
    Address: 0
    Line #0
        Function index: 90
        Line: 0
        Column: 0
    Attributes: [4]
Location #276
    Mapping index: 0
    Address: 0
    Line #0
        Function index: 91
        Line: 0
        Column: 0
    Attributes: [4]
Location #277
    Mapping index: 0
    Address: 0
    Line #0
        Function index: 92
        Line: 0
        Column: 0
    Attributes: [4]
Location #278
    Mapping index: 0
    Address: 0
    Line #0
        Function index: 93
        Line: 0
        Column: 0
    Attributes: [4]
Location #279
    Mapping index: 1
    Address: 15963868
    Attributes: [3]
Location #280
    Mapping index: 1
    Address: 24485441
    Attributes: [3]
Location #281
    Mapping index: 1
    Address: 24369152
    Attributes: [3]
Location #282
    Mapping index: 1
    Address: 24368961
    Attributes: [3]
Location #283
    Mapping index: 1
    Address: 24370492
    Attributes: [3]
Location #284
    Mapping index: 1
    Address: 18995569
    Attributes: [3]
Location #285
    Mapping index: 1
    Address: 15983390
    Attributes: [3]
Location #286
    Mapping index: 0
    Address: 0
    Line #0
        Function index: 94
        Line: 0
        Column: 0
    Attributes: [4]
Location #287
    Mapping index: 1
    Address: 21952788
    Attributes: [3]
Location #288
    Mapping index: 1
    Address: 24454353
    Attributes: [3]
Location #289
    Mapping index: 1
    Address: 19151945
    Attributes: [3]
Location #290
    Mapping index: 1
    Address: 19153158
    Attributes: [3]
Location #291
    Mapping index: 1
    Address: 16258194
    Attributes: [3]
Location #292
    Mapping index: 1
    Address: 16278569
    Attributes: [3]
Location #293
    Mapping index: 1
    Address: 22459870
    Attributes: [3]
Location #294
    Mapping index: 1
    Address: 22506083
    Attributes: [3]
Location #295
    Mapping index: 4
    Address: 21590112
    Attributes: [3]
Location #296
    Mapping index: 4
    Address: 15732505
    Attributes: [3]
Location #297
    Mapping index: 4
    Address: 15223352
    Attributes: [3]
Location #298
    Mapping index: 4
    Address: 15718939
    Attributes: [3]
Location #299
    Mapping index: 4
    Address: 16919821
    Attributes: [3]
Location #300
    Mapping index: 4
    Address: 15518371
    Attributes: [3]
Location #301
    Mapping index: 4
    Address: 15968003
    Attributes: [3]
Location #302
    Mapping index: 4
    Address: 15905384
    Attributes: [3]
Location #303
    Mapping index: 4
    Address: 16317066
    Attributes: [3]
Location #304
    Mapping index: 4
    Address: 15858770
    Attributes: [3]
Location #305
    Mapping index: 4
    Address: 16637480
    Attributes: [3]
Location #306
    Mapping index: 4
    Address: 21388591
    Attributes: [3]
Location #307
    Mapping index: 4
    Address: 16319364
    Attributes: [3]
Location #308
    Mapping index: 4
    Address: 14536356
    Attributes: [3]
Location #309
    Mapping index: 5
    Address: 4315680
    Line #0
        Function index: 95
        Line: 1746
        Column: 0
    Attributes: [28]
Location #310
    Mapping index: 5
    Address: 18935371
    Line #0
        Function index: 96
        Line: 1191
        Column: 0
    Attributes: [28]
Location #311
    Mapping index: 5
    Address: 18936615
    Line #0
        Function index: 97
        Line: 1246
        Column: 0
    Attributes: [28]
Location #312
    Mapping index: 5
    Address: 18958365
    Line #0
        Function index: 98
        Line: 209
        Column: 0
    Attributes: [28]
Location #313
    Mapping index: 5
    Address: 18957892
    Line #0
        Function index: 99
        Line: 182
        Column: 0
    Attributes: [28]
Location #314
    Mapping index: 5
    Address: 18959142
    Line #0
        Function index: 100
        Line: 37
        Column: 0
    Attributes: [28]
Location #315
    Mapping index: 5
    Address: 19372701
    Line #0
        Function index: 101
        Line: 187
        Column: 0
    Attributes: [28]
Location #316
    Mapping index: 5
    Address: 19422167
    Line #0
        Function index: 102
        Line: 384
        Column: 0
    Attributes: [28]
Location #317
    Mapping index: 5
    Address: 19432468
    Line #0
        Function index: 103
        Line: 606
        Column: 0
    Attributes: [28]
Location #318
    Mapping index: 5
    Address: 18445717
    Line #0
        Function index: 104
        Line: 403
        Column: 0
    Attributes: [28]
Location #319
    Mapping index: 5
    Address: 18443691
    Line #0
        Function index: 105
        Line: 378
        Column: 0
    Attributes: [28]
Location #320
    Mapping index: 5
    Address: 18444583
    Line #0
        Function index: 106
        Line: 407
        Column: 0
    Attributes: [28]
Location #321
    Mapping index: 5
    Address: 19428093
    Line #0
        Function index: 107
        Line: 552
        Column: 0
    Attributes: [28]
Location #322
    Mapping index: 5
    Address: 19501466
    Line #0
        Function index: 108
        Line: 57
        Column: 0
    Attributes: [28]
Location #323
    Mapping index: 5
    Address: 19500935
    Line #0
        Function index: 109
        Line: 47
        Column: 0
    Attributes: [28]
Location #324
    Mapping index: 5
    Address: 4740960
    Line #0
        Function index: 110
        Line: 1694
        Column: 0
    Attributes: [28]
Location #325
    Mapping index: 5
    Address: 4262189
    Line #0
        Function index: 111
        Line: 60
        Column: 0
    Attributes: [28]
Location #326
    Mapping index: 5
    Address: 19380920
    Line #0
        Function index: 112
        Line: 506
        Column: 0
    Attributes: [28]
Location #327
    Mapping index: 5
    Address: 19379752
    Line #0
        Function index: 113
        Line: 437
        Column: 0
    Attributes: [28]
Location #328
    Mapping index: 5
    Address: 19373291
    Line #0
        Function index: 101
        Line: 222
        Column: 0
    Attributes: [28]
Location #329
    Mapping index: 5
    Address: 4262034
    Line #0
        Function index: 114
        Line: 154
        Column: 0
    Attributes: [28]
Location #330
    Mapping index: 5
    Address: 18933387
    Line #0
        Function index: 115
        Line: 1012
        Column: 0
    Attributes: [28]
Location #331
    Mapping index: 5
    Address: 18933624
    Line #0
        Function index: 115
        Line: 1021
        Column: 0
    Attributes: [28]
Location #332
    Mapping index: 3
    Address: 7341316
    Line #0
        Function index: 116
        Line: 0
        Column: 0
    Attributes: [18]
Location #333
    Mapping index: 3
    Address: 7342494
    Line #0
        Function index: 117
        Line: 0
        Column: 0
    Attributes: [18]
Location #334
    Mapping index: 3
    Address: 7787935
    Line #0
        Function index: 118
        Line: 0
        Column: 0
    Attributes: [18]
Location #335
    Mapping index: 3
    Address: 7788988
    Line #0
        Function index: 119
        Line: 0
        Column: 0
    Attributes: [18]
Location #336
    Mapping index: 3
    Address: 7812671
    Line #0
        Function index: 29
        Line: 0
        Column: 0
    Attributes: [18]
Location #337
    Mapping index: 5
    Address: 4223328
    Line #0
        Function index: 120
        Line: 131
        Column: 0
    Attributes: [28]
Location #338
    Mapping index: 5
    Address: 5530314
    Line #0
        Function index: 121
        Line: 98
        Column: 0
    Attributes: [28]
Location #339
    Mapping index: 5
    Address: 18944708
    Line #0
        Function index: 122
        Line: 286
        Column: 0
    Attributes: [28]
Location #340
    Mapping index: 5
    Address: 18945285
    Line #0
        Function index: 123
        Line: 332
        Column: 0
    Attributes: [28]
Location #341
    Mapping index: 5
    Address: 18946503
    Line #0
        Function index: 124
        Line: 398
        Column: 0
    Attributes: [28]
Location #342
    Mapping index: 5
    Address: 18953029
    Line #0
        Function index: 125
        Line: 723
        Column: 0
    Attributes: [28]
Location #343
    Mapping index: 5
    Address: 18958277
    Line #0
        Function index: 98
        Line: 206
        Column: 0
    Attributes: [28]
Location #344
    Mapping index: 3
    Address: 5374337
    Line #0
        Function index: 126
        Line: 0
        Column: 0
    Attributes: [18]
Location #345
    Mapping index: 3
    Address: 5374619
    Line #0
        Function index: 127
        Line: 0
        Column: 0
    Attributes: [18]
Location #346
    Mapping index: 3
    Address: 5381011
    Line #0
        Function index: 128
        Line: 0
        Column: 0
    Attributes: [18]
Location #347
    Mapping index: 3
    Address: 5381931
    Line #0
        Function index: 129
        Line: 0
        Column: 0
    Attributes: [18]
Location #348
    Mapping index: 3
    Address: 3164879
    Line #0
        Function index: 130
        Line: 0
        Column: 0
    Attributes: [18]
Location #349
    Mapping index: 3
    Address: 22351549
    Line #0
        Function index: 131
        Line: 0
        Column: 0
    Attributes: [18]
Location #350
    Mapping index: 3
    Address: 298
    Line #0
        Function index: 132
        Line: 0
        Column: 0
    Attributes: [18]
Location #351
    Mapping index: 5
    Address: 4747190
    Line #0
        Function index: 133
        Line: 135
        Column: 0
    Attributes: [28]
Location #352
    Mapping index: 5
    Address: 4547567
    Line #0
        Function index: 134
        Line: 6234
        Column: 0
    Attributes: [28]
Location #353
    Mapping index: 5
    Address: 4508466
    Line #0
        Function index: 135
        Line: 1928
        Column: 0
    Attributes: [28]
Location #354
    Mapping index: 5
    Address: 4508276
    Line #0
        Function index: 136
        Line: 1890
        Column: 0
    Attributes: [28]
Location #355
    Mapping index: 5
    Address: 4732964
    Line #0
        Function index: 137
        Line: 396
        Column: 0
    Attributes: [28]
Location #356
    Mapping index: 5
    Address: 19485860
    Line #0
        Function index: 138
        Line: 260
        Column: 0
    Attributes: [28]
Location #357
    Mapping index: 5
    Address: 19414020
    Line #0
        Function index: 139
        Line: 128
        Column: 0
    Attributes: [28]
Location #358
    Mapping index: 5
    Address: 19426910
    Line #0
        Function index: 107
        Line: 511
        Column: 0
    Attributes: [28]
Location #359
    Mapping index: 5
    Address: 18929463
    Line #0
        Function index: 140
        Line: 865
        Column: 0
    Attributes: [28]
Location #360
    Mapping index: 5
    Address: 18938624
    Line #0
        Function index: 141
        Line: 122
        Column: 0
    Attributes: [28]
Location #361
    Mapping index: 5
    Address: 18933225
    Line #0
        Function index: 115
        Line: 1010
        Column: 0
    Attributes: [28]
Location #362
    Mapping index: 3
    Address: 12357817
    Line #0
        Function index: 142
        Line: 0
        Column: 0
    Attributes: [18]
Location #363
    Mapping index: 3
    Address: 6564310
    Line #0
        Function index: 143
        Line: 0
        Column: 0
    Attributes: [18]
Location #364
    Mapping index: 3
    Address: 6548654
    Line #0
        Function index: 144
        Line: 0
        Column: 0
    Attributes: [18]
Location #365
    Mapping index: 3
    Address: 6574650
    Line #0
        Function index: 145
        Line: 0
        Column: 0
    Attributes: [18]
Location #366
    Mapping index: 3
    Address: 6576780
    Line #0
        Function index: 146
        Line: 0
        Column: 0
    Attributes: [18]
Location #367
    Mapping index: 3
    Address: 3172050
    Line #0
        Function index: 130
        Line: 0
        Column: 0
    Attributes: [18]
Location #368
    Mapping index: 5
    Address: 4224397
    Line #0
        Function index: 147
        Line: 36
        Column: 0
    Attributes: [28]
Location #369
    Mapping index: 5
    Address: 4849036
    Line #0
        Function index: 148
        Line: 67
        Column: 0
    Attributes: [28]
Location #370
    Mapping index: 5
    Address: 4849125
    Line #0
        Function index: 149
        Line: 87
        Column: 0
    Attributes: [28]
Location #371
    Mapping index: 5
    Address: 4852909
    Line #0
        Function index: 150
        Line: 1
        Column: 0
    Attributes: [28]
Location #372
    Mapping index: 5
    Address: 17802355
    Line #0
        Function index: 151
        Line: 95
        Column: 0
    Attributes: [28]
Location #373
    Mapping index: 5
    Address: 18185741
    Line #0
        Function index: 152
        Line: 1420
        Column: 0
    Attributes: [28]
Location #374
    Mapping index: 5
    Address: 18185389
    Line #0
        Function index: 153
        Line: 1399
        Column: 0
    Attributes: [28]
Location #375
    Mapping index: 5
    Address: 19489045
    Line #0
        Function index: 154
        Line: 547
        Column: 0
    Attributes: [28]
Location #376
    Mapping index: 5
    Address: 19380040
    Line #0
        Function index: 113
        Line: 449
        Column: 0
    Attributes: [28]
Location #377
    Mapping index: 5
    Address: 18900391
    Line #0
        Function index: 155
        Line: 120
        Column: 0
    Attributes: [28]
Location #378
    Mapping index: 5
    Address: 18933479
    Line #0
        Function index: 115
        Line: 1003
        Column: 0
    Attributes: [28]
Location #379
    Mapping index: 3
    Address: 22436806
    Line #0
        Function index: 156
        Line: 0
        Column: 0
    Attributes: [18]
Location #380
    Mapping index: 3
    Address: 5381082
    Line #0
        Function index: 128
        Line: 0
        Column: 0
    Attributes: [18]
Location #381
    Mapping index: 5
    Address: 18933374
    Line #0
        Function index: 115
        Line: 1012
        Column: 0
    Attributes: [28]
Location #382
    Mapping index: 5
    Address: 4744153
    Line #0
        Function index: 157
        Line: 127
        Column: 0
    Attributes: [28]
Location #383
    Mapping index: 5
    Address: 4719204
    Line #0
        Function index: 158
        Line: 283
        Column: 0
    Attributes: [28]
Location #384
    Mapping index: 5
    Address: 18900310
    Line #0
        Function index: 155
        Line: 119
        Column: 0
    Attributes: [28]
Location #385
    Mapping index: 5
    Address: 4740294
    Line #0
        Function index: 159
        Line: 806
        Column: 0
    Attributes: [28]
Location #386
    Mapping index: 5
    Address: 4488209
    Line #0
        Function index: 160
        Line: 248
        Column: 0
    Attributes: [28]
Location #387
    Mapping index: 5
    Address: 4370116
    Line #0
        Function index: 161
        Line: 240
        Column: 0
    Attributes: [28]
Location #388
    Mapping index: 5
    Address: 4369220
    Line #0
        Function index: 162
        Line: 222
        Column: 0
    Attributes: [28]
Location #389
    Mapping index: 5
    Address: 4378642
    Line #0
        Function index: 163
        Line: 1207
        Column: 0
    Attributes: [28]
Location #390
    Mapping index: 5
    Address: 4362713
    Line #0
        Function index: 164
        Line: 1542
        Column: 0
    Attributes: [28]
Location #391
    Mapping index: 5
    Address: 4733225
    Line #0
        Function index: 165
        Line: 517
        Column: 0
    Attributes: [28]
Location #392
    Mapping index: 5
    Address: 4361840
    Line #0
        Function index: 166
        Line: 1523
        Column: 0
    Attributes: [28]
Location #393
    Mapping index: 5
    Address: 4361284
    Line #0
        Function index: 167
        Line: 1373
        Column: 0
    Attributes: [28]
Location #394
    Mapping index: 3
    Address: 7812973
    Line #0
        Function index: 30
        Line: 0
        Column: 0
    Attributes: [18]
Location #395
    Mapping index: 3
    Address: 4020487
    Line #0
        Function index: 168
        Line: 0
        Column: 0
    Attributes: [18]
Location #396
    Mapping index: 3
    Address: 8604938
    Line #0
        Function index: 169
        Line: 0
        Column: 0
    Attributes: [18]
Location #397
    Mapping index: 3
    Address: 8605422
    Line #0
        Function index: 170
        Line: 0
        Column: 0
    Attributes: [18]
Location #398
    Mapping index: 3
    Address: 8605584
    Line #0
        Function index: 171
        Line: 0
        Column: 0
    Attributes: [18]
Location #399
    Mapping index: 3
    Address: 6564296
    Line #0
        Function index: 143
        Line: 0
        Column: 0
    Attributes: [18]
Location #400
    Mapping index: 3
    Address: 22329974
    Line #0
        Function index: 172
        Line: 0
        Column: 0
    Attributes: [18]
Location #401
    Mapping index: 3
    Address: 8029185
    Line #0
        Function index: 173
        Line: 0
        Column: 0
    Attributes: [18]
Location #402
    Mapping index: 3
    Address: 8034381
    Line #0
        Function index: 174
        Line: 0
        Column: 0
    Attributes: [18]
Location #403
    Mapping index: 3
    Address: 8276607
    Line #0
        Function index: 175
        Line: 0
        Column: 0
    Attributes: [18]
Location #404
    Mapping index: 3
    Address: 8289146
    Line #0
        Function index: 176
        Line: 0
        Column: 0
    Attributes: [18]
Location #405
    Mapping index: 3
    Address: 7805836
    Line #0
        Function index: 177
        Line: 0
        Column: 0
    Attributes: [18]
Location #406
    Mapping index: 3
    Address: 7806887
    Line #0
        Function index: 28
        Line: 0
        Column: 0
    Attributes: [18]
Location #407
    Mapping index: 5
    Address: 4315588
    Line #0
        Function index: 178
        Line: 1729
        Column: 0
    Attributes: [28]
Location #408
    Mapping index: 5
    Address: 4314697
    Line #0
        Function index: 179
        Line: 775
        Column: 0
    Attributes: [28]
Location #409
    Mapping index: 5
    Address: 4699243
    Line #0
        Function index: 180
        Line: 1097
        Column: 0
    Attributes: [28]
Location #410
    Mapping index: 5
    Address: 4717544
    Line #0
        Function index: 181
        Line: 116
        Column: 0
    Attributes: [28]
Location #411
    Mapping index: 5
    Address: 19488709
    Line #0
        Function index: 154
        Line: 541
        Column: 0
    Attributes: [28]
Location #412
    Mapping index: 5
    Address: 4476682
    Line #0
        Function index: 182
        Line: 542
        Column: 0
    Attributes: [28]
Location #413
    Mapping index: 5
    Address: 4477351
    Line #0
        Function index: 183
        Line: 585
        Column: 0
    Attributes: [28]
Location #414
    Mapping index: 5
    Address: 5341046
    Line #0
        Function index: 184
        Line: 668
        Column: 0
    Attributes: [28]
Location #415
    Mapping index: 5
    Address: 5343053
    Line #0
        Function index: 185
        Line: 756
        Column: 0
    Attributes: [28]
Location #416
    Mapping index: 5
    Address: 5353917
    Line #0
        Function index: 186
        Line: 1075
        Column: 0
    Attributes: [28]
Location #417
    Mapping index: 5
    Address: 5317316
    Line #0
        Function index: 187
        Line: 26
        Column: 0
    Attributes: [28]
Location #418
    Mapping index: 5
    Address: 18182728
    Line #0
        Function index: 188
        Line: 1261
        Column: 0
    Attributes: [28]
Location #419
    Mapping index: 5
    Address: 19539343
    Line #0
        Function index: 189
        Line: 925
        Column: 0
    Attributes: [28]
Location #420
    Mapping index: 5
    Address: 19544164
    Line #0
        Function index: 190
        Line: 1111
        Column: 0
    Attributes: [28]
Location #421
    Mapping index: 5
    Address: 18456436
    Line #0
        Function index: 191
        Line: 55
        Column: 0
    Attributes: [28]
Location #422
    Mapping index: 6
    Address: 17663374
    Attributes: [3]
Location #423
    Mapping index: 6
    Address: 34324157
    Attributes: [3]
Location #424
    Mapping index: 6
    Address: 34324385
    Attributes: [3]
Location #425
    Mapping index: 6
    Address: 34323732
    Attributes: [3]
Location #426
    Mapping index: 6
    Address: 33222027
    Attributes: [3]
Location #427
    Mapping index: 6
    Address: 33360877
    Attributes: [3]
Location #428
    Mapping index: 6
    Address: 33333387
    Attributes: [3]
Location #429
    Mapping index: 6
    Address: 33279570
    Attributes: [3]
Location #430
    Mapping index: 6
    Address: 33270252
    Attributes: [3]
Location #431
    Mapping index: 6
    Address: 33987851
    Attributes: [3]
Location #432
    Mapping index: 6
    Address: 33158374
    Attributes: [3]
Location #433
    Mapping index: 6
    Address: 12153813
    Attributes: [3]
Location #434
    Mapping index: 6
    Address: 44066347
    Attributes: [3]
Location #435
    Mapping index: 6
    Address: 43528371
    Attributes: [3]
Location #436
    Mapping index: 6
    Address: 44574268
    Attributes: [3]
Location #437
    Mapping index: 7
    Address: 82989
    Attributes: [3]
Location #438
    Mapping index: 7
    Address: 71827
    Attributes: [3]
Location #439
    Mapping index: 6
    Address: 40057201
    Attributes: [3]
Location #440
    Mapping index: 8
    Address: 13565814
    Attributes: [3]
Location #441
    Mapping index: 6
    Address: 40055350
    Attributes: [3]
Location #442
    Mapping index: 6
    Address: 39826711
    Attributes: [3]
Location #443
    Mapping index: 6
    Address: 39827326
    Attributes: [3]
Location #444
    Mapping index: 6
    Address: 39943199
    Attributes: [3]
Location #445
    Mapping index: 7
    Address: 70123
    Attributes: [3]
Location #446
    Mapping index: 7
    Address: 123778
    Attributes: [3]
Location #447
    Mapping index: 7
    Address: 57940
    Attributes: [3]
Location #448
    Mapping index: 8
    Address: 15814365
    Attributes: [3]
Location #449
    Mapping index: 8
    Address: 31261824
    Attributes: [3]
Location #450
    Mapping index: 8
    Address: 31206458
    Attributes: [3]
Location #451
    Mapping index: 8
    Address: 31192404
    Attributes: [3]
Location #452
    Mapping index: 8
    Address: 31176696
    Attributes: [3]
Location #453
    Mapping index: 8
    Address: 31175437
    Attributes: [3]
Location #454
    Mapping index: 8
    Address: 66351253
    Attributes: [3]
Location #455
    Mapping index: 8
    Address: 15922512
    Attributes: [3]
Location #456
    Mapping index: 8
    Address: 48840117
    Attributes: [3]
Location #457
    Mapping index: 8
    Address: 15936815
    Attributes: [3]
Location #458
    Mapping index: 8
    Address: 48839589
    Attributes: [3]
Location #459
    Mapping index: 8
    Address: 15917664
    Attributes: [3]
Location #460
    Mapping index: 6
    Address: 29488527
    Attributes: [3]
Location #461
    Mapping index: 6
    Address: 29454066
    Attributes: [3]
Location #462
    Mapping index: 6
    Address: 33159686
    Attributes: [3]
Location #463
    Mapping index: 8
    Address: 13881011
    Attributes: [3]
Location #464
    Mapping index: 8
    Address: 13880805
    Attributes: [3]
Location #465
    Mapping index: 8
    Address: 26903725
    Attributes: [3]
Location #466
    Mapping index: 8
    Address: 31501486
    Attributes: [3]
Location #467
    Mapping index: 8
    Address: 31497624
    Attributes: [3]
Location #468
    Mapping index: 8
    Address: 34801493
    Attributes: [3]
Location #469
    Mapping index: 8
    Address: 21672661
    Attributes: [3]
Location #470
    Mapping index: 8
    Address: 29223768
    Attributes: [3]
Location #471
    Mapping index: 8
    Address: 29229637
    Attributes: [3]
Location #472
    Mapping index: 8
    Address: 28734157
    Attributes: [3]
Location #473
    Mapping index: 8
    Address: 28741873
    Attributes: [3]
Location #474
    Mapping index: 8
    Address: 28740618
    Attributes: [3]
Location #475
    Mapping index: 6
    Address: 29517077
    Attributes: [3]
Location #476
    Mapping index: 8
    Address: 15283056
    Attributes: [3]
Location #477
    Mapping index: 8
    Address: 15286471
    Attributes: [3]
Location #478
    Mapping index: 8
    Address: 15283560
    Attributes: [3]
Location #479
    Mapping index: 8
    Address: 15283587
    Attributes: [3]
Location #480
    Mapping index: 8
    Address: 15281456
    Attributes: [3]
Location #481
    Mapping index: 8
    Address: 15237764
    Attributes: [3]
Location #482
    Mapping index: 8
    Address: 35630763
    Attributes: [3]
Location #483
    Mapping index: 8
    Address: 35630929
    Attributes: [3]
Location #484
    Mapping index: 8
    Address: 17230453
    Attributes: [3]
Location #485
    Mapping index: 8
    Address: 33408491
    Attributes: [3]
Location #486
    Mapping index: 8
    Address: 66251061
    Attributes: [3]
Location #487
    Mapping index: 2
    Address: 1611104
    Attributes: [3]
Location #488
    Mapping index: 8
    Address: 13339934
    Attributes: [3]
Location #489
    Mapping index: 8
    Address: 13336174
    Attributes: [3]
Location #490
    Mapping index: 8
    Address: 35133259
    Attributes: [3]
Location #491
    Mapping index: 8
    Address: 26795527
    Attributes: [3]
Location #492
    Mapping index: 8
    Address: 26764657
    Attributes: [3]
Location #493
    Mapping index: 8
    Address: 31598344
    Attributes: [3]
Location #494
    Mapping index: 8
    Address: 31597055
    Attributes: [3]
Location #495
    Mapping index: 8
    Address: 66195957
    Attributes: [3]
Location #496
    Mapping index: 8
    Address: 16024576
    Attributes: [3]
Location #497
    Mapping index: 8
    Address: 35096252
    Attributes: [3]
Location #498
    Mapping index: 8
    Address: 35105956
    Attributes: [3]
Location #499
    Mapping index: 8
    Address: 35119835
    Attributes: [3]
Location #500
    Mapping index: 8
    Address: 35103934
    Attributes: [3]
Location #501
    Mapping index: 8
    Address: 35102238
    Attributes: [3]
Location #502
    Mapping index: 8
    Address: 35027190
    Attributes: [3]
Location #503
    Mapping index: 8
    Address: 35029103
    Attributes: [3]
Location #504
    Mapping index: 8
    Address: 36427188
    Attributes: [3]
Location #505
    Mapping index: 8
    Address: 36440779
    Attributes: [3]
Location #506
    Mapping index: 8
    Address: 36435895
    Attributes: [3]
Location #507
    Mapping index: 8
    Address: 36433249
    Attributes: [3]
Location #508
    Mapping index: 8
    Address: 29954130
    Attributes: [3]
Location #509
    Mapping index: 8
    Address: 29966222
    Attributes: [3]
Location #510
    Mapping index: 8
    Address: 29970279
    Attributes: [3]
Location #511
    Mapping index: 8
    Address: 29936812
    Attributes: [3]
Location #512
    Mapping index: 8
    Address: 29935935
    Attributes: [3]
Location #513
    Mapping index: 6
    Address: 29522117
    Attributes: [3]
Location #514
    Mapping index: 8
    Address: 35279959
    Attributes: [3]
Location #515
    Mapping index: 8
    Address: 48847013
    Attributes: [3]
Location #516
    Mapping index: 8
    Address: 35267938
    Attributes: [3]
Location #517
    Mapping index: 8
    Address: 32603797
    Attributes: [3]
Location #518
    Mapping index: 8
    Address: 35275318
    Attributes: [3]
Location #519
    Mapping index: 8
    Address: 32605477
    Attributes: [3]
Location #520
    Mapping index: 8
    Address: 35273024
    Attributes: [3]
Location #521
    Mapping index: 8
    Address: 32604949
    Attributes: [3]
Location #522
    Mapping index: 8
    Address: 32593227
    Attributes: [3]
Location #523
    Mapping index: 8
    Address: 66211733
    Attributes: [3]
Location #524
    Mapping index: 6
    Address: 30723400
    Attributes: [3]
Location #525
    Mapping index: 6
    Address: 30787598
    Attributes: [3]
Location #526
    Mapping index: 6
    Address: 31535091
    Attributes: [3]
Location #527
    Mapping index: 6
    Address: 31530888
    Attributes: [3]
Location #528
    Mapping index: 6
    Address: 31814617
    Attributes: [3]
Location #529
    Mapping index: 6
    Address: 31747072
    Attributes: [3]
Location #530
    Mapping index: 6
    Address: 31298069
    Attributes: [3]
Location #531
    Mapping index: 6
    Address: 31308892
    Attributes: [3]
Location #532
    Mapping index: 6
    Address: 31290785
    Attributes: [3]
Location #533
    Mapping index: 6
    Address: 31289746
    Attributes: [3]
Location #534
    Mapping index: 6
    Address: 32811994
    Attributes: [3]
Location #535
    Mapping index: 6
    Address: 32809074
    Attributes: [3]
Location #536
    Mapping index: 6
    Address: 32811472
    Attributes: [3]
Location #537
    Mapping index: 6
    Address: 32818003
    Attributes: [3]
Location #538
    Mapping index: 6
    Address: 32810000
    Attributes: [3]
Location #539
    Mapping index: 6
    Address: 32814261
    Attributes: [3]
Location #540
    Mapping index: 6
    Address: 32810192
    Attributes: [3]
Location #541
    Mapping index: 6
    Address: 32811934
    Attributes: [3]
Location #542
    Mapping index: 6
    Address: 32855947
    Attributes: [3]
Location #543
    Mapping index: 6
    Address: 33219907
    Attributes: [3]
Location #544
    Mapping index: 6
    Address: 33222747
    Attributes: [3]
Location #545
    Mapping index: 6
    Address: 34324311
    Attributes: [3]
Location #546
    Mapping index: 6
    Address: 34325269
    Attributes: [3]
Location #547
    Mapping index: 6
    Address: 34324546
    Attributes: [3]
Location #548
    Mapping index: 6
    Address: 31445281
    Attributes: [3]
Location #549
    Mapping index: 6
    Address: 31466811
    Attributes: [3]
Location #550
    Mapping index: 6
    Address: 31458516
    Attributes: [3]
Location #551
    Mapping index: 6
    Address: 31812993
    Attributes: [3]
Location #552
    Mapping index: 6
    Address: 31747180
    Attributes: [3]
Location #553
    Mapping index: 6
    Address: 31843594
    Attributes: [3]
Location #554
    Mapping index: 6
    Address: 31844920
    Attributes: [3]
Location #555
    Mapping index: 6
    Address: 31826106
    Attributes: [3]
Location #556
    Mapping index: 6
    Address: 31828191
    Attributes: [3]
Location #557
    Mapping index: 6
    Address: 31412588
    Attributes: [3]
Location #558
    Mapping index: 6
    Address: 33226865
    Attributes: [3]
Location #559
    Mapping index: 6
    Address: 32813965
    Attributes: [3]
Location #560
    Mapping index: 6
    Address: 32814493
    Attributes: [3]
Location #561
    Mapping index: 2
    Address: 695043
    Attributes: [3]
Location #562
    Mapping index: 2
    Address: 704980
    Attributes: [3]
Location #563
    Mapping index: 2
    Address: 710673
    Attributes: [3]
Location #564
    Mapping index: 9
    Address: 801283
    Attributes: [3]
Location #565
    Mapping index: 8
    Address: 15239366
    Attributes: [3]
Location #566
    Mapping index: 8
    Address: 15294861
    Attributes: [3]
Location #567
    Mapping index: 8
    Address: 15255876
    Attributes: [3]
Location #568
    Mapping index: 8
    Address: 15276457
    Attributes: [3]
Location #569
    Mapping index: 8
    Address: 26282164
    Attributes: [3]
Location #570
    Mapping index: 8
    Address: 15932129
    Attributes: [3]
Location #571
    Mapping index: 8
    Address: 31174947
    Attributes: [3]
Location #572
    Mapping index: 2
    Address: 695302
    Attributes: [3]
Location #573
    Mapping index: 2
    Address: 699812
    Attributes: [3]
Location #574
    Mapping index: 2
    Address: 712141
    Attributes: [3]
Location #575
    Mapping index: 8
    Address: 32229338
    Attributes: [3]
Location #576
    Mapping index: 8
    Address: 66198197
    Attributes: [3]
Location #577
    Mapping index: 8
    Address: 15805621
    Attributes: [3]
Location #578
    Mapping index: 8
    Address: 37540984
    Attributes: [3]
Location #579
    Mapping index: 8
    Address: 37436571
    Attributes: [3]
Location #580
    Mapping index: 8
    Address: 37544052
    Attributes: [3]
Location #581
    Mapping index: 8
    Address: 37434275
    Attributes: [3]
Location #582
    Mapping index: 8
    Address: 29510453
    Attributes: [3]
Location #583
    Mapping index: 8
    Address: 29486175
    Attributes: [3]
Location #584
    Mapping index: 8
    Address: 29508577
    Attributes: [3]
Location #585
    Mapping index: 8
    Address: 29487161
    Attributes: [3]
Location #586
    Mapping index: 8
    Address: 29490076
    Attributes: [3]
Location #587
    Mapping index: 8
    Address: 29217022
    Attributes: [3]
Location #588
    Mapping index: 8
    Address: 27393040
    Attributes: [3]
Location #589
    Mapping index: 8
    Address: 27400603
    Attributes: [3]
Location #590
    Mapping index: 8
    Address: 27422254
    Attributes: [3]
Location #591
    Mapping index: 8
    Address: 27421562
    Attributes: [3]
Location #592
    Mapping index: 8
    Address: 27426407
    Attributes: [3]
Location #593
    Mapping index: 8
    Address: 33406859
    Attributes: [3]
Location #594
    Mapping index: 8
    Address: 35361337
    Attributes: [3]
Location #595
    Mapping index: 8
    Address: 32376735
    Attributes: [3]
Location #596
    Mapping index: 8
    Address: 33406915
    Attributes: [3]
Location #597
    Mapping index: 8
    Address: 30735027
    Attributes: [3]
Location #598
    Mapping index: 8
    Address: 66294261
    Attributes: [3]
Location #599
    Mapping index: 2
    Address: 695473
    Attributes: [3]
Location #600
    Mapping index: 2
    Address: 703119
    Attributes: [3]
Location #601
    Mapping index: 2
    Address: 717979
    Attributes: [3]
Location #602
    Mapping index: 9
    Address: 801518
    Attributes: [3]
Location #603
    Mapping index: 8
    Address: 15297882
    Attributes: [3]
Location #604
    Mapping index: 8
    Address: 15297579
    Attributes: [3]
Location #605
    Mapping index: 8
    Address: 15296094
    Attributes: [3]
Location #606
    Mapping index: 8
    Address: 15255743
    Attributes: [3]
Location #607
    Mapping index: 8
    Address: 15259253
    Attributes: [3]
Location #608
    Mapping index: 8
    Address: 35630776
    Attributes: [3]
Location #609
    Mapping index: 8
    Address: 13404543
    Attributes: [3]
Location #610
    Mapping index: 8
    Address: 15298241
    Attributes: [3]
Location #611
    Mapping index: 8
    Address: 15297909
    Attributes: [3]
Location #612
    Mapping index: 8
    Address: 15296999
    Attributes: [3]
Location #613
    Mapping index: 8
    Address: 30135061
    Attributes: [3]
Location #614
    Mapping index: 6
    Address: 29518133
    Attributes: [3]
Location #615
    Mapping index: 6
    Address: 32809251
    Attributes: [3]
Location #616
    Mapping index: 8
    Address: 13769050
    Attributes: [3]
Location #617
    Mapping index: 8
    Address: 14186517
    Attributes: [3]
Location #618
    Mapping index: 8
    Address: 13996311
    Attributes: [3]
Location #619
    Mapping index: 8
    Address: 13995903
    Attributes: [3]
Location #620
    Mapping index: 8
    Address: 31261550
    Attributes: [3]
Location #621
    Mapping index: 8
    Address: 15902475
    Attributes: [3]
Location #622
    Mapping index: 8
    Address: 15902291
    Attributes: [3]
Location #623
    Mapping index: 8
    Address: 29853089
    Attributes: [3]
Location #624
    Mapping index: 8
    Address: 29847563
    Attributes: [3]
Location #625
    Mapping index: 6
    Address: 29515797
    Attributes: [3]
Location #626
    Mapping index: 8
    Address: 14655524
    Attributes: [3]
Location #627
    Mapping index: 8
    Address: 14655365
    Attributes: [3]
Location #628
    Mapping index: 8
    Address: 27602748
    Attributes: [3]
Location #629
    Mapping index: 8
    Address: 27572455
    Attributes: [3]
Location #630
    Mapping index: 8
    Address: 27519840
    Attributes: [3]
Location #631
    Mapping index: 8
    Address: 27504478
    Attributes: [3]
Location #632
    Mapping index: 8
    Address: 31503193
    Attributes: [3]
Location #633
    Mapping index: 8
    Address: 31501463
    Attributes: [3]
Location #634
    Mapping index: 8
    Address: 14189706
    Attributes: [3]
Location #635
    Mapping index: 8
    Address: 13769221
    Attributes: [3]
Location #636
    Mapping index: 8
    Address: 14659712
    Attributes: [3]
Location #637
    Mapping index: 8
    Address: 29848910
    Attributes: [3]
Location #638
    Mapping index: 8
    Address: 53845711
    Attributes: [3]
Location #639
    Mapping index: 8
    Address: 53919317
    Attributes: [3]
Location #640
    Mapping index: 8
    Address: 27431938
    Attributes: [3]
Location #641
    Mapping index: 8
    Address: 27431548
    Attributes: [3]
Location #642
    Mapping index: 8
    Address: 27444122
    Attributes: [3]
Location #643
    Mapping index: 8
    Address: 27411361
    Attributes: [3]
Location #644
    Mapping index: 8
    Address: 27421926
    Attributes: [3]
Location #645
    Mapping index: 8
    Address: 27422944
    Attributes: [3]
Location #646
    Mapping index: 8
    Address: 27423922
    Attributes: [3]
Location #647
    Mapping index: 8
    Address: 27426451
    Attributes: [3]
Location #648
    Mapping index: 8
    Address: 16067735
    Attributes: [3]
Location #649
    Mapping index: 8
    Address: 35149835
    Attributes: [3]
Location #650
    Mapping index: 8
    Address: 35149476
    Attributes: [3]
Location #651
    Mapping index: 8
    Address: 35149309
    Attributes: [3]
Location #652
    Mapping index: 8
    Address: 35141752
    Attributes: [3]
Location #653
    Mapping index: 8
    Address: 35130575
    Attributes: [3]
Location #654
    Mapping index: 8
    Address: 35129628
    Attributes: [3]
Location #655
    Mapping index: 8
    Address: 35137289
    Attributes: [3]
Location #656
    Mapping index: 8
    Address: 66146162
    Attributes: [3]
Location #657
    Mapping index: 8
    Address: 32413824
    Attributes: [3]
Location #658
    Mapping index: 8
    Address: 66208485
    Attributes: [3]
Location #659
    Mapping index: 6
    Address: 32825085
    Attributes: [3]
Location #660
    Mapping index: 6
    Address: 32809930
    Attributes: [3]
Location #661
    Mapping index: 6
    Address: 33223928
    Attributes: [3]
Location #662
    Mapping index: 6
    Address: 33224023
    Attributes: [3]
Location #663
    Mapping index: 6
    Address: 32874050
    Attributes: [3]
Location #664
    Mapping index: 6
    Address: 32825266
    Attributes: [3]
Location #665
    Mapping index: 6
    Address: 31491456
    Attributes: [3]
Location #666
    Mapping index: 6
    Address: 31812938
    Attributes: [3]
Location #667
    Mapping index: 6
    Address: 31826185
    Attributes: [3]
Location #668
    Mapping index: 6
    Address: 31784466
    Attributes: [3]
Location #669
    Mapping index: 6
    Address: 32813810
    Attributes: [3]
Location #670
    Mapping index: 8
    Address: 53863351
    Attributes: [3]
Location #671
    Mapping index: 8
    Address: 53916101
    Attributes: [3]
Location #672
    Mapping index: 8
    Address: 26856935
    Attributes: [3]
Location #673
    Mapping index: 8
    Address: 27506445
    Attributes: [3]
Location #674
    Mapping index: 2
    Address: 700891
    Attributes: [3]
Location #675
    Mapping index: 8
    Address: 15534490
    Attributes: [3]
Location #676
    Mapping index: 8
    Address: 31176743
    Attributes: [3]
Location #677
    Mapping index: 2
    Address: 702421
    Attributes: [3]
Location #678
    Mapping index: 8
    Address: 13883535
    Attributes: [3]
Location #679
    Mapping index: 8
    Address: 26903861
    Attributes: [3]
Location #680
    Mapping index: 8
    Address: 31498001
    Attributes: [3]
Location #681
    Mapping index: 8
    Address: 13881021
    Attributes: [3]
Location #682
    Mapping index: 8
    Address: 27250858
    Attributes: [3]
Location #683
    Mapping index: 8
    Address: 27236821
    Attributes: [3]
Location #684
    Mapping index: 8
    Address: 27242404
    Attributes: [3]
Location #685
    Mapping index: 8
    Address: 27424785
    Attributes: [3]
Location #686
    Mapping index: 8
    Address: 33406574
    Attributes: [3]
Location #687
    Mapping index: 8
    Address: 15805583
    Attributes: [3]
Location #688
    Mapping index: 8
    Address: 16065340
    Attributes: [3]
Location #689
    Mapping index: 8
    Address: 37436593
    Attributes: [3]
Location #690
    Mapping index: 8
    Address: 37539880
    Attributes: [3]
Location #691
    Mapping index: 8
    Address: 37559416
    Attributes: [3]
Location #692
    Mapping index: 8
    Address: 37543192
    Attributes: [3]
Location #693
    Mapping index: 8
    Address: 37532000
    Attributes: [3]
Location #694
    Mapping index: 8
    Address: 37446230
    Attributes: [3]
Location #695
    Mapping index: 8
    Address: 37534290
    Attributes: [3]
Location #696
    Mapping index: 8
    Address: 37504179
    Attributes: [3]
Location #697
    Mapping index: 8
    Address: 28781210
    Attributes: [3]
Location #698
    Mapping index: 8
    Address: 31217183
    Attributes: [3]
Location #699
    Mapping index: 8
    Address: 31182126
    Attributes: [3]
Location #700
    Mapping index: 8
    Address: 30736400
    Attributes: [3]
Location #701
    Mapping index: 8
    Address: 26899752
    Attributes: [3]
Location #702
    Mapping index: 8
    Address: 32414336
    Attributes: [3]
Location #703
    Mapping index: 2
    Address: 1607193
    Attributes: [3]
Location #704
    Mapping index: 8
    Address: 13644606
    Attributes: [3]
Location #705
    Mapping index: 8
    Address: 13646253
    Attributes: [3]
Location #706
    Mapping index: 8
    Address: 14496296
    Attributes: [3]
Location #707
    Mapping index: 8
    Address: 14500935
    Attributes: [3]
Location #708
    Mapping index: 8
    Address: 14500444
    Attributes: [3]
Location #709
    Mapping index: 6
    Address: 31310906
    Attributes: [3]
Location #710
    Mapping index: 6
    Address: 30881723
    Attributes: [3]
Location #711
    Mapping index: 6
    Address: 30878844
    Attributes: [3]
Location #712
    Mapping index: 6
    Address: 30886805
    Attributes: [3]
Location #713
    Mapping index: 6
    Address: 30835748
    Attributes: [3]
Location #714
    Mapping index: 6
    Address: 32811493
    Attributes: [3]
Location #715
    Mapping index: 2
    Address: 700422
    Attributes: [3]
Location #716
    Mapping index: 8
    Address: 27276235
    Attributes: [3]
Location #717
    Mapping index: 8
    Address: 27262969
    Attributes: [3]
Location #718
    Mapping index: 8
    Address: 31179928
    Attributes: [3]
Location #719
    Mapping index: 8
    Address: 27619199
    Attributes: [3]
Location #720
    Mapping index: 8
    Address: 27602763
    Attributes: [3]
Location #721
    Mapping index: 8
    Address: 14660377
    Attributes: [3]
Location #722
    Mapping index: 8
    Address: 26895697
    Attributes: [3]
Location #723
    Mapping index: 8
    Address: 33407996
    Attributes: [3]
Location #724
    Mapping index: 8
    Address: 15286346
    Attributes: [3]
Location #725
    Mapping index: 8
    Address: 29262469
    Attributes: [3]
Location #726
    Mapping index: 8
    Address: 29224976
    Attributes: [3]
Location #727
    Mapping index: 8
    Address: 29229614
    Attributes: [3]
Location #728
    Mapping index: 8
    Address: 29053859
    Attributes: [3]
Location #729
    Mapping index: 8
    Address: 29049159
    Attributes: [3]
Location #730
    Mapping index: 3
    Address: 7421305
    Line #0
        Function index: 192
        Line: 0
        Column: 0
    Attributes: [18]
Location #731
    Mapping index: 3
    Address: 7421897
    Line #0
        Function index: 193
        Line: 0
        Column: 0
    Attributes: [18]
Location #732
    Mapping index: 3
    Address: 7422192
    Line #0
        Function index: 194
        Line: 0
        Column: 0
    Attributes: [18]
Location #733
    Mapping index: 3
    Address: 7422347
    Line #0
        Function index: 195
        Line: 0
        Column: 0
    Attributes: [18]
Location #734
    Mapping index: 3
    Address: 7424542
    Line #0
        Function index: 196
        Line: 0
        Column: 0
    Attributes: [18]
Location #735
    Mapping index: 3
    Address: 7807258
    Line #0
        Function index: 28
        Line: 0
        Column: 0
    Attributes: [18]
Location #736
    Mapping index: 8
    Address: 15839440
    Attributes: [3]
Location #737
    Mapping index: 8
    Address: 15839276
    Attributes: [3]
Location #738
    Mapping index: 8
    Address: 15838940
    Attributes: [3]
Location #739
    Mapping index: 8
    Address: 15806474
    Attributes: [3]
Location #740
    Mapping index: 6
    Address: 31496156
    Attributes: [3]
Location #741
    Mapping index: 6
    Address: 31494365
    Attributes: [3]
Location #742
    Mapping index: 6
    Address: 31813083
    Attributes: [3]
Location #743
    Mapping index: 6
    Address: 31849726
    Attributes: [3]
Location #744
    Mapping index: 6
    Address: 31850091
    Attributes: [3]
Location #745
    Mapping index: 6
    Address: 31842849
    Attributes: [3]
Location #746
    Mapping index: 6
    Address: 32852145
    Attributes: [3]
Location #747
    Mapping index: 6
    Address: 31799348
    Attributes: [3]
Location #748
    Mapping index: 6
    Address: 34324948
    Attributes: [3]
Location #749
    Mapping index: 6
    Address: 33224085
    Attributes: [3]
Location #750
    Mapping index: 8
    Address: 15238233
    Attributes: [3]
Location #751
    Mapping index: 8
    Address: 32238805
    Attributes: [3]
Location #752
    Mapping index: 8
    Address: 32234720
    Attributes: [3]
Location #753
    Mapping index: 8
    Address: 32240555
    Attributes: [3]
Location #754
    Mapping index: 8
    Address: 32229809
    Attributes: [3]
Location #755
    Mapping index: 6
    Address: 33224631
    Attributes: [3]
Location #756
    Mapping index: 6
    Address: 33224724
    Attributes: [3]
Location #757
    Mapping index: 6
    Address: 32873582
    Attributes: [3]
Location #758
    Mapping index: 8
    Address: 32244745
    Attributes: [3]
Location #759
    Mapping index: 8
    Address: 32241039
    Attributes: [3]
Location #760
    Mapping index: 8
    Address: 32229906
    Attributes: [3]
Location #761
    Mapping index: 8
    Address: 16017787
    Attributes: [3]
Location #762
    Mapping index: 8
    Address: 35916046
    Attributes: [3]
Location #763
    Mapping index: 8
    Address: 28859963
    Attributes: [3]
Location #764
    Mapping index: 8
    Address: 15298873
    Attributes: [3]
Location #765
    Mapping index: 8
    Address: 15296521
    Attributes: [3]
Location #766
    Mapping index: 8
    Address: 15255566
    Attributes: [3]
Location #767
    Mapping index: 8
    Address: 13881205
    Attributes: [3]
Location #768
    Mapping index: 8
    Address: 35232107
    Attributes: [3]
Location #769
    Mapping index: 8
    Address: 31502723
    Attributes: [3]
Location #770
    Mapping index: 8
    Address: 27275288
    Attributes: [3]
Location #771
    Mapping index: 8
    Address: 15810434
    Attributes: [3]
Location #772
    Mapping index: 8
    Address: 15808772
    Attributes: [3]
Location #773
    Mapping index: 8
    Address: 15534133
    Attributes: [3]
Location #774
    Mapping index: 8
    Address: 16049736
    Attributes: [3]
Location #775
    Mapping index: 8
    Address: 26896027
    Attributes: [3]
Location #776
    Mapping index: 8
    Address: 13308410
    Attributes: [3]
Location #777
    Mapping index: 8
    Address: 14697853
    Attributes: [3]
Location #778
    Mapping index: 8
    Address: 14704259
    Attributes: [3]
Location #779
    Mapping index: 8
    Address: 35921650
    Attributes: [3]
Location #780
    Mapping index: 8
    Address: 29228285
    Attributes: [3]
Location #781
    Mapping index: 8
    Address: 53897481
    Attributes: [3]
Location #782
    Mapping index: 8
    Address: 53916661
    Attributes: [3]
Location #783
    Mapping index: 2
    Address: 700960
    Attributes: [3]
Location #784
    Mapping index: 8
    Address: 26283479
    Attributes: [3]
Location #785
    Mapping index: 8
    Address: 15924885
    Attributes: [3]
Location #786
    Mapping index: 8
    Address: 15936992
    Attributes: [3]
Location #787
    Mapping index: 8
    Address: 16658159
    Attributes: [3]
Location #788
    Mapping index: 8
    Address: 27269590
    Attributes: [3]
Location #789
    Mapping index: 6
    Address: 34324257
    Attributes: [3]
Location #790
    Mapping index: 6
    Address: 33224299
    Attributes: [3]
Location #791
    Mapping index: 6
    Address: 33224404
    Attributes: [3]
Location #792
    Mapping index: 6
    Address: 32873695
    Attributes: [3]
Location #793
    Mapping index: 6
    Address: 32873918
    Attributes: [3]
Location #794
    Mapping index: 8
    Address: 16047979
    Attributes: [3]
Location #795
    Mapping index: 8
    Address: 27265391
    Attributes: [3]
Location #796
    Mapping index: 8
    Address: 27290914
    Attributes: [3]
Location #797
    Mapping index: 8
    Address: 27281197
    Attributes: [3]
Location #798
    Mapping index: 8
    Address: 27271210
    Attributes: [3]
Location #799
    Mapping index: 8
    Address: 33412361
    Attributes: [3]
Location #800
    Mapping index: 8
    Address: 33406528
    Attributes: [3]
Function #0
    Name: 0
    System name: 0
    Filename: 0
    Start line: 0
Function #1
    Name: 9
    System name: 0
    Filename: 0
    Start line: 0
Function #2
    Name: 10
    System name: 0
    Filename: 11
    Start line: 0
Function #3
    Name: 15
    System name: 0
    Filename: 0
    Start line: 0
Function #4
    Name: 16
    System name: 0
    Filename: 17
    Start line: 0
Function #5
    Name: 18
    System name: 0
    Filename: 19
    Start line: 0
Function #6
    Name: 20
    System name: 0
    Filename: 19
    Start line: 0
Function #7
    Name: 21
    System name: 0
    Filename: 19
    Start line: 0
Function #8
    Name: 22
    System name: 0
    Filename: 23
    Start line: 0
Function #9
    Name: 24
    System name: 0
    Filename: 23
    Start line: 0
Function #10
    Name: 25
    System name: 0
    Filename: 23
    Start line: 0
Function #11
    Name: 26
    System name: 0
    Filename: 27
    Start line: 0
Function #12
    Name: 28
    System name: 0
    Filename: 29
    Start line: 0
Function #13
    Name: 30
    System name: 0
    Filename: 0
    Start line: 0
Function #14
    Name: 31
    System name: 0
    Filename: 0
    Start line: 0
Function #15
    Name: 28
    System name: 0
    Filename: 33
    Start line: 0
Function #16
    Name: 34
    System name: 0
    Filename: 0
    Start line: 0
Function #17
    Name: 35
    System name: 0
    Filename: 0
    Start line: 0
Function #18
    Name: 36
    System name: 0
    Filename: 37
    Start line: 0
Function #19
    Name: 38
    System name: 0
    Filename: 37
    Start line: 0
Function #20
    Name: 39
    System name: 0
    Filename: 40
    Start line: 0
Function #21
    Name: 41
    System name: 0
    Filename: 40
    Start line: 0
Function #22
    Name: 42
    System name: 0
    Filename: 23
    Start line: 0
Function #23
    Name: 24
    System name: 0
    Filename: 43
    Start line: 0
Function #24
    Name: 44
    System name: 0
    Filename: 45
    Start line: 0
Function #25
    Name: 46
    System name: 0
    Filename: 23
    Start line: 0
Function #26
    Name: 47
    System name: 0
    Filename: 48
    Start line: 0
Function #27
    Name: 50
    System name: 0
    Filename: 0
    Start line: 0
Function #28
    Name: 51
    System name: 0
    Filename: 0
    Start line: 0
Function #29
    Name: 52
    System name: 0
    Filename: 0
    Start line: 0
Function #30
    Name: 53
    System name: 0
    Filename: 0
    Start line: 0
Function #31
    Name: 54
    System name: 0
    Filename: 0
    Start line: 0
Function #32
    Name: 55
    System name: 0
    Filename: 0
    Start line: 0
Function #33
    Name: 56
    System name: 0
    Filename: 0
    Start line: 0
Function #34
    Name: 57
    System name: 0
    Filename: 0
    Start line: 0
Function #35
    Name: 58
    System name: 0
    Filename: 59
    Start line: 0
Function #36
    Name: 60
    System name: 0
    Filename: 61
    Start line: 0
Function #37
    Name: 62
    System name: 0
    Filename: 61
    Start line: 0
Function #38
    Name: 63
    System name: 0
    Filename: 61
    Start line: 0
Function #39
    Name: 64
    System name: 0
    Filename: 61
    Start line: 0
Function #40
    Name: 28
    System name: 0
    Filename: 61
    Start line: 0
Function #41
    Name: 65
    System name: 0
    Filename: 66
    Start line: 0
Function #42
    Name: 67
    System name: 0
    Filename: 68
    Start line: 0
Function #43
    Name: 69
    System name: 0
    Filename: 68
    Start line: 0
Function #44
    Name: 70
    System name: 0
    Filename: 71
    Start line: 0
Function #45
    Name: 72
    System name: 0
    Filename: 71
    Start line: 0
Function #46
    Name: 73
    System name: 0
    Filename: 74
    Start line: 0
Function #47
    Name: 75
    System name: 0
    Filename: 74
    Start line: 0
Function #48
    Name: 76
    System name: 0
    Filename: 74
    Start line: 0
Function #49
    Name: 77
    System name: 0
    Filename: 74
    Start line: 0
Function #50
    Name: 78
    System name: 0
    Filename: 79
    Start line: 0
Function #51
    Name: 28
    System name: 0
    Filename: 79
    Start line: 0
Function #52
    Name: 80
    System name: 0
    Filename: 79
    Start line: 0
Function #53
    Name: 81
    System name: 0
    Filename: 79
    Start line: 0
Function #54
    Name: 82
    System name: 0
    Filename: 79
    Start line: 0
Function #55
    Name: 83
    System name: 0
    Filename: 84
    Start line: 0
Function #56
    Name: 85
    System name: 0
    Filename: 86
    Start line: 0
Function #57
    Name: 87
    System name: 0
    Filename: 88
    Start line: 0
Function #58
    Name: 89
    System name: 0
    Filename: 88
    Start line: 0
Function #59
    Name: 90
    System name: 0
    Filename: 91
    Start line: 0
Function #60
    Name: 92
    System name: 0
    Filename: 91
    Start line: 0
Function #61
    Name: 93
    System name: 0
    Filename: 91
    Start line: 0
Function #62
    Name: 94
    System name: 0
    Filename: 91
    Start line: 0
Function #63
    Name: 95
    System name: 0
    Filename: 96
    Start line: 0
Function #64
    Name: 97
    System name: 0
    Filename: 98
    Start line: 0
Function #65
    Name: 99
    System name: 0
    Filename: 98
    Start line: 0
Function #66
    Name: 100
    System name: 0
    Filename: 98
    Start line: 0
Function #67
    Name: 101
    System name: 0
    Filename: 98
    Start line: 0
Function #68
    Name: 102
    System name: 0
    Filename: 98
    Start line: 0
Function #69
    Name: 103
    System name: 0
    Filename: 104
    Start line: 0
Function #70
    Name: 28
    System name: 0
    Filename: 104
    Start line: 0
Function #71
    Name: 28
    System name: 0
    Filename: 105
    Start line: 0
Function #72
    Name: 106
    System name: 0
    Filename: 105
    Start line: 0
Function #73
    Name: 107
    System name: 0
    Filename: 108
    Start line: 0
Function #74
    Name: 109
    System name: 0
    Filename: 110
    Start line: 0
Function #75
    Name: 111
    System name: 0
    Filename: 110
    Start line: 0
Function #76
    Name: 107
    System name: 0
    Filename: 110
    Start line: 0
Function #77
    Name: 28
    System name: 0
    Filename: 112
    Start line: 0
Function #78
    Name: 113
    System name: 0
    Filename: 114
    Start line: 0
Function #79
    Name: 115
    System name: 0
    Filename: 114
    Start line: 0
Function #80
    Name: 116
    System name: 0
    Filename: 117
    Start line: 0
Function #81
    Name: 118
    System name: 0
    Filename: 0
    Start line: 0
Function #82
    Name: 119
    System name: 0
    Filename: 120
    Start line: 0
Function #83
    Name: 121
    System name: 0
    Filename: 122
    Start line: 0
Function #84
    Name: 123
    System name: 0
    Filename: 122
    Start line: 0
Function #85
    Name: 28
    System name: 0
    Filename: 11
    Start line: 0
Function #86
    Name: 124
    System name: 0
    Filename: 43
    Start line: 0
Function #87
    Name: 125
    System name: 0
    Filename: 11
    Start line: 0
Function #88
    Name: 126
    System name: 0
    Filename: 127
    Start line: 0
Function #89
    Name: 128
    System name: 0
    Filename: 11
    Start line: 0
Function #90
    Name: 28
    System name: 0
    Filename: 129
    Start line: 0
Function #91
    Name: 28
    System name: 0
    Filename: 130
    Start line: 0
Function #92
    Name: 28
    System name: 0
    Filename: 131
    Start line: 0
Function #93
    Name: 132
    System name: 0
    Filename: 133
    Start line: 0
Function #94
    Name: 134
    System name: 0
    Filename: 27
    Start line: 0
Function #95
    Name: 138
    System name: 0
    Filename: 139
    Start line: 0
Function #96
    Name: 140
    System name: 0
    Filename: 141
    Start line: 0
Function #97
    Name: 142
    System name: 0
    Filename: 141
    Start line: 0
Function #98
    Name: 143
    System name: 0
    Filename: 144
    Start line: 0
Function #99
    Name: 145
    System name: 0
    Filename: 144
    Start line: 0
Function #100
    Name: 146
    System name: 0
    Filename: 147
    Start line: 0
Function #101
    Name: 148
    System name: 0
    Filename: 149
    Start line: 0
Function #102
    Name: 150
    System name: 0
    Filename: 151
    Start line: 0
Function #103
    Name: 152
    System name: 0
    Filename: 151
    Start line: 0
Function #104
    Name: 153
    System name: 0
    Filename: 154
    Start line: 0
Function #105
    Name: 155
    System name: 0
    Filename: 154
    Start line: 0
Function #106
    Name: 156
    System name: 0
    Filename: 154
    Start line: 0
Function #107
    Name: 157
    System name: 0
    Filename: 151
    Start line: 0
Function #108
    Name: 158
    System name: 0
    Filename: 159
    Start line: 0
Function #109
    Name: 160
    System name: 0
    Filename: 159
    Start line: 0
Function #110
    Name: 161
    System name: 0
    Filename: 162
    Start line: 0
Function #111
    Name: 163
    System name: 0
    Filename: 164
    Start line: 0
Function #112
    Name: 165
    System name: 0
    Filename: 149
    Start line: 0
Function #113
    Name: 166
    System name: 0
    Filename: 149
    Start line: 0
Function #114
    Name: 163
    System name: 0
    Filename: 167
    Start line: 0
Function #115
    Name: 168
    System name: 0
    Filename: 141
    Start line: 0
Function #116
    Name: 169
    System name: 0
    Filename: 0
    Start line: 0
Function #117
    Name: 170
    System name: 0
    Filename: 0
    Start line: 0
Function #118
    Name: 171
    System name: 0
    Filename: 0
    Start line: 0
Function #119
    Name: 172
    System name: 0
    Filename: 0
    Start line: 0
Function #120
    Name: 173
    System name: 0
    Filename: 174
    Start line: 0
Function #121
    Name: 175
    System name: 0
    Filename: 176
    Start line: 0
Function #122
    Name: 177
    System name: 0
    Filename: 178
    Start line: 0
Function #123
    Name: 179
    System name: 0
    Filename: 178
    Start line: 0
Function #124
    Name: 180
    System name: 0
    Filename: 178
    Start line: 0
Function #125
    Name: 181
    System name: 0
    Filename: 178
    Start line: 0
Function #126
    Name: 182
    System name: 0
    Filename: 0
    Start line: 0
Function #127
    Name: 183
    System name: 0
    Filename: 0
    Start line: 0
Function #128
    Name: 184
    System name: 0
    Filename: 0
    Start line: 0
Function #129
    Name: 185
    System name: 0
    Filename: 0
    Start line: 0
Function #130
    Name: 186
    System name: 0
    Filename: 0
    Start line: 0
Function #131
    Name: 187
    System name: 0
    Filename: 0
    Start line: 0
Function #132
    Name: 188
    System name: 0
    Filename: 0
    Start line: 0
Function #133
    Name: 189
    System name: 0
    Filename: 190
    Start line: 0
Function #134
    Name: 191
    System name: 0
    Filename: 192
    Start line: 0
Function #135
    Name: 193
    System name: 0
    Filename: 192
    Start line: 0
Function #136
    Name: 194
    System name: 0
    Filename: 192
    Start line: 0
Function #137
    Name: 195
    System name: 0
    Filename: 162
    Start line: 0
Function #138
    Name: 196
    System name: 0
    Filename: 197
    Start line: 0
Function #139
    Name: 198
    System name: 0
    Filename: 151
    Start line: 0
Function #140
    Name: 199
    System name: 0
    Filename: 141
    Start line: 0
Function #141
    Name: 200
    System name: 0
    Filename: 201
    Start line: 0
Function #142
    Name: 202
    System name: 0
    Filename: 0
    Start line: 0
Function #143
    Name: 203
    System name: 0
    Filename: 0
    Start line: 0
Function #144
    Name: 204
    System name: 0
    Filename: 0
    Start line: 0
Function #145
    Name: 205
    System name: 0
    Filename: 0
    Start line: 0
Function #146
    Name: 206
    System name: 0
    Filename: 0
    Start line: 0
Function #147
    Name: 207
    System name: 0
    Filename: 208
    Start line: 0
Function #148
    Name: 209
    System name: 0
    Filename: 210
    Start line: 0
Function #149
    Name: 211
    System name: 0
    Filename: 210
    Start line: 0
Function #150
    Name: 211
    System name: 0
    Filename: 212
    Start line: 0
Function #151
    Name: 213
    System name: 0
    Filename: 214
    Start line: 0
Function #152
    Name: 215
    System name: 0
    Filename: 216
    Start line: 0
Function #153
    Name: 217
    System name: 0
    Filename: 216
    Start line: 0
Function #154
    Name: 218
    System name: 0
    Filename: 197
    Start line: 0
Function #155
    Name: 219
    System name: 0
    Filename: 220
    Start line: 0
Function #156
    Name: 221
    System name: 0
    Filename: 0
    Start line: 0
Function #157
    Name: 222
    System name: 0
    Filename: 223
    Start line: 0
Function #158
    Name: 224
    System name: 0
    Filename: 225
    Start line: 0
Function #159
    Name: 226
    System name: 0
    Filename: 162
    Start line: 0
Function #160
    Name: 227
    System name: 0
    Filename: 228
    Start line: 0
Function #161
    Name: 229
    System name: 0
    Filename: 230
    Start line: 0
Function #162
    Name: 231
    System name: 0
    Filename: 230
    Start line: 0
Function #163
    Name: 232
    System name: 0
    Filename: 230
    Start line: 0
Function #164
    Name: 233
    System name: 0
    Filename: 234
    Start line: 0
Function #165
    Name: 235
    System name: 0
    Filename: 162
    Start line: 0
Function #166
    Name: 236
    System name: 0
    Filename: 234
    Start line: 0
Function #167
    Name: 237
    System name: 0
    Filename: 234
    Start line: 0
Function #168
    Name: 238
    System name: 0
    Filename: 0
    Start line: 0
Function #169
    Name: 239
    System name: 0
    Filename: 0
    Start line: 0
Function #170
    Name: 240
    System name: 0
    Filename: 0
    Start line: 0
Function #171
    Name: 241
    System name: 0
    Filename: 0
    Start line: 0
Function #172
    Name: 242
    System name: 0
    Filename: 0
    Start line: 0
Function #173
    Name: 243
    System name: 0
    Filename: 0
    Start line: 0
Function #174
    Name: 244
    System name: 0
    Filename: 0
    Start line: 0
Function #175
    Name: 245
    System name: 0
    Filename: 0
    Start line: 0
Function #176
    Name: 246
    System name: 0
    Filename: 0
    Start line: 0
Function #177
    Name: 247
    System name: 0
    Filename: 0
    Start line: 0
Function #178
    Name: 248
    System name: 0
    Filename: 139
    Start line: 0
Function #179
    Name: 249
    System name: 0
    Filename: 250
    Start line: 0
Function #180
    Name: 251
    System name: 0
    Filename: 139
    Start line: 0
Function #181
    Name: 252
    System name: 0
    Filename: 225
    Start line: 0
Function #182
    Name: 253
    System name: 0
    Filename: 254
    Start line: 0
Function #183
    Name: 255
    System name: 0
    Filename: 254
    Start line: 0
Function #184
    Name: 256
    System name: 0
    Filename: 257
    Start line: 0
Function #185
    Name: 258
    System name: 0
    Filename: 257
    Start line: 0
Function #186
    Name: 259
    System name: 0
    Filename: 257
    Start line: 0
Function #187
    Name: 260
    System name: 0
    Filename: 261
    Start line: 0
Function #188
    Name: 262
    System name: 0
    Filename: 216
    Start line: 0
Function #189
    Name: 263
    System name: 0
    Filename: 264
    Start line: 0
Function #190
    Name: 265
    System name: 0
    Filename: 264
    Start line: 0
Function #191
    Name: 266
    System name: 0
    Filename: 267
    Start line: 0
Function #192
    Name: 272
    System name: 0
    Filename: 0
    Start line: 0
Function #193
    Name: 273
    System name: 0
    Filename: 0
    Start line: 0
Function #194
    Name: 274
    System name: 0
    Filename: 0
    Start line: 0
Function #195
    Name: 275
    System name: 0
    Filename: 0
    Start line: 0
Function #196
    Name: 276
    System name: 0
    Filename: 0
    Start line: 0
Attribute table:
     -> Key: Int(7)
     -> Value: Str(384c11c9414a58c0ea6edc74f53e127b)
     -> unit: Int(0)
Link table:
     -> Trace ID: Str()
     -> Span ID: Str()
String table:
    
    cpu
    nanoseconds
    samples
    count
    node
    process.executable.build_id.gnu
    process.executable.build_id.htlhash
    profile.frame.type
    V8::UnknownFrame
    stat
    node:internal/modules/cjs/loader
    thread.name
    thread.id
    cpu.logical_number
    V8::ExitFrame
    realpathSync
    node:fs
    finalizeResolution
    node:internal/modules/esm/resolve
    moduleResolve
    defaultResolve
    #cachedDefaultResolve
    node:internal/modules/esm/loader
    resolve
    getModuleJobForImport
    _link
    node:internal/modules/esm/module_job
    <anonymous>
    <unknown>
    V8::StubFrame
    V8::EntryFrame
    libc.so.6
    file:///home/fishclaw/.nvm/versions/node/v22.22.0/lib/node_modules/openclaw/dist/schemas-6cH6bZ7o.js
    V8::BuiltinExitFrame
    V8::InternalFrame
    deserializePackageJSON
    node:internal/modules/package_json_reader
    getPackageScopeConfig
    getFileProtocolModuleFormat
    node:internal/modules/esm/get_format
    defaultGetFormatWithoutErrors
    #resolveAndMaybeBlockOnLoaderThread
    file:///home/fishclaw/.nvm/versions/node/v22.22.0/lib/node_modules/openclaw/dist/plugin-module-loader-cache-lz0qhu-X.js
    resolveWithHooks
    node:internal/modules/customization_hooks
    resolveSync
    processTicksAndRejections
    node:internal/process/task_queues
    vmlinux
    _raw_spin_lock
    do_anonymous_page
    handle_pte_fault
    __handle_mm_fault
    handle_mm_fault
    do_user_addr_fault
    exc_page_fault
    asm_exc_page_fault
    loadPluginManifest
    file:///home/fishclaw/.nvm/versions/node/v22.22.0/lib/node_modules/openclaw/dist/manifest-RdUa_bOI.js
    resolveCandidateManifest
    file:///home/fishclaw/.nvm/versions/node/v22.22.0/lib/node_modules/openclaw/dist/discovery-BUQqFET8.js
    discoverInDirectory
    tracePluginLifecyclePhase.scope
    tracePluginLifecyclePhase
    listChannelCatalogEntries
    file:///home/fishclaw/.nvm/versions/node/v22.22.0/lib/node_modules/openclaw/dist/channel-catalog-registry-CoMZ7aLc.js
    listBundledChannelIdsForRoot
    file:///home/fishclaw/.nvm/versions/node/v22.22.0/lib/node_modules/openclaw/dist/bootstrap-registry-BBZtC4Up.js
    listBundledChannelIds
    listPotentialConfiguredChannelPresenceSignals
    file:///home/fishclaw/.nvm/versions/node/v22.22.0/lib/node_modules/openclaw/dist/channel-env-var-names-BB2Lxcdw.js
    listPotentialConfiguredChannelIds
    listPotentialEnabledChannelIds
    file:///home/fishclaw/.nvm/versions/node/v22.22.0/lib/node_modules/openclaw/dist/gateway-startup-plugin-ids-mVzqhEQT.js
    collectConfiguredStartupChannelIds
    collectConfigValidationChannelIds
    createConfigValidationMetadataPluginIdScope
    loadValidationPluginMetadataSnapshot
    file:///home/fishclaw/.nvm/versions/node/v22.22.0/lib/node_modules/openclaw/dist/io-fQmSDfK-.js
    validateConfigObjectWithPlugins
    measure
    readConfigFileSnapshotInternal
    configureSqliteWalMaintenance
    file:///home/fishclaw/.nvm/versions/node/v22.22.0/lib/node_modules/openclaw/dist/sqlite-wal-DqkFpj0C.js
    openOpenClawStateDatabase
    file:///home/fishclaw/.nvm/versions/node/v22.22.0/lib/node_modules/openclaw/dist/openclaw-state-db-J6qYHGxK.js
    readPersistedInstalledPluginIndexFromSqlite
    file:///home/fishclaw/.nvm/versions/node/v22.22.0/lib/node_modules/openclaw/dist/installed-plugin-index-store-Cw5ijacD.js
    readPersistedInstalledPluginIndexSync
    resolvePersistedRegistryFastMemoFingerprint
    file:///home/fishclaw/.nvm/versions/node/v22.22.0/lib/node_modules/openclaw/dist/plugin-metadata-snapshot-DXKcDDxT.js
    resolvePersistedRegistryMemoStateForLookup
    loadPluginMetadataSnapshot
    resolvePluginMetadataSnapshot
    BuildSchema
    file:///home/fishclaw/.nvm/versions/node/v22.22.0/lib/node_modules/openclaw/node_modules/typebox/build/schema/engine/schema.mjs
    replacePatternBounded
    file:///home/fishclaw/.nvm/versions/node/v22.22.0/lib/node_modules/openclaw/dist/redact-DN0dJKIU.js
    redactText
    redactSensitiveFieldValueWithOptions
    redactStructuredSecretValue
    redactSecrets
    redactLogRecordForTransport
    file:///home/fishclaw/.nvm/versions/node/v22.22.0/lib/node_modules/openclaw/dist/logger-563BnNMV.js
    file:///home/fishclaw/.nvm/versions/node/v22.22.0/lib/node_modules/openclaw/node_modules/tslog/esm/BaseLogger.js
    log
    info
    file:///home/fishclaw/.nvm/versions/node/v22.22.0/lib/node_modules/openclaw/node_modules/tslog/esm/index.js
    logToFile
    file:///home/fishclaw/.nvm/versions/node/v22.22.0/lib/node_modules/openclaw/dist/subsystem-BbA2Znit.js
    emitLog
    file:///home/fishclaw/.nvm/versions/node/v22.22.0/lib/node_modules/openclaw/dist/run-ELm7DZny.js
    normalizePositiveNumber
    file:///home/fishclaw/.nvm/versions/node/v22.22.0/lib/node_modules/openclaw/dist/model-catalog-normalize-CkJjoy4K.js
    normalizeModelCatalogModel
    Hash
    node:internal/crypto/hash
    V8::ConstructFrame
    createHash
    node:crypto
    hashString
    file:///home/fishclaw/.nvm/versions/node/v22.22.0/lib/node_modules/openclaw/dist/installed-plugin-index-QoVlhjjs.js
    hashJson
    moduleWithResolver.<computed>
    resolveForCJSWithHooks
    traceSync
    node:diagnostics_channel
    wrapModuleLoad
    /home/fishclaw/.nvm/versions/node/v22.22.0/lib/node_modules/openclaw/node_modules/undici/lib/web/cookies/parse.js
    /home/fishclaw/.nvm/versions/node/v22.22.0/lib/node_modules/openclaw/node_modules/undici/lib/web/cookies/index.js
    /home/fishclaw/.nvm/versions/node/v22.22.0/lib/node_modules/openclaw/node_modules/undici/index.js
    cjsLoader
    node:internal/modules/esm/translators
    run
    agentsight
    otelcol-ebpf-profiler
    process.executable.build_id.go
    runtime.newobject
    /home/yunwei37/go/pkg/mod/golang.org/toolchain@v0.0.1-go1.25.0.linux-amd64/src/runtime/malloc.go
    go.opentelemetry.io/ebpf-profiler/nativeunwind/elfunwindinfo.(*elfExtractor).walkBinSearchTable
    /tmp/opentelemetry-ebpf-profiler/nativeunwind/elfunwindinfo/elfehframe.go
    go.opentelemetry.io/ebpf-profiler/nativeunwind/elfunwindinfo.(*elfExtractor).parseEHFrame
    go.opentelemetry.io/ebpf-profiler/nativeunwind/elfunwindinfo.extractFile
    /tmp/opentelemetry-ebpf-profiler/nativeunwind/elfunwindinfo/stackdeltaextraction.go
    go.opentelemetry.io/ebpf-profiler/nativeunwind/elfunwindinfo.ExtractELF
    go.opentelemetry.io/ebpf-profiler/nativeunwind/elfunwindinfo.(*ELFStackDeltaProvider).GetIntervalStructuresForFile
    /tmp/opentelemetry-ebpf-profiler/nativeunwind/elfunwindinfo/stackdeltaprovider.go
    go.opentelemetry.io/ebpf-profiler/processmanager/execinfomanager.(*ExecutableInfoManager).AddOrIncRef
    /tmp/opentelemetry-ebpf-profiler/processmanager/execinfomanager/manager.go
    go.opentelemetry.io/ebpf-profiler/processmanager.(*ProcessManager).newFrameMapping
    /tmp/opentelemetry-ebpf-profiler/processmanager/processinfo.go
    go.opentelemetry.io/ebpf-profiler/processmanager.(*ProcessManager).SynchronizeProcess.func1
    go.opentelemetry.io/ebpf-profiler/process.(*systemProcess).IterateMappings.func1
    /tmp/opentelemetry-ebpf-profiler/process/process.go
    go.opentelemetry.io/ebpf-profiler/process.iterateMappings
    go.opentelemetry.io/ebpf-profiler/process.(*systemProcess).IterateMappings
    go.opentelemetry.io/ebpf-profiler/processmanager.(*ProcessManager).SynchronizeProcess
    go.opentelemetry.io/ebpf-profiler/tracer.(*Tracer).processPIDEvents
    /tmp/opentelemetry-ebpf-profiler/tracer/events.go
    go.opentelemetry.io/ebpf-profiler/tracer.(*Tracer).StartPIDEventProcessor.gowrap1
    runtime.goexit
    /home/yunwei37/go/pkg/mod/golang.org/toolchain@v0.0.1-go1.25.0.linux-amd64/src/runtime/asm_amd64.s
    runtime.mapaccess2
    /home/yunwei37/go/pkg/mod/golang.org/toolchain@v0.0.1-go1.25.0.linux-amd64/src/internal/abi/map_swiss.go
    go.opentelemetry.io/ebpf-profiler/processmanager/execinfomanager.(*executableInfoManagerState).getUnwindInfoIndex
    go.opentelemetry.io/ebpf-profiler/processmanager/execinfomanager.(*executableInfoManagerState).loadDeltas
    /home/yunwei37/go/pkg/mod/golang.org/toolchain@v0.0.1-go1.25.0.linux-amd64/src/internal/runtime/maps/group.go
    go.opentelemetry.io/ebpf-profiler/nativeunwind/elfunwindinfo.(*elfExtractor).parseFDE
    next_uptodate_folio
    filemap_map_pages
    do_read_fault
    do_fault
    indexbytebody
    /home/yunwei37/go/pkg/mod/golang.org/toolchain@v0.0.1-go1.25.0.linux-amd64/src/internal/bytealg/indexbyte_amd64.s
    bytes.Index
    /home/yunwei37/go/pkg/mod/golang.org/toolchain@v0.0.1-go1.25.0.linux-amd64/src/bytes/bytes.go
    go.opentelemetry.io/ebpf-profiler/nativeunwind/elfunwindinfo.searchGoPclntab
    /tmp/opentelemetry-ebpf-profiler/nativeunwind/elfunwindinfo/elfgopclntab.go
    go.opentelemetry.io/ebpf-profiler/nativeunwind/elfunwindinfo.extractGoPclntab
    go.opentelemetry.io/ebpf-profiler/nativeunwind/elfunwindinfo.NewGopclntab
    go.opentelemetry.io/ebpf-profiler/nativeunwind/elfunwindinfo.(*elfExtractor).parseGoPclntab
    __hrtimer_setup
    hrtimer_setup_sleeper_on_stack
    hrtimer_nanosleep
    __x64_sys_nanosleep
    x64_sys_call
    do_syscall_64
    entry_SYSCALL_64_after_hwframe
    runtime.usleep
    /home/yunwei37/go/pkg/mod/golang.org/toolchain@v0.0.1-go1.25.0.linux-amd64/src/runtime/sys_linux_amd64.s
    runtime.sysmon
    /home/yunwei37/go/pkg/mod/golang.org/toolchain@v0.0.1-go1.25.0.linux-amd64/src/runtime/proc.go
    runtime.mstart1
    runtime.mstart0
    runtime.mstart
    go.opentelemetry.io/ebpf-profiler/processmanager/ebpf.(*ebpfMapsImpl).trackMapError
    /tmp/opentelemetry-ebpf-profiler/processmanager/ebpf/ebpf.go
    go.opentelemetry.io/ebpf-profiler/processmanager.(*ProcessManager).getPidInformation
    go.opentelemetry.io/ebpf-profiler/nativeunwind/elfunwindinfo.(*vmRegs).getUnwindInfo
    go.opentelemetry.io/ebpf-profiler/nativeunwind/elfunwindinfo.(*vmRegs).getUnwindInfoX86
    /tmp/opentelemetry-ebpf-profiler/nativeunwind/elfunwindinfo/elfehframe_x86.go
    _copy_from_user
    generic_map_update_batch
    bpf_map_do_batch
    __sys_bpf
    __x64_sys_bpf
    internal/runtime/syscall.Syscall6
    /home/yunwei37/go/pkg/mod/golang.org/toolchain@v0.0.1-go1.25.0.linux-amd64/src/internal/runtime/syscall/asm_linux_amd64.s
    syscall.RawSyscall6
    /home/yunwei37/go/pkg/mod/golang.org/toolchain@v0.0.1-go1.25.0.linux-amd64/src/syscall/syscall_linux.go
    syscall.Syscall
    <autogenerated>
    github.com/cilium/ebpf/internal/sys.BPF
    /home/yunwei37/go/pkg/mod/github.com/cilium/ebpf@v0.21.0/internal/unix/types_linux.go
    github.com/cilium/ebpf.(*Map).batchUpdate
    /home/yunwei37/go/pkg/mod/github.com/cilium/ebpf@v0.21.0/map.go
    github.com/cilium/ebpf.(*Map).BatchUpdate
    go.opentelemetry.io/ebpf-profiler/processmanager/ebpf.(*ebpfMapsImpl).UpdateExeIDToStackDeltas
    go.opentelemetry.io/ebpf-profiler/nativeunwind/stackdeltatypes.(*StackDeltaArray).AddEx
    /tmp/opentelemetry-ebpf-profiler/nativeunwind/stackdeltatypes/stackdeltatypes.go
    do_nanosleep
    runtime.memclrNoHeapPointers
    /home/yunwei37/go/pkg/mod/golang.org/toolchain@v0.0.1-go1.25.0.linux-amd64/src/runtime/memclr_amd64.s
    runtime.growslice
    /home/yunwei37/go/pkg/mod/golang.org/toolchain@v0.0.1-go1.25.0.linux-amd64/src/runtime/slice.go
    runtime.procyield
    runtime.suspendG
    /home/yunwei37/go/pkg/mod/golang.org/toolchain@v0.0.1-go1.25.0.linux-amd64/src/runtime/preempt.go
    runtime.markroot.func1
    /home/yunwei37/go/pkg/mod/golang.org/toolchain@v0.0.1-go1.25.0.linux-amd64/src/runtime/mgcmark.go
    runtime.markroot
    runtime.gcDrain
    runtime.gcBgMarkWorker.func2
    /home/yunwei37/go/pkg/mod/golang.org/toolchain@v0.0.1-go1.25.0.linux-amd64/src/runtime/mgc.go
    runtime.systemstack
    runtime.gcBgMarkWorker
    runtime.gcBgMarkStartWorkers.gowrap1
    __virt_addr_valid
    check_heap_object
    __check_object_size.part.0
    __check_object_size
    clear_page_erms
    get_page_from_freelist
    __alloc_frozen_pages_noprof
    alloc_pages_mpol
    vma_alloc_folio_noprof
    alloc_anon_folio
    runtime.memclrNoHeapPointersChunked
    runtime.mallocgcLarge
    /home/yunwei37/go/pkg/mod/golang.org/toolchain@v0.0.1-go1.25.0.linux-amd64/src/runtime/mbitmap.go
    runtime.mallocgc
    runtime.makeslice
    runtime.popDefer
    /home/yunwei37/go/pkg/mod/golang.org/toolchain@v0.0.1-go1.25.0.linux-amd64/src/runtime/panic.go
    runtime.deferreturn
    fmt.(*pp).handleMethods
    /home/yunwei37/go/pkg/mod/golang.org/toolchain@v0.0.1-go1.25.0.linux-amd64/src/fmt/print.go
    fmt.(*pp).printArg
    fmt.(*pp).doPrintf
    fmt.Errorf
    /home/yunwei37/go/pkg/mod/golang.org/toolchain@v0.0.1-go1.25.0.linux-amd64/src/fmt/errors.go
    github.com/cilium/ebpf.(*Map).BatchLookupAndDelete
    go.opentelemetry.io/ebpf-profiler/tracer.(*Tracer).monitorPIDEventsMap
    /tmp/opentelemetry-ebpf-profiler/tracer/tracer.go
    go.opentelemetry.io/ebpf-profiler/tracer.(*Tracer).StartMapMonitors.func1
    go.opentelemetry.io/ebpf-profiler/periodiccaller.StartWithManualTrigger.func1
    /tmp/opentelemetry-ebpf-profiler/periodiccaller/periodiccaller.go
    libclang-cpp.so.18.1
    clang
    libLLVM.so.1
    libstdc++.so.6.0.35
    folios_put_refs
    folio_batch_move_lru
    __folio_batch_add_and_move
    folio_add_lru
    folio_add_lru_vma
ResourceProfiles #0
Resource SchemaURL: https://opentelemetry.io/schemas/1.37.0
Resource attributes:
     -> process.pid: Int(1097167)
     -> process.executable.path: Str(/home/fishclaw/.nvm/versions/node/v22.22.0/bin/node)
     -> process.executable.name: Str(node)
ScopeProfiles #0
ScopeProfiles SchemaURL: https://opentelemetry.io/schemas/1.37.0
InstrumentationScope go.opentelemetry.io/ebpf-profiler v0.0.0
Profile #0
    Profile ID     : 
    Start time     : 2026-06-21 18:35:40.409910652 +0000 UTC
    DurationNano   : 5001014544
    Dropped attributes count: 0
    Sample #0
        Values: []
        Attributes:
             -> thread.name: node
             -> thread.id: %!s(int64=1097167)
             -> cpu.logical_number: %!s(int64=3)
    Sample #1
        Values: []
        Attributes:
             -> thread.name: node
             -> thread.id: %!s(int64=1097167)
             -> cpu.logical_number: %!s(int64=3)
    Sample #2
        Values: []
        Attributes:
             -> thread.name: node
             -> thread.id: %!s(int64=1097169)
             -> cpu.logical_number: %!s(int64=19)
    Sample #3
        Values: []
        Attributes:
             -> thread.name: node
             -> thread.id: %!s(int64=1097167)
             -> cpu.logical_number: %!s(int64=3)
    Sample #4
        Values: []
        Attributes:
             -> thread.name: node
             -> thread.id: %!s(int64=1097172)
             -> cpu.logical_number: %!s(int64=14)
    Sample #5
        Values: []
        Attributes:
             -> thread.name: node
             -> thread.id: %!s(int64=1097172)
             -> cpu.logical_number: %!s(int64=14)
    Sample #6
        Values: []
        Attributes:
             -> thread.name: node
             -> thread.id: %!s(int64=1097171)
             -> cpu.logical_number: %!s(int64=13)
    Sample #7
        Values: []
        Attributes:
             -> thread.name: node
             -> thread.id: %!s(int64=1097172)
             -> cpu.logical_number: %!s(int64=14)
    Sample #8
        Values: []
        Attributes:
             -> thread.name: node
             -> thread.id: %!s(int64=1097167)
             -> cpu.logical_number: %!s(int64=3)
    Sample #9
        Values: []
        Attributes:
             -> thread.name: node
             -> thread.id: %!s(int64=1097172)
             -> cpu.logical_number: %!s(int64=14)
    Sample #10
        Values: []
        Attributes:
             -> thread.name: node
             -> thread.id: %!s(int64=1097167)
             -> cpu.logical_number: %!s(int64=4)
    Sample #11
        Values: []
        Attributes:
             -> thread.name: node
             -> thread.id: %!s(int64=1097167)
             -> cpu.logical_number: %!s(int64=4)
    Sample #12
        Values: []
        Attributes:
             -> thread.name: node
             -> thread.id: %!s(int64=1097167)
             -> cpu.logical_number: %!s(int64=4)
    Sample #13
        Values: []
        Attributes:
             -> thread.name: node
             -> thread.id: %!s(int64=1097167)
             -> cpu.logical_number: %!s(int64=4)
    Sample #14
        Values: []
        Attributes:
             -> thread.name: node
             -> thread.id: %!s(int64=1097170)
             -> cpu.logical_number: %!s(int64=23)
    Sample #15
        Values: []
        Attributes:
             -> thread.name: node
             -> thread.id: %!s(int64=1097167)
             -> cpu.logical_number: %!s(int64=3)
    Sample #16
        Values: []
        Attributes:
             -> thread.name: node
             -> thread.id: %!s(int64=1097167)
             -> cpu.logical_number: %!s(int64=3)
    Sample #17
        Values: []
        Attributes:
             -> thread.name: node
             -> thread.id: %!s(int64=1097167)
             -> cpu.logical_number: %!s(int64=3)
    Sample #18
        Values: []
        Attributes:
             -> thread.name: node
             -> thread.id: %!s(int64=1097167)
             -> cpu.logical_number: %!s(int64=3)
    Sample #19
        Values: []
        Attributes:
             -> thread.name: node
             -> thread.id: %!s(int64=1097167)
             -> cpu.logical_number: %!s(int64=3)
    Sample #20
        Values: []
        Attributes:
             -> thread.name: node
             -> thread.id: %!s(int64=1097171)
             -> cpu.logical_number: %!s(int64=13)
    Sample #21
        Values: []
        Attributes:
             -> thread.name: node
             -> thread.id: %!s(int64=1097170)
             -> cpu.logical_number: %!s(int64=23)
    Sample #22
        Values: []
        Attributes:
             -> thread.name: node
             -> thread.id: %!s(int64=1097167)
             -> cpu.logical_number: %!s(int64=3)
    Sample #23
        Values: []
        Attributes:
             -> thread.name: node
             -> thread.id: %!s(int64=1097167)
             -> cpu.logical_number: %!s(int64=3)
    Sample #24
        Values: []
        Attributes:
             -> thread.name: node
             -> thread.id: %!s(int64=1097167)
             -> cpu.logical_number: %!s(int64=3)
    Sample #25
        Values: []
        Attributes:
             -> thread.name: node
             -> thread.id: %!s(int64=1097169)
             -> cpu.logical_number: %!s(int64=19)
    Sample #26
        Values: []
        Attributes:
             -> thread.name: node
             -> thread.id: %!s(int64=1097167)
             -> cpu.logical_number: %!s(int64=4)
    Sample #27
        Values: []
        Attributes:
             -> thread.name: node
             -> thread.id: %!s(int64=1097167)
             -> cpu.logical_number: %!s(int64=4)
ResourceProfiles #1
Resource SchemaURL: https://opentelemetry.io/schemas/1.37.0
Resource attributes:
     -> process.pid: Int(2711)
     -> process.executable.path: Str(/home/yunwei37/.cargo/bin/agentsight)
     -> process.executable.name: Str(agentsight)
ScopeProfiles #0
ScopeProfiles SchemaURL: https://opentelemetry.io/schemas/1.37.0
InstrumentationScope go.opentelemetry.io/ebpf-profiler v0.0.0
Profile #0
    Profile ID     : 
    Start time     : 2026-06-21 18:35:40.409910652 +0000 UTC
    DurationNano   : 5001014544
    Dropped attributes count: 0
    Sample #0
        Values: []
        Attributes:
             -> thread.name: agentsight
             -> thread.id: %!s(int64=2711)
             -> cpu.logical_number: %!s(int64=0)
ResourceProfiles #2
Resource SchemaURL: https://opentelemetry.io/schemas/1.37.0
Resource attributes:
     -> process.pid: Int(1097117)
     -> process.executable.path: Str(/tmp/opentelemetry-ebpf-profiler/otelcol-ebpf-profiler)
     -> process.executable.name: Str(otelcol-ebpf-profiler)
ScopeProfiles #0
ScopeProfiles SchemaURL: https://opentelemetry.io/schemas/1.37.0
InstrumentationScope go.opentelemetry.io/ebpf-profiler v0.0.0
Profile #0
    Profile ID     : 
    Start time     : 2026-06-21 18:35:40.409910652 +0000 UTC
    DurationNano   : 5001014544
    Dropped attributes count: 0
    Sample #0
        Values: []
        Attributes:
             -> thread.name: otelcol-ebpf-pr
             -> thread.id: %!s(int64=1097159)
             -> cpu.logical_number: %!s(int64=5)
    Sample #1
        Values: []
        Attributes:
             -> thread.name: otelcol-ebpf-pr
             -> thread.id: %!s(int64=1097159)
             -> cpu.logical_number: %!s(int64=5)
    Sample #2
        Values: []
        Attributes:
             -> thread.name: otelcol-ebpf-pr
             -> thread.id: %!s(int64=1097159)
             -> cpu.logical_number: %!s(int64=5)
    Sample #3
        Values: []
        Attributes:
             -> thread.name: otelcol-ebpf-pr
             -> thread.id: %!s(int64=1097159)
             -> cpu.logical_number: %!s(int64=22)
    Sample #4
        Values: []
        Attributes:
             -> thread.name: otelcol-ebpf-pr
             -> thread.id: %!s(int64=1097157)
             -> cpu.logical_number: %!s(int64=2)
    Sample #5
        Values: []
        Attributes:
             -> thread.name: otelcol-ebpf-pr
             -> thread.id: %!s(int64=1097152)
             -> cpu.logical_number: %!s(int64=10)
    Sample #6
        Values: []
        Attributes:
             -> thread.name: otelcol-ebpf-pr
             -> thread.id: %!s(int64=1097118)
             -> cpu.logical_number: %!s(int64=11)
    Sample #7
        Values: []
        Attributes:
             -> thread.name: otelcol-ebpf-pr
             -> thread.id: %!s(int64=1097160)
             -> cpu.logical_number: %!s(int64=18)
    Sample #8
        Values: []
        Attributes:
             -> thread.name: otelcol-ebpf-pr
             -> thread.id: %!s(int64=1097160)
             -> cpu.logical_number: %!s(int64=18)
    Sample #9
        Values: []
        Attributes:
             -> thread.name: otelcol-ebpf-pr
             -> thread.id: %!s(int64=1097152)
             -> cpu.logical_number: %!s(int64=5)
    Sample #10
        Values: []
        Attributes:
             -> thread.name: otelcol-ebpf-pr
             -> thread.id: %!s(int64=1097159)
             -> cpu.logical_number: %!s(int64=5)
    Sample #11
        Values: []
        Attributes:
             -> thread.name: otelcol-ebpf-pr
             -> thread.id: %!s(int64=1097164)
             -> cpu.logical_number: %!s(int64=19)
    Sample #12
        Values: []
        Attributes:
             -> thread.name: otelcol-ebpf-pr
             -> thread.id: %!s(int64=1097118)
             -> cpu.logical_number: %!s(int64=11)
    Sample #13
        Values: []
        Attributes:
             -> thread.name: otelcol-ebpf-pr
             -> thread.id: %!s(int64=1097152)
             -> cpu.logical_number: %!s(int64=5)
    Sample #14
        Values: []
        Attributes:
             -> thread.name: otelcol-ebpf-pr
             -> thread.id: %!s(int64=1097152)
             -> cpu.logical_number: %!s(int64=5)
    Sample #15
        Values: []
        Attributes:
             -> thread.name: otelcol-ebpf-pr
             -> thread.id: %!s(int64=1097163)
             -> cpu.logical_number: %!s(int64=8)
    Sample #16
        Values: []
        Attributes:
             -> thread.name: otelcol-ebpf-pr
             -> thread.id: %!s(int64=1097159)
             -> cpu.logical_number: %!s(int64=22)
    Sample #17
        Values: []
        Attributes:
             -> thread.name: otelcol-ebpf-pr
             -> thread.id: %!s(int64=1097159)
             -> cpu.logical_number: %!s(int64=5)
    Sample #18
        Values: []
        Attributes:
             -> thread.name: otelcol-ebpf-pr
             -> thread.id: %!s(int64=1097159)
             -> cpu.logical_number: %!s(int64=22)
    Sample #19
        Values: []
        Attributes:
             -> thread.name: otelcol-ebpf-pr
             -> thread.id: %!s(int64=1097164)
             -> cpu.logical_number: %!s(int64=19)
ResourceProfiles #3
Resource SchemaURL: https://opentelemetry.io/schemas/1.37.0
Resource attributes:
     -> process.pid: Int(1096587)
     -> process.executable.path: Str(/usr/lib/llvm-18/bin/clang)
     -> process.executable.name: Str(clang)
ScopeProfiles #0
ScopeProfiles SchemaURL: https://opentelemetry.io/schemas/1.37.0
InstrumentationScope go.opentelemetry.io/ebpf-profiler v0.0.0
Profile #0
    Profile ID     : 
    Start time     : 2026-06-21 18:35:40.409910652 +0000 UTC
    DurationNano   : 5001014544
    Dropped attributes count: 0
    Sample #0
        Values: []
        Attributes:
             -> thread.name: clang
             -> thread.id: %!s(int64=1096587)
             -> cpu.logical_number: %!s(int64=1)
    Sample #1
        Values: []
        Attributes:
             -> thread.name: clang
             -> thread.id: %!s(int64=1096587)
             -> cpu.logical_number: %!s(int64=1)
    Sample #2
        Values: []
        Attributes:
             -> thread.name: clang
             -> thread.id: %!s(int64=1096587)
             -> cpu.logical_number: %!s(int64=1)
    Sample #3
        Values: []
        Attributes:
             -> thread.name: clang
             -> thread.id: %!s(int64=1096587)
             -> cpu.logical_number: %!s(int64=1)
    Sample #4
        Values: []
        Attributes:
             -> thread.name: clang
             -> thread.id: %!s(int64=1096587)
             -> cpu.logical_number: %!s(int64=1)
    Sample #5
        Values: []
        Attributes:
             -> thread.name: clang
             -> thread.id: %!s(int64=1096587)
             -> cpu.logical_number: %!s(int64=1)
    Sample #6
        Values: []
        Attributes:
             -> thread.name: clang
             -> thread.id: %!s(int64=1096587)
             -> cpu.logical_number: %!s(int64=1)
    Sample #7
        Values: []
        Attributes:
             -> thread.name: clang
             -> thread.id: %!s(int64=1096587)
             -> cpu.logical_number: %!s(int64=1)
    Sample #8
        Values: []
        Attributes:
             -> thread.name: clang
             -> thread.id: %!s(int64=1096587)
             -> cpu.logical_number: %!s(int64=1)
    Sample #9
        Values: []
        Attributes:
             -> thread.name: clang
             -> thread.id: %!s(int64=1096587)
             -> cpu.logical_number: %!s(int64=1)
    Sample #10
        Values: []
        Attributes:
             -> thread.name: clang
             -> thread.id: %!s(int64=1096587)
             -> cpu.logical_number: %!s(int64=1)
    Sample #11
        Values: []
        Attributes:
             -> thread.name: clang
             -> thread.id: %!s(int64=1096587)
             -> cpu.logical_number: %!s(int64=1)
    Sample #12
        Values: []
        Attributes:
             -> thread.name: clang
             -> thread.id: %!s(int64=1096587)
             -> cpu.logical_number: %!s(int64=1)
    Sample #13
        Values: []
        Attributes:
             -> thread.name: clang
             -> thread.id: %!s(int64=1096587)
             -> cpu.logical_number: %!s(int64=1)
    Sample #14
        Values: []
        Attributes:
             -> thread.name: clang
             -> thread.id: %!s(int64=1096587)
             -> cpu.logical_number: %!s(int64=1)
    Sample #15
        Values: []
        Attributes:
             -> thread.name: clang
             -> thread.id: %!s(int64=1096587)
             -> cpu.logical_number: %!s(int64=1)
    Sample #16
        Values: []
        Attributes:
             -> thread.name: clang
             -> thread.id: %!s(int64=1096587)
             -> cpu.logical_number: %!s(int64=1)
    Sample #17
        Values: []
        Attributes:
             -> thread.name: clang
             -> thread.id: %!s(int64=1096587)
             -> cpu.logical_number: %!s(int64=1)
    Sample #18
        Values: []
        Attributes:
             -> thread.name: clang
             -> thread.id: %!s(int64=1096587)
             -> cpu.logical_number: %!s(int64=1)
    Sample #19
        Values: []
        Attributes:
             -> thread.name: clang
             -> thread.id: %!s(int64=1096587)
             -> cpu.logical_number: %!s(int64=1)
    Sample #20
        Values: []
        Attributes:
             -> thread.name: clang
             -> thread.id: %!s(int64=1096587)
             -> cpu.logical_number: %!s(int64=1)
    Sample #21
        Values: []
        Attributes:
             -> thread.name: clang
             -> thread.id: %!s(int64=1096587)
             -> cpu.logical_number: %!s(int64=1)
    Sample #22
        Values: []
        Attributes:
             -> thread.name: clang
             -> thread.id: %!s(int64=1096587)
             -> cpu.logical_number: %!s(int64=1)
    Sample #23
        Values: []
        Attributes:
             -> thread.name: clang
             -> thread.id: %!s(int64=1096587)
             -> cpu.logical_number: %!s(int64=1)
    Sample #24
        Values: []
        Attributes:
             -> thread.name: clang
             -> thread.id: %!s(int64=1096587)
             -> cpu.logical_number: %!s(int64=1)
    Sample #25
        Values: []
        Attributes:
             -> thread.name: clang
             -> thread.id: %!s(int64=1096587)
             -> cpu.logical_number: %!s(int64=1)
    Sample #26
        Values: []
        Attributes:
             -> thread.name: clang
             -> thread.id: %!s(int64=1096587)
             -> cpu.logical_number: %!s(int64=1)
    Sample #27
        Values: []
        Attributes:
             -> thread.name: clang
             -> thread.id: %!s(int64=1096587)
             -> cpu.logical_number: %!s(int64=1)
    Sample #28
        Values: []
        Attributes:
             -> thread.name: clang
             -> thread.id: %!s(int64=1096587)
             -> cpu.logical_number: %!s(int64=1)
    Sample #29
        Values: []
        Attributes:
             -> thread.name: clang
             -> thread.id: %!s(int64=1096587)
             -> cpu.logical_number: %!s(int64=1)
    Sample #30
        Values: []
        Attributes:
             -> thread.name: clang
             -> thread.id: %!s(int64=1096587)
             -> cpu.logical_number: %!s(int64=1)
    Sample #31
        Values: []
        Attributes:
             -> thread.name: clang
             -> thread.id: %!s(int64=1096587)
             -> cpu.logical_number: %!s(int64=1)
    Sample #32
        Values: []
        Attributes:
             -> thread.name: clang
             -> thread.id: %!s(int64=1096587)
             -> cpu.logical_number: %!s(int64=1)
    Sample #33
        Values: []
        Attributes:
             -> thread.name: clang
             -> thread.id: %!s(int64=1096587)
             -> cpu.logical_number: %!s(int64=1)
    Sample #34
        Values: []
        Attributes:
             -> thread.name: clang
             -> thread.id: %!s(int64=1096587)
             -> cpu.logical_number: %!s(int64=1)
    Sample #35
        Values: []
        Attributes:
             -> thread.name: clang
             -> thread.id: %!s(int64=1096587)
             -> cpu.logical_number: %!s(int64=1)
    Sample #36
        Values: []
        Attributes:
             -> thread.name: clang
             -> thread.id: %!s(int64=1096587)
             -> cpu.logical_number: %!s(int64=1)
    Sample #37
        Values: []
        Attributes:
             -> thread.name: clang
             -> thread.id: %!s(int64=1096587)
             -> cpu.logical_number: %!s(int64=1)
    Sample #38
        Values: []
        Attributes:
             -> thread.name: clang
             -> thread.id: %!s(int64=1096587)
             -> cpu.logical_number: %!s(int64=1)
    Sample #39
        Values: []
        Attributes:
             -> thread.name: clang
             -> thread.id: %!s(int64=1096587)
             -> cpu.logical_number: %!s(int64=1)
    Sample #40
        Values: []
        Attributes:
             -> thread.name: clang
             -> thread.id: %!s(int64=1096587)
             -> cpu.logical_number: %!s(int64=1)
    Sample #41
        Values: []
        Attributes:
             -> thread.name: clang
             -> thread.id: %!s(int64=1096587)
             -> cpu.logical_number: %!s(int64=1)
    Sample #42
        Values: []
        Attributes:
             -> thread.name: clang
             -> thread.id: %!s(int64=1096587)
             -> cpu.logical_number: %!s(int64=1)
    Sample #43
        Values: []
        Attributes:
             -> thread.name: clang
             -> thread.id: %!s(int64=1096587)
             -> cpu.logical_number: %!s(int64=1)
    Sample #44
        Values: []
        Attributes:
             -> thread.name: clang
             -> thread.id: %!s(int64=1096587)
             -> cpu.logical_number: %!s(int64=1)
    Sample #45
        Values: []
        Attributes:
             -> thread.name: clang
             -> thread.id: %!s(int64=1096587)
             -> cpu.logical_number: %!s(int64=1)
    Sample #46
        Values: []
        Attributes:
             -> thread.name: clang
             -> thread.id: %!s(int64=1096587)
             -> cpu.logical_number: %!s(int64=1)
    Sample #47
        Values: []
        Attributes:
             -> thread.name: clang
             -> thread.id: %!s(int64=1096587)
             -> cpu.logical_number: %!s(int64=1)
    Sample #48
        Values: []
        Attributes:
             -> thread.name: clang
             -> thread.id: %!s(int64=1096587)
             -> cpu.logical_number: %!s(int64=1)
    Sample #49
        Values: []
        Attributes:
             -> thread.name: clang
             -> thread.id: %!s(int64=1096587)
             -> cpu.logical_number: %!s(int64=1)
    Sample #50
        Values: []
        Attributes:
             -> thread.name: clang
             -> thread.id: %!s(int64=1096587)
             -> cpu.logical_number: %!s(int64=1)
    Sample #51
        Values: []
        Attributes:
             -> thread.name: clang
             -> thread.id: %!s(int64=1096587)
             -> cpu.logical_number: %!s(int64=1)
    Sample #52
        Values: []
        Attributes:
             -> thread.name: clang
             -> thread.id: %!s(int64=1096587)
             -> cpu.logical_number: %!s(int64=1)
    Sample #53
        Values: []
        Attributes:
             -> thread.name: clang
             -> thread.id: %!s(int64=1096587)
             -> cpu.logical_number: %!s(int64=1)
    Sample #54
        Values: []
        Attributes:
             -> thread.name: clang
             -> thread.id: %!s(int64=1096587)
             -> cpu.logical_number: %!s(int64=1)
    Sample #55
        Values: []
        Attributes:
             -> thread.name: clang
             -> thread.id: %!s(int64=1096587)
             -> cpu.logical_number: %!s(int64=1)
    Sample #56
        Values: []
        Attributes:
             -> thread.name: clang
             -> thread.id: %!s(int64=1096587)
             -> cpu.logical_number: %!s(int64=1)
    Sample #57
        Values: []
        Attributes:
             -> thread.name: clang
             -> thread.id: %!s(int64=1096587)
             -> cpu.logical_number: %!s(int64=1)
    Sample #58
        Values: []
        Attributes:
             -> thread.name: clang
             -> thread.id: %!s(int64=1096587)
             -> cpu.logical_number: %!s(int64=1)
    Sample #59
        Values: []
        Attributes:
             -> thread.name: clang
             -> thread.id: %!s(int64=1096587)
             -> cpu.logical_number: %!s(int64=1)
    Sample #60
        Values: []
        Attributes:
             -> thread.name: clang
             -> thread.id: %!s(int64=1096587)
             -> cpu.logical_number: %!s(int64=1)
    Sample #61
        Values: []
        Attributes:
             -> thread.name: clang
             -> thread.id: %!s(int64=1096587)
             -> cpu.logical_number: %!s(int64=1)
    Sample #62
        Values: []
        Attributes:
             -> thread.name: clang
             -> thread.id: %!s(int64=1096587)
             -> cpu.logical_number: %!s(int64=1)
    Sample #63
        Values: []
        Attributes:
             -> thread.name: clang
             -> thread.id: %!s(int64=1096587)
             -> cpu.logical_number: %!s(int64=1)
    Sample #64
        Values: []
        Attributes:
             -> thread.name: clang
             -> thread.id: %!s(int64=1096587)
             -> cpu.logical_number: %!s(int64=1)
    Sample #65
        Values: []
        Attributes:
             -> thread.name: clang
             -> thread.id: %!s(int64=1096587)
             -> cpu.logical_number: %!s(int64=1)
    Sample #66
        Values: []
        Attributes:
             -> thread.name: clang
             -> thread.id: %!s(int64=1096587)
             -> cpu.logical_number: %!s(int64=1)
    Sample #67
        Values: []
        Attributes:
             -> thread.name: clang
             -> thread.id: %!s(int64=1096587)
             -> cpu.logical_number: %!s(int64=1)
	{"resource": {"service.instance.id": "24eafe71-670a-4845-a2e9-cd3bab728edc", "service.name": "otelcol-ebpf-profiler", "service.version": "dev"}, "otelcol.component.id": "debug", "otelcol.component.kind": "exporter", "otelcol.signal": "profiles"}
2026-06-21T11:35:50.415-0700	info	Profiles	{"resource": {"service.instance.id": "24eafe71-670a-4845-a2e9-cd3bab728edc", "service.name": "otelcol-ebpf-profiler", "service.version": "dev"}, "otelcol.component.id": "debug", "otelcol.component.kind": "exporter", "otelcol.signal": "profiles", "resource profiles": 11, "sample records": 239}
2026-06-21T11:35:50.416-0700	info	Mapping #0
    Memory start: 0
    Memory limit: 0
    File offset: 0
    File name: 0
    Attributes: []
Mapping #1
    Memory start: 0
    Memory limit: 117968896
    File offset: 0
    File name: 5
    Attributes: [1 2]
Mapping #2
    Memory start: 0
    Memory limit: 61755392
    File offset: 0
    File name: 9
    Attributes: [4]
Mapping #3
    Memory start: 0
    Memory limit: 135168
    File offset: 0
    File name: 10
    Attributes: [5]
Mapping #4
    Memory start: 163840
    Memory limit: 1769472
    File offset: 163840
    File name: 11
    Attributes: [6]
Mapping #5
    Memory start: 0
    Memory limit: 0
    File offset: 0
    File name: 15
    Attributes: [10 11]
Mapping #6
    Memory start: 667648
    Memory limit: 2093056
    File offset: 667648
    File name: 33
    Attributes: [13]
Mapping #7
    Memory start: 7925760
    Memory limit: 214024192
    File offset: 7925760
    File name: 34
    Attributes: [14]
Mapping #8
    Memory start: 4096
    Memory limit: 8192
    File offset: 4096
    File name: 44
    Attributes: [32]
Mapping #9
    Memory start: 12804096
    Memory limit: 90595328
    File offset: 12804096
    File name: 45
    Attributes: [33 34]
Mapping #10
    Memory start: 14893056
    Memory limit: 53129216
    File offset: 10698752
    File name: 59
    Attributes: [41 42]
Mapping #11
    Memory start: 14532608
    Memory limit: 21663744
    File offset: 14528512
    File name: 184
    Attributes: [57 58]
Mapping #12
    Memory start: 4194304
    Memory limit: 19996672
    File offset: 0
    File name: 191
    Attributes: [61 62]
Mapping #13
    Memory start: 0
    Memory limit: 0
    File offset: 0
    File name: 329
    Attributes: [73 74]
Mapping #14
    Memory start: 0
    Memory limit: 0
    File offset: 0
    File name: 374
    Attributes: [77 78]
Mapping #15
    Memory start: 0
    Memory limit: 0
    File offset: 0
    File name: 389
    Attributes: [79 80]
Mapping #16
    Memory start: 4325376
    Memory limit: 7352320
    File offset: 131072
    File name: 408
    Attributes: [83]
Location #0
    Mapping index: 0
    Address: 0
    Attributes: []
Location #1
    Mapping index: 1
    Address: 29184942
    Attributes: [3]
Location #2
    Mapping index: 1
    Address: 29230051
    Attributes: [3]
Location #3
    Mapping index: 1
    Address: 28734157
    Attributes: [3]
Location #4
    Mapping index: 1
    Address: 28741873
    Attributes: [3]
Location #5
    Mapping index: 1
    Address: 28740618
    Attributes: [3]
Location #6
    Mapping index: 2
    Address: 29517077
    Attributes: [3]
Location #7
    Mapping index: 1
    Address: 15922512
    Attributes: [3]
Location #8
    Mapping index: 1
    Address: 48840117
    Attributes: [3]
Location #9
    Mapping index: 1
    Address: 35279959
    Attributes: [3]
Location #10
    Mapping index: 1
    Address: 48847013
    Attributes: [3]
Location #11
    Mapping index: 1
    Address: 35267938
    Attributes: [3]
Location #12
    Mapping index: 1
    Address: 32603797
    Attributes: [3]
Location #13
    Mapping index: 1
    Address: 35275318
    Attributes: [3]
Location #14
    Mapping index: 1
    Address: 32605477
    Attributes: [3]
Location #15
    Mapping index: 1
    Address: 35273024
    Attributes: [3]
Location #16
    Mapping index: 1
    Address: 32604949
    Attributes: [3]
Location #17
    Mapping index: 1
    Address: 15917664
    Attributes: [3]
Location #18
    Mapping index: 1
    Address: 32593227
    Attributes: [3]
Location #19
    Mapping index: 1
    Address: 66211733
    Attributes: [3]
Location #20
    Mapping index: 2
    Address: 29488527
    Attributes: [3]
Location #21
    Mapping index: 2
    Address: 29454066
    Attributes: [3]
Location #22
    Mapping index: 2
    Address: 33159686
    Attributes: [3]
Location #23
    Mapping index: 2
    Address: 12153813
    Attributes: [3]
Location #24
    Mapping index: 2
    Address: 44066347
    Attributes: [3]
Location #25
    Mapping index: 2
    Address: 43528371
    Attributes: [3]
Location #26
    Mapping index: 2
    Address: 44574268
    Attributes: [3]
Location #27
    Mapping index: 3
    Address: 82989
    Attributes: [3]
Location #28
    Mapping index: 3
    Address: 71827
    Attributes: [3]
Location #29
    Mapping index: 2
    Address: 40057201
    Attributes: [3]
Location #30
    Mapping index: 1
    Address: 13565814
    Attributes: [3]
Location #31
    Mapping index: 2
    Address: 40055350
    Attributes: [3]
Location #32
    Mapping index: 2
    Address: 39826711
    Attributes: [3]
Location #33
    Mapping index: 2
    Address: 39827326
    Attributes: [3]
Location #34
    Mapping index: 2
    Address: 39943199
    Attributes: [3]
Location #35
    Mapping index: 3
    Address: 70123
    Attributes: [3]
Location #36
    Mapping index: 3
    Address: 123778
    Attributes: [3]
Location #37
    Mapping index: 4
    Address: 172489
    Attributes: [3]
Location #38
    Mapping index: 4
    Address: 172682
    Attributes: [3]
Location #39
    Mapping index: 3
    Address: 57940
    Attributes: [3]
Location #40
    Mapping index: 1
    Address: 15298072
    Attributes: [3]
Location #41
    Mapping index: 1
    Address: 15297909
    Attributes: [3]
Location #42
    Mapping index: 1
    Address: 15297579
    Attributes: [3]
Location #43
    Mapping index: 1
    Address: 15296999
    Attributes: [3]
Location #44
    Mapping index: 1
    Address: 15255743
    Attributes: [3]
Location #45
    Mapping index: 1
    Address: 15259351
    Attributes: [3]
Location #46
    Mapping index: 1
    Address: 26445647
    Attributes: [3]
Location #47
    Mapping index: 1
    Address: 29951408
    Attributes: [3]
Location #48
    Mapping index: 1
    Address: 29954538
    Attributes: [3]
Location #49
    Mapping index: 1
    Address: 29966222
    Attributes: [3]
Location #50
    Mapping index: 1
    Address: 29970279
    Attributes: [3]
Location #51
    Mapping index: 1
    Address: 29936812
    Attributes: [3]
Location #52
    Mapping index: 1
    Address: 29935935
    Attributes: [3]
Location #53
    Mapping index: 2
    Address: 29522117
    Attributes: [3]
Location #54
    Mapping index: 4
    Address: 695302
    Attributes: [3]
Location #55
    Mapping index: 4
    Address: 703119
    Attributes: [3]
Location #56
    Mapping index: 4
    Address: 710673
    Attributes: [3]
Location #57
    Mapping index: 1
    Address: 13880903
    Attributes: [3]
Location #58
    Mapping index: 1
    Address: 13880805
    Attributes: [3]
Location #59
    Mapping index: 1
    Address: 36474979
    Attributes: [3]
Location #60
    Mapping index: 1
    Address: 36478641
    Attributes: [3]
Location #61
    Mapping index: 1
    Address: 36477263
    Attributes: [3]
Location #62
    Mapping index: 1
    Address: 36496545
    Attributes: [3]
Location #63
    Mapping index: 1
    Address: 66159737
    Attributes: [3]
Location #64
    Mapping index: 1
    Address: 15932129
    Attributes: [3]
Location #65
    Mapping index: 1
    Address: 29846923
    Attributes: [3]
Location #66
    Mapping index: 2
    Address: 29515797
    Attributes: [3]
Location #67
    Mapping index: 5
    Address: 7903426
    Line #0
        Function index: 1
        Line: 0
        Column: 0
    Attributes: [12]
Location #68
    Mapping index: 5
    Address: 7773481
    Line #0
        Function index: 2
        Line: 0
        Column: 0
    Attributes: [12]
Location #69
    Mapping index: 5
    Address: 7775178
    Line #0
        Function index: 3
        Line: 0
        Column: 0
    Attributes: [12]
Location #70
    Mapping index: 5
    Address: 7776501
    Line #0
        Function index: 4
        Line: 0
        Column: 0
    Attributes: [12]
Location #71
    Mapping index: 5
    Address: 7777002
    Line #0
        Function index: 5
        Line: 0
        Column: 0
    Attributes: [12]
Location #72
    Mapping index: 5
    Address: 7778573
    Line #0
        Function index: 6
        Line: 0
        Column: 0
    Attributes: [12]
Location #73
    Mapping index: 5
    Address: 7779061
    Line #0
        Function index: 7
        Line: 0
        Column: 0
    Attributes: [12]
Location #74
    Mapping index: 5
    Address: 7779369
    Line #0
        Function index: 8
        Line: 0
        Column: 0
    Attributes: [12]
Location #75
    Mapping index: 5
    Address: 7846654
    Line #0
        Function index: 9
        Line: 0
        Column: 0
    Attributes: [12]
Location #76
    Mapping index: 5
    Address: 4210438
    Line #0
        Function index: 10
        Line: 0
        Column: 0
    Attributes: [12]
Location #77
    Mapping index: 5
    Address: 4257399
    Line #0
        Function index: 11
        Line: 0
        Column: 0
    Attributes: [12]
Location #78
    Mapping index: 5
    Address: 4258076
    Line #0
        Function index: 12
        Line: 0
        Column: 0
    Attributes: [12]
Location #79
    Mapping index: 5
    Address: 4259043
    Line #0
        Function index: 13
        Line: 0
        Column: 0
    Attributes: [12]
Location #80
    Mapping index: 5
    Address: 4259223
    Line #0
        Function index: 14
        Line: 0
        Column: 0
    Attributes: [12]
Location #81
    Mapping index: 5
    Address: 3168538
    Line #0
        Function index: 15
        Line: 0
        Column: 0
    Attributes: [12]
Location #82
    Mapping index: 5
    Address: 22351549
    Line #0
        Function index: 16
        Line: 0
        Column: 0
    Attributes: [12]
Location #83
    Mapping index: 5
    Address: 298
    Line #0
        Function index: 17
        Line: 0
        Column: 0
    Attributes: [12]
Location #84
    Mapping index: 4
    Address: 975388
    Attributes: [3]
Location #85
    Mapping index: 1
    Address: 35917388
    Attributes: [3]
Location #86
    Mapping index: 1
    Address: 35962458
    Attributes: [3]
Location #87
    Mapping index: 1
    Address: 35917930
    Attributes: [3]
Location #88
    Mapping index: 1
    Address: 35962196
    Attributes: [3]
Location #89
    Mapping index: 1
    Address: 35962331
    Attributes: [3]
Location #90
    Mapping index: 1
    Address: 28894901
    Attributes: [3]
Location #91
    Mapping index: 1
    Address: 29983414
    Attributes: [3]
Location #92
    Mapping index: 1
    Address: 29933429
    Attributes: [3]
Location #93
    Mapping index: 1
    Address: 29927085
    Attributes: [3]
Location #94
    Mapping index: 1
    Address: 29966081
    Attributes: [3]
Location #95
    Mapping index: 1
    Address: 28953359
    Attributes: [3]
Location #96
    Mapping index: 1
    Address: 28868433
    Attributes: [3]
Location #97
    Mapping index: 1
    Address: 15936815
    Attributes: [3]
Location #98
    Mapping index: 1
    Address: 48839589
    Attributes: [3]
Location #99
    Mapping index: 1
    Address: 14464200
    Attributes: [3]
Location #100
    Mapping index: 1
    Address: 34252836
    Attributes: [3]
Location #101
    Mapping index: 1
    Address: 34244026
    Attributes: [3]
Location #102
    Mapping index: 1
    Address: 34130964
    Attributes: [3]
Location #103
    Mapping index: 1
    Address: 34135562
    Attributes: [3]
Location #104
    Mapping index: 1
    Address: 34109231
    Attributes: [3]
Location #105
    Mapping index: 1
    Address: 34100637
    Attributes: [3]
Location #106
    Mapping index: 1
    Address: 34099497
    Attributes: [3]
Location #107
    Mapping index: 1
    Address: 66329189
    Attributes: [3]
Location #108
    Mapping index: 4
    Address: 705868
    Attributes: [3]
Location #109
    Mapping index: 4
    Address: 708676
    Attributes: [3]
Location #110
    Mapping index: 4
    Address: 713492
    Attributes: [3]
Location #111
    Mapping index: 1
    Address: 13883449
    Attributes: [3]
Location #112
    Mapping index: 1
    Address: 15297116
    Attributes: [3]
Location #113
    Mapping index: 1
    Address: 15255566
    Attributes: [3]
Location #114
    Mapping index: 1
    Address: 15277590
    Attributes: [3]
Location #115
    Mapping index: 1
    Address: 15693681
    Attributes: [3]
Location #116
    Mapping index: 1
    Address: 15717107
    Attributes: [3]
Location #117
    Mapping index: 1
    Address: 15695518
    Attributes: [3]
Location #118
    Mapping index: 2
    Address: 29455119
    Attributes: [3]
Location #119
    Mapping index: 4
    Address: 695043
    Attributes: [3]
Location #120
    Mapping index: 4
    Address: 704980
    Attributes: [3]
Location #121
    Mapping index: 6
    Address: 801283
    Attributes: [3]
Location #122
    Mapping index: 1
    Address: 18243062
    Attributes: [3]
Location #123
    Mapping index: 1
    Address: 17618029
    Attributes: [3]
Location #124
    Mapping index: 1
    Address: 17616923
    Attributes: [3]
Location #125
    Mapping index: 1
    Address: 18247836
    Attributes: [3]
Location #126
    Mapping index: 1
    Address: 18359992
    Attributes: [3]
Location #127
    Mapping index: 1
    Address: 13301204
    Attributes: [3]
Location #128
    Mapping index: 1
    Address: 29866021
    Attributes: [3]
Location #129
    Mapping index: 1
    Address: 29863146
    Attributes: [3]
Location #130
    Mapping index: 1
    Address: 29849702
    Attributes: [3]
Location #131
    Mapping index: 1
    Address: 29847563
    Attributes: [3]
Location #132
    Mapping index: 1
    Address: 53924272
    Attributes: [3]
Location #133
    Mapping index: 1
    Address: 27498390
    Attributes: [3]
Location #134
    Mapping index: 1
    Address: 27571908
    Attributes: [3]
Location #135
    Mapping index: 1
    Address: 27519840
    Attributes: [3]
Location #136
    Mapping index: 1
    Address: 27504478
    Attributes: [3]
Location #137
    Mapping index: 1
    Address: 31503193
    Attributes: [3]
Location #138
    Mapping index: 1
    Address: 31501463
    Attributes: [3]
Location #139
    Mapping index: 1
    Address: 31497624
    Attributes: [3]
Location #140
    Mapping index: 1
    Address: 34801493
    Attributes: [3]
Location #141
    Mapping index: 1
    Address: 13880708
    Attributes: [3]
Location #142
    Mapping index: 1
    Address: 14887658
    Attributes: [3]
Location #143
    Mapping index: 1
    Address: 14887358
    Attributes: [3]
Location #144
    Mapping index: 1
    Address: 14887063
    Attributes: [3]
Location #145
    Mapping index: 1
    Address: 14886727
    Attributes: [3]
Location #146
    Mapping index: 1
    Address: 14886294
    Attributes: [3]
Location #147
    Mapping index: 1
    Address: 14885702
    Attributes: [3]
Location #148
    Mapping index: 1
    Address: 14885207
    Attributes: [3]
Location #149
    Mapping index: 1
    Address: 35205928
    Attributes: [3]
Location #150
    Mapping index: 1
    Address: 35216895
    Attributes: [3]
Location #151
    Mapping index: 1
    Address: 35219060
    Attributes: [3]
Location #152
    Mapping index: 1
    Address: 22882544
    Attributes: [3]
Location #153
    Mapping index: 1
    Address: 22896763
    Attributes: [3]
Location #154
    Mapping index: 1
    Address: 22897066
    Attributes: [3]
Location #155
    Mapping index: 1
    Address: 23237293
    Attributes: [3]
Location #156
    Mapping index: 1
    Address: 53866055
    Attributes: [3]
Location #157
    Mapping index: 1
    Address: 23224606
    Attributes: [3]
Location #158
    Mapping index: 1
    Address: 23222159
    Attributes: [3]
Location #159
    Mapping index: 1
    Address: 23218397
    Attributes: [3]
Location #160
    Mapping index: 1
    Address: 23210291
    Attributes: [3]
Location #161
    Mapping index: 1
    Address: 35969907
    Attributes: [3]
Location #162
    Mapping index: 1
    Address: 35912159
    Attributes: [3]
Location #163
    Mapping index: 1
    Address: 29465649
    Attributes: [3]
Location #164
    Mapping index: 1
    Address: 28733467
    Attributes: [3]
Location #165
    Mapping index: 1
    Address: 15805646
    Attributes: [3]
Location #166
    Mapping index: 1
    Address: 16756328
    Attributes: [3]
Location #167
    Mapping index: 1
    Address: 28734146
    Attributes: [3]
Location #168
    Mapping index: 1
    Address: 15536672
    Attributes: [3]
Location #169
    Mapping index: 1
    Address: 29059804
    Attributes: [3]
Location #170
    Mapping index: 1
    Address: 19726542
    Attributes: [3]
Location #171
    Mapping index: 1
    Address: 19835165
    Attributes: [3]
Location #172
    Mapping index: 1
    Address: 29486560
    Attributes: [3]
Location #173
    Mapping index: 1
    Address: 29485536
    Attributes: [3]
Location #174
    Mapping index: 1
    Address: 29508337
    Attributes: [3]
Location #175
    Mapping index: 1
    Address: 28919910
    Attributes: [3]
Location #176
    Mapping index: 1
    Address: 29591076
    Attributes: [3]
Location #177
    Mapping index: 1
    Address: 29579991
    Attributes: [3]
Location #178
    Mapping index: 1
    Address: 66258693
    Attributes: [3]
Location #179
    Mapping index: 1
    Address: 17489528
    Attributes: [3]
Location #180
    Mapping index: 1
    Address: 20752066
    Attributes: [3]
Location #181
    Mapping index: 1
    Address: 36479426
    Attributes: [3]
Location #182
    Mapping index: 1
    Address: 66160124
    Attributes: [3]
Location #183
    Mapping index: 1
    Address: 15924885
    Attributes: [3]
Location #184
    Mapping index: 1
    Address: 15922526
    Attributes: [3]
Location #185
    Mapping index: 1
    Address: 21817707
    Attributes: [3]
Location #186
    Mapping index: 1
    Address: 23221880
    Attributes: [3]
Location #187
    Mapping index: 1
    Address: 27431744
    Attributes: [3]
Location #188
    Mapping index: 1
    Address: 27431548
    Attributes: [3]
Location #189
    Mapping index: 1
    Address: 27444122
    Attributes: [3]
Location #190
    Mapping index: 1
    Address: 27411361
    Attributes: [3]
Location #191
    Mapping index: 1
    Address: 27421926
    Attributes: [3]
Location #192
    Mapping index: 1
    Address: 31174007
    Attributes: [3]
Location #193
    Mapping index: 1
    Address: 66325317
    Attributes: [3]
Location #194
    Mapping index: 1
    Address: 35127221
    Attributes: [3]
Location #195
    Mapping index: 1
    Address: 35119546
    Attributes: [3]
Location #196
    Mapping index: 1
    Address: 35103853
    Attributes: [3]
Location #197
    Mapping index: 1
    Address: 35102238
    Attributes: [3]
Location #198
    Mapping index: 1
    Address: 35020614
    Attributes: [3]
Location #199
    Mapping index: 1
    Address: 29767872
    Attributes: [3]
Location #200
    Mapping index: 1
    Address: 29751025
    Attributes: [3]
Location #201
    Mapping index: 1
    Address: 29745032
    Attributes: [3]
Location #202
    Mapping index: 1
    Address: 66273701
    Attributes: [3]
Location #203
    Mapping index: 1
    Address: 15596917
    Attributes: [3]
Location #204
    Mapping index: 1
    Address: 15597300
    Attributes: [3]
Location #205
    Mapping index: 1
    Address: 29056066
    Attributes: [3]
Location #206
    Mapping index: 1
    Address: 29057895
    Attributes: [3]
Location #207
    Mapping index: 1
    Address: 15805664
    Attributes: [3]
Location #208
    Mapping index: 1
    Address: 28736368
    Attributes: [3]
Location #209
    Mapping index: 1
    Address: 28741862
    Attributes: [3]
Location #210
    Mapping index: 1
    Address: 23184640
    Attributes: [3]
Location #211
    Mapping index: 1
    Address: 21282097
    Attributes: [3]
Location #212
    Mapping index: 1
    Address: 21075149
    Attributes: [3]
Location #213
    Mapping index: 1
    Address: 21063283
    Attributes: [3]
Location #214
    Mapping index: 1
    Address: 23222022
    Attributes: [3]
Location #215
    Mapping index: 4
    Address: 704112
    Attributes: [3]
Location #216
    Mapping index: 1
    Address: 22535402
    Attributes: [3]
Location #217
    Mapping index: 1
    Address: 22511084
    Attributes: [3]
Location #218
    Mapping index: 1
    Address: 23222318
    Attributes: [3]
Location #219
    Mapping index: 1
    Address: 23232742
    Attributes: [3]
Location #220
    Mapping index: 1
    Address: 23218484
    Attributes: [3]
Location #221
    Mapping index: 1
    Address: 18169305
    Attributes: [3]
Location #222
    Mapping index: 1
    Address: 17716449
    Attributes: [3]
Location #223
    Mapping index: 1
    Address: 17716223
    Attributes: [3]
Location #224
    Mapping index: 1
    Address: 37437119
    Attributes: [3]
Location #225
    Mapping index: 1
    Address: 35107821
    Attributes: [3]
Location #226
    Mapping index: 1
    Address: 35119835
    Attributes: [3]
Location #227
    Mapping index: 1
    Address: 35103934
    Attributes: [3]
Location #228
    Mapping index: 1
    Address: 36427701
    Attributes: [3]
Location #229
    Mapping index: 1
    Address: 36428844
    Attributes: [3]
Location #230
    Mapping index: 1
    Address: 36430232
    Attributes: [3]
Location #231
    Mapping index: 1
    Address: 29961425
    Attributes: [3]
Location #232
    Mapping index: 1
    Address: 36474396
    Attributes: [3]
Location #233
    Mapping index: 1
    Address: 36475123
    Attributes: [3]
Location #234
    Mapping index: 1
    Address: 30850029
    Attributes: [3]
Location #235
    Mapping index: 1
    Address: 66298181
    Attributes: [3]
Location #236
    Mapping index: 1
    Address: 14791264
    Attributes: [3]
Location #237
    Mapping index: 1
    Address: 22910105
    Attributes: [3]
Location #238
    Mapping index: 1
    Address: 23421113
    Attributes: [3]
Location #239
    Mapping index: 1
    Address: 21270530
    Attributes: [3]
Location #240
    Mapping index: 1
    Address: 21074591
    Attributes: [3]
Location #241
    Mapping index: 1
    Address: 23221065
    Attributes: [3]
Location #242
    Mapping index: 1
    Address: 38307508
    Attributes: [3]
Location #243
    Mapping index: 1
    Address: 38307009
    Attributes: [3]
Location #244
    Mapping index: 1
    Address: 37849155
    Attributes: [3]
Location #245
    Mapping index: 1
    Address: 37836627
    Attributes: [3]
Location #246
    Mapping index: 1
    Address: 37932542
    Attributes: [3]
Location #247
    Mapping index: 1
    Address: 38060777
    Attributes: [3]
Location #248
    Mapping index: 1
    Address: 23714013
    Attributes: [3]
Location #249
    Mapping index: 1
    Address: 15717328
    Attributes: [3]
Location #250
    Mapping index: 1
    Address: 15695761
    Attributes: [3]
Location #251
    Mapping index: 1
    Address: 15296767
    Attributes: [3]
Location #252
    Mapping index: 4
    Address: 702848
    Attributes: [3]
Location #253
    Mapping index: 1
    Address: 13883535
    Attributes: [3]
Location #254
    Mapping index: 1
    Address: 15296721
    Attributes: [3]
Location #255
    Mapping index: 1
    Address: 27519816
    Attributes: [3]
Location #256
    Mapping index: 1
    Address: 35152524
    Attributes: [3]
Location #257
    Mapping index: 1
    Address: 35144215
    Attributes: [3]
Location #258
    Mapping index: 1
    Address: 35130684
    Attributes: [3]
Location #259
    Mapping index: 1
    Address: 35129628
    Attributes: [3]
Location #260
    Mapping index: 1
    Address: 16899480
    Attributes: [3]
Location #261
    Mapping index: 4
    Address: 695017
    Attributes: [3]
Location #262
    Mapping index: 1
    Address: 18779734
    Attributes: [3]
Location #263
    Mapping index: 1
    Address: 18797613
    Attributes: [3]
Location #264
    Mapping index: 1
    Address: 18791409
    Attributes: [3]
Location #265
    Mapping index: 1
    Address: 18785224
    Attributes: [3]
Location #266
    Mapping index: 1
    Address: 14648600
    Attributes: [3]
Location #267
    Mapping index: 1
    Address: 36464292
    Attributes: [3]
Location #268
    Mapping index: 1
    Address: 35027118
    Attributes: [3]
Location #269
    Mapping index: 1
    Address: 35029103
    Attributes: [3]
Location #270
    Mapping index: 1
    Address: 36427188
    Attributes: [3]
Location #271
    Mapping index: 1
    Address: 36440779
    Attributes: [3]
Location #272
    Mapping index: 1
    Address: 36435895
    Attributes: [3]
Location #273
    Mapping index: 1
    Address: 36438284
    Attributes: [3]
Location #274
    Mapping index: 1
    Address: 36433249
    Attributes: [3]
Location #275
    Mapping index: 1
    Address: 29954130
    Attributes: [3]
Location #276
    Mapping index: 1
    Address: 29965166
    Attributes: [3]
Location #277
    Mapping index: 1
    Address: 21795952
    Attributes: [3]
Location #278
    Mapping index: 1
    Address: 21796411
    Attributes: [3]
Location #279
    Mapping index: 1
    Address: 21809086
    Attributes: [3]
Location #280
    Mapping index: 1
    Address: 22556690
    Attributes: [3]
Location #281
    Mapping index: 1
    Address: 22553883
    Attributes: [3]
Location #282
    Mapping index: 1
    Address: 23222481
    Attributes: [3]
Location #283
    Mapping index: 4
    Address: 704664
    Attributes: [3]
Location #284
    Mapping index: 1
    Address: 15297538
    Attributes: [3]
Location #285
    Mapping index: 1
    Address: 15296185
    Attributes: [3]
Location #286
    Mapping index: 1
    Address: 15543977
    Attributes: [3]
Location #287
    Mapping index: 1
    Address: 16636514
    Attributes: [3]
Location #288
    Mapping index: 1
    Address: 16636238
    Attributes: [3]
Location #289
    Mapping index: 1
    Address: 16635943
    Attributes: [3]
Location #290
    Mapping index: 1
    Address: 16635607
    Attributes: [3]
Location #291
    Mapping index: 1
    Address: 16635174
    Attributes: [3]
Location #292
    Mapping index: 1
    Address: 16634582
    Attributes: [3]
Location #293
    Mapping index: 1
    Address: 16634087
    Attributes: [3]
Location #294
    Mapping index: 1
    Address: 29964296
    Attributes: [3]
Location #295
    Mapping index: 1
    Address: 29955259
    Attributes: [3]
Location #296
    Mapping index: 1
    Address: 29954263
    Attributes: [3]
Location #297
    Mapping index: 4
    Address: 704118
    Attributes: [3]
Location #298
    Mapping index: 1
    Address: 16048075
    Attributes: [3]
Location #299
    Mapping index: 1
    Address: 36485195
    Attributes: [3]
Location #300
    Mapping index: 1
    Address: 36478166
    Attributes: [3]
Location #301
    Mapping index: 4
    Address: 695393
    Attributes: [3]
Location #302
    Mapping index: 4
    Address: 699812
    Attributes: [3]
Location #303
    Mapping index: 4
    Address: 712141
    Attributes: [3]
Location #304
    Mapping index: 1
    Address: 17996085
    Attributes: [3]
Location #305
    Mapping index: 1
    Address: 15709396
    Attributes: [3]
Location #306
    Mapping index: 1
    Address: 15709161
    Attributes: [3]
Location #307
    Mapping index: 1
    Address: 15693996
    Attributes: [3]
Location #308
    Mapping index: 1
    Address: 21066051
    Attributes: [3]
Location #309
    Mapping index: 1
    Address: 21058768
    Attributes: [3]
Location #310
    Mapping index: 1
    Address: 21061997
    Attributes: [3]
Location #311
    Mapping index: 1
    Address: 26400909
    Attributes: [3]
Location #312
    Mapping index: 1
    Address: 30136549
    Attributes: [3]
Location #313
    Mapping index: 1
    Address: 30135015
    Attributes: [3]
Location #314
    Mapping index: 2
    Address: 29518133
    Attributes: [3]
Location #315
    Mapping index: 1
    Address: 15581533
    Attributes: [3]
Location #316
    Mapping index: 1
    Address: 35935113
    Attributes: [3]
Location #317
    Mapping index: 1
    Address: 35956290
    Attributes: [3]
Location #318
    Mapping index: 1
    Address: 35959139
    Attributes: [3]
Location #319
    Mapping index: 1
    Address: 29850622
    Attributes: [3]
Location #320
    Mapping index: 1
    Address: 37437416
    Attributes: [3]
Location #321
    Mapping index: 1
    Address: 35970231
    Attributes: [3]
Location #322
    Mapping index: 1
    Address: 28764450
    Attributes: [3]
Location #323
    Mapping index: 1
    Address: 28776512
    Attributes: [3]
Location #324
    Mapping index: 1
    Address: 17861568
    Attributes: [3]
Location #325
    Mapping index: 1
    Address: 17862718
    Attributes: [3]
Location #326
    Mapping index: 1
    Address: 23221204
    Attributes: [3]
Location #327
    Mapping index: 4
    Address: 703723
    Attributes: [3]
Location #328
    Mapping index: 1
    Address: 17852305
    Attributes: [3]
Location #329
    Mapping index: 1
    Address: 17860346
    Attributes: [3]
Location #330
    Mapping index: 1
    Address: 17861098
    Attributes: [3]
Location #331
    Mapping index: 1
    Address: 36394112
    Attributes: [3]
Location #332
    Mapping index: 1
    Address: 35120340
    Attributes: [3]
Location #333
    Mapping index: 1
    Address: 15290010
    Attributes: [3]
Location #334
    Mapping index: 1
    Address: 15239423
    Attributes: [3]
Location #335
    Mapping index: 1
    Address: 15294861
    Attributes: [3]
Location #336
    Mapping index: 1
    Address: 15255876
    Attributes: [3]
Location #337
    Mapping index: 4
    Address: 695037
    Attributes: [3]
Location #338
    Mapping index: 4
    Address: 705893
    Attributes: [3]
Location #339
    Mapping index: 1
    Address: 20193580
    Attributes: [3]
Location #340
    Mapping index: 1
    Address: 20169544
    Attributes: [3]
Location #341
    Mapping index: 1
    Address: 22547340
    Attributes: [3]
Location #342
    Mapping index: 1
    Address: 22550291
    Attributes: [3]
Location #343
    Mapping index: 1
    Address: 22510917
    Attributes: [3]
Location #344
    Mapping index: 1
    Address: 17542658
    Attributes: [3]
Location #345
    Mapping index: 1
    Address: 18177684
    Attributes: [3]
Location #346
    Mapping index: 1
    Address: 22522359
    Attributes: [3]
Location #347
    Mapping index: 1
    Address: 22520699
    Attributes: [3]
Location #348
    Mapping index: 1
    Address: 13378667
    Attributes: [3]
Location #349
    Mapping index: 1
    Address: 22914671
    Attributes: [3]
Location #350
    Mapping index: 1
    Address: 22673519
    Attributes: [3]
Location #351
    Mapping index: 1
    Address: 22673160
    Attributes: [3]
Location #352
    Mapping index: 1
    Address: 22637140
    Attributes: [3]
Location #353
    Mapping index: 1
    Address: 22612286
    Attributes: [3]
Location #354
    Mapping index: 1
    Address: 23220709
    Attributes: [3]
Location #355
    Mapping index: 1
    Address: 18048095
    Attributes: [3]
Location #356
    Mapping index: 1
    Address: 53866065
    Attributes: [3]
Location #357
    Mapping index: 1
    Address: 22638280
    Attributes: [3]
Location #358
    Mapping index: 1
    Address: 21065862
    Attributes: [3]
Location #359
    Mapping index: 7
    Address: 19941479
    Attributes: [3]
Location #360
    Mapping index: 7
    Address: 40038368
    Attributes: [3]
Location #361
    Mapping index: 7
    Address: 40037585
    Attributes: [3]
Location #362
    Mapping index: 7
    Address: 55502885
    Attributes: [3]
Location #363
    Mapping index: 7
    Address: 51841420
    Attributes: [3]
Location #364
    Mapping index: 7
    Address: 55529506
    Attributes: [3]
Location #365
    Mapping index: 7
    Address: 58508344
    Attributes: [3]
Location #366
    Mapping index: 7
    Address: 51571712
    Attributes: [3]
Location #367
    Mapping index: 7
    Address: 177075946
    Attributes: [3]
Location #368
    Mapping index: 7
    Address: 177068943
    Attributes: [3]
Location #369
    Mapping index: 7
    Address: 176911476
    Attributes: [3]
Location #370
    Mapping index: 7
    Address: 176942810
    Attributes: [3]
Location #371
    Mapping index: 7
    Address: 177010934
    Attributes: [3]
Location #372
    Mapping index: 7
    Address: 176925211
    Attributes: [3]
Location #373
    Mapping index: 7
    Address: 176879057
    Attributes: [3]
Location #374
    Mapping index: 7
    Address: 176398003
    Attributes: [3]
Location #375
    Mapping index: 7
    Address: 213968242
    Attributes: [3]
Location #376
    Mapping index: 7
    Address: 213905048
    Attributes: [3]
Location #377
    Mapping index: 7
    Address: 213971337
    Attributes: [3]
Location #378
    Mapping index: 7
    Address: 181327933
    Attributes: [3]
Location #379
    Mapping index: 7
    Address: 181090943
    Attributes: [3]
Location #380
    Mapping index: 7
    Address: 173355690
    Attributes: [3]
Location #381
    Mapping index: 7
    Address: 173517285
    Attributes: [3]
Location #382
    Mapping index: 7
    Address: 148867165
    Attributes: [3]
Location #383
    Mapping index: 7
    Address: 11559765
    Attributes: [3]
Location #384
    Mapping index: 7
    Address: 36365496
    Attributes: [3]
Location #385
    Mapping index: 7
    Address: 160949433
    Attributes: [3]
Location #386
    Mapping index: 7
    Address: 11558099
    Attributes: [3]
Location #387
    Mapping index: 7
    Address: 148596904
    Attributes: [3]
Location #388
    Mapping index: 7
    Address: 23494330
    Attributes: [3]
Location #389
    Mapping index: 7
    Address: 40043010
    Attributes: [3]
Location #390
    Mapping index: 7
    Address: 40039854
    Attributes: [3]
Location #391
    Mapping index: 7
    Address: 178013007
    Attributes: [3]
Location #392
    Mapping index: 7
    Address: 178012094
    Attributes: [3]
Location #393
    Mapping index: 7
    Address: 31570381
    Attributes: [3]
Location #394
    Mapping index: 7
    Address: 19055526
    Attributes: [3]
Location #395
    Mapping index: 7
    Address: 31556906
    Attributes: [3]
Location #396
    Mapping index: 7
    Address: 46473206
    Attributes: [3]
Location #397
    Mapping index: 7
    Address: 16987381
    Attributes: [3]
Location #398
    Mapping index: 7
    Address: 28810359
    Attributes: [3]
Location #399
    Mapping index: 7
    Address: 25888311
    Attributes: [3]
Location #400
    Mapping index: 7
    Address: 25884474
    Attributes: [3]
Location #401
    Mapping index: 7
    Address: 27919355
    Attributes: [3]
Location #402
    Mapping index: 7
    Address: 22030864
    Attributes: [3]
Location #403
    Mapping index: 7
    Address: 213902175
    Attributes: [3]
Location #404
    Mapping index: 7
    Address: 148810779
    Attributes: [3]
Location #405
    Mapping index: 7
    Address: 148535980
    Attributes: [3]
Location #406
    Mapping index: 7
    Address: 23498730
    Attributes: [3]
Location #407
    Mapping index: 7
    Address: 24811473
    Attributes: [3]
Location #408
    Mapping index: 7
    Address: 24823928
    Attributes: [3]
Location #409
    Mapping index: 7
    Address: 25024142
    Attributes: [3]
Location #410
    Mapping index: 7
    Address: 24944202
    Attributes: [3]
Location #411
    Mapping index: 7
    Address: 27917160
    Attributes: [3]
Location #412
    Mapping index: 7
    Address: 22086512
    Attributes: [3]
Location #413
    Mapping index: 7
    Address: 177069774
    Attributes: [3]
Location #414
    Mapping index: 7
    Address: 178124831
    Attributes: [3]
Location #415
    Mapping index: 7
    Address: 160949191
    Attributes: [3]
Location #416
    Mapping index: 7
    Address: 178392799
    Attributes: [3]
Location #417
    Mapping index: 7
    Address: 178124980
    Attributes: [3]
Location #418
    Mapping index: 7
    Address: 178091922
    Attributes: [3]
Location #419
    Mapping index: 7
    Address: 23497370
    Attributes: [3]
Location #420
    Mapping index: 7
    Address: 19057571
    Attributes: [3]
Location #421
    Mapping index: 7
    Address: 213963917
    Attributes: [3]
Location #422
    Mapping index: 7
    Address: 53787601
    Attributes: [3]
Location #423
    Mapping index: 7
    Address: 25063202
    Attributes: [3]
Location #424
    Mapping index: 5
    Address: 12323945
    Line #0
        Function index: 18
        Line: 0
        Column: 0
    Attributes: [12]
Location #425
    Mapping index: 5
    Address: 12325566
    Line #0
        Function index: 19
        Line: 0
        Column: 0
    Attributes: [12]
Location #426
    Mapping index: 5
    Address: 7334450
    Line #0
        Function index: 20
        Line: 0
        Column: 0
    Attributes: [12]
Location #427
    Mapping index: 5
    Address: 7348730
    Line #0
        Function index: 21
        Line: 0
        Column: 0
    Attributes: [12]
Location #428
    Mapping index: 5
    Address: 9745311
    Line #0
        Function index: 22
        Line: 0
        Column: 0
    Attributes: [12]
Location #429
    Mapping index: 5
    Address: 8662904
    Line #0
        Function index: 23
        Line: 0
        Column: 0
    Attributes: [12]
Location #430
    Mapping index: 5
    Address: 8663398
    Line #0
        Function index: 24
        Line: 0
        Column: 0
    Attributes: [12]
Location #431
    Mapping index: 5
    Address: 3170940
    Line #0
        Function index: 15
        Line: 0
        Column: 0
    Attributes: [12]
Location #432
    Mapping index: 7
    Address: 213964626
    Attributes: [3]
Location #433
    Mapping index: 7
    Address: 181327814
    Attributes: [3]
Location #434
    Mapping index: 7
    Address: 177063040
    Attributes: [3]
Location #435
    Mapping index: 7
    Address: 148918476
    Attributes: [3]
Location #436
    Mapping index: 7
    Address: 148642775
    Attributes: [3]
Location #437
    Mapping index: 7
    Address: 148732715
    Attributes: [3]
Location #438
    Mapping index: 7
    Address: 148816496
    Attributes: [3]
Location #439
    Mapping index: 7
    Address: 181304135
    Attributes: [3]
Location #440
    Mapping index: 7
    Address: 213905192
    Attributes: [3]
Location #441
    Mapping index: 7
    Address: 181303612
    Attributes: [3]
Location #442
    Mapping index: 7
    Address: 181294200
    Attributes: [3]
Location #443
    Mapping index: 5
    Address: 7326939
    Line #0
        Function index: 25
        Line: 0
        Column: 0
    Attributes: [12]
Location #444
    Mapping index: 5
    Address: 7332805
    Line #0
        Function index: 26
        Line: 0
        Column: 0
    Attributes: [12]
Location #445
    Mapping index: 5
    Address: 7334186
    Line #0
        Function index: 20
        Line: 0
        Column: 0
    Attributes: [12]
Location #446
    Mapping index: 5
    Address: 8662704
    Line #0
        Function index: 23
        Line: 0
        Column: 0
    Attributes: [12]
Location #447
    Mapping index: 7
    Address: 181383404
    Attributes: [3]
Location #448
    Mapping index: 7
    Address: 181354869
    Attributes: [3]
Location #449
    Mapping index: 7
    Address: 181390549
    Attributes: [3]
Location #450
    Mapping index: 7
    Address: 181309140
    Attributes: [3]
Location #451
    Mapping index: 7
    Address: 181355162
    Attributes: [3]
Location #452
    Mapping index: 7
    Address: 213963908
    Attributes: [3]
Location #453
    Mapping index: 4
    Address: 701273
    Attributes: [3]
Location #454
    Mapping index: 8
    Address: 4595
    Attributes: [3]
Location #455
    Mapping index: 9
    Address: 13745894
    Attributes: [3]
Location #456
    Mapping index: 8
    Address: 4756
    Attributes: [3]
Location #457
    Mapping index: 4
    Address: 712151
    Attributes: [3]
Location #458
    Mapping index: 4
    Address: 710589
    Attributes: [3]
Location #459
    Mapping index: 8
    Address: 4612
    Attributes: [3]
Location #460
    Mapping index: 8
    Address: 4587
    Attributes: [3]
Location #461
    Mapping index: 4
    Address: 710628
    Attributes: [3]
Location #462
    Mapping index: 4
    Address: 712046
    Attributes: [3]
Location #463
    Mapping index: 4
    Address: 710344
    Attributes: [3]
Location #464
    Mapping index: 8
    Address: 4591
    Attributes: [3]
Location #465
    Mapping index: 4
    Address: 712016
    Attributes: [3]
Location #466
    Mapping index: 4
    Address: 712153
    Attributes: [3]
Location #467
    Mapping index: 4
    Address: 700924
    Attributes: [3]
Location #468
    Mapping index: 8
    Address: 4368
    Attributes: [3]
Location #469
    Mapping index: 8
    Address: 4336
    Attributes: [3]
Location #470
    Mapping index: 8
    Address: 4584
    Attributes: [3]
Location #471
    Mapping index: 4
    Address: 712155
    Attributes: [3]
Location #472
    Mapping index: 4
    Address: 700898
    Attributes: [3]
Location #473
    Mapping index: 4
    Address: 710625
    Attributes: [3]
Location #474
    Mapping index: 4
    Address: 701302
    Attributes: [3]
Location #475
    Mapping index: 4
    Address: 701289
    Attributes: [3]
Location #476
    Mapping index: 4
    Address: 701092
    Attributes: [3]
Location #477
    Mapping index: 4
    Address: 701095
    Attributes: [3]
Location #478
    Mapping index: 4
    Address: 710256
    Attributes: [3]
Location #479
    Mapping index: 4
    Address: 700836
    Attributes: [3]
Location #480
    Mapping index: 4
    Address: 710283
    Attributes: [3]
Location #481
    Mapping index: 4
    Address: 710645
    Attributes: [3]
Location #482
    Mapping index: 4
    Address: 710650
    Attributes: [3]
Location #483
    Mapping index: 4
    Address: 700817
    Attributes: [3]
Location #484
    Mapping index: 4
    Address: 712156
    Attributes: [3]
Location #485
    Mapping index: 4
    Address: 710598
    Attributes: [3]
Location #486
    Mapping index: 4
    Address: 700784
    Attributes: [3]
Location #487
    Mapping index: 4
    Address: 710637
    Attributes: [3]
Location #488
    Mapping index: 5
    Address: 4571313
    Line #0
        Function index: 27
        Line: 0
        Column: 0
    Attributes: [12]
Location #489
    Mapping index: 5
    Address: 22408079
    Line #0
        Function index: 28
        Line: 0
        Column: 0
    Attributes: [12]
Location #490
    Mapping index: 5
    Address: 22409334
    Line #0
        Function index: 29
        Line: 0
        Column: 0
    Attributes: [12]
Location #491
    Mapping index: 5
    Address: 22409531
    Line #0
        Function index: 30
        Line: 0
        Column: 0
    Attributes: [12]
Location #492
    Mapping index: 5
    Address: 22413408
    Line #0
        Function index: 31
        Line: 0
        Column: 0
    Attributes: [12]
Location #493
    Mapping index: 5
    Address: 22411536
    Line #0
        Function index: 32
        Line: 0
        Column: 0
    Attributes: [12]
Location #494
    Mapping index: 5
    Address: 22411804
    Line #0
        Function index: 33
        Line: 0
        Column: 0
    Attributes: [12]
Location #495
    Mapping index: 5
    Address: 9084799
    Line #0
        Function index: 34
        Line: 0
        Column: 0
    Attributes: [12]
Location #496
    Mapping index: 5
    Address: 10224691
    Line #0
        Function index: 35
        Line: 0
        Column: 0
    Attributes: [12]
Location #497
    Mapping index: 5
    Address: 10258342
    Line #0
        Function index: 36
        Line: 0
        Column: 0
    Attributes: [12]
Location #498
    Mapping index: 5
    Address: 4461015
    Line #0
        Function index: 37
        Line: 0
        Column: 0
    Attributes: [12]
Location #499
    Mapping index: 5
    Address: 3573443
    Line #0
        Function index: 38
        Line: 0
        Column: 0
    Attributes: [12]
Location #500
    Mapping index: 5
    Address: 3163321
    Line #0
        Function index: 39
        Line: 0
        Column: 0
    Attributes: [12]
Location #501
    Mapping index: 0
    Address: 48517716
    Attributes: [3]
Location #502
    Mapping index: 0
    Address: 48534673
    Attributes: [3]
Location #503
    Mapping index: 0
    Address: 45230646
    Attributes: [3]
Location #504
    Mapping index: 0
    Address: 45306559
    Attributes: [3]
Location #505
    Mapping index: 0
    Address: 45312831
    Attributes: [3]
Location #506
    Mapping index: 10
    Address: 19660682
    Attributes: [3]
Location #507
    Mapping index: 10
    Address: 19919552
    Attributes: [3]
Location #508
    Mapping index: 10
    Address: 19920478
    Attributes: [3]
Location #509
    Mapping index: 0
    Address: 36980119
    Attributes: [3]
Location #510
    Mapping index: 10
    Address: 16935283
    Attributes: [3]
Location #511
    Mapping index: 4
    Address: 641699
    Attributes: [3]
Location #512
    Mapping index: 4
    Address: 1219691
    Attributes: [3]
Location #513
    Mapping index: 0
    Address: 0
    Line #0
        Function index: 40
        Line: 0
        Column: 0
    Attributes: [46]
Location #514
    Mapping index: 4
    Address: 701064
    Attributes: [3]
Location #515
    Mapping index: 10
    Address: 20743022
    Attributes: [3]
Location #516
    Mapping index: 10
    Address: 20743348
    Attributes: [3]
Location #517
    Mapping index: 10
    Address: 20743755
    Attributes: [3]
Location #518
    Mapping index: 10
    Address: 20744988
    Attributes: [3]
Location #519
    Mapping index: 10
    Address: 24101963
    Attributes: [3]
Location #520
    Mapping index: 10
    Address: 18994518
    Attributes: [3]
Location #521
    Mapping index: 10
    Address: 15960899
    Attributes: [3]
Location #522
    Mapping index: 0
    Address: 0
    Line #0
        Function index: 41
        Line: 0
        Column: 0
    Attributes: [46]
Location #523
    Mapping index: 0
    Address: 0
    Line #0
        Function index: 42
        Line: 0
        Column: 0
    Attributes: [46]
Location #524
    Mapping index: 0
    Address: 0
    Line #0
        Function index: 43
        Line: 0
        Column: 0
    Attributes: [46]
Location #525
    Mapping index: 0
    Address: 0
    Line #0
        Function index: 44
        Line: 0
        Column: 0
    Attributes: [46]
Location #526
    Mapping index: 0
    Address: 0
    Line #0
        Function index: 45
        Line: 0
        Column: 0
    Attributes: [46]
Location #527
    Mapping index: 0
    Address: 0
    Line #0
        Function index: 46
        Line: 0
        Column: 0
    Attributes: [46]
Location #528
    Mapping index: 0
    Address: 0
    Line #0
        Function index: 47
        Line: 0
        Column: 0
    Attributes: [46]
Location #529
    Mapping index: 0
    Address: 0
    Line #0
        Function index: 48
        Line: 0
        Column: 0
    Attributes: [46]
Location #530
    Mapping index: 0
    Address: 0
    Line #0
        Function index: 49
        Line: 85
        Column: 0
    Attributes: [46]
Location #531
    Mapping index: 0
    Address: 0
    Line #0
        Function index: 50
        Line: 88
        Column: 0
    Attributes: [46]
Location #532
    Mapping index: 0
    Address: 0
    Line #0
        Function index: 51
        Line: 84
        Column: 0
    Attributes: [46]
Location #533
    Mapping index: 0
    Address: 0
    Line #0
        Function index: 52
        Line: 42
        Column: 0
    Attributes: [46]
Location #534
    Mapping index: 0
    Address: 0
    Line #0
        Function index: 49
        Line: 476
        Column: 0
    Attributes: [46]
Location #535
    Mapping index: 0
    Address: 0
    Line #0
        Function index: 53
        Line: 460
        Column: 0
    Attributes: [46]
Location #536
    Mapping index: 0
    Address: 0
    Line #0
        Function index: 49
        Line: 475
        Column: 0
    Attributes: [46]
Location #537
    Mapping index: 0
    Address: 0
    Line #0
        Function index: 54
        Line: 74
        Column: 0
    Attributes: [46]
Location #538
    Mapping index: 0
    Address: 0
    Line #0
        Function index: 55
        Line: 112
        Column: 1073737037
    Attributes: [46]
Location #539
    Mapping index: 0
    Address: 0
    Line #0
        Function index: 56
        Line: 0
        Column: 0
    Attributes: [46]
Location #540
    Mapping index: 0
    Address: 0
    Line #0
        Function index: 57
        Line: 34
        Column: 0
    Attributes: [46]
Location #541
    Mapping index: 0
    Address: 0
    Line #0
        Function index: 58
        Line: 122
        Column: 0
    Attributes: [46]
Location #542
    Mapping index: 0
    Address: 0
    Line #0
        Function index: 59
        Line: 0
        Column: 0
    Attributes: [46]
Location #543
    Mapping index: 0
    Address: 0
    Attributes: [46]
Location #544
    Mapping index: 0
    Address: 0
    Line #0
        Function index: 60
        Line: 0
        Column: 0
    Attributes: [46]
Location #545
    Mapping index: 10
    Address: 20424196
    Attributes: [3]
Location #546
    Mapping index: 10
    Address: 20428857
    Attributes: [3]
Location #547
    Mapping index: 10
    Address: 20635384
    Attributes: [3]
Location #548
    Mapping index: 10
    Address: 20636338
    Attributes: [3]
Location #549
    Mapping index: 10
    Address: 15266858
    Attributes: [3]
Location #550
    Mapping index: 10
    Address: 15267424
    Attributes: [3]
Location #551
    Mapping index: 10
    Address: 16024100
    Attributes: [3]
Location #552
    Mapping index: 10
    Address: 15292437
    Attributes: [3]
Location #553
    Mapping index: 10
    Address: 16703983
    Attributes: [3]
Location #554
    Mapping index: 10
    Address: 16023210
    Attributes: [3]
Location #555
    Mapping index: 10
    Address: 15258461
    Attributes: [3]
Location #556
    Mapping index: 10
    Address: 20784418
    Attributes: [3]
Location #557
    Mapping index: 10
    Address: 21841272
    Attributes: [3]
Location #558
    Mapping index: 10
    Address: 21844446
    Attributes: [3]
Location #559
    Mapping index: 10
    Address: 21888873
    Attributes: [3]
Location #560
    Mapping index: 10
    Address: 21895534
    Attributes: [3]
Location #561
    Mapping index: 10
    Address: 21895803
    Attributes: [3]
Location #562
    Mapping index: 0
    Address: 37027548
    Attributes: [3]
Location #563
    Mapping index: 0
    Address: 37027954
    Attributes: [3]
Location #564
    Mapping index: 10
    Address: 21901819
    Attributes: [3]
Location #565
    Mapping index: 10
    Address: 21223921
    Attributes: [3]
Location #566
    Mapping index: 10
    Address: 21347289
    Attributes: [3]
Location #567
    Mapping index: 10
    Address: 21354168
    Attributes: [3]
Location #568
    Mapping index: 10
    Address: 21367623
    Attributes: [3]
Location #569
    Mapping index: 10
    Address: 30173616
    Attributes: [3]
Location #570
    Mapping index: 4
    Address: 1618788
    Attributes: [3]
Location #571
    Mapping index: 0
    Address: 43450661
    Attributes: [3]
Location #572
    Mapping index: 0
    Address: 43456176
    Attributes: [3]
Location #573
    Mapping index: 0
    Address: 43456872
    Attributes: [3]
Location #574
    Mapping index: 0
    Address: 43461080
    Attributes: [3]
Location #575
    Mapping index: 0
    Address: 43671682
    Attributes: [3]
Location #576
    Mapping index: 10
    Address: 23256329
    Attributes: [3]
Location #577
    Mapping index: 10
    Address: 23257911
    Attributes: [3]
Location #578
    Mapping index: 10
    Address: 23261227
    Attributes: [3]
Location #579
    Mapping index: 0
    Address: 43973292
    Attributes: [3]
Location #580
    Mapping index: 10
    Address: 23223442
    Attributes: [3]
Location #581
    Mapping index: 10
    Address: 23398222
    Attributes: [3]
Location #582
    Mapping index: 10
    Address: 23406343
    Attributes: [3]
Location #583
    Mapping index: 10
    Address: 19455010
    Attributes: [3]
Location #584
    Mapping index: 0
    Address: 0
    Line #0
        Function index: 61
        Line: 0
        Column: 0
    Attributes: [46]
Location #585
    Mapping index: 0
    Address: 0
    Line #0
        Function index: 62
        Line: 80
        Column: 0
    Attributes: [46]
Location #586
    Mapping index: 0
    Address: 0
    Line #0
        Function index: 63
        Line: 87
        Column: 0
    Attributes: [46]
Location #587
    Mapping index: 0
    Address: 0
    Line #0
        Function index: 64
        Line: 117
        Column: 0
    Attributes: [46]
Location #588
    Mapping index: 0
    Address: 0
    Line #0
        Function index: 65
        Line: 473
        Column: 0
    Attributes: [46]
Location #589
    Mapping index: 0
    Address: 0
    Line #0
        Function index: 66
        Line: 678
        Column: 0
    Attributes: [46]
Location #590
    Mapping index: 0
    Address: 0
    Line #0
        Function index: 67
        Line: 622
        Column: 0
    Attributes: [46]
Location #591
    Mapping index: 0
    Address: 0
    Line #0
        Function index: 68
        Line: 25
        Column: 0
    Attributes: [46]
Location #592
    Mapping index: 0
    Address: 0
    Line #0
        Function index: 69
        Line: 174
        Column: 0
    Attributes: [46]
Location #593
    Mapping index: 0
    Address: 0
    Line #0
        Function index: 70
        Line: 183
        Column: 0
    Attributes: [46]
Location #594
    Mapping index: 0
    Address: 0
    Line #0
        Function index: 71
        Line: 227
        Column: 0
    Attributes: [46]
Location #595
    Mapping index: 0
    Address: 0
    Line #0
        Function index: 72
        Line: 0
        Column: 0
    Attributes: [46]
Location #596
    Mapping index: 10
    Address: 16411541
    Attributes: [3]
Location #597
    Mapping index: 10
    Address: 16412425
    Attributes: [3]
Location #598
    Mapping index: 10
    Address: 16314762
    Attributes: [3]
Location #599
    Mapping index: 10
    Address: 30409788
    Attributes: [3]
Location #600
    Mapping index: 10
    Address: 30424754
    Attributes: [3]
Location #601
    Mapping index: 10
    Address: 30518099
    Attributes: [3]
Location #602
    Mapping index: 10
    Address: 30428182
    Attributes: [3]
Location #603
    Mapping index: 10
    Address: 15277125
    Attributes: [3]
Location #604
    Mapping index: 10
    Address: 16703920
    Attributes: [3]
Location #605
    Mapping index: 10
    Address: 22459872
    Attributes: [3]
Location #606
    Mapping index: 10
    Address: 22505938
    Attributes: [3]
Location #607
    Mapping index: 10
    Address: 22516348
    Attributes: [3]
Location #608
    Mapping index: 10
    Address: 19480344
    Attributes: [3]
Location #609
    Mapping index: 0
    Address: 0
    Line #0
        Function index: 73
        Line: 0
        Column: 0
    Attributes: [46]
Location #610
    Mapping index: 10
    Address: 20423650
    Attributes: [3]
Location #611
    Mapping index: 10
    Address: 20427604
    Attributes: [3]
Location #612
    Mapping index: 10
    Address: 24137666
    Attributes: [3]
Location #613
    Mapping index: 10
    Address: 25643165
    Attributes: [3]
Location #614
    Mapping index: 10
    Address: 23624076
    Attributes: [3]
Location #615
    Mapping index: 10
    Address: 25667457
    Attributes: [3]
Location #616
    Mapping index: 0
    Address: 0
    Line #0
        Function index: 74
        Line: 0
        Column: 0
    Attributes: [46]
Location #617
    Mapping index: 0
    Address: 0
    Line #0
        Function index: 75
        Line: 0
        Column: 0
    Attributes: [46]
Location #618
    Mapping index: 0
    Address: 0
    Line #0
        Function index: 76
        Line: 0
        Column: 0
    Attributes: [46]
Location #619
    Mapping index: 0
    Address: 0
    Line #0
        Function index: 77
        Line: 0
        Column: 0
    Attributes: [46]
Location #620
    Mapping index: 0
    Address: 0
    Line #0
        Function index: 78
        Line: 0
        Column: 0
    Attributes: [46]
Location #621
    Mapping index: 0
    Address: 0
    Line #0
        Function index: 79
        Line: 0
        Column: 0
    Attributes: [46]
Location #622
    Mapping index: 0
    Address: 0
    Line #0
        Function index: 80
        Line: 0
        Column: 0
    Attributes: [46]
Location #623
    Mapping index: 10
    Address: 21841110
    Attributes: [3]
Location #624
    Mapping index: 10
    Address: 21895897
    Attributes: [3]
Location #625
    Mapping index: 0
    Address: 51642292
    Attributes: [3]
Location #626
    Mapping index: 0
    Address: 51717309
    Attributes: [3]
Location #627
    Mapping index: 0
    Address: 51746213
    Attributes: [3]
Location #628
    Mapping index: 0
    Address: 51751097
    Attributes: [3]
Location #629
    Mapping index: 0
    Address: 45213331
    Attributes: [3]
Location #630
    Mapping index: 0
    Address: 45311319
    Attributes: [3]
Location #631
    Mapping index: 10
    Address: 20835004
    Attributes: [3]
Location #632
    Mapping index: 10
    Address: 20835889
    Attributes: [3]
Location #633
    Mapping index: 10
    Address: 20843248
    Attributes: [3]
Location #634
    Mapping index: 10
    Address: 20860545
    Attributes: [3]
Location #635
    Mapping index: 10
    Address: 25625042
    Attributes: [3]
Location #636
    Mapping index: 10
    Address: 25626348
    Attributes: [3]
Location #637
    Mapping index: 10
    Address: 25635823
    Attributes: [3]
Location #638
    Mapping index: 0
    Address: 0
    Line #0
        Function index: 81
        Line: 1
        Column: 0
    Attributes: [46]
Location #639
    Mapping index: 10
    Address: 20427421
    Attributes: [3]
Location #640
    Mapping index: 10
    Address: 20428609
    Attributes: [3]
Location #641
    Mapping index: 10
    Address: 24368411
    Attributes: [3]
Location #642
    Mapping index: 10
    Address: 24369939
    Attributes: [3]
Location #643
    Mapping index: 10
    Address: 24368961
    Attributes: [3]
Location #644
    Mapping index: 10
    Address: 24370492
    Attributes: [3]
Location #645
    Mapping index: 10
    Address: 18995569
    Attributes: [3]
Location #646
    Mapping index: 10
    Address: 15983390
    Attributes: [3]
Location #647
    Mapping index: 0
    Address: 0
    Line #0
        Function index: 82
        Line: 0
        Column: 0
    Attributes: [46]
Location #648
    Mapping index: 4
    Address: 1610957
    Attributes: [3]
Location #649
    Mapping index: 10
    Address: 27170369
    Attributes: [3]
Location #650
    Mapping index: 0
    Address: 49933139
    Attributes: [3]
Location #651
    Mapping index: 0
    Address: 49977645
    Attributes: [3]
Location #652
    Mapping index: 0
    Address: 50065545
    Attributes: [3]
Location #653
    Mapping index: 0
    Address: 48799287
    Attributes: [3]
Location #654
    Mapping index: 0
    Address: 45211717
    Attributes: [3]
Location #655
    Mapping index: 0
    Address: 45310182
    Attributes: [3]
Location #656
    Mapping index: 4
    Address: 1159701
    Attributes: [3]
Location #657
    Mapping index: 10
    Address: 30445115
    Attributes: [3]
Location #658
    Mapping index: 10
    Address: 30452156
    Attributes: [3]
Location #659
    Mapping index: 10
    Address: 16462971
    Attributes: [3]
Location #660
    Mapping index: 0
    Address: 0
    Line #0
        Function index: 83
        Line: 0
        Column: 0
    Attributes: [46]
Location #661
    Mapping index: 0
    Address: 0
    Line #0
        Function index: 84
        Line: 11
        Column: 24
    Attributes: [46]
Location #662
    Mapping index: 0
    Address: 47179715
    Attributes: [3]
Location #663
    Mapping index: 0
    Address: 47179306
    Attributes: [3]
Location #664
    Mapping index: 0
    Address: 47182715
    Attributes: [3]
Location #665
    Mapping index: 0
    Address: 47184396
    Attributes: [3]
Location #666
    Mapping index: 0
    Address: 47187943
    Attributes: [3]
Location #667
    Mapping index: 0
    Address: 45238213
    Attributes: [3]
Location #668
    Mapping index: 0
    Address: 45312860
    Attributes: [3]
Location #669
    Mapping index: 10
    Address: 18907682
    Attributes: [3]
Location #670
    Mapping index: 10
    Address: 26037066
    Attributes: [3]
Location #671
    Mapping index: 10
    Address: 19443033
    Attributes: [3]
Location #672
    Mapping index: 0
    Address: 0
    Line #0
        Function index: 85
        Line: 0
        Column: 0
    Attributes: [46]
Location #673
    Mapping index: 0
    Address: 0
    Line #0
        Function index: 86
        Line: 0
        Column: 0
    Attributes: [46]
Location #674
    Mapping index: 0
    Address: 0
    Line #0
        Function index: 87
        Line: 0
        Column: 0
    Attributes: [46]
Location #675
    Mapping index: 0
    Address: 0
    Line #0
        Function index: 88
        Line: 0
        Column: 0
    Attributes: [46]
Location #676
    Mapping index: 10
    Address: 18993708
    Attributes: [3]
Location #677
    Mapping index: 10
    Address: 15980965
    Attributes: [3]
Location #678
    Mapping index: 0
    Address: 0
    Line #0
        Function index: 89
        Line: 0
        Column: 0
    Attributes: [46]
Location #679
    Mapping index: 10
    Address: 20850831
    Attributes: [3]
Location #680
    Mapping index: 0
    Address: 0
    Line #0
        Function index: 90
        Line: 0
        Column: 0
    Attributes: [46]
Location #681
    Mapping index: 0
    Address: 0
    Line #0
        Function index: 91
        Line: 0
        Column: 0
    Attributes: [46]
Location #682
    Mapping index: 0
    Address: 0
    Line #0
        Function index: 92
        Line: 0
        Column: 0
    Attributes: [46]
Location #683
    Mapping index: 4
    Address: 667822
    Attributes: [3]
Location #684
    Mapping index: 10
    Address: 20842660
    Attributes: [3]
Location #685
    Mapping index: 10
    Address: 24423368
    Attributes: [3]
Location #686
    Mapping index: 10
    Address: 21028742
    Attributes: [3]
Location #687
    Mapping index: 10
    Address: 22484095
    Attributes: [3]
Location #688
    Mapping index: 10
    Address: 22491086
    Attributes: [3]
Location #689
    Mapping index: 10
    Address: 22506483
    Attributes: [3]
Location #690
    Mapping index: 10
    Address: 21840606
    Attributes: [3]
Location #691
    Mapping index: 10
    Address: 21889290
    Attributes: [3]
Location #692
    Mapping index: 10
    Address: 19181487
    Attributes: [3]
Location #693
    Mapping index: 10
    Address: 24749226
    Attributes: [3]
Location #694
    Mapping index: 10
    Address: 24691474
    Attributes: [3]
Location #695
    Mapping index: 10
    Address: 24757080
    Attributes: [3]
Location #696
    Mapping index: 10
    Address: 24767784
    Attributes: [3]
Location #697
    Mapping index: 10
    Address: 24704395
    Attributes: [3]
Location #698
    Mapping index: 10
    Address: 24708693
    Attributes: [3]
Location #699
    Mapping index: 10
    Address: 24717510
    Attributes: [3]
Location #700
    Mapping index: 10
    Address: 24719959
    Attributes: [3]
Location #701
    Mapping index: 10
    Address: 24754100
    Attributes: [3]
Location #702
    Mapping index: 10
    Address: 24784932
    Attributes: [3]
Location #703
    Mapping index: 10
    Address: 24787908
    Attributes: [3]
Location #704
    Mapping index: 10
    Address: 19718179
    Attributes: [3]
Location #705
    Mapping index: 10
    Address: 19720193
    Attributes: [3]
Location #706
    Mapping index: 10
    Address: 25576878
    Attributes: [3]
Location #707
    Mapping index: 10
    Address: 16317598
    Attributes: [3]
Location #708
    Mapping index: 10
    Address: 16418873
    Attributes: [3]
Location #709
    Mapping index: 0
    Address: 0
    Line #0
        Function index: 93
        Line: 0
        Column: 0
    Attributes: [46]
Location #710
    Mapping index: 0
    Address: 0
    Line #0
        Function index: 94
        Line: 0
        Column: 0
    Attributes: [46]
Location #711
    Mapping index: 0
    Address: 0
    Line #0
        Function index: 95
        Line: 0
        Column: 0
    Attributes: [46]
Location #712
    Mapping index: 0
    Address: 45793007
    Attributes: [3]
Location #713
    Mapping index: 0
    Address: 47194916
    Attributes: [3]
Location #714
    Mapping index: 0
    Address: 47183570
    Attributes: [3]
Location #715
    Mapping index: 10
    Address: 24422380
    Attributes: [3]
Location #716
    Mapping index: 10
    Address: 22485913
    Attributes: [3]
Location #717
    Mapping index: 10
    Address: 24462900
    Attributes: [3]
Location #718
    Mapping index: 10
    Address: 24464264
    Attributes: [3]
Location #719
    Mapping index: 10
    Address: 22794821
    Attributes: [3]
Location #720
    Mapping index: 10
    Address: 22796717
    Attributes: [3]
Location #721
    Mapping index: 10
    Address: 19649584
    Attributes: [3]
Location #722
    Mapping index: 10
    Address: 19652356
    Attributes: [3]
Location #723
    Mapping index: 10
    Address: 19711750
    Attributes: [3]
Location #724
    Mapping index: 10
    Address: 19152929
    Attributes: [3]
Location #725
    Mapping index: 10
    Address: 19153158
    Attributes: [3]
Location #726
    Mapping index: 10
    Address: 16188303
    Attributes: [3]
Location #727
    Mapping index: 10
    Address: 16190716
    Attributes: [3]
Location #728
    Mapping index: 10
    Address: 16195680
    Attributes: [3]
Location #729
    Mapping index: 0
    Address: 0
    Line #0
        Function index: 96
        Line: 0
        Column: 0
    Attributes: [46]
Location #730
    Mapping index: 0
    Address: 0
    Line #0
        Function index: 97
        Line: 0
        Column: 0
    Attributes: [46]
Location #731
    Mapping index: 0
    Address: 0
    Line #0
        Function index: 98
        Line: 0
        Column: 0
    Attributes: [46]
Location #732
    Mapping index: 0
    Address: 0
    Line #0
        Function index: 99
        Line: 0
        Column: 0
    Attributes: [46]
Location #733
    Mapping index: 0
    Address: 0
    Line #0
        Function index: 100
        Line: 0
        Column: 0
    Attributes: [46]
Location #734
    Mapping index: 10
    Address: 19052805
    Attributes: [3]
Location #735
    Mapping index: 10
    Address: 17468982
    Attributes: [3]
Location #736
    Mapping index: 10
    Address: 24137921
    Attributes: [3]
Location #737
    Mapping index: 10
    Address: 25683820
    Attributes: [3]
Location #738
    Mapping index: 0
    Address: 0
    Line #0
        Function index: 101
        Line: 0
        Column: 0
    Attributes: [46]
Location #739
    Mapping index: 0
    Address: 0
    Line #0
        Function index: 102
        Line: 0
        Column: 0
    Attributes: [46]
Location #740
    Mapping index: 10
    Address: 15963868
    Attributes: [3]
Location #741
    Mapping index: 10
    Address: 24485441
    Attributes: [3]
Location #742
    Mapping index: 0
    Address: 0
    Line #0
        Function index: 103
        Line: 0
        Column: 0
    Attributes: [46]
Location #743
    Mapping index: 0
    Address: 0
    Line #0
        Function index: 104
        Line: 0
        Column: 0
    Attributes: [46]
Location #744
    Mapping index: 0
    Address: 0
    Line #0
        Function index: 105
        Line: 0
        Column: 0
    Attributes: [46]
Location #745
    Mapping index: 0
    Address: 0
    Line #0
        Function index: 106
        Line: 0
        Column: 0
    Attributes: [46]
Location #746
    Mapping index: 0
    Address: 0
    Line #0
        Function index: 107
        Line: 0
        Column: 0
    Attributes: [46]
Location #747
    Mapping index: 0
    Address: 0
    Line #0
        Function index: 108
        Line: 0
        Column: 0
    Attributes: [46]
Location #748
    Mapping index: 5
    Address: 22329974
    Line #0
        Function index: 109
        Line: 0
        Column: 0
    Attributes: [12]
Location #749
    Mapping index: 5
    Address: 8029185
    Line #0
        Function index: 110
        Line: 0
        Column: 0
    Attributes: [12]
Location #750
    Mapping index: 5
    Address: 8034381
    Line #0
        Function index: 111
        Line: 0
        Column: 0
    Attributes: [12]
Location #751
    Mapping index: 5
    Address: 8276607
    Line #0
        Function index: 112
        Line: 0
        Column: 0
    Attributes: [12]
Location #752
    Mapping index: 5
    Address: 8289146
    Line #0
        Function index: 113
        Line: 0
        Column: 0
    Attributes: [12]
Location #753
    Mapping index: 5
    Address: 7805836
    Line #0
        Function index: 114
        Line: 0
        Column: 0
    Attributes: [12]
Location #754
    Mapping index: 5
    Address: 7806887
    Line #0
        Function index: 115
        Line: 0
        Column: 0
    Attributes: [12]
Location #755
    Mapping index: 5
    Address: 7812860
    Line #0
        Function index: 116
        Line: 0
        Column: 0
    Attributes: [12]
Location #756
    Mapping index: 5
    Address: 7813868
    Line #0
        Function index: 117
        Line: 0
        Column: 0
    Attributes: [12]
Location #757
    Mapping index: 5
    Address: 7815089
    Line #0
        Function index: 118
        Line: 0
        Column: 0
    Attributes: [12]
Location #758
    Mapping index: 5
    Address: 4005607
    Line #0
        Function index: 119
        Line: 0
        Column: 0
    Attributes: [12]
Location #759
    Mapping index: 5
    Address: 22379348
    Line #0
        Function index: 120
        Line: 0
        Column: 0
    Attributes: [12]
Location #760
    Mapping index: 5
    Address: 2998
    Line #0
        Function index: 121
        Line: 0
        Column: 0
    Attributes: [12]
Location #761
    Mapping index: 4
    Address: 1609095
    Attributes: [3]
Location #762
    Mapping index: 10
    Address: 21840098
    Attributes: [3]
Location #763
    Mapping index: 10
    Address: 21849979
    Attributes: [3]
Location #764
    Mapping index: 10
    Address: 21885809
    Attributes: [3]
Location #765
    Mapping index: 10
    Address: 21887322
    Attributes: [3]
Location #766
    Mapping index: 0
    Address: 45808552
    Attributes: [3]
Location #767
    Mapping index: 0
    Address: 47183689
    Attributes: [3]
Location #768
    Mapping index: 0
    Address: 45470354
    Attributes: [3]
Location #769
    Mapping index: 0
    Address: 45608856
    Attributes: [3]
Location #770
    Mapping index: 0
    Address: 45210653
    Attributes: [3]
Location #771
    Mapping index: 0
    Address: 45308862
    Attributes: [3]
Location #772
    Mapping index: 6
    Address: 906105
    Attributes: [3]
Location #773
    Mapping index: 10
    Address: 29814405
    Attributes: [3]
Location #774
    Mapping index: 10
    Address: 29839935
    Attributes: [3]
Location #775
    Mapping index: 0
    Address: 45795775
    Attributes: [3]
Location #776
    Mapping index: 10
    Address: 25338052
    Attributes: [3]
Location #777
    Mapping index: 10
    Address: 25338255
    Attributes: [3]
Location #778
    Mapping index: 10
    Address: 25388925
    Attributes: [3]
Location #779
    Mapping index: 10
    Address: 25390136
    Attributes: [3]
Location #780
    Mapping index: 10
    Address: 25364579
    Attributes: [3]
Location #781
    Mapping index: 10
    Address: 25382966
    Attributes: [3]
Location #782
    Mapping index: 10
    Address: 25348087
    Attributes: [3]
Location #783
    Mapping index: 10
    Address: 25524616
    Attributes: [3]
Location #784
    Mapping index: 10
    Address: 25526434
    Attributes: [3]
Location #785
    Mapping index: 10
    Address: 25529158
    Attributes: [3]
Location #786
    Mapping index: 10
    Address: 25530544
    Attributes: [3]
Location #787
    Mapping index: 10
    Address: 25693898
    Attributes: [3]
Location #788
    Mapping index: 0
    Address: 0
    Line #0
        Function index: 122
        Line: 0
        Column: 0
    Attributes: [46]
Location #789
    Mapping index: 10
    Address: 21028826
    Attributes: [3]
Location #790
    Mapping index: 0
    Address: 0
    Line #0
        Function index: 123
        Line: 0
        Column: 0
    Attributes: [46]
Location #791
    Mapping index: 0
    Address: 0
    Line #0
        Function index: 124
        Line: 0
        Column: 0
    Attributes: [46]
Location #792
    Mapping index: 0
    Address: 0
    Line #0
        Function index: 125
        Line: 0
        Column: 0
    Attributes: [46]
Location #793
    Mapping index: 0
    Address: 0
    Line #0
        Function index: 126
        Line: 295
        Column: 0
    Attributes: [46]
Location #794
    Mapping index: 0
    Address: 0
    Line #0
        Function index: 127
        Line: 0
        Column: 0
    Attributes: [46]
Location #795
    Mapping index: 0
    Address: 0
    Line #0
        Function index: 128
        Line: 0
        Column: 0
    Attributes: [46]
Location #796
    Mapping index: 0
    Address: 0
    Line #0
        Function index: 129
        Line: 72
        Column: 0
    Attributes: [46]
Location #797
    Mapping index: 10
    Address: 15267290
    Attributes: [3]
Location #798
    Mapping index: 10
    Address: 27176436
    Attributes: [3]
Location #799
    Mapping index: 0
    Address: 48983834
    Attributes: [3]
Location #800
    Mapping index: 0
    Address: 45214611
    Attributes: [3]
Location #801
    Mapping index: 0
    Address: 45306161
    Attributes: [3]
Location #802
    Mapping index: 0
    Address: 45395975
    Attributes: [3]
Location #803
    Mapping index: 0
    Address: 45401676
    Attributes: [3]
Location #804
    Mapping index: 0
    Address: 45235647
    Attributes: [3]
Location #805
    Mapping index: 0
    Address: 45305817
    Attributes: [3]
Location #806
    Mapping index: 10
    Address: 24129652
    Attributes: [3]
Location #807
    Mapping index: 10
    Address: 21840621
    Attributes: [3]
Location #808
    Mapping index: 10
    Address: 21892889
    Attributes: [3]
Location #809
    Mapping index: 0
    Address: 0
    Line #0
        Function index: 130
        Line: 367
        Column: 12
    Attributes: [46]
Location #810
    Mapping index: 0
    Address: 0
    Line #0
        Function index: 131
        Line: 416
        Column: 22
    Attributes: [46]
Location #811
    Mapping index: 0
    Address: 0
    Line #0
        Function index: 131
        Line: 459
        Column: 17
    Attributes: [46]
Location #812
    Mapping index: 0
    Address: 0
    Line #0
        Function index: 131
        Line: 431
        Column: 17
    Attributes: [46]
Location #813
    Mapping index: 0
    Address: 0
    Line #0
        Function index: 132
        Line: 465
        Column: 0
    Attributes: [46]
Location #814
    Mapping index: 0
    Address: 0
    Line #0
        Function index: 133
        Line: 233
        Column: 0
    Attributes: [46]
Location #815
    Mapping index: 0
    Address: 0
    Line #0
        Function index: 134
        Line: 0
        Column: 0
    Attributes: [46]
Location #816
    Mapping index: 0
    Address: 0
    Line #0
        Function index: 135
        Line: 0
        Column: 0
    Attributes: [46]
Location #817
    Mapping index: 10
    Address: 20834799
    Attributes: [3]
Location #818
    Mapping index: 10
    Address: 20856897
    Attributes: [3]
Location #819
    Mapping index: 0
    Address: 44840690
    Attributes: [3]
Location #820
    Mapping index: 0
    Address: 44842008
    Attributes: [3]
Location #821
    Mapping index: 0
    Address: 45717908
    Attributes: [3]
Location #822
    Mapping index: 0
    Address: 45229200
    Attributes: [3]
Location #823
    Mapping index: 0
    Address: 45304855
    Attributes: [3]
Location #824
    Mapping index: 10
    Address: 22507003
    Attributes: [3]
Location #825
    Mapping index: 10
    Address: 22417624
    Attributes: [3]
Location #826
    Mapping index: 10
    Address: 22202887
    Attributes: [3]
Location #827
    Mapping index: 10
    Address: 22319131
    Attributes: [3]
Location #828
    Mapping index: 10
    Address: 22450668
    Attributes: [3]
Location #829
    Mapping index: 10
    Address: 22451090
    Attributes: [3]
Location #830
    Mapping index: 10
    Address: 19658491
    Attributes: [3]
Location #831
    Mapping index: 10
    Address: 19658710
    Attributes: [3]
Location #832
    Mapping index: 10
    Address: 19703113
    Attributes: [3]
Location #833
    Mapping index: 10
    Address: 19704123
    Attributes: [3]
Location #834
    Mapping index: 10
    Address: 19706189
    Attributes: [3]
Location #835
    Mapping index: 10
    Address: 19706926
    Attributes: [3]
Location #836
    Mapping index: 10
    Address: 19711212
    Attributes: [3]
Location #837
    Mapping index: 10
    Address: 18997854
    Attributes: [3]
Location #838
    Mapping index: 10
    Address: 18999310
    Attributes: [3]
Location #839
    Mapping index: 10
    Address: 15962226
    Attributes: [3]
Location #840
    Mapping index: 10
    Address: 15978729
    Attributes: [3]
Location #841
    Mapping index: 10
    Address: 19316633
    Attributes: [3]
Location #842
    Mapping index: 10
    Address: 19317481
    Attributes: [3]
Location #843
    Mapping index: 10
    Address: 16417175
    Attributes: [3]
Location #844
    Mapping index: 10
    Address: 24448480
    Attributes: [3]
Location #845
    Mapping index: 10
    Address: 24463862
    Attributes: [3]
Location #846
    Mapping index: 10
    Address: 24287218
    Attributes: [3]
Location #847
    Mapping index: 6
    Address: 688992
    Attributes: [3]
Location #848
    Mapping index: 10
    Address: 15574801
    Attributes: [3]
Location #849
    Mapping index: 2
    Address: 17671308
    Attributes: [3]
Location #850
    Mapping index: 2
    Address: 17668318
    Attributes: [3]
Location #851
    Mapping index: 2
    Address: 15779697
    Attributes: [3]
Location #852
    Mapping index: 2
    Address: 15776833
    Attributes: [3]
Location #853
    Mapping index: 2
    Address: 15356743
    Attributes: [3]
Location #854
    Mapping index: 2
    Address: 15346574
    Attributes: [3]
Location #855
    Mapping index: 2
    Address: 15347685
    Attributes: [3]
Location #856
    Mapping index: 2
    Address: 21616507
    Attributes: [3]
Location #857
    Mapping index: 2
    Address: 21618848
    Attributes: [3]
Location #858
    Mapping index: 2
    Address: 25240858
    Attributes: [3]
Location #859
    Mapping index: 2
    Address: 27251010
    Attributes: [3]
Location #860
    Mapping index: 2
    Address: 12842096
    Attributes: [3]
Location #861
    Mapping index: 2
    Address: 12840443
    Attributes: [3]
Location #862
    Mapping index: 2
    Address: 12852079
    Attributes: [3]
Location #863
    Mapping index: 2
    Address: 12845362
    Attributes: [3]
Location #864
    Mapping index: 2
    Address: 12876449
    Attributes: [3]
Location #865
    Mapping index: 2
    Address: 12845390
    Attributes: [3]
Location #866
    Mapping index: 2
    Address: 12857791
    Attributes: [3]
Location #867
    Mapping index: 2
    Address: 12843974
    Attributes: [3]
Location #868
    Mapping index: 2
    Address: 12855151
    Attributes: [3]
Location #869
    Mapping index: 2
    Address: 12846621
    Attributes: [3]
Location #870
    Mapping index: 2
    Address: 12855966
    Attributes: [3]
Location #871
    Mapping index: 2
    Address: 12859166
    Attributes: [3]
Location #872
    Mapping index: 2
    Address: 12846634
    Attributes: [3]
Location #873
    Mapping index: 2
    Address: 12849071
    Attributes: [3]
Location #874
    Mapping index: 2
    Address: 12842514
    Attributes: [3]
Location #875
    Mapping index: 2
    Address: 12880758
    Attributes: [3]
Location #876
    Mapping index: 2
    Address: 12992710
    Attributes: [3]
Location #877
    Mapping index: 2
    Address: 12243616
    Attributes: [3]
Location #878
    Mapping index: 2
    Address: 12988542
    Attributes: [3]
Location #879
    Mapping index: 2
    Address: 12986936
    Attributes: [3]
Location #880
    Mapping index: 2
    Address: 12983396
    Attributes: [3]
Location #881
    Mapping index: 2
    Address: 12975994
    Attributes: [3]
Location #882
    Mapping index: 2
    Address: 12153981
    Attributes: [3]
Location #883
    Mapping index: 2
    Address: 23991407
    Attributes: [3]
Location #884
    Mapping index: 2
    Address: 23990476
    Attributes: [3]
Location #885
    Mapping index: 2
    Address: 23990276
    Attributes: [3]
Location #886
    Mapping index: 2
    Address: 24007483
    Attributes: [3]
Location #887
    Mapping index: 2
    Address: 23999947
    Attributes: [3]
Location #888
    Mapping index: 2
    Address: 23965947
    Attributes: [3]
Location #889
    Mapping index: 2
    Address: 12476403
    Attributes: [3]
Location #890
    Mapping index: 2
    Address: 12453172
    Attributes: [3]
Location #891
    Mapping index: 2
    Address: 12482091
    Attributes: [3]
Location #892
    Mapping index: 2
    Address: 12473371
    Attributes: [3]
Location #893
    Mapping index: 2
    Address: 12449405
    Attributes: [3]
Location #894
    Mapping index: 2
    Address: 12446923
    Attributes: [3]
Location #895
    Mapping index: 2
    Address: 12446449
    Attributes: [3]
Location #896
    Mapping index: 2
    Address: 12849720
    Attributes: [3]
Location #897
    Mapping index: 2
    Address: 12948816
    Attributes: [3]
Location #898
    Mapping index: 2
    Address: 12840281
    Attributes: [3]
Location #899
    Mapping index: 2
    Address: 12853539
    Attributes: [3]
Location #900
    Mapping index: 2
    Address: 12478534
    Attributes: [3]
Location #901
    Mapping index: 2
    Address: 12446755
    Attributes: [3]
Location #902
    Mapping index: 2
    Address: 12251385
    Attributes: [3]
Location #903
    Mapping index: 2
    Address: 12240145
    Attributes: [3]
Location #904
    Mapping index: 2
    Address: 12237396
    Attributes: [3]
Location #905
    Mapping index: 2
    Address: 12236187
    Attributes: [3]
Location #906
    Mapping index: 2
    Address: 12843229
    Attributes: [3]
Location #907
    Mapping index: 2
    Address: 25703478
    Attributes: [3]
Location #908
    Mapping index: 2
    Address: 25701744
    Attributes: [3]
Location #909
    Mapping index: 2
    Address: 25716363
    Attributes: [3]
Location #910
    Mapping index: 2
    Address: 12457660
    Attributes: [3]
Location #911
    Mapping index: 2
    Address: 12472775
    Attributes: [3]
Location #912
    Mapping index: 2
    Address: 12479832
    Attributes: [3]
Location #913
    Mapping index: 2
    Address: 27256548
    Attributes: [3]
Location #914
    Mapping index: 2
    Address: 12852175
    Attributes: [3]
Location #915
    Mapping index: 2
    Address: 12152450
    Attributes: [3]
Location #916
    Mapping index: 2
    Address: 12121580
    Attributes: [3]
Location #917
    Mapping index: 2
    Address: 11997287
    Attributes: [3]
Location #918
    Mapping index: 2
    Address: 11989376
    Attributes: [3]
Location #919
    Mapping index: 2
    Address: 12120515
    Attributes: [3]
Location #920
    Mapping index: 2
    Address: 12962171
    Attributes: [3]
Location #921
    Mapping index: 2
    Address: 12242051
    Attributes: [3]
Location #922
    Mapping index: 2
    Address: 18090999
    Attributes: [3]
Location #923
    Mapping index: 2
    Address: 18137983
    Attributes: [3]
Location #924
    Mapping index: 2
    Address: 20894681
    Attributes: [3]
Location #925
    Mapping index: 2
    Address: 20895946
    Attributes: [3]
Location #926
    Mapping index: 2
    Address: 24118219
    Attributes: [3]
Location #927
    Mapping index: 2
    Address: 24162728
    Attributes: [3]
Location #928
    Mapping index: 2
    Address: 24051792
    Attributes: [3]
Location #929
    Mapping index: 2
    Address: 24181660
    Attributes: [3]
Location #930
    Mapping index: 2
    Address: 23974377
    Attributes: [3]
Location #931
    Mapping index: 2
    Address: 12451436
    Attributes: [3]
Location #932
    Mapping index: 2
    Address: 26051101
    Attributes: [3]
Location #933
    Mapping index: 2
    Address: 22426149
    Attributes: [3]
Location #934
    Mapping index: 2
    Address: 12999004
    Attributes: [3]
Location #935
    Mapping index: 2
    Address: 13000887
    Attributes: [3]
Location #936
    Mapping index: 2
    Address: 12300096
    Attributes: [3]
Location #937
    Mapping index: 2
    Address: 12477842
    Attributes: [3]
Location #938
    Mapping index: 2
    Address: 23990256
    Attributes: [3]
Location #939
    Mapping index: 2
    Address: 22445551
    Attributes: [3]
Location #940
    Mapping index: 2
    Address: 12521211
    Attributes: [3]
Location #941
    Mapping index: 2
    Address: 12463831
    Attributes: [3]
Location #942
    Mapping index: 2
    Address: 15356515
    Attributes: [3]
Location #943
    Mapping index: 2
    Address: 15705287
    Attributes: [3]
Location #944
    Mapping index: 2
    Address: 15356553
    Attributes: [3]
Location #945
    Mapping index: 2
    Address: 17664726
    Attributes: [3]
Location #946
    Mapping index: 2
    Address: 34562655
    Attributes: [3]
Location #947
    Mapping index: 2
    Address: 34525832
    Attributes: [3]
Location #948
    Mapping index: 2
    Address: 34529070
    Attributes: [3]
Location #949
    Mapping index: 2
    Address: 34530030
    Attributes: [3]
Location #950
    Mapping index: 2
    Address: 34530968
    Attributes: [3]
Location #951
    Mapping index: 2
    Address: 34552201
    Attributes: [3]
Location #952
    Mapping index: 2
    Address: 34530910
    Attributes: [3]
Location #953
    Mapping index: 2
    Address: 34542007
    Attributes: [3]
Location #954
    Mapping index: 2
    Address: 34538245
    Attributes: [3]
Location #955
    Mapping index: 2
    Address: 34541840
    Attributes: [3]
Location #956
    Mapping index: 2
    Address: 34543475
    Attributes: [3]
Location #957
    Mapping index: 2
    Address: 34500859
    Attributes: [3]
Location #958
    Mapping index: 2
    Address: 34328029
    Attributes: [3]
Location #959
    Mapping index: 2
    Address: 20281145
    Attributes: [3]
Location #960
    Mapping index: 2
    Address: 20924482
    Attributes: [3]
Location #961
    Mapping index: 2
    Address: 22667700
    Attributes: [3]
Location #962
    Mapping index: 2
    Address: 12880861
    Attributes: [3]
Location #963
    Mapping index: 2
    Address: 10881472
    Attributes: [3]
Location #964
    Mapping index: 2
    Address: 10881659
    Attributes: [3]
Location #965
    Mapping index: 2
    Address: 10662868
    Attributes: [3]
Location #966
    Mapping index: 2
    Address: 21634453
    Attributes: [3]
Location #967
    Mapping index: 2
    Address: 24051962
    Attributes: [3]
Location #968
    Mapping index: 2
    Address: 21435648
    Attributes: [3]
Location #969
    Mapping index: 2
    Address: 21420630
    Attributes: [3]
Location #970
    Mapping index: 2
    Address: 24095034
    Attributes: [3]
Location #971
    Mapping index: 2
    Address: 12482151
    Attributes: [3]
Location #972
    Mapping index: 2
    Address: 20924880
    Attributes: [3]
Location #973
    Mapping index: 2
    Address: 12877548
    Attributes: [3]
Location #974
    Mapping index: 2
    Address: 11702342
    Attributes: [3]
Location #975
    Mapping index: 2
    Address: 24012896
    Attributes: [3]
Location #976
    Mapping index: 2
    Address: 12469500
    Attributes: [3]
Location #977
    Mapping index: 2
    Address: 10878949
    Attributes: [3]
Location #978
    Mapping index: 2
    Address: 10869706
    Attributes: [3]
Location #979
    Mapping index: 2
    Address: 12141492
    Attributes: [3]
Location #980
    Mapping index: 2
    Address: 11964877
    Attributes: [3]
Location #981
    Mapping index: 2
    Address: 11992027
    Attributes: [3]
Location #982
    Mapping index: 2
    Address: 12851117
    Attributes: [3]
Location #983
    Mapping index: 2
    Address: 34628587
    Attributes: [3]
Location #984
    Mapping index: 2
    Address: 34627776
    Attributes: [3]
Location #985
    Mapping index: 2
    Address: 20281413
    Attributes: [3]
Location #986
    Mapping index: 2
    Address: 24007584
    Attributes: [3]
Location #987
    Mapping index: 2
    Address: 24006216
    Attributes: [3]
Location #988
    Mapping index: 2
    Address: 15311142
    Attributes: [3]
Location #989
    Mapping index: 2
    Address: 15311783
    Attributes: [3]
Location #990
    Mapping index: 2
    Address: 24054087
    Attributes: [3]
Location #991
    Mapping index: 2
    Address: 20895572
    Attributes: [3]
Location #992
    Mapping index: 2
    Address: 23949988
    Attributes: [3]
Location #993
    Mapping index: 2
    Address: 24006589
    Attributes: [3]
Location #994
    Mapping index: 2
    Address: 20864867
    Attributes: [3]
Location #995
    Mapping index: 2
    Address: 20912941
    Attributes: [3]
Location #996
    Mapping index: 2
    Address: 20915805
    Attributes: [3]
Location #997
    Mapping index: 2
    Address: 20916175
    Attributes: [3]
Location #998
    Mapping index: 2
    Address: 22448802
    Attributes: [3]
Location #999
    Mapping index: 2
    Address: 22448380
    Attributes: [3]
Location #1000
    Mapping index: 2
    Address: 22531575
    Attributes: [3]
Location #1001
    Mapping index: 2
    Address: 22528699
    Attributes: [3]
Location #1002
    Mapping index: 2
    Address: 12247618
    Attributes: [3]
Location #1003
    Mapping index: 2
    Address: 10635952
    Attributes: [3]
Location #1004
    Mapping index: 2
    Address: 10662480
    Attributes: [3]
Location #1005
    Mapping index: 2
    Address: 21432185
    Attributes: [3]
Location #1006
    Mapping index: 2
    Address: 21420344
    Attributes: [3]
Location #1007
    Mapping index: 2
    Address: 34525870
    Attributes: [3]
Location #1008
    Mapping index: 2
    Address: 34543153
    Attributes: [3]
Location #1009
    Mapping index: 2
    Address: 34545054
    Attributes: [3]
Location #1010
    Mapping index: 2
    Address: 34529054
    Attributes: [3]
Location #1011
    Mapping index: 2
    Address: 15272591
    Attributes: [3]
Location #1012
    Mapping index: 2
    Address: 15272889
    Attributes: [3]
Location #1013
    Mapping index: 2
    Address: 25715404
    Attributes: [3]
Location #1014
    Mapping index: 2
    Address: 25714984
    Attributes: [3]
Location #1015
    Mapping index: 2
    Address: 25712715
    Attributes: [3]
Location #1016
    Mapping index: 2
    Address: 25701853
    Attributes: [3]
Location #1017
    Mapping index: 2
    Address: 34628477
    Attributes: [3]
Location #1018
    Mapping index: 2
    Address: 15275419
    Attributes: [3]
Location #1019
    Mapping index: 2
    Address: 15275262
    Attributes: [3]
Location #1020
    Mapping index: 2
    Address: 20896375
    Attributes: [3]
Location #1021
    Mapping index: 2
    Address: 25855075
    Attributes: [3]
Location #1022
    Mapping index: 2
    Address: 22627381
    Attributes: [3]
Location #1023
    Mapping index: 2
    Address: 12251062
    Attributes: [3]
Location #1024
    Mapping index: 2
    Address: 10653472
    Attributes: [3]
Location #1025
    Mapping index: 5
    Address: 22409887
    Line #0
        Function index: 136
        Line: 0
        Column: 0
    Attributes: [12]
Location #1026
    Mapping index: 5
    Address: 20485234
    Line #0
        Function index: 137
        Line: 0
        Column: 0
    Attributes: [12]
Location #1027
    Mapping index: 5
    Address: 20485398
    Line #0
        Function index: 138
        Line: 0
        Column: 0
    Attributes: [12]
Location #1028
    Mapping index: 5
    Address: 8929130
    Line #0
        Function index: 139
        Line: 0
        Column: 0
    Attributes: [12]
Location #1029
    Mapping index: 5
    Address: 8930316
    Line #0
        Function index: 140
        Line: 0
        Column: 0
    Attributes: [12]
Location #1030
    Mapping index: 5
    Address: 9508389
    Line #0
        Function index: 141
        Line: 0
        Column: 0
    Attributes: [12]
Location #1031
    Mapping index: 5
    Address: 8662554
    Line #0
        Function index: 23
        Line: 0
        Column: 0
    Attributes: [12]
Location #1032
    Mapping index: 5
    Address: 8666654
    Line #0
        Function index: 142
        Line: 0
        Column: 0
    Attributes: [12]
Location #1033
    Mapping index: 5
    Address: 8666824
    Line #0
        Function index: 143
        Line: 0
        Column: 0
    Attributes: [12]
Location #1034
    Mapping index: 5
    Address: 3171795
    Line #0
        Function index: 15
        Line: 0
        Column: 0
    Attributes: [12]
Location #1035
    Mapping index: 4
    Address: 1161929
    Attributes: [3]
Location #1036
    Mapping index: 11
    Address: 21423134
    Attributes: [3]
Location #1037
    Mapping index: 11
    Address: 21405096
    Attributes: [3]
Location #1038
    Mapping index: 11
    Address: 15470474
    Attributes: [3]
Location #1039
    Mapping index: 11
    Address: 15968283
    Attributes: [3]
Location #1040
    Mapping index: 11
    Address: 15905384
    Attributes: [3]
Location #1041
    Mapping index: 11
    Address: 16317066
    Attributes: [3]
Location #1042
    Mapping index: 11
    Address: 15858770
    Attributes: [3]
Location #1043
    Mapping index: 11
    Address: 16637480
    Attributes: [3]
Location #1044
    Mapping index: 11
    Address: 21388591
    Attributes: [3]
Location #1045
    Mapping index: 11
    Address: 16319364
    Attributes: [3]
Location #1046
    Mapping index: 11
    Address: 14536356
    Attributes: [3]
Location #1047
    Mapping index: 11
    Address: 17034154
    Attributes: [3]
Location #1048
    Mapping index: 11
    Address: 17030501
    Attributes: [3]
Location #1049
    Mapping index: 11
    Address: 16919567
    Attributes: [3]
Location #1050
    Mapping index: 11
    Address: 15518371
    Attributes: [3]
Location #1051
    Mapping index: 11
    Address: 15968003
    Attributes: [3]
Location #1052
    Mapping index: 11
    Address: 20689000
    Attributes: [3]
Location #1053
    Mapping index: 11
    Address: 17035512
    Attributes: [3]
Location #1054
    Mapping index: 11
    Address: 17034239
    Attributes: [3]
Location #1055
    Mapping index: 11
    Address: 17143749
    Attributes: [3]
Location #1056
    Mapping index: 11
    Address: 17122511
    Attributes: [3]
Location #1057
    Mapping index: 11
    Address: 17144056
    Attributes: [3]
Location #1058
    Mapping index: 11
    Address: 17144326
    Attributes: [3]
Location #1059
    Mapping index: 11
    Address: 17022337
    Attributes: [3]
Location #1060
    Mapping index: 11
    Address: 17037126
    Attributes: [3]
Location #1061
    Mapping index: 11
    Address: 17162648
    Attributes: [3]
Location #1062
    Mapping index: 11
    Address: 17128201
    Attributes: [3]
Location #1063
    Mapping index: 11
    Address: 17162628
    Attributes: [3]
Location #1064
    Mapping index: 11
    Address: 17124740
    Attributes: [3]
Location #1065
    Mapping index: 11
    Address: 17035412
    Attributes: [3]
Location #1066
    Mapping index: 11
    Address: 20679244
    Attributes: [3]
Location #1067
    Mapping index: 11
    Address: 17128412
    Attributes: [3]
Location #1068
    Mapping index: 11
    Address: 17162410
    Attributes: [3]
Location #1069
    Mapping index: 5
    Address: 20483795
    Line #0
        Function index: 144
        Line: 0
        Column: 0
    Attributes: [12]
Location #1070
    Mapping index: 4
    Address: 710419
    Attributes: [3]
Location #1071
    Mapping index: 11
    Address: 17165758
    Attributes: [3]
Location #1072
    Mapping index: 11
    Address: 17162091
    Attributes: [3]
Location #1073
    Mapping index: 4
    Address: 710403
    Attributes: [3]
Location #1074
    Mapping index: 11
    Address: 20676165
    Attributes: [3]
Location #1075
    Mapping index: 11
    Address: 20676592
    Attributes: [3]
Location #1076
    Mapping index: 11
    Address: 20665452
    Attributes: [3]
Location #1077
    Mapping index: 11
    Address: 20667335
    Attributes: [3]
Location #1078
    Mapping index: 11
    Address: 17035797
    Attributes: [3]
Location #1079
    Mapping index: 5
    Address: 7807578
    Line #0
        Function index: 115
        Line: 0
        Column: 0
    Attributes: [12]
Location #1080
    Mapping index: 5
    Address: 4005295
    Line #0
        Function index: 119
        Line: 0
        Column: 0
    Attributes: [12]
Location #1081
    Mapping index: 5
    Address: 22448870
    Line #0
        Function index: 145
        Line: 0
        Column: 0
    Attributes: [12]
Location #1082
    Mapping index: 5
    Address: 7807025
    Line #0
        Function index: 115
        Line: 0
        Column: 0
    Attributes: [12]
Location #1083
    Mapping index: 11
    Address: 20679529
    Attributes: [3]
Location #1084
    Mapping index: 5
    Address: 8034367
    Line #0
        Function index: 111
        Line: 0
        Column: 0
    Attributes: [12]
Location #1085
    Mapping index: 5
    Address: 8278283
    Line #0
        Function index: 146
        Line: 0
        Column: 0
    Attributes: [12]
Location #1086
    Mapping index: 5
    Address: 7986048
    Line #0
        Function index: 147
        Line: 0
        Column: 0
    Attributes: [12]
Location #1087
    Mapping index: 5
    Address: 9516968
    Line #0
        Function index: 148
        Line: 0
        Column: 0
    Attributes: [12]
Location #1088
    Mapping index: 5
    Address: 9525264
    Line #0
        Function index: 149
        Line: 0
        Column: 0
    Attributes: [12]
Location #1089
    Mapping index: 11
    Address: 21424573
    Attributes: [3]
Location #1090
    Mapping index: 11
    Address: 21422835
    Attributes: [3]
Location #1091
    Mapping index: 11
    Address: 21404447
    Attributes: [3]
Location #1092
    Mapping index: 11
    Address: 15505886
    Attributes: [3]
Location #1093
    Mapping index: 11
    Address: 15518022
    Attributes: [3]
Location #1094
    Mapping index: 4
    Address: 713234
    Attributes: [3]
Location #1095
    Mapping index: 11
    Address: 21583953
    Attributes: [3]
Location #1096
    Mapping index: 11
    Address: 21583845
    Attributes: [3]
Location #1097
    Mapping index: 11
    Address: 21590562
    Attributes: [3]
Location #1098
    Mapping index: 11
    Address: 21626994
    Attributes: [3]
Location #1099
    Mapping index: 11
    Address: 21585588
    Attributes: [3]
Location #1100
    Mapping index: 11
    Address: 16924767
    Attributes: [3]
Location #1101
    Mapping index: 11
    Address: 16919781
    Attributes: [3]
Location #1102
    Mapping index: 11
    Address: 17145856
    Attributes: [3]
Location #1103
    Mapping index: 11
    Address: 17162779
    Attributes: [3]
Location #1104
    Mapping index: 11
    Address: 20679497
    Attributes: [3]
Location #1105
    Mapping index: 12
    Address: 18931821
    Line #0
        Function index: 150
        Line: 179
        Column: 0
    Attributes: [63]
Location #1106
    Mapping index: 12
    Address: 18932344
    Line #0
        Function index: 151
        Line: 981
        Column: 0
    Attributes: [63]
Location #1107
    Mapping index: 12
    Address: 18935371
    Line #0
        Function index: 152
        Line: 1191
        Column: 0
    Attributes: [63]
Location #1108
    Mapping index: 12
    Address: 18936615
    Line #0
        Function index: 153
        Line: 1246
        Column: 0
    Attributes: [63]
Location #1109
    Mapping index: 12
    Address: 18958365
    Line #0
        Function index: 154
        Line: 209
        Column: 0
    Attributes: [63]
Location #1110
    Mapping index: 12
    Address: 18957892
    Line #0
        Function index: 155
        Line: 182
        Column: 0
    Attributes: [63]
Location #1111
    Mapping index: 12
    Address: 18959142
    Line #0
        Function index: 156
        Line: 37
        Column: 0
    Attributes: [63]
Location #1112
    Mapping index: 12
    Address: 19372701
    Line #0
        Function index: 157
        Line: 187
        Column: 0
    Attributes: [63]
Location #1113
    Mapping index: 12
    Address: 19422167
    Line #0
        Function index: 158
        Line: 384
        Column: 0
    Attributes: [63]
Location #1114
    Mapping index: 12
    Address: 19432468
    Line #0
        Function index: 159
        Line: 606
        Column: 0
    Attributes: [63]
Location #1115
    Mapping index: 12
    Address: 18445717
    Line #0
        Function index: 160
        Line: 403
        Column: 0
    Attributes: [63]
Location #1116
    Mapping index: 12
    Address: 18443691
    Line #0
        Function index: 161
        Line: 378
        Column: 0
    Attributes: [63]
Location #1117
    Mapping index: 12
    Address: 18444583
    Line #0
        Function index: 162
        Line: 407
        Column: 0
    Attributes: [63]
Location #1118
    Mapping index: 12
    Address: 19428093
    Line #0
        Function index: 163
        Line: 552
        Column: 0
    Attributes: [63]
Location #1119
    Mapping index: 12
    Address: 19501466
    Line #0
        Function index: 164
        Line: 57
        Column: 0
    Attributes: [63]
Location #1120
    Mapping index: 12
    Address: 19500935
    Line #0
        Function index: 165
        Line: 47
        Column: 0
    Attributes: [63]
Location #1121
    Mapping index: 12
    Address: 4740960
    Line #0
        Function index: 166
        Line: 1694
        Column: 0
    Attributes: [63]
Location #1122
    Mapping index: 12
    Address: 18907076
    Line #0
        Function index: 167
        Line: 219
        Column: 0
    Attributes: [63]
Location #1123
    Mapping index: 12
    Address: 18901419
    Line #0
        Function index: 168
        Line: 101
        Column: 0
    Attributes: [63]
Location #1124
    Mapping index: 12
    Address: 18900932
    Line #0
        Function index: 169
        Line: 158
        Column: 0
    Attributes: [63]
Location #1125
    Mapping index: 12
    Address: 18958678
    Line #0
        Function index: 154
        Line: 230
        Column: 0
    Attributes: [63]
Location #1126
    Mapping index: 12
    Address: 18903276
    Line #0
        Function index: 170
        Line: 139
        Column: 0
    Attributes: [63]
Location #1127
    Mapping index: 12
    Address: 18901885
    Line #0
        Function index: 168
        Line: 114
        Column: 0
    Attributes: [63]
Location #1128
    Mapping index: 12
    Address: 18902116
    Line #0
        Function index: 168
        Line: 124
        Column: 0
    Attributes: [63]
Location #1129
    Mapping index: 5
    Address: 22447056
    Line #0
        Function index: 171
        Line: 0
        Column: 0
    Attributes: [12]
Location #1130
    Mapping index: 5
    Address: 7421347
    Line #0
        Function index: 172
        Line: 0
        Column: 0
    Attributes: [12]
Location #1131
    Mapping index: 5
    Address: 8156086
    Line #0
        Function index: 173
        Line: 0
        Column: 0
    Attributes: [12]
Location #1132
    Mapping index: 5
    Address: 7849993
    Line #0
        Function index: 174
        Line: 0
        Column: 0
    Attributes: [12]
Location #1133
    Mapping index: 5
    Address: 7852343
    Line #0
        Function index: 175
        Line: 0
        Column: 0
    Attributes: [12]
Location #1134
    Mapping index: 5
    Address: 7779919
    Line #0
        Function index: 176
        Line: 0
        Column: 0
    Attributes: [12]
Location #1135
    Mapping index: 5
    Address: 8142889
    Line #0
        Function index: 177
        Line: 0
        Column: 0
    Attributes: [12]
Location #1136
    Mapping index: 5
    Address: 8126690
    Line #0
        Function index: 178
        Line: 0
        Column: 0
    Attributes: [12]
Location #1137
    Mapping index: 5
    Address: 8130409
    Line #0
        Function index: 179
        Line: 0
        Column: 0
    Attributes: [12]
Location #1138
    Mapping index: 5
    Address: 8143476
    Line #0
        Function index: 180
        Line: 0
        Column: 0
    Attributes: [12]
Location #1139
    Mapping index: 5
    Address: 8143594
    Line #0
        Function index: 181
        Line: 0
        Column: 0
    Attributes: [12]
Location #1140
    Mapping index: 5
    Address: 3169800
    Line #0
        Function index: 15
        Line: 0
        Column: 0
    Attributes: [12]
Location #1141
    Mapping index: 12
    Address: 4748630
    Line #0
        Function index: 182
        Line: 544
        Column: 0
    Attributes: [63]
Location #1142
    Mapping index: 12
    Address: 4337013
    Line #0
        Function index: 183
        Line: 64
        Column: 0
    Attributes: [63]
Location #1143
    Mapping index: 12
    Address: 4394116
    Line #0
        Function index: 184
        Line: 783
        Column: 0
    Attributes: [63]
Location #1144
    Mapping index: 12
    Address: 4393038
    Line #0
        Function index: 185
        Line: 683
        Column: 0
    Attributes: [63]
Location #1145
    Mapping index: 12
    Address: 4733225
    Line #0
        Function index: 186
        Line: 517
        Column: 0
    Attributes: [63]
Location #1146
    Mapping index: 12
    Address: 4392870
    Line #0
        Function index: 187
        Line: 682
        Column: 0
    Attributes: [63]
Location #1147
    Mapping index: 12
    Address: 4688967
    Line #0
        Function index: 188
        Line: 395
        Column: 0
    Attributes: [63]
Location #1148
    Mapping index: 12
    Address: 4392236
    Line #0
        Function index: 189
        Line: 612
        Column: 0
    Attributes: [63]
Location #1149
    Mapping index: 12
    Address: 4392615
    Line #0
        Function index: 190
        Line: 657
        Column: 0
    Attributes: [63]
Location #1150
    Mapping index: 12
    Address: 4351524
    Line #0
        Function index: 191
        Line: 213
        Column: 0
    Attributes: [63]
Location #1151
    Mapping index: 5
    Address: 12357806
    Line #0
        Function index: 192
        Line: 0
        Column: 0
    Attributes: [12]
Location #1152
    Mapping index: 5
    Address: 6564251
    Line #0
        Function index: 193
        Line: 0
        Column: 0
    Attributes: [12]
Location #1153
    Mapping index: 5
    Address: 6548654
    Line #0
        Function index: 194
        Line: 0
        Column: 0
    Attributes: [12]
Location #1154
    Mapping index: 5
    Address: 6574650
    Line #0
        Function index: 195
        Line: 0
        Column: 0
    Attributes: [12]
Location #1155
    Mapping index: 5
    Address: 6576780
    Line #0
        Function index: 196
        Line: 0
        Column: 0
    Attributes: [12]
Location #1156
    Mapping index: 5
    Address: 3172050
    Line #0
        Function index: 15
        Line: 0
        Column: 0
    Attributes: [12]
Location #1157
    Mapping index: 12
    Address: 4224397
    Line #0
        Function index: 197
        Line: 36
        Column: 0
    Attributes: [63]
Location #1158
    Mapping index: 12
    Address: 4849036
    Line #0
        Function index: 198
        Line: 67
        Column: 0
    Attributes: [63]
Location #1159
    Mapping index: 12
    Address: 4849125
    Line #0
        Function index: 199
        Line: 87
        Column: 0
    Attributes: [63]
Location #1160
    Mapping index: 12
    Address: 4852909
    Line #0
        Function index: 200
        Line: 1
        Column: 0
    Attributes: [63]
Location #1161
    Mapping index: 12
    Address: 17802355
    Line #0
        Function index: 201
        Line: 95
        Column: 0
    Attributes: [63]
Location #1162
    Mapping index: 12
    Address: 18185741
    Line #0
        Function index: 202
        Line: 1420
        Column: 0
    Attributes: [63]
Location #1163
    Mapping index: 12
    Address: 18185389
    Line #0
        Function index: 203
        Line: 1399
        Column: 0
    Attributes: [63]
Location #1164
    Mapping index: 12
    Address: 19489045
    Line #0
        Function index: 204
        Line: 547
        Column: 0
    Attributes: [63]
Location #1165
    Mapping index: 12
    Address: 19380040
    Line #0
        Function index: 205
        Line: 449
        Column: 0
    Attributes: [63]
Location #1166
    Mapping index: 12
    Address: 19373291
    Line #0
        Function index: 157
        Line: 222
        Column: 0
    Attributes: [63]
Location #1167
    Mapping index: 12
    Address: 18907271
    Line #0
        Function index: 167
        Line: 219
        Column: 0
    Attributes: [63]
Location #1168
    Mapping index: 12
    Address: 18904588
    Line #0
        Function index: 170
        Line: 157
        Column: 0
    Attributes: [63]
Location #1169
    Mapping index: 5
    Address: 8276527
    Line #0
        Function index: 112
        Line: 0
        Column: 0
    Attributes: [12]
Location #1170
    Mapping index: 5
    Address: 7954416
    Line #0
        Function index: 206
        Line: 0
        Column: 0
    Attributes: [12]
Location #1171
    Mapping index: 5
    Address: 7955097
    Line #0
        Function index: 207
        Line: 0
        Column: 0
    Attributes: [12]
Location #1172
    Mapping index: 5
    Address: 6531185
    Line #0
        Function index: 208
        Line: 0
        Column: 0
    Attributes: [12]
Location #1173
    Mapping index: 5
    Address: 6554895
    Line #0
        Function index: 209
        Line: 0
        Column: 0
    Attributes: [12]
Location #1174
    Mapping index: 5
    Address: 6865074
    Line #0
        Function index: 210
        Line: 0
        Column: 0
    Attributes: [12]
Location #1175
    Mapping index: 5
    Address: 6560861
    Line #0
        Function index: 211
        Line: 0
        Column: 0
    Attributes: [12]
Location #1176
    Mapping index: 5
    Address: 6574450
    Line #0
        Function index: 195
        Line: 0
        Column: 0
    Attributes: [12]
Location #1177
    Mapping index: 12
    Address: 17804220
    Line #0
        Function index: 212
        Line: 1176
        Column: 0
    Attributes: [63]
Location #1178
    Mapping index: 12
    Address: 18171349
    Line #0
        Function index: 213
        Line: 643
        Column: 0
    Attributes: [63]
Location #1179
    Mapping index: 12
    Address: 18166699
    Line #0
        Function index: 214
        Line: 454
        Column: 0
    Attributes: [63]
Location #1180
    Mapping index: 12
    Address: 18165444
    Line #0
        Function index: 215
        Line: 380
        Column: 0
    Attributes: [63]
Location #1181
    Mapping index: 12
    Address: 19488356
    Line #0
        Function index: 204
        Line: 514
        Column: 0
    Attributes: [63]
Location #1182
    Mapping index: 5
    Address: 6564310
    Line #0
        Function index: 193
        Line: 0
        Column: 0
    Attributes: [12]
Location #1183
    Mapping index: 12
    Address: 4740294
    Line #0
        Function index: 216
        Line: 806
        Column: 0
    Attributes: [63]
Location #1184
    Mapping index: 12
    Address: 4488209
    Line #0
        Function index: 217
        Line: 248
        Column: 0
    Attributes: [63]
Location #1185
    Mapping index: 12
    Address: 4370116
    Line #0
        Function index: 218
        Line: 240
        Column: 0
    Attributes: [63]
Location #1186
    Mapping index: 12
    Address: 4369220
    Line #0
        Function index: 219
        Line: 222
        Column: 0
    Attributes: [63]
Location #1187
    Mapping index: 12
    Address: 4378642
    Line #0
        Function index: 220
        Line: 1207
        Column: 0
    Attributes: [63]
Location #1188
    Mapping index: 12
    Address: 4362893
    Line #0
        Function index: 221
        Line: 1562
        Column: 0
    Attributes: [63]
Location #1189
    Mapping index: 12
    Address: 4361840
    Line #0
        Function index: 222
        Line: 1523
        Column: 0
    Attributes: [63]
Location #1190
    Mapping index: 12
    Address: 4361284
    Line #0
        Function index: 223
        Line: 1373
        Column: 0
    Attributes: [63]
Location #1191
    Mapping index: 12
    Address: 4744725
    Line #0
        Function index: 224
        Line: 122
        Column: 0
    Attributes: [63]
Location #1192
    Mapping index: 12
    Address: 4719229
    Line #0
        Function index: 225
        Line: 285
        Column: 0
    Attributes: [63]
Location #1193
    Mapping index: 12
    Address: 18900310
    Line #0
        Function index: 226
        Line: 119
        Column: 0
    Attributes: [63]
Location #1194
    Mapping index: 12
    Address: 18933479
    Line #0
        Function index: 151
        Line: 1003
        Column: 0
    Attributes: [63]
Location #1195
    Mapping index: 5
    Address: 8923506
    Line #0
        Function index: 227
        Line: 0
        Column: 0
    Attributes: [12]
Location #1196
    Mapping index: 5
    Address: 9480062
    Line #0
        Function index: 228
        Line: 0
        Column: 0
    Attributes: [12]
Location #1197
    Mapping index: 5
    Address: 9480349
    Line #0
        Function index: 229
        Line: 0
        Column: 0
    Attributes: [12]
Location #1198
    Mapping index: 5
    Address: 8929563
    Line #0
        Function index: 139
        Line: 0
        Column: 0
    Attributes: [12]
Location #1199
    Mapping index: 12
    Address: 4841783
    Line #0
        Function index: 230
        Line: 738
        Column: 0
    Attributes: [63]
Location #1200
    Mapping index: 12
    Address: 5235885
    Line #0
        Function index: 231
        Line: 183
        Column: 0
    Attributes: [63]
Location #1201
    Mapping index: 12
    Address: 5283054
    Line #0
        Function index: 232
        Line: 29
        Column: 0
    Attributes: [63]
Location #1202
    Mapping index: 12
    Address: 5986269
    Line #0
        Function index: 233
        Line: 219
        Column: 0
    Attributes: [63]
Location #1203
    Mapping index: 12
    Address: 18441618
    Line #0
        Function index: 161
        Line: 273
        Column: 0
    Attributes: [63]
Location #1204
    Mapping index: 5
    Address: 12357811
    Line #0
        Function index: 192
        Line: 0
        Column: 0
    Attributes: [12]
Location #1205
    Mapping index: 12
    Address: 18060916
    Line #0
        Function index: 234
        Line: 133
        Column: 0
    Attributes: [63]
Location #1206
    Mapping index: 12
    Address: 18057412
    Line #0
        Function index: 235
        Line: 41
        Column: 0
    Attributes: [63]
Location #1207
    Mapping index: 12
    Address: 18183100
    Line #0
        Function index: 236
        Line: 1282
        Column: 0
    Attributes: [63]
Location #1208
    Mapping index: 12
    Address: 18182666
    Line #0
        Function index: 237
        Line: 1260
        Column: 0
    Attributes: [63]
Location #1209
    Mapping index: 12
    Address: 19539343
    Line #0
        Function index: 238
        Line: 925
        Column: 0
    Attributes: [63]
Location #1210
    Mapping index: 12
    Address: 19544164
    Line #0
        Function index: 239
        Line: 1111
        Column: 0
    Attributes: [63]
Location #1211
    Mapping index: 12
    Address: 18456436
    Line #0
        Function index: 240
        Line: 55
        Column: 0
    Attributes: [63]
Location #1212
    Mapping index: 12
    Address: 4381314
    Line #0
        Function index: 241
        Line: 523
        Column: 0
    Attributes: [63]
Location #1213
    Mapping index: 12
    Address: 4380036
    Line #0
        Function index: 242
        Line: 1498
        Column: 0
    Attributes: [63]
Location #1214
    Mapping index: 12
    Address: 4378163
    Line #0
        Function index: 220
        Line: 1277
        Column: 0
    Attributes: [63]
Location #1215
    Mapping index: 12
    Address: 4362713
    Line #0
        Function index: 221
        Line: 1542
        Column: 0
    Attributes: [63]
Location #1216
    Mapping index: 12
    Address: 19380672
    Line #0
        Function index: 243
        Line: 473
        Column: 0
    Attributes: [63]
Location #1217
    Mapping index: 12
    Address: 4321623
    Line #0
        Function index: 244
        Line: 670
        Column: 0
    Attributes: [63]
Location #1218
    Mapping index: 12
    Address: 4313035
    Line #0
        Function index: 245
        Line: 1389
        Column: 0
    Attributes: [63]
Location #1219
    Mapping index: 12
    Address: 4699204
    Line #0
        Function index: 246
        Line: 1066
        Column: 0
    Attributes: [63]
Location #1220
    Mapping index: 12
    Address: 4315716
    Line #0
        Function index: 247
        Line: 1747
        Column: 0
    Attributes: [63]
Location #1221
    Mapping index: 12
    Address: 18932397
    Line #0
        Function index: 151
        Line: 985
        Column: 0
    Attributes: [63]
Location #1222
    Mapping index: 5
    Address: 8605551
    Line #0
        Function index: 248
        Line: 0
        Column: 0
    Attributes: [12]
Location #1223
    Mapping index: 12
    Address: 4744059
    Line #0
        Function index: 249
        Line: 95
        Column: 0
    Attributes: [63]
Location #1224
    Mapping index: 12
    Address: 4312964
    Line #0
        Function index: 250
        Line: 709
        Column: 0
    Attributes: [63]
Location #1225
    Mapping index: 12
    Address: 18933170
    Line #0
        Function index: 151
        Line: 1038
        Column: 0
    Attributes: [63]
Location #1226
    Mapping index: 13
    Address: 101401
    Line #0
        Function index: 251
        Line: 0
        Column: 0
    Attributes: [12]
Location #1227
    Mapping index: 13
    Address: 1452806
    Line #0
        Function index: 252
        Line: 0
        Column: 0
    Attributes: [12]
Location #1228
    Mapping index: 13
    Address: 1453947
    Line #0
        Function index: 253
        Line: 0
        Column: 0
    Attributes: [12]
Location #1229
    Mapping index: 13
    Address: 2118045
    Line #0
        Function index: 254
        Line: 0
        Column: 0
    Attributes: [12]
Location #1230
    Mapping index: 13
    Address: 2286878
    Line #0
        Function index: 255
        Line: 0
        Column: 0
    Attributes: [12]
Location #1231
    Mapping index: 13
    Address: 3462881
    Line #0
        Function index: 256
        Line: 0
        Column: 0
    Attributes: [12]
Location #1232
    Mapping index: 13
    Address: 3532771
    Line #0
        Function index: 257
        Line: 0
        Column: 0
    Attributes: [12]
Location #1233
    Mapping index: 13
    Address: 3259325
    Line #0
        Function index: 258
        Line: 0
        Column: 0
    Attributes: [12]
Location #1234
    Mapping index: 13
    Address: 3802611
    Line #0
        Function index: 259
        Line: 0
        Column: 0
    Attributes: [12]
Location #1235
    Mapping index: 13
    Address: 3261743
    Line #0
        Function index: 260
        Line: 0
        Column: 0
    Attributes: [12]
Location #1236
    Mapping index: 13
    Address: 3263092
    Line #0
        Function index: 261
        Line: 0
        Column: 0
    Attributes: [12]
Location #1237
    Mapping index: 13
    Address: 3314510
    Line #0
        Function index: 262
        Line: 0
        Column: 0
    Attributes: [12]
Location #1238
    Mapping index: 13
    Address: 1197602
    Line #0
        Function index: 263
        Line: 0
        Column: 0
    Attributes: [12]
Location #1239
    Mapping index: 13
    Address: 1229765
    Line #0
        Function index: 264
        Line: 0
        Column: 0
    Attributes: [12]
Location #1240
    Mapping index: 13
    Address: 27551
    Line #0
        Function index: 265
        Line: 0
        Column: 0
    Attributes: [12]
Location #1241
    Mapping index: 5
    Address: 8793251
    Line #0
        Function index: 266
        Line: 0
        Column: 0
    Attributes: [12]
Location #1242
    Mapping index: 5
    Address: 3167594
    Line #0
        Function index: 15
        Line: 0
        Column: 0
    Attributes: [12]
Location #1243
    Mapping index: 5
    Address: 7560898
    Line #0
        Function index: 267
        Line: 0
        Column: 0
    Attributes: [12]
Location #1244
    Mapping index: 5
    Address: 7561481
    Line #0
        Function index: 268
        Line: 0
        Column: 0
    Attributes: [12]
Location #1245
    Mapping index: 5
    Address: 7784825
    Line #0
        Function index: 269
        Line: 0
        Column: 0
    Attributes: [12]
Location #1246
    Mapping index: 5
    Address: 7788272
    Line #0
        Function index: 270
        Line: 0
        Column: 0
    Attributes: [12]
Location #1247
    Mapping index: 5
    Address: 7788704
    Line #0
        Function index: 271
        Line: 0
        Column: 0
    Attributes: [12]
Location #1248
    Mapping index: 5
    Address: 7812671
    Line #0
        Function index: 116
        Line: 0
        Column: 0
    Attributes: [12]
Location #1249
    Mapping index: 5
    Address: 7727059
    Line #0
        Function index: 272
        Line: 0
        Column: 0
    Attributes: [12]
Location #1250
    Mapping index: 5
    Address: 7731997
    Line #0
        Function index: 273
        Line: 0
        Column: 0
    Attributes: [12]
Location #1251
    Mapping index: 5
    Address: 7734809
    Line #0
        Function index: 274
        Line: 0
        Column: 0
    Attributes: [12]
Location #1252
    Mapping index: 13
    Address: 109443
    Line #0
        Function index: 275
        Line: 0
        Column: 0
    Attributes: [12]
Location #1253
    Mapping index: 13
    Address: 1194691
    Line #0
        Function index: 276
        Line: 0
        Column: 0
    Attributes: [12]
Location #1254
    Mapping index: 13
    Address: 1197964
    Line #0
        Function index: 263
        Line: 0
        Column: 0
    Attributes: [12]
Location #1255
    Mapping index: 5
    Address: 4005048
    Line #0
        Function index: 119
        Line: 0
        Column: 0
    Attributes: [12]
Location #1256
    Mapping index: 13
    Address: 1212505
    Line #0
        Function index: 277
        Line: 0
        Column: 0
    Attributes: [12]
Location #1257
    Mapping index: 13
    Address: 2084926
    Line #0
        Function index: 278
        Line: 0
        Column: 0
    Attributes: [12]
Location #1258
    Mapping index: 13
    Address: 3655742
    Line #0
        Function index: 279
        Line: 0
        Column: 0
    Attributes: [12]
Location #1259
    Mapping index: 13
    Address: 3655927
    Line #0
        Function index: 280
        Line: 0
        Column: 0
    Attributes: [12]
Location #1260
    Mapping index: 13
    Address: 2251423
    Line #0
        Function index: 281
        Line: 0
        Column: 0
    Attributes: [12]
Location #1261
    Mapping index: 13
    Address: 2278901
    Line #0
        Function index: 282
        Line: 0
        Column: 0
    Attributes: [12]
Location #1262
    Mapping index: 13
    Address: 2286898
    Line #0
        Function index: 255
        Line: 0
        Column: 0
    Attributes: [12]
Location #1263
    Mapping index: 13
    Address: 3531854
    Line #0
        Function index: 283
        Line: 0
        Column: 0
    Attributes: [12]
Location #1264
    Mapping index: 13
    Address: 2777330
    Line #0
        Function index: 284
        Line: 0
        Column: 0
    Attributes: [12]
Location #1265
    Mapping index: 13
    Address: 2778785
    Line #0
        Function index: 285
        Line: 0
        Column: 0
    Attributes: [12]
Location #1266
    Mapping index: 13
    Address: 2787302
    Line #0
        Function index: 286
        Line: 0
        Column: 0
    Attributes: [12]
Location #1267
    Mapping index: 13
    Address: 3793480
    Line #0
        Function index: 287
        Line: 0
        Column: 0
    Attributes: [12]
Location #1268
    Mapping index: 13
    Address: 3821165
    Line #0
        Function index: 288
        Line: 0
        Column: 0
    Attributes: [12]
Location #1269
    Mapping index: 13
    Address: 3300401
    Line #0
        Function index: 289
        Line: 0
        Column: 0
    Attributes: [12]
Location #1270
    Mapping index: 13
    Address: 3303032
    Line #0
        Function index: 290
        Line: 0
        Column: 0
    Attributes: [12]
Location #1271
    Mapping index: 13
    Address: 3303550
    Line #0
        Function index: 291
        Line: 0
        Column: 0
    Attributes: [12]
Location #1272
    Mapping index: 13
    Address: 3302883
    Line #0
        Function index: 292
        Line: 0
        Column: 0
    Attributes: [12]
Location #1273
    Mapping index: 13
    Address: 3404510
    Line #0
        Function index: 293
        Line: 0
        Column: 0
    Attributes: [12]
Location #1274
    Mapping index: 13
    Address: 143598
    Line #0
        Function index: 294
        Line: 0
        Column: 0
    Attributes: [12]
Location #1275
    Mapping index: 14
    Address: 386631
    Line #0
        Function index: 295
        Line: 0
        Column: 0
    Attributes: [12]
Location #1276
    Mapping index: 14
    Address: 111268
    Line #0
        Function index: 296
        Line: 0
        Column: 0
    Attributes: [12]
Location #1277
    Mapping index: 14
    Address: 94491
    Line #0
        Function index: 297
        Line: 0
        Column: 0
    Attributes: [12]
Location #1278
    Mapping index: 14
    Address: 128525
    Line #0
        Function index: 298
        Line: 0
        Column: 0
    Attributes: [12]
Location #1279
    Mapping index: 14
    Address: 108959
    Line #0
        Function index: 299
        Line: 0
        Column: 0
    Attributes: [12]
Location #1280
    Mapping index: 14
    Address: 11920
    Line #0
        Function index: 300
        Line: 0
        Column: 0
    Attributes: [12]
Location #1281
    Mapping index: 14
    Address: 17403
    Line #0
        Function index: 301
        Line: 0
        Column: 0
    Attributes: [12]
Location #1282
    Mapping index: 14
    Address: 17640
    Line #0
        Function index: 302
        Line: 0
        Column: 0
    Attributes: [12]
Location #1283
    Mapping index: 13
    Address: 1730032
    Line #0
        Function index: 303
        Line: 0
        Column: 0
    Attributes: [12]
Location #1284
    Mapping index: 13
    Address: 2924361
    Line #0
        Function index: 304
        Line: 0
        Column: 0
    Attributes: [12]
Location #1285
    Mapping index: 13
    Address: 2923904
    Line #0
        Function index: 305
        Line: 0
        Column: 0
    Attributes: [12]
Location #1286
    Mapping index: 13
    Address: 3300483
    Line #0
        Function index: 289
        Line: 0
        Column: 0
    Attributes: [12]
Location #1287
    Mapping index: 13
    Address: 3393924
    Line #0
        Function index: 306
        Line: 0
        Column: 0
    Attributes: [12]
Location #1288
    Mapping index: 13
    Address: 130857
    Line #0
        Function index: 307
        Line: 0
        Column: 0
    Attributes: [12]
Location #1289
    Mapping index: 14
    Address: 197963
    Line #0
        Function index: 308
        Line: 0
        Column: 0
    Attributes: [12]
Location #1290
    Mapping index: 14
    Address: 96489
    Line #0
        Function index: 297
        Line: 0
        Column: 0
    Attributes: [12]
Location #1291
    Mapping index: 15
    Address: 79990
    Line #0
        Function index: 309
        Line: 0
        Column: 0
    Attributes: [12]
Location #1292
    Mapping index: 15
    Address: 2126763
    Line #0
        Function index: 310
        Line: 0
        Column: 0
    Attributes: [12]
Location #1293
    Mapping index: 15
    Address: 2131061
    Line #0
        Function index: 311
        Line: 0
        Column: 0
    Attributes: [12]
Location #1294
    Mapping index: 15
    Address: 2133379
    Line #0
        Function index: 312
        Line: 0
        Column: 0
    Attributes: [12]
Location #1295
    Mapping index: 5
    Address: 18218213
    Line #0
        Function index: 313
        Line: 0
        Column: 0
    Attributes: [12]
Location #1296
    Mapping index: 5
    Address: 18218866
    Line #0
        Function index: 314
        Line: 0
        Column: 0
    Attributes: [12]
Location #1297
    Mapping index: 5
    Address: 15789642
    Line #0
        Function index: 315
        Line: 0
        Column: 0
    Attributes: [12]
Location #1298
    Mapping index: 5
    Address: 15804669
    Line #0
        Function index: 316
        Line: 0
        Column: 0
    Attributes: [12]
Location #1299
    Mapping index: 5
    Address: 15806740
    Line #0
        Function index: 317
        Line: 0
        Column: 0
    Attributes: [12]
Location #1300
    Mapping index: 5
    Address: 15807057
    Line #0
        Function index: 318
        Line: 0
        Column: 0
    Attributes: [12]
Location #1301
    Mapping index: 5
    Address: 15807298
    Line #0
        Function index: 319
        Line: 0
        Column: 0
    Attributes: [12]
Location #1302
    Mapping index: 15
    Address: 2145158
    Line #0
        Function index: 320
        Line: 0
        Column: 0
    Attributes: [12]
Location #1303
    Mapping index: 15
    Address: 2145789
    Line #0
        Function index: 321
        Line: 0
        Column: 0
    Attributes: [12]
Location #1304
    Mapping index: 5
    Address: 16090216
    Line #0
        Function index: 322
        Line: 0
        Column: 0
    Attributes: [12]
Location #1305
    Mapping index: 5
    Address: 16090372
    Line #0
        Function index: 323
        Line: 0
        Column: 0
    Attributes: [12]
Location #1306
    Mapping index: 5
    Address: 16091681
    Line #0
        Function index: 324
        Line: 0
        Column: 0
    Attributes: [12]
Location #1307
    Mapping index: 5
    Address: 4411081
    Line #0
        Function index: 325
        Line: 0
        Column: 0
    Attributes: [12]
Location #1308
    Mapping index: 5
    Address: 4412409
    Line #0
        Function index: 326
        Line: 0
        Column: 0
    Attributes: [12]
Location #1309
    Mapping index: 16
    Address: 6044096
    Attributes: [3]
Location #1310
    Mapping index: 16
    Address: 6051351
    Attributes: [3]
Location #1311
    Mapping index: 16
    Address: 5577973
    Attributes: [3]
Location #1312
    Mapping index: 16
    Address: 5545140
    Attributes: [3]
Location #1313
    Mapping index: 0
    Address: 0
    Attributes: [84]
Location #1314
    Mapping index: 16
    Address: 6124424
    Attributes: [3]
Location #1315
    Mapping index: 16
    Address: 6117562
    Attributes: [3]
Location #1316
    Mapping index: 16
    Address: 6327121
    Attributes: [3]
Location #1317
    Mapping index: 16
    Address: 7033442
    Attributes: [3]
Location #1318
    Mapping index: 16
    Address: 7032777
    Attributes: [3]
Location #1319
    Mapping index: 16
    Address: 7032318
    Attributes: [3]
Location #1320
    Mapping index: 16
    Address: 7065188
    Attributes: [3]
Location #1321
    Mapping index: 16
    Address: 7063884
    Attributes: [3]
Location #1322
    Mapping index: 16
    Address: 6650628
    Attributes: [3]
Function #0
    Name: 0
    System name: 0
    Filename: 0
    Start line: 0
Function #1
    Name: 16
    System name: 0
    Filename: 0
    Start line: 0
Function #2
    Name: 17
    System name: 0
    Filename: 0
    Start line: 0
Function #3
    Name: 18
    System name: 0
    Filename: 0
    Start line: 0
Function #4
    Name: 19
    System name: 0
    Filename: 0
    Start line: 0
Function #5
    Name: 20
    System name: 0
    Filename: 0
    Start line: 0
Function #6
    Name: 21
    System name: 0
    Filename: 0
    Start line: 0
Function #7
    Name: 22
    System name: 0
    Filename: 0
    Start line: 0
Function #8
    Name: 23
    System name: 0
    Filename: 0
    Start line: 0
Function #9
    Name: 24
    System name: 0
    Filename: 0
    Start line: 0
Function #10
    Name: 25
    System name: 0
    Filename: 0
    Start line: 0
Function #11
    Name: 26
    System name: 0
    Filename: 0
    Start line: 0
Function #12
    Name: 27
    System name: 0
    Filename: 0
    Start line: 0
Function #13
    Name: 28
    System name: 0
    Filename: 0
    Start line: 0
Function #14
    Name: 29
    System name: 0
    Filename: 0
    Start line: 0
Function #15
    Name: 30
    System name: 0
    Filename: 0
    Start line: 0
Function #16
    Name: 31
    System name: 0
    Filename: 0
    Start line: 0
Function #17
    Name: 32
    System name: 0
    Filename: 0
    Start line: 0
Function #18
    Name: 35
    System name: 0
    Filename: 0
    Start line: 0
Function #19
    Name: 36
    System name: 0
    Filename: 0
    Start line: 0
Function #20
    Name: 37
    System name: 0
    Filename: 0
    Start line: 0
Function #21
    Name: 38
    System name: 0
    Filename: 0
    Start line: 0
Function #22
    Name: 39
    System name: 0
    Filename: 0
    Start line: 0
Function #23
    Name: 40
    System name: 0
    Filename: 0
    Start line: 0
Function #24
    Name: 41
    System name: 0
    Filename: 0
    Start line: 0
Function #25
    Name: 42
    System name: 0
    Filename: 0
    Start line: 0
Function #26
    Name: 43
    System name: 0
    Filename: 0
    Start line: 0
Function #27
    Name: 46
    System name: 0
    Filename: 0
    Start line: 0
Function #28
    Name: 47
    System name: 0
    Filename: 0
    Start line: 0
Function #29
    Name: 48
    System name: 0
    Filename: 0
    Start line: 0
Function #30
    Name: 49
    System name: 0
    Filename: 0
    Start line: 0
Function #31
    Name: 50
    System name: 0
    Filename: 0
    Start line: 0
Function #32
    Name: 51
    System name: 0
    Filename: 0
    Start line: 0
Function #33
    Name: 52
    System name: 0
    Filename: 0
    Start line: 0
Function #34
    Name: 53
    System name: 0
    Filename: 0
    Start line: 0
Function #35
    Name: 54
    System name: 0
    Filename: 0
    Start line: 0
Function #36
    Name: 55
    System name: 0
    Filename: 0
    Start line: 0
Function #37
    Name: 56
    System name: 0
    Filename: 0
    Start line: 0
Function #38
    Name: 57
    System name: 0
    Filename: 0
    Start line: 0
Function #39
    Name: 58
    System name: 0
    Filename: 0
    Start line: 0
Function #40
    Name: 60
    System name: 0
    Filename: 0
    Start line: 0
Function #41
    Name: 61
    System name: 0
    Filename: 0
    Start line: 0
Function #42
    Name: 62
    System name: 0
    Filename: 63
    Start line: 0
Function #43
    Name: 64
    System name: 0
    Filename: 65
    Start line: 0
Function #44
    Name: 66
    System name: 0
    Filename: 67
    Start line: 0
Function #45
    Name: 68
    System name: 0
    Filename: 67
    Start line: 0
Function #46
    Name: 69
    System name: 0
    Filename: 70
    Start line: 0
Function #47
    Name: 71
    System name: 0
    Filename: 67
    Start line: 0
Function #48
    Name: 72
    System name: 0
    Filename: 73
    Start line: 0
Function #49
    Name: 68
    System name: 0
    Filename: 74
    Start line: 0
Function #50
    Name: 75
    System name: 0
    Filename: 74
    Start line: 0
Function #51
    Name: 76
    System name: 0
    Filename: 74
    Start line: 0
Function #52
    Name: 77
    System name: 0
    Filename: 74
    Start line: 0
Function #53
    Name: 78
    System name: 0
    Filename: 74
    Start line: 0
Function #54
    Name: 79
    System name: 0
    Filename: 80
    Start line: 0
Function #55
    Name: 81
    System name: 0
    Filename: 80
    Start line: 0
Function #56
    Name: 82
    System name: 0
    Filename: 83
    Start line: 0
Function #57
    Name: 84
    System name: 0
    Filename: 85
    Start line: 0
Function #58
    Name: 86
    System name: 0
    Filename: 85
    Start line: 0
Function #59
    Name: 87
    System name: 0
    Filename: 88
    Start line: 0
Function #60
    Name: 89
    System name: 0
    Filename: 0
    Start line: 0
Function #61
    Name: 90
    System name: 0
    Filename: 0
    Start line: 0
Function #62
    Name: 91
    System name: 0
    Filename: 92
    Start line: 0
Function #63
    Name: 93
    System name: 0
    Filename: 92
    Start line: 0
Function #64
    Name: 94
    System name: 0
    Filename: 92
    Start line: 0
Function #65
    Name: 68
    System name: 0
    Filename: 92
    Start line: 0
Function #66
    Name: 68
    System name: 0
    Filename: 95
    Start line: 0
Function #67
    Name: 96
    System name: 0
    Filename: 95
    Start line: 0
Function #68
    Name: 97
    System name: 0
    Filename: 98
    Start line: 0
Function #69
    Name: 99
    System name: 0
    Filename: 100
    Start line: 0
Function #70
    Name: 101
    System name: 0
    Filename: 100
    Start line: 0
Function #71
    Name: 97
    System name: 0
    Filename: 100
    Start line: 0
Function #72
    Name: 68
    System name: 0
    Filename: 102
    Start line: 0
Function #73
    Name: 103
    System name: 0
    Filename: 0
    Start line: 0
Function #74
    Name: 104
    System name: 0
    Filename: 0
    Start line: 0
Function #75
    Name: 105
    System name: 0
    Filename: 106
    Start line: 0
Function #76
    Name: 107
    System name: 0
    Filename: 106
    Start line: 0
Function #77
    Name: 108
    System name: 0
    Filename: 109
    Start line: 0
Function #78
    Name: 110
    System name: 0
    Filename: 109
    Start line: 0
Function #79
    Name: 111
    System name: 0
    Filename: 112
    Start line: 0
Function #80
    Name: 113
    System name: 0
    Filename: 65
    Start line: 0
Function #81
    Name: 68
    System name: 0
    Filename: 114
    Start line: 0
Function #82
    Name: 115
    System name: 0
    Filename: 63
    Start line: 0
Function #83
    Name: 116
    System name: 0
    Filename: 117
    Start line: 0
Function #84
    Name: 118
    System name: 0
    Filename: 119
    Start line: 0
Function #85
    Name: 120
    System name: 0
    Filename: 121
    Start line: 0
Function #86
    Name: 122
    System name: 0
    Filename: 121
    Start line: 0
Function #87
    Name: 123
    System name: 0
    Filename: 121
    Start line: 0
Function #88
    Name: 68
    System name: 0
    Filename: 124
    Start line: 0
Function #89
    Name: 125
    System name: 0
    Filename: 63
    Start line: 0
Function #90
    Name: 126
    System name: 0
    Filename: 65
    Start line: 0
Function #91
    Name: 127
    System name: 0
    Filename: 65
    Start line: 0
Function #92
    Name: 68
    System name: 0
    Filename: 128
    Start line: 0
Function #93
    Name: 129
    System name: 0
    Filename: 121
    Start line: 0
Function #94
    Name: 130
    System name: 0
    Filename: 112
    Start line: 0
Function #95
    Name: 131
    System name: 0
    Filename: 112
    Start line: 0
Function #96
    Name: 132
    System name: 0
    Filename: 133
    Start line: 0
Function #97
    Name: 134
    System name: 0
    Filename: 133
    Start line: 0
Function #98
    Name: 68
    System name: 0
    Filename: 135
    Start line: 0
Function #99
    Name: 68
    System name: 0
    Filename: 136
    Start line: 0
Function #100
    Name: 68
    System name: 0
    Filename: 137
    Start line: 0
Function #101
    Name: 138
    System name: 0
    Filename: 133
    Start line: 0
Function #102
    Name: 139
    System name: 0
    Filename: 133
    Start line: 0
Function #103
    Name: 140
    System name: 0
    Filename: 133
    Start line: 0
Function #104
    Name: 141
    System name: 0
    Filename: 142
    Start line: 0
Function #105
    Name: 143
    System name: 0
    Filename: 65
    Start line: 0
Function #106
    Name: 144
    System name: 0
    Filename: 65
    Start line: 0
Function #107
    Name: 145
    System name: 0
    Filename: 65
    Start line: 0
Function #108
    Name: 146
    System name: 0
    Filename: 65
    Start line: 0
Function #109
    Name: 147
    System name: 0
    Filename: 0
    Start line: 0
Function #110
    Name: 148
    System name: 0
    Filename: 0
    Start line: 0
Function #111
    Name: 149
    System name: 0
    Filename: 0
    Start line: 0
Function #112
    Name: 150
    System name: 0
    Filename: 0
    Start line: 0
Function #113
    Name: 151
    System name: 0
    Filename: 0
    Start line: 0
Function #114
    Name: 152
    System name: 0
    Filename: 0
    Start line: 0
Function #115
    Name: 153
    System name: 0
    Filename: 0
    Start line: 0
Function #116
    Name: 154
    System name: 0
    Filename: 0
    Start line: 0
Function #117
    Name: 155
    System name: 0
    Filename: 0
    Start line: 0
Function #118
    Name: 156
    System name: 0
    Filename: 0
    Start line: 0
Function #119
    Name: 157
    System name: 0
    Filename: 0
    Start line: 0
Function #120
    Name: 158
    System name: 0
    Filename: 0
    Start line: 0
Function #121
    Name: 159
    System name: 0
    Filename: 0
    Start line: 0
Function #122
    Name: 160
    System name: 0
    Filename: 128
    Start line: 0
Function #123
    Name: 161
    System name: 0
    Filename: 106
    Start line: 0
Function #124
    Name: 162
    System name: 0
    Filename: 65
    Start line: 0
Function #125
    Name: 163
    System name: 0
    Filename: 164
    Start line: 0
Function #126
    Name: 126
    System name: 0
    Filename: 74
    Start line: 0
Function #127
    Name: 165
    System name: 0
    Filename: 164
    Start line: 0
Function #128
    Name: 166
    System name: 0
    Filename: 65
    Start line: 0
Function #129
    Name: 167
    System name: 0
    Filename: 168
    Start line: 0
Function #130
    Name: 169
    System name: 0
    Filename: 170
    Start line: 0
Function #131
    Name: 171
    System name: 0
    Filename: 170
    Start line: 0
Function #132
    Name: 172
    System name: 0
    Filename: 170
    Start line: 0
Function #133
    Name: 173
    System name: 0
    Filename: 174
    Start line: 0
Function #134
    Name: 68
    System name: 0
    Filename: 88
    Start line: 0
Function #135
    Name: 175
    System name: 0
    Filename: 88
    Start line: 0
Function #136
    Name: 176
    System name: 0
    Filename: 0
    Start line: 0
Function #137
    Name: 177
    System name: 0
    Filename: 0
    Start line: 0
Function #138
    Name: 178
    System name: 0
    Filename: 0
    Start line: 0
Function #139
    Name: 179
    System name: 0
    Filename: 0
    Start line: 0
Function #140
    Name: 180
    System name: 0
    Filename: 0
    Start line: 0
Function #141
    Name: 181
    System name: 0
    Filename: 0
    Start line: 0
Function #142
    Name: 182
    System name: 0
    Filename: 0
    Start line: 0
Function #143
    Name: 183
    System name: 0
    Filename: 0
    Start line: 0
Function #144
    Name: 185
    System name: 0
    Filename: 0
    Start line: 0
Function #145
    Name: 186
    System name: 0
    Filename: 0
    Start line: 0
Function #146
    Name: 187
    System name: 0
    Filename: 0
    Start line: 0
Function #147
    Name: 188
    System name: 0
    Filename: 0
    Start line: 0
Function #148
    Name: 189
    System name: 0
    Filename: 0
    Start line: 0
Function #149
    Name: 190
    System name: 0
    Filename: 0
    Start line: 0
Function #150
    Name: 193
    System name: 0
    Filename: 194
    Start line: 0
Function #151
    Name: 195
    System name: 0
    Filename: 194
    Start line: 0
Function #152
    Name: 196
    System name: 0
    Filename: 194
    Start line: 0
Function #153
    Name: 197
    System name: 0
    Filename: 194
    Start line: 0
Function #154
    Name: 198
    System name: 0
    Filename: 199
    Start line: 0
Function #155
    Name: 200
    System name: 0
    Filename: 199
    Start line: 0
Function #156
    Name: 201
    System name: 0
    Filename: 202
    Start line: 0
Function #157
    Name: 203
    System name: 0
    Filename: 204
    Start line: 0
Function #158
    Name: 205
    System name: 0
    Filename: 206
    Start line: 0
Function #159
    Name: 207
    System name: 0
    Filename: 206
    Start line: 0
Function #160
    Name: 208
    System name: 0
    Filename: 209
    Start line: 0
Function #161
    Name: 210
    System name: 0
    Filename: 209
    Start line: 0
Function #162
    Name: 211
    System name: 0
    Filename: 209
    Start line: 0
Function #163
    Name: 212
    System name: 0
    Filename: 206
    Start line: 0
Function #164
    Name: 213
    System name: 0
    Filename: 214
    Start line: 0
Function #165
    Name: 215
    System name: 0
    Filename: 214
    Start line: 0
Function #166
    Name: 216
    System name: 0
    Filename: 217
    Start line: 0
Function #167
    Name: 218
    System name: 0
    Filename: 219
    Start line: 0
Function #168
    Name: 220
    System name: 0
    Filename: 219
    Start line: 0
Function #169
    Name: 221
    System name: 0
    Filename: 222
    Start line: 0
Function #170
    Name: 223
    System name: 0
    Filename: 219
    Start line: 0
Function #171
    Name: 224
    System name: 0
    Filename: 0
    Start line: 0
Function #172
    Name: 225
    System name: 0
    Filename: 0
    Start line: 0
Function #173
    Name: 226
    System name: 0
    Filename: 0
    Start line: 0
Function #174
    Name: 227
    System name: 0
    Filename: 0
    Start line: 0
Function #175
    Name: 228
    System name: 0
    Filename: 0
    Start line: 0
Function #176
    Name: 229
    System name: 0
    Filename: 0
    Start line: 0
Function #177
    Name: 230
    System name: 0
    Filename: 0
    Start line: 0
Function #178
    Name: 231
    System name: 0
    Filename: 0
    Start line: 0
Function #179
    Name: 232
    System name: 0
    Filename: 0
    Start line: 0
Function #180
    Name: 233
    System name: 0
    Filename: 0
    Start line: 0
Function #181
    Name: 234
    System name: 0
    Filename: 0
    Start line: 0
Function #182
    Name: 235
    System name: 0
    Filename: 236
    Start line: 0
Function #183
    Name: 237
    System name: 0
    Filename: 238
    Start line: 0
Function #184
    Name: 239
    System name: 0
    Filename: 240
    Start line: 0
Function #185
    Name: 241
    System name: 0
    Filename: 240
    Start line: 0
Function #186
    Name: 242
    System name: 0
    Filename: 217
    Start line: 0
Function #187
    Name: 243
    System name: 0
    Filename: 240
    Start line: 0
Function #188
    Name: 244
    System name: 0
    Filename: 240
    Start line: 0
Function #189
    Name: 245
    System name: 0
    Filename: 240
    Start line: 0
Function #190
    Name: 246
    System name: 0
    Filename: 240
    Start line: 0
Function #191
    Name: 247
    System name: 0
    Filename: 248
    Start line: 0
Function #192
    Name: 249
    System name: 0
    Filename: 0
    Start line: 0
Function #193
    Name: 250
    System name: 0
    Filename: 0
    Start line: 0
Function #194
    Name: 251
    System name: 0
    Filename: 0
    Start line: 0
Function #195
    Name: 252
    System name: 0
    Filename: 0
    Start line: 0
Function #196
    Name: 253
    System name: 0
    Filename: 0
    Start line: 0
Function #197
    Name: 254
    System name: 0
    Filename: 255
    Start line: 0
Function #198
    Name: 256
    System name: 0
    Filename: 257
    Start line: 0
Function #199
    Name: 258
    System name: 0
    Filename: 257
    Start line: 0
Function #200
    Name: 258
    System name: 0
    Filename: 259
    Start line: 0
Function #201
    Name: 260
    System name: 0
    Filename: 261
    Start line: 0
Function #202
    Name: 262
    System name: 0
    Filename: 263
    Start line: 0
Function #203
    Name: 264
    System name: 0
    Filename: 263
    Start line: 0
Function #204
    Name: 265
    System name: 0
    Filename: 266
    Start line: 0
Function #205
    Name: 267
    System name: 0
    Filename: 204
    Start line: 0
Function #206
    Name: 268
    System name: 0
    Filename: 0
    Start line: 0
Function #207
    Name: 269
    System name: 0
    Filename: 0
    Start line: 0
Function #208
    Name: 270
    System name: 0
    Filename: 0
    Start line: 0
Function #209
    Name: 271
    System name: 0
    Filename: 0
    Start line: 0
Function #210
    Name: 272
    System name: 0
    Filename: 0
    Start line: 0
Function #211
    Name: 273
    System name: 0
    Filename: 0
    Start line: 0
Function #212
    Name: 274
    System name: 0
    Filename: 275
    Start line: 0
Function #213
    Name: 276
    System name: 0
    Filename: 263
    Start line: 0
Function #214
    Name: 277
    System name: 0
    Filename: 263
    Start line: 0
Function #215
    Name: 278
    System name: 0
    Filename: 263
    Start line: 0
Function #216
    Name: 279
    System name: 0
    Filename: 217
    Start line: 0
Function #217
    Name: 280
    System name: 0
    Filename: 281
    Start line: 0
Function #218
    Name: 282
    System name: 0
    Filename: 283
    Start line: 0
Function #219
    Name: 284
    System name: 0
    Filename: 283
    Start line: 0
Function #220
    Name: 285
    System name: 0
    Filename: 283
    Start line: 0
Function #221
    Name: 286
    System name: 0
    Filename: 248
    Start line: 0
Function #222
    Name: 287
    System name: 0
    Filename: 248
    Start line: 0
Function #223
    Name: 288
    System name: 0
    Filename: 248
    Start line: 0
Function #224
    Name: 289
    System name: 0
    Filename: 290
    Start line: 0
Function #225
    Name: 291
    System name: 0
    Filename: 292
    Start line: 0
Function #226
    Name: 293
    System name: 0
    Filename: 222
    Start line: 0
Function #227
    Name: 294
    System name: 0
    Filename: 0
    Start line: 0
Function #228
    Name: 295
    System name: 0
    Filename: 0
    Start line: 0
Function #229
    Name: 296
    System name: 0
    Filename: 0
    Start line: 0
Function #230
    Name: 297
    System name: 0
    Filename: 298
    Start line: 0
Function #231
    Name: 299
    System name: 0
    Filename: 300
    Start line: 0
Function #232
    Name: 301
    System name: 0
    Filename: 302
    Start line: 0
Function #233
    Name: 303
    System name: 0
    Filename: 304
    Start line: 0
Function #234
    Name: 305
    System name: 0
    Filename: 306
    Start line: 0
Function #235
    Name: 307
    System name: 0
    Filename: 308
    Start line: 0
Function #236
    Name: 309
    System name: 0
    Filename: 263
    Start line: 0
Function #237
    Name: 310
    System name: 0
    Filename: 263
    Start line: 0
Function #238
    Name: 311
    System name: 0
    Filename: 312
    Start line: 0
Function #239
    Name: 313
    System name: 0
    Filename: 312
    Start line: 0
Function #240
    Name: 314
    System name: 0
    Filename: 315
    Start line: 0
Function #241
    Name: 316
    System name: 0
    Filename: 317
    Start line: 0
Function #242
    Name: 318
    System name: 0
    Filename: 283
    Start line: 0
Function #243
    Name: 319
    System name: 0
    Filename: 204
    Start line: 0
Function #244
    Name: 320
    System name: 0
    Filename: 321
    Start line: 0
Function #245
    Name: 322
    System name: 0
    Filename: 323
    Start line: 0
Function #246
    Name: 324
    System name: 0
    Filename: 323
    Start line: 0
Function #247
    Name: 325
    System name: 0
    Filename: 323
    Start line: 0
Function #248
    Name: 326
    System name: 0
    Filename: 0
    Start line: 0
Function #249
    Name: 327
    System name: 0
    Filename: 328
    Start line: 0
Function #250
    Name: 322
    System name: 0
    Filename: 321
    Start line: 0
Function #251
    Name: 330
    System name: 0
    Filename: 0
    Start line: 0
Function #252
    Name: 331
    System name: 0
    Filename: 0
    Start line: 0
Function #253
    Name: 332
    System name: 0
    Filename: 0
    Start line: 0
Function #254
    Name: 333
    System name: 0
    Filename: 0
    Start line: 0
Function #255
    Name: 334
    System name: 0
    Filename: 0
    Start line: 0
Function #256
    Name: 335
    System name: 0
    Filename: 0
    Start line: 0
Function #257
    Name: 336
    System name: 0
    Filename: 0
    Start line: 0
Function #258
    Name: 337
    System name: 0
    Filename: 0
    Start line: 0
Function #259
    Name: 338
    System name: 0
    Filename: 0
    Start line: 0
Function #260
    Name: 339
    System name: 0
    Filename: 0
    Start line: 0
Function #261
    Name: 340
    System name: 0
    Filename: 0
    Start line: 0
Function #262
    Name: 341
    System name: 0
    Filename: 0
    Start line: 0
Function #263
    Name: 342
    System name: 0
    Filename: 0
    Start line: 0
Function #264
    Name: 343
    System name: 0
    Filename: 0
    Start line: 0
Function #265
    Name: 344
    System name: 0
    Filename: 0
    Start line: 0
Function #266
    Name: 345
    System name: 0
    Filename: 0
    Start line: 0
Function #267
    Name: 346
    System name: 0
    Filename: 0
    Start line: 0
Function #268
    Name: 347
    System name: 0
    Filename: 0
    Start line: 0
Function #269
    Name: 348
    System name: 0
    Filename: 0
    Start line: 0
Function #270
    Name: 349
    System name: 0
    Filename: 0
    Start line: 0
Function #271
    Name: 350
    System name: 0
    Filename: 0
    Start line: 0
Function #272
    Name: 351
    System name: 0
    Filename: 0
    Start line: 0
Function #273
    Name: 352
    System name: 0
    Filename: 0
    Start line: 0
Function #274
    Name: 353
    System name: 0
    Filename: 0
    Start line: 0
Function #275
    Name: 354
    System name: 0
    Filename: 0
    Start line: 0
Function #276
    Name: 355
    System name: 0
    Filename: 0
    Start line: 0
Function #277
    Name: 356
    System name: 0
    Filename: 0
    Start line: 0
Function #278
    Name: 357
    System name: 0
    Filename: 0
    Start line: 0
Function #279
    Name: 358
    System name: 0
    Filename: 0
    Start line: 0
Function #280
    Name: 359
    System name: 0
    Filename: 0
    Start line: 0
Function #281
    Name: 360
    System name: 0
    Filename: 0
    Start line: 0
Function #282
    Name: 361
    System name: 0
    Filename: 0
    Start line: 0
Function #283
    Name: 362
    System name: 0
    Filename: 0
    Start line: 0
Function #284
    Name: 363
    System name: 0
    Filename: 0
    Start line: 0
Function #285
    Name: 364
    System name: 0
    Filename: 0
    Start line: 0
Function #286
    Name: 365
    System name: 0
    Filename: 0
    Start line: 0
Function #287
    Name: 366
    System name: 0
    Filename: 0
    Start line: 0
Function #288
    Name: 367
    System name: 0
    Filename: 0
    Start line: 0
Function #289
    Name: 368
    System name: 0
    Filename: 0
    Start line: 0
Function #290
    Name: 369
    System name: 0
    Filename: 0
    Start line: 0
Function #291
    Name: 370
    System name: 0
    Filename: 0
    Start line: 0
Function #292
    Name: 371
    System name: 0
    Filename: 0
    Start line: 0
Function #293
    Name: 372
    System name: 0
    Filename: 0
    Start line: 0
Function #294
    Name: 373
    System name: 0
    Filename: 0
    Start line: 0
Function #295
    Name: 375
    System name: 0
    Filename: 0
    Start line: 0
Function #296
    Name: 376
    System name: 0
    Filename: 0
    Start line: 0
Function #297
    Name: 377
    System name: 0
    Filename: 0
    Start line: 0
Function #298
    Name: 378
    System name: 0
    Filename: 0
    Start line: 0
Function #299
    Name: 379
    System name: 0
    Filename: 0
    Start line: 0
Function #300
    Name: 380
    System name: 0
    Filename: 0
    Start line: 0
Function #301
    Name: 381
    System name: 0
    Filename: 0
    Start line: 0
Function #302
    Name: 382
    System name: 0
    Filename: 0
    Start line: 0
Function #303
    Name: 383
    System name: 0
    Filename: 0
    Start line: 0
Function #304
    Name: 384
    System name: 0
    Filename: 0
    Start line: 0
Function #305
    Name: 385
    System name: 0
    Filename: 0
    Start line: 0
Function #306
    Name: 386
    System name: 0
    Filename: 0
    Start line: 0
Function #307
    Name: 387
    System name: 0
    Filename: 0
    Start line: 0
Function #308
    Name: 388
    System name: 0
    Filename: 0
    Start line: 0
Function #309
    Name: 390
    System name: 0
    Filename: 0
    Start line: 0
Function #310
    Name: 391
    System name: 0
    Filename: 0
    Start line: 0
Function #311
    Name: 392
    System name: 0
    Filename: 0
    Start line: 0
Function #312
    Name: 393
    System name: 0
    Filename: 0
    Start line: 0
Function #313
    Name: 394
    System name: 0
    Filename: 0
    Start line: 0
Function #314
    Name: 395
    System name: 0
    Filename: 0
    Start line: 0
Function #315
    Name: 396
    System name: 0
    Filename: 0
    Start line: 0
Function #316
    Name: 397
    System name: 0
    Filename: 0
    Start line: 0
Function #317
    Name: 398
    System name: 0
    Filename: 0
    Start line: 0
Function #318
    Name: 399
    System name: 0
    Filename: 0
    Start line: 0
Function #319
    Name: 400
    System name: 0
    Filename: 0
    Start line: 0
Function #320
    Name: 401
    System name: 0
    Filename: 0
    Start line: 0
Function #321
    Name: 402
    System name: 0
    Filename: 0
    Start line: 0
Function #322
    Name: 403
    System name: 0
    Filename: 0
    Start line: 0
Function #323
    Name: 404
    System name: 0
    Filename: 0
    Start line: 0
Function #324
    Name: 405
    System name: 0
    Filename: 0
    Start line: 0
Function #325
    Name: 406
    System name: 0
    Filename: 0
    Start line: 0
Function #326
    Name: 407
    System name: 0
    Filename: 0
    Start line: 0
Attribute table:
     -> Key: Int(13)
     -> Value: Str(1097265)
     -> unit: Int(0)
Link table:
     -> Trace ID: Str()
     -> Span ID: Str()
String table:
    
    cpu
    nanoseconds
    samples
    count
    libLLVM.so.1
    process.executable.build_id.gnu
    process.executable.build_id.htlhash
    profile.frame.type
    libclang-cpp.so.18.1
    clang
    libc.so.6
    thread.name
    thread.id
    cpu.logical_number
    vmlinux
    folio_remove_rmap_ptes
    zap_present_ptes.constprop.0
    zap_pte_range
    zap_pmd_range.isra.0
    zap_pud_range.isra.0
    unmap_page_range
    unmap_single_vma
    unmap_vmas
    exit_mmap
    mmput
    exit_mm
    do_exit
    do_group_exit
    __x64_sys_exit_group
    x64_sys_call
    do_syscall_64
    entry_SYSCALL_64_after_hwframe
    libstdc++.so.6.0.35
    codex
    _copy_to_iter
    copy_page_to_iter
    filemap_read
    generic_file_read_iter
    ext4_file_read_iter
    vfs_read
    __x64_sys_pread64
    filemap_get_read_batch
    filemap_get_pages
    victim
    libbpftime-agent.so
    finish_task_switch.isra.0
    __schedule
    schedule
    io_schedule
    bit_wait_io
    __wait_on_bit
    out_of_line_wait_on_bit
    __wait_on_buffer
    jbd2_journal_commit_transaction
    kjournald2
    kthread
    ret_from_fork
    ret_from_fork_asm
    node
    V8::StubFrame
    V8::UnknownFrame
    runSync
    node:internal/modules/esm/module_job
    importSyncForRequire
    node:internal/modules/esm/loader
    loadESMFromCJS
    node:internal/modules/cjs/loader
    <anonymous>
    traceSync
    node:diagnostics_channel
    wrapModuleLoad
    require
    node:internal/modules/helpers
    file:///home/fishclaw/.nvm/versions/node/v22.22.0/lib/node_modules/openclaw/dist/plugin-module-loader-cache-lz0qhu-X.js
    withNativeRequireAliases
    requireWithOptionalAliases
    tryNativeRequireJavaScriptModule
    loadCachedTarget
    loadPublicSurfaceModule
    file:///home/fishclaw/.nvm/versions/node/v22.22.0/lib/node_modules/openclaw/dist/public-surface-loader-CqBVRQ-t.js
    loadBundledPluginPublicArtifactModuleSync
    loadBundledChannelDoctorContractApi
    file:///home/fishclaw/.nvm/versions/node/v22.22.0/lib/node_modules/openclaw/dist/legacy-config-migrations-DGNBoJQP.js
    collectChannelLegacyConfigRules
    file:///home/fishclaw/.nvm/versions/node/v22.22.0/lib/node_modules/openclaw/dist/legacy-config-issues-S00NaeKY.js
    findDoctorLegacyConfigIssues
    collectInvalidConfigLegacyIssues
    file:///home/fishclaw/.nvm/versions/node/v22.22.0/lib/node_modules/openclaw/dist/io-fQmSDfK-.js
    V8::EntryFrame
    V8::BuiltinExitFrame
    resolveEffectiveTimeZone
    file:///home/fishclaw/.nvm/versions/node/v22.22.0/lib/node_modules/openclaw/dist/logger-563BnNMV.js
    getTimestampParts
    formatTimestamp
    file:///home/fishclaw/.nvm/versions/node/v22.22.0/lib/node_modules/openclaw/node_modules/tslog/esm/BaseLogger.js
    log
    info
    file:///home/fishclaw/.nvm/versions/node/v22.22.0/lib/node_modules/openclaw/node_modules/tslog/esm/index.js
    logToFile
    file:///home/fishclaw/.nvm/versions/node/v22.22.0/lib/node_modules/openclaw/dist/subsystem-BbA2Znit.js
    emitLog
    file:///home/fishclaw/.nvm/versions/node/v22.22.0/lib/node_modules/openclaw/dist/run-ELm7DZny.js
    V8::InternalFrame
    V8::ExitFrame
    deserializePackageJSON
    node:internal/modules/package_json_reader
    getPackageScopeConfig
    getFileProtocolModuleFormat
    node:internal/modules/esm/get_format
    defaultGetFormatWithoutErrors
    defaultResolve
    node:internal/modules/esm/resolve
    #cachedDefaultResolve
    file:///home/fishclaw/.nvm/versions/node/v22.22.0/lib/node_modules/openclaw/node_modules/typebox/build/schema/engine/_externals.mjs
    run
    openSync
    node:fs
    openPinnedFileSync
    file:///home/fishclaw/.nvm/versions/node/v22.22.0/lib/node_modules/openclaw/dist/pinned-open-BRMz46d0.js
    getPathFromURLPosix
    node:internal/url
    fileURLToPath
    toPathIfFileURL
    node:internal/fs/utils
    _link
    resolve
    getModuleJobForImport
    <unknown>
    get protocol
    finalizeResolution
    moduleResolve
    compileForInternalLoader
    node:internal/bootstrap/realm
    requireBuiltin
    node:internal/worker
    node:worker_threads
    node:internal/util/trace_sigint
    getOwn
    syncExports
    getESMFacade
    builtinStrategy
    node:internal/modules/esm/translators
    #translate
    loadAndTranslate
    #createModuleJob
    #getJobFromResolveResult
    clear_page_erms
    get_page_from_freelist
    __alloc_frozen_pages_noprof
    alloc_pages_mpol
    vma_alloc_folio_noprof
    alloc_anon_folio
    do_anonymous_page
    handle_pte_fault
    __handle_mm_fault
    handle_mm_fault
    do_user_addr_fault
    exc_page_fault
    asm_exc_page_fault
    replace
    get exports
    #resolveAndMaybeBlockOnLoaderThread
    nextStep
    node:internal/modules/customization_hooks
    resolveWithHooks
    resolveSync
    processTicksAndRejections
    node:internal/process/task_queues
    validateSchemaKeywordShapes
    file:///home/fishclaw/.nvm/versions/node/v22.22.0/lib/node_modules/openclaw/dist/json-schema-defaults-BxlICyTl.js
    findJsonSchemaNodeError
    findJsonSchemaShapeError
    validateJsonSchemaValue
    file:///home/fishclaw/.nvm/versions/node/v22.22.0/lib/node_modules/openclaw/dist/schema-validator-BSHTSwuX.js
    validateConfigObjectWithPlugins
    __cond_resched
    tcp_get_idx
    tcp_seq_start
    seq_read_iter
    seq_read
    proc_reg_read
    ksys_read
    __x64_sys_read
    agentsight
    established_get_first
    _raw_spin_lock
    alloc_pages_noprof
    get_free_pages_noprof
    get_mm_cmdline
    proc_pid_cmdline_read
    otelcol-ebpf-profiler
    process.executable.build_id.go
    go.opentelemetry.io/ebpf-profiler/nativeunwind/elfunwindinfo.parsesFDEHeader
    /tmp/opentelemetry-ebpf-profiler/nativeunwind/elfunwindinfo/elfehframe.go
    go.opentelemetry.io/ebpf-profiler/nativeunwind/elfunwindinfo.(*elfExtractor).parseFDE
    go.opentelemetry.io/ebpf-profiler/nativeunwind/elfunwindinfo.(*elfExtractor).walkBinSearchTable
    go.opentelemetry.io/ebpf-profiler/nativeunwind/elfunwindinfo.(*elfExtractor).parseEHFrame
    go.opentelemetry.io/ebpf-profiler/nativeunwind/elfunwindinfo.extractFile
    /tmp/opentelemetry-ebpf-profiler/nativeunwind/elfunwindinfo/stackdeltaextraction.go
    go.opentelemetry.io/ebpf-profiler/nativeunwind/elfunwindinfo.ExtractELF
    go.opentelemetry.io/ebpf-profiler/nativeunwind/elfunwindinfo.(*ELFStackDeltaProvider).GetIntervalStructuresForFile
    /tmp/opentelemetry-ebpf-profiler/nativeunwind/elfunwindinfo/stackdeltaprovider.go
    go.opentelemetry.io/ebpf-profiler/processmanager/execinfomanager.(*ExecutableInfoManager).AddOrIncRef
    /tmp/opentelemetry-ebpf-profiler/processmanager/execinfomanager/manager.go
    go.opentelemetry.io/ebpf-profiler/processmanager.(*ProcessManager).newFrameMapping
    /tmp/opentelemetry-ebpf-profiler/processmanager/processinfo.go
    go.opentelemetry.io/ebpf-profiler/processmanager.(*ProcessManager).SynchronizeProcess.func1
    go.opentelemetry.io/ebpf-profiler/process.(*systemProcess).IterateMappings.func1
    /tmp/opentelemetry-ebpf-profiler/process/process.go
    go.opentelemetry.io/ebpf-profiler/process.iterateMappings
    go.opentelemetry.io/ebpf-profiler/process.(*systemProcess).IterateMappings
    go.opentelemetry.io/ebpf-profiler/processmanager.(*ProcessManager).SynchronizeProcess
    go.opentelemetry.io/ebpf-profiler/tracer.(*Tracer).processPIDEvents
    /tmp/opentelemetry-ebpf-profiler/tracer/events.go
    go.opentelemetry.io/ebpf-profiler/tracer.(*Tracer).StartPIDEventProcessor.gowrap1
    runtime.goexit
    /home/yunwei37/go/pkg/mod/golang.org/toolchain@v0.0.1-go1.25.0.linux-amd64/src/runtime/asm_amd64.s
    slices.partialInsertionSortCmpFunc[go.shape.struct { Address uint64; Hints uint8; Info go.opentelemetry.io/ebpf-profiler/support.UnwindInfo }]
    /home/yunwei37/go/pkg/mod/golang.org/toolchain@v0.0.1-go1.25.0.linux-amd64/src/slices/zsortanyfunc.go
    slices.pdqsortCmpFunc[go.shape.struct { Address uint64; Hints uint8; Info go.opentelemetry.io/ebpf-profiler/support.UnwindInfo }]
    go.opentelemetry.io/ebpf-profiler/nativeunwind/stackdeltatypes.(*StackDeltaArray).Sort
    /tmp/opentelemetry-ebpf-profiler/nativeunwind/stackdeltatypes/stackdeltatypes.go
    slices.partitionCmpFunc[go.shape.struct { Address uint64; Hints uint8; Info go.opentelemetry.io/ebpf-profiler/support.UnwindInfo }]
    _raw_spin_unlock_irqrestore
    folios_put_refs
    free_pages_and_swap_cache
    __tlb_batch_free_encoded_pages
    tlb_finish_mmu
    zap_page_range_single
    madvise_vma_behavior
    madvise_walk_vmas
    madvise_do_behavior
    do_madvise
    __x64_sys_madvise
    runtime.madvise
    /home/yunwei37/go/pkg/mod/golang.org/toolchain@v0.0.1-go1.25.0.linux-amd64/src/runtime/sys_linux_amd64.s
    runtime.sysUnusedOS
    /home/yunwei37/go/pkg/mod/golang.org/toolchain@v0.0.1-go1.25.0.linux-amd64/src/runtime/mem_linux.go
    runtime.(*pageAlloc).scavengeOne
    /home/yunwei37/go/pkg/mod/golang.org/toolchain@v0.0.1-go1.25.0.linux-amd64/src/runtime/mgcscavenge.go
    runtime.(*pageAlloc).scavenge.func1
    runtime.systemstack
    runtime.(*pageAlloc).scavenge
    runtime.(*scavengerState).init.func2
    runtime.(*scavengerState).run
    runtime.bgscavenge
    runtime.gcenable.gowrap2
    /home/yunwei37/go/pkg/mod/golang.org/toolchain@v0.0.1-go1.25.0.linux-amd64/src/runtime/mgc.go
    _copy_from_user
    generic_map_update_batch
    bpf_map_do_batch
    __sys_bpf
    __x64_sys_bpf
    internal/runtime/syscall.Syscall6
    /home/yunwei37/go/pkg/mod/golang.org/toolchain@v0.0.1-go1.25.0.linux-amd64/src/internal/runtime/syscall/asm_linux_amd64.s
    syscall.RawSyscall6
    /home/yunwei37/go/pkg/mod/golang.org/toolchain@v0.0.1-go1.25.0.linux-amd64/src/syscall/syscall_linux.go
    syscall.Syscall
    <autogenerated>
    github.com/cilium/ebpf/internal/sys.BPF
    /home/yunwei37/go/pkg/mod/github.com/cilium/ebpf@v0.21.0/internal/unix/types_linux.go
    github.com/cilium/ebpf.(*Map).batchUpdate
    /home/yunwei37/go/pkg/mod/github.com/cilium/ebpf@v0.21.0/map.go
    github.com/cilium/ebpf.(*Map).BatchUpdate
    go.opentelemetry.io/ebpf-profiler/processmanager/ebpf.(*ebpfMapsImpl).UpdateExeIDToStackDeltas
    /tmp/opentelemetry-ebpf-profiler/processmanager/ebpf/ebpf.go
    go.opentelemetry.io/ebpf-profiler/processmanager/execinfomanager.(*executableInfoManagerState).loadDeltas
    __vmalloc_area_node
    __vmalloc_node_range_noprof
    __bpf_map_area_alloc
    bpf_map_area_alloc
    array_map_alloc
    map_create
    github.com/cilium/ebpf/internal/sys.MapCreate
    /home/yunwei37/go/pkg/mod/github.com/cilium/ebpf@v0.21.0/internal/sys/types.go
    github.com/cilium/ebpf.(*MapSpec).createMap
    github.com/cilium/ebpf.newMapWithOptions
    github.com/cilium/ebpf.NewMapWithOptions
    runtime.procyield
    runtime.suspendG
    /home/yunwei37/go/pkg/mod/golang.org/toolchain@v0.0.1-go1.25.0.linux-amd64/src/runtime/preempt.go
    runtime.markroot.func1
    /home/yunwei37/go/pkg/mod/golang.org/toolchain@v0.0.1-go1.25.0.linux-amd64/src/runtime/mgcmark.go
    runtime.markroot
    runtime.gcDrain
    runtime.gcBgMarkWorker.func2
    runtime.gcBgMarkWorker
    runtime.gcBgMarkStartWorkers.gowrap1
    runtime.memmove
    /home/yunwei37/go/pkg/mod/golang.org/toolchain@v0.0.1-go1.25.0.linux-amd64/src/runtime/memmove_amd64.s
    runtime.growslice
    /home/yunwei37/go/pkg/mod/golang.org/toolchain@v0.0.1-go1.25.0.linux-amd64/src/runtime/slice.go
    go.opentelemetry.io/ebpf-profiler/nativeunwind/stackdeltatypes.(*StackDeltaArray).AddEx
    seq_putc
    show_map_vma
    show_map
    syscall.read
    /home/yunwei37/go/pkg/mod/golang.org/toolchain@v0.0.1-go1.25.0.linux-amd64/src/syscall/zsyscall_linux_amd64.go
    internal/poll.(*FD).Read
    /home/yunwei37/go/pkg/mod/golang.org/toolchain@v0.0.1-go1.25.0.linux-amd64/src/syscall/syscall_unix.go
    os.(*File).Read
    /home/yunwei37/go/pkg/mod/golang.org/toolchain@v0.0.1-go1.25.0.linux-amd64/src/os/file_posix.go
    bufio.(*Scanner).Scan
    /home/yunwei37/go/pkg/mod/golang.org/toolchain@v0.0.1-go1.25.0.linux-amd64/src/bufio/scan.go
    github.com/cilium/ebpf/internal/sysenc.unsafeBackingMemory
    /home/yunwei37/go/pkg/mod/github.com/cilium/ebpf@v0.21.0/internal/sysenc/marshal.go
    github.com/cilium/ebpf/internal/sysenc.SyscallOutput
    /home/yunwei37/go/pkg/mod/github.com/cilium/ebpf@v0.21.0/internal/sysenc/buffer.go
    github.com/cilium/ebpf.(*Map).batchLookup
    github.com/cilium/ebpf.(*Map).BatchLookupAndDelete
    go.opentelemetry.io/ebpf-profiler/tracer.(*Tracer).monitorPIDEventsMap
    /tmp/opentelemetry-ebpf-profiler/tracer/tracer.go
    go.opentelemetry.io/ebpf-profiler/tracer.(*Tracer).StartMapMonitors.func1
    go.opentelemetry.io/ebpf-profiler/periodiccaller.StartWithManualTrigger.func1
    /tmp/opentelemetry-ebpf-profiler/periodiccaller/periodiccaller.go
    runtime.greyobject
    /home/yunwei37/go/pkg/mod/golang.org/toolchain@v0.0.1-go1.25.0.linux-amd64/src/runtime/mheap.go
    runtime.scanobject
    go.opentelemetry.io/ebpf-profiler/processmanager/execinfomanager.calculateMergeOpcode
    runtime.(*mspan).writeHeapBitsSmall
    /home/yunwei37/go/pkg/mod/golang.org/toolchain@v0.0.1-go1.25.0.linux-amd64/src/runtime/mbitmap.go
    runtime.mallocgcSmallScanNoHeader
    /home/yunwei37/go/pkg/mod/golang.org/toolchain@v0.0.1-go1.25.0.linux-amd64/src/runtime/malloc.go
    runtime.mallocgc
    runtime.newobject
    __check_object_size
    runtime.memclrNoHeapPointers
    /home/yunwei37/go/pkg/mod/golang.org/toolchain@v0.0.1-go1.25.0.linux-amd64/src/runtime/memclr_amd64.s
    nvidia
    os_release_spinlock
    threadStateGetCurrentUnchecked.part.0
    threadStateYieldCpuIfNecessary
    timeoutCheck
    _kgspRpcRecvPoll
    _issueRpcAndWait
    rpcRmApiAlloc_GSP
    serverAllocResourceUnderLock
    serverAllocResource
    rmapiAllocWithSecInfo
    rmapiAllocWithSecInfoTls
    Nv04AllocWithAccessSecInfo
    RmIoctl
    rm_ioctl
    nvidia_unlocked_ioctl
    __x64_sys_ioctl
    shmem_get_folio_gfp
    shmem_fault
    __do_fault
    do_shared_fault
    do_fault
    __get_user_pages
    __gup_longterm_locked
    pin_user_pages
    os_lock_user_pages
    RmCreateOsDescriptor
    osDevReadReg032
    _regRead
    crashcatEngineLoadWayfinder_IMPL
    crashcatEngineGetNextCrashReport_IMPL
    kgspHealthCheck_TU102
    _kgspRpcDrainEvents
    rpcRmApiControl_GSP
    kgmmuClientShadowFaultBufferRegister_IMPL
    kgmmuClientShadowFaultBufferAllocate_IMPL
    faultbufCtrlCmdMmuFaultBufferRegisterNonReplayBuf_IMPL
    resControl_IMPL
    serverControl
    _rmapiRmControl
    rmapiControlWithSecInfo
    rmapiControlWithSecInfoTls
    rmapiControl
    nvGpuOpsInitFaultInfo
    nvUvmInterfaceInitFaultInfo
    nvidia_uvm
    uvm_parent_gpu_fault_buffer_init
    uvm_parent_gpu_init_isr
    uvm_gpu_retain_by_uuid
    uvm_va_space_register_gpu
    uvm_api_register_gpu
    uvm_ioctl
    uvm_unlocked_ioctl_entry.part.0
    uvm_unlocked_ioctl_entry
    kceIsDecompLce_IMPL
    subdeviceCtrlCmdGpuGetEnginesV2_IMPL
    subdeviceCtrlCmdGpuGetEngines_IMPL
    nvGpuOpsQueryCesCaps
    nvUvmInterfaceQueryCopyEnginesCaps
    uvm_channel_manager_create
    i915
    __intel_wait_for_register_fw
    gmbus_wait_idle
    do_gmbus_xfer
    gmbus_xfer
    __i2c_transfer
    i2c_transfer
    drm_do_probe_ddc_edid
    edid_block_read
    _drm_do_get_edid
    drm_edid_read_custom
    drm_edid_read_ddc
    intel_hdmi_set_edid
    intel_hdmi_detect
    detect_connector_status
    drm_helper_probe_detect_ctx
    output_poll_execute
    process_one_work
    worker_thread
    python3.12
ResourceProfiles #0
Resource SchemaURL: https://opentelemetry.io/schemas/1.37.0
Resource attributes:
     -> process.pid: Int(1096587)
     -> process.executable.path: Str(/usr/lib/llvm-18/bin/clang)
     -> process.executable.name: Str(clang)
ScopeProfiles #0
ScopeProfiles SchemaURL: https://opentelemetry.io/schemas/1.37.0
InstrumentationScope go.opentelemetry.io/ebpf-profiler v0.0.0
Profile #0
    Profile ID     : 
    Start time     : 2026-06-21 18:35:45.23598213 +0000 UTC
    DurationNano   : 5178050630
    Dropped attributes count: 0
    Sample #0
        Values: []
        Attributes:
             -> thread.name: clang
             -> thread.id: %!s(int64=1096587)
             -> cpu.logical_number: %!s(int64=1)
    Sample #1
        Values: []
        Attributes:
             -> thread.name: clang
             -> thread.id: %!s(int64=1096587)
             -> cpu.logical_number: %!s(int64=1)
    Sample #2
        Values: []
        Attributes:
             -> thread.name: clang
             -> thread.id: %!s(int64=1096587)
             -> cpu.logical_number: %!s(int64=1)
    Sample #3
        Values: []
        Attributes:
             -> thread.name: clang
             -> thread.id: %!s(int64=1096587)
             -> cpu.logical_number: %!s(int64=1)
    Sample #4
        Values: []
        Attributes:
             -> thread.name: clang
             -> thread.id: %!s(int64=1096587)
             -> cpu.logical_number: %!s(int64=1)
    Sample #5
        Values: []
        Attributes:
             -> thread.name: clang
             -> thread.id: %!s(int64=1096587)
             -> cpu.logical_number: %!s(int64=1)
    Sample #6
        Values: []
        Attributes:
             -> thread.name: clang
             -> thread.id: %!s(int64=1096587)
             -> cpu.logical_number: %!s(int64=1)
    Sample #7
        Values: []
        Attributes:
             -> thread.name: clang
             -> thread.id: %!s(int64=1096587)
             -> cpu.logical_number: %!s(int64=1)
    Sample #8
        Values: []
        Attributes:
             -> thread.name: clang
             -> thread.id: %!s(int64=1096587)
             -> cpu.logical_number: %!s(int64=1)
    Sample #9
        Values: []
        Attributes:
             -> thread.name: clang
             -> thread.id: %!s(int64=1096587)
             -> cpu.logical_number: %!s(int64=1)
    Sample #10
        Values: []
        Attributes:
             -> thread.name: clang
             -> thread.id: %!s(int64=1096587)
             -> cpu.logical_number: %!s(int64=1)
    Sample #11
        Values: []
        Attributes:
             -> thread.name: clang
             -> thread.id: %!s(int64=1096587)
             -> cpu.logical_number: %!s(int64=1)
    Sample #12
        Values: []
        Attributes:
             -> thread.name: clang
             -> thread.id: %!s(int64=1096587)
             -> cpu.logical_number: %!s(int64=1)
    Sample #13
        Values: []
        Attributes:
             -> thread.name: clang
             -> thread.id: %!s(int64=1096587)
             -> cpu.logical_number: %!s(int64=1)
    Sample #14
        Values: []
        Attributes:
             -> thread.name: clang
             -> thread.id: %!s(int64=1096587)
             -> cpu.logical_number: %!s(int64=1)
    Sample #15
        Values: []
        Attributes:
             -> thread.name: clang
             -> thread.id: %!s(int64=1096587)
             -> cpu.logical_number: %!s(int64=1)
    Sample #16
        Values: []
        Attributes:
             -> thread.name: clang
             -> thread.id: %!s(int64=1096587)
             -> cpu.logical_number: %!s(int64=1)
    Sample #17
        Values: []
        Attributes:
             -> thread.name: clang
             -> thread.id: %!s(int64=1096587)
             -> cpu.logical_number: %!s(int64=1)
    Sample #18
        Values: []
        Attributes:
             -> thread.name: clang
             -> thread.id: %!s(int64=1096587)
             -> cpu.logical_number: %!s(int64=1)
    Sample #19
        Values: []
        Attributes:
             -> thread.name: clang
             -> thread.id: %!s(int64=1096587)
             -> cpu.logical_number: %!s(int64=1)
    Sample #20
        Values: []
        Attributes:
             -> thread.name: clang
             -> thread.id: %!s(int64=1096587)
             -> cpu.logical_number: %!s(int64=1)
    Sample #21
        Values: []
        Attributes:
             -> thread.name: clang
             -> thread.id: %!s(int64=1096587)
             -> cpu.logical_number: %!s(int64=1)
    Sample #22
        Values: []
        Attributes:
             -> thread.name: clang
             -> thread.id: %!s(int64=1096587)
             -> cpu.logical_number: %!s(int64=1)
    Sample #23
        Values: []
        Attributes:
             -> thread.name: clang
             -> thread.id: %!s(int64=1096587)
             -> cpu.logical_number: %!s(int64=1)
    Sample #24
        Values: []
        Attributes:
             -> thread.name: clang
             -> thread.id: %!s(int64=1096587)
             -> cpu.logical_number: %!s(int64=1)
    Sample #25
        Values: []
        Attributes:
             -> thread.name: clang
             -> thread.id: %!s(int64=1096587)
             -> cpu.logical_number: %!s(int64=1)
    Sample #26
        Values: []
        Attributes:
             -> thread.name: clang
             -> thread.id: %!s(int64=1096587)
             -> cpu.logical_number: %!s(int64=1)
    Sample #27
        Values: []
        Attributes:
             -> thread.name: clang
             -> thread.id: %!s(int64=1096587)
             -> cpu.logical_number: %!s(int64=1)
    Sample #28
        Values: []
        Attributes:
             -> thread.name: clang
             -> thread.id: %!s(int64=1096587)
             -> cpu.logical_number: %!s(int64=1)
    Sample #29
        Values: []
        Attributes:
             -> thread.name: clang
             -> thread.id: %!s(int64=1096587)
             -> cpu.logical_number: %!s(int64=1)
    Sample #30
        Values: []
        Attributes:
             -> thread.name: clang
             -> thread.id: %!s(int64=1096587)
             -> cpu.logical_number: %!s(int64=1)
    Sample #31
        Values: []
        Attributes:
             -> thread.name: clang
             -> thread.id: %!s(int64=1096587)
             -> cpu.logical_number: %!s(int64=1)
    Sample #32
        Values: []
        Attributes:
             -> thread.name: clang
             -> thread.id: %!s(int64=1096587)
             -> cpu.logical_number: %!s(int64=1)
    Sample #33
        Values: []
        Attributes:
             -> thread.name: clang
             -> thread.id: %!s(int64=1096587)
             -> cpu.logical_number: %!s(int64=1)
    Sample #34
        Values: []
        Attributes:
             -> thread.name: clang
             -> thread.id: %!s(int64=1096587)
             -> cpu.logical_number: %!s(int64=1)
    Sample #35
        Values: []
        Attributes:
             -> thread.name: clang
             -> thread.id: %!s(int64=1096587)
             -> cpu.logical_number: %!s(int64=1)
    Sample #36
        Values: []
        Attributes:
             -> thread.name: clang
             -> thread.id: %!s(int64=1096587)
             -> cpu.logical_number: %!s(int64=1)
    Sample #37
        Values: []
        Attributes:
             -> thread.name: clang
             -> thread.id: %!s(int64=1096587)
             -> cpu.logical_number: %!s(int64=1)
    Sample #38
        Values: []
        Attributes:
             -> thread.name: clang
             -> thread.id: %!s(int64=1096587)
             -> cpu.logical_number: %!s(int64=1)
    Sample #39
        Values: []
        Attributes:
             -> thread.name: clang
             -> thread.id: %!s(int64=1096587)
             -> cpu.logical_number: %!s(int64=1)
    Sample #40
        Values: []
        Attributes:
             -> thread.name: clang
             -> thread.id: %!s(int64=1096587)
             -> cpu.logical_number: %!s(int64=1)
    Sample #41
        Values: []
        Attributes:
             -> thread.name: clang
             -> thread.id: %!s(int64=1096587)
             -> cpu.logical_number: %!s(int64=1)
    Sample #42
        Values: []
        Attributes:
             -> thread.name: clang
             -> thread.id: %!s(int64=1096587)
             -> cpu.logical_number: %!s(int64=1)
    Sample #43
        Values: []
        Attributes:
             -> thread.name: clang
             -> thread.id: %!s(int64=1096587)
             -> cpu.logical_number: %!s(int64=1)
    Sample #44
        Values: []
        Attributes:
             -> thread.name: clang
             -> thread.id: %!s(int64=1096587)
             -> cpu.logical_number: %!s(int64=1)
    Sample #45
        Values: []
        Attributes:
             -> thread.name: clang
             -> thread.id: %!s(int64=1096587)
             -> cpu.logical_number: %!s(int64=1)
    Sample #46
        Values: []
        Attributes:
             -> thread.name: clang
             -> thread.id: %!s(int64=1096587)
             -> cpu.logical_number: %!s(int64=1)
    Sample #47
        Values: []
        Attributes:
             -> thread.name: clang
             -> thread.id: %!s(int64=1096587)
             -> cpu.logical_number: %!s(int64=1)
    Sample #48
        Values: []
        Attributes:
             -> thread.name: clang
             -> thread.id: %!s(int64=1096587)
             -> cpu.logical_number: %!s(int64=1)
    Sample #49
        Values: []
        Attributes:
             -> thread.name: clang
             -> thread.id: %!s(int64=1096587)
             -> cpu.logical_number: %!s(int64=1)
    Sample #50
        Values: []
        Attributes:
             -> thread.name: clang
             -> thread.id: %!s(int64=1096587)
             -> cpu.logical_number: %!s(int64=1)
    Sample #51
        Values: []
        Attributes:
             -> thread.name: clang
             -> thread.id: %!s(int64=1096587)
             -> cpu.logical_number: %!s(int64=1)
    Sample #52
        Values: []
        Attributes:
             -> thread.name: clang
             -> thread.id: %!s(int64=1096587)
             -> cpu.logical_number: %!s(int64=1)
    Sample #53
        Values: []
        Attributes:
             -> thread.name: clang
             -> thread.id: %!s(int64=1096587)
             -> cpu.logical_number: %!s(int64=1)
    Sample #54
        Values: []
        Attributes:
             -> thread.name: clang
             -> thread.id: %!s(int64=1096587)
             -> cpu.logical_number: %!s(int64=1)
    Sample #55
        Values: []
        Attributes:
             -> thread.name: clang
             -> thread.id: %!s(int64=1096587)
             -> cpu.logical_number: %!s(int64=1)
    Sample #56
        Values: []
        Attributes:
             -> thread.name: clang
             -> thread.id: %!s(int64=1096587)
             -> cpu.logical_number: %!s(int64=1)
    Sample #57
        Values: []
        Attributes:
             -> thread.name: clang
             -> thread.id: %!s(int64=1096587)
             -> cpu.logical_number: %!s(int64=1)
    Sample #58
        Values: []
        Attributes:
             -> thread.name: clang
             -> thread.id: %!s(int64=1096587)
             -> cpu.logical_number: %!s(int64=1)
    Sample #59
        Values: []
        Attributes:
             -> thread.name: clang
             -> thread.id: %!s(int64=1096587)
             -> cpu.logical_number: %!s(int64=1)
    Sample #60
        Values: []
        Attributes:
             -> thread.name: clang
             -> thread.id: %!s(int64=1096587)
             -> cpu.logical_number: %!s(int64=1)
    Sample #61
        Values: []
        Attributes:
             -> thread.name: clang
             -> thread.id: %!s(int64=1096587)
             -> cpu.logical_number: %!s(int64=1)
    Sample #62
        Values: []
        Attributes:
             -> thread.name: clang
             -> thread.id: %!s(int64=1096587)
             -> cpu.logical_number: %!s(int64=1)
    Sample #63
        Values: []
        Attributes:
             -> thread.name: clang
             -> thread.id: %!s(int64=1096587)
             -> cpu.logical_number: %!s(int64=1)
    Sample #64
        Values: []
        Attributes:
             -> thread.name: clang
             -> thread.id: %!s(int64=1096587)
             -> cpu.logical_number: %!s(int64=1)
    Sample #65
        Values: []
        Attributes:
             -> thread.name: clang
             -> thread.id: %!s(int64=1096587)
             -> cpu.logical_number: %!s(int64=1)
    Sample #66
        Values: []
        Attributes:
             -> thread.name: clang
             -> thread.id: %!s(int64=1096587)
             -> cpu.logical_number: %!s(int64=1)
    Sample #67
        Values: []
        Attributes:
             -> thread.name: clang
             -> thread.id: %!s(int64=1096587)
             -> cpu.logical_number: %!s(int64=1)
ResourceProfiles #1
Resource SchemaURL: https://opentelemetry.io/schemas/1.37.0
Resource attributes:
     -> process.pid: Int(6917)
     -> process.executable.path: Str(/home/yunwei37/.nvm/versions/node/v22.22.0/lib/node_modules/@openai/codex/node_modules/@openai/codex-linux-x64/vendor/x86_64-unknown-linux-musl/bin/codex)
     -> process.executable.name: Str(codex)
ScopeProfiles #0
ScopeProfiles SchemaURL: https://opentelemetry.io/schemas/1.37.0
InstrumentationScope go.opentelemetry.io/ebpf-profiler v0.0.0
Profile #0
    Profile ID     : 
    Start time     : 2026-06-21 18:35:45.23598213 +0000 UTC
    DurationNano   : 5178050630
    Dropped attributes count: 0
    Sample #0
        Values: []
        Attributes:
             -> thread.name: tokio-rt-worker
             -> thread.id: %!s(int64=6940)
             -> cpu.logical_number: %!s(int64=0)
    Sample #1
        Values: []
        Attributes:
             -> thread.name: tokio-rt-worker
             -> thread.id: %!s(int64=6937)
             -> cpu.logical_number: %!s(int64=19)
    Sample #2
        Values: []
        Attributes:
             -> thread.name: sqlx-sqlite-wor
             -> thread.id: %!s(int64=1062359)
             -> cpu.logical_number: %!s(int64=4)
    Sample #3
        Values: []
        Attributes:
             -> thread.name: sqlx-sqlite-wor
             -> thread.id: %!s(int64=1066156)
             -> cpu.logical_number: %!s(int64=6)
    Sample #4
        Values: []
        Attributes:
             -> thread.name: sqlx-sqlite-wor
             -> thread.id: %!s(int64=1066156)
             -> cpu.logical_number: %!s(int64=7)
    Sample #5
        Values: []
        Attributes:
             -> thread.name: tokio-rt-worker
             -> thread.id: %!s(int64=6933)
             -> cpu.logical_number: %!s(int64=19)
    Sample #6
        Values: []
        Attributes:
             -> thread.name: tokio-rt-worker
             -> thread.id: %!s(int64=6930)
             -> cpu.logical_number: %!s(int64=3)
    Sample #7
        Values: []
        Attributes:
             -> thread.name: tokio-rt-worker
             -> thread.id: %!s(int64=6937)
             -> cpu.logical_number: %!s(int64=12)
    Sample #8
        Values: []
        Attributes:
             -> thread.name: tokio-rt-worker
             -> thread.id: %!s(int64=6930)
             -> cpu.logical_number: %!s(int64=0)
    Sample #9
        Values: []
        Attributes:
             -> thread.name: tokio-rt-worker
             -> thread.id: %!s(int64=6940)
             -> cpu.logical_number: %!s(int64=4)
    Sample #10
        Values: []
        Attributes:
             -> thread.name: tokio-rt-worker
             -> thread.id: %!s(int64=6940)
             -> cpu.logical_number: %!s(int64=17)
    Sample #11
        Values: []
        Attributes:
             -> thread.name: sqlx-sqlite-wor
             -> thread.id: %!s(int64=1066156)
             -> cpu.logical_number: %!s(int64=7)
    Sample #12
        Values: []
        Attributes:
             -> thread.name: sqlx-sqlite-wor
             -> thread.id: %!s(int64=1062359)
             -> cpu.logical_number: %!s(int64=6)
    Sample #13
        Values: []
        Attributes:
             -> thread.name: tokio-rt-worker
             -> thread.id: %!s(int64=6940)
             -> cpu.logical_number: %!s(int64=5)
    Sample #14
        Values: []
        Attributes:
             -> thread.name: sqlx-sqlite-wor
             -> thread.id: %!s(int64=1066156)
             -> cpu.logical_number: %!s(int64=6)
    Sample #15
        Values: []
        Attributes:
             -> thread.name: tokio-rt-worker
             -> thread.id: %!s(int64=6937)
             -> cpu.logical_number: %!s(int64=19)
    Sample #16
        Values: []
        Attributes:
             -> thread.name: sqlx-sqlite-wor
             -> thread.id: %!s(int64=1066156)
             -> cpu.logical_number: %!s(int64=6)
    Sample #17
        Values: []
        Attributes:
             -> thread.name: sqlx-sqlite-wor
             -> thread.id: %!s(int64=1062359)
             -> cpu.logical_number: %!s(int64=6)
    Sample #18
        Values: []
        Attributes:
             -> thread.name: sqlx-sqlite-wor
             -> thread.id: %!s(int64=1062359)
             -> cpu.logical_number: %!s(int64=6)
    Sample #19
        Values: []
        Attributes:
             -> thread.name: sqlx-sqlite-wor
             -> thread.id: %!s(int64=1066156)
             -> cpu.logical_number: %!s(int64=7)
    Sample #20
        Values: []
        Attributes:
             -> thread.name: sqlx-sqlite-wor
             -> thread.id: %!s(int64=1062359)
             -> cpu.logical_number: %!s(int64=6)
    Sample #21
        Values: []
        Attributes:
             -> thread.name: sqlx-sqlite-wor
             -> thread.id: %!s(int64=1066156)
             -> cpu.logical_number: %!s(int64=6)
    Sample #22
        Values: []
        Attributes:
             -> thread.name: sqlx-sqlite-wor
             -> thread.id: %!s(int64=1066156)
             -> cpu.logical_number: %!s(int64=7)
    Sample #23
        Values: []
        Attributes:
             -> thread.name: sqlx-sqlite-wor
             -> thread.id: %!s(int64=1066156)
             -> cpu.logical_number: %!s(int64=7)
ResourceProfiles #2
Resource SchemaURL: https://opentelemetry.io/schemas/1.37.0
Resource attributes:
     -> process.pid: Int(1097233)
     -> process.executable.path: Str(/home/yunwei37/workspace/gpu/bpftime/example/otel-ebpf-profiler/victim)
     -> process.executable.name: Str(victim)
ScopeProfiles #0
ScopeProfiles SchemaURL: https://opentelemetry.io/schemas/1.37.0
InstrumentationScope go.opentelemetry.io/ebpf-profiler v0.0.0
Profile #0
    Profile ID     : 
    Start time     : 2026-06-21 18:35:45.23598213 +0000 UTC
    DurationNano   : 5178050630
    Dropped attributes count: 0
    Sample #0
        Values: []
        Attributes:
             -> thread.name: victim
             -> thread.id: %!s(int64=1097233)
             -> cpu.logical_number: %!s(int64=2)
    Sample #1
        Values: []
        Attributes:
             -> thread.name: victim
             -> thread.id: %!s(int64=1097233)
             -> cpu.logical_number: %!s(int64=2)
    Sample #2
        Values: []
        Attributes:
             -> thread.name: victim
             -> thread.id: %!s(int64=1097233)
             -> cpu.logical_number: %!s(int64=2)
    Sample #3
        Values: []
        Attributes:
             -> thread.name: victim
             -> thread.id: %!s(int64=1097233)
             -> cpu.logical_number: %!s(int64=2)
    Sample #4
        Values: []
        Attributes:
             -> thread.name: victim
             -> thread.id: %!s(int64=1097233)
             -> cpu.logical_number: %!s(int64=2)
    Sample #5
        Values: []
        Attributes:
             -> thread.name: victim
             -> thread.id: %!s(int64=1097233)
             -> cpu.logical_number: %!s(int64=2)
    Sample #6
        Values: []
        Attributes:
             -> thread.name: victim
             -> thread.id: %!s(int64=1097233)
             -> cpu.logical_number: %!s(int64=2)
    Sample #7
        Values: []
        Attributes:
             -> thread.name: victim
             -> thread.id: %!s(int64=1097233)
             -> cpu.logical_number: %!s(int64=2)
    Sample #8
        Values: []
        Attributes:
             -> thread.name: victim
             -> thread.id: %!s(int64=1097233)
             -> cpu.logical_number: %!s(int64=2)
    Sample #9
        Values: []
        Attributes:
             -> thread.name: victim
             -> thread.id: %!s(int64=1097233)
             -> cpu.logical_number: %!s(int64=2)
    Sample #10
        Values: []
        Attributes:
             -> thread.name: victim
             -> thread.id: %!s(int64=1097233)
             -> cpu.logical_number: %!s(int64=2)
    Sample #11
        Values: []
        Attributes:
             -> thread.name: victim
             -> thread.id: %!s(int64=1097233)
             -> cpu.logical_number: %!s(int64=2)
    Sample #12
        Values: []
        Attributes:
             -> thread.name: victim
             -> thread.id: %!s(int64=1097233)
             -> cpu.logical_number: %!s(int64=2)
    Sample #13
        Values: []
        Attributes:
             -> thread.name: victim
             -> thread.id: %!s(int64=1097233)
             -> cpu.logical_number: %!s(int64=2)
    Sample #14
        Values: []
        Attributes:
             -> thread.name: victim
             -> thread.id: %!s(int64=1097233)
             -> cpu.logical_number: %!s(int64=2)
    Sample #15
        Values: []
        Attributes:
             -> thread.name: victim
             -> thread.id: %!s(int64=1097233)
             -> cpu.logical_number: %!s(int64=2)
    Sample #16
        Values: []
        Attributes:
             -> thread.name: victim
             -> thread.id: %!s(int64=1097233)
             -> cpu.logical_number: %!s(int64=2)
    Sample #17
        Values: []
        Attributes:
             -> thread.name: victim
             -> thread.id: %!s(int64=1097233)
             -> cpu.logical_number: %!s(int64=2)
    Sample #18
        Values: []
        Attributes:
             -> thread.name: victim
             -> thread.id: %!s(int64=1097233)
             -> cpu.logical_number: %!s(int64=2)
    Sample #19
        Values: []
        Attributes:
             -> thread.name: victim
             -> thread.id: %!s(int64=1097233)
             -> cpu.logical_number: %!s(int64=2)
    Sample #20
        Values: []
        Attributes:
             -> thread.name: victim
             -> thread.id: %!s(int64=1097233)
             -> cpu.logical_number: %!s(int64=2)
    Sample #21
        Values: []
        Attributes:
             -> thread.name: victim
             -> thread.id: %!s(int64=1097233)
             -> cpu.logical_number: %!s(int64=2)
    Sample #22
        Values: []
        Attributes:
             -> thread.name: victim
             -> thread.id: %!s(int64=1097233)
             -> cpu.logical_number: %!s(int64=2)
    Sample #23
        Values: []
        Attributes:
             -> thread.name: victim
             -> thread.id: %!s(int64=1097233)
             -> cpu.logical_number: %!s(int64=2)
    Sample #24
        Values: []
        Attributes:
             -> thread.name: victim
             -> thread.id: %!s(int64=1097233)
             -> cpu.logical_number: %!s(int64=2)
    Sample #25
        Values: []
        Attributes:
             -> thread.name: victim
             -> thread.id: %!s(int64=1097233)
             -> cpu.logical_number: %!s(int64=2)
    Sample #26
        Values: []
        Attributes:
             -> thread.name: victim
             -> thread.id: %!s(int64=1097233)
             -> cpu.logical_number: %!s(int64=2)
    Sample #27
        Values: []
        Attributes:
             -> thread.name: victim
             -> thread.id: %!s(int64=1097233)
             -> cpu.logical_number: %!s(int64=2)
    Sample #28
        Values: []
        Attributes:
             -> thread.name: victim
             -> thread.id: %!s(int64=1097233)
             -> cpu.logical_number: %!s(int64=2)
    Sample #29
        Values: []
        Attributes:
             -> thread.name: victim
             -> thread.id: %!s(int64=1097233)
             -> cpu.logical_number: %!s(int64=2)
    Sample #30
        Values: []
        Attributes:
             -> thread.name: victim
             -> thread.id: %!s(int64=1097233)
             -> cpu.logical_number: %!s(int64=2)
ResourceProfiles #3
Resource SchemaURL: https://opentelemetry.io/schemas/1.37.0
Resource attributes:
     -> process.pid: Int(620)
ScopeProfiles #0
ScopeProfiles SchemaURL: https://opentelemetry.io/schemas/1.37.0
InstrumentationScope go.opentelemetry.io/ebpf-profiler v0.0.0
Profile #0
    Profile ID     : 
    Start time     : 2026-06-21 18:35:45.23598213 +0000 UTC
    DurationNano   : 5178050630
    Dropped attributes count: 0
    Sample #0
        Values: []
        Attributes:
             -> thread.name: jbd2/nvme0n1p2-
             -> thread.id: %!s(int64=620)
             -> cpu.logical_number: %!s(int64=10)
ResourceProfiles #4
Resource SchemaURL: https://opentelemetry.io/schemas/1.37.0
Resource attributes:
     -> process.pid: Int(1097254)
     -> process.executable.path: Str(/home/fishclaw/.nvm/versions/node/v22.22.0/bin/node)
     -> process.executable.name: Str(node)
ScopeProfiles #0
ScopeProfiles SchemaURL: https://opentelemetry.io/schemas/1.37.0
InstrumentationScope go.opentelemetry.io/ebpf-profiler v0.0.0
Profile #0
    Profile ID     : 
    Start time     : 2026-06-21 18:35:45.23598213 +0000 UTC
    DurationNano   : 5178050630
    Dropped attributes count: 0
    Sample #0
        Values: []
        Attributes:
             -> thread.name: node
             -> thread.id: %!s(int64=1097256)
             -> cpu.logical_number: %!s(int64=20)
    Sample #1
        Values: []
        Attributes:
             -> thread.name: node
             -> thread.id: %!s(int64=1097254)
             -> cpu.logical_number: %!s(int64=4)
    Sample #2
        Values: []
        Attributes:
             -> thread.name: node
             -> thread.id: %!s(int64=1097257)
             -> cpu.logical_number: %!s(int64=21)
    Sample #3
        Values: []
        Attributes:
             -> thread.name: node
             -> thread.id: %!s(int64=1097254)
             -> cpu.logical_number: %!s(int64=4)
    Sample #4
        Values: []
        Attributes:
             -> thread.name: node
             -> thread.id: %!s(int64=1097254)
             -> cpu.logical_number: %!s(int64=4)
    Sample #5
        Values: []
        Attributes:
             -> thread.name: node
             -> thread.id: %!s(int64=1097254)
             -> cpu.logical_number: %!s(int64=4)
    Sample #6
        Values: []
        Attributes:
             -> thread.name: node
             -> thread.id: %!s(int64=1097254)
             -> cpu.logical_number: %!s(int64=4)
    Sample #7
        Values: []
        Attributes:
             -> thread.name: node
             -> thread.id: %!s(int64=1097257)
             -> cpu.logical_number: %!s(int64=21)
    Sample #8
        Values: []
        Attributes:
             -> thread.name: node
             -> thread.id: %!s(int64=1097258)
             -> cpu.logical_number: %!s(int64=15)
    Sample #9
        Values: []
        Attributes:
             -> thread.name: node
             -> thread.id: %!s(int64=1097258)
             -> cpu.logical_number: %!s(int64=15)
    Sample #10
        Values: []
        Attributes:
             -> thread.name: node
             -> thread.id: %!s(int64=1097254)
             -> cpu.logical_number: %!s(int64=4)
    Sample #11
        Values: []
        Attributes:
             -> thread.name: node
             -> thread.id: %!s(int64=1097258)
             -> cpu.logical_number: %!s(int64=15)
    Sample #12
        Values: []
        Attributes:
             -> thread.name: node
             -> thread.id: %!s(int64=1097254)
             -> cpu.logical_number: %!s(int64=4)
    Sample #13
        Values: []
        Attributes:
             -> thread.name: node
             -> thread.id: %!s(int64=1097256)
             -> cpu.logical_number: %!s(int64=20)
    Sample #14
        Values: []
        Attributes:
             -> thread.name: node
             -> thread.id: %!s(int64=1097254)
             -> cpu.logical_number: %!s(int64=4)
    Sample #15
        Values: []
        Attributes:
             -> thread.name: node
             -> thread.id: %!s(int64=1097254)
             -> cpu.logical_number: %!s(int64=4)
    Sample #16
        Values: []
        Attributes:
             -> thread.name: node
             -> thread.id: %!s(int64=1097259)
             -> cpu.logical_number: %!s(int64=16)
    Sample #17
        Values: []
        Attributes:
             -> thread.name: node
             -> thread.id: %!s(int64=1097254)
             -> cpu.logical_number: %!s(int64=4)
    Sample #18
        Values: []
        Attributes:
             -> thread.name: node
             -> thread.id: %!s(int64=1097257)
             -> cpu.logical_number: %!s(int64=21)
    Sample #19
        Values: []
        Attributes:
             -> thread.name: node
             -> thread.id: %!s(int64=1097254)
             -> cpu.logical_number: %!s(int64=4)
    Sample #20
        Values: []
        Attributes:
             -> thread.name: node
             -> thread.id: %!s(int64=1097256)
             -> cpu.logical_number: %!s(int64=20)
    Sample #21
        Values: []
        Attributes:
             -> thread.name: node
             -> thread.id: %!s(int64=1097254)
             -> cpu.logical_number: %!s(int64=4)
    Sample #22
        Values: []
        Attributes:
             -> thread.name: node
             -> thread.id: %!s(int64=1097254)
             -> cpu.logical_number: %!s(int64=4)
    Sample #23
        Values: []
        Attributes:
             -> thread.name: node
             -> thread.id: %!s(int64=1097258)
             -> cpu.logical_number: %!s(int64=15)
    Sample #24
        Values: []
        Attributes:
             -> thread.name: node
             -> thread.id: %!s(int64=1097254)
             -> cpu.logical_number: %!s(int64=4)
    Sample #25
        Values: []
        Attributes:
             -> thread.name: node
             -> thread.id: %!s(int64=1097254)
             -> cpu.logical_number: %!s(int64=11)
    Sample #26
        Values: []
        Attributes:
             -> thread.name: node
             -> thread.id: %!s(int64=1097258)
             -> cpu.logical_number: %!s(int64=15)
    Sample #27
        Values: []
        Attributes:
             -> thread.name: node
             -> thread.id: %!s(int64=1097257)
             -> cpu.logical_number: %!s(int64=21)
    Sample #28
        Values: []
        Attributes:
             -> thread.name: node
             -> thread.id: %!s(int64=1097256)
             -> cpu.logical_number: %!s(int64=19)
    Sample #29
        Values: []
        Attributes:
             -> thread.name: node
             -> thread.id: %!s(int64=1097257)
             -> cpu.logical_number: %!s(int64=21)
    Sample #30
        Values: []
        Attributes:
             -> thread.name: node
             -> thread.id: %!s(int64=1097254)
             -> cpu.logical_number: %!s(int64=4)
    Sample #31
        Values: []
        Attributes:
             -> thread.name: node
             -> thread.id: %!s(int64=1097254)
             -> cpu.logical_number: %!s(int64=4)
    Sample #32
        Values: []
        Attributes:
             -> thread.name: node
             -> thread.id: %!s(int64=1097259)
             -> cpu.logical_number: %!s(int64=14)
    Sample #33
        Values: []
        Attributes:
             -> thread.name: node
             -> thread.id: %!s(int64=1097257)
             -> cpu.logical_number: %!s(int64=21)
    Sample #34
        Values: []
        Attributes:
             -> thread.name: node
             -> thread.id: %!s(int64=1097257)
             -> cpu.logical_number: %!s(int64=21)
    Sample #35
        Values: []
        Attributes:
             -> thread.name: node
             -> thread.id: %!s(int64=1097254)
             -> cpu.logical_number: %!s(int64=4)
    Sample #36
        Values: []
        Attributes:
             -> thread.name: node
             -> thread.id: %!s(int64=1097256)
             -> cpu.logical_number: %!s(int64=20)
    Sample #37
        Values: []
        Attributes:
             -> thread.name: node
             -> thread.id: %!s(int64=1097257)
             -> cpu.logical_number: %!s(int64=21)
    Sample #38
        Values: []
        Attributes:
             -> thread.name: node
             -> thread.id: %!s(int64=1097254)
             -> cpu.logical_number: %!s(int64=4)
    Sample #39
        Values: []
        Attributes:
             -> thread.name: node
             -> thread.id: %!s(int64=1097254)
             -> cpu.logical_number: %!s(int64=4)
    Sample #40
        Values: []
        Attributes:
             -> thread.name: node
             -> thread.id: %!s(int64=1097254)
             -> cpu.logical_number: %!s(int64=4)
    Sample #41
        Values: []
        Attributes:
             -> thread.name: node
             -> thread.id: %!s(int64=1097254)
             -> cpu.logical_number: %!s(int64=4)
ResourceProfiles #5
Resource SchemaURL: https://opentelemetry.io/schemas/1.37.0
Resource attributes:
     -> process.pid: Int(1097272)
     -> process.executable.path: Str(/usr/lib/llvm-18/bin/clang)
     -> process.executable.name: Str(clang)
ScopeProfiles #0
ScopeProfiles SchemaURL: https://opentelemetry.io/schemas/1.37.0
InstrumentationScope go.opentelemetry.io/ebpf-profiler v0.0.0
Profile #0
    Profile ID     : 
    Start time     : 2026-06-21 18:35:45.23598213 +0000 UTC
    DurationNano   : 5178050630
    Dropped attributes count: 0
    Sample #0
        Values: []
        Attributes:
             -> thread.name: clang
             -> thread.id: %!s(int64=1097272)
             -> cpu.logical_number: %!s(int64=1)
    Sample #1
        Values: []
        Attributes:
             -> thread.name: clang
             -> thread.id: %!s(int64=1097272)
             -> cpu.logical_number: %!s(int64=1)
    Sample #2
        Values: []
        Attributes:
             -> thread.name: clang
             -> thread.id: %!s(int64=1097272)
             -> cpu.logical_number: %!s(int64=1)
    Sample #3
        Values: []
        Attributes:
             -> thread.name: clang
             -> thread.id: %!s(int64=1097272)
             -> cpu.logical_number: %!s(int64=1)
    Sample #4
        Values: []
        Attributes:
             -> thread.name: clang
             -> thread.id: %!s(int64=1097272)
             -> cpu.logical_number: %!s(int64=1)
    Sample #5
        Values: []
        Attributes:
             -> thread.name: clang
             -> thread.id: %!s(int64=1097272)
             -> cpu.logical_number: %!s(int64=1)
    Sample #6
        Values: []
        Attributes:
             -> thread.name: clang
             -> thread.id: %!s(int64=1097272)
             -> cpu.logical_number: %!s(int64=1)
    Sample #7
        Values: []
        Attributes:
             -> thread.name: clang
             -> thread.id: %!s(int64=1097272)
             -> cpu.logical_number: %!s(int64=1)
    Sample #8
        Values: []
        Attributes:
             -> thread.name: clang
             -> thread.id: %!s(int64=1097272)
             -> cpu.logical_number: %!s(int64=1)
    Sample #9
        Values: []
        Attributes:
             -> thread.name: clang
             -> thread.id: %!s(int64=1097272)
             -> cpu.logical_number: %!s(int64=1)
    Sample #10
        Values: []
        Attributes:
             -> thread.name: clang
             -> thread.id: %!s(int64=1097272)
             -> cpu.logical_number: %!s(int64=1)
    Sample #11
        Values: []
        Attributes:
             -> thread.name: clang
             -> thread.id: %!s(int64=1097272)
             -> cpu.logical_number: %!s(int64=1)
    Sample #12
        Values: []
        Attributes:
             -> thread.name: clang
             -> thread.id: %!s(int64=1097272)
             -> cpu.logical_number: %!s(int64=1)
    Sample #13
        Values: []
        Attributes:
             -> thread.name: clang
             -> thread.id: %!s(int64=1097272)
             -> cpu.logical_number: %!s(int64=1)
    Sample #14
        Values: []
        Attributes:
             -> thread.name: clang
             -> thread.id: %!s(int64=1097272)
             -> cpu.logical_number: %!s(int64=1)
    Sample #15
        Values: []
        Attributes:
             -> thread.name: clang
             -> thread.id: %!s(int64=1097272)
             -> cpu.logical_number: %!s(int64=1)
    Sample #16
        Values: []
        Attributes:
             -> thread.name: clang
             -> thread.id: %!s(int64=1097272)
             -> cpu.logical_number: %!s(int64=1)
    Sample #17
        Values: []
        Attributes:
             -> thread.name: clang
             -> thread.id: %!s(int64=1097272)
             -> cpu.logical_number: %!s(int64=1)
    Sample #18
        Values: []
        Attributes:
             -> thread.name: clang
             -> thread.id: %!s(int64=1097272)
             -> cpu.logical_number: %!s(int64=1)
    Sample #19
        Values: []
        Attributes:
             -> thread.name: clang
             -> thread.id: %!s(int64=1097272)
             -> cpu.logical_number: %!s(int64=1)
    Sample #20
        Values: []
        Attributes:
             -> thread.name: clang
             -> thread.id: %!s(int64=1097272)
             -> cpu.logical_number: %!s(int64=1)
    Sample #21
        Values: []
        Attributes:
             -> thread.name: clang
             -> thread.id: %!s(int64=1097272)
             -> cpu.logical_number: %!s(int64=1)
    Sample #22
        Values: []
        Attributes:
             -> thread.name: clang
             -> thread.id: %!s(int64=1097272)
             -> cpu.logical_number: %!s(int64=1)
    Sample #23
        Values: []
        Attributes:
             -> thread.name: clang
             -> thread.id: %!s(int64=1097272)
             -> cpu.logical_number: %!s(int64=1)
    Sample #24
        Values: []
        Attributes:
             -> thread.name: clang
             -> thread.id: %!s(int64=1097272)
             -> cpu.logical_number: %!s(int64=1)
    Sample #25
        Values: []
        Attributes:
             -> thread.name: clang
             -> thread.id: %!s(int64=1097272)
             -> cpu.logical_number: %!s(int64=1)
    Sample #26
        Values: []
        Attributes:
             -> thread.name: clang
             -> thread.id: %!s(int64=1097272)
             -> cpu.logical_number: %!s(int64=1)
    Sample #27
        Values: []
        Attributes:
             -> thread.name: clang
             -> thread.id: %!s(int64=1097272)
             -> cpu.logical_number: %!s(int64=1)
ResourceProfiles #6
Resource SchemaURL: https://opentelemetry.io/schemas/1.37.0
Resource attributes:
     -> process.pid: Int(2711)
     -> process.executable.path: Str(/home/yunwei37/.cargo/bin/agentsight)
     -> process.executable.name: Str(agentsight)
ScopeProfiles #0
ScopeProfiles SchemaURL: https://opentelemetry.io/schemas/1.37.0
InstrumentationScope go.opentelemetry.io/ebpf-profiler v0.0.0
Profile #0
    Profile ID     : 
    Start time     : 2026-06-21 18:35:45.23598213 +0000 UTC
    DurationNano   : 5178050630
    Dropped attributes count: 0
    Sample #0
        Values: []
        Attributes:
             -> thread.name: agentsight
             -> thread.id: %!s(int64=2711)
             -> cpu.logical_number: %!s(int64=0)
    Sample #1
        Values: []
        Attributes:
             -> thread.name: agentsight
             -> thread.id: %!s(int64=2711)
             -> cpu.logical_number: %!s(int64=0)
    Sample #2
        Values: []
        Attributes:
             -> thread.name: agentsight
             -> thread.id: %!s(int64=2711)
             -> cpu.logical_number: %!s(int64=0)
    Sample #3
        Values: []
        Attributes:
             -> thread.name: agentsight
             -> thread.id: %!s(int64=2711)
             -> cpu.logical_number: %!s(int64=0)
    Sample #4
        Values: []
        Attributes:
             -> thread.name: agentsight
             -> thread.id: %!s(int64=2711)
             -> cpu.logical_number: %!s(int64=0)
    Sample #5
        Values: []
        Attributes:
             -> thread.name: agentsight
             -> thread.id: %!s(int64=2711)
             -> cpu.logical_number: %!s(int64=0)
    Sample #6
        Values: []
        Attributes:
             -> thread.name: agentsight
             -> thread.id: %!s(int64=2711)
             -> cpu.logical_number: %!s(int64=0)
    Sample #7
        Values: []
        Attributes:
             -> thread.name: agentsight
             -> thread.id: %!s(int64=2711)
             -> cpu.logical_number: %!s(int64=0)
    Sample #8
        Values: []
        Attributes:
             -> thread.name: agentsight
             -> thread.id: %!s(int64=2711)
             -> cpu.logical_number: %!s(int64=0)
    Sample #9
        Values: []
        Attributes:
             -> thread.name: agentsight
             -> thread.id: %!s(int64=2711)
             -> cpu.logical_number: %!s(int64=0)
    Sample #10
        Values: []
        Attributes:
             -> thread.name: agentsight
             -> thread.id: %!s(int64=2711)
             -> cpu.logical_number: %!s(int64=0)
    Sample #11
        Values: []
        Attributes:
             -> thread.name: agentsight
             -> thread.id: %!s(int64=2711)
             -> cpu.logical_number: %!s(int64=0)
    Sample #12
        Values: []
        Attributes:
             -> thread.name: agentsight
             -> thread.id: %!s(int64=2711)
             -> cpu.logical_number: %!s(int64=0)
    Sample #13
        Values: []
        Attributes:
             -> thread.name: agentsight
             -> thread.id: %!s(int64=2711)
             -> cpu.logical_number: %!s(int64=0)
    Sample #14
        Values: []
        Attributes:
             -> thread.name: agentsight
             -> thread.id: %!s(int64=2711)
             -> cpu.logical_number: %!s(int64=0)
    Sample #15
        Values: []
        Attributes:
             -> thread.name: agentsight
             -> thread.id: %!s(int64=2711)
             -> cpu.logical_number: %!s(int64=0)
    Sample #16
        Values: []
        Attributes:
             -> thread.name: agentsight
             -> thread.id: %!s(int64=2711)
             -> cpu.logical_number: %!s(int64=0)
ResourceProfiles #7
Resource SchemaURL: https://opentelemetry.io/schemas/1.37.0
Resource attributes:
     -> process.pid: Int(1097117)
     -> process.executable.path: Str(/tmp/opentelemetry-ebpf-profiler/otelcol-ebpf-profiler)
     -> process.executable.name: Str(otelcol-ebpf-profiler)
ScopeProfiles #0
ScopeProfiles SchemaURL: https://opentelemetry.io/schemas/1.37.0
InstrumentationScope go.opentelemetry.io/ebpf-profiler v0.0.0
Profile #0
    Profile ID     : 
    Start time     : 2026-06-21 18:35:45.23598213 +0000 UTC
    DurationNano   : 5178050630
    Dropped attributes count: 0
    Sample #0
        Values: []
        Attributes:
             -> thread.name: otelcol-ebpf-pr
             -> thread.id: %!s(int64=1097127)
             -> cpu.logical_number: %!s(int64=3)
    Sample #1
        Values: []
        Attributes:
             -> thread.name: otelcol-ebpf-pr
             -> thread.id: %!s(int64=1097160)
             -> cpu.logical_number: %!s(int64=18)
    Sample #2
        Values: []
        Attributes:
             -> thread.name: otelcol-ebpf-pr
             -> thread.id: %!s(int64=1097160)
             -> cpu.logical_number: %!s(int64=5)
    Sample #3
        Values: []
        Attributes:
             -> thread.name: otelcol-ebpf-pr
             -> thread.id: %!s(int64=1097166)
             -> cpu.logical_number: %!s(int64=7)
    Sample #4
        Values: []
        Attributes:
             -> thread.name: otelcol-ebpf-pr
             -> thread.id: %!s(int64=1097159)
             -> cpu.logical_number: %!s(int64=5)
    Sample #5
        Values: []
        Attributes:
             -> thread.name: otelcol-ebpf-pr
             -> thread.id: %!s(int64=1097160)
             -> cpu.logical_number: %!s(int64=5)
    Sample #6
        Values: []
        Attributes:
             -> thread.name: otelcol-ebpf-pr
             -> thread.id: %!s(int64=1097160)
             -> cpu.logical_number: %!s(int64=5)
    Sample #7
        Values: []
        Attributes:
             -> thread.name: otelcol-ebpf-pr
             -> thread.id: %!s(int64=1097160)
             -> cpu.logical_number: %!s(int64=5)
    Sample #8
        Values: []
        Attributes:
             -> thread.name: otelcol-ebpf-pr
             -> thread.id: %!s(int64=1097160)
             -> cpu.logical_number: %!s(int64=3)
    Sample #9
        Values: []
        Attributes:
             -> thread.name: otelcol-ebpf-pr
             -> thread.id: %!s(int64=1097159)
             -> cpu.logical_number: %!s(int64=5)
    Sample #10
        Values: []
        Attributes:
             -> thread.name: otelcol-ebpf-pr
             -> thread.id: %!s(int64=1097157)
             -> cpu.logical_number: %!s(int64=21)
    Sample #11
        Values: []
        Attributes:
             -> thread.name: otelcol-ebpf-pr
             -> thread.id: %!s(int64=1097152)
             -> cpu.logical_number: %!s(int64=8)
    Sample #12
        Values: []
        Attributes:
             -> thread.name: otelcol-ebpf-pr
             -> thread.id: %!s(int64=1097160)
             -> cpu.logical_number: %!s(int64=5)
    Sample #13
        Values: []
        Attributes:
             -> thread.name: otelcol-ebpf-pr
             -> thread.id: %!s(int64=1097166)
             -> cpu.logical_number: %!s(int64=7)
    Sample #14
        Values: []
        Attributes:
             -> thread.name: otelcol-ebpf-pr
             -> thread.id: %!s(int64=1097160)
             -> cpu.logical_number: %!s(int64=3)
    Sample #15
        Values: []
        Attributes:
             -> thread.name: otelcol-ebpf-pr
             -> thread.id: %!s(int64=1097127)
             -> cpu.logical_number: %!s(int64=4)
    Sample #16
        Values: []
        Attributes:
             -> thread.name: otelcol-ebpf-pr
             -> thread.id: %!s(int64=1097159)
             -> cpu.logical_number: %!s(int64=5)
    Sample #17
        Values: []
        Attributes:
             -> thread.name: otelcol-ebpf-pr
             -> thread.id: %!s(int64=1097127)
             -> cpu.logical_number: %!s(int64=4)
    Sample #18
        Values: []
        Attributes:
             -> thread.name: otelcol-ebpf-pr
             -> thread.id: %!s(int64=1097127)
             -> cpu.logical_number: %!s(int64=4)
    Sample #19
        Values: []
        Attributes:
             -> thread.name: otelcol-ebpf-pr
             -> thread.id: %!s(int64=1097157)
             -> cpu.logical_number: %!s(int64=21)
    Sample #20
        Values: []
        Attributes:
             -> thread.name: otelcol-ebpf-pr
             -> thread.id: %!s(int64=1097159)
             -> cpu.logical_number: %!s(int64=5)
ResourceProfiles #8
Resource SchemaURL: https://opentelemetry.io/schemas/1.37.0
Resource attributes:
     -> process.pid: Int(1097207)
     -> process.executable.path: Str(/usr/bin/timeout)
     -> process.executable.name: Str(timeout)
ScopeProfiles #0
ScopeProfiles SchemaURL: https://opentelemetry.io/schemas/1.37.0
InstrumentationScope go.opentelemetry.io/ebpf-profiler v0.0.0
Profile #0
    Profile ID     : 
    Start time     : 2026-06-21 18:35:45.23598213 +0000 UTC
    DurationNano   : 5178050630
    Dropped attributes count: 0
    Sample #0
        Values: []
        Attributes:
             -> thread.name: timeout
             -> thread.id: %!s(int64=1097207)
             -> cpu.logical_number: %!s(int64=7)
    Sample #1
        Values: []
        Attributes:
             -> thread.name: timeout
             -> thread.id: %!s(int64=1097207)
             -> cpu.logical_number: %!s(int64=7)
    Sample #2
        Values: []
        Attributes:
             -> thread.name: timeout
             -> thread.id: %!s(int64=1097207)
             -> cpu.logical_number: %!s(int64=7)
    Sample #3
        Values: []
        Attributes:
             -> thread.name: timeout
             -> thread.id: %!s(int64=1097207)
             -> cpu.logical_number: %!s(int64=7)
    Sample #4
        Values: []
        Attributes:
             -> thread.name: timeout
             -> thread.id: %!s(int64=1097207)
             -> cpu.logical_number: %!s(int64=7)
ResourceProfiles #9
Resource SchemaURL: https://opentelemetry.io/schemas/1.37.0
Resource attributes:
     -> process.pid: Int(1096473)
ScopeProfiles #0
ScopeProfiles SchemaURL: https://opentelemetry.io/schemas/1.37.0
InstrumentationScope go.opentelemetry.io/ebpf-profiler v0.0.0
Profile #0
    Profile ID     : 
    Start time     : 2026-06-21 18:35:45.23598213 +0000 UTC
    DurationNano   : 5178050630
    Dropped attributes count: 0
    Sample #0
        Values: []
        Attributes:
             -> thread.name: kworker/5:1
             -> thread.id: %!s(int64=1096473)
             -> cpu.logical_number: %!s(int64=5)
ResourceProfiles #10
Resource SchemaURL: https://opentelemetry.io/schemas/1.37.0
Resource attributes:
     -> process.pid: Int(1097265)
     -> process.executable.path: Str(/usr/bin/python3.12)
     -> process.executable.name: Str(python3.12)
ScopeProfiles #0
ScopeProfiles SchemaURL: https://opentelemetry.io/schemas/1.37.0
InstrumentationScope go.opentelemetry.io/ebpf-profiler v0.0.0
Profile #0
    Profile ID     : 
    Start time     : 2026-06-21 18:35:45.23598213 +0000 UTC
    DurationNano   : 5178050630
    Dropped attributes count: 0
    Sample #0
        Values: []
        Attributes:
             -> thread.name: python3
             -> thread.id: %!s(int64=1097265)
             -> cpu.logical_number: %!s(int64=0)
	{"resource": {"service.instance.id": "24eafe71-670a-4845-a2e9-cd3bab728edc", "service.name": "otelcol-ebpf-profiler", "service.version": "dev"}, "otelcol.component.id": "debug", "otelcol.component.kind": "exporter", "otelcol.signal": "profiles"}
2026-06-21T11:35:55.418-0700	info	Profiles	{"resource": {"service.instance.id": "24eafe71-670a-4845-a2e9-cd3bab728edc", "service.name": "otelcol-ebpf-profiler", "service.version": "dev"}, "otelcol.component.id": "debug", "otelcol.component.kind": "exporter", "otelcol.signal": "profiles", "resource profiles": 7, "sample records": 148}
2026-06-21T11:35:55.419-0700	info	Mapping #0
    Memory start: 0
    Memory limit: 0
    File offset: 0
    File name: 0
    Attributes: []
Mapping #1
    Memory start: 0
    Memory limit: 0
    File offset: 0
    File name: 5
    Attributes: [1 2]
Mapping #2
    Memory start: 163840
    Memory limit: 1769472
    File offset: 163840
    File name: 20
    Attributes: [4]
Mapping #3
    Memory start: 14532608
    Memory limit: 21663744
    File offset: 14528512
    File name: 21
    Attributes: [6 7]
Mapping #4
    Memory start: 4096
    Memory limit: 8192
    File offset: 4096
    File name: 33
    Attributes: [11]
Mapping #5
    Memory start: 12804096
    Memory limit: 90595328
    File offset: 12804096
    File name: 34
    Attributes: [12 13]
Mapping #6
    Memory start: 0
    Memory limit: 0
    File offset: 0
    File name: 44
    Attributes: [17 18]
Mapping #7
    Memory start: 0
    Memory limit: 0
    File offset: 0
    File name: 56
    Attributes: [21 22]
Mapping #8
    Memory start: 0
    Memory limit: 61755392
    File offset: 0
    File name: 76
    Attributes: [23]
Mapping #9
    Memory start: 0
    Memory limit: 135168
    File offset: 0
    File name: 77
    Attributes: [24]
Mapping #10
    Memory start: 0
    Memory limit: 117968896
    File offset: 0
    File name: 78
    Attributes: [25 26]
Mapping #11
    Memory start: 4096
    Memory limit: 180224
    File offset: 4096
    File name: 94
    Attributes: [30]
Mapping #12
    Memory start: 667648
    Memory limit: 2093056
    File offset: 667648
    File name: 95
    Attributes: [31]
Mapping #13
    Memory start: 4194304
    Memory limit: 19996672
    File offset: 0
    File name: 114
    Attributes: [35 36]
Mapping #14
    Memory start: 14893056
    Memory limit: 53129216
    File offset: 10698752
    File name: 190
    Attributes: [46 47]
Mapping #15
    Memory start: 7925760
    Memory limit: 214024192
    File offset: 7925760
    File name: 257
    Attributes: [61]
Location #0
    Mapping index: 0
    Address: 0
    Attributes: []
Location #1
    Mapping index: 1
    Address: 8829671
    Line #0
        Function index: 1
        Line: 0
        Column: 0
    Attributes: [3]
Location #2
    Mapping index: 1
    Address: 8742495
    Line #0
        Function index: 2
        Line: 0
        Column: 0
    Attributes: [3]
Location #3
    Mapping index: 1
    Address: 8759131
    Line #0
        Function index: 3
        Line: 0
        Column: 0
    Attributes: [3]
Location #4
    Mapping index: 1
    Address: 8759932
    Line #0
        Function index: 4
        Line: 0
        Column: 0
    Attributes: [3]
Location #5
    Mapping index: 1
    Address: 8768674
    Line #0
        Function index: 5
        Line: 0
        Column: 0
    Attributes: [3]
Location #6
    Mapping index: 1
    Address: 8769506
    Line #0
        Function index: 6
        Line: 0
        Column: 0
    Attributes: [3]
Location #7
    Mapping index: 1
    Address: 8645642
    Line #0
        Function index: 7
        Line: 0
        Column: 0
    Attributes: [3]
Location #8
    Mapping index: 1
    Address: 8646977
    Line #0
        Function index: 8
        Line: 0
        Column: 0
    Attributes: [3]
Location #9
    Mapping index: 1
    Address: 3169995
    Line #0
        Function index: 9
        Line: 0
        Column: 0
    Attributes: [3]
Location #10
    Mapping index: 1
    Address: 22351549
    Line #0
        Function index: 10
        Line: 0
        Column: 0
    Attributes: [3]
Location #11
    Mapping index: 1
    Address: 298
    Line #0
        Function index: 11
        Line: 0
        Column: 0
    Attributes: [3]
Location #12
    Mapping index: 2
    Address: 1159700
    Attributes: [5]
Location #13
    Mapping index: 3
    Address: 21407709
    Attributes: [5]
Location #14
    Mapping index: 3
    Address: 21404792
    Attributes: [5]
Location #15
    Mapping index: 3
    Address: 15505417
    Attributes: [5]
Location #16
    Mapping index: 3
    Address: 15518022
    Attributes: [5]
Location #17
    Mapping index: 3
    Address: 15968003
    Attributes: [5]
Location #18
    Mapping index: 3
    Address: 15905384
    Attributes: [5]
Location #19
    Mapping index: 3
    Address: 16317066
    Attributes: [5]
Location #20
    Mapping index: 3
    Address: 15858770
    Attributes: [5]
Location #21
    Mapping index: 3
    Address: 16637480
    Attributes: [5]
Location #22
    Mapping index: 3
    Address: 21388591
    Attributes: [5]
Location #23
    Mapping index: 3
    Address: 16319364
    Attributes: [5]
Location #24
    Mapping index: 2
    Address: 172489
    Attributes: [5]
Location #25
    Mapping index: 2
    Address: 172682
    Attributes: [5]
Location #26
    Mapping index: 3
    Address: 14536356
    Attributes: [5]
Location #27
    Mapping index: 3
    Address: 15712655
    Attributes: [5]
Location #28
    Mapping index: 3
    Address: 16925696
    Attributes: [5]
Location #29
    Mapping index: 3
    Address: 16919781
    Attributes: [5]
Location #30
    Mapping index: 3
    Address: 15518371
    Attributes: [5]
Location #31
    Mapping index: 1
    Address: 20483795
    Line #0
        Function index: 12
        Line: 0
        Column: 0
    Attributes: [3]
Location #32
    Mapping index: 1
    Address: 20485590
    Line #0
        Function index: 13
        Line: 0
        Column: 0
    Attributes: [3]
Location #33
    Mapping index: 1
    Address: 8929613
    Line #0
        Function index: 14
        Line: 0
        Column: 0
    Attributes: [3]
Location #34
    Mapping index: 1
    Address: 8930316
    Line #0
        Function index: 15
        Line: 0
        Column: 0
    Attributes: [3]
Location #35
    Mapping index: 1
    Address: 9508389
    Line #0
        Function index: 16
        Line: 0
        Column: 0
    Attributes: [3]
Location #36
    Mapping index: 1
    Address: 8662554
    Line #0
        Function index: 17
        Line: 0
        Column: 0
    Attributes: [3]
Location #37
    Mapping index: 1
    Address: 8666654
    Line #0
        Function index: 18
        Line: 0
        Column: 0
    Attributes: [3]
Location #38
    Mapping index: 1
    Address: 8666824
    Line #0
        Function index: 19
        Line: 0
        Column: 0
    Attributes: [3]
Location #39
    Mapping index: 1
    Address: 3171795
    Line #0
        Function index: 9
        Line: 0
        Column: 0
    Attributes: [3]
Location #40
    Mapping index: 2
    Address: 1161929
    Attributes: [5]
Location #41
    Mapping index: 3
    Address: 21423134
    Attributes: [5]
Location #42
    Mapping index: 3
    Address: 21405096
    Attributes: [5]
Location #43
    Mapping index: 3
    Address: 15470474
    Attributes: [5]
Location #44
    Mapping index: 3
    Address: 15968283
    Attributes: [5]
Location #45
    Mapping index: 3
    Address: 16666598
    Attributes: [5]
Location #46
    Mapping index: 3
    Address: 15712897
    Attributes: [5]
Location #47
    Mapping index: 2
    Address: 695037
    Attributes: [5]
Location #48
    Mapping index: 2
    Address: 695513
    Attributes: [5]
Location #49
    Mapping index: 2
    Address: 703119
    Attributes: [5]
Location #50
    Mapping index: 2
    Address: 708676
    Attributes: [5]
Location #51
    Mapping index: 2
    Address: 713221
    Attributes: [5]
Location #52
    Mapping index: 3
    Address: 18694380
    Attributes: [5]
Location #53
    Mapping index: 3
    Address: 18694973
    Attributes: [5]
Location #54
    Mapping index: 3
    Address: 15511252
    Attributes: [5]
Location #55
    Mapping index: 3
    Address: 15518572
    Attributes: [5]
Location #56
    Mapping index: 2
    Address: 1607203
    Attributes: [5]
Location #57
    Mapping index: 3
    Address: 20667620
    Attributes: [5]
Location #58
    Mapping index: 3
    Address: 17038915
    Attributes: [5]
Location #59
    Mapping index: 3
    Address: 17034239
    Attributes: [5]
Location #60
    Mapping index: 3
    Address: 17030501
    Attributes: [5]
Location #61
    Mapping index: 3
    Address: 16919567
    Attributes: [5]
Location #62
    Mapping index: 3
    Address: 15732492
    Attributes: [5]
Location #63
    Mapping index: 3
    Address: 15223352
    Attributes: [5]
Location #64
    Mapping index: 3
    Address: 15718939
    Attributes: [5]
Location #65
    Mapping index: 3
    Address: 16919821
    Attributes: [5]
Location #66
    Mapping index: 2
    Address: 712155
    Attributes: [5]
Location #67
    Mapping index: 4
    Address: 4595
    Attributes: [5]
Location #68
    Mapping index: 5
    Address: 13745894
    Attributes: [5]
Location #69
    Mapping index: 4
    Address: 4756
    Attributes: [5]
Location #70
    Mapping index: 2
    Address: 700784
    Attributes: [5]
Location #71
    Mapping index: 2
    Address: 712141
    Attributes: [5]
Location #72
    Mapping index: 2
    Address: 710283
    Attributes: [5]
Location #73
    Mapping index: 4
    Address: 4612
    Attributes: [5]
Location #74
    Mapping index: 2
    Address: 710625
    Attributes: [5]
Location #75
    Mapping index: 2
    Address: 700924
    Attributes: [5]
Location #76
    Mapping index: 2
    Address: 710589
    Attributes: [5]
Location #77
    Mapping index: 1
    Address: 7772927
    Line #0
        Function index: 20
        Line: 0
        Column: 0
    Attributes: [3]
Location #78
    Mapping index: 1
    Address: 7775178
    Line #0
        Function index: 21
        Line: 0
        Column: 0
    Attributes: [3]
Location #79
    Mapping index: 1
    Address: 7776501
    Line #0
        Function index: 22
        Line: 0
        Column: 0
    Attributes: [3]
Location #80
    Mapping index: 1
    Address: 7777002
    Line #0
        Function index: 23
        Line: 0
        Column: 0
    Attributes: [3]
Location #81
    Mapping index: 1
    Address: 7778573
    Line #0
        Function index: 24
        Line: 0
        Column: 0
    Attributes: [3]
Location #82
    Mapping index: 1
    Address: 7779061
    Line #0
        Function index: 25
        Line: 0
        Column: 0
    Attributes: [3]
Location #83
    Mapping index: 1
    Address: 7779369
    Line #0
        Function index: 26
        Line: 0
        Column: 0
    Attributes: [3]
Location #84
    Mapping index: 1
    Address: 7846654
    Line #0
        Function index: 27
        Line: 0
        Column: 0
    Attributes: [3]
Location #85
    Mapping index: 1
    Address: 4210438
    Line #0
        Function index: 28
        Line: 0
        Column: 0
    Attributes: [3]
Location #86
    Mapping index: 6
    Address: 8860
    Line #0
        Function index: 29
        Line: 0
        Column: 0
    Attributes: [3]
Location #87
    Mapping index: 6
    Address: 8980
    Line #0
        Function index: 30
        Line: 0
        Column: 0
    Attributes: [3]
Location #88
    Mapping index: 6
    Address: 9117
    Line #0
        Function index: 31
        Line: 0
        Column: 0
    Attributes: [3]
Location #89
    Mapping index: 1
    Address: 8671657
    Line #0
        Function index: 32
        Line: 0
        Column: 0
    Attributes: [3]
Location #90
    Mapping index: 1
    Address: 8672292
    Line #0
        Function index: 33
        Line: 0
        Column: 0
    Attributes: [3]
Location #91
    Mapping index: 1
    Address: 4447452
    Line #0
        Function index: 34
        Line: 0
        Column: 0
    Attributes: [3]
Location #92
    Mapping index: 1
    Address: 4258140
    Line #0
        Function index: 35
        Line: 0
        Column: 0
    Attributes: [3]
Location #93
    Mapping index: 1
    Address: 4259043
    Line #0
        Function index: 36
        Line: 0
        Column: 0
    Attributes: [3]
Location #94
    Mapping index: 1
    Address: 4346454
    Line #0
        Function index: 37
        Line: 0
        Column: 0
    Attributes: [3]
Location #95
    Mapping index: 1
    Address: 3495015
    Line #0
        Function index: 38
        Line: 0
        Column: 0
    Attributes: [3]
Location #96
    Mapping index: 1
    Address: 22380821
    Line #0
        Function index: 39
        Line: 0
        Column: 0
    Attributes: [3]
Location #97
    Mapping index: 1
    Address: 22351561
    Line #0
        Function index: 10
        Line: 0
        Column: 0
    Attributes: [3]
Location #98
    Mapping index: 2
    Address: 1227027
    Attributes: [5]
Location #99
    Mapping index: 7
    Address: 1212510
    Line #0
        Function index: 40
        Line: 0
        Column: 0
    Attributes: [3]
Location #100
    Mapping index: 7
    Address: 2084926
    Line #0
        Function index: 41
        Line: 0
        Column: 0
    Attributes: [3]
Location #101
    Mapping index: 7
    Address: 3655742
    Line #0
        Function index: 42
        Line: 0
        Column: 0
    Attributes: [3]
Location #102
    Mapping index: 7
    Address: 3655927
    Line #0
        Function index: 43
        Line: 0
        Column: 0
    Attributes: [3]
Location #103
    Mapping index: 7
    Address: 2251423
    Line #0
        Function index: 44
        Line: 0
        Column: 0
    Attributes: [3]
Location #104
    Mapping index: 7
    Address: 2278901
    Line #0
        Function index: 45
        Line: 0
        Column: 0
    Attributes: [3]
Location #105
    Mapping index: 7
    Address: 2286898
    Line #0
        Function index: 46
        Line: 0
        Column: 0
    Attributes: [3]
Location #106
    Mapping index: 7
    Address: 3462881
    Line #0
        Function index: 47
        Line: 0
        Column: 0
    Attributes: [3]
Location #107
    Mapping index: 7
    Address: 3534442
    Line #0
        Function index: 48
        Line: 0
        Column: 0
    Attributes: [3]
Location #108
    Mapping index: 7
    Address: 2594585
    Line #0
        Function index: 49
        Line: 0
        Column: 0
    Attributes: [3]
Location #109
    Mapping index: 7
    Address: 520404
    Line #0
        Function index: 50
        Line: 0
        Column: 0
    Attributes: [3]
Location #110
    Mapping index: 7
    Address: 3767396
    Line #0
        Function index: 51
        Line: 0
        Column: 0
    Attributes: [3]
Location #111
    Mapping index: 7
    Address: 3787042
    Line #0
        Function index: 52
        Line: 0
        Column: 0
    Attributes: [3]
Location #112
    Mapping index: 7
    Address: 3269438
    Line #0
        Function index: 53
        Line: 0
        Column: 0
    Attributes: [3]
Location #113
    Mapping index: 7
    Address: 3816183
    Line #0
        Function index: 54
        Line: 0
        Column: 0
    Attributes: [3]
Location #114
    Mapping index: 7
    Address: 3817394
    Line #0
        Function index: 55
        Line: 0
        Column: 0
    Attributes: [3]
Location #115
    Mapping index: 7
    Address: 3819289
    Line #0
        Function index: 56
        Line: 0
        Column: 0
    Attributes: [3]
Location #116
    Mapping index: 7
    Address: 1231298
    Line #0
        Function index: 57
        Line: 0
        Column: 0
    Attributes: [3]
Location #117
    Mapping index: 7
    Address: 25862
    Line #0
        Function index: 58
        Line: 0
        Column: 0
    Attributes: [3]
Location #118
    Mapping index: 4
    Address: 4587
    Attributes: [5]
Location #119
    Mapping index: 4
    Address: 4368
    Attributes: [5]
Location #120
    Mapping index: 4
    Address: 4336
    Attributes: [5]
Location #121
    Mapping index: 8
    Address: 12152121
    Attributes: [5]
Location #122
    Mapping index: 8
    Address: 12121580
    Attributes: [5]
Location #123
    Mapping index: 8
    Address: 11857803
    Attributes: [5]
Location #124
    Mapping index: 8
    Address: 12998935
    Attributes: [5]
Location #125
    Mapping index: 8
    Address: 13000887
    Attributes: [5]
Location #126
    Mapping index: 8
    Address: 12300096
    Attributes: [5]
Location #127
    Mapping index: 8
    Address: 12477842
    Attributes: [5]
Location #128
    Mapping index: 8
    Address: 12473371
    Attributes: [5]
Location #129
    Mapping index: 8
    Address: 12446755
    Attributes: [5]
Location #130
    Mapping index: 8
    Address: 12446449
    Attributes: [5]
Location #131
    Mapping index: 8
    Address: 12849720
    Attributes: [5]
Location #132
    Mapping index: 8
    Address: 12842096
    Attributes: [5]
Location #133
    Mapping index: 8
    Address: 12840443
    Attributes: [5]
Location #134
    Mapping index: 8
    Address: 12876449
    Attributes: [5]
Location #135
    Mapping index: 8
    Address: 12845390
    Attributes: [5]
Location #136
    Mapping index: 8
    Address: 12857791
    Attributes: [5]
Location #137
    Mapping index: 8
    Address: 12843974
    Attributes: [5]
Location #138
    Mapping index: 8
    Address: 12855151
    Attributes: [5]
Location #139
    Mapping index: 8
    Address: 12846621
    Attributes: [5]
Location #140
    Mapping index: 8
    Address: 12855966
    Attributes: [5]
Location #141
    Mapping index: 8
    Address: 12859166
    Attributes: [5]
Location #142
    Mapping index: 8
    Address: 12846634
    Attributes: [5]
Location #143
    Mapping index: 8
    Address: 12849071
    Attributes: [5]
Location #144
    Mapping index: 8
    Address: 12842514
    Attributes: [5]
Location #145
    Mapping index: 8
    Address: 12880758
    Attributes: [5]
Location #146
    Mapping index: 8
    Address: 12992710
    Attributes: [5]
Location #147
    Mapping index: 8
    Address: 12243616
    Attributes: [5]
Location #148
    Mapping index: 8
    Address: 12988542
    Attributes: [5]
Location #149
    Mapping index: 8
    Address: 12986936
    Attributes: [5]
Location #150
    Mapping index: 8
    Address: 12983396
    Attributes: [5]
Location #151
    Mapping index: 8
    Address: 12975994
    Attributes: [5]
Location #152
    Mapping index: 8
    Address: 12153981
    Attributes: [5]
Location #153
    Mapping index: 8
    Address: 44066347
    Attributes: [5]
Location #154
    Mapping index: 8
    Address: 43528371
    Attributes: [5]
Location #155
    Mapping index: 8
    Address: 44574268
    Attributes: [5]
Location #156
    Mapping index: 9
    Address: 82989
    Attributes: [5]
Location #157
    Mapping index: 9
    Address: 71827
    Attributes: [5]
Location #158
    Mapping index: 8
    Address: 40057201
    Attributes: [5]
Location #159
    Mapping index: 10
    Address: 13565814
    Attributes: [5]
Location #160
    Mapping index: 8
    Address: 40055350
    Attributes: [5]
Location #161
    Mapping index: 8
    Address: 39826711
    Attributes: [5]
Location #162
    Mapping index: 8
    Address: 39827326
    Attributes: [5]
Location #163
    Mapping index: 8
    Address: 39943199
    Attributes: [5]
Location #164
    Mapping index: 9
    Address: 70123
    Attributes: [5]
Location #165
    Mapping index: 9
    Address: 123778
    Attributes: [5]
Location #166
    Mapping index: 9
    Address: 57940
    Attributes: [5]
Location #167
    Mapping index: 8
    Address: 14874273
    Attributes: [5]
Location #168
    Mapping index: 8
    Address: 26052100
    Attributes: [5]
Location #169
    Mapping index: 8
    Address: 26040190
    Attributes: [5]
Location #170
    Mapping index: 8
    Address: 25702382
    Attributes: [5]
Location #171
    Mapping index: 8
    Address: 25704184
    Attributes: [5]
Location #172
    Mapping index: 8
    Address: 25701744
    Attributes: [5]
Location #173
    Mapping index: 8
    Address: 25716363
    Attributes: [5]
Location #174
    Mapping index: 8
    Address: 12457660
    Attributes: [5]
Location #175
    Mapping index: 8
    Address: 12472775
    Attributes: [5]
Location #176
    Mapping index: 8
    Address: 12479832
    Attributes: [5]
Location #177
    Mapping index: 8
    Address: 31451840
    Attributes: [5]
Location #178
    Mapping index: 8
    Address: 31467129
    Attributes: [5]
Location #179
    Mapping index: 8
    Address: 31467860
    Attributes: [5]
Location #180
    Mapping index: 8
    Address: 31458516
    Attributes: [5]
Location #181
    Mapping index: 8
    Address: 31792418
    Attributes: [5]
Location #182
    Mapping index: 8
    Address: 31747072
    Attributes: [5]
Location #183
    Mapping index: 8
    Address: 31412916
    Attributes: [5]
Location #184
    Mapping index: 8
    Address: 32809296
    Attributes: [5]
Location #185
    Mapping index: 8
    Address: 32826406
    Attributes: [5]
Location #186
    Mapping index: 8
    Address: 32809930
    Attributes: [5]
Location #187
    Mapping index: 8
    Address: 32811472
    Attributes: [5]
Location #188
    Mapping index: 8
    Address: 32809074
    Attributes: [5]
Location #189
    Mapping index: 8
    Address: 32814493
    Attributes: [5]
Location #190
    Mapping index: 8
    Address: 32810192
    Attributes: [5]
Location #191
    Mapping index: 8
    Address: 32818003
    Attributes: [5]
Location #192
    Mapping index: 8
    Address: 32810000
    Attributes: [5]
Location #193
    Mapping index: 8
    Address: 32814261
    Attributes: [5]
Location #194
    Mapping index: 8
    Address: 32811934
    Attributes: [5]
Location #195
    Mapping index: 8
    Address: 32855947
    Attributes: [5]
Location #196
    Mapping index: 8
    Address: 33219907
    Attributes: [5]
Location #197
    Mapping index: 8
    Address: 33222747
    Attributes: [5]
Location #198
    Mapping index: 8
    Address: 33360877
    Attributes: [5]
Location #199
    Mapping index: 8
    Address: 33333387
    Attributes: [5]
Location #200
    Mapping index: 8
    Address: 33279570
    Attributes: [5]
Location #201
    Mapping index: 8
    Address: 33270252
    Attributes: [5]
Location #202
    Mapping index: 8
    Address: 33987851
    Attributes: [5]
Location #203
    Mapping index: 8
    Address: 33158374
    Attributes: [5]
Location #204
    Mapping index: 8
    Address: 12153813
    Attributes: [5]
Location #205
    Mapping index: 8
    Address: 10881472
    Attributes: [5]
Location #206
    Mapping index: 8
    Address: 10867037
    Attributes: [5]
Location #207
    Mapping index: 8
    Address: 10888869
    Attributes: [5]
Location #208
    Mapping index: 8
    Address: 10662882
    Attributes: [5]
Location #209
    Mapping index: 8
    Address: 21665519
    Attributes: [5]
Location #210
    Mapping index: 8
    Address: 21657625
    Attributes: [5]
Location #211
    Mapping index: 8
    Address: 21608286
    Attributes: [5]
Location #212
    Mapping index: 8
    Address: 21609214
    Attributes: [5]
Location #213
    Mapping index: 8
    Address: 21618928
    Attributes: [5]
Location #214
    Mapping index: 8
    Address: 25240858
    Attributes: [5]
Location #215
    Mapping index: 8
    Address: 27251010
    Attributes: [5]
Location #216
    Mapping index: 8
    Address: 12852079
    Attributes: [5]
Location #217
    Mapping index: 8
    Address: 12845362
    Attributes: [5]
Location #218
    Mapping index: 8
    Address: 34520588
    Attributes: [5]
Location #219
    Mapping index: 8
    Address: 34529054
    Attributes: [5]
Location #220
    Mapping index: 8
    Address: 34530968
    Attributes: [5]
Location #221
    Mapping index: 8
    Address: 34552201
    Attributes: [5]
Location #222
    Mapping index: 8
    Address: 34530910
    Attributes: [5]
Location #223
    Mapping index: 8
    Address: 34538245
    Attributes: [5]
Location #224
    Mapping index: 8
    Address: 34542007
    Attributes: [5]
Location #225
    Mapping index: 8
    Address: 34543475
    Attributes: [5]
Location #226
    Mapping index: 8
    Address: 34500859
    Attributes: [5]
Location #227
    Mapping index: 8
    Address: 34328029
    Attributes: [5]
Location #228
    Mapping index: 8
    Address: 20281145
    Attributes: [5]
Location #229
    Mapping index: 8
    Address: 20924482
    Attributes: [5]
Location #230
    Mapping index: 8
    Address: 22667700
    Attributes: [5]
Location #231
    Mapping index: 8
    Address: 12880861
    Attributes: [5]
Location #232
    Mapping index: 8
    Address: 12122514
    Attributes: [5]
Location #233
    Mapping index: 8
    Address: 12476992
    Attributes: [5]
Location #234
    Mapping index: 8
    Address: 12453172
    Attributes: [5]
Location #235
    Mapping index: 8
    Address: 12482091
    Attributes: [5]
Location #236
    Mapping index: 8
    Address: 12449405
    Attributes: [5]
Location #237
    Mapping index: 8
    Address: 12446923
    Attributes: [5]
Location #238
    Mapping index: 8
    Address: 18106617
    Attributes: [5]
Location #239
    Mapping index: 8
    Address: 24146777
    Attributes: [5]
Location #240
    Mapping index: 8
    Address: 24050377
    Attributes: [5]
Location #241
    Mapping index: 8
    Address: 24181660
    Attributes: [5]
Location #242
    Mapping index: 8
    Address: 23974377
    Attributes: [5]
Location #243
    Mapping index: 8
    Address: 12451436
    Attributes: [5]
Location #244
    Mapping index: 8
    Address: 12878660
    Attributes: [5]
Location #245
    Mapping index: 8
    Address: 12854687
    Attributes: [5]
Location #246
    Mapping index: 8
    Address: 18109072
    Attributes: [5]
Location #247
    Mapping index: 8
    Address: 20920835
    Attributes: [5]
Location #248
    Mapping index: 8
    Address: 20917542
    Attributes: [5]
Location #249
    Mapping index: 8
    Address: 24050308
    Attributes: [5]
Location #250
    Mapping index: 8
    Address: 12450925
    Attributes: [5]
Location #251
    Mapping index: 8
    Address: 12496793
    Attributes: [5]
Location #252
    Mapping index: 8
    Address: 12458390
    Attributes: [5]
Location #253
    Mapping index: 8
    Address: 12251385
    Attributes: [5]
Location #254
    Mapping index: 8
    Address: 12240145
    Attributes: [5]
Location #255
    Mapping index: 8
    Address: 12237396
    Attributes: [5]
Location #256
    Mapping index: 8
    Address: 12236187
    Attributes: [5]
Location #257
    Mapping index: 8
    Address: 12843229
    Attributes: [5]
Location #258
    Mapping index: 8
    Address: 10634592
    Attributes: [5]
Location #259
    Mapping index: 8
    Address: 10662503
    Attributes: [5]
Location #260
    Mapping index: 8
    Address: 21634453
    Attributes: [5]
Location #261
    Mapping index: 8
    Address: 24051962
    Attributes: [5]
Location #262
    Mapping index: 8
    Address: 15247309
    Attributes: [5]
Location #263
    Mapping index: 8
    Address: 30917439
    Attributes: [5]
Location #264
    Mapping index: 8
    Address: 31747169
    Attributes: [5]
Location #265
    Mapping index: 8
    Address: 31843594
    Attributes: [5]
Location #266
    Mapping index: 8
    Address: 31747180
    Attributes: [5]
Location #267
    Mapping index: 8
    Address: 31844920
    Attributes: [5]
Location #268
    Mapping index: 8
    Address: 31826106
    Attributes: [5]
Location #269
    Mapping index: 8
    Address: 31783970
    Attributes: [5]
Location #270
    Mapping index: 8
    Address: 31761260
    Attributes: [5]
Location #271
    Mapping index: 8
    Address: 31838354
    Attributes: [5]
Location #272
    Mapping index: 8
    Address: 32852145
    Attributes: [5]
Location #273
    Mapping index: 8
    Address: 31799348
    Attributes: [5]
Location #274
    Mapping index: 8
    Address: 31792376
    Attributes: [5]
Location #275
    Mapping index: 8
    Address: 32813810
    Attributes: [5]
Location #276
    Mapping index: 10
    Address: 15298887
    Attributes: [5]
Location #277
    Mapping index: 10
    Address: 15296521
    Attributes: [5]
Location #278
    Mapping index: 10
    Address: 15255566
    Attributes: [5]
Location #279
    Mapping index: 10
    Address: 15276457
    Attributes: [5]
Location #280
    Mapping index: 10
    Address: 26282164
    Attributes: [5]
Location #281
    Mapping index: 10
    Address: 15932129
    Attributes: [5]
Location #282
    Mapping index: 10
    Address: 31174947
    Attributes: [5]
Location #283
    Mapping index: 10
    Address: 66351253
    Attributes: [5]
Location #284
    Mapping index: 10
    Address: 15922512
    Attributes: [5]
Location #285
    Mapping index: 10
    Address: 48840117
    Attributes: [5]
Location #286
    Mapping index: 10
    Address: 15936815
    Attributes: [5]
Location #287
    Mapping index: 10
    Address: 48839589
    Attributes: [5]
Location #288
    Mapping index: 10
    Address: 15917664
    Attributes: [5]
Location #289
    Mapping index: 8
    Address: 29488527
    Attributes: [5]
Location #290
    Mapping index: 8
    Address: 29454066
    Attributes: [5]
Location #291
    Mapping index: 8
    Address: 33159686
    Attributes: [5]
Location #292
    Mapping index: 8
    Address: 21716937
    Attributes: [5]
Location #293
    Mapping index: 8
    Address: 21608232
    Attributes: [5]
Location #294
    Mapping index: 8
    Address: 22628379
    Attributes: [5]
Location #295
    Mapping index: 8
    Address: 12251062
    Attributes: [5]
Location #296
    Mapping index: 8
    Address: 18086585
    Attributes: [5]
Location #297
    Mapping index: 8
    Address: 13114206
    Attributes: [5]
Location #298
    Mapping index: 8
    Address: 22633942
    Attributes: [5]
Location #299
    Mapping index: 8
    Address: 22629413
    Attributes: [5]
Location #300
    Mapping index: 1
    Address: 22448870
    Line #0
        Function index: 59
        Line: 0
        Column: 0
    Attributes: [3]
Location #301
    Mapping index: 1
    Address: 7807025
    Line #0
        Function index: 60
        Line: 0
        Column: 0
    Attributes: [3]
Location #302
    Mapping index: 1
    Address: 7812860
    Line #0
        Function index: 61
        Line: 0
        Column: 0
    Attributes: [3]
Location #303
    Mapping index: 1
    Address: 7813868
    Line #0
        Function index: 62
        Line: 0
        Column: 0
    Attributes: [3]
Location #304
    Mapping index: 1
    Address: 7815089
    Line #0
        Function index: 63
        Line: 0
        Column: 0
    Attributes: [3]
Location #305
    Mapping index: 1
    Address: 4005607
    Line #0
        Function index: 64
        Line: 0
        Column: 0
    Attributes: [3]
Location #306
    Mapping index: 1
    Address: 22379348
    Line #0
        Function index: 65
        Line: 0
        Column: 0
    Attributes: [3]
Location #307
    Mapping index: 1
    Address: 2998
    Line #0
        Function index: 66
        Line: 0
        Column: 0
    Attributes: [3]
Location #308
    Mapping index: 8
    Address: 20636784
    Attributes: [5]
Location #309
    Mapping index: 8
    Address: 20636457
    Attributes: [5]
Location #310
    Mapping index: 8
    Address: 20634361
    Attributes: [5]
Location #311
    Mapping index: 8
    Address: 20634453
    Attributes: [5]
Location #312
    Mapping index: 8
    Address: 20626859
    Attributes: [5]
Location #313
    Mapping index: 8
    Address: 22667394
    Attributes: [5]
Location #314
    Mapping index: 8
    Address: 11857754
    Attributes: [5]
Location #315
    Mapping index: 8
    Address: 12453483
    Attributes: [5]
Location #316
    Mapping index: 8
    Address: 15289540
    Attributes: [5]
Location #317
    Mapping index: 8
    Address: 34520566
    Attributes: [5]
Location #318
    Mapping index: 8
    Address: 34527874
    Attributes: [5]
Location #319
    Mapping index: 8
    Address: 34543153
    Attributes: [5]
Location #320
    Mapping index: 8
    Address: 34582638
    Attributes: [5]
Location #321
    Mapping index: 8
    Address: 34541840
    Attributes: [5]
Location #322
    Mapping index: 10
    Address: 27275292
    Attributes: [5]
Location #323
    Mapping index: 10
    Address: 27262969
    Attributes: [5]
Location #324
    Mapping index: 10
    Address: 31179928
    Attributes: [5]
Location #325
    Mapping index: 10
    Address: 31175437
    Attributes: [5]
Location #326
    Mapping index: 10
    Address: 27283867
    Attributes: [5]
Location #327
    Mapping index: 10
    Address: 27267443
    Attributes: [5]
Location #328
    Mapping index: 8
    Address: 13019317
    Attributes: [5]
Location #329
    Mapping index: 8
    Address: 15331218
    Attributes: [5]
Location #330
    Mapping index: 8
    Address: 21624030
    Attributes: [5]
Location #331
    Mapping index: 8
    Address: 21605638
    Attributes: [5]
Location #332
    Mapping index: 8
    Address: 24052924
    Attributes: [5]
Location #333
    Mapping index: 8
    Address: 20917797
    Attributes: [5]
Location #334
    Mapping index: 8
    Address: 23950596
    Attributes: [5]
Location #335
    Mapping index: 8
    Address: 25711721
    Attributes: [5]
Location #336
    Mapping index: 8
    Address: 25701853
    Attributes: [5]
Location #337
    Mapping index: 8
    Address: 34628493
    Attributes: [5]
Location #338
    Mapping index: 8
    Address: 34627776
    Attributes: [5]
Location #339
    Mapping index: 8
    Address: 20281413
    Attributes: [5]
Location #340
    Mapping index: 8
    Address: 17668926
    Attributes: [5]
Location #341
    Mapping index: 8
    Address: 17665451
    Attributes: [5]
Location #342
    Mapping index: 8
    Address: 25701963
    Attributes: [5]
Location #343
    Mapping index: 8
    Address: 10881479
    Attributes: [5]
Location #344
    Mapping index: 8
    Address: 21609817
    Attributes: [5]
Location #345
    Mapping index: 1
    Address: 22446911
    Line #0
        Function index: 67
        Line: 0
        Column: 0
    Attributes: [3]
Location #346
    Mapping index: 1
    Address: 8021496
    Line #0
        Function index: 68
        Line: 0
        Column: 0
    Attributes: [3]
Location #347
    Mapping index: 1
    Address: 8028738
    Line #0
        Function index: 69
        Line: 0
        Column: 0
    Attributes: [3]
Location #348
    Mapping index: 1
    Address: 8034381
    Line #0
        Function index: 70
        Line: 0
        Column: 0
    Attributes: [3]
Location #349
    Mapping index: 1
    Address: 8276607
    Line #0
        Function index: 71
        Line: 0
        Column: 0
    Attributes: [3]
Location #350
    Mapping index: 1
    Address: 8289146
    Line #0
        Function index: 72
        Line: 0
        Column: 0
    Attributes: [3]
Location #351
    Mapping index: 1
    Address: 7805836
    Line #0
        Function index: 73
        Line: 0
        Column: 0
    Attributes: [3]
Location #352
    Mapping index: 1
    Address: 7806887
    Line #0
        Function index: 60
        Line: 0
        Column: 0
    Attributes: [3]
Location #353
    Mapping index: 8
    Address: 10878941
    Attributes: [5]
Location #354
    Mapping index: 8
    Address: 10869706
    Attributes: [5]
Location #355
    Mapping index: 8
    Address: 11991304
    Attributes: [5]
Location #356
    Mapping index: 8
    Address: 12120515
    Attributes: [5]
Location #357
    Mapping index: 8
    Address: 12447178
    Attributes: [5]
Location #358
    Mapping index: 8
    Address: 33223866
    Attributes: [5]
Location #359
    Mapping index: 8
    Address: 33224023
    Attributes: [5]
Location #360
    Mapping index: 8
    Address: 32874050
    Attributes: [5]
Location #361
    Mapping index: 8
    Address: 32825266
    Attributes: [5]
Location #362
    Mapping index: 2
    Address: 695594
    Attributes: [5]
Location #363
    Mapping index: 2
    Address: 699812
    Attributes: [5]
Location #364
    Mapping index: 10
    Address: 26283574
    Attributes: [5]
Location #365
    Mapping index: 10
    Address: 15924885
    Attributes: [5]
Location #366
    Mapping index: 10
    Address: 15936992
    Attributes: [5]
Location #367
    Mapping index: 8
    Address: 21605138
    Attributes: [5]
Location #368
    Mapping index: 8
    Address: 21618914
    Attributes: [5]
Location #369
    Mapping index: 8
    Address: 11702089
    Attributes: [5]
Location #370
    Mapping index: 8
    Address: 24012896
    Attributes: [5]
Location #371
    Mapping index: 8
    Address: 12469500
    Attributes: [5]
Location #372
    Mapping index: 8
    Address: 12857198
    Attributes: [5]
Location #373
    Mapping index: 11
    Address: 96301
    Attributes: [5]
Location #374
    Mapping index: 10
    Address: 13958227
    Attributes: [5]
Location #375
    Mapping index: 8
    Address: 15348293
    Attributes: [5]
Location #376
    Mapping index: 8
    Address: 21435295
    Attributes: [5]
Location #377
    Mapping index: 8
    Address: 21419306
    Attributes: [5]
Location #378
    Mapping index: 8
    Address: 24095034
    Attributes: [5]
Location #379
    Mapping index: 8
    Address: 12482151
    Attributes: [5]
Location #380
    Mapping index: 8
    Address: 24088692
    Attributes: [5]
Location #381
    Mapping index: 8
    Address: 24111582
    Attributes: [5]
Location #382
    Mapping index: 8
    Address: 24117986
    Attributes: [5]
Location #383
    Mapping index: 8
    Address: 24162728
    Attributes: [5]
Location #384
    Mapping index: 8
    Address: 24051792
    Attributes: [5]
Location #385
    Mapping index: 8
    Address: 12840170
    Attributes: [5]
Location #386
    Mapping index: 8
    Address: 23992137
    Attributes: [5]
Location #387
    Mapping index: 8
    Address: 23990549
    Attributes: [5]
Location #388
    Mapping index: 8
    Address: 23990276
    Attributes: [5]
Location #389
    Mapping index: 8
    Address: 24007483
    Attributes: [5]
Location #390
    Mapping index: 8
    Address: 23999947
    Attributes: [5]
Location #391
    Mapping index: 8
    Address: 23965947
    Attributes: [5]
Location #392
    Mapping index: 8
    Address: 12476403
    Attributes: [5]
Location #393
    Mapping index: 8
    Address: 12448257
    Attributes: [5]
Location #394
    Mapping index: 8
    Address: 26051165
    Attributes: [5]
Location #395
    Mapping index: 8
    Address: 22426149
    Attributes: [5]
Location #396
    Mapping index: 8
    Address: 12999004
    Attributes: [5]
Location #397
    Mapping index: 8
    Address: 17663371
    Attributes: [5]
Location #398
    Mapping index: 8
    Address: 33223907
    Attributes: [5]
Location #399
    Mapping index: 10
    Address: 35084055
    Attributes: [5]
Location #400
    Mapping index: 10
    Address: 37450654
    Attributes: [5]
Location #401
    Mapping index: 10
    Address: 37436621
    Attributes: [5]
Location #402
    Mapping index: 10
    Address: 37437467
    Attributes: [5]
Location #403
    Mapping index: 10
    Address: 37437162
    Attributes: [5]
Location #404
    Mapping index: 10
    Address: 27541453
    Attributes: [5]
Location #405
    Mapping index: 10
    Address: 27519984
    Attributes: [5]
Location #406
    Mapping index: 10
    Address: 27504478
    Attributes: [5]
Location #407
    Mapping index: 10
    Address: 31503193
    Attributes: [5]
Location #408
    Mapping index: 10
    Address: 31501463
    Attributes: [5]
Location #409
    Mapping index: 10
    Address: 31497624
    Attributes: [5]
Location #410
    Mapping index: 10
    Address: 34801493
    Attributes: [5]
Location #411
    Mapping index: 10
    Address: 15814427
    Attributes: [5]
Location #412
    Mapping index: 10
    Address: 31261824
    Attributes: [5]
Location #413
    Mapping index: 10
    Address: 31206458
    Attributes: [5]
Location #414
    Mapping index: 10
    Address: 31192404
    Attributes: [5]
Location #415
    Mapping index: 10
    Address: 31176696
    Attributes: [5]
Location #416
    Mapping index: 8
    Address: 34562536
    Attributes: [5]
Location #417
    Mapping index: 8
    Address: 34525832
    Attributes: [5]
Location #418
    Mapping index: 8
    Address: 34551567
    Attributes: [5]
Location #419
    Mapping index: 8
    Address: 34529070
    Attributes: [5]
Location #420
    Mapping index: 8
    Address: 25703485
    Attributes: [5]
Location #421
    Mapping index: 8
    Address: 12142331
    Attributes: [5]
Location #422
    Mapping index: 8
    Address: 12141526
    Attributes: [5]
Location #423
    Mapping index: 8
    Address: 11964877
    Attributes: [5]
Location #424
    Mapping index: 8
    Address: 11992027
    Attributes: [5]
Location #425
    Mapping index: 8
    Address: 12847558
    Attributes: [5]
Location #426
    Mapping index: 8
    Address: 18101605
    Attributes: [5]
Location #427
    Mapping index: 8
    Address: 18101544
    Attributes: [5]
Location #428
    Mapping index: 8
    Address: 29329343
    Attributes: [5]
Location #429
    Mapping index: 8
    Address: 29363227
    Attributes: [5]
Location #430
    Mapping index: 8
    Address: 24094253
    Attributes: [5]
Location #431
    Mapping index: 8
    Address: 18124995
    Attributes: [5]
Location #432
    Mapping index: 8
    Address: 21411870
    Attributes: [5]
Location #433
    Mapping index: 8
    Address: 21414731
    Attributes: [5]
Location #434
    Mapping index: 8
    Address: 17664523
    Attributes: [5]
Location #435
    Mapping index: 8
    Address: 21731605
    Attributes: [5]
Location #436
    Mapping index: 8
    Address: 21731684
    Attributes: [5]
Location #437
    Mapping index: 8
    Address: 21722049
    Attributes: [5]
Location #438
    Mapping index: 8
    Address: 21618574
    Attributes: [5]
Location #439
    Mapping index: 8
    Address: 21618817
    Attributes: [5]
Location #440
    Mapping index: 8
    Address: 15245954
    Attributes: [5]
Location #441
    Mapping index: 8
    Address: 21609755
    Attributes: [5]
Location #442
    Mapping index: 8
    Address: 12142477
    Attributes: [5]
Location #443
    Mapping index: 8
    Address: 15446144
    Attributes: [5]
Location #444
    Mapping index: 8
    Address: 15355494
    Attributes: [5]
Location #445
    Mapping index: 8
    Address: 15498847
    Attributes: [5]
Location #446
    Mapping index: 8
    Address: 15701903
    Attributes: [5]
Location #447
    Mapping index: 8
    Address: 15356553
    Attributes: [5]
Location #448
    Mapping index: 8
    Address: 15705287
    Attributes: [5]
Location #449
    Mapping index: 8
    Address: 15346574
    Attributes: [5]
Location #450
    Mapping index: 8
    Address: 15347685
    Attributes: [5]
Location #451
    Mapping index: 8
    Address: 21616507
    Attributes: [5]
Location #452
    Mapping index: 8
    Address: 21618848
    Attributes: [5]
Location #453
    Mapping index: 8
    Address: 14707722
    Attributes: [5]
Location #454
    Mapping index: 8
    Address: 15249967
    Attributes: [5]
Location #455
    Mapping index: 8
    Address: 15250531
    Attributes: [5]
Location #456
    Mapping index: 8
    Address: 23990528
    Attributes: [5]
Location #457
    Mapping index: 8
    Address: 12853539
    Attributes: [5]
Location #458
    Mapping index: 8
    Address: 12478534
    Attributes: [5]
Location #459
    Mapping index: 8
    Address: 12143167
    Attributes: [5]
Location #460
    Mapping index: 8
    Address: 21030076
    Attributes: [5]
Location #461
    Mapping index: 8
    Address: 21028867
    Attributes: [5]
Location #462
    Mapping index: 8
    Address: 23949115
    Attributes: [5]
Location #463
    Mapping index: 8
    Address: 22428853
    Attributes: [5]
Location #464
    Mapping index: 8
    Address: 10881211
    Attributes: [5]
Location #465
    Mapping index: 8
    Address: 10881659
    Attributes: [5]
Location #466
    Mapping index: 8
    Address: 10662868
    Attributes: [5]
Location #467
    Mapping index: 8
    Address: 21616096
    Attributes: [5]
Location #468
    Mapping index: 8
    Address: 21716830
    Attributes: [5]
Location #469
    Mapping index: 8
    Address: 21716922
    Attributes: [5]
Location #470
    Mapping index: 8
    Address: 34562896
    Attributes: [5]
Location #471
    Mapping index: 8
    Address: 34562731
    Attributes: [5]
Location #472
    Mapping index: 8
    Address: 15380256
    Attributes: [5]
Location #473
    Mapping index: 8
    Address: 15780984
    Attributes: [5]
Location #474
    Mapping index: 8
    Address: 15377062
    Attributes: [5]
Location #475
    Mapping index: 8
    Address: 15356336
    Attributes: [5]
Location #476
    Mapping index: 8
    Address: 10884014
    Attributes: [5]
Location #477
    Mapping index: 8
    Address: 27251738
    Attributes: [5]
Location #478
    Mapping index: 8
    Address: 25240794
    Attributes: [5]
Location #479
    Mapping index: 8
    Address: 11965076
    Attributes: [5]
Location #480
    Mapping index: 8
    Address: 18092837
    Attributes: [5]
Location #481
    Mapping index: 8
    Address: 30728749
    Attributes: [5]
Location #482
    Mapping index: 8
    Address: 30787598
    Attributes: [5]
Location #483
    Mapping index: 8
    Address: 31535091
    Attributes: [5]
Location #484
    Mapping index: 8
    Address: 31530888
    Attributes: [5]
Location #485
    Mapping index: 8
    Address: 31814617
    Attributes: [5]
Location #486
    Mapping index: 8
    Address: 31495524
    Attributes: [5]
Location #487
    Mapping index: 8
    Address: 31494365
    Attributes: [5]
Location #488
    Mapping index: 8
    Address: 31813083
    Attributes: [5]
Location #489
    Mapping index: 8
    Address: 31456209
    Attributes: [5]
Location #490
    Mapping index: 8
    Address: 31451157
    Attributes: [5]
Location #491
    Mapping index: 8
    Address: 31450940
    Attributes: [5]
Location #492
    Mapping index: 8
    Address: 31464944
    Attributes: [5]
Location #493
    Mapping index: 8
    Address: 31466585
    Attributes: [5]
Location #494
    Mapping index: 8
    Address: 31818309
    Attributes: [5]
Location #495
    Mapping index: 8
    Address: 31298069
    Attributes: [5]
Location #496
    Mapping index: 8
    Address: 31308892
    Attributes: [5]
Location #497
    Mapping index: 8
    Address: 31290785
    Attributes: [5]
Location #498
    Mapping index: 8
    Address: 31289746
    Attributes: [5]
Location #499
    Mapping index: 8
    Address: 32811994
    Attributes: [5]
Location #500
    Mapping index: 8
    Address: 31410742
    Attributes: [5]
Location #501
    Mapping index: 8
    Address: 31411492
    Attributes: [5]
Location #502
    Mapping index: 8
    Address: 32856213
    Attributes: [5]
Location #503
    Mapping index: 10
    Address: 53863351
    Attributes: [5]
Location #504
    Mapping index: 10
    Address: 53916101
    Attributes: [5]
Location #505
    Mapping index: 8
    Address: 20651305
    Attributes: [5]
Location #506
    Mapping index: 8
    Address: 12840576
    Attributes: [5]
Location #507
    Mapping index: 8
    Address: 10878949
    Attributes: [5]
Location #508
    Mapping index: 8
    Address: 12150453
    Attributes: [5]
Location #509
    Mapping index: 8
    Address: 12152107
    Attributes: [5]
Location #510
    Mapping index: 8
    Address: 12962171
    Attributes: [5]
Location #511
    Mapping index: 8
    Address: 12850257
    Attributes: [5]
Location #512
    Mapping index: 2
    Address: 1607197
    Attributes: [5]
Location #513
    Mapping index: 10
    Address: 13644606
    Attributes: [5]
Location #514
    Mapping index: 10
    Address: 13646253
    Attributes: [5]
Location #515
    Mapping index: 10
    Address: 14495071
    Attributes: [5]
Location #516
    Mapping index: 10
    Address: 14483588
    Attributes: [5]
Location #517
    Mapping index: 10
    Address: 14500419
    Attributes: [5]
Location #518
    Mapping index: 8
    Address: 31310906
    Attributes: [5]
Location #519
    Mapping index: 8
    Address: 30881723
    Attributes: [5]
Location #520
    Mapping index: 8
    Address: 30878844
    Attributes: [5]
Location #521
    Mapping index: 8
    Address: 30886805
    Attributes: [5]
Location #522
    Mapping index: 8
    Address: 30835748
    Attributes: [5]
Location #523
    Mapping index: 8
    Address: 32811493
    Attributes: [5]
Location #524
    Mapping index: 12
    Address: 1534396
    Attributes: [5]
Location #525
    Mapping index: 10
    Address: 15460278
    Attributes: [5]
Location #526
    Mapping index: 10
    Address: 15439216
    Attributes: [5]
Location #527
    Mapping index: 10
    Address: 15449459
    Attributes: [5]
Location #528
    Mapping index: 10
    Address: 15487266
    Attributes: [5]
Location #529
    Mapping index: 10
    Address: 31279776
    Attributes: [5]
Location #530
    Mapping index: 10
    Address: 31264132
    Attributes: [5]
Location #531
    Mapping index: 10
    Address: 14664324
    Attributes: [5]
Location #532
    Mapping index: 10
    Address: 15536048
    Attributes: [5]
Location #533
    Mapping index: 10
    Address: 27256692
    Attributes: [5]
Location #534
    Mapping index: 10
    Address: 27252818
    Attributes: [5]
Location #535
    Mapping index: 10
    Address: 27239209
    Attributes: [5]
Location #536
    Mapping index: 10
    Address: 27237505
    Attributes: [5]
Location #537
    Mapping index: 10
    Address: 27242404
    Attributes: [5]
Location #538
    Mapping index: 10
    Address: 27424785
    Attributes: [5]
Location #539
    Mapping index: 10
    Address: 33406574
    Attributes: [5]
Location #540
    Mapping index: 10
    Address: 66251061
    Attributes: [5]
Location #541
    Mapping index: 8
    Address: 10881077
    Attributes: [5]
Location #542
    Mapping index: 8
    Address: 10635695
    Attributes: [5]
Location #543
    Mapping index: 8
    Address: 10662480
    Attributes: [5]
Location #544
    Mapping index: 8
    Address: 23992614
    Attributes: [5]
Location #545
    Mapping index: 8
    Address: 25715852
    Attributes: [5]
Location #546
    Mapping index: 1
    Address: 5168508
    Line #0
        Function index: 74
        Line: 0
        Column: 0
    Attributes: [3]
Location #547
    Mapping index: 1
    Address: 7805862
    Line #0
        Function index: 73
        Line: 0
        Column: 0
    Attributes: [3]
Location #548
    Mapping index: 8
    Address: 34505292
    Attributes: [5]
Location #549
    Mapping index: 8
    Address: 34529658
    Attributes: [5]
Location #550
    Mapping index: 8
    Address: 34324311
    Attributes: [5]
Location #551
    Mapping index: 8
    Address: 34324385
    Attributes: [5]
Location #552
    Mapping index: 8
    Address: 34323732
    Attributes: [5]
Location #553
    Mapping index: 8
    Address: 33222027
    Attributes: [5]
Location #554
    Mapping index: 10
    Address: 13880748
    Attributes: [5]
Location #555
    Mapping index: 10
    Address: 35232611
    Attributes: [5]
Location #556
    Mapping index: 10
    Address: 31502723
    Attributes: [5]
Location #557
    Mapping index: 8
    Address: 21390949
    Attributes: [5]
Location #558
    Mapping index: 8
    Address: 25716118
    Attributes: [5]
Location #559
    Mapping index: 8
    Address: 11997298
    Attributes: [5]
Location #560
    Mapping index: 8
    Address: 11989376
    Attributes: [5]
Location #561
    Mapping index: 8
    Address: 12875132
    Attributes: [5]
Location #562
    Mapping index: 10
    Address: 31200872
    Attributes: [5]
Location #563
    Mapping index: 10
    Address: 26899734
    Attributes: [5]
Location #564
    Mapping index: 10
    Address: 31498001
    Attributes: [5]
Location #565
    Mapping index: 10
    Address: 27265371
    Attributes: [5]
Location #566
    Mapping index: 10
    Address: 13301032
    Attributes: [5]
Location #567
    Mapping index: 10
    Address: 13646131
    Attributes: [5]
Location #568
    Mapping index: 8
    Address: 13113792
    Attributes: [5]
Location #569
    Mapping index: 8
    Address: 13141384
    Attributes: [5]
Location #570
    Mapping index: 8
    Address: 23952924
    Attributes: [5]
Location #571
    Mapping index: 8
    Address: 24036359
    Attributes: [5]
Location #572
    Mapping index: 8
    Address: 24030416
    Attributes: [5]
Location #573
    Mapping index: 8
    Address: 12460330
    Attributes: [5]
Location #574
    Mapping index: 8
    Address: 12121562
    Attributes: [5]
Location #575
    Mapping index: 8
    Address: 11997287
    Attributes: [5]
Location #576
    Mapping index: 8
    Address: 12453567
    Attributes: [5]
Location #577
    Mapping index: 1
    Address: 7743476
    Line #0
        Function index: 75
        Line: 0
        Column: 0
    Attributes: [3]
Location #578
    Mapping index: 1
    Address: 7815300
    Line #0
        Function index: 63
        Line: 0
        Column: 0
    Attributes: [3]
Location #579
    Mapping index: 8
    Address: 15249721
    Attributes: [5]
Location #580
    Mapping index: 8
    Address: 10918741
    Attributes: [5]
Location #581
    Mapping index: 8
    Address: 20893141
    Attributes: [5]
Location #582
    Mapping index: 8
    Address: 12185886
    Attributes: [5]
Location #583
    Mapping index: 8
    Address: 12480780
    Attributes: [5]
Location #584
    Mapping index: 8
    Address: 22628447
    Attributes: [5]
Location #585
    Mapping index: 8
    Address: 25704167
    Attributes: [5]
Location #586
    Mapping index: 8
    Address: 12497486
    Attributes: [5]
Location #587
    Mapping index: 8
    Address: 12479026
    Attributes: [5]
Location #588
    Mapping index: 8
    Address: 24109354
    Attributes: [5]
Location #589
    Mapping index: 8
    Address: 15291664
    Attributes: [5]
Location #590
    Mapping index: 8
    Address: 24052959
    Attributes: [5]
Location #591
    Mapping index: 8
    Address: 11702551
    Attributes: [5]
Location #592
    Mapping index: 11
    Address: 96308
    Attributes: [5]
Location #593
    Mapping index: 8
    Address: 10918755
    Attributes: [5]
Location #594
    Mapping index: 8
    Address: 17664527
    Attributes: [5]
Location #595
    Mapping index: 8
    Address: 20634185
    Attributes: [5]
Location #596
    Mapping index: 8
    Address: 21651595
    Attributes: [5]
Location #597
    Mapping index: 8
    Address: 24240668
    Attributes: [5]
Location #598
    Mapping index: 8
    Address: 24240874
    Attributes: [5]
Location #599
    Mapping index: 8
    Address: 12878783
    Attributes: [5]
Location #600
    Mapping index: 8
    Address: 12472797
    Attributes: [5]
Location #601
    Mapping index: 8
    Address: 34544871
    Attributes: [5]
Location #602
    Mapping index: 8
    Address: 34562795
    Attributes: [5]
Location #603
    Mapping index: 8
    Address: 34530030
    Attributes: [5]
Location #604
    Mapping index: 8
    Address: 29324315
    Attributes: [5]
Location #605
    Mapping index: 8
    Address: 15447628
    Attributes: [5]
Location #606
    Mapping index: 8
    Address: 15719702
    Attributes: [5]
Location #607
    Mapping index: 8
    Address: 15339542
    Attributes: [5]
Location #608
    Mapping index: 8
    Address: 15355574
    Attributes: [5]
Location #609
    Mapping index: 8
    Address: 15331579
    Attributes: [5]
Location #610
    Mapping index: 8
    Address: 15331321
    Attributes: [5]
Location #611
    Mapping index: 8
    Address: 24142996
    Attributes: [5]
Location #612
    Mapping index: 8
    Address: 24142310
    Attributes: [5]
Location #613
    Mapping index: 8
    Address: 24051101
    Attributes: [5]
Location #614
    Mapping index: 8
    Address: 20634376
    Attributes: [5]
Location #615
    Mapping index: 8
    Address: 20634560
    Attributes: [5]
Location #616
    Mapping index: 8
    Address: 20633901
    Attributes: [5]
Location #617
    Mapping index: 8
    Address: 20627509
    Attributes: [5]
Location #618
    Mapping index: 8
    Address: 10656706
    Attributes: [5]
Location #619
    Mapping index: 8
    Address: 10634645
    Attributes: [5]
Location #620
    Mapping index: 8
    Address: 21432185
    Attributes: [5]
Location #621
    Mapping index: 8
    Address: 21420344
    Attributes: [5]
Location #622
    Mapping index: 8
    Address: 34325269
    Attributes: [5]
Location #623
    Mapping index: 8
    Address: 34324546
    Attributes: [5]
Location #624
    Mapping index: 10
    Address: 15806702
    Attributes: [5]
Location #625
    Mapping index: 10
    Address: 15814689
    Attributes: [5]
Location #626
    Mapping index: 10
    Address: 31267735
    Attributes: [5]
Location #627
    Mapping index: 6
    Address: 548690
    Line #0
        Function index: 76
        Line: 0
        Column: 0
    Attributes: [3]
Location #628
    Mapping index: 6
    Address: 127155
    Line #0
        Function index: 77
        Line: 0
        Column: 0
    Attributes: [3]
Location #629
    Mapping index: 6
    Address: 132711
    Line #0
        Function index: 78
        Line: 0
        Column: 0
    Attributes: [3]
Location #630
    Mapping index: 6
    Address: 8615
    Line #0
        Function index: 29
        Line: 0
        Column: 0
    Attributes: [3]
Location #631
    Mapping index: 7
    Address: 101401
    Line #0
        Function index: 79
        Line: 0
        Column: 0
    Attributes: [3]
Location #632
    Mapping index: 7
    Address: 1452806
    Line #0
        Function index: 80
        Line: 0
        Column: 0
    Attributes: [3]
Location #633
    Mapping index: 7
    Address: 1453947
    Line #0
        Function index: 81
        Line: 0
        Column: 0
    Attributes: [3]
Location #634
    Mapping index: 7
    Address: 2118045
    Line #0
        Function index: 82
        Line: 0
        Column: 0
    Attributes: [3]
Location #635
    Mapping index: 7
    Address: 2286878
    Line #0
        Function index: 46
        Line: 0
        Column: 0
    Attributes: [3]
Location #636
    Mapping index: 7
    Address: 3257779
    Line #0
        Function index: 83
        Line: 0
        Column: 0
    Attributes: [3]
Location #637
    Mapping index: 7
    Address: 3787016
    Line #0
        Function index: 52
        Line: 0
        Column: 0
    Attributes: [3]
Location #638
    Mapping index: 1
    Address: 4571313
    Line #0
        Function index: 84
        Line: 0
        Column: 0
    Attributes: [3]
Location #639
    Mapping index: 1
    Address: 22408079
    Line #0
        Function index: 85
        Line: 0
        Column: 0
    Attributes: [3]
Location #640
    Mapping index: 1
    Address: 22409334
    Line #0
        Function index: 86
        Line: 0
        Column: 0
    Attributes: [3]
Location #641
    Mapping index: 1
    Address: 22438098
    Line #0
        Function index: 87
        Line: 0
        Column: 0
    Attributes: [3]
Location #642
    Mapping index: 1
    Address: 22438210
    Line #0
        Function index: 88
        Line: 0
        Column: 0
    Attributes: [3]
Location #643
    Mapping index: 1
    Address: 9177048
    Line #0
        Function index: 89
        Line: 0
        Column: 0
    Attributes: [3]
Location #644
    Mapping index: 1
    Address: 9177190
    Line #0
        Function index: 90
        Line: 0
        Column: 0
    Attributes: [3]
Location #645
    Mapping index: 1
    Address: 9179707
    Line #0
        Function index: 91
        Line: 0
        Column: 0
    Attributes: [3]
Location #646
    Mapping index: 1
    Address: 3169980
    Line #0
        Function index: 9
        Line: 0
        Column: 0
    Attributes: [3]
Location #647
    Mapping index: 13
    Address: 4224397
    Line #0
        Function index: 92
        Line: 36
        Column: 0
    Attributes: [37]
Location #648
    Mapping index: 13
    Address: 4849036
    Line #0
        Function index: 93
        Line: 67
        Column: 0
    Attributes: [37]
Location #649
    Mapping index: 13
    Address: 4849289
    Line #0
        Function index: 94
        Line: 97
        Column: 0
    Attributes: [37]
Location #650
    Mapping index: 13
    Address: 4853020
    Line #0
        Function index: 95
        Line: 1
        Column: 0
    Attributes: [37]
Location #651
    Mapping index: 13
    Address: 10149358
    Line #0
        Function index: 96
        Line: 55
        Column: 0
    Attributes: [37]
Location #652
    Mapping index: 13
    Address: 18479300
    Line #0
        Function index: 97
        Line: 119
        Column: 0
    Attributes: [37]
Location #653
    Mapping index: 13
    Address: 18490198
    Line #0
        Function index: 98
        Line: 364
        Column: 0
    Attributes: [37]
Location #654
    Mapping index: 13
    Address: 19502557
    Line #0
        Function index: 99
        Line: 120
        Column: 0
    Attributes: [37]
Location #655
    Mapping index: 13
    Address: 4740960
    Line #0
        Function index: 100
        Line: 1694
        Column: 0
    Attributes: [37]
Location #656
    Mapping index: 13
    Address: 4425031
    Line #0
        Function index: 101
        Line: 2131
        Column: 0
    Attributes: [37]
Location #657
    Mapping index: 13
    Address: 4424362
    Line #0
        Function index: 102
        Line: 2568
        Column: 0
    Attributes: [37]
Location #658
    Mapping index: 13
    Address: 4703378
    Line #0
        Function index: 103
        Line: 2451
        Column: 0
    Attributes: [37]
Location #659
    Mapping index: 13
    Address: 18271902
    Line #0
        Function index: 104
        Line: 76
        Column: 0
    Attributes: [37]
Location #660
    Mapping index: 13
    Address: 18271664
    Line #0
        Function index: 105
        Line: 318
        Column: 0
    Attributes: [37]
Location #661
    Mapping index: 13
    Address: 18270183
    Line #0
        Function index: 106
        Line: 121
        Column: 0
    Attributes: [37]
Location #662
    Mapping index: 13
    Address: 18274445
    Line #0
        Function index: 107
        Line: 52
        Column: 0
    Attributes: [37]
Location #663
    Mapping index: 13
    Address: 18437271
    Line #0
        Function index: 108
        Line: 110
        Column: 0
    Attributes: [37]
Location #664
    Mapping index: 13
    Address: 19426823
    Line #0
        Function index: 109
        Line: 504
        Column: 0
    Attributes: [37]
Location #665
    Mapping index: 13
    Address: 19501466
    Line #0
        Function index: 110
        Line: 57
        Column: 0
    Attributes: [37]
Location #666
    Mapping index: 13
    Address: 19500935
    Line #0
        Function index: 111
        Line: 47
        Column: 0
    Attributes: [37]
Location #667
    Mapping index: 1
    Address: 5530912
    Line #0
        Function index: 112
        Line: 0
        Column: 0
    Attributes: [3]
Location #668
    Mapping index: 1
    Address: 5531571
    Line #0
        Function index: 113
        Line: 0
        Column: 0
    Attributes: [3]
Location #669
    Mapping index: 1
    Address: 4027270
    Line #0
        Function index: 114
        Line: 0
        Column: 0
    Attributes: [3]
Location #670
    Mapping index: 1
    Address: 4027827
    Line #0
        Function index: 115
        Line: 0
        Column: 0
    Attributes: [3]
Location #671
    Mapping index: 1
    Address: 7852510
    Line #0
        Function index: 116
        Line: 0
        Column: 0
    Attributes: [3]
Location #672
    Mapping index: 1
    Address: 7779919
    Line #0
        Function index: 117
        Line: 0
        Column: 0
    Attributes: [3]
Location #673
    Mapping index: 1
    Address: 8142889
    Line #0
        Function index: 118
        Line: 0
        Column: 0
    Attributes: [3]
Location #674
    Mapping index: 1
    Address: 8126690
    Line #0
        Function index: 119
        Line: 0
        Column: 0
    Attributes: [3]
Location #675
    Mapping index: 1
    Address: 8130409
    Line #0
        Function index: 120
        Line: 0
        Column: 0
    Attributes: [3]
Location #676
    Mapping index: 1
    Address: 8143476
    Line #0
        Function index: 121
        Line: 0
        Column: 0
    Attributes: [3]
Location #677
    Mapping index: 1
    Address: 8143594
    Line #0
        Function index: 122
        Line: 0
        Column: 0
    Attributes: [3]
Location #678
    Mapping index: 1
    Address: 3169800
    Line #0
        Function index: 9
        Line: 0
        Column: 0
    Attributes: [3]
Location #679
    Mapping index: 13
    Address: 4748630
    Line #0
        Function index: 123
        Line: 544
        Column: 0
    Attributes: [37]
Location #680
    Mapping index: 13
    Address: 4337013
    Line #0
        Function index: 124
        Line: 64
        Column: 0
    Attributes: [37]
Location #681
    Mapping index: 13
    Address: 4394116
    Line #0
        Function index: 125
        Line: 783
        Column: 0
    Attributes: [37]
Location #682
    Mapping index: 13
    Address: 4393038
    Line #0
        Function index: 126
        Line: 683
        Column: 0
    Attributes: [37]
Location #683
    Mapping index: 13
    Address: 4733225
    Line #0
        Function index: 127
        Line: 517
        Column: 0
    Attributes: [37]
Location #684
    Mapping index: 13
    Address: 4392870
    Line #0
        Function index: 128
        Line: 682
        Column: 0
    Attributes: [37]
Location #685
    Mapping index: 13
    Address: 4688967
    Line #0
        Function index: 129
        Line: 395
        Column: 0
    Attributes: [37]
Location #686
    Mapping index: 13
    Address: 4392236
    Line #0
        Function index: 130
        Line: 612
        Column: 0
    Attributes: [37]
Location #687
    Mapping index: 13
    Address: 4392615
    Line #0
        Function index: 131
        Line: 657
        Column: 0
    Attributes: [37]
Location #688
    Mapping index: 13
    Address: 4351524
    Line #0
        Function index: 132
        Line: 213
        Column: 0
    Attributes: [37]
Location #689
    Mapping index: 13
    Address: 18933262
    Line #0
        Function index: 133
        Line: 1010
        Column: 0
    Attributes: [37]
Location #690
    Mapping index: 13
    Address: 18935371
    Line #0
        Function index: 134
        Line: 1191
        Column: 0
    Attributes: [37]
Location #691
    Mapping index: 13
    Address: 18936615
    Line #0
        Function index: 135
        Line: 1246
        Column: 0
    Attributes: [37]
Location #692
    Mapping index: 13
    Address: 18958365
    Line #0
        Function index: 136
        Line: 209
        Column: 0
    Attributes: [37]
Location #693
    Mapping index: 13
    Address: 18957892
    Line #0
        Function index: 137
        Line: 182
        Column: 0
    Attributes: [37]
Location #694
    Mapping index: 13
    Address: 18959142
    Line #0
        Function index: 138
        Line: 37
        Column: 0
    Attributes: [37]
Location #695
    Mapping index: 13
    Address: 19372701
    Line #0
        Function index: 139
        Line: 187
        Column: 0
    Attributes: [37]
Location #696
    Mapping index: 13
    Address: 19422167
    Line #0
        Function index: 140
        Line: 384
        Column: 0
    Attributes: [37]
Location #697
    Mapping index: 13
    Address: 19432468
    Line #0
        Function index: 141
        Line: 606
        Column: 0
    Attributes: [37]
Location #698
    Mapping index: 13
    Address: 18445717
    Line #0
        Function index: 142
        Line: 403
        Column: 0
    Attributes: [37]
Location #699
    Mapping index: 13
    Address: 18443691
    Line #0
        Function index: 143
        Line: 378
        Column: 0
    Attributes: [37]
Location #700
    Mapping index: 13
    Address: 18444583
    Line #0
        Function index: 144
        Line: 407
        Column: 0
    Attributes: [37]
Location #701
    Mapping index: 13
    Address: 19428093
    Line #0
        Function index: 109
        Line: 552
        Column: 0
    Attributes: [37]
Location #702
    Mapping index: 14
    Address: 24504768
    Attributes: [5]
Location #703
    Mapping index: 14
    Address: 24505337
    Attributes: [5]
Location #704
    Mapping index: 14
    Address: 22484291
    Attributes: [5]
Location #705
    Mapping index: 14
    Address: 22491086
    Attributes: [5]
Location #706
    Mapping index: 14
    Address: 22506483
    Attributes: [5]
Location #707
    Mapping index: 14
    Address: 22516348
    Attributes: [5]
Location #708
    Mapping index: 14
    Address: 19480344
    Attributes: [5]
Location #709
    Mapping index: 0
    Address: 0
    Line #0
        Function index: 145
        Line: 0
        Column: 0
    Attributes: [48]
Location #710
    Mapping index: 0
    Address: 0
    Attributes: [48]
Location #711
    Mapping index: 0
    Address: 0
    Line #0
        Function index: 146
        Line: 0
        Column: 0
    Attributes: [48]
Location #712
    Mapping index: 0
    Address: 0
    Line #0
        Function index: 147
        Line: 0
        Column: 0
    Attributes: [48]
Location #713
    Mapping index: 14
    Address: 20423650
    Attributes: [5]
Location #714
    Mapping index: 14
    Address: 20427604
    Attributes: [5]
Location #715
    Mapping index: 14
    Address: 24137666
    Attributes: [5]
Location #716
    Mapping index: 14
    Address: 25643165
    Attributes: [5]
Location #717
    Mapping index: 14
    Address: 23624076
    Attributes: [5]
Location #718
    Mapping index: 14
    Address: 25667457
    Attributes: [5]
Location #719
    Mapping index: 0
    Address: 0
    Line #0
        Function index: 148
        Line: 0
        Column: 0
    Attributes: [48]
Location #720
    Mapping index: 0
    Address: 0
    Line #0
        Function index: 149
        Line: 0
        Column: 0
    Attributes: [48]
Location #721
    Mapping index: 0
    Address: 0
    Line #0
        Function index: 150
        Line: 0
        Column: 0
    Attributes: [48]
Location #722
    Mapping index: 0
    Address: 0
    Line #0
        Function index: 151
        Line: 0
        Column: 0
    Attributes: [48]
Location #723
    Mapping index: 0
    Address: 0
    Line #0
        Function index: 152
        Line: 0
        Column: 0
    Attributes: [48]
Location #724
    Mapping index: 0
    Address: 0
    Line #0
        Function index: 153
        Line: 0
        Column: 0
    Attributes: [48]
Location #725
    Mapping index: 0
    Address: 0
    Line #0
        Function index: 154
        Line: 0
        Column: 0
    Attributes: [48]
Location #726
    Mapping index: 0
    Address: 0
    Line #0
        Function index: 155
        Line: 0
        Column: 0
    Attributes: [48]
Location #727
    Mapping index: 0
    Address: 0
    Line #0
        Function index: 156
        Line: 0
        Column: 0
    Attributes: [48]
Location #728
    Mapping index: 0
    Address: 0
    Line #0
        Function index: 157
        Line: 0
        Column: 0
    Attributes: [48]
Location #729
    Mapping index: 0
    Address: 0
    Line #0
        Function index: 158
        Line: 0
        Column: 0
    Attributes: [48]
Location #730
    Mapping index: 0
    Address: 0
    Line #0
        Function index: 159
        Line: 0
        Column: 0
    Attributes: [48]
Location #731
    Mapping index: 14
    Address: 20424196
    Attributes: [5]
Location #732
    Mapping index: 14
    Address: 20428857
    Attributes: [5]
Location #733
    Mapping index: 14
    Address: 20635384
    Attributes: [5]
Location #734
    Mapping index: 14
    Address: 20636338
    Attributes: [5]
Location #735
    Mapping index: 14
    Address: 15266858
    Attributes: [5]
Location #736
    Mapping index: 14
    Address: 15267424
    Attributes: [5]
Location #737
    Mapping index: 14
    Address: 16024100
    Attributes: [5]
Location #738
    Mapping index: 14
    Address: 15292437
    Attributes: [5]
Location #739
    Mapping index: 14
    Address: 16703983
    Attributes: [5]
Location #740
    Mapping index: 14
    Address: 16023210
    Attributes: [5]
Location #741
    Mapping index: 14
    Address: 15258461
    Attributes: [5]
Location #742
    Mapping index: 14
    Address: 21002880
    Attributes: [5]
Location #743
    Mapping index: 14
    Address: 21116978
    Attributes: [5]
Location #744
    Mapping index: 14
    Address: 27011473
    Attributes: [5]
Location #745
    Mapping index: 14
    Address: 19300217
    Attributes: [5]
Location #746
    Mapping index: 14
    Address: 19687610
    Attributes: [5]
Location #747
    Mapping index: 14
    Address: 27000620
    Attributes: [5]
Location #748
    Mapping index: 14
    Address: 20653022
    Attributes: [5]
Location #749
    Mapping index: 14
    Address: 25613199
    Attributes: [5]
Location #750
    Mapping index: 0
    Address: 0
    Line #0
        Function index: 160
        Line: 0
        Column: 0
    Attributes: [48]
Location #751
    Mapping index: 0
    Address: 0
    Line #0
        Function index: 161
        Line: 0
        Column: 0
    Attributes: [48]
Location #752
    Mapping index: 0
    Address: 0
    Line #0
        Function index: 162
        Line: 0
        Column: 0
    Attributes: [48]
Location #753
    Mapping index: 0
    Address: 0
    Line #0
        Function index: 163
        Line: 0
        Column: 0
    Attributes: [48]
Location #754
    Mapping index: 0
    Address: 0
    Line #0
        Function index: 164
        Line: 0
        Column: 0
    Attributes: [48]
Location #755
    Mapping index: 0
    Address: 0
    Line #0
        Function index: 165
        Line: 0
        Column: 0
    Attributes: [48]
Location #756
    Mapping index: 0
    Address: 0
    Line #0
        Function index: 166
        Line: 0
        Column: 0
    Attributes: [48]
Location #757
    Mapping index: 0
    Address: 0
    Line #0
        Function index: 167
        Line: 0
        Column: 0
    Attributes: [48]
Location #758
    Mapping index: 0
    Address: 0
    Line #0
        Function index: 168
        Line: 0
        Column: 0
    Attributes: [48]
Location #759
    Mapping index: 2
    Address: 701209
    Attributes: [5]
Location #760
    Mapping index: 14
    Address: 20743022
    Attributes: [5]
Location #761
    Mapping index: 14
    Address: 20743348
    Attributes: [5]
Location #762
    Mapping index: 14
    Address: 20743755
    Attributes: [5]
Location #763
    Mapping index: 14
    Address: 20744988
    Attributes: [5]
Location #764
    Mapping index: 14
    Address: 16935283
    Attributes: [5]
Location #765
    Mapping index: 2
    Address: 641699
    Attributes: [5]
Location #766
    Mapping index: 2
    Address: 1219691
    Attributes: [5]
Location #767
    Mapping index: 14
    Address: 19066877
    Attributes: [5]
Location #768
    Mapping index: 14
    Address: 17936316
    Attributes: [5]
Location #769
    Mapping index: 14
    Address: 17453016
    Attributes: [5]
Location #770
    Mapping index: 0
    Address: 0
    Line #0
        Function index: 169
        Line: 0
        Column: 0
    Attributes: [48]
Location #771
    Mapping index: 0
    Address: 0
    Line #0
        Function index: 170
        Line: 0
        Column: 0
    Attributes: [48]
Location #772
    Mapping index: 0
    Address: 0
    Line #0
        Function index: 171
        Line: 0
        Column: 0
    Attributes: [48]
Location #773
    Mapping index: 0
    Address: 0
    Line #0
        Function index: 172
        Line: 0
        Column: 0
    Attributes: [48]
Location #774
    Mapping index: 1
    Address: 4005048
    Line #0
        Function index: 64
        Line: 0
        Column: 0
    Attributes: [3]
Location #775
    Mapping index: 2
    Address: 1609095
    Attributes: [5]
Location #776
    Mapping index: 14
    Address: 26020581
    Attributes: [5]
Location #777
    Mapping index: 14
    Address: 21066903
    Attributes: [5]
Location #778
    Mapping index: 14
    Address: 19083580
    Attributes: [5]
Location #779
    Mapping index: 14
    Address: 16776318
    Attributes: [5]
Location #780
    Mapping index: 14
    Address: 16809773
    Attributes: [5]
Location #781
    Mapping index: 14
    Address: 24589243
    Attributes: [5]
Location #782
    Mapping index: 14
    Address: 24787070
    Attributes: [5]
Location #783
    Mapping index: 14
    Address: 19705047
    Attributes: [5]
Location #784
    Mapping index: 14
    Address: 19706189
    Attributes: [5]
Location #785
    Mapping index: 14
    Address: 19706926
    Attributes: [5]
Location #786
    Mapping index: 14
    Address: 19711212
    Attributes: [5]
Location #787
    Mapping index: 14
    Address: 18997854
    Attributes: [5]
Location #788
    Mapping index: 14
    Address: 18999310
    Attributes: [5]
Location #789
    Mapping index: 14
    Address: 15962226
    Attributes: [5]
Location #790
    Mapping index: 14
    Address: 15978729
    Attributes: [5]
Location #791
    Mapping index: 14
    Address: 19316633
    Attributes: [5]
Location #792
    Mapping index: 14
    Address: 19317481
    Attributes: [5]
Location #793
    Mapping index: 0
    Address: 0
    Line #0
        Function index: 173
        Line: 0
        Column: 0
    Attributes: [48]
Location #794
    Mapping index: 0
    Address: 0
    Line #0
        Function index: 174
        Line: 0
        Column: 0
    Attributes: [48]
Location #795
    Mapping index: 0
    Address: 0
    Line #0
        Function index: 175
        Line: 0
        Column: 0
    Attributes: [48]
Location #796
    Mapping index: 0
    Address: 0
    Line #0
        Function index: 176
        Line: 0
        Column: 0
    Attributes: [48]
Location #797
    Mapping index: 0
    Address: 0
    Line #0
        Function index: 177
        Line: 0
        Column: 0
    Attributes: [48]
Location #798
    Mapping index: 0
    Address: 0
    Line #0
        Function index: 178
        Line: 0
        Column: 0
    Attributes: [48]
Location #799
    Mapping index: 0
    Address: 0
    Line #0
        Function index: 179
        Line: 0
        Column: 0
    Attributes: [48]
Location #800
    Mapping index: 0
    Address: 45370381
    Attributes: [5]
Location #801
    Mapping index: 0
    Address: 45401652
    Attributes: [5]
Location #802
    Mapping index: 0
    Address: 45235647
    Attributes: [5]
Location #803
    Mapping index: 0
    Address: 45305817
    Attributes: [5]
Location #804
    Mapping index: 0
    Address: 45312831
    Attributes: [5]
Location #805
    Mapping index: 14
    Address: 19660682
    Attributes: [5]
Location #806
    Mapping index: 14
    Address: 19919552
    Attributes: [5]
Location #807
    Mapping index: 14
    Address: 19920478
    Attributes: [5]
Location #808
    Mapping index: 0
    Address: 36980119
    Attributes: [5]
Location #809
    Mapping index: 14
    Address: 23578600
    Attributes: [5]
Location #810
    Mapping index: 14
    Address: 23578915
    Attributes: [5]
Location #811
    Mapping index: 14
    Address: 23609472
    Attributes: [5]
Location #812
    Mapping index: 14
    Address: 23611085
    Attributes: [5]
Location #813
    Mapping index: 14
    Address: 23611335
    Attributes: [5]
Location #814
    Mapping index: 14
    Address: 19488206
    Attributes: [5]
Location #815
    Mapping index: 14
    Address: 21831900
    Attributes: [5]
Location #816
    Mapping index: 14
    Address: 21844446
    Attributes: [5]
Location #817
    Mapping index: 14
    Address: 21889290
    Attributes: [5]
Location #818
    Mapping index: 14
    Address: 21895534
    Attributes: [5]
Location #819
    Mapping index: 14
    Address: 21895897
    Attributes: [5]
Location #820
    Mapping index: 14
    Address: 21844457
    Attributes: [5]
Location #821
    Mapping index: 0
    Address: 47444678
    Attributes: [5]
Location #822
    Mapping index: 0
    Address: 47486384
    Attributes: [5]
Location #823
    Mapping index: 0
    Address: 47497682
    Attributes: [5]
Location #824
    Mapping index: 0
    Address: 45224136
    Attributes: [5]
Location #825
    Mapping index: 0
    Address: 45252457
    Attributes: [5]
Location #826
    Mapping index: 0
    Address: 45256993
    Attributes: [5]
Location #827
    Mapping index: 0
    Address: 45306360
    Attributes: [5]
Location #828
    Mapping index: 14
    Address: 24972768
    Attributes: [5]
Location #829
    Mapping index: 14
    Address: 24825084
    Attributes: [5]
Location #830
    Mapping index: 14
    Address: 24846287
    Attributes: [5]
Location #831
    Mapping index: 14
    Address: 24822943
    Attributes: [5]
Location #832
    Mapping index: 14
    Address: 24823191
    Attributes: [5]
Location #833
    Mapping index: 14
    Address: 24849888
    Attributes: [5]
Location #834
    Mapping index: 14
    Address: 24852164
    Attributes: [5]
Location #835
    Mapping index: 14
    Address: 24862877
    Attributes: [5]
Location #836
    Mapping index: 14
    Address: 24863213
    Attributes: [5]
Location #837
    Mapping index: 14
    Address: 24599593
    Attributes: [5]
Location #838
    Mapping index: 14
    Address: 24720949
    Attributes: [5]
Location #839
    Mapping index: 14
    Address: 24722392
    Attributes: [5]
Location #840
    Mapping index: 14
    Address: 24752613
    Attributes: [5]
Location #841
    Mapping index: 14
    Address: 24761927
    Attributes: [5]
Location #842
    Mapping index: 14
    Address: 24764184
    Attributes: [5]
Location #843
    Mapping index: 14
    Address: 24765638
    Attributes: [5]
Location #844
    Mapping index: 14
    Address: 24787094
    Attributes: [5]
Location #845
    Mapping index: 14
    Address: 24501238
    Attributes: [5]
Location #846
    Mapping index: 14
    Address: 24505114
    Attributes: [5]
Location #847
    Mapping index: 14
    Address: 24089337
    Attributes: [5]
Location #848
    Mapping index: 14
    Address: 24020021
    Attributes: [5]
Location #849
    Mapping index: 14
    Address: 24132905
    Attributes: [5]
Location #850
    Mapping index: 14
    Address: 25664627
    Attributes: [5]
Location #851
    Mapping index: 14
    Address: 23172928
    Attributes: [5]
Location #852
    Mapping index: 14
    Address: 22051361
    Attributes: [5]
Location #853
    Mapping index: 0
    Address: 0
    Line #0
        Function index: 180
        Line: 314
        Column: 0
    Attributes: [48]
Location #854
    Mapping index: 0
    Address: 0
    Line #0
        Function index: 181
        Line: 35
        Column: 0
    Attributes: [48]
Location #855
    Mapping index: 0
    Address: 0
    Line #0
        Function index: 182
        Line: 1373
        Column: 0
    Attributes: [48]
Location #856
    Mapping index: 0
    Address: 0
    Line #0
        Function index: 183
        Line: 1459
        Column: 0
    Attributes: [48]
Location #857
    Mapping index: 0
    Address: 0
    Line #0
        Function index: 184
        Line: 1496
        Column: 0
    Attributes: [48]
Location #858
    Mapping index: 0
    Address: 0
    Line #0
        Function index: 185
        Line: 282
        Column: 0
    Attributes: [48]
Location #859
    Mapping index: 0
    Address: 0
    Line #0
        Function index: 186
        Line: 591
        Column: 0
    Attributes: [48]
Location #860
    Mapping index: 0
    Address: 0
    Line #0
        Function index: 187
        Line: 540
        Column: 0
    Attributes: [48]
Location #861
    Mapping index: 0
    Address: 0
    Line #0
        Function index: 188
        Line: 202
        Column: 0
    Attributes: [48]
Location #862
    Mapping index: 0
    Address: 0
    Line #0
        Function index: 189
        Line: 517
        Column: 0
    Attributes: [48]
Location #863
    Mapping index: 0
    Address: 0
    Line #0
        Function index: 190
        Line: 568
        Column: 0
    Attributes: [48]
Location #864
    Mapping index: 0
    Address: 0
    Line #0
        Function index: 191
        Line: 0
        Column: 0
    Attributes: [48]
Location #865
    Mapping index: 1
    Address: 22351492
    Line #0
        Function index: 10
        Line: 0
        Column: 0
    Attributes: [3]
Location #866
    Mapping index: 2
    Address: 1208972
    Attributes: [5]
Location #867
    Mapping index: 14
    Address: 30510018
    Attributes: [5]
Location #868
    Mapping index: 14
    Address: 30438483
    Attributes: [5]
Location #869
    Mapping index: 14
    Address: 30443937
    Attributes: [5]
Location #870
    Mapping index: 14
    Address: 30450751
    Attributes: [5]
Location #871
    Mapping index: 14
    Address: 16392392
    Attributes: [5]
Location #872
    Mapping index: 14
    Address: 16466177
    Attributes: [5]
Location #873
    Mapping index: 14
    Address: 23616493
    Attributes: [5]
Location #874
    Mapping index: 14
    Address: 23628964
    Attributes: [5]
Location #875
    Mapping index: 14
    Address: 23631171
    Attributes: [5]
Location #876
    Mapping index: 14
    Address: 22040681
    Attributes: [5]
Location #877
    Mapping index: 14
    Address: 22044428
    Attributes: [5]
Location #878
    Mapping index: 0
    Address: 0
    Line #0
        Function index: 192
        Line: 115
        Column: 0
    Attributes: [48]
Location #879
    Mapping index: 0
    Address: 0
    Line #0
        Function index: 193
        Line: 132
        Column: 0
    Attributes: [48]
Location #880
    Mapping index: 0
    Address: 0
    Line #0
        Function index: 194
        Line: 233
        Column: 0
    Attributes: [48]
Location #881
    Mapping index: 0
    Address: 45396130
    Attributes: [5]
Location #882
    Mapping index: 0
    Address: 45401676
    Attributes: [5]
Location #883
    Mapping index: 15
    Address: 213964626
    Attributes: [5]
Location #884
    Mapping index: 15
    Address: 120242940
    Attributes: [5]
Location #885
    Mapping index: 15
    Address: 120256813
    Attributes: [5]
Location #886
    Mapping index: 15
    Address: 120236125
    Attributes: [5]
Location #887
    Mapping index: 15
    Address: 120501610
    Attributes: [5]
Location #888
    Mapping index: 15
    Address: 37853723
    Attributes: [5]
Location #889
    Mapping index: 15
    Address: 38826859
    Attributes: [5]
Location #890
    Mapping index: 15
    Address: 37973174
    Attributes: [5]
Location #891
    Mapping index: 15
    Address: 29396486
    Attributes: [5]
Location #892
    Mapping index: 15
    Address: 28670970
    Attributes: [5]
Location #893
    Mapping index: 15
    Address: 36622049
    Attributes: [5]
Location #894
    Mapping index: 15
    Address: 30056095
    Attributes: [5]
Location #895
    Mapping index: 15
    Address: 37970822
    Attributes: [5]
Location #896
    Mapping index: 15
    Address: 30055204
    Attributes: [5]
Location #897
    Mapping index: 15
    Address: 30070208
    Attributes: [5]
Location #898
    Mapping index: 15
    Address: 30215503
    Attributes: [5]
Location #899
    Mapping index: 15
    Address: 37915174
    Attributes: [5]
Location #900
    Mapping index: 15
    Address: 23471484
    Attributes: [5]
Location #901
    Mapping index: 15
    Address: 37956538
    Attributes: [5]
Location #902
    Mapping index: 15
    Address: 37881509
    Attributes: [5]
Location #903
    Mapping index: 15
    Address: 27887992
    Attributes: [5]
Location #904
    Mapping index: 15
    Address: 22104112
    Attributes: [5]
Location #905
    Mapping index: 15
    Address: 177075946
    Attributes: [5]
Location #906
    Mapping index: 15
    Address: 177068943
    Attributes: [5]
Location #907
    Mapping index: 15
    Address: 176911476
    Attributes: [5]
Location #908
    Mapping index: 15
    Address: 176942810
    Attributes: [5]
Location #909
    Mapping index: 15
    Address: 177010934
    Attributes: [5]
Location #910
    Mapping index: 15
    Address: 176925211
    Attributes: [5]
Location #911
    Mapping index: 15
    Address: 176879057
    Attributes: [5]
Location #912
    Mapping index: 15
    Address: 176398003
    Attributes: [5]
Location #913
    Mapping index: 15
    Address: 213968242
    Attributes: [5]
Location #914
    Mapping index: 15
    Address: 213963959
    Attributes: [5]
Location #915
    Mapping index: 15
    Address: 213963917
    Attributes: [5]
Location #916
    Mapping index: 1
    Address: 7579104
    Line #0
        Function index: 195
        Line: 0
        Column: 0
    Attributes: [3]
Location #917
    Mapping index: 1
    Address: 7747438
    Line #0
        Function index: 196
        Line: 0
        Column: 0
    Attributes: [3]
Location #918
    Mapping index: 1
    Address: 7784097
    Line #0
        Function index: 197
        Line: 0
        Column: 0
    Attributes: [3]
Location #919
    Mapping index: 1
    Address: 7812850
    Line #0
        Function index: 61
        Line: 0
        Column: 0
    Attributes: [3]
Location #920
    Mapping index: 15
    Address: 213902259
    Attributes: [5]
Location #921
    Mapping index: 1
    Address: 7769077
    Line #0
        Function index: 198
        Line: 0
        Column: 0
    Attributes: [3]
Location #922
    Mapping index: 1
    Address: 7771835
    Line #0
        Function index: 199
        Line: 0
        Column: 0
    Attributes: [3]
Location #923
    Mapping index: 1
    Address: 7803145
    Line #0
        Function index: 200
        Line: 0
        Column: 0
    Attributes: [3]
Location #924
    Mapping index: 1
    Address: 7804071
    Line #0
        Function index: 201
        Line: 0
        Column: 0
    Attributes: [3]
Location #925
    Mapping index: 1
    Address: 4214009
    Line #0
        Function index: 202
        Line: 0
        Column: 0
    Attributes: [3]
Location #926
    Mapping index: 1
    Address: 4215097
    Line #0
        Function index: 203
        Line: 0
        Column: 0
    Attributes: [3]
Location #927
    Mapping index: 1
    Address: 4221648
    Line #0
        Function index: 204
        Line: 0
        Column: 0
    Attributes: [3]
Location #928
    Mapping index: 1
    Address: 4224517
    Line #0
        Function index: 205
        Line: 0
        Column: 0
    Attributes: [3]
Location #929
    Mapping index: 1
    Address: 4225583
    Line #0
        Function index: 206
        Line: 0
        Column: 0
    Attributes: [3]
Location #930
    Mapping index: 1
    Address: 3166376
    Line #0
        Function index: 9
        Line: 0
        Column: 0
    Attributes: [3]
Location #931
    Mapping index: 15
    Address: 214006162
    Attributes: [5]
Location #932
    Mapping index: 1
    Address: 22181527
    Line #0
        Function index: 207
        Line: 0
        Column: 0
    Attributes: [3]
Location #933
    Mapping index: 1
    Address: 7792358
    Line #0
        Function index: 208
        Line: 0
        Column: 0
    Attributes: [3]
Location #934
    Mapping index: 1
    Address: 4005465
    Line #0
        Function index: 64
        Line: 0
        Column: 0
    Attributes: [3]
Location #935
    Mapping index: 15
    Address: 213905303
    Attributes: [5]
Function #0
    Name: 0
    System name: 0
    Filename: 0
    Start line: 0
Function #1
    Name: 8
    System name: 0
    Filename: 0
    Start line: 0
Function #2
    Name: 10
    System name: 0
    Filename: 0
    Start line: 0
Function #3
    Name: 11
    System name: 0
    Filename: 0
    Start line: 0
Function #4
    Name: 12
    System name: 0
    Filename: 0
    Start line: 0
Function #5
    Name: 13
    System name: 0
    Filename: 0
    Start line: 0
Function #6
    Name: 14
    System name: 0
    Filename: 0
    Start line: 0
Function #7
    Name: 15
    System name: 0
    Filename: 0
    Start line: 0
Function #8
    Name: 16
    System name: 0
    Filename: 0
    Start line: 0
Function #9
    Name: 17
    System name: 0
    Filename: 0
    Start line: 0
Function #10
    Name: 18
    System name: 0
    Filename: 0
    Start line: 0
Function #11
    Name: 19
    System name: 0
    Filename: 0
    Start line: 0
Function #12
    Name: 25
    System name: 0
    Filename: 0
    Start line: 0
Function #13
    Name: 26
    System name: 0
    Filename: 0
    Start line: 0
Function #14
    Name: 27
    System name: 0
    Filename: 0
    Start line: 0
Function #15
    Name: 28
    System name: 0
    Filename: 0
    Start line: 0
Function #16
    Name: 29
    System name: 0
    Filename: 0
    Start line: 0
Function #17
    Name: 30
    System name: 0
    Filename: 0
    Start line: 0
Function #18
    Name: 31
    System name: 0
    Filename: 0
    Start line: 0
Function #19
    Name: 32
    System name: 0
    Filename: 0
    Start line: 0
Function #20
    Name: 35
    System name: 0
    Filename: 0
    Start line: 0
Function #21
    Name: 36
    System name: 0
    Filename: 0
    Start line: 0
Function #22
    Name: 37
    System name: 0
    Filename: 0
    Start line: 0
Function #23
    Name: 38
    System name: 0
    Filename: 0
    Start line: 0
Function #24
    Name: 39
    System name: 0
    Filename: 0
    Start line: 0
Function #25
    Name: 40
    System name: 0
    Filename: 0
    Start line: 0
Function #26
    Name: 41
    System name: 0
    Filename: 0
    Start line: 0
Function #27
    Name: 42
    System name: 0
    Filename: 0
    Start line: 0
Function #28
    Name: 43
    System name: 0
    Filename: 0
    Start line: 0
Function #29
    Name: 45
    System name: 0
    Filename: 0
    Start line: 0
Function #30
    Name: 46
    System name: 0
    Filename: 0
    Start line: 0
Function #31
    Name: 47
    System name: 0
    Filename: 0
    Start line: 0
Function #32
    Name: 48
    System name: 0
    Filename: 0
    Start line: 0
Function #33
    Name: 49
    System name: 0
    Filename: 0
    Start line: 0
Function #34
    Name: 50
    System name: 0
    Filename: 0
    Start line: 0
Function #35
    Name: 51
    System name: 0
    Filename: 0
    Start line: 0
Function #36
    Name: 52
    System name: 0
    Filename: 0
    Start line: 0
Function #37
    Name: 53
    System name: 0
    Filename: 0
    Start line: 0
Function #38
    Name: 54
    System name: 0
    Filename: 0
    Start line: 0
Function #39
    Name: 55
    System name: 0
    Filename: 0
    Start line: 0
Function #40
    Name: 57
    System name: 0
    Filename: 0
    Start line: 0
Function #41
    Name: 58
    System name: 0
    Filename: 0
    Start line: 0
Function #42
    Name: 59
    System name: 0
    Filename: 0
    Start line: 0
Function #43
    Name: 60
    System name: 0
    Filename: 0
    Start line: 0
Function #44
    Name: 61
    System name: 0
    Filename: 0
    Start line: 0
Function #45
    Name: 62
    System name: 0
    Filename: 0
    Start line: 0
Function #46
    Name: 63
    System name: 0
    Filename: 0
    Start line: 0
Function #47
    Name: 64
    System name: 0
    Filename: 0
    Start line: 0
Function #48
    Name: 65
    System name: 0
    Filename: 0
    Start line: 0
Function #49
    Name: 66
    System name: 0
    Filename: 0
    Start line: 0
Function #50
    Name: 67
    System name: 0
    Filename: 0
    Start line: 0
Function #51
    Name: 68
    System name: 0
    Filename: 0
    Start line: 0
Function #52
    Name: 69
    System name: 0
    Filename: 0
    Start line: 0
Function #53
    Name: 70
    System name: 0
    Filename: 0
    Start line: 0
Function #54
    Name: 71
    System name: 0
    Filename: 0
    Start line: 0
Function #55
    Name: 72
    System name: 0
    Filename: 0
    Start line: 0
Function #56
    Name: 73
    System name: 0
    Filename: 0
    Start line: 0
Function #57
    Name: 74
    System name: 0
    Filename: 0
    Start line: 0
Function #58
    Name: 75
    System name: 0
    Filename: 0
    Start line: 0
Function #59
    Name: 79
    System name: 0
    Filename: 0
    Start line: 0
Function #60
    Name: 80
    System name: 0
    Filename: 0
    Start line: 0
Function #61
    Name: 81
    System name: 0
    Filename: 0
    Start line: 0
Function #62
    Name: 82
    System name: 0
    Filename: 0
    Start line: 0
Function #63
    Name: 83
    System name: 0
    Filename: 0
    Start line: 0
Function #64
    Name: 84
    System name: 0
    Filename: 0
    Start line: 0
Function #65
    Name: 85
    System name: 0
    Filename: 0
    Start line: 0
Function #66
    Name: 86
    System name: 0
    Filename: 0
    Start line: 0
Function #67
    Name: 87
    System name: 0
    Filename: 0
    Start line: 0
Function #68
    Name: 88
    System name: 0
    Filename: 0
    Start line: 0
Function #69
    Name: 89
    System name: 0
    Filename: 0
    Start line: 0
Function #70
    Name: 90
    System name: 0
    Filename: 0
    Start line: 0
Function #71
    Name: 91
    System name: 0
    Filename: 0
    Start line: 0
Function #72
    Name: 92
    System name: 0
    Filename: 0
    Start line: 0
Function #73
    Name: 93
    System name: 0
    Filename: 0
    Start line: 0
Function #74
    Name: 96
    System name: 0
    Filename: 0
    Start line: 0
Function #75
    Name: 97
    System name: 0
    Filename: 0
    Start line: 0
Function #76
    Name: 98
    System name: 0
    Filename: 0
    Start line: 0
Function #77
    Name: 99
    System name: 0
    Filename: 0
    Start line: 0
Function #78
    Name: 100
    System name: 0
    Filename: 0
    Start line: 0
Function #79
    Name: 101
    System name: 0
    Filename: 0
    Start line: 0
Function #80
    Name: 102
    System name: 0
    Filename: 0
    Start line: 0
Function #81
    Name: 103
    System name: 0
    Filename: 0
    Start line: 0
Function #82
    Name: 104
    System name: 0
    Filename: 0
    Start line: 0
Function #83
    Name: 105
    System name: 0
    Filename: 0
    Start line: 0
Function #84
    Name: 106
    System name: 0
    Filename: 0
    Start line: 0
Function #85
    Name: 107
    System name: 0
    Filename: 0
    Start line: 0
Function #86
    Name: 108
    System name: 0
    Filename: 0
    Start line: 0
Function #87
    Name: 109
    System name: 0
    Filename: 0
    Start line: 0
Function #88
    Name: 110
    System name: 0
    Filename: 0
    Start line: 0
Function #89
    Name: 111
    System name: 0
    Filename: 0
    Start line: 0
Function #90
    Name: 112
    System name: 0
    Filename: 0
    Start line: 0
Function #91
    Name: 113
    System name: 0
    Filename: 0
    Start line: 0
Function #92
    Name: 116
    System name: 0
    Filename: 117
    Start line: 0
Function #93
    Name: 118
    System name: 0
    Filename: 119
    Start line: 0
Function #94
    Name: 120
    System name: 0
    Filename: 119
    Start line: 0
Function #95
    Name: 120
    System name: 0
    Filename: 121
    Start line: 0
Function #96
    Name: 122
    System name: 0
    Filename: 123
    Start line: 0
Function #97
    Name: 124
    System name: 0
    Filename: 125
    Start line: 0
Function #98
    Name: 126
    System name: 0
    Filename: 127
    Start line: 0
Function #99
    Name: 128
    System name: 0
    Filename: 129
    Start line: 0
Function #100
    Name: 130
    System name: 0
    Filename: 131
    Start line: 0
Function #101
    Name: 132
    System name: 0
    Filename: 133
    Start line: 0
Function #102
    Name: 134
    System name: 0
    Filename: 133
    Start line: 0
Function #103
    Name: 135
    System name: 0
    Filename: 133
    Start line: 0
Function #104
    Name: 136
    System name: 0
    Filename: 137
    Start line: 0
Function #105
    Name: 138
    System name: 0
    Filename: 139
    Start line: 0
Function #106
    Name: 140
    System name: 0
    Filename: 139
    Start line: 0
Function #107
    Name: 141
    System name: 0
    Filename: 142
    Start line: 0
Function #108
    Name: 143
    System name: 0
    Filename: 144
    Start line: 0
Function #109
    Name: 145
    System name: 0
    Filename: 146
    Start line: 0
Function #110
    Name: 147
    System name: 0
    Filename: 129
    Start line: 0
Function #111
    Name: 148
    System name: 0
    Filename: 129
    Start line: 0
Function #112
    Name: 149
    System name: 0
    Filename: 0
    Start line: 0
Function #113
    Name: 150
    System name: 0
    Filename: 0
    Start line: 0
Function #114
    Name: 151
    System name: 0
    Filename: 0
    Start line: 0
Function #115
    Name: 152
    System name: 0
    Filename: 0
    Start line: 0
Function #116
    Name: 153
    System name: 0
    Filename: 0
    Start line: 0
Function #117
    Name: 154
    System name: 0
    Filename: 0
    Start line: 0
Function #118
    Name: 155
    System name: 0
    Filename: 0
    Start line: 0
Function #119
    Name: 156
    System name: 0
    Filename: 0
    Start line: 0
Function #120
    Name: 157
    System name: 0
    Filename: 0
    Start line: 0
Function #121
    Name: 158
    System name: 0
    Filename: 0
    Start line: 0
Function #122
    Name: 159
    System name: 0
    Filename: 0
    Start line: 0
Function #123
    Name: 160
    System name: 0
    Filename: 161
    Start line: 0
Function #124
    Name: 162
    System name: 0
    Filename: 163
    Start line: 0
Function #125
    Name: 164
    System name: 0
    Filename: 165
    Start line: 0
Function #126
    Name: 166
    System name: 0
    Filename: 165
    Start line: 0
Function #127
    Name: 167
    System name: 0
    Filename: 131
    Start line: 0
Function #128
    Name: 168
    System name: 0
    Filename: 165
    Start line: 0
Function #129
    Name: 169
    System name: 0
    Filename: 165
    Start line: 0
Function #130
    Name: 170
    System name: 0
    Filename: 165
    Start line: 0
Function #131
    Name: 171
    System name: 0
    Filename: 165
    Start line: 0
Function #132
    Name: 172
    System name: 0
    Filename: 173
    Start line: 0
Function #133
    Name: 174
    System name: 0
    Filename: 175
    Start line: 0
Function #134
    Name: 176
    System name: 0
    Filename: 175
    Start line: 0
Function #135
    Name: 177
    System name: 0
    Filename: 175
    Start line: 0
Function #136
    Name: 178
    System name: 0
    Filename: 179
    Start line: 0
Function #137
    Name: 180
    System name: 0
    Filename: 179
    Start line: 0
Function #138
    Name: 181
    System name: 0
    Filename: 182
    Start line: 0
Function #139
    Name: 183
    System name: 0
    Filename: 184
    Start line: 0
Function #140
    Name: 185
    System name: 0
    Filename: 146
    Start line: 0
Function #141
    Name: 186
    System name: 0
    Filename: 146
    Start line: 0
Function #142
    Name: 187
    System name: 0
    Filename: 144
    Start line: 0
Function #143
    Name: 188
    System name: 0
    Filename: 144
    Start line: 0
Function #144
    Name: 189
    System name: 0
    Filename: 144
    Start line: 0
Function #145
    Name: 191
    System name: 0
    Filename: 0
    Start line: 0
Function #146
    Name: 192
    System name: 0
    Filename: 0
    Start line: 0
Function #147
    Name: 193
    System name: 0
    Filename: 0
    Start line: 0
Function #148
    Name: 194
    System name: 0
    Filename: 0
    Start line: 0
Function #149
    Name: 195
    System name: 0
    Filename: 196
    Start line: 0
Function #150
    Name: 197
    System name: 0
    Filename: 196
    Start line: 0
Function #151
    Name: 198
    System name: 0
    Filename: 199
    Start line: 0
Function #152
    Name: 200
    System name: 0
    Filename: 199
    Start line: 0
Function #153
    Name: 201
    System name: 0
    Filename: 202
    Start line: 0
Function #154
    Name: 203
    System name: 0
    Filename: 204
    Start line: 0
Function #155
    Name: 205
    System name: 0
    Filename: 204
    Start line: 0
Function #156
    Name: 206
    System name: 0
    Filename: 204
    Start line: 0
Function #157
    Name: 207
    System name: 0
    Filename: 208
    Start line: 0
Function #158
    Name: 209
    System name: 0
    Filename: 210
    Start line: 0
Function #159
    Name: 211
    System name: 0
    Filename: 0
    Start line: 0
Function #160
    Name: 212
    System name: 0
    Filename: 213
    Start line: 0
Function #161
    Name: 214
    System name: 0
    Filename: 213
    Start line: 0
Function #162
    Name: 215
    System name: 0
    Filename: 213
    Start line: 0
Function #163
    Name: 216
    System name: 0
    Filename: 213
    Start line: 0
Function #164
    Name: 217
    System name: 0
    Filename: 213
    Start line: 0
Function #165
    Name: 209
    System name: 0
    Filename: 213
    Start line: 0
Function #166
    Name: 218
    System name: 0
    Filename: 213
    Start line: 0
Function #167
    Name: 219
    System name: 0
    Filename: 213
    Start line: 0
Function #168
    Name: 220
    System name: 0
    Filename: 213
    Start line: 0
Function #169
    Name: 221
    System name: 0
    Filename: 0
    Start line: 0
Function #170
    Name: 222
    System name: 0
    Filename: 223
    Start line: 0
Function #171
    Name: 224
    System name: 0
    Filename: 0
    Start line: 0
Function #172
    Name: 225
    System name: 0
    Filename: 223
    Start line: 0
Function #173
    Name: 226
    System name: 0
    Filename: 227
    Start line: 0
Function #174
    Name: 228
    System name: 0
    Filename: 229
    Start line: 0
Function #175
    Name: 230
    System name: 0
    Filename: 204
    Start line: 0
Function #176
    Name: 231
    System name: 0
    Filename: 204
    Start line: 0
Function #177
    Name: 232
    System name: 0
    Filename: 204
    Start line: 0
Function #178
    Name: 233
    System name: 0
    Filename: 234
    Start line: 0
Function #179
    Name: 235
    System name: 0
    Filename: 204
    Start line: 0
Function #180
    Name: 236
    System name: 0
    Filename: 237
    Start line: 0
Function #181
    Name: 238
    System name: 0
    Filename: 239
    Start line: 0
Function #182
    Name: 240
    System name: 0
    Filename: 241
    Start line: 0
Function #183
    Name: 242
    System name: 0
    Filename: 241
    Start line: 0
Function #184
    Name: 243
    System name: 0
    Filename: 241
    Start line: 0
Function #185
    Name: 244
    System name: 0
    Filename: 245
    Start line: 0
Function #186
    Name: 246
    System name: 0
    Filename: 247
    Start line: 0
Function #187
    Name: 248
    System name: 0
    Filename: 247
    Start line: 0
Function #188
    Name: 249
    System name: 0
    Filename: 247
    Start line: 0
Function #189
    Name: 250
    System name: 0
    Filename: 247
    Start line: 0
Function #190
    Name: 251
    System name: 0
    Filename: 247
    Start line: 0
Function #191
    Name: 252
    System name: 0
    Filename: 213
    Start line: 0
Function #192
    Name: 253
    System name: 0
    Filename: 254
    Start line: 0
Function #193
    Name: 255
    System name: 0
    Filename: 254
    Start line: 0
Function #194
    Name: 256
    System name: 0
    Filename: 254
    Start line: 0
Function #195
    Name: 258
    System name: 0
    Filename: 0
    Start line: 0
Function #196
    Name: 259
    System name: 0
    Filename: 0
    Start line: 0
Function #197
    Name: 260
    System name: 0
    Filename: 0
    Start line: 0
Function #198
    Name: 261
    System name: 0
    Filename: 0
    Start line: 0
Function #199
    Name: 262
    System name: 0
    Filename: 0
    Start line: 0
Function #200
    Name: 263
    System name: 0
    Filename: 0
    Start line: 0
Function #201
    Name: 264
    System name: 0
    Filename: 0
    Start line: 0
Function #202
    Name: 265
    System name: 0
    Filename: 0
    Start line: 0
Function #203
    Name: 266
    System name: 0
    Filename: 0
    Start line: 0
Function #204
    Name: 267
    System name: 0
    Filename: 0
    Start line: 0
Function #205
    Name: 268
    System name: 0
    Filename: 0
    Start line: 0
Function #206
    Name: 269
    System name: 0
    Filename: 0
    Start line: 0
Function #207
    Name: 270
    System name: 0
    Filename: 0
    Start line: 0
Function #208
    Name: 271
    System name: 0
    Filename: 0
    Start line: 0
Attribute table:
     -> Key: Int(23)
     -> Value: Str(6931)
     -> unit: Int(0)
Link table:
     -> Trace ID: Str()
     -> Span ID: Str()
String table:
    
    cpu
    nanoseconds
    samples
    count
    vmlinux
    process.executable.build_id.gnu
    process.executable.build_id.htlhash
    __d_lookup_rcu
    profile.frame.type
    lookup_fast
    walk_component
    link_path_walk.part.0.constprop.0
    path_openat
    do_filp_open
    do_sys_openat2
    __x64_sys_openat
    x64_sys_call
    do_syscall_64
    entry_SYSCALL_64_after_hwframe
    libc.so.6
    agentsight
    thread.name
    thread.id
    cpu.logical_number
    established_get_first
    tcp_seq_next
    seq_read_iter
    seq_read
    proc_reg_read
    vfs_read
    ksys_read
    __x64_sys_read
    victim
    libbpftime-agent.so
    zap_present_ptes.constprop.0
    zap_pte_range
    zap_pmd_range.isra.0
    zap_pud_range.isra.0
    unmap_page_range
    unmap_single_vma
    unmap_vmas
    exit_mmap
    mmput
    nvidia_uvm
    uvm_release.isra.0
    uvm_release_entry.part.0.isra.0
    uvm_release_entry
    __fput
    ____fput
    task_work_run
    do_exit
    do_group_exit
    get_signal
    arch_do_signal_or_restart
    syscall_exit_to_user_mode
    nvidia
    osDevReadReg032
    _regRead
    crashcatEngineLoadWayfinder_IMPL
    crashcatEngineGetNextCrashReport_IMPL
    kgspHealthCheck_TU102
    _kgspRpcDrainEvents
    _kgspRpcRecvPoll
    _issueRpcAndWait
    rpcRmApiFree_GSP
    vaspaceapiDestruct_IMPL
    __nvoc_dtor_VaSpaceApi
    __nvoc_objDelete
    clientFreeResource_IMPL
    rmclientFreeResource_IMPL
    serverFreeResourceTreeUnderLock
    serverFreeResourceTree
    serverFreeDisabledClients
    rm_cleanup_file_private
    nvidia_close
    libclang-cpp.so.18.1
    clang
    libLLVM.so.1
    _raw_spin_lock
    do_anonymous_page
    handle_pte_fault
    __handle_mm_fault
    handle_mm_fault
    do_user_addr_fault
    exc_page_fault
    asm_exc_page_fault
    _raw_spin_trylock
    rmqueue.isra.0
    get_page_from_freelist
    __alloc_frozen_pages_noprof
    alloc_pages_mpol
    vma_alloc_folio_noprof
    alloc_anon_folio
    ld-linux-x86-64.so.2
    libstdc++.so.6.0.35
    __rcu_read_lock
    count_memcg_events.constprop.0
    uvm_pmm_devmem_page_to_va_space
    unregister_gpu
    uvm_va_space_destroy
    os_release_spinlock
    threadStateGetCurrentUnchecked.part.0
    threadStateYieldCpuIfNecessary
    timeoutCheck
    serverFreeResourceRpcUnderLock
    finish_task_switch.isra.0
    __schedule
    schedule
    schedule_hrtimeout_range_clock
    schedule_hrtimeout_range
    ep_poll
    do_epoll_wait
    __x64_sys_epoll_wait
    otelcol-ebpf-profiler
    process.executable.build_id.go
    internal/runtime/syscall.Syscall6
    /home/yunwei37/go/pkg/mod/golang.org/toolchain@v0.0.1-go1.25.0.linux-amd64/src/internal/runtime/syscall/asm_linux_amd64.s
    syscall.RawSyscall6
    /home/yunwei37/go/pkg/mod/golang.org/toolchain@v0.0.1-go1.25.0.linux-amd64/src/syscall/syscall_linux.go
    syscall.Syscall6
    <autogenerated>
    golang.org/x/sys/unix.EpollWait
    /home/yunwei37/go/pkg/mod/golang.org/x/sys@v0.46.0/unix/zsyscall_linux_amd64.go
    github.com/cilium/ebpf/internal/epoll.(*Poller).Wait
    /home/yunwei37/go/pkg/mod/github.com/cilium/ebpf@v0.21.0/internal/unix/types_linux.go
    github.com/cilium/ebpf/perf.(*Reader).ReadInto
    /home/yunwei37/go/pkg/mod/github.com/cilium/ebpf@v0.21.0/perf/reader.go
    go.opentelemetry.io/ebpf-profiler/tracer.startPerfEventMonitor.func1
    /tmp/opentelemetry-ebpf-profiler/tracer/events.go
    runtime.goexit
    /home/yunwei37/go/pkg/mod/golang.org/toolchain@v0.0.1-go1.25.0.linux-amd64/src/runtime/asm_amd64.s
    runtime.getWeakHandle
    /home/yunwei37/go/pkg/mod/golang.org/toolchain@v0.0.1-go1.25.0.linux-amd64/src/runtime/mheap.go
    runtime.getOrAddWeakHandle
    weak.runtime_registerWeakPointer
    weak.Make[go.shape.string]
    /home/yunwei37/go/pkg/mod/golang.org/toolchain@v0.0.1-go1.25.0.linux-amd64/src/weak/pointer.go
    unique.newEntryNode[go.shape.string]
    /home/yunwei37/go/pkg/mod/golang.org/toolchain@v0.0.1-go1.25.0.linux-amd64/src/unique/canonmap.go
    unique.(*canonMap[go.shape.string]).LoadOrStore
    unique.Make[go.shape.string]
    /home/yunwei37/go/pkg/mod/golang.org/toolchain@v0.0.1-go1.25.0.linux-amd64/src/unique/handle.go
    go.opentelemetry.io/ebpf-profiler/process.(*systemProcess).GetExe
    /tmp/opentelemetry-ebpf-profiler/process/process.go
    go.opentelemetry.io/ebpf-profiler/processmanager.(*ProcessManager).SynchronizeProcess
    /tmp/opentelemetry-ebpf-profiler/processmanager/processinfo.go
    go.opentelemetry.io/ebpf-profiler/tracer.(*Tracer).processPIDEvents
    go.opentelemetry.io/ebpf-profiler/tracer.(*Tracer).StartPIDEventProcessor.gowrap1
    smp_call_function_many_cond
    on_each_cpu_cond_mask
    native_flush_tlb_multi
    flush_tlb_mm_range
    tlb_finish_mmu
    zap_page_range_single
    madvise_vma_behavior
    madvise_walk_vmas
    madvise_do_behavior
    do_madvise
    __x64_sys_madvise
    runtime.madvise
    /home/yunwei37/go/pkg/mod/golang.org/toolchain@v0.0.1-go1.25.0.linux-amd64/src/runtime/sys_linux_amd64.s
    runtime.sysUnusedOS
    /home/yunwei37/go/pkg/mod/golang.org/toolchain@v0.0.1-go1.25.0.linux-amd64/src/runtime/mem_linux.go
    runtime.(*pageAlloc).scavengeOne
    /home/yunwei37/go/pkg/mod/golang.org/toolchain@v0.0.1-go1.25.0.linux-amd64/src/runtime/mgcscavenge.go
    runtime.(*pageAlloc).scavenge.func1
    runtime.systemstack
    runtime.(*pageAlloc).scavenge
    runtime.(*scavengerState).init.func2
    runtime.(*scavengerState).run
    runtime.bgscavenge
    runtime.gcenable.gowrap2
    /home/yunwei37/go/pkg/mod/golang.org/toolchain@v0.0.1-go1.25.0.linux-amd64/src/runtime/mgc.go
    go.opentelemetry.io/ebpf-profiler/nativeunwind/elfunwindinfo.(*elfExtractor).parseFDE
    /tmp/opentelemetry-ebpf-profiler/nativeunwind/elfunwindinfo/elfehframe.go
    go.opentelemetry.io/ebpf-profiler/nativeunwind/elfunwindinfo.(*elfExtractor).walkBinSearchTable
    go.opentelemetry.io/ebpf-profiler/nativeunwind/elfunwindinfo.(*elfExtractor).parseEHFrame
    go.opentelemetry.io/ebpf-profiler/nativeunwind/elfunwindinfo.extractFile
    /tmp/opentelemetry-ebpf-profiler/nativeunwind/elfunwindinfo/stackdeltaextraction.go
    go.opentelemetry.io/ebpf-profiler/nativeunwind/elfunwindinfo.ExtractELF
    go.opentelemetry.io/ebpf-profiler/nativeunwind/elfunwindinfo.(*ELFStackDeltaProvider).GetIntervalStructuresForFile
    /tmp/opentelemetry-ebpf-profiler/nativeunwind/elfunwindinfo/stackdeltaprovider.go
    go.opentelemetry.io/ebpf-profiler/processmanager/execinfomanager.(*ExecutableInfoManager).AddOrIncRef
    /tmp/opentelemetry-ebpf-profiler/processmanager/execinfomanager/manager.go
    go.opentelemetry.io/ebpf-profiler/processmanager.(*ProcessManager).newFrameMapping
    go.opentelemetry.io/ebpf-profiler/processmanager.(*ProcessManager).SynchronizeProcess.func1
    go.opentelemetry.io/ebpf-profiler/process.(*systemProcess).IterateMappings.func1
    go.opentelemetry.io/ebpf-profiler/process.iterateMappings
    go.opentelemetry.io/ebpf-profiler/process.(*systemProcess).IterateMappings
    node
    V8::BuiltinExitFrame
    V8::InternalFrame
    V8::EntryFrame
    V8::ExitFrame
    deserializePackageJSON
    node:internal/modules/package_json_reader
    getPackageScopeConfig
    getFileProtocolModuleFormat
    node:internal/modules/esm/get_format
    defaultGetFormatWithoutErrors
    defaultResolve
    node:internal/modules/esm/resolve
    #cachedDefaultResolve
    node:internal/modules/esm/loader
    resolve
    getModuleJobForImport
    _link
    node:internal/modules/esm/module_job
    <anonymous>
    <unknown>
    V8::StubFrame
    collectPatternCandidates
    file:///home/fishclaw/.nvm/versions/node/v22.22.0/lib/node_modules/openclaw/dist/io-fQmSDfK-.js
    collectUnsupportedSecretRefConfigCandidates
    collectUnsupportedMutableSecretRefIssues
    collectUnsupportedSecretRefPolicyIssues
    validateConfigObjectRaw
    validateConfigObjectWithPlugins
    measure
    readConfigFileSnapshotInternal
    V8::UnknownFrame
    URL
    node:internal/url
    V8::ConstructFrame
    parse
    compileSourceTextModule
    node:internal/modules/esm/utils
    moduleStrategy
    node:internal/modules/esm/translators
    #translate
    loadAndTranslate
    #createModuleJob
    get
    node:internal/modules/esm/module_map
    #getJobFromResolveResult
    normalizePluginsConfigWithResolver
    file:///home/fishclaw/.nvm/versions/node/v22.22.0/lib/node_modules/openclaw/dist/config-normalization-shared-CJ-Y1ox9.js
    normalizePluginsConfig
    file:///home/fishclaw/.nvm/versions/node/v22.22.0/lib/node_modules/openclaw/dist/config-state-0eXXevbb.js
    resolveInstalledPluginIndexRegistry
    file:///home/fishclaw/.nvm/versions/node/v22.22.0/lib/node_modules/openclaw/dist/installed-plugin-index-QoVlhjjs.js
    buildInstalledPluginIndex
    loadInstalledPluginIndexWithDiscovery
    loadPluginRegistrySnapshotWithMetadata
    file:///home/fishclaw/.nvm/versions/node/v22.22.0/lib/node_modules/openclaw/dist/plugin-registry-BPqzufTQ.js
    loadPluginMetadataSnapshotImpl
    file:///home/fishclaw/.nvm/versions/node/v22.22.0/lib/node_modules/openclaw/dist/plugin-metadata-snapshot-DXKcDDxT.js
    measureDiagnosticsTimelineSpanSync.phase
    measureDiagnosticsTimelineSpanSync
    loadPluginMetadataSnapshot
    resolvePluginMetadataSnapshot
    loadValidationPluginMetadataSnapshot
    withPluginFormatSemantics
    file:///home/fishclaw/.nvm/versions/node/v22.22.0/lib/node_modules/openclaw/dist/schema-validator-BSHTSwuX.js
    applyDefaultsWithPluginFormatSemantics
    validateJsonSchemaValue
    codex
    folio_xchg_last_cpupid
    wp_page_reuse
    do_wp_page
    copy_present_ptes
    copy_pte_range
    copy_p4d_range
    copy_page_range
    dup_mmap
    dup_mm.constprop.0
    copy_process
    kernel_clone
    __x64_sys_fork
    mas_walk
    lock_vma_under_rcu
ResourceProfiles #0
Resource SchemaURL: https://opentelemetry.io/schemas/1.37.0
Resource attributes:
     -> process.pid: Int(2711)
     -> process.executable.path: Str(/home/yunwei37/.cargo/bin/agentsight)
     -> process.executable.name: Str(agentsight)
ScopeProfiles #0
ScopeProfiles SchemaURL: https://opentelemetry.io/schemas/1.37.0
InstrumentationScope go.opentelemetry.io/ebpf-profiler v0.0.0
Profile #0
    Profile ID     : 
    Start time     : 2026-06-21 18:35:50.235958159 +0000 UTC
    DurationNano   : 5181476248
    Dropped attributes count: 0
    Sample #0
        Values: []
        Attributes:
             -> thread.name: agentsight
             -> thread.id: %!s(int64=2711)
             -> cpu.logical_number: %!s(int64=0)
    Sample #1
        Values: []
        Attributes:
             -> thread.name: agentsight
             -> thread.id: %!s(int64=2711)
             -> cpu.logical_number: %!s(int64=0)
    Sample #2
        Values: []
        Attributes:
             -> thread.name: agentsight
             -> thread.id: %!s(int64=2711)
             -> cpu.logical_number: %!s(int64=0)
    Sample #3
        Values: []
        Attributes:
             -> thread.name: agentsight
             -> thread.id: %!s(int64=2711)
             -> cpu.logical_number: %!s(int64=0)
    Sample #4
        Values: []
        Attributes:
             -> thread.name: agentsight
             -> thread.id: %!s(int64=2711)
             -> cpu.logical_number: %!s(int64=0)
    Sample #5
        Values: []
        Attributes:
             -> thread.name: agentsight
             -> thread.id: %!s(int64=2711)
             -> cpu.logical_number: %!s(int64=0)
    Sample #6
        Values: []
        Attributes:
             -> thread.name: agentsight
             -> thread.id: %!s(int64=2711)
             -> cpu.logical_number: %!s(int64=0)
ResourceProfiles #1
Resource SchemaURL: https://opentelemetry.io/schemas/1.37.0
Resource attributes:
     -> process.pid: Int(1097233)
     -> process.executable.path: Str(/home/yunwei37/workspace/gpu/bpftime/example/otel-ebpf-profiler/victim)
     -> process.executable.name: Str(victim)
ScopeProfiles #0
ScopeProfiles SchemaURL: https://opentelemetry.io/schemas/1.37.0
InstrumentationScope go.opentelemetry.io/ebpf-profiler v0.0.0
Profile #0
    Profile ID     : 
    Start time     : 2026-06-21 18:35:50.235958159 +0000 UTC
    DurationNano   : 5181476248
    Dropped attributes count: 0
    Sample #0
        Values: []
        Attributes:
             -> thread.name: victim
             -> thread.id: %!s(int64=1097233)
             -> cpu.logical_number: %!s(int64=2)
    Sample #1
        Values: []
        Attributes:
             -> thread.name: victim
             -> thread.id: %!s(int64=1097233)
             -> cpu.logical_number: %!s(int64=2)
    Sample #2
        Values: []
        Attributes:
             -> thread.name: victim
             -> thread.id: %!s(int64=1097233)
             -> cpu.logical_number: %!s(int64=2)
    Sample #3
        Values: []
        Attributes:
             -> thread.name: victim
             -> thread.id: %!s(int64=1097233)
             -> cpu.logical_number: %!s(int64=2)
    Sample #4
        Values: []
        Attributes:
             -> thread.name: victim
             -> thread.id: %!s(int64=1097233)
             -> cpu.logical_number: %!s(int64=2)
    Sample #5
        Values: []
        Attributes:
             -> thread.name: victim
             -> thread.id: %!s(int64=1097233)
             -> cpu.logical_number: %!s(int64=2)
    Sample #6
        Values: []
        Attributes:
             -> thread.name: victim
             -> thread.id: %!s(int64=1097241)
             -> cpu.logical_number: %!s(int64=17)
    Sample #7
        Values: []
        Attributes:
             -> thread.name: victim
             -> thread.id: %!s(int64=1097241)
             -> cpu.logical_number: %!s(int64=17)
    Sample #8
        Values: []
        Attributes:
             -> thread.name: victim
             -> thread.id: %!s(int64=1097233)
             -> cpu.logical_number: %!s(int64=2)
    Sample #9
        Values: []
        Attributes:
             -> thread.name: victim
             -> thread.id: %!s(int64=1097233)
             -> cpu.logical_number: %!s(int64=2)
    Sample #10
        Values: []
        Attributes:
             -> thread.name: victim
             -> thread.id: %!s(int64=1097233)
             -> cpu.logical_number: %!s(int64=2)
ResourceProfiles #2
Resource SchemaURL: https://opentelemetry.io/schemas/1.37.0
Resource attributes:
     -> process.pid: Int(1097272)
     -> process.executable.path: Str(/usr/lib/llvm-18/bin/clang)
     -> process.executable.name: Str(clang)
ScopeProfiles #0
ScopeProfiles SchemaURL: https://opentelemetry.io/schemas/1.37.0
InstrumentationScope go.opentelemetry.io/ebpf-profiler v0.0.0
Profile #0
    Profile ID     : 
    Start time     : 2026-06-21 18:35:50.235958159 +0000 UTC
    DurationNano   : 5181476248
    Dropped attributes count: 0
    Sample #0
        Values: []
        Attributes:
             -> thread.name: clang
             -> thread.id: %!s(int64=1097272)
             -> cpu.logical_number: %!s(int64=1)
    Sample #1
        Values: []
        Attributes:
             -> thread.name: clang
             -> thread.id: %!s(int64=1097272)
             -> cpu.logical_number: %!s(int64=1)
    Sample #2
        Values: []
        Attributes:
             -> thread.name: clang
             -> thread.id: %!s(int64=1097272)
             -> cpu.logical_number: %!s(int64=1)
    Sample #3
        Values: []
        Attributes:
             -> thread.name: clang
             -> thread.id: %!s(int64=1097272)
             -> cpu.logical_number: %!s(int64=1)
    Sample #4
        Values: []
        Attributes:
             -> thread.name: clang
             -> thread.id: %!s(int64=1097272)
             -> cpu.logical_number: %!s(int64=1)
    Sample #5
        Values: []
        Attributes:
             -> thread.name: clang
             -> thread.id: %!s(int64=1097272)
             -> cpu.logical_number: %!s(int64=1)
    Sample #6
        Values: []
        Attributes:
             -> thread.name: clang
             -> thread.id: %!s(int64=1097272)
             -> cpu.logical_number: %!s(int64=1)
    Sample #7
        Values: []
        Attributes:
             -> thread.name: clang
             -> thread.id: %!s(int64=1097272)
             -> cpu.logical_number: %!s(int64=1)
    Sample #8
        Values: []
        Attributes:
             -> thread.name: clang
             -> thread.id: %!s(int64=1097272)
             -> cpu.logical_number: %!s(int64=1)
    Sample #9
        Values: []
        Attributes:
             -> thread.name: clang
             -> thread.id: %!s(int64=1097272)
             -> cpu.logical_number: %!s(int64=1)
    Sample #10
        Values: []
        Attributes:
             -> thread.name: clang
             -> thread.id: %!s(int64=1097272)
             -> cpu.logical_number: %!s(int64=1)
    Sample #11
        Values: []
        Attributes:
             -> thread.name: clang
             -> thread.id: %!s(int64=1097272)
             -> cpu.logical_number: %!s(int64=1)
    Sample #12
        Values: []
        Attributes:
             -> thread.name: clang
             -> thread.id: %!s(int64=1097272)
             -> cpu.logical_number: %!s(int64=1)
    Sample #13
        Values: []
        Attributes:
             -> thread.name: clang
             -> thread.id: %!s(int64=1097272)
             -> cpu.logical_number: %!s(int64=1)
    Sample #14
        Values: []
        Attributes:
             -> thread.name: clang
             -> thread.id: %!s(int64=1097272)
             -> cpu.logical_number: %!s(int64=1)
    Sample #15
        Values: []
        Attributes:
             -> thread.name: clang
             -> thread.id: %!s(int64=1097272)
             -> cpu.logical_number: %!s(int64=1)
    Sample #16
        Values: []
        Attributes:
             -> thread.name: clang
             -> thread.id: %!s(int64=1097272)
             -> cpu.logical_number: %!s(int64=1)
    Sample #17
        Values: []
        Attributes:
             -> thread.name: clang
             -> thread.id: %!s(int64=1097272)
             -> cpu.logical_number: %!s(int64=1)
    Sample #18
        Values: []
        Attributes:
             -> thread.name: clang
             -> thread.id: %!s(int64=1097272)
             -> cpu.logical_number: %!s(int64=1)
    Sample #19
        Values: []
        Attributes:
             -> thread.name: clang
             -> thread.id: %!s(int64=1097272)
             -> cpu.logical_number: %!s(int64=1)
    Sample #20
        Values: []
        Attributes:
             -> thread.name: clang
             -> thread.id: %!s(int64=1097272)
             -> cpu.logical_number: %!s(int64=1)
    Sample #21
        Values: []
        Attributes:
             -> thread.name: clang
             -> thread.id: %!s(int64=1097272)
             -> cpu.logical_number: %!s(int64=1)
    Sample #22
        Values: []
        Attributes:
             -> thread.name: clang
             -> thread.id: %!s(int64=1097272)
             -> cpu.logical_number: %!s(int64=1)
    Sample #23
        Values: []
        Attributes:
             -> thread.name: clang
             -> thread.id: %!s(int64=1097272)
             -> cpu.logical_number: %!s(int64=1)
    Sample #24
        Values: []
        Attributes:
             -> thread.name: clang
             -> thread.id: %!s(int64=1097272)
             -> cpu.logical_number: %!s(int64=1)
    Sample #25
        Values: []
        Attributes:
             -> thread.name: clang
             -> thread.id: %!s(int64=1097272)
             -> cpu.logical_number: %!s(int64=1)
    Sample #26
        Values: []
        Attributes:
             -> thread.name: clang
             -> thread.id: %!s(int64=1097272)
             -> cpu.logical_number: %!s(int64=1)
    Sample #27
        Values: []
        Attributes:
             -> thread.name: clang
             -> thread.id: %!s(int64=1097272)
             -> cpu.logical_number: %!s(int64=1)
    Sample #28
        Values: []
        Attributes:
             -> thread.name: clang
             -> thread.id: %!s(int64=1097272)
             -> cpu.logical_number: %!s(int64=1)
    Sample #29
        Values: []
        Attributes:
             -> thread.name: clang
             -> thread.id: %!s(int64=1097272)
             -> cpu.logical_number: %!s(int64=1)
    Sample #30
        Values: []
        Attributes:
             -> thread.name: clang
             -> thread.id: %!s(int64=1097272)
             -> cpu.logical_number: %!s(int64=1)
    Sample #31
        Values: []
        Attributes:
             -> thread.name: clang
             -> thread.id: %!s(int64=1097272)
             -> cpu.logical_number: %!s(int64=1)
    Sample #32
        Values: []
        Attributes:
             -> thread.name: clang
             -> thread.id: %!s(int64=1097272)
             -> cpu.logical_number: %!s(int64=1)
    Sample #33
        Values: []
        Attributes:
             -> thread.name: clang
             -> thread.id: %!s(int64=1097272)
             -> cpu.logical_number: %!s(int64=1)
    Sample #34
        Values: []
        Attributes:
             -> thread.name: clang
             -> thread.id: %!s(int64=1097272)
             -> cpu.logical_number: %!s(int64=1)
    Sample #35
        Values: []
        Attributes:
             -> thread.name: clang
             -> thread.id: %!s(int64=1097272)
             -> cpu.logical_number: %!s(int64=1)
    Sample #36
        Values: []
        Attributes:
             -> thread.name: clang
             -> thread.id: %!s(int64=1097272)
             -> cpu.logical_number: %!s(int64=1)
    Sample #37
        Values: []
        Attributes:
             -> thread.name: clang
             -> thread.id: %!s(int64=1097272)
             -> cpu.logical_number: %!s(int64=1)
    Sample #38
        Values: []
        Attributes:
             -> thread.name: clang
             -> thread.id: %!s(int64=1097272)
             -> cpu.logical_number: %!s(int64=1)
    Sample #39
        Values: []
        Attributes:
             -> thread.name: clang
             -> thread.id: %!s(int64=1097272)
             -> cpu.logical_number: %!s(int64=1)
    Sample #40
        Values: []
        Attributes:
             -> thread.name: clang
             -> thread.id: %!s(int64=1097272)
             -> cpu.logical_number: %!s(int64=1)
    Sample #41
        Values: []
        Attributes:
             -> thread.name: clang
             -> thread.id: %!s(int64=1097272)
             -> cpu.logical_number: %!s(int64=1)
    Sample #42
        Values: []
        Attributes:
             -> thread.name: clang
             -> thread.id: %!s(int64=1097272)
             -> cpu.logical_number: %!s(int64=1)
    Sample #43
        Values: []
        Attributes:
             -> thread.name: clang
             -> thread.id: %!s(int64=1097272)
             -> cpu.logical_number: %!s(int64=1)
    Sample #44
        Values: []
        Attributes:
             -> thread.name: clang
             -> thread.id: %!s(int64=1097272)
             -> cpu.logical_number: %!s(int64=1)
    Sample #45
        Values: []
        Attributes:
             -> thread.name: clang
             -> thread.id: %!s(int64=1097272)
             -> cpu.logical_number: %!s(int64=1)
    Sample #46
        Values: []
        Attributes:
             -> thread.name: clang
             -> thread.id: %!s(int64=1097272)
             -> cpu.logical_number: %!s(int64=1)
    Sample #47
        Values: []
        Attributes:
             -> thread.name: clang
             -> thread.id: %!s(int64=1097272)
             -> cpu.logical_number: %!s(int64=1)
    Sample #48
        Values: []
        Attributes:
             -> thread.name: clang
             -> thread.id: %!s(int64=1097272)
             -> cpu.logical_number: %!s(int64=1)
    Sample #49
        Values: []
        Attributes:
             -> thread.name: clang
             -> thread.id: %!s(int64=1097272)
             -> cpu.logical_number: %!s(int64=1)
    Sample #50
        Values: []
        Attributes:
             -> thread.name: clang
             -> thread.id: %!s(int64=1097272)
             -> cpu.logical_number: %!s(int64=1)
    Sample #51
        Values: []
        Attributes:
             -> thread.name: clang
             -> thread.id: %!s(int64=1097272)
             -> cpu.logical_number: %!s(int64=1)
    Sample #52
        Values: []
        Attributes:
             -> thread.name: clang
             -> thread.id: %!s(int64=1097272)
             -> cpu.logical_number: %!s(int64=1)
    Sample #53
        Values: []
        Attributes:
             -> thread.name: clang
             -> thread.id: %!s(int64=1097272)
             -> cpu.logical_number: %!s(int64=1)
    Sample #54
        Values: []
        Attributes:
             -> thread.name: clang
             -> thread.id: %!s(int64=1097272)
             -> cpu.logical_number: %!s(int64=1)
    Sample #55
        Values: []
        Attributes:
             -> thread.name: clang
             -> thread.id: %!s(int64=1097272)
             -> cpu.logical_number: %!s(int64=1)
    Sample #56
        Values: []
        Attributes:
             -> thread.name: clang
             -> thread.id: %!s(int64=1097272)
             -> cpu.logical_number: %!s(int64=1)
    Sample #57
        Values: []
        Attributes:
             -> thread.name: clang
             -> thread.id: %!s(int64=1097272)
             -> cpu.logical_number: %!s(int64=1)
    Sample #58
        Values: []
        Attributes:
             -> thread.name: clang
             -> thread.id: %!s(int64=1097272)
             -> cpu.logical_number: %!s(int64=1)
    Sample #59
        Values: []
        Attributes:
             -> thread.name: clang
             -> thread.id: %!s(int64=1097272)
             -> cpu.logical_number: %!s(int64=1)
    Sample #60
        Values: []
        Attributes:
             -> thread.name: clang
             -> thread.id: %!s(int64=1097272)
             -> cpu.logical_number: %!s(int64=1)
    Sample #61
        Values: []
        Attributes:
             -> thread.name: clang
             -> thread.id: %!s(int64=1097272)
             -> cpu.logical_number: %!s(int64=1)
    Sample #62
        Values: []
        Attributes:
             -> thread.name: clang
             -> thread.id: %!s(int64=1097272)
             -> cpu.logical_number: %!s(int64=1)
    Sample #63
        Values: []
        Attributes:
             -> thread.name: clang
             -> thread.id: %!s(int64=1097272)
             -> cpu.logical_number: %!s(int64=1)
    Sample #64
        Values: []
        Attributes:
             -> thread.name: clang
             -> thread.id: %!s(int64=1097272)
             -> cpu.logical_number: %!s(int64=1)
    Sample #65
        Values: []
        Attributes:
             -> thread.name: clang
             -> thread.id: %!s(int64=1097272)
             -> cpu.logical_number: %!s(int64=1)
    Sample #66
        Values: []
        Attributes:
             -> thread.name: clang
             -> thread.id: %!s(int64=1097272)
             -> cpu.logical_number: %!s(int64=1)
    Sample #67
        Values: []
        Attributes:
             -> thread.name: clang
             -> thread.id: %!s(int64=1097272)
             -> cpu.logical_number: %!s(int64=1)
    Sample #68
        Values: []
        Attributes:
             -> thread.name: clang
             -> thread.id: %!s(int64=1097272)
             -> cpu.logical_number: %!s(int64=1)
    Sample #69
        Values: []
        Attributes:
             -> thread.name: clang
             -> thread.id: %!s(int64=1097272)
             -> cpu.logical_number: %!s(int64=1)
    Sample #70
        Values: []
        Attributes:
             -> thread.name: clang
             -> thread.id: %!s(int64=1097272)
             -> cpu.logical_number: %!s(int64=1)
    Sample #71
        Values: []
        Attributes:
             -> thread.name: clang
             -> thread.id: %!s(int64=1097272)
             -> cpu.logical_number: %!s(int64=1)
    Sample #72
        Values: []
        Attributes:
             -> thread.name: clang
             -> thread.id: %!s(int64=1097272)
             -> cpu.logical_number: %!s(int64=1)
    Sample #73
        Values: []
        Attributes:
             -> thread.name: clang
             -> thread.id: %!s(int64=1097272)
             -> cpu.logical_number: %!s(int64=1)
    Sample #74
        Values: []
        Attributes:
             -> thread.name: clang
             -> thread.id: %!s(int64=1097272)
             -> cpu.logical_number: %!s(int64=1)
    Sample #75
        Values: []
        Attributes:
             -> thread.name: clang
             -> thread.id: %!s(int64=1097272)
             -> cpu.logical_number: %!s(int64=1)
    Sample #76
        Values: []
        Attributes:
             -> thread.name: clang
             -> thread.id: %!s(int64=1097272)
             -> cpu.logical_number: %!s(int64=1)
    Sample #77
        Values: []
        Attributes:
             -> thread.name: clang
             -> thread.id: %!s(int64=1097272)
             -> cpu.logical_number: %!s(int64=1)
    Sample #78
        Values: []
        Attributes:
             -> thread.name: clang
             -> thread.id: %!s(int64=1097272)
             -> cpu.logical_number: %!s(int64=1)
    Sample #79
        Values: []
        Attributes:
             -> thread.name: clang
             -> thread.id: %!s(int64=1097272)
             -> cpu.logical_number: %!s(int64=1)
    Sample #80
        Values: []
        Attributes:
             -> thread.name: clang
             -> thread.id: %!s(int64=1097272)
             -> cpu.logical_number: %!s(int64=1)
    Sample #81
        Values: []
        Attributes:
             -> thread.name: clang
             -> thread.id: %!s(int64=1097272)
             -> cpu.logical_number: %!s(int64=1)
    Sample #82
        Values: []
        Attributes:
             -> thread.name: clang
             -> thread.id: %!s(int64=1097272)
             -> cpu.logical_number: %!s(int64=1)
    Sample #83
        Values: []
        Attributes:
             -> thread.name: clang
             -> thread.id: %!s(int64=1097272)
             -> cpu.logical_number: %!s(int64=1)
    Sample #84
        Values: []
        Attributes:
             -> thread.name: clang
             -> thread.id: %!s(int64=1097272)
             -> cpu.logical_number: %!s(int64=1)
    Sample #85
        Values: []
        Attributes:
             -> thread.name: clang
             -> thread.id: %!s(int64=1097272)
             -> cpu.logical_number: %!s(int64=1)
    Sample #86
        Values: []
        Attributes:
             -> thread.name: clang
             -> thread.id: %!s(int64=1097272)
             -> cpu.logical_number: %!s(int64=1)
    Sample #87
        Values: []
        Attributes:
             -> thread.name: clang
             -> thread.id: %!s(int64=1097272)
             -> cpu.logical_number: %!s(int64=1)
    Sample #88
        Values: []
        Attributes:
             -> thread.name: clang
             -> thread.id: %!s(int64=1097272)
             -> cpu.logical_number: %!s(int64=1)
    Sample #89
        Values: []
        Attributes:
             -> thread.name: clang
             -> thread.id: %!s(int64=1097272)
             -> cpu.logical_number: %!s(int64=1)
    Sample #90
        Values: []
        Attributes:
             -> thread.name: clang
             -> thread.id: %!s(int64=1097272)
             -> cpu.logical_number: %!s(int64=1)
    Sample #91
        Values: []
        Attributes:
             -> thread.name: clang
             -> thread.id: %!s(int64=1097272)
             -> cpu.logical_number: %!s(int64=1)
    Sample #92
        Values: []
        Attributes:
             -> thread.name: clang
             -> thread.id: %!s(int64=1097272)
             -> cpu.logical_number: %!s(int64=1)
    Sample #93
        Values: []
        Attributes:
             -> thread.name: clang
             -> thread.id: %!s(int64=1097272)
             -> cpu.logical_number: %!s(int64=1)
    Sample #94
        Values: []
        Attributes:
             -> thread.name: clang
             -> thread.id: %!s(int64=1097272)
             -> cpu.logical_number: %!s(int64=1)
    Sample #95
        Values: []
        Attributes:
             -> thread.name: clang
             -> thread.id: %!s(int64=1097272)
             -> cpu.logical_number: %!s(int64=1)
    Sample #96
        Values: []
        Attributes:
             -> thread.name: clang
             -> thread.id: %!s(int64=1097272)
             -> cpu.logical_number: %!s(int64=1)
    Sample #97
        Values: []
        Attributes:
             -> thread.name: clang
             -> thread.id: %!s(int64=1097272)
             -> cpu.logical_number: %!s(int64=1)
    Sample #98
        Values: []
        Attributes:
             -> thread.name: clang
             -> thread.id: %!s(int64=1097272)
             -> cpu.logical_number: %!s(int64=1)
    Sample #99
        Values: []
        Attributes:
             -> thread.name: clang
             -> thread.id: %!s(int64=1097272)
             -> cpu.logical_number: %!s(int64=1)
ResourceProfiles #3
Resource SchemaURL: https://opentelemetry.io/schemas/1.37.0
Resource attributes:
     -> process.pid: Int(1097207)
     -> process.executable.path: Str(/usr/bin/timeout)
     -> process.executable.name: Str(timeout)
ScopeProfiles #0
ScopeProfiles SchemaURL: https://opentelemetry.io/schemas/1.37.0
InstrumentationScope go.opentelemetry.io/ebpf-profiler v0.0.0
Profile #0
    Profile ID     : 
    Start time     : 2026-06-21 18:35:50.235958159 +0000 UTC
    DurationNano   : 5181476248
    Dropped attributes count: 0
    Sample #0
        Values: []
        Attributes:
             -> thread.name: timeout
             -> thread.id: %!s(int64=1097232)
             -> cpu.logical_number: %!s(int64=15)
    Sample #1
        Values: []
        Attributes:
             -> thread.name: timeout
             -> thread.id: %!s(int64=1097232)
             -> cpu.logical_number: %!s(int64=15)
ResourceProfiles #4
Resource SchemaURL: https://opentelemetry.io/schemas/1.37.0
Resource attributes:
     -> process.pid: Int(1097117)
     -> process.executable.path: Str(/tmp/opentelemetry-ebpf-profiler/otelcol-ebpf-profiler)
     -> process.executable.name: Str(otelcol-ebpf-profiler)
ScopeProfiles #0
ScopeProfiles SchemaURL: https://opentelemetry.io/schemas/1.37.0
InstrumentationScope go.opentelemetry.io/ebpf-profiler v0.0.0
Profile #0
    Profile ID     : 
    Start time     : 2026-06-21 18:35:50.235958159 +0000 UTC
    DurationNano   : 5181476248
    Dropped attributes count: 0
    Sample #0
        Values: []
        Attributes:
             -> thread.name: otelcol-ebpf-pr
             -> thread.id: %!s(int64=1097162)
             -> cpu.logical_number: %!s(int64=13)
    Sample #1
        Values: []
        Attributes:
             -> thread.name: otelcol-ebpf-pr
             -> thread.id: %!s(int64=1097159)
             -> cpu.logical_number: %!s(int64=14)
    Sample #2
        Values: []
        Attributes:
             -> thread.name: otelcol-ebpf-pr
             -> thread.id: %!s(int64=1097369)
             -> cpu.logical_number: %!s(int64=9)
    Sample #3
        Values: []
        Attributes:
             -> thread.name: otelcol-ebpf-pr
             -> thread.id: %!s(int64=1097161)
             -> cpu.logical_number: %!s(int64=13)
ResourceProfiles #5
Resource SchemaURL: https://opentelemetry.io/schemas/1.37.0
Resource attributes:
     -> process.pid: Int(1097317)
     -> process.executable.path: Str(/home/fishclaw/.nvm/versions/node/v22.22.0/bin/node)
     -> process.executable.name: Str(node)
ScopeProfiles #0
ScopeProfiles SchemaURL: https://opentelemetry.io/schemas/1.37.0
InstrumentationScope go.opentelemetry.io/ebpf-profiler v0.0.0
Profile #0
    Profile ID     : 
    Start time     : 2026-06-21 18:35:50.235958159 +0000 UTC
    DurationNano   : 5181476248
    Dropped attributes count: 0
    Sample #0
        Values: []
        Attributes:
             -> thread.name: node
             -> thread.id: %!s(int64=1097317)
             -> cpu.logical_number: %!s(int64=3)
    Sample #1
        Values: []
        Attributes:
             -> thread.name: node
             -> thread.id: %!s(int64=1097317)
             -> cpu.logical_number: %!s(int64=3)
    Sample #2
        Values: []
        Attributes:
             -> thread.name: node
             -> thread.id: %!s(int64=1097320)
             -> cpu.logical_number: %!s(int64=23)
    Sample #3
        Values: []
        Attributes:
             -> thread.name: node
             -> thread.id: %!s(int64=1097317)
             -> cpu.logical_number: %!s(int64=19)
    Sample #4
        Values: []
        Attributes:
             -> thread.name: node
             -> thread.id: %!s(int64=1097317)
             -> cpu.logical_number: %!s(int64=3)
    Sample #5
        Values: []
        Attributes:
             -> thread.name: node
             -> thread.id: %!s(int64=1097317)
             -> cpu.logical_number: %!s(int64=3)
    Sample #6
        Values: []
        Attributes:
             -> thread.name: node
             -> thread.id: %!s(int64=1097321)
             -> cpu.logical_number: %!s(int64=15)
    Sample #7
        Values: []
        Attributes:
             -> thread.name: node
             -> thread.id: %!s(int64=1097317)
             -> cpu.logical_number: %!s(int64=3)
    Sample #8
        Values: []
        Attributes:
             -> thread.name: node
             -> thread.id: %!s(int64=1097322)
             -> cpu.logical_number: %!s(int64=17)
    Sample #9
        Values: []
        Attributes:
             -> thread.name: node
             -> thread.id: %!s(int64=1097321)
             -> cpu.logical_number: %!s(int64=18)
    Sample #10
        Values: []
        Attributes:
             -> thread.name: node
             -> thread.id: %!s(int64=1097319)
             -> cpu.logical_number: %!s(int64=10)
    Sample #11
        Values: []
        Attributes:
             -> thread.name: node
             -> thread.id: %!s(int64=1097317)
             -> cpu.logical_number: %!s(int64=3)
    Sample #12
        Values: []
        Attributes:
             -> thread.name: node
             -> thread.id: %!s(int64=1097317)
             -> cpu.logical_number: %!s(int64=3)
    Sample #13
        Values: []
        Attributes:
             -> thread.name: node
             -> thread.id: %!s(int64=1097317)
             -> cpu.logical_number: %!s(int64=3)
    Sample #14
        Values: []
        Attributes:
             -> thread.name: node
             -> thread.id: %!s(int64=1097317)
             -> cpu.logical_number: %!s(int64=3)
    Sample #15
        Values: []
        Attributes:
             -> thread.name: node
             -> thread.id: %!s(int64=1097317)
             -> cpu.logical_number: %!s(int64=3)
    Sample #16
        Values: []
        Attributes:
             -> thread.name: node
             -> thread.id: %!s(int64=1097319)
             -> cpu.logical_number: %!s(int64=11)
ResourceProfiles #6
Resource SchemaURL: https://opentelemetry.io/schemas/1.37.0
Resource attributes:
     -> process.pid: Int(6917)
     -> process.executable.path: Str(/home/yunwei37/.nvm/versions/node/v22.22.0/lib/node_modules/@openai/codex/node_modules/@openai/codex-linux-x64/vendor/x86_64-unknown-linux-musl/bin/codex)
     -> process.executable.name: Str(codex)
ScopeProfiles #0
ScopeProfiles SchemaURL: https://opentelemetry.io/schemas/1.37.0
InstrumentationScope go.opentelemetry.io/ebpf-profiler v0.0.0
Profile #0
    Profile ID     : 
    Start time     : 2026-06-21 18:35:50.235958159 +0000 UTC
    DurationNano   : 5181476248
    Dropped attributes count: 0
    Sample #0
        Values: []
        Attributes:
             -> thread.name: sqlx-sqlite-wor
             -> thread.id: %!s(int64=1066308)
             -> cpu.logical_number: %!s(int64=20)
    Sample #1
        Values: []
        Attributes:
             -> thread.name: tokio-rt-worker
             -> thread.id: %!s(int64=6937)
             -> cpu.logical_number: %!s(int64=20)
    Sample #2
        Values: []
        Attributes:
             -> thread.name: sqlx-sqlite-wor
             -> thread.id: %!s(int64=1066156)
             -> cpu.logical_number: %!s(int64=7)
    Sample #3
        Values: []
        Attributes:
             -> thread.name: tokio-rt-worker
             -> thread.id: %!s(int64=6933)
             -> cpu.logical_number: %!s(int64=17)
    Sample #4
        Values: []
        Attributes:
             -> thread.name: tokio-rt-worker
             -> thread.id: %!s(int64=6937)
             -> cpu.logical_number: %!s(int64=16)
    Sample #5
        Values: []
        Attributes:
             -> thread.name: tokio-rt-worker
             -> thread.id: %!s(int64=6937)
             -> cpu.logical_number: %!s(int64=17)
    Sample #6
        Values: []
        Attributes:
             -> thread.name: tokio-rt-worker
             -> thread.id: %!s(int64=6931)
             -> cpu.logical_number: %!s(int64=16)
	{"resource": {"service.instance.id": "24eafe71-670a-4845-a2e9-cd3bab728edc", "service.name": "otelcol-ebpf-profiler", "service.version": "dev"}, "otelcol.component.id": "debug", "otelcol.component.kind": "exporter", "otelcol.signal": "profiles"}
2026-06-21T11:35:57.030-0700	info	otelcol@v0.154.0/collector.go:391	Received signal from OS	{"resource": {"service.instance.id": "24eafe71-670a-4845-a2e9-cd3bab728edc", "service.name": "otelcol-ebpf-profiler", "service.version": "dev"}, "signal": "terminated"}
2026-06-21T11:35:57.030-0700	info	service@v0.154.0/service.go:278	Starting shutdown...	{"resource": {"service.instance.id": "24eafe71-670a-4845-a2e9-cd3bab728edc", "service.name": "otelcol-ebpf-profiler", "service.version": "dev"}}
2026-06-21T11:35:57.030-0700	info	Stop processing ...	{"resource": {"service.instance.id": "24eafe71-670a-4845-a2e9-cd3bab728edc", "service.name": "otelcol-ebpf-profiler", "service.version": "dev"}, "otelcol.component.id": "profiling", "otelcol.component.kind": "receiver", "otelcol.signal": "profiles"}
2026-06-21T11:35:57.297-0700	info	extensions/extensions.go:69	Stopping extensions...	{"resource": {"service.instance.id": "24eafe71-670a-4845-a2e9-cd3bab728edc", "service.name": "otelcol-ebpf-profiler", "service.version": "dev"}}
2026-06-21T11:35:57.297-0700	info	service@v0.154.0/service.go:292	Shutdown complete.	{"resource": {"service.instance.id": "24eafe71-670a-4845-a2e9-cd3bab728edc", "service.name": "otelcol-ebpf-profiler", "service.version": "dev"}}
