2026-06-21T14:04:42.619-0700	info	otelconftelemetry/tracer.go:47	Internal trace telemetry disabled	{"resource": {"service.instance.id": "5af0db8e-0b89-43d7-ada7-28085e02df9c", "service.name": "otelcol-ebpf-profiler", "service.version": "dev"}}
2026-06-21T14:04:42.620-0700	info	builders/builders.go:28	Development component. May change in the future.	{"resource": {"service.instance.id": "5af0db8e-0b89-43d7-ada7-28085e02df9c", "service.name": "otelcol-ebpf-profiler", "service.version": "dev"}, "otelcol.component.id": "profiling", "otelcol.component.kind": "receiver", "otelcol.signal": "profiles"}
2026-06-21T14:04:42.622-0700	info	service@v0.154.0/service.go:241	Starting otelcol-ebpf-profiler...	{"resource": {"service.instance.id": "5af0db8e-0b89-43d7-ada7-28085e02df9c", "service.name": "otelcol-ebpf-profiler", "service.version": "dev"}, "Version": "dev", "NumCPU": 24}
2026-06-21T14:04:42.622-0700	info	extensions/extensions.go:41	Starting extensions...	{"resource": {"service.instance.id": "5af0db8e-0b89-43d7-ada7-28085e02df9c", "service.name": "otelcol-ebpf-profiler", "service.version": "dev"}}
2026-06-21T14:04:42.622-0700	info	Interpreter tracers: perl,php,python,hotspot,ruby,v8,dotnet,luajit,go,labels,beam	{"resource": {"service.instance.id": "5af0db8e-0b89-43d7-ada7-28085e02df9c", "service.name": "otelcol-ebpf-profiler", "service.version": "dev"}, "otelcol.component.id": "profiling", "otelcol.component.kind": "receiver", "otelcol.signal": "profiles"}
2026-06-21T14:04:42.837-0700	info	Found offsets: task stack 0x20, pt_regs 0x3f48, tpbase 0x25a8	{"resource": {"service.instance.id": "5af0db8e-0b89-43d7-ada7-28085e02df9c", "service.name": "otelcol-ebpf-profiler", "service.version": "dev"}, "otelcol.component.id": "profiling", "otelcol.component.kind": "receiver", "otelcol.signal": "profiles"}
2026-06-21T14:04:42.843-0700	info	Skip pinning eBPF map to share OTel span/trace IDs	{"resource": {"service.instance.id": "5af0db8e-0b89-43d7-ada7-28085e02df9c", "service.name": "otelcol-ebpf-profiler", "service.version": "dev"}, "otelcol.component.id": "profiling", "otelcol.component.kind": "receiver", "otelcol.signal": "profiles"}
2026-06-21T14:04:43.665-0700	info	Supports LPM trie eBPF map batch operations	{"resource": {"service.instance.id": "5af0db8e-0b89-43d7-ada7-28085e02df9c", "service.name": "otelcol-ebpf-profiler", "service.version": "dev"}, "otelcol.component.id": "profiling", "otelcol.component.kind": "receiver", "otelcol.signal": "profiles"}
2026-06-21T14:04:43.894-0700	info	eBPF tracer loaded	{"resource": {"service.instance.id": "5af0db8e-0b89-43d7-ada7-28085e02df9c", "service.name": "otelcol-ebpf-profiler", "service.version": "dev"}, "otelcol.component.id": "profiling", "otelcol.component.kind": "receiver", "otelcol.signal": "profiles"}
2026-06-21T14:04:43.895-0700	info	Attached tracer program	{"resource": {"service.instance.id": "5af0db8e-0b89-43d7-ada7-28085e02df9c", "service.name": "otelcol-ebpf-profiler", "service.version": "dev"}, "otelcol.component.id": "profiling", "otelcol.component.kind": "receiver", "otelcol.signal": "profiles"}
2026-06-21T14:04:43.903-0700	info	Attached probes	{"resource": {"service.instance.id": "5af0db8e-0b89-43d7-ada7-28085e02df9c", "service.name": "otelcol-ebpf-profiler", "service.version": "dev"}, "otelcol.component.id": "profiling", "otelcol.component.kind": "receiver", "otelcol.signal": "profiles"}
2026-06-21T14:04:43.905-0700	info	Attached sched monitor	{"resource": {"service.instance.id": "5af0db8e-0b89-43d7-ada7-28085e02df9c", "service.name": "otelcol-ebpf-profiler", "service.version": "dev"}, "otelcol.component.id": "profiling", "otelcol.component.kind": "receiver", "otelcol.signal": "profiles"}
2026-06-21T14:04:43.940-0700	info	service@v0.154.0/service.go:264	Everything is ready. Begin running and processing data.	{"resource": {"service.instance.id": "5af0db8e-0b89-43d7-ada7-28085e02df9c", "service.name": "otelcol-ebpf-profiler", "service.version": "dev"}}
2026-06-21T14:04:47.623-0700	info	Profiles	{"resource": {"service.instance.id": "5af0db8e-0b89-43d7-ada7-28085e02df9c", "service.name": "otelcol-ebpf-profiler", "service.version": "dev"}, "otelcol.component.id": "debug", "otelcol.component.kind": "exporter", "otelcol.signal": "profiles", "resource profiles": 5, "sample records": 7}
2026-06-21T14:04:47.623-0700	info	Mapping #0
    Memory start: 0
    Memory limit: 0
    File offset: 0
    File name: 0
    Attributes: []
Mapping #1
    Memory start: 0
    Memory limit: 0
    File offset: 0
    File name: 5
    Attributes: [1 2]
Mapping #2
    Memory start: 0
    Memory limit: 0
    File offset: 0
    File name: 13
    Attributes: [4 5]
Mapping #3
    Memory start: 4194304
    Memory limit: 19996672
    File offset: 0
    File name: 57
    Attributes: [11 12]
Mapping #4
    Memory start: 163840
    Memory limit: 1769472
    File offset: 163840
    File name: 114
    Attributes: [19]
Mapping #5
    Memory start: 14532608
    Memory limit: 21663744
    File offset: 14528512
    File name: 115
    Attributes: [21 22]
Location #0
    Mapping index: 0
    Address: 0
    Attributes: []
Location #1
    Mapping index: 1
    Address: 2128006
    Line #0
        Function index: 1
        Line: 0
        Column: 0
    Attributes: [3]
Location #2
    Mapping index: 1
    Address: 2128619
    Line #0
        Function index: 2
        Line: 0
        Column: 0
    Attributes: [3]
Location #3
    Mapping index: 1
    Address: 2131812
    Line #0
        Function index: 3
        Line: 0
        Column: 0
    Attributes: [3]
Location #4
    Mapping index: 1
    Address: 2133379
    Line #0
        Function index: 4
        Line: 0
        Column: 0
    Attributes: [3]
Location #5
    Mapping index: 2
    Address: 18218213
    Line #0
        Function index: 5
        Line: 0
        Column: 0
    Attributes: [3]
Location #6
    Mapping index: 2
    Address: 18218866
    Line #0
        Function index: 6
        Line: 0
        Column: 0
    Attributes: [3]
Location #7
    Mapping index: 2
    Address: 15789642
    Line #0
        Function index: 7
        Line: 0
        Column: 0
    Attributes: [3]
Location #8
    Mapping index: 2
    Address: 15804669
    Line #0
        Function index: 8
        Line: 0
        Column: 0
    Attributes: [3]
Location #9
    Mapping index: 2
    Address: 15806740
    Line #0
        Function index: 9
        Line: 0
        Column: 0
    Attributes: [3]
Location #10
    Mapping index: 2
    Address: 15807057
    Line #0
        Function index: 10
        Line: 0
        Column: 0
    Attributes: [3]
Location #11
    Mapping index: 2
    Address: 15807298
    Line #0
        Function index: 11
        Line: 0
        Column: 0
    Attributes: [3]
Location #12
    Mapping index: 1
    Address: 2145158
    Line #0
        Function index: 12
        Line: 0
        Column: 0
    Attributes: [3]
Location #13
    Mapping index: 1
    Address: 2145789
    Line #0
        Function index: 13
        Line: 0
        Column: 0
    Attributes: [3]
Location #14
    Mapping index: 2
    Address: 16090216
    Line #0
        Function index: 14
        Line: 0
        Column: 0
    Attributes: [3]
Location #15
    Mapping index: 2
    Address: 16090372
    Line #0
        Function index: 15
        Line: 0
        Column: 0
    Attributes: [3]
Location #16
    Mapping index: 2
    Address: 16091681
    Line #0
        Function index: 16
        Line: 0
        Column: 0
    Attributes: [3]
Location #17
    Mapping index: 2
    Address: 4411081
    Line #0
        Function index: 17
        Line: 0
        Column: 0
    Attributes: [3]
Location #18
    Mapping index: 2
    Address: 4412409
    Line #0
        Function index: 18
        Line: 0
        Column: 0
    Attributes: [3]
Location #19
    Mapping index: 2
    Address: 4461015
    Line #0
        Function index: 19
        Line: 0
        Column: 0
    Attributes: [3]
Location #20
    Mapping index: 2
    Address: 3573443
    Line #0
        Function index: 20
        Line: 0
        Column: 0
    Attributes: [3]
Location #21
    Mapping index: 2
    Address: 3163321
    Line #0
        Function index: 21
        Line: 0
        Column: 0
    Attributes: [3]
Location #22
    Mapping index: 2
    Address: 22447056
    Line #0
        Function index: 22
        Line: 0
        Column: 0
    Attributes: [3]
Location #23
    Mapping index: 1
    Address: 70001
    Line #0
        Function index: 23
        Line: 0
        Column: 0
    Attributes: [3]
Location #24
    Mapping index: 1
    Address: 1605753
    Line #0
        Function index: 24
        Line: 0
        Column: 0
    Attributes: [3]
Location #25
    Mapping index: 1
    Address: 1597709
    Line #0
        Function index: 25
        Line: 0
        Column: 0
    Attributes: [3]
Location #26
    Mapping index: 1
    Address: 1613276
    Line #0
        Function index: 26
        Line: 0
        Column: 0
    Attributes: [3]
Location #27
    Mapping index: 1
    Address: 2035174
    Line #0
        Function index: 27
        Line: 0
        Column: 0
    Attributes: [3]
Location #28
    Mapping index: 1
    Address: 2035354
    Line #0
        Function index: 28
        Line: 0
        Column: 0
    Attributes: [3]
Location #29
    Mapping index: 1
    Address: 2145640
    Line #0
        Function index: 13
        Line: 0
        Column: 0
    Attributes: [3]
Location #30
    Mapping index: 2
    Address: 16091159
    Line #0
        Function index: 29
        Line: 0
        Column: 0
    Attributes: [3]
Location #31
    Mapping index: 1
    Address: 1452762
    Line #0
        Function index: 30
        Line: 0
        Column: 0
    Attributes: [3]
Location #32
    Mapping index: 1
    Address: 1455001
    Line #0
        Function index: 31
        Line: 0
        Column: 0
    Attributes: [3]
Location #33
    Mapping index: 2
    Address: 22285421
    Line #0
        Function index: 32
        Line: 0
        Column: 0
    Attributes: [3]
Location #34
    Mapping index: 2
    Address: 22303462
    Line #0
        Function index: 33
        Line: 0
        Column: 0
    Attributes: [3]
Location #35
    Mapping index: 2
    Address: 8927891
    Line #0
        Function index: 34
        Line: 0
        Column: 0
    Attributes: [3]
Location #36
    Mapping index: 2
    Address: 9552550
    Line #0
        Function index: 35
        Line: 0
        Column: 0
    Attributes: [3]
Location #37
    Mapping index: 2
    Address: 9521474
    Line #0
        Function index: 36
        Line: 0
        Column: 0
    Attributes: [3]
Location #38
    Mapping index: 2
    Address: 8929165
    Line #0
        Function index: 37
        Line: 0
        Column: 0
    Attributes: [3]
Location #39
    Mapping index: 2
    Address: 8930316
    Line #0
        Function index: 38
        Line: 0
        Column: 0
    Attributes: [3]
Location #40
    Mapping index: 2
    Address: 8662554
    Line #0
        Function index: 39
        Line: 0
        Column: 0
    Attributes: [3]
Location #41
    Mapping index: 2
    Address: 8666654
    Line #0
        Function index: 40
        Line: 0
        Column: 0
    Attributes: [3]
Location #42
    Mapping index: 2
    Address: 8666824
    Line #0
        Function index: 41
        Line: 0
        Column: 0
    Attributes: [3]
Location #43
    Mapping index: 2
    Address: 3171795
    Line #0
        Function index: 42
        Line: 0
        Column: 0
    Attributes: [3]
Location #44
    Mapping index: 2
    Address: 22351549
    Line #0
        Function index: 43
        Line: 0
        Column: 0
    Attributes: [3]
Location #45
    Mapping index: 2
    Address: 298
    Line #0
        Function index: 44
        Line: 0
        Column: 0
    Attributes: [3]
Location #46
    Mapping index: 3
    Address: 4224397
    Line #0
        Function index: 45
        Line: 36
        Column: 0
    Attributes: [13]
Location #47
    Mapping index: 3
    Address: 4849036
    Line #0
        Function index: 46
        Line: 67
        Column: 0
    Attributes: [13]
Location #48
    Mapping index: 3
    Address: 4849125
    Line #0
        Function index: 47
        Line: 87
        Column: 0
    Attributes: [13]
Location #49
    Mapping index: 3
    Address: 4841783
    Line #0
        Function index: 48
        Line: 738
        Column: 0
    Attributes: [13]
Location #50
    Mapping index: 3
    Address: 5235885
    Line #0
        Function index: 49
        Line: 183
        Column: 0
    Attributes: [13]
Location #51
    Mapping index: 3
    Address: 5283054
    Line #0
        Function index: 50
        Line: 29
        Column: 0
    Attributes: [13]
Location #52
    Mapping index: 3
    Address: 5316784
    Line #0
        Function index: 51
        Line: 1
        Column: 0
    Attributes: [13]
Location #53
    Mapping index: 3
    Address: 5288175
    Line #0
        Function index: 52
        Line: 912
        Column: 0
    Attributes: [13]
Location #54
    Mapping index: 3
    Address: 5287698
    Line #0
        Function index: 53
        Line: 874
        Column: 0
    Attributes: [13]
Location #55
    Mapping index: 3
    Address: 18437508
    Line #0
        Function index: 54
        Line: 116
        Column: 0
    Attributes: [13]
Location #56
    Mapping index: 3
    Address: 19414066
    Line #0
        Function index: 55
        Line: 132
        Column: 0
    Attributes: [13]
Location #57
    Mapping index: 3
    Address: 19426910
    Line #0
        Function index: 56
        Line: 511
        Column: 0
    Attributes: [13]
Location #58
    Mapping index: 3
    Address: 19501466
    Line #0
        Function index: 57
        Line: 57
        Column: 0
    Attributes: [13]
Location #59
    Mapping index: 3
    Address: 19500935
    Line #0
        Function index: 58
        Line: 47
        Column: 0
    Attributes: [13]
Location #60
    Mapping index: 3
    Address: 4740960
    Line #0
        Function index: 59
        Line: 1694
        Column: 0
    Attributes: [13]
Location #61
    Mapping index: 3
    Address: 18939748
    Line #0
        Function index: 60
        Line: 202
        Column: 0
    Attributes: [13]
Location #62
    Mapping index: 3
    Address: 18929350
    Line #0
        Function index: 61
        Line: 858
        Column: 0
    Attributes: [13]
Location #63
    Mapping index: 3
    Address: 18933225
    Line #0
        Function index: 62
        Line: 1010
        Column: 0
    Attributes: [13]
Location #64
    Mapping index: 3
    Address: 18935371
    Line #0
        Function index: 63
        Line: 1191
        Column: 0
    Attributes: [13]
Location #65
    Mapping index: 3
    Address: 18936615
    Line #0
        Function index: 64
        Line: 1246
        Column: 0
    Attributes: [13]
Location #66
    Mapping index: 3
    Address: 18958365
    Line #0
        Function index: 65
        Line: 209
        Column: 0
    Attributes: [13]
Location #67
    Mapping index: 3
    Address: 18957892
    Line #0
        Function index: 66
        Line: 182
        Column: 0
    Attributes: [13]
Location #68
    Mapping index: 3
    Address: 18959142
    Line #0
        Function index: 67
        Line: 37
        Column: 0
    Attributes: [13]
Location #69
    Mapping index: 3
    Address: 19372701
    Line #0
        Function index: 68
        Line: 187
        Column: 0
    Attributes: [13]
Location #70
    Mapping index: 3
    Address: 19422167
    Line #0
        Function index: 69
        Line: 384
        Column: 0
    Attributes: [13]
Location #71
    Mapping index: 3
    Address: 19432468
    Line #0
        Function index: 70
        Line: 606
        Column: 0
    Attributes: [13]
Location #72
    Mapping index: 3
    Address: 18445717
    Line #0
        Function index: 71
        Line: 403
        Column: 0
    Attributes: [13]
Location #73
    Mapping index: 3
    Address: 18443691
    Line #0
        Function index: 72
        Line: 378
        Column: 0
    Attributes: [13]
Location #74
    Mapping index: 3
    Address: 18444583
    Line #0
        Function index: 73
        Line: 407
        Column: 0
    Attributes: [13]
Location #75
    Mapping index: 3
    Address: 19428093
    Line #0
        Function index: 56
        Line: 552
        Column: 0
    Attributes: [13]
Location #76
    Mapping index: 3
    Address: 4327018
    Line #0
        Function index: 74
        Line: 84
        Column: 0
    Attributes: [13]
Location #77
    Mapping index: 3
    Address: 4325522
    Line #0
        Function index: 75
        Line: 185
        Column: 0
    Attributes: [13]
Location #78
    Mapping index: 3
    Address: 4310653
    Line #0
        Function index: 76
        Line: 970
        Column: 0
    Attributes: [13]
Location #79
    Mapping index: 3
    Address: 4312900
    Line #0
        Function index: 77
        Line: 1430
        Column: 0
    Attributes: [13]
Location #80
    Mapping index: 3
    Address: 4699204
    Line #0
        Function index: 78
        Line: 1066
        Column: 0
    Attributes: [13]
Location #81
    Mapping index: 3
    Address: 4717544
    Line #0
        Function index: 79
        Line: 116
        Column: 0
    Attributes: [13]
Location #82
    Mapping index: 3
    Address: 19427672
    Line #0
        Function index: 56
        Line: 543
        Column: 0
    Attributes: [13]
Location #83
    Mapping index: 4
    Address: 695426
    Attributes: [20]
Location #84
    Mapping index: 4
    Address: 703119
    Attributes: [20]
Location #85
    Mapping index: 4
    Address: 708676
    Attributes: [20]
Location #86
    Mapping index: 4
    Address: 713221
    Attributes: [20]
Location #87
    Mapping index: 5
    Address: 18694380
    Attributes: [20]
Location #88
    Mapping index: 5
    Address: 18694973
    Attributes: [20]
Location #89
    Mapping index: 5
    Address: 15511252
    Attributes: [20]
Location #90
    Mapping index: 5
    Address: 15518572
    Attributes: [20]
Location #91
    Mapping index: 5
    Address: 15968003
    Attributes: [20]
Location #92
    Mapping index: 5
    Address: 15905384
    Attributes: [20]
Location #93
    Mapping index: 5
    Address: 16317066
    Attributes: [20]
Location #94
    Mapping index: 5
    Address: 15858770
    Attributes: [20]
Location #95
    Mapping index: 5
    Address: 16637480
    Attributes: [20]
Location #96
    Mapping index: 5
    Address: 21388591
    Attributes: [20]
Location #97
    Mapping index: 5
    Address: 16319364
    Attributes: [20]
Location #98
    Mapping index: 4
    Address: 172489
    Attributes: [20]
Location #99
    Mapping index: 4
    Address: 172682
    Attributes: [20]
Location #100
    Mapping index: 5
    Address: 14536356
    Attributes: [20]
Location #101
    Mapping index: 2
    Address: 8002275
    Line #0
        Function index: 80
        Line: 0
        Column: 0
    Attributes: [3]
Location #102
    Mapping index: 2
    Address: 8022980
    Line #0
        Function index: 81
        Line: 0
        Column: 0
    Attributes: [3]
Location #103
    Mapping index: 2
    Address: 7582330
    Line #0
        Function index: 82
        Line: 0
        Column: 0
    Attributes: [3]
Location #104
    Mapping index: 2
    Address: 7587234
    Line #0
        Function index: 83
        Line: 0
        Column: 0
    Attributes: [3]
Function #0
    Name: 0
    System name: 0
    Filename: 0
    Start line: 0
Function #1
    Name: 8
    System name: 0
    Filename: 0
    Start line: 0
Function #2
    Name: 10
    System name: 0
    Filename: 0
    Start line: 0
Function #3
    Name: 11
    System name: 0
    Filename: 0
    Start line: 0
Function #4
    Name: 12
    System name: 0
    Filename: 0
    Start line: 0
Function #5
    Name: 14
    System name: 0
    Filename: 0
    Start line: 0
Function #6
    Name: 15
    System name: 0
    Filename: 0
    Start line: 0
Function #7
    Name: 16
    System name: 0
    Filename: 0
    Start line: 0
Function #8
    Name: 17
    System name: 0
    Filename: 0
    Start line: 0
Function #9
    Name: 18
    System name: 0
    Filename: 0
    Start line: 0
Function #10
    Name: 19
    System name: 0
    Filename: 0
    Start line: 0
Function #11
    Name: 20
    System name: 0
    Filename: 0
    Start line: 0
Function #12
    Name: 21
    System name: 0
    Filename: 0
    Start line: 0
Function #13
    Name: 22
    System name: 0
    Filename: 0
    Start line: 0
Function #14
    Name: 23
    System name: 0
    Filename: 0
    Start line: 0
Function #15
    Name: 24
    System name: 0
    Filename: 0
    Start line: 0
Function #16
    Name: 25
    System name: 0
    Filename: 0
    Start line: 0
Function #17
    Name: 26
    System name: 0
    Filename: 0
    Start line: 0
Function #18
    Name: 27
    System name: 0
    Filename: 0
    Start line: 0
Function #19
    Name: 28
    System name: 0
    Filename: 0
    Start line: 0
Function #20
    Name: 29
    System name: 0
    Filename: 0
    Start line: 0
Function #21
    Name: 30
    System name: 0
    Filename: 0
    Start line: 0
Function #22
    Name: 34
    System name: 0
    Filename: 0
    Start line: 0
Function #23
    Name: 35
    System name: 0
    Filename: 0
    Start line: 0
Function #24
    Name: 36
    System name: 0
    Filename: 0
    Start line: 0
Function #25
    Name: 37
    System name: 0
    Filename: 0
    Start line: 0
Function #26
    Name: 38
    System name: 0
    Filename: 0
    Start line: 0
Function #27
    Name: 39
    System name: 0
    Filename: 0
    Start line: 0
Function #28
    Name: 40
    System name: 0
    Filename: 0
    Start line: 0
Function #29
    Name: 41
    System name: 0
    Filename: 0
    Start line: 0
Function #30
    Name: 42
    System name: 0
    Filename: 0
    Start line: 0
Function #31
    Name: 43
    System name: 0
    Filename: 0
    Start line: 0
Function #32
    Name: 44
    System name: 0
    Filename: 0
    Start line: 0
Function #33
    Name: 45
    System name: 0
    Filename: 0
    Start line: 0
Function #34
    Name: 46
    System name: 0
    Filename: 0
    Start line: 0
Function #35
    Name: 47
    System name: 0
    Filename: 0
    Start line: 0
Function #36
    Name: 48
    System name: 0
    Filename: 0
    Start line: 0
Function #37
    Name: 49
    System name: 0
    Filename: 0
    Start line: 0
Function #38
    Name: 50
    System name: 0
    Filename: 0
    Start line: 0
Function #39
    Name: 51
    System name: 0
    Filename: 0
    Start line: 0
Function #40
    Name: 52
    System name: 0
    Filename: 0
    Start line: 0
Function #41
    Name: 53
    System name: 0
    Filename: 0
    Start line: 0
Function #42
    Name: 54
    System name: 0
    Filename: 0
    Start line: 0
Function #43
    Name: 55
    System name: 0
    Filename: 0
    Start line: 0
Function #44
    Name: 56
    System name: 0
    Filename: 0
    Start line: 0
Function #45
    Name: 59
    System name: 0
    Filename: 60
    Start line: 0
Function #46
    Name: 61
    System name: 0
    Filename: 62
    Start line: 0
Function #47
    Name: 63
    System name: 0
    Filename: 62
    Start line: 0
Function #48
    Name: 64
    System name: 0
    Filename: 65
    Start line: 0
Function #49
    Name: 66
    System name: 0
    Filename: 67
    Start line: 0
Function #50
    Name: 68
    System name: 0
    Filename: 69
    Start line: 0
Function #51
    Name: 70
    System name: 0
    Filename: 71
    Start line: 0
Function #52
    Name: 72
    System name: 0
    Filename: 73
    Start line: 0
Function #53
    Name: 74
    System name: 0
    Filename: 73
    Start line: 0
Function #54
    Name: 75
    System name: 0
    Filename: 76
    Start line: 0
Function #55
    Name: 77
    System name: 0
    Filename: 78
    Start line: 0
Function #56
    Name: 79
    System name: 0
    Filename: 78
    Start line: 0
Function #57
    Name: 80
    System name: 0
    Filename: 81
    Start line: 0
Function #58
    Name: 82
    System name: 0
    Filename: 81
    Start line: 0
Function #59
    Name: 83
    System name: 0
    Filename: 84
    Start line: 0
Function #60
    Name: 85
    System name: 0
    Filename: 86
    Start line: 0
Function #61
    Name: 87
    System name: 0
    Filename: 88
    Start line: 0
Function #62
    Name: 89
    System name: 0
    Filename: 88
    Start line: 0
Function #63
    Name: 90
    System name: 0
    Filename: 88
    Start line: 0
Function #64
    Name: 91
    System name: 0
    Filename: 88
    Start line: 0
Function #65
    Name: 92
    System name: 0
    Filename: 93
    Start line: 0
Function #66
    Name: 94
    System name: 0
    Filename: 93
    Start line: 0
Function #67
    Name: 95
    System name: 0
    Filename: 96
    Start line: 0
Function #68
    Name: 97
    System name: 0
    Filename: 98
    Start line: 0
Function #69
    Name: 99
    System name: 0
    Filename: 78
    Start line: 0
Function #70
    Name: 100
    System name: 0
    Filename: 78
    Start line: 0
Function #71
    Name: 101
    System name: 0
    Filename: 76
    Start line: 0
Function #72
    Name: 102
    System name: 0
    Filename: 76
    Start line: 0
Function #73
    Name: 103
    System name: 0
    Filename: 76
    Start line: 0
Function #74
    Name: 104
    System name: 0
    Filename: 105
    Start line: 0
Function #75
    Name: 106
    System name: 0
    Filename: 107
    Start line: 0
Function #76
    Name: 108
    System name: 0
    Filename: 109
    Start line: 0
Function #77
    Name: 110
    System name: 0
    Filename: 109
    Start line: 0
Function #78
    Name: 111
    System name: 0
    Filename: 109
    Start line: 0
Function #79
    Name: 112
    System name: 0
    Filename: 113
    Start line: 0
Function #80
    Name: 116
    System name: 0
    Filename: 0
    Start line: 0
Function #81
    Name: 117
    System name: 0
    Filename: 0
    Start line: 0
Function #82
    Name: 118
    System name: 0
    Filename: 0
    Start line: 0
Function #83
    Name: 119
    System name: 0
    Filename: 0
    Start line: 0
Attribute table:
     -> Key: Int(33)
     -> Value: Str(23)
     -> unit: Int(0)
Link table:
     -> Trace ID: Str()
     -> Span ID: Str()
String table:
    
    cpu
    nanoseconds
    samples
    count
    i915
    process.executable.build_id.gnu
    process.executable.build_id.htlhash
    gmbus_wait
    profile.frame.type
    gmbus_xfer_read
    do_gmbus_xfer
    gmbus_xfer
    vmlinux
    __i2c_transfer
    i2c_transfer
    drm_do_probe_ddc_edid
    edid_block_read
    _drm_do_get_edid
    drm_edid_read_custom
    drm_edid_read_ddc
    intel_hdmi_set_edid
    intel_hdmi_detect
    detect_connector_status
    drm_helper_probe_detect_ctx
    output_poll_execute
    process_one_work
    worker_thread
    kthread
    ret_from_fork
    ret_from_fork_asm
    thread.name
    thread.id
    cpu.logical_number
    _raw_spin_unlock_irqrestore
    fwtable_read32
    xelpdp_tc_phy_hpd_live_status
    tc_phy_hpd_live_status
    intel_tc_port_connected
    intel_digital_port_connected_locked
    intel_digital_port_connected
    drm_helper_probe_detect
    intel_hotplug_detect_connector
    i915_hpd_poll_init_work
    format_decode
    vsnprintf
    seq_printf
    proc_task_name
    comm_show
    seq_read_iter
    seq_read
    vfs_read
    ksys_read
    __x64_sys_read
    x64_sys_call
    do_syscall_64
    entry_SYSCALL_64_after_hwframe
    otelcol-ebpf-profiler
    process.executable.build_id.go
    internal/runtime/syscall.Syscall6
    /home/yunwei37/go/pkg/mod/golang.org/toolchain@v0.0.1-go1.25.0.linux-amd64/src/internal/runtime/syscall/asm_linux_amd64.s
    syscall.RawSyscall6
    /home/yunwei37/go/pkg/mod/golang.org/toolchain@v0.0.1-go1.25.0.linux-amd64/src/syscall/syscall_linux.go
    syscall.Syscall
    syscall.read
    /home/yunwei37/go/pkg/mod/golang.org/toolchain@v0.0.1-go1.25.0.linux-amd64/src/syscall/zsyscall_linux_amd64.go
    internal/poll.(*FD).Read
    /home/yunwei37/go/pkg/mod/golang.org/toolchain@v0.0.1-go1.25.0.linux-amd64/src/syscall/syscall_unix.go
    os.(*File).Read
    /home/yunwei37/go/pkg/mod/golang.org/toolchain@v0.0.1-go1.25.0.linux-amd64/src/os/file_posix.go
    os.(*File).Read-fm
    <autogenerated>
    os.readFileContents
    /home/yunwei37/go/pkg/mod/golang.org/toolchain@v0.0.1-go1.25.0.linux-amd64/src/os/file.go
    os.ReadFile
    go.opentelemetry.io/ebpf-profiler/process.(*systemProcess).GetProcessMeta
    /tmp/opentelemetry-ebpf-profiler/process/process.go
    go.opentelemetry.io/ebpf-profiler/processmanager.(*ProcessManager).getPidInformation
    /tmp/opentelemetry-ebpf-profiler/processmanager/processinfo.go
    go.opentelemetry.io/ebpf-profiler/processmanager.(*ProcessManager).SynchronizeProcess
    go.opentelemetry.io/ebpf-profiler/tracer.(*Tracer).processPIDEvents
    /tmp/opentelemetry-ebpf-profiler/tracer/events.go
    go.opentelemetry.io/ebpf-profiler/tracer.(*Tracer).StartPIDEventProcessor.gowrap1
    runtime.goexit
    /home/yunwei37/go/pkg/mod/golang.org/toolchain@v0.0.1-go1.25.0.linux-amd64/src/runtime/asm_amd64.s
    go.opentelemetry.io/ebpf-profiler/nativeunwind/elfunwindinfo.(*vmRegs).getUnwindInfoX86
    /tmp/opentelemetry-ebpf-profiler/nativeunwind/elfunwindinfo/elfehframe_x86.go
    go.opentelemetry.io/ebpf-profiler/nativeunwind/elfunwindinfo.(*vmRegs).getUnwindInfo
    /tmp/opentelemetry-ebpf-profiler/nativeunwind/elfunwindinfo/elfehframe.go
    go.opentelemetry.io/ebpf-profiler/nativeunwind/elfunwindinfo.(*elfExtractor).parseFDE
    go.opentelemetry.io/ebpf-profiler/nativeunwind/elfunwindinfo.(*elfExtractor).walkBinSearchTable
    go.opentelemetry.io/ebpf-profiler/nativeunwind/elfunwindinfo.(*elfExtractor).parseEHFrame
    go.opentelemetry.io/ebpf-profiler/nativeunwind/elfunwindinfo.extractFile
    /tmp/opentelemetry-ebpf-profiler/nativeunwind/elfunwindinfo/stackdeltaextraction.go
    go.opentelemetry.io/ebpf-profiler/nativeunwind/elfunwindinfo.ExtractELF
    go.opentelemetry.io/ebpf-profiler/nativeunwind/elfunwindinfo.(*ELFStackDeltaProvider).GetIntervalStructuresForFile
    /tmp/opentelemetry-ebpf-profiler/nativeunwind/elfunwindinfo/stackdeltaprovider.go
    go.opentelemetry.io/ebpf-profiler/processmanager/execinfomanager.(*ExecutableInfoManager).AddOrIncRef
    /tmp/opentelemetry-ebpf-profiler/processmanager/execinfomanager/manager.go
    go.opentelemetry.io/ebpf-profiler/processmanager.(*ProcessManager).newFrameMapping
    go.opentelemetry.io/ebpf-profiler/processmanager.(*ProcessManager).SynchronizeProcess.func1
    go.opentelemetry.io/ebpf-profiler/process.(*systemProcess).IterateMappings.func1
    go.opentelemetry.io/ebpf-profiler/process.iterateMappings
    go.opentelemetry.io/ebpf-profiler/process.(*systemProcess).IterateMappings
    runtime.(*mcentral).cacheSpan
    /home/yunwei37/go/pkg/mod/golang.org/toolchain@v0.0.1-go1.25.0.linux-amd64/src/runtime/mcentral.go
    runtime.(*mcache).refill
    /home/yunwei37/go/pkg/mod/golang.org/toolchain@v0.0.1-go1.25.0.linux-amd64/src/runtime/mcache.go
    runtime.(*mcache).nextFree
    /home/yunwei37/go/pkg/mod/golang.org/toolchain@v0.0.1-go1.25.0.linux-amd64/src/runtime/malloc.go
    runtime.mallocgcSmallScanNoHeader
    runtime.mallocgc
    runtime.makeslice
    /home/yunwei37/go/pkg/mod/golang.org/toolchain@v0.0.1-go1.25.0.linux-amd64/src/runtime/slice.go
    libc.so.6
    agentsight
    free_pcppages_bulk
    decay_pcp_high
    refresh_cpu_vm_stats
    vmstat_update
ResourceProfiles #0
Resource SchemaURL: https://opentelemetry.io/schemas/1.37.0
Resource attributes:
     -> process.pid: Int(1274402)
ScopeProfiles #0
ScopeProfiles SchemaURL: https://opentelemetry.io/schemas/1.37.0
InstrumentationScope go.opentelemetry.io/ebpf-profiler v0.0.0
Profile #0
    Profile ID     : 
    Start time     : 2026-06-21 21:04:42.622641779 +0000 UTC
    DurationNano   : 5000490112
    Dropped attributes count: 0
    Sample #0
        Values: []
        Attributes:
             -> thread.name: kworker/9:1
             -> thread.id: %!s(int64=1274402)
             -> cpu.logical_number: %!s(int64=9)
ResourceProfiles #1
Resource SchemaURL: https://opentelemetry.io/schemas/1.37.0
Resource attributes:
     -> process.pid: Int(1252396)
ScopeProfiles #0
ScopeProfiles SchemaURL: https://opentelemetry.io/schemas/1.37.0
InstrumentationScope go.opentelemetry.io/ebpf-profiler v0.0.0
Profile #0
    Profile ID     : 
    Start time     : 2026-06-21 21:04:42.622641779 +0000 UTC
    DurationNano   : 5000490112
    Dropped attributes count: 0
    Sample #0
        Values: []
        Attributes:
             -> thread.name: kworker/9:3
             -> thread.id: %!s(int64=1252396)
             -> cpu.logical_number: %!s(int64=9)
ResourceProfiles #2
Resource SchemaURL: https://opentelemetry.io/schemas/1.37.0
Resource attributes:
     -> process.pid: Int(1275266)
     -> process.executable.path: Str(/tmp/opentelemetry-ebpf-profiler/otelcol-ebpf-profiler)
     -> process.executable.name: Str(otelcol-ebpf-profiler)
ScopeProfiles #0
ScopeProfiles SchemaURL: https://opentelemetry.io/schemas/1.37.0
InstrumentationScope go.opentelemetry.io/ebpf-profiler v0.0.0
Profile #0
    Profile ID     : 
    Start time     : 2026-06-21 21:04:42.622641779 +0000 UTC
    DurationNano   : 5000490112
    Dropped attributes count: 0
    Sample #0
        Values: []
        Attributes:
             -> thread.name: otelcol-ebpf-pr
             -> thread.id: %!s(int64=1275315)
             -> cpu.logical_number: %!s(int64=20)
    Sample #1
        Values: []
        Attributes:
             -> thread.name: otelcol-ebpf-pr
             -> thread.id: %!s(int64=1275306)
             -> cpu.logical_number: %!s(int64=18)
    Sample #2
        Values: []
        Attributes:
             -> thread.name: otelcol-ebpf-pr
             -> thread.id: %!s(int64=1275315)
             -> cpu.logical_number: %!s(int64=20)
ResourceProfiles #3
Resource SchemaURL: https://opentelemetry.io/schemas/1.37.0
Resource attributes:
     -> process.pid: Int(2711)
     -> process.executable.path: Str(/home/yunwei37/.cargo/bin/agentsight)
     -> process.executable.name: Str(agentsight)
ScopeProfiles #0
ScopeProfiles SchemaURL: https://opentelemetry.io/schemas/1.37.0
InstrumentationScope go.opentelemetry.io/ebpf-profiler v0.0.0
Profile #0
    Profile ID     : 
    Start time     : 2026-06-21 21:04:42.622641779 +0000 UTC
    DurationNano   : 5000490112
    Dropped attributes count: 0
    Sample #0
        Values: []
        Attributes:
             -> thread.name: agentsight
             -> thread.id: %!s(int64=2711)
             -> cpu.logical_number: %!s(int64=3)
ResourceProfiles #4
Resource SchemaURL: https://opentelemetry.io/schemas/1.37.0
Resource attributes:
     -> process.pid: Int(1237714)
ScopeProfiles #0
ScopeProfiles SchemaURL: https://opentelemetry.io/schemas/1.37.0
InstrumentationScope go.opentelemetry.io/ebpf-profiler v0.0.0
Profile #0
    Profile ID     : 
    Start time     : 2026-06-21 21:04:42.622641779 +0000 UTC
    DurationNano   : 5000490112
    Dropped attributes count: 0
    Sample #0
        Values: []
        Attributes:
             -> thread.name: kworker/23:2
             -> thread.id: %!s(int64=1237714)
             -> cpu.logical_number: %!s(int64=23)
	{"resource": {"service.instance.id": "5af0db8e-0b89-43d7-ada7-28085e02df9c", "service.name": "otelcol-ebpf-profiler", "service.version": "dev"}, "otelcol.component.id": "debug", "otelcol.component.kind": "exporter", "otelcol.signal": "profiles"}
2026-06-21T14:04:52.625-0700	info	Profiles	{"resource": {"service.instance.id": "5af0db8e-0b89-43d7-ada7-28085e02df9c", "service.name": "otelcol-ebpf-profiler", "service.version": "dev"}, "otelcol.component.id": "debug", "otelcol.component.kind": "exporter", "otelcol.signal": "profiles", "resource profiles": 5, "sample records": 65}
2026-06-21T14:04:52.625-0700	info	Mapping #0
    Memory start: 0
    Memory limit: 0
    File offset: 0
    File name: 0
    Attributes: []
Mapping #1
    Memory start: 4194304
    Memory limit: 19996672
    File offset: 0
    File name: 5
    Attributes: [1 2]
Mapping #2
    Memory start: 0
    Memory limit: 0
    File offset: 0
    File name: 55
    Attributes: [10 11]
Mapping #3
    Memory start: 4096
    Memory limit: 180224
    File offset: 4096
    File name: 127
    Attributes: [24]
Mapping #4
    Memory start: 163840
    Memory limit: 1769472
    File offset: 163840
    File name: 128
    Attributes: [26]
Mapping #5
    Memory start: 12812288
    Memory limit: 92749824
    File offset: 12812288
    File name: 129
    Attributes: [27 28]
Mapping #6
    Memory start: 4096
    Memory limit: 8192
    File offset: 4096
    File name: 130
    Attributes: [29]
Mapping #7
    Memory start: 0
    Memory limit: 0
    File offset: 0
    File name: 140
    Attributes: [30 31]
Mapping #8
    Memory start: 0
    Memory limit: 0
    File offset: 0
    File name: 152
    Attributes: [34 35]
Mapping #9
    Memory start: 14893056
    Memory limit: 53129216
    File offset: 10698752
    File name: 237
    Attributes: [39 40]
Mapping #10
    Memory start: 667648
    Memory limit: 2093056
    File offset: 667648
    File name: 266
    Attributes: [43]
Mapping #11
    Memory start: 4194304
    Memory limit: 16891904
    File offset: 0
    File name: 403
    Attributes: [52 53]
Location #0
    Mapping index: 0
    Address: 0
    Attributes: []
Location #1
    Mapping index: 1
    Address: 18929419
    Line #0
        Function index: 1
        Line: 865
        Column: 0
    Attributes: [3]
Location #2
    Mapping index: 1
    Address: 18933592
    Line #0
        Function index: 2
        Line: 1021
        Column: 0
    Attributes: [3]
Location #3
    Mapping index: 1
    Address: 18935371
    Line #0
        Function index: 3
        Line: 1191
        Column: 0
    Attributes: [3]
Location #4
    Mapping index: 1
    Address: 18936615
    Line #0
        Function index: 4
        Line: 1246
        Column: 0
    Attributes: [3]
Location #5
    Mapping index: 1
    Address: 18958365
    Line #0
        Function index: 5
        Line: 209
        Column: 0
    Attributes: [3]
Location #6
    Mapping index: 1
    Address: 18957892
    Line #0
        Function index: 6
        Line: 182
        Column: 0
    Attributes: [3]
Location #7
    Mapping index: 1
    Address: 18959142
    Line #0
        Function index: 7
        Line: 37
        Column: 0
    Attributes: [3]
Location #8
    Mapping index: 1
    Address: 19372701
    Line #0
        Function index: 8
        Line: 187
        Column: 0
    Attributes: [3]
Location #9
    Mapping index: 1
    Address: 19422167
    Line #0
        Function index: 9
        Line: 384
        Column: 0
    Attributes: [3]
Location #10
    Mapping index: 1
    Address: 19432468
    Line #0
        Function index: 10
        Line: 606
        Column: 0
    Attributes: [3]
Location #11
    Mapping index: 1
    Address: 18445717
    Line #0
        Function index: 11
        Line: 403
        Column: 0
    Attributes: [3]
Location #12
    Mapping index: 1
    Address: 18443691
    Line #0
        Function index: 12
        Line: 378
        Column: 0
    Attributes: [3]
Location #13
    Mapping index: 1
    Address: 18444583
    Line #0
        Function index: 13
        Line: 407
        Column: 0
    Attributes: [3]
Location #14
    Mapping index: 1
    Address: 19428093
    Line #0
        Function index: 14
        Line: 552
        Column: 0
    Attributes: [3]
Location #15
    Mapping index: 1
    Address: 19501466
    Line #0
        Function index: 15
        Line: 57
        Column: 0
    Attributes: [3]
Location #16
    Mapping index: 1
    Address: 19500935
    Line #0
        Function index: 16
        Line: 47
        Column: 0
    Attributes: [3]
Location #17
    Mapping index: 1
    Address: 4740960
    Line #0
        Function index: 17
        Line: 1694
        Column: 0
    Attributes: [3]
Location #18
    Mapping index: 1
    Address: 18916836
    Line #0
        Function index: 18
        Line: 323
        Column: 0
    Attributes: [3]
Location #19
    Mapping index: 1
    Address: 18931556
    Line #0
        Function index: 19
        Line: 958
        Column: 0
    Attributes: [3]
Location #20
    Mapping index: 1
    Address: 18932344
    Line #0
        Function index: 2
        Line: 981
        Column: 0
    Attributes: [3]
Location #21
    Mapping index: 1
    Address: 18902518
    Line #0
        Function index: 20
        Line: 12
        Column: 0
    Attributes: [3]
Location #22
    Mapping index: 1
    Address: 18902116
    Line #0
        Function index: 20
        Line: 124
        Column: 0
    Attributes: [3]
Location #23
    Mapping index: 1
    Address: 18900932
    Line #0
        Function index: 21
        Line: 158
        Column: 0
    Attributes: [3]
Location #24
    Mapping index: 1
    Address: 18958678
    Line #0
        Function index: 5
        Line: 230
        Column: 0
    Attributes: [3]
Location #25
    Mapping index: 1
    Address: 4740294
    Line #0
        Function index: 22
        Line: 806
        Column: 0
    Attributes: [3]
Location #26
    Mapping index: 1
    Address: 4488209
    Line #0
        Function index: 23
        Line: 248
        Column: 0
    Attributes: [3]
Location #27
    Mapping index: 1
    Address: 4370116
    Line #0
        Function index: 24
        Line: 240
        Column: 0
    Attributes: [3]
Location #28
    Mapping index: 1
    Address: 4369220
    Line #0
        Function index: 25
        Line: 222
        Column: 0
    Attributes: [3]
Location #29
    Mapping index: 1
    Address: 4378642
    Line #0
        Function index: 26
        Line: 1207
        Column: 0
    Attributes: [3]
Location #30
    Mapping index: 1
    Address: 4362713
    Line #0
        Function index: 27
        Line: 1542
        Column: 0
    Attributes: [3]
Location #31
    Mapping index: 1
    Address: 4733225
    Line #0
        Function index: 28
        Line: 517
        Column: 0
    Attributes: [3]
Location #32
    Mapping index: 1
    Address: 4361840
    Line #0
        Function index: 29
        Line: 1523
        Column: 0
    Attributes: [3]
Location #33
    Mapping index: 1
    Address: 4361284
    Line #0
        Function index: 30
        Line: 1373
        Column: 0
    Attributes: [3]
Location #34
    Mapping index: 2
    Address: 7741535
    Line #0
        Function index: 31
        Line: 0
        Column: 0
    Attributes: [12]
Location #35
    Mapping index: 2
    Address: 7815089
    Line #0
        Function index: 32
        Line: 0
        Column: 0
    Attributes: [12]
Location #36
    Mapping index: 2
    Address: 4005607
    Line #0
        Function index: 33
        Line: 0
        Column: 0
    Attributes: [12]
Location #37
    Mapping index: 2
    Address: 22379348
    Line #0
        Function index: 34
        Line: 0
        Column: 0
    Attributes: [12]
Location #38
    Mapping index: 2
    Address: 2998
    Line #0
        Function index: 35
        Line: 0
        Column: 0
    Attributes: [12]
Location #39
    Mapping index: 1
    Address: 4744725
    Line #0
        Function index: 36
        Line: 122
        Column: 0
    Attributes: [3]
Location #40
    Mapping index: 1
    Address: 4719229
    Line #0
        Function index: 37
        Line: 285
        Column: 0
    Attributes: [3]
Location #41
    Mapping index: 1
    Address: 18900310
    Line #0
        Function index: 38
        Line: 119
        Column: 0
    Attributes: [3]
Location #42
    Mapping index: 1
    Address: 18933479
    Line #0
        Function index: 2
        Line: 1003
        Column: 0
    Attributes: [3]
Location #43
    Mapping index: 1
    Address: 18900727
    Line #0
        Function index: 39
        Line: 132
        Column: 0
    Attributes: [3]
Location #44
    Mapping index: 1
    Address: 18901419
    Line #0
        Function index: 20
        Line: 101
        Column: 0
    Attributes: [3]
Location #45
    Mapping index: 1
    Address: 18907271
    Line #0
        Function index: 40
        Line: 219
        Column: 0
    Attributes: [3]
Location #46
    Mapping index: 1
    Address: 4425031
    Line #0
        Function index: 41
        Line: 2131
        Column: 0
    Attributes: [3]
Location #47
    Mapping index: 1
    Address: 4424362
    Line #0
        Function index: 42
        Line: 2568
        Column: 0
    Attributes: [3]
Location #48
    Mapping index: 1
    Address: 4703378
    Line #0
        Function index: 43
        Line: 2451
        Column: 0
    Attributes: [3]
Location #49
    Mapping index: 1
    Address: 18271902
    Line #0
        Function index: 44
        Line: 76
        Column: 0
    Attributes: [3]
Location #50
    Mapping index: 1
    Address: 18271664
    Line #0
        Function index: 45
        Line: 318
        Column: 0
    Attributes: [3]
Location #51
    Mapping index: 1
    Address: 18270183
    Line #0
        Function index: 46
        Line: 121
        Column: 0
    Attributes: [3]
Location #52
    Mapping index: 1
    Address: 18274445
    Line #0
        Function index: 47
        Line: 52
        Column: 0
    Attributes: [3]
Location #53
    Mapping index: 1
    Address: 18437271
    Line #0
        Function index: 48
        Line: 110
        Column: 0
    Attributes: [3]
Location #54
    Mapping index: 1
    Address: 19426823
    Line #0
        Function index: 14
        Line: 504
        Column: 0
    Attributes: [3]
Location #55
    Mapping index: 2
    Address: 8124764
    Line #0
        Function index: 49
        Line: 0
        Column: 0
    Attributes: [12]
Location #56
    Mapping index: 2
    Address: 8605260
    Line #0
        Function index: 50
        Line: 0
        Column: 0
    Attributes: [12]
Location #57
    Mapping index: 2
    Address: 8605422
    Line #0
        Function index: 51
        Line: 0
        Column: 0
    Attributes: [12]
Location #58
    Mapping index: 2
    Address: 8605584
    Line #0
        Function index: 52
        Line: 0
        Column: 0
    Attributes: [12]
Location #59
    Mapping index: 2
    Address: 6564233
    Line #0
        Function index: 53
        Line: 0
        Column: 0
    Attributes: [12]
Location #60
    Mapping index: 2
    Address: 6548654
    Line #0
        Function index: 54
        Line: 0
        Column: 0
    Attributes: [12]
Location #61
    Mapping index: 2
    Address: 6574650
    Line #0
        Function index: 55
        Line: 0
        Column: 0
    Attributes: [12]
Location #62
    Mapping index: 2
    Address: 6576780
    Line #0
        Function index: 56
        Line: 0
        Column: 0
    Attributes: [12]
Location #63
    Mapping index: 2
    Address: 3172050
    Line #0
        Function index: 57
        Line: 0
        Column: 0
    Attributes: [12]
Location #64
    Mapping index: 2
    Address: 22351549
    Line #0
        Function index: 58
        Line: 0
        Column: 0
    Attributes: [12]
Location #65
    Mapping index: 2
    Address: 298
    Line #0
        Function index: 59
        Line: 0
        Column: 0
    Attributes: [12]
Location #66
    Mapping index: 1
    Address: 4224397
    Line #0
        Function index: 60
        Line: 36
        Column: 0
    Attributes: [3]
Location #67
    Mapping index: 1
    Address: 4849036
    Line #0
        Function index: 61
        Line: 67
        Column: 0
    Attributes: [3]
Location #68
    Mapping index: 1
    Address: 4849125
    Line #0
        Function index: 62
        Line: 87
        Column: 0
    Attributes: [3]
Location #69
    Mapping index: 1
    Address: 4852909
    Line #0
        Function index: 63
        Line: 1
        Column: 0
    Attributes: [3]
Location #70
    Mapping index: 1
    Address: 17802355
    Line #0
        Function index: 64
        Line: 95
        Column: 0
    Attributes: [3]
Location #71
    Mapping index: 1
    Address: 18185741
    Line #0
        Function index: 65
        Line: 1420
        Column: 0
    Attributes: [3]
Location #72
    Mapping index: 1
    Address: 18185389
    Line #0
        Function index: 66
        Line: 1399
        Column: 0
    Attributes: [3]
Location #73
    Mapping index: 1
    Address: 19489045
    Line #0
        Function index: 67
        Line: 547
        Column: 0
    Attributes: [3]
Location #74
    Mapping index: 1
    Address: 19380040
    Line #0
        Function index: 68
        Line: 449
        Column: 0
    Attributes: [3]
Location #75
    Mapping index: 1
    Address: 19373291
    Line #0
        Function index: 8
        Line: 222
        Column: 0
    Attributes: [3]
Location #76
    Mapping index: 1
    Address: 4523406
    Line #0
        Function index: 69
        Line: 3809
        Column: 0
    Attributes: [3]
Location #77
    Mapping index: 1
    Address: 4519345
    Line #0
        Function index: 70
        Line: 3497
        Column: 0
    Attributes: [3]
Location #78
    Mapping index: 1
    Address: 4526512
    Line #0
        Function index: 71
        Line: 4138
        Column: 0
    Attributes: [3]
Location #79
    Mapping index: 1
    Address: 4527652
    Line #0
        Function index: 72
        Line: 4267
        Column: 0
    Attributes: [3]
Location #80
    Mapping index: 1
    Address: 4733108
    Line #0
        Function index: 73
        Line: 462
        Column: 0
    Attributes: [3]
Location #81
    Mapping index: 1
    Address: 4744937
    Line #0
        Function index: 36
        Line: 216
        Column: 0
    Attributes: [3]
Location #82
    Mapping index: 1
    Address: 18933170
    Line #0
        Function index: 2
        Line: 1038
        Column: 0
    Attributes: [3]
Location #83
    Mapping index: 2
    Address: 4005048
    Line #0
        Function index: 33
        Line: 0
        Column: 0
    Attributes: [12]
Location #84
    Mapping index: 1
    Address: 4744153
    Line #0
        Function index: 74
        Line: 127
        Column: 0
    Attributes: [3]
Location #85
    Mapping index: 1
    Address: 4315588
    Line #0
        Function index: 75
        Line: 1729
        Column: 0
    Attributes: [3]
Location #86
    Mapping index: 1
    Address: 4314697
    Line #0
        Function index: 76
        Line: 775
        Column: 0
    Attributes: [3]
Location #87
    Mapping index: 1
    Address: 4699243
    Line #0
        Function index: 77
        Line: 1097
        Column: 0
    Attributes: [3]
Location #88
    Mapping index: 1
    Address: 4717544
    Line #0
        Function index: 78
        Line: 116
        Column: 0
    Attributes: [3]
Location #89
    Mapping index: 1
    Address: 19379396
    Line #0
        Function index: 68
        Line: 422
        Column: 0
    Attributes: [3]
Location #90
    Mapping index: 2
    Address: 8604933
    Line #0
        Function index: 50
        Line: 0
        Column: 0
    Attributes: [12]
Location #91
    Mapping index: 1
    Address: 18933143
    Line #0
        Function index: 2
        Line: 1032
        Column: 0
    Attributes: [3]
Location #92
    Mapping index: 1
    Address: 18907164
    Line #0
        Function index: 40
        Line: 219
        Column: 0
    Attributes: [3]
Location #93
    Mapping index: 2
    Address: 12357811
    Line #0
        Function index: 79
        Line: 0
        Column: 0
    Attributes: [12]
Location #94
    Mapping index: 2
    Address: 6564251
    Line #0
        Function index: 53
        Line: 0
        Column: 0
    Attributes: [12]
Location #95
    Mapping index: 2
    Address: 7341781
    Line #0
        Function index: 80
        Line: 0
        Column: 0
    Attributes: [12]
Location #96
    Mapping index: 2
    Address: 7342494
    Line #0
        Function index: 81
        Line: 0
        Column: 0
    Attributes: [12]
Location #97
    Mapping index: 2
    Address: 7787935
    Line #0
        Function index: 82
        Line: 0
        Column: 0
    Attributes: [12]
Location #98
    Mapping index: 2
    Address: 7788988
    Line #0
        Function index: 83
        Line: 0
        Column: 0
    Attributes: [12]
Location #99
    Mapping index: 2
    Address: 7812671
    Line #0
        Function index: 84
        Line: 0
        Column: 0
    Attributes: [12]
Location #100
    Mapping index: 2
    Address: 7813868
    Line #0
        Function index: 85
        Line: 0
        Column: 0
    Attributes: [12]
Location #101
    Mapping index: 3
    Address: 43049
    Attributes: [25]
Location #102
    Mapping index: 3
    Address: 45563
    Attributes: [25]
Location #103
    Mapping index: 3
    Address: 64226
    Attributes: [25]
Location #104
    Mapping index: 3
    Address: 56085
    Attributes: [25]
Location #105
    Mapping index: 3
    Address: 5403
    Attributes: [25]
Location #106
    Mapping index: 3
    Address: 52511
    Attributes: [25]
Location #107
    Mapping index: 3
    Address: 53603
    Attributes: [25]
Location #108
    Mapping index: 4
    Address: 622680
    Attributes: [25]
Location #109
    Mapping index: 3
    Address: 5736
    Attributes: [25]
Location #110
    Mapping index: 4
    Address: 621698
    Attributes: [25]
Location #111
    Mapping index: 4
    Address: 622866
    Attributes: [25]
Location #112
    Mapping index: 5
    Address: 13934725
    Attributes: [25]
Location #113
    Mapping index: 5
    Address: 13885557
    Attributes: [25]
Location #114
    Mapping index: 5
    Address: 13858245
    Attributes: [25]
Location #115
    Mapping index: 5
    Address: 13847284
    Attributes: [25]
Location #116
    Mapping index: 4
    Address: 172489
    Attributes: [25]
Location #117
    Mapping index: 4
    Address: 172682
    Attributes: [25]
Location #118
    Mapping index: 5
    Address: 13847461
    Attributes: [25]
Location #119
    Mapping index: 6
    Address: 4756
    Attributes: [25]
Location #120
    Mapping index: 2
    Address: 7773071
    Line #0
        Function index: 86
        Line: 0
        Column: 0
    Attributes: [12]
Location #121
    Mapping index: 2
    Address: 7775178
    Line #0
        Function index: 87
        Line: 0
        Column: 0
    Attributes: [12]
Location #122
    Mapping index: 2
    Address: 7776501
    Line #0
        Function index: 88
        Line: 0
        Column: 0
    Attributes: [12]
Location #123
    Mapping index: 2
    Address: 7777002
    Line #0
        Function index: 89
        Line: 0
        Column: 0
    Attributes: [12]
Location #124
    Mapping index: 2
    Address: 7778573
    Line #0
        Function index: 90
        Line: 0
        Column: 0
    Attributes: [12]
Location #125
    Mapping index: 2
    Address: 7779061
    Line #0
        Function index: 91
        Line: 0
        Column: 0
    Attributes: [12]
Location #126
    Mapping index: 2
    Address: 7779369
    Line #0
        Function index: 92
        Line: 0
        Column: 0
    Attributes: [12]
Location #127
    Mapping index: 2
    Address: 7846654
    Line #0
        Function index: 93
        Line: 0
        Column: 0
    Attributes: [12]
Location #128
    Mapping index: 2
    Address: 4210438
    Line #0
        Function index: 94
        Line: 0
        Column: 0
    Attributes: [12]
Location #129
    Mapping index: 7
    Address: 8860
    Line #0
        Function index: 95
        Line: 0
        Column: 0
    Attributes: [12]
Location #130
    Mapping index: 7
    Address: 8980
    Line #0
        Function index: 96
        Line: 0
        Column: 0
    Attributes: [12]
Location #131
    Mapping index: 7
    Address: 9117
    Line #0
        Function index: 97
        Line: 0
        Column: 0
    Attributes: [12]
Location #132
    Mapping index: 2
    Address: 8671657
    Line #0
        Function index: 98
        Line: 0
        Column: 0
    Attributes: [12]
Location #133
    Mapping index: 2
    Address: 8672292
    Line #0
        Function index: 99
        Line: 0
        Column: 0
    Attributes: [12]
Location #134
    Mapping index: 2
    Address: 4447452
    Line #0
        Function index: 100
        Line: 0
        Column: 0
    Attributes: [12]
Location #135
    Mapping index: 2
    Address: 4258140
    Line #0
        Function index: 101
        Line: 0
        Column: 0
    Attributes: [12]
Location #136
    Mapping index: 2
    Address: 4259043
    Line #0
        Function index: 102
        Line: 0
        Column: 0
    Attributes: [12]
Location #137
    Mapping index: 2
    Address: 4346454
    Line #0
        Function index: 103
        Line: 0
        Column: 0
    Attributes: [12]
Location #138
    Mapping index: 2
    Address: 3495015
    Line #0
        Function index: 104
        Line: 0
        Column: 0
    Attributes: [12]
Location #139
    Mapping index: 2
    Address: 22380821
    Line #0
        Function index: 105
        Line: 0
        Column: 0
    Attributes: [12]
Location #140
    Mapping index: 2
    Address: 22351561
    Line #0
        Function index: 58
        Line: 0
        Column: 0
    Attributes: [12]
Location #141
    Mapping index: 4
    Address: 626032
    Attributes: [25]
Location #142
    Mapping index: 8
    Address: 1212510
    Line #0
        Function index: 106
        Line: 0
        Column: 0
    Attributes: [12]
Location #143
    Mapping index: 8
    Address: 2084926
    Line #0
        Function index: 107
        Line: 0
        Column: 0
    Attributes: [12]
Location #144
    Mapping index: 8
    Address: 3655742
    Line #0
        Function index: 108
        Line: 0
        Column: 0
    Attributes: [12]
Location #145
    Mapping index: 8
    Address: 3655927
    Line #0
        Function index: 109
        Line: 0
        Column: 0
    Attributes: [12]
Location #146
    Mapping index: 8
    Address: 2251423
    Line #0
        Function index: 110
        Line: 0
        Column: 0
    Attributes: [12]
Location #147
    Mapping index: 8
    Address: 2278901
    Line #0
        Function index: 111
        Line: 0
        Column: 0
    Attributes: [12]
Location #148
    Mapping index: 8
    Address: 2286898
    Line #0
        Function index: 112
        Line: 0
        Column: 0
    Attributes: [12]
Location #149
    Mapping index: 8
    Address: 3462881
    Line #0
        Function index: 113
        Line: 0
        Column: 0
    Attributes: [12]
Location #150
    Mapping index: 8
    Address: 3534442
    Line #0
        Function index: 114
        Line: 0
        Column: 0
    Attributes: [12]
Location #151
    Mapping index: 8
    Address: 2594585
    Line #0
        Function index: 115
        Line: 0
        Column: 0
    Attributes: [12]
Location #152
    Mapping index: 8
    Address: 520404
    Line #0
        Function index: 116
        Line: 0
        Column: 0
    Attributes: [12]
Location #153
    Mapping index: 8
    Address: 3767396
    Line #0
        Function index: 117
        Line: 0
        Column: 0
    Attributes: [12]
Location #154
    Mapping index: 8
    Address: 3787042
    Line #0
        Function index: 118
        Line: 0
        Column: 0
    Attributes: [12]
Location #155
    Mapping index: 8
    Address: 3269438
    Line #0
        Function index: 119
        Line: 0
        Column: 0
    Attributes: [12]
Location #156
    Mapping index: 8
    Address: 3816183
    Line #0
        Function index: 120
        Line: 0
        Column: 0
    Attributes: [12]
Location #157
    Mapping index: 8
    Address: 3818402
    Line #0
        Function index: 121
        Line: 0
        Column: 0
    Attributes: [12]
Location #158
    Mapping index: 8
    Address: 3263482
    Line #0
        Function index: 122
        Line: 0
        Column: 0
    Attributes: [12]
Location #159
    Mapping index: 8
    Address: 3263944
    Line #0
        Function index: 123
        Line: 0
        Column: 0
    Attributes: [12]
Location #160
    Mapping index: 8
    Address: 3384206
    Line #0
        Function index: 124
        Line: 0
        Column: 0
    Attributes: [12]
Location #161
    Mapping index: 8
    Address: 1277231
    Line #0
        Function index: 125
        Line: 0
        Column: 0
    Attributes: [12]
Location #162
    Mapping index: 8
    Address: 139361
    Line #0
        Function index: 126
        Line: 0
        Column: 0
    Attributes: [12]
Location #163
    Mapping index: 7
    Address: 77790
    Line #0
        Function index: 127
        Line: 0
        Column: 0
    Attributes: [12]
Location #164
    Mapping index: 7
    Address: 102649
    Line #0
        Function index: 128
        Line: 0
        Column: 0
    Attributes: [12]
Location #165
    Mapping index: 7
    Address: 133644
    Line #0
        Function index: 129
        Line: 0
        Column: 0
    Attributes: [12]
Location #166
    Mapping index: 7
    Address: 8615
    Line #0
        Function index: 95
        Line: 0
        Column: 0
    Attributes: [12]
Location #167
    Mapping index: 8
    Address: 1212505
    Line #0
        Function index: 106
        Line: 0
        Column: 0
    Attributes: [12]
Location #168
    Mapping index: 8
    Address: 3531854
    Line #0
        Function index: 130
        Line: 0
        Column: 0
    Attributes: [12]
Location #169
    Mapping index: 8
    Address: 2777330
    Line #0
        Function index: 131
        Line: 0
        Column: 0
    Attributes: [12]
Location #170
    Mapping index: 8
    Address: 2778785
    Line #0
        Function index: 132
        Line: 0
        Column: 0
    Attributes: [12]
Location #171
    Mapping index: 8
    Address: 2787302
    Line #0
        Function index: 133
        Line: 0
        Column: 0
    Attributes: [12]
Location #172
    Mapping index: 8
    Address: 3793480
    Line #0
        Function index: 134
        Line: 0
        Column: 0
    Attributes: [12]
Location #173
    Mapping index: 8
    Address: 3821165
    Line #0
        Function index: 135
        Line: 0
        Column: 0
    Attributes: [12]
Location #174
    Mapping index: 8
    Address: 3300401
    Line #0
        Function index: 136
        Line: 0
        Column: 0
    Attributes: [12]
Location #175
    Mapping index: 8
    Address: 3303032
    Line #0
        Function index: 137
        Line: 0
        Column: 0
    Attributes: [12]
Location #176
    Mapping index: 8
    Address: 3303550
    Line #0
        Function index: 138
        Line: 0
        Column: 0
    Attributes: [12]
Location #177
    Mapping index: 8
    Address: 3302883
    Line #0
        Function index: 139
        Line: 0
        Column: 0
    Attributes: [12]
Location #178
    Mapping index: 8
    Address: 3404510
    Line #0
        Function index: 140
        Line: 0
        Column: 0
    Attributes: [12]
Location #179
    Mapping index: 8
    Address: 143598
    Line #0
        Function index: 141
        Line: 0
        Column: 0
    Attributes: [12]
Location #180
    Mapping index: 7
    Address: 386631
    Line #0
        Function index: 142
        Line: 0
        Column: 0
    Attributes: [12]
Location #181
    Mapping index: 7
    Address: 111268
    Line #0
        Function index: 143
        Line: 0
        Column: 0
    Attributes: [12]
Location #182
    Mapping index: 7
    Address: 94491
    Line #0
        Function index: 144
        Line: 0
        Column: 0
    Attributes: [12]
Location #183
    Mapping index: 7
    Address: 128525
    Line #0
        Function index: 145
        Line: 0
        Column: 0
    Attributes: [12]
Location #184
    Mapping index: 7
    Address: 108959
    Line #0
        Function index: 146
        Line: 0
        Column: 0
    Attributes: [12]
Location #185
    Mapping index: 7
    Address: 11920
    Line #0
        Function index: 147
        Line: 0
        Column: 0
    Attributes: [12]
Location #186
    Mapping index: 7
    Address: 17403
    Line #0
        Function index: 148
        Line: 0
        Column: 0
    Attributes: [12]
Location #187
    Mapping index: 7
    Address: 17640
    Line #0
        Function index: 149
        Line: 0
        Column: 0
    Attributes: [12]
Location #188
    Mapping index: 2
    Address: 8793251
    Line #0
        Function index: 150
        Line: 0
        Column: 0
    Attributes: [12]
Location #189
    Mapping index: 2
    Address: 3167594
    Line #0
        Function index: 57
        Line: 0
        Column: 0
    Attributes: [12]
Location #190
    Mapping index: 8
    Address: 3532771
    Line #0
        Function index: 151
        Line: 0
        Column: 0
    Attributes: [12]
Location #191
    Mapping index: 8
    Address: 1988076
    Line #0
        Function index: 152
        Line: 0
        Column: 0
    Attributes: [12]
Location #192
    Mapping index: 8
    Address: 340960
    Line #0
        Function index: 153
        Line: 0
        Column: 0
    Attributes: [12]
Location #193
    Mapping index: 8
    Address: 3767033
    Line #0
        Function index: 154
        Line: 0
        Column: 0
    Attributes: [12]
Location #194
    Mapping index: 8
    Address: 3262612
    Line #0
        Function index: 155
        Line: 0
        Column: 0
    Attributes: [12]
Location #195
    Mapping index: 8
    Address: 3788265
    Line #0
        Function index: 156
        Line: 0
        Column: 0
    Attributes: [12]
Location #196
    Mapping index: 8
    Address: 3258906
    Line #0
        Function index: 157
        Line: 0
        Column: 0
    Attributes: [12]
Location #197
    Mapping index: 8
    Address: 3802611
    Line #0
        Function index: 158
        Line: 0
        Column: 0
    Attributes: [12]
Location #198
    Mapping index: 8
    Address: 3261743
    Line #0
        Function index: 159
        Line: 0
        Column: 0
    Attributes: [12]
Location #199
    Mapping index: 8
    Address: 3263092
    Line #0
        Function index: 160
        Line: 0
        Column: 0
    Attributes: [12]
Location #200
    Mapping index: 8
    Address: 3261161
    Line #0
        Function index: 161
        Line: 0
        Column: 0
    Attributes: [12]
Location #201
    Mapping index: 8
    Address: 3385469
    Line #0
        Function index: 162
        Line: 0
        Column: 0
    Attributes: [12]
Location #202
    Mapping index: 8
    Address: 132465
    Line #0
        Function index: 163
        Line: 0
        Column: 0
    Attributes: [12]
Location #203
    Mapping index: 7
    Address: 187698
    Line #0
        Function index: 164
        Line: 0
        Column: 0
    Attributes: [12]
Location #204
    Mapping index: 7
    Address: 199475
    Line #0
        Function index: 165
        Line: 0
        Column: 0
    Attributes: [12]
Location #205
    Mapping index: 7
    Address: 96489
    Line #0
        Function index: 144
        Line: 0
        Column: 0
    Attributes: [12]
Location #206
    Mapping index: 2
    Address: 4038758
    Line #0
        Function index: 166
        Line: 0
        Column: 0
    Attributes: [12]
Location #207
    Mapping index: 2
    Address: 4039145
    Line #0
        Function index: 167
        Line: 0
        Column: 0
    Attributes: [12]
Location #208
    Mapping index: 2
    Address: 4043911
    Line #0
        Function index: 168
        Line: 0
        Column: 0
    Attributes: [12]
Location #209
    Mapping index: 2
    Address: 4044767
    Line #0
        Function index: 169
        Line: 0
        Column: 0
    Attributes: [12]
Location #210
    Mapping index: 2
    Address: 4046101
    Line #0
        Function index: 170
        Line: 0
        Column: 0
    Attributes: [12]
Location #211
    Mapping index: 2
    Address: 4046513
    Line #0
        Function index: 171
        Line: 0
        Column: 0
    Attributes: [12]
Location #212
    Mapping index: 2
    Address: 4046658
    Line #0
        Function index: 172
        Line: 0
        Column: 0
    Attributes: [12]
Location #213
    Mapping index: 8
    Address: 91646
    Line #0
        Function index: 173
        Line: 0
        Column: 0
    Attributes: [12]
Location #214
    Mapping index: 8
    Address: 20576
    Line #0
        Function index: 174
        Line: 0
        Column: 0
    Attributes: [12]
Location #215
    Mapping index: 8
    Address: 1208489
    Line #0
        Function index: 175
        Line: 0
        Column: 0
    Attributes: [12]
Location #216
    Mapping index: 8
    Address: 2464375
    Line #0
        Function index: 176
        Line: 0
        Column: 0
    Attributes: [12]
Location #217
    Mapping index: 8
    Address: 3127201
    Line #0
        Function index: 177
        Line: 0
        Column: 0
    Attributes: [12]
Location #218
    Mapping index: 8
    Address: 503152
    Line #0
        Function index: 178
        Line: 0
        Column: 0
    Attributes: [12]
Location #219
    Mapping index: 8
    Address: 3314510
    Line #0
        Function index: 179
        Line: 0
        Column: 0
    Attributes: [12]
Location #220
    Mapping index: 8
    Address: 1197602
    Line #0
        Function index: 180
        Line: 0
        Column: 0
    Attributes: [12]
Location #221
    Mapping index: 8
    Address: 1229765
    Line #0
        Function index: 181
        Line: 0
        Column: 0
    Attributes: [12]
Location #222
    Mapping index: 8
    Address: 27551
    Line #0
        Function index: 182
        Line: 0
        Column: 0
    Attributes: [12]
Location #223
    Mapping index: 2
    Address: 7560898
    Line #0
        Function index: 183
        Line: 0
        Column: 0
    Attributes: [12]
Location #224
    Mapping index: 2
    Address: 7561481
    Line #0
        Function index: 184
        Line: 0
        Column: 0
    Attributes: [12]
Location #225
    Mapping index: 2
    Address: 7784825
    Line #0
        Function index: 185
        Line: 0
        Column: 0
    Attributes: [12]
Location #226
    Mapping index: 2
    Address: 7787983
    Line #0
        Function index: 82
        Line: 0
        Column: 0
    Attributes: [12]
Location #227
    Mapping index: 2
    Address: 8766176
    Line #0
        Function index: 186
        Line: 0
        Column: 0
    Attributes: [12]
Location #228
    Mapping index: 2
    Address: 8699329
    Line #0
        Function index: 187
        Line: 0
        Column: 0
    Attributes: [12]
Location #229
    Mapping index: 2
    Address: 8702914
    Line #0
        Function index: 188
        Line: 0
        Column: 0
    Attributes: [12]
Location #230
    Mapping index: 2
    Address: 8703900
    Line #0
        Function index: 189
        Line: 0
        Column: 0
    Attributes: [12]
Location #231
    Mapping index: 2
    Address: 3166946
    Line #0
        Function index: 57
        Line: 0
        Column: 0
    Attributes: [12]
Location #232
    Mapping index: 9
    Address: 22481770
    Attributes: [25]
Location #233
    Mapping index: 9
    Address: 22506765
    Attributes: [25]
Location #234
    Mapping index: 9
    Address: 22516348
    Attributes: [25]
Location #235
    Mapping index: 9
    Address: 19480344
    Attributes: [25]
Location #236
    Mapping index: 0
    Address: 0
    Line #0
        Function index: 190
        Line: 0
        Column: 0
    Attributes: [41]
Location #237
    Mapping index: 0
    Address: 0
    Attributes: [41]
Location #238
    Mapping index: 0
    Address: 0
    Line #0
        Function index: 191
        Line: 0
        Column: 0
    Attributes: [41]
Location #239
    Mapping index: 0
    Address: 0
    Line #0
        Function index: 192
        Line: 0
        Column: 0
    Attributes: [41]
Location #240
    Mapping index: 9
    Address: 20423650
    Attributes: [25]
Location #241
    Mapping index: 9
    Address: 20427604
    Attributes: [25]
Location #242
    Mapping index: 9
    Address: 24137666
    Attributes: [25]
Location #243
    Mapping index: 9
    Address: 25643165
    Attributes: [25]
Location #244
    Mapping index: 9
    Address: 23624076
    Attributes: [25]
Location #245
    Mapping index: 9
    Address: 25667457
    Attributes: [25]
Location #246
    Mapping index: 0
    Address: 0
    Line #0
        Function index: 193
        Line: 0
        Column: 0
    Attributes: [41]
Location #247
    Mapping index: 0
    Address: 0
    Line #0
        Function index: 194
        Line: 0
        Column: 0
    Attributes: [41]
Location #248
    Mapping index: 0
    Address: 0
    Line #0
        Function index: 195
        Line: 0
        Column: 0
    Attributes: [41]
Location #249
    Mapping index: 0
    Address: 0
    Line #0
        Function index: 196
        Line: 0
        Column: 0
    Attributes: [41]
Location #250
    Mapping index: 0
    Address: 0
    Line #0
        Function index: 197
        Line: 0
        Column: 0
    Attributes: [41]
Location #251
    Mapping index: 0
    Address: 0
    Line #0
        Function index: 198
        Line: 0
        Column: 0
    Attributes: [41]
Location #252
    Mapping index: 0
    Address: 0
    Line #0
        Function index: 199
        Line: 0
        Column: 0
    Attributes: [41]
Location #253
    Mapping index: 0
    Address: 0
    Line #0
        Function index: 200
        Line: 0
        Column: 0
    Attributes: [41]
Location #254
    Mapping index: 0
    Address: 0
    Line #0
        Function index: 201
        Line: 0
        Column: 0
    Attributes: [41]
Location #255
    Mapping index: 0
    Address: 0
    Line #0
        Function index: 202
        Line: 0
        Column: 0
    Attributes: [41]
Location #256
    Mapping index: 0
    Address: 0
    Line #0
        Function index: 203
        Line: 0
        Column: 0
    Attributes: [41]
Location #257
    Mapping index: 0
    Address: 0
    Line #0
        Function index: 204
        Line: 0
        Column: 0
    Attributes: [41]
Location #258
    Mapping index: 0
    Address: 0
    Line #0
        Function index: 205
        Line: 0
        Column: 0
    Attributes: [41]
Location #259
    Mapping index: 0
    Address: 0
    Line #0
        Function index: 206
        Line: 0
        Column: 0
    Attributes: [41]
Location #260
    Mapping index: 0
    Address: 0
    Line #0
        Function index: 207
        Line: 0
        Column: 0
    Attributes: [41]
Location #261
    Mapping index: 0
    Address: 0
    Line #0
        Function index: 208
        Line: 0
        Column: 0
    Attributes: [41]
Location #262
    Mapping index: 0
    Address: 0
    Line #0
        Function index: 209
        Line: 0
        Column: 0
    Attributes: [41]
Location #263
    Mapping index: 9
    Address: 20424196
    Attributes: [25]
Location #264
    Mapping index: 9
    Address: 20428857
    Attributes: [25]
Location #265
    Mapping index: 9
    Address: 20635384
    Attributes: [25]
Location #266
    Mapping index: 9
    Address: 20636338
    Attributes: [25]
Location #267
    Mapping index: 9
    Address: 15266858
    Attributes: [25]
Location #268
    Mapping index: 9
    Address: 15267424
    Attributes: [25]
Location #269
    Mapping index: 9
    Address: 16024100
    Attributes: [25]
Location #270
    Mapping index: 9
    Address: 15292437
    Attributes: [25]
Location #271
    Mapping index: 9
    Address: 16703983
    Attributes: [25]
Location #272
    Mapping index: 9
    Address: 16023210
    Attributes: [25]
Location #273
    Mapping index: 9
    Address: 15258461
    Attributes: [25]
Location #274
    Mapping index: 4
    Address: 1609095
    Attributes: [25]
Location #275
    Mapping index: 9
    Address: 21840247
    Attributes: [25]
Location #276
    Mapping index: 9
    Address: 21844446
    Attributes: [25]
Location #277
    Mapping index: 9
    Address: 21888873
    Attributes: [25]
Location #278
    Mapping index: 9
    Address: 21895534
    Attributes: [25]
Location #279
    Mapping index: 9
    Address: 21895897
    Attributes: [25]
Location #280
    Mapping index: 0
    Address: 36980119
    Attributes: [25]
Location #281
    Mapping index: 9
    Address: 16935283
    Attributes: [25]
Location #282
    Mapping index: 4
    Address: 641699
    Attributes: [25]
Location #283
    Mapping index: 4
    Address: 1219691
    Attributes: [25]
Location #284
    Mapping index: 4
    Address: 710645
    Attributes: [25]
Location #285
    Mapping index: 10
    Address: 801283
    Attributes: [25]
Location #286
    Mapping index: 9
    Address: 18907798
    Attributes: [25]
Location #287
    Mapping index: 9
    Address: 26037066
    Attributes: [25]
Location #288
    Mapping index: 9
    Address: 19443033
    Attributes: [25]
Location #289
    Mapping index: 0
    Address: 0
    Line #0
        Function index: 210
        Line: 0
        Column: 0
    Attributes: [41]
Location #290
    Mapping index: 0
    Address: 0
    Line #0
        Function index: 211
        Line: 0
        Column: 0
    Attributes: [41]
Location #291
    Mapping index: 0
    Address: 0
    Line #0
        Function index: 212
        Line: 0
        Column: 0
    Attributes: [41]
Location #292
    Mapping index: 0
    Address: 0
    Line #0
        Function index: 213
        Line: 0
        Column: 0
    Attributes: [41]
Location #293
    Mapping index: 0
    Address: 0
    Line #0
        Function index: 214
        Line: 0
        Column: 0
    Attributes: [41]
Location #294
    Mapping index: 0
    Address: 0
    Line #0
        Function index: 215
        Line: 0
        Column: 0
    Attributes: [41]
Location #295
    Mapping index: 0
    Address: 0
    Line #0
        Function index: 216
        Line: 0
        Column: 0
    Attributes: [41]
Location #296
    Mapping index: 0
    Address: 0
    Line #0
        Function index: 217
        Line: 295
        Column: 0
    Attributes: [41]
Location #297
    Mapping index: 0
    Address: 0
    Line #0
        Function index: 218
        Line: 0
        Column: 0
    Attributes: [41]
Location #298
    Mapping index: 0
    Address: 0
    Line #0
        Function index: 219
        Line: 0
        Column: 0
    Attributes: [41]
Location #299
    Mapping index: 9
    Address: 16411541
    Attributes: [25]
Location #300
    Mapping index: 9
    Address: 16412425
    Attributes: [25]
Location #301
    Mapping index: 9
    Address: 16314762
    Attributes: [25]
Location #302
    Mapping index: 9
    Address: 30409788
    Attributes: [25]
Location #303
    Mapping index: 9
    Address: 30424754
    Attributes: [25]
Location #304
    Mapping index: 9
    Address: 30518099
    Attributes: [25]
Location #305
    Mapping index: 9
    Address: 30428182
    Attributes: [25]
Location #306
    Mapping index: 9
    Address: 15277125
    Attributes: [25]
Location #307
    Mapping index: 9
    Address: 16703920
    Attributes: [25]
Location #308
    Mapping index: 9
    Address: 21028791
    Attributes: [25]
Location #309
    Mapping index: 9
    Address: 22485913
    Attributes: [25]
Location #310
    Mapping index: 9
    Address: 22491086
    Attributes: [25]
Location #311
    Mapping index: 9
    Address: 22506483
    Attributes: [25]
Location #312
    Mapping index: 9
    Address: 24814077
    Attributes: [25]
Location #313
    Mapping index: 9
    Address: 24871846
    Attributes: [25]
Location #314
    Mapping index: 9
    Address: 24876787
    Attributes: [25]
Location #315
    Mapping index: 9
    Address: 24822590
    Attributes: [25]
Location #316
    Mapping index: 9
    Address: 24823191
    Attributes: [25]
Location #317
    Mapping index: 9
    Address: 24849888
    Attributes: [25]
Location #318
    Mapping index: 9
    Address: 24852164
    Attributes: [25]
Location #319
    Mapping index: 9
    Address: 24862877
    Attributes: [25]
Location #320
    Mapping index: 9
    Address: 24863213
    Attributes: [25]
Location #321
    Mapping index: 9
    Address: 24599593
    Attributes: [25]
Location #322
    Mapping index: 9
    Address: 24720949
    Attributes: [25]
Location #323
    Mapping index: 9
    Address: 24722392
    Attributes: [25]
Location #324
    Mapping index: 9
    Address: 24761819
    Attributes: [25]
Location #325
    Mapping index: 9
    Address: 24764184
    Attributes: [25]
Location #326
    Mapping index: 9
    Address: 24765638
    Attributes: [25]
Location #327
    Mapping index: 9
    Address: 24787094
    Attributes: [25]
Location #328
    Mapping index: 9
    Address: 19705047
    Attributes: [25]
Location #329
    Mapping index: 9
    Address: 19706189
    Attributes: [25]
Location #330
    Mapping index: 9
    Address: 19706926
    Attributes: [25]
Location #331
    Mapping index: 9
    Address: 19711212
    Attributes: [25]
Location #332
    Mapping index: 9
    Address: 18997854
    Attributes: [25]
Location #333
    Mapping index: 9
    Address: 18999310
    Attributes: [25]
Location #334
    Mapping index: 9
    Address: 15962226
    Attributes: [25]
Location #335
    Mapping index: 9
    Address: 15978729
    Attributes: [25]
Location #336
    Mapping index: 9
    Address: 19316633
    Attributes: [25]
Location #337
    Mapping index: 9
    Address: 19317481
    Attributes: [25]
Location #338
    Mapping index: 0
    Address: 0
    Line #0
        Function index: 220
        Line: 0
        Column: 0
    Attributes: [41]
Location #339
    Mapping index: 0
    Address: 0
    Line #0
        Function index: 221
        Line: 0
        Column: 0
    Attributes: [41]
Location #340
    Mapping index: 0
    Address: 0
    Line #0
        Function index: 222
        Line: 0
        Column: 0
    Attributes: [41]
Location #341
    Mapping index: 0
    Address: 0
    Line #0
        Function index: 223
        Line: 0
        Column: 0
    Attributes: [41]
Location #342
    Mapping index: 0
    Address: 0
    Line #0
        Function index: 224
        Line: 72
        Column: 0
    Attributes: [41]
Location #343
    Mapping index: 9
    Address: 19052805
    Attributes: [25]
Location #344
    Mapping index: 9
    Address: 15267290
    Attributes: [25]
Location #345
    Mapping index: 9
    Address: 29838496
    Attributes: [25]
Location #346
    Mapping index: 9
    Address: 27022059
    Attributes: [25]
Location #347
    Mapping index: 9
    Address: 27074984
    Attributes: [25]
Location #348
    Mapping index: 9
    Address: 19300202
    Attributes: [25]
Location #349
    Mapping index: 9
    Address: 19687610
    Attributes: [25]
Location #350
    Mapping index: 9
    Address: 19688289
    Attributes: [25]
Location #351
    Mapping index: 9
    Address: 27000362
    Attributes: [25]
Location #352
    Mapping index: 9
    Address: 20653022
    Attributes: [25]
Location #353
    Mapping index: 9
    Address: 25613199
    Attributes: [25]
Location #354
    Mapping index: 0
    Address: 0
    Line #0
        Function index: 225
        Line: 5
        Column: 0
    Attributes: [41]
Location #355
    Mapping index: 0
    Address: 0
    Line #0
        Function index: 226
        Line: 3
        Column: 43
    Attributes: [41]
Location #356
    Mapping index: 0
    Address: 0
    Line #0
        Function index: 227
        Line: 5
        Column: 73
    Attributes: [41]
Location #357
    Mapping index: 0
    Address: 0
    Line #0
        Function index: 228
        Line: 6
        Column: 0
    Attributes: [41]
Location #358
    Mapping index: 0
    Address: 0
    Line #0
        Function index: 229
        Line: 107
        Column: 0
    Attributes: [41]
Location #359
    Mapping index: 0
    Address: 0
    Line #0
        Function index: 230
        Line: 135
        Column: 0
    Attributes: [41]
Location #360
    Mapping index: 0
    Address: 0
    Line #0
        Function index: 231
        Line: 233
        Column: 0
    Attributes: [41]
Location #361
    Mapping index: 0
    Address: 0
    Line #0
        Function index: 232
        Line: 0
        Column: 0
    Attributes: [41]
Location #362
    Mapping index: 0
    Address: 0
    Line #0
        Function index: 233
        Line: 0
        Column: 0
    Attributes: [41]
Location #363
    Mapping index: 0
    Address: 0
    Line #0
        Function index: 234
        Line: 0
        Column: 0
    Attributes: [41]
Location #364
    Mapping index: 0
    Address: 0
    Line #0
        Function index: 235
        Line: 0
        Column: 0
    Attributes: [41]
Location #365
    Mapping index: 0
    Address: 47494319
    Attributes: [25]
Location #366
    Mapping index: 0
    Address: 47496698
    Attributes: [25]
Location #367
    Mapping index: 0
    Address: 45224136
    Attributes: [25]
Location #368
    Mapping index: 0
    Address: 45252457
    Attributes: [25]
Location #369
    Mapping index: 0
    Address: 45256993
    Attributes: [25]
Location #370
    Mapping index: 0
    Address: 45306360
    Attributes: [25]
Location #371
    Mapping index: 0
    Address: 45312831
    Attributes: [25]
Location #372
    Mapping index: 9
    Address: 19660682
    Attributes: [25]
Location #373
    Mapping index: 9
    Address: 19919552
    Attributes: [25]
Location #374
    Mapping index: 9
    Address: 19920478
    Attributes: [25]
Location #375
    Mapping index: 0
    Address: 0
    Line #0
        Function index: 236
        Line: 237
        Column: 0
    Attributes: [41]
Location #376
    Mapping index: 9
    Address: 22464306
    Attributes: [25]
Location #377
    Mapping index: 9
    Address: 22506004
    Attributes: [25]
Location #378
    Mapping index: 9
    Address: 16317598
    Attributes: [25]
Location #379
    Mapping index: 9
    Address: 16417175
    Attributes: [25]
Location #380
    Mapping index: 0
    Address: 45375420
    Attributes: [25]
Location #381
    Mapping index: 0
    Address: 45397338
    Attributes: [25]
Location #382
    Mapping index: 0
    Address: 45401676
    Attributes: [25]
Location #383
    Mapping index: 0
    Address: 45235647
    Attributes: [25]
Location #384
    Mapping index: 0
    Address: 45305817
    Attributes: [25]
Location #385
    Mapping index: 9
    Address: 24921758
    Attributes: [25]
Location #386
    Mapping index: 9
    Address: 24974087
    Attributes: [25]
Location #387
    Mapping index: 9
    Address: 24864217
    Attributes: [25]
Location #388
    Mapping index: 9
    Address: 24726763
    Attributes: [25]
Location #389
    Mapping index: 9
    Address: 24729545
    Attributes: [25]
Location #390
    Mapping index: 9
    Address: 24666443
    Attributes: [25]
Location #391
    Mapping index: 9
    Address: 24669444
    Attributes: [25]
Location #392
    Mapping index: 9
    Address: 24669866
    Attributes: [25]
Location #393
    Mapping index: 9
    Address: 24742548
    Attributes: [25]
Location #394
    Mapping index: 9
    Address: 24666607
    Attributes: [25]
Location #395
    Mapping index: 9
    Address: 24750349
    Attributes: [25]
Location #396
    Mapping index: 9
    Address: 24751956
    Attributes: [25]
Location #397
    Mapping index: 9
    Address: 24752405
    Attributes: [25]
Location #398
    Mapping index: 9
    Address: 24761927
    Attributes: [25]
Location #399
    Mapping index: 0
    Address: 0
    Line #0
        Function index: 237
        Line: 0
        Column: 0
    Attributes: [41]
Location #400
    Mapping index: 0
    Address: 0
    Line #0
        Function index: 238
        Line: 0
        Column: 0
    Attributes: [41]
Location #401
    Mapping index: 0
    Address: 0
    Line #0
        Function index: 239
        Line: 0
        Column: 0
    Attributes: [41]
Location #402
    Mapping index: 0
    Address: 0
    Line #0
        Function index: 240
        Line: 0
        Column: 0
    Attributes: [41]
Location #403
    Mapping index: 0
    Address: 50075125
    Attributes: [25]
Location #404
    Mapping index: 0
    Address: 50077323
    Attributes: [25]
Location #405
    Mapping index: 0
    Address: 45221127
    Attributes: [25]
Location #406
    Mapping index: 0
    Address: 45306197
    Attributes: [25]
Location #407
    Mapping index: 0
    Address: 47465416
    Attributes: [25]
Location #408
    Mapping index: 0
    Address: 47497788
    Attributes: [25]
Location #409
    Mapping index: 0
    Address: 45380179
    Attributes: [25]
Location #410
    Mapping index: 0
    Address: 45399841
    Attributes: [25]
Location #411
    Mapping index: 4
    Address: 702556
    Attributes: [25]
Location #412
    Mapping index: 4
    Address: 710419
    Attributes: [25]
Location #413
    Mapping index: 9
    Address: 26099229
    Attributes: [25]
Location #414
    Mapping index: 9
    Address: 26116691
    Attributes: [25]
Location #415
    Mapping index: 9
    Address: 26117456
    Attributes: [25]
Location #416
    Mapping index: 9
    Address: 19244640
    Attributes: [25]
Location #417
    Mapping index: 9
    Address: 24719579
    Attributes: [25]
Location #418
    Mapping index: 9
    Address: 24707678
    Attributes: [25]
Location #419
    Mapping index: 9
    Address: 24717510
    Attributes: [25]
Location #420
    Mapping index: 9
    Address: 24719959
    Attributes: [25]
Location #421
    Mapping index: 9
    Address: 24753550
    Attributes: [25]
Location #422
    Mapping index: 9
    Address: 24764858
    Attributes: [25]
Location #423
    Mapping index: 9
    Address: 19713706
    Attributes: [25]
Location #424
    Mapping index: 9
    Address: 19152435
    Attributes: [25]
Location #425
    Mapping index: 9
    Address: 19153158
    Attributes: [25]
Location #426
    Mapping index: 9
    Address: 16258194
    Attributes: [25]
Location #427
    Mapping index: 9
    Address: 16278569
    Attributes: [25]
Location #428
    Mapping index: 0
    Address: 0
    Line #0
        Function index: 241
        Line: 0
        Column: 0
    Attributes: [41]
Location #429
    Mapping index: 0
    Address: 0
    Line #0
        Function index: 242
        Line: 0
        Column: 0
    Attributes: [41]
Location #430
    Mapping index: 0
    Address: 0
    Line #0
        Function index: 243
        Line: 0
        Column: 0
    Attributes: [41]
Location #431
    Mapping index: 0
    Address: 0
    Line #0
        Function index: 244
        Line: 0
        Column: 0
    Attributes: [41]
Location #432
    Mapping index: 0
    Address: 0
    Line #0
        Function index: 245
        Line: 0
        Column: 0
    Attributes: [41]
Location #433
    Mapping index: 0
    Address: 0
    Line #0
        Function index: 246
        Line: 0
        Column: 0
    Attributes: [41]
Location #434
    Mapping index: 0
    Address: 0
    Line #0
        Function index: 247
        Line: 1
        Column: 0
    Attributes: [41]
Location #435
    Mapping index: 0
    Address: 0
    Line #0
        Function index: 248
        Line: 0
        Column: 0
    Attributes: [41]
Location #436
    Mapping index: 0
    Address: 0
    Line #0
        Function index: 249
        Line: 0
        Column: 0
    Attributes: [41]
Location #437
    Mapping index: 0
    Address: 0
    Line #0
        Function index: 250
        Line: 0
        Column: 0
    Attributes: [41]
Location #438
    Mapping index: 9
    Address: 15963868
    Attributes: [25]
Location #439
    Mapping index: 9
    Address: 24485441
    Attributes: [25]
Location #440
    Mapping index: 9
    Address: 24369152
    Attributes: [25]
Location #441
    Mapping index: 9
    Address: 24368961
    Attributes: [25]
Location #442
    Mapping index: 9
    Address: 24370492
    Attributes: [25]
Location #443
    Mapping index: 9
    Address: 18995569
    Attributes: [25]
Location #444
    Mapping index: 9
    Address: 15983390
    Attributes: [25]
Location #445
    Mapping index: 0
    Address: 0
    Line #0
        Function index: 251
        Line: 0
        Column: 0
    Attributes: [41]
Location #446
    Mapping index: 9
    Address: 24950835
    Attributes: [25]
Location #447
    Mapping index: 9
    Address: 24959637
    Attributes: [25]
Location #448
    Mapping index: 9
    Address: 24891636
    Attributes: [25]
Location #449
    Mapping index: 9
    Address: 20783813
    Attributes: [25]
Location #450
    Mapping index: 9
    Address: 20784526
    Attributes: [25]
Location #451
    Mapping index: 9
    Address: 21841272
    Attributes: [25]
Location #452
    Mapping index: 9
    Address: 21846304
    Attributes: [25]
Location #453
    Mapping index: 9
    Address: 21849574
    Attributes: [25]
Location #454
    Mapping index: 9
    Address: 21895523
    Attributes: [25]
Location #455
    Mapping index: 2
    Address: 7901551
    Line #0
        Function index: 252
        Line: 0
        Column: 0
    Attributes: [12]
Location #456
    Mapping index: 2
    Address: 7812860
    Line #0
        Function index: 84
        Line: 0
        Column: 0
    Attributes: [12]
Location #457
    Mapping index: 4
    Address: 1608586
    Attributes: [25]
Location #458
    Mapping index: 9
    Address: 21844222
    Attributes: [25]
Location #459
    Mapping index: 9
    Address: 21849979
    Attributes: [25]
Location #460
    Mapping index: 9
    Address: 21885809
    Attributes: [25]
Location #461
    Mapping index: 9
    Address: 21887322
    Attributes: [25]
Location #462
    Mapping index: 9
    Address: 24089569
    Attributes: [25]
Location #463
    Mapping index: 9
    Address: 24020021
    Attributes: [25]
Location #464
    Mapping index: 9
    Address: 24132905
    Attributes: [25]
Location #465
    Mapping index: 9
    Address: 25664627
    Attributes: [25]
Location #466
    Mapping index: 0
    Address: 0
    Line #0
        Function index: 253
        Line: 1
        Column: 10
    Attributes: [41]
Location #467
    Mapping index: 0
    Address: 0
    Line #0
        Function index: 254
        Line: 1386
        Column: 1073689790
    Attributes: [41]
Location #468
    Mapping index: 0
    Address: 0
    Line #0
        Function index: 255
        Line: 242
        Column: 0
    Attributes: [41]
Location #469
    Mapping index: 0
    Address: 0
    Line #0
        Function index: 256
        Line: 0
        Column: 0
    Attributes: [41]
Location #470
    Mapping index: 0
    Address: 0
    Line #0
        Function index: 257
        Line: 5
        Column: 0
    Attributes: [41]
Location #471
    Mapping index: 0
    Address: 0
    Line #0
        Function index: 258
        Line: 13
        Column: 0
    Attributes: [41]
Location #472
    Mapping index: 0
    Address: 0
    Line #0
        Function index: 259
        Line: 23
        Column: 0
    Attributes: [41]
Location #473
    Mapping index: 0
    Address: 0
    Line #0
        Function index: 260
        Line: 1
        Column: 49
    Attributes: [41]
Location #474
    Mapping index: 0
    Address: 0
    Line #0
        Function index: 261
        Line: 297
        Column: 0
    Attributes: [41]
Location #475
    Mapping index: 0
    Address: 0
    Line #0
        Function index: 262
        Line: 736
        Column: 0
    Attributes: [41]
Location #476
    Mapping index: 0
    Address: 0
    Line #0
        Function index: 263
        Line: 1049
        Column: 0
    Attributes: [41]
Location #477
    Mapping index: 0
    Address: 0
    Line #0
        Function index: 264
        Line: 1069
        Column: 0
    Attributes: [41]
Location #478
    Mapping index: 0
    Address: 0
    Line #0
        Function index: 265
        Line: 1224
        Column: 0
    Attributes: [41]
Location #479
    Mapping index: 0
    Address: 0
    Line #0
        Function index: 266
        Line: 1282
        Column: 0
    Attributes: [41]
Location #480
    Mapping index: 0
    Address: 0
    Line #0
        Function index: 267
        Line: 448
        Column: 0
    Attributes: [41]
Location #481
    Mapping index: 0
    Address: 0
    Line #0
        Function index: 268
        Line: 591
        Column: 0
    Attributes: [41]
Location #482
    Mapping index: 0
    Address: 0
    Line #0
        Function index: 269
        Line: 540
        Column: 0
    Attributes: [41]
Location #483
    Mapping index: 0
    Address: 0
    Line #0
        Function index: 270
        Line: 202
        Column: 0
    Attributes: [41]
Location #484
    Mapping index: 0
    Address: 0
    Line #0
        Function index: 271
        Line: 517
        Column: 0
    Attributes: [41]
Location #485
    Mapping index: 0
    Address: 0
    Line #0
        Function index: 272
        Line: 568
        Column: 0
    Attributes: [41]
Location #486
    Mapping index: 0
    Address: 0
    Line #0
        Function index: 273
        Line: 0
        Column: 0
    Attributes: [41]
Location #487
    Mapping index: 4
    Address: 695022
    Attributes: [25]
Location #488
    Mapping index: 4
    Address: 705893
    Attributes: [25]
Location #489
    Mapping index: 0
    Address: 45171622
    Attributes: [25]
Location #490
    Mapping index: 0
    Address: 44887983
    Attributes: [25]
Location #491
    Mapping index: 0
    Address: 48442242
    Attributes: [25]
Location #492
    Mapping index: 0
    Address: 44833130
    Attributes: [25]
Location #493
    Mapping index: 0
    Address: 45185518
    Attributes: [25]
Location #494
    Mapping index: 0
    Address: 44833344
    Attributes: [25]
Location #495
    Mapping index: 0
    Address: 44840947
    Attributes: [25]
Location #496
    Mapping index: 0
    Address: 44842008
    Attributes: [25]
Location #497
    Mapping index: 0
    Address: 45305512
    Attributes: [25]
Location #498
    Mapping index: 9
    Address: 24376027
    Attributes: [25]
Location #499
    Mapping index: 9
    Address: 24375222
    Attributes: [25]
Location #500
    Mapping index: 9
    Address: 24095368
    Attributes: [25]
Location #501
    Mapping index: 9
    Address: 18994931
    Attributes: [25]
Location #502
    Mapping index: 9
    Address: 15967048
    Attributes: [25]
Location #503
    Mapping index: 0
    Address: 0
    Line #0
        Function index: 274
        Line: 0
        Column: 0
    Attributes: [41]
Location #504
    Mapping index: 9
    Address: 21840536
    Attributes: [25]
Location #505
    Mapping index: 9
    Address: 21892889
    Attributes: [25]
Location #506
    Mapping index: 9
    Address: 21895803
    Attributes: [25]
Location #507
    Mapping index: 0
    Address: 37027548
    Attributes: [25]
Location #508
    Mapping index: 0
    Address: 37027954
    Attributes: [25]
Location #509
    Mapping index: 9
    Address: 21901819
    Attributes: [25]
Location #510
    Mapping index: 9
    Address: 21223921
    Attributes: [25]
Location #511
    Mapping index: 9
    Address: 21347289
    Attributes: [25]
Location #512
    Mapping index: 9
    Address: 21354168
    Attributes: [25]
Location #513
    Mapping index: 9
    Address: 21367623
    Attributes: [25]
Location #514
    Mapping index: 9
    Address: 30173616
    Attributes: [25]
Location #515
    Mapping index: 0
    Address: 45363259
    Attributes: [25]
Location #516
    Mapping index: 0
    Address: 45401664
    Attributes: [25]
Location #517
    Mapping index: 9
    Address: 24499996
    Attributes: [25]
Location #518
    Mapping index: 9
    Address: 24504953
    Attributes: [25]
Location #519
    Mapping index: 9
    Address: 24505337
    Attributes: [25]
Location #520
    Mapping index: 9
    Address: 22484291
    Attributes: [25]
Location #521
    Mapping index: 0
    Address: 45180768
    Attributes: [25]
Location #522
    Mapping index: 0
    Address: 47916638
    Attributes: [25]
Location #523
    Mapping index: 0
    Address: 45229658
    Attributes: [25]
Location #524
    Mapping index: 0
    Address: 45304728
    Attributes: [25]
Location #525
    Mapping index: 9
    Address: 21028789
    Attributes: [25]
Location #526
    Mapping index: 0
    Address: 0
    Line #0
        Function index: 217
        Line: 91
        Column: 0
    Attributes: [41]
Location #527
    Mapping index: 0
    Address: 0
    Line #0
        Function index: 275
        Line: 0
        Column: 0
    Attributes: [41]
Location #528
    Mapping index: 0
    Address: 0
    Line #0
        Function index: 276
        Line: 0
        Column: 0
    Attributes: [41]
Location #529
    Mapping index: 0
    Address: 0
    Line #0
        Function index: 277
        Line: 0
        Column: 0
    Attributes: [41]
Location #530
    Mapping index: 0
    Address: 0
    Line #0
        Function index: 278
        Line: 0
        Column: 0
    Attributes: [41]
Location #531
    Mapping index: 0
    Address: 0
    Line #0
        Function index: 279
        Line: 0
        Column: 0
    Attributes: [41]
Location #532
    Mapping index: 0
    Address: 0
    Line #0
        Function index: 280
        Line: 85
        Column: 0
    Attributes: [41]
Location #533
    Mapping index: 0
    Address: 0
    Line #0
        Function index: 281
        Line: 88
        Column: 0
    Attributes: [41]
Location #534
    Mapping index: 0
    Address: 0
    Line #0
        Function index: 282
        Line: 84
        Column: 0
    Attributes: [41]
Location #535
    Mapping index: 0
    Address: 0
    Line #0
        Function index: 283
        Line: 42
        Column: 0
    Attributes: [41]
Location #536
    Mapping index: 0
    Address: 0
    Line #0
        Function index: 280
        Line: 476
        Column: 0
    Attributes: [41]
Location #537
    Mapping index: 0
    Address: 0
    Line #0
        Function index: 284
        Line: 460
        Column: 0
    Attributes: [41]
Location #538
    Mapping index: 0
    Address: 0
    Line #0
        Function index: 280
        Line: 475
        Column: 0
    Attributes: [41]
Location #539
    Mapping index: 0
    Address: 0
    Line #0
        Function index: 285
        Line: 74
        Column: 0
    Attributes: [41]
Location #540
    Mapping index: 0
    Address: 0
    Line #0
        Function index: 286
        Line: 112
        Column: 1073737037
    Attributes: [41]
Location #541
    Mapping index: 0
    Address: 0
    Line #0
        Function index: 287
        Line: 0
        Column: 0
    Attributes: [41]
Location #542
    Mapping index: 0
    Address: 0
    Line #0
        Function index: 288
        Line: 34
        Column: 0
    Attributes: [41]
Location #543
    Mapping index: 0
    Address: 0
    Line #0
        Function index: 289
        Line: 122
        Column: 0
    Attributes: [41]
Location #544
    Mapping index: 0
    Address: 0
    Line #0
        Function index: 290
        Line: 0
        Column: 0
    Attributes: [41]
Location #545
    Mapping index: 0
    Address: 47637406
    Attributes: [25]
Location #546
    Mapping index: 0
    Address: 44673051
    Attributes: [25]
Location #547
    Mapping index: 0
    Address: 45167273
    Attributes: [25]
Location #548
    Mapping index: 0
    Address: 45718586
    Attributes: [25]
Location #549
    Mapping index: 0
    Address: 45719445
    Attributes: [25]
Location #550
    Mapping index: 0
    Address: 45309450
    Attributes: [25]
Location #551
    Mapping index: 9
    Address: 21840098
    Attributes: [25]
Location #552
    Mapping index: 2
    Address: 8759118
    Line #0
        Function index: 291
        Line: 0
        Column: 0
    Attributes: [12]
Location #553
    Mapping index: 2
    Address: 8759932
    Line #0
        Function index: 292
        Line: 0
        Column: 0
    Attributes: [12]
Location #554
    Mapping index: 2
    Address: 8763482
    Line #0
        Function index: 293
        Line: 0
        Column: 0
    Attributes: [12]
Location #555
    Mapping index: 2
    Address: 8766287
    Line #0
        Function index: 186
        Line: 0
        Column: 0
    Attributes: [12]
Location #556
    Mapping index: 4
    Address: 1208972
    Attributes: [25]
Location #557
    Mapping index: 9
    Address: 30510018
    Attributes: [25]
Location #558
    Mapping index: 9
    Address: 30438483
    Attributes: [25]
Location #559
    Mapping index: 9
    Address: 30444222
    Attributes: [25]
Location #560
    Mapping index: 9
    Address: 30454887
    Attributes: [25]
Location #561
    Mapping index: 9
    Address: 16396641
    Attributes: [25]
Location #562
    Mapping index: 0
    Address: 0
    Line #0
        Function index: 294
        Line: 0
        Column: 0
    Attributes: [41]
Location #563
    Mapping index: 0
    Address: 0
    Line #0
        Function index: 295
        Line: 0
        Column: 0
    Attributes: [41]
Location #564
    Mapping index: 0
    Address: 0
    Line #0
        Function index: 296
        Line: 0
        Column: 0
    Attributes: [41]
Location #565
    Mapping index: 0
    Address: 0
    Line #0
        Function index: 297
        Line: 634
        Column: 0
    Attributes: [41]
Location #566
    Mapping index: 0
    Address: 0
    Line #0
        Function index: 298
        Line: 652
        Column: 0
    Attributes: [41]
Location #567
    Mapping index: 0
    Address: 0
    Line #0
        Function index: 299
        Line: 1373
        Column: 0
    Attributes: [41]
Location #568
    Mapping index: 0
    Address: 0
    Line #0
        Function index: 300
        Line: 1459
        Column: 0
    Attributes: [41]
Location #569
    Mapping index: 0
    Address: 0
    Line #0
        Function index: 301
        Line: 1496
        Column: 0
    Attributes: [41]
Location #570
    Mapping index: 0
    Address: 0
    Line #0
        Function index: 302
        Line: 282
        Column: 0
    Attributes: [41]
Location #571
    Mapping index: 0
    Address: 45469927
    Attributes: [25]
Location #572
    Mapping index: 0
    Address: 45608856
    Attributes: [25]
Location #573
    Mapping index: 0
    Address: 45210653
    Attributes: [25]
Location #574
    Mapping index: 0
    Address: 45308862
    Attributes: [25]
Location #575
    Mapping index: 9
    Address: 20947635
    Attributes: [25]
Location #576
    Mapping index: 9
    Address: 24238343
    Attributes: [25]
Location #577
    Mapping index: 9
    Address: 22939468
    Attributes: [25]
Location #578
    Mapping index: 9
    Address: 23627044
    Attributes: [25]
Location #579
    Mapping index: 9
    Address: 24100000
    Attributes: [25]
Location #580
    Mapping index: 9
    Address: 18994143
    Attributes: [25]
Location #581
    Mapping index: 9
    Address: 15958807
    Attributes: [25]
Location #582
    Mapping index: 0
    Address: 44833342
    Attributes: [25]
Location #583
    Mapping index: 0
    Address: 45307272
    Attributes: [25]
Location #584
    Mapping index: 9
    Address: 21841400
    Attributes: [25]
Location #585
    Mapping index: 9
    Address: 15333640
    Attributes: [25]
Location #586
    Mapping index: 9
    Address: 15367328
    Attributes: [25]
Location #587
    Mapping index: 9
    Address: 16393305
    Attributes: [25]
Location #588
    Mapping index: 9
    Address: 16415662
    Attributes: [25]
Location #589
    Mapping index: 2
    Address: 22447056
    Line #0
        Function index: 303
        Line: 0
        Column: 0
    Attributes: [12]
Location #590
    Mapping index: 2
    Address: 7403069
    Line #0
        Function index: 304
        Line: 0
        Column: 0
    Attributes: [12]
Location #591
    Mapping index: 2
    Address: 7335288
    Line #0
        Function index: 305
        Line: 0
        Column: 0
    Attributes: [12]
Location #592
    Mapping index: 2
    Address: 9974708
    Line #0
        Function index: 306
        Line: 0
        Column: 0
    Attributes: [12]
Location #593
    Mapping index: 2
    Address: 9975070
    Line #0
        Function index: 307
        Line: 0
        Column: 0
    Attributes: [12]
Location #594
    Mapping index: 2
    Address: 9975332
    Line #0
        Function index: 308
        Line: 0
        Column: 0
    Attributes: [12]
Location #595
    Mapping index: 2
    Address: 9975913
    Line #0
        Function index: 309
        Line: 0
        Column: 0
    Attributes: [12]
Location #596
    Mapping index: 2
    Address: 4411081
    Line #0
        Function index: 310
        Line: 0
        Column: 0
    Attributes: [12]
Location #597
    Mapping index: 2
    Address: 4412409
    Line #0
        Function index: 311
        Line: 0
        Column: 0
    Attributes: [12]
Location #598
    Mapping index: 2
    Address: 4461015
    Line #0
        Function index: 312
        Line: 0
        Column: 0
    Attributes: [12]
Location #599
    Mapping index: 2
    Address: 3573443
    Line #0
        Function index: 313
        Line: 0
        Column: 0
    Attributes: [12]
Location #600
    Mapping index: 2
    Address: 3163321
    Line #0
        Function index: 314
        Line: 0
        Column: 0
    Attributes: [12]
Location #601
    Mapping index: 2
    Address: 7421309
    Line #0
        Function index: 315
        Line: 0
        Column: 0
    Attributes: [12]
Location #602
    Mapping index: 2
    Address: 7425165
    Line #0
        Function index: 316
        Line: 0
        Column: 0
    Attributes: [12]
Location #603
    Mapping index: 2
    Address: 9825217
    Line #0
        Function index: 317
        Line: 0
        Column: 0
    Attributes: [12]
Location #604
    Mapping index: 2
    Address: 9839171
    Line #0
        Function index: 318
        Line: 0
        Column: 0
    Attributes: [12]
Location #605
    Mapping index: 2
    Address: 9840588
    Line #0
        Function index: 319
        Line: 0
        Column: 0
    Attributes: [12]
Location #606
    Mapping index: 2
    Address: 7401052
    Line #0
        Function index: 320
        Line: 0
        Column: 0
    Attributes: [12]
Location #607
    Mapping index: 2
    Address: 7327879
    Line #0
        Function index: 321
        Line: 0
        Column: 0
    Attributes: [12]
Location #608
    Mapping index: 2
    Address: 7347787
    Line #0
        Function index: 322
        Line: 0
        Column: 0
    Attributes: [12]
Location #609
    Mapping index: 2
    Address: 7349065
    Line #0
        Function index: 323
        Line: 0
        Column: 0
    Attributes: [12]
Location #610
    Mapping index: 2
    Address: 9755659
    Line #0
        Function index: 324
        Line: 0
        Column: 0
    Attributes: [12]
Location #611
    Mapping index: 2
    Address: 9032929
    Line #0
        Function index: 325
        Line: 0
        Column: 0
    Attributes: [12]
Location #612
    Mapping index: 2
    Address: 9033567
    Line #0
        Function index: 326
        Line: 0
        Column: 0
    Attributes: [12]
Location #613
    Mapping index: 2
    Address: 9033682
    Line #0
        Function index: 327
        Line: 0
        Column: 0
    Attributes: [12]
Location #614
    Mapping index: 2
    Address: 3170655
    Line #0
        Function index: 57
        Line: 0
        Column: 0
    Attributes: [12]
Location #615
    Mapping index: 11
    Address: 4253645
    Line #0
        Function index: 328
        Line: 36
        Column: 0
    Attributes: [3]
Location #616
    Mapping index: 11
    Address: 5086092
    Line #0
        Function index: 329
        Line: 66
        Column: 0
    Attributes: [3]
Location #617
    Mapping index: 11
    Address: 5086181
    Line #0
        Function index: 330
        Line: 86
        Column: 0
    Attributes: [3]
Location #618
    Mapping index: 11
    Address: 5077188
    Line #0
        Function index: 331
        Line: 464
        Column: 0
    Attributes: [3]
Location #619
    Mapping index: 11
    Address: 5213030
    Line #0
        Function index: 332
        Line: 75
        Column: 0
    Attributes: [3]
Location #620
    Mapping index: 11
    Address: 5276762
    Line #0
        Function index: 333
        Line: 166
        Column: 0
    Attributes: [3]
Location #621
    Mapping index: 11
    Address: 8558746
    Line #0
        Function index: 334
        Line: 144
        Column: 0
    Attributes: [3]
Location #622
    Mapping index: 11
    Address: 11822500
    Line #0
        Function index: 335
        Line: 81
        Column: 0
    Attributes: [3]
Location #623
    Mapping index: 11
    Address: 11822076
    Line #0
        Function index: 336
        Line: 92
        Column: 0
    Attributes: [3]
Location #624
    Mapping index: 11
    Address: 11819172
    Line #0
        Function index: 337
        Line: 35
        Column: 0
    Attributes: [3]
Location #625
    Mapping index: 11
    Address: 16440483
    Line #0
        Function index: 338
        Line: 58
        Column: 0
    Attributes: [3]
Location #626
    Mapping index: 11
    Address: 6623401
    Line #0
        Function index: 339
        Line: 1015
        Column: 0
    Attributes: [3]
Location #627
    Mapping index: 11
    Address: 6625774
    Line #0
        Function index: 340
        Line: 1149
        Column: 0
    Attributes: [3]
Location #628
    Mapping index: 11
    Address: 16439326
    Line #0
        Function index: 341
        Line: 1071
        Column: 0
    Attributes: [3]
Location #629
    Mapping index: 11
    Address: 16428006
    Line #0
        Function index: 342
        Line: 89
        Column: 0
    Attributes: [3]
Location #630
    Mapping index: 11
    Address: 16426692
    Line #0
        Function index: 343
        Line: 39
        Column: 0
    Attributes: [3]
Location #631
    Mapping index: 11
    Address: 4475036
    Line #0
        Function index: 344
        Line: 194
        Column: 0
    Attributes: [3]
Location #632
    Mapping index: 11
    Address: 4717984
    Line #0
        Function index: 345
        Line: 1701
        Column: 0
    Attributes: [3]
Function #0
    Name: 0
    System name: 0
    Filename: 0
    Start line: 0
Function #1
    Name: 8
    System name: 0
    Filename: 9
    Start line: 0
Function #2
    Name: 11
    System name: 0
    Filename: 9
    Start line: 0
Function #3
    Name: 12
    System name: 0
    Filename: 9
    Start line: 0
Function #4
    Name: 13
    System name: 0
    Filename: 9
    Start line: 0
Function #5
    Name: 14
    System name: 0
    Filename: 15
    Start line: 0
Function #6
    Name: 16
    System name: 0
    Filename: 15
    Start line: 0
Function #7
    Name: 17
    System name: 0
    Filename: 18
    Start line: 0
Function #8
    Name: 19
    System name: 0
    Filename: 20
    Start line: 0
Function #9
    Name: 21
    System name: 0
    Filename: 22
    Start line: 0
Function #10
    Name: 23
    System name: 0
    Filename: 22
    Start line: 0
Function #11
    Name: 24
    System name: 0
    Filename: 25
    Start line: 0
Function #12
    Name: 26
    System name: 0
    Filename: 25
    Start line: 0
Function #13
    Name: 27
    System name: 0
    Filename: 25
    Start line: 0
Function #14
    Name: 28
    System name: 0
    Filename: 22
    Start line: 0
Function #15
    Name: 29
    System name: 0
    Filename: 30
    Start line: 0
Function #16
    Name: 31
    System name: 0
    Filename: 30
    Start line: 0
Function #17
    Name: 32
    System name: 0
    Filename: 33
    Start line: 0
Function #18
    Name: 37
    System name: 0
    Filename: 9
    Start line: 0
Function #19
    Name: 38
    System name: 0
    Filename: 9
    Start line: 0
Function #20
    Name: 39
    System name: 0
    Filename: 40
    Start line: 0
Function #21
    Name: 41
    System name: 0
    Filename: 42
    Start line: 0
Function #22
    Name: 43
    System name: 0
    Filename: 33
    Start line: 0
Function #23
    Name: 44
    System name: 0
    Filename: 45
    Start line: 0
Function #24
    Name: 46
    System name: 0
    Filename: 47
    Start line: 0
Function #25
    Name: 48
    System name: 0
    Filename: 47
    Start line: 0
Function #26
    Name: 49
    System name: 0
    Filename: 47
    Start line: 0
Function #27
    Name: 50
    System name: 0
    Filename: 51
    Start line: 0
Function #28
    Name: 52
    System name: 0
    Filename: 33
    Start line: 0
Function #29
    Name: 53
    System name: 0
    Filename: 51
    Start line: 0
Function #30
    Name: 54
    System name: 0
    Filename: 51
    Start line: 0
Function #31
    Name: 57
    System name: 0
    Filename: 0
    Start line: 0
Function #32
    Name: 58
    System name: 0
    Filename: 0
    Start line: 0
Function #33
    Name: 59
    System name: 0
    Filename: 0
    Start line: 0
Function #34
    Name: 60
    System name: 0
    Filename: 0
    Start line: 0
Function #35
    Name: 61
    System name: 0
    Filename: 0
    Start line: 0
Function #36
    Name: 62
    System name: 0
    Filename: 63
    Start line: 0
Function #37
    Name: 64
    System name: 0
    Filename: 65
    Start line: 0
Function #38
    Name: 66
    System name: 0
    Filename: 42
    Start line: 0
Function #39
    Name: 67
    System name: 0
    Filename: 42
    Start line: 0
Function #40
    Name: 68
    System name: 0
    Filename: 40
    Start line: 0
Function #41
    Name: 69
    System name: 0
    Filename: 70
    Start line: 0
Function #42
    Name: 71
    System name: 0
    Filename: 70
    Start line: 0
Function #43
    Name: 72
    System name: 0
    Filename: 70
    Start line: 0
Function #44
    Name: 73
    System name: 0
    Filename: 74
    Start line: 0
Function #45
    Name: 75
    System name: 0
    Filename: 76
    Start line: 0
Function #46
    Name: 77
    System name: 0
    Filename: 76
    Start line: 0
Function #47
    Name: 78
    System name: 0
    Filename: 79
    Start line: 0
Function #48
    Name: 80
    System name: 0
    Filename: 25
    Start line: 0
Function #49
    Name: 81
    System name: 0
    Filename: 0
    Start line: 0
Function #50
    Name: 82
    System name: 0
    Filename: 0
    Start line: 0
Function #51
    Name: 83
    System name: 0
    Filename: 0
    Start line: 0
Function #52
    Name: 84
    System name: 0
    Filename: 0
    Start line: 0
Function #53
    Name: 85
    System name: 0
    Filename: 0
    Start line: 0
Function #54
    Name: 86
    System name: 0
    Filename: 0
    Start line: 0
Function #55
    Name: 87
    System name: 0
    Filename: 0
    Start line: 0
Function #56
    Name: 88
    System name: 0
    Filename: 0
    Start line: 0
Function #57
    Name: 89
    System name: 0
    Filename: 0
    Start line: 0
Function #58
    Name: 90
    System name: 0
    Filename: 0
    Start line: 0
Function #59
    Name: 91
    System name: 0
    Filename: 0
    Start line: 0
Function #60
    Name: 92
    System name: 0
    Filename: 93
    Start line: 0
Function #61
    Name: 94
    System name: 0
    Filename: 95
    Start line: 0
Function #62
    Name: 96
    System name: 0
    Filename: 95
    Start line: 0
Function #63
    Name: 96
    System name: 0
    Filename: 97
    Start line: 0
Function #64
    Name: 98
    System name: 0
    Filename: 99
    Start line: 0
Function #65
    Name: 100
    System name: 0
    Filename: 101
    Start line: 0
Function #66
    Name: 102
    System name: 0
    Filename: 101
    Start line: 0
Function #67
    Name: 103
    System name: 0
    Filename: 104
    Start line: 0
Function #68
    Name: 105
    System name: 0
    Filename: 20
    Start line: 0
Function #69
    Name: 106
    System name: 0
    Filename: 107
    Start line: 0
Function #70
    Name: 108
    System name: 0
    Filename: 107
    Start line: 0
Function #71
    Name: 109
    System name: 0
    Filename: 107
    Start line: 0
Function #72
    Name: 110
    System name: 0
    Filename: 107
    Start line: 0
Function #73
    Name: 111
    System name: 0
    Filename: 33
    Start line: 0
Function #74
    Name: 112
    System name: 0
    Filename: 113
    Start line: 0
Function #75
    Name: 114
    System name: 0
    Filename: 115
    Start line: 0
Function #76
    Name: 116
    System name: 0
    Filename: 117
    Start line: 0
Function #77
    Name: 118
    System name: 0
    Filename: 115
    Start line: 0
Function #78
    Name: 119
    System name: 0
    Filename: 65
    Start line: 0
Function #79
    Name: 120
    System name: 0
    Filename: 0
    Start line: 0
Function #80
    Name: 121
    System name: 0
    Filename: 0
    Start line: 0
Function #81
    Name: 122
    System name: 0
    Filename: 0
    Start line: 0
Function #82
    Name: 123
    System name: 0
    Filename: 0
    Start line: 0
Function #83
    Name: 124
    System name: 0
    Filename: 0
    Start line: 0
Function #84
    Name: 125
    System name: 0
    Filename: 0
    Start line: 0
Function #85
    Name: 126
    System name: 0
    Filename: 0
    Start line: 0
Function #86
    Name: 131
    System name: 0
    Filename: 0
    Start line: 0
Function #87
    Name: 132
    System name: 0
    Filename: 0
    Start line: 0
Function #88
    Name: 133
    System name: 0
    Filename: 0
    Start line: 0
Function #89
    Name: 134
    System name: 0
    Filename: 0
    Start line: 0
Function #90
    Name: 135
    System name: 0
    Filename: 0
    Start line: 0
Function #91
    Name: 136
    System name: 0
    Filename: 0
    Start line: 0
Function #92
    Name: 137
    System name: 0
    Filename: 0
    Start line: 0
Function #93
    Name: 138
    System name: 0
    Filename: 0
    Start line: 0
Function #94
    Name: 139
    System name: 0
    Filename: 0
    Start line: 0
Function #95
    Name: 141
    System name: 0
    Filename: 0
    Start line: 0
Function #96
    Name: 142
    System name: 0
    Filename: 0
    Start line: 0
Function #97
    Name: 143
    System name: 0
    Filename: 0
    Start line: 0
Function #98
    Name: 144
    System name: 0
    Filename: 0
    Start line: 0
Function #99
    Name: 145
    System name: 0
    Filename: 0
    Start line: 0
Function #100
    Name: 146
    System name: 0
    Filename: 0
    Start line: 0
Function #101
    Name: 147
    System name: 0
    Filename: 0
    Start line: 0
Function #102
    Name: 148
    System name: 0
    Filename: 0
    Start line: 0
Function #103
    Name: 149
    System name: 0
    Filename: 0
    Start line: 0
Function #104
    Name: 150
    System name: 0
    Filename: 0
    Start line: 0
Function #105
    Name: 151
    System name: 0
    Filename: 0
    Start line: 0
Function #106
    Name: 153
    System name: 0
    Filename: 0
    Start line: 0
Function #107
    Name: 154
    System name: 0
    Filename: 0
    Start line: 0
Function #108
    Name: 155
    System name: 0
    Filename: 0
    Start line: 0
Function #109
    Name: 156
    System name: 0
    Filename: 0
    Start line: 0
Function #110
    Name: 157
    System name: 0
    Filename: 0
    Start line: 0
Function #111
    Name: 158
    System name: 0
    Filename: 0
    Start line: 0
Function #112
    Name: 159
    System name: 0
    Filename: 0
    Start line: 0
Function #113
    Name: 160
    System name: 0
    Filename: 0
    Start line: 0
Function #114
    Name: 161
    System name: 0
    Filename: 0
    Start line: 0
Function #115
    Name: 162
    System name: 0
    Filename: 0
    Start line: 0
Function #116
    Name: 163
    System name: 0
    Filename: 0
    Start line: 0
Function #117
    Name: 164
    System name: 0
    Filename: 0
    Start line: 0
Function #118
    Name: 165
    System name: 0
    Filename: 0
    Start line: 0
Function #119
    Name: 166
    System name: 0
    Filename: 0
    Start line: 0
Function #120
    Name: 167
    System name: 0
    Filename: 0
    Start line: 0
Function #121
    Name: 168
    System name: 0
    Filename: 0
    Start line: 0
Function #122
    Name: 169
    System name: 0
    Filename: 0
    Start line: 0
Function #123
    Name: 170
    System name: 0
    Filename: 0
    Start line: 0
Function #124
    Name: 171
    System name: 0
    Filename: 0
    Start line: 0
Function #125
    Name: 172
    System name: 0
    Filename: 0
    Start line: 0
Function #126
    Name: 173
    System name: 0
    Filename: 0
    Start line: 0
Function #127
    Name: 174
    System name: 0
    Filename: 0
    Start line: 0
Function #128
    Name: 175
    System name: 0
    Filename: 0
    Start line: 0
Function #129
    Name: 176
    System name: 0
    Filename: 0
    Start line: 0
Function #130
    Name: 177
    System name: 0
    Filename: 0
    Start line: 0
Function #131
    Name: 178
    System name: 0
    Filename: 0
    Start line: 0
Function #132
    Name: 179
    System name: 0
    Filename: 0
    Start line: 0
Function #133
    Name: 180
    System name: 0
    Filename: 0
    Start line: 0
Function #134
    Name: 181
    System name: 0
    Filename: 0
    Start line: 0
Function #135
    Name: 182
    System name: 0
    Filename: 0
    Start line: 0
Function #136
    Name: 183
    System name: 0
    Filename: 0
    Start line: 0
Function #137
    Name: 184
    System name: 0
    Filename: 0
    Start line: 0
Function #138
    Name: 185
    System name: 0
    Filename: 0
    Start line: 0
Function #139
    Name: 186
    System name: 0
    Filename: 0
    Start line: 0
Function #140
    Name: 187
    System name: 0
    Filename: 0
    Start line: 0
Function #141
    Name: 188
    System name: 0
    Filename: 0
    Start line: 0
Function #142
    Name: 189
    System name: 0
    Filename: 0
    Start line: 0
Function #143
    Name: 190
    System name: 0
    Filename: 0
    Start line: 0
Function #144
    Name: 191
    System name: 0
    Filename: 0
    Start line: 0
Function #145
    Name: 192
    System name: 0
    Filename: 0
    Start line: 0
Function #146
    Name: 193
    System name: 0
    Filename: 0
    Start line: 0
Function #147
    Name: 194
    System name: 0
    Filename: 0
    Start line: 0
Function #148
    Name: 195
    System name: 0
    Filename: 0
    Start line: 0
Function #149
    Name: 196
    System name: 0
    Filename: 0
    Start line: 0
Function #150
    Name: 197
    System name: 0
    Filename: 0
    Start line: 0
Function #151
    Name: 198
    System name: 0
    Filename: 0
    Start line: 0
Function #152
    Name: 199
    System name: 0
    Filename: 0
    Start line: 0
Function #153
    Name: 200
    System name: 0
    Filename: 0
    Start line: 0
Function #154
    Name: 201
    System name: 0
    Filename: 0
    Start line: 0
Function #155
    Name: 202
    System name: 0
    Filename: 0
    Start line: 0
Function #156
    Name: 203
    System name: 0
    Filename: 0
    Start line: 0
Function #157
    Name: 204
    System name: 0
    Filename: 0
    Start line: 0
Function #158
    Name: 205
    System name: 0
    Filename: 0
    Start line: 0
Function #159
    Name: 206
    System name: 0
    Filename: 0
    Start line: 0
Function #160
    Name: 207
    System name: 0
    Filename: 0
    Start line: 0
Function #161
    Name: 208
    System name: 0
    Filename: 0
    Start line: 0
Function #162
    Name: 209
    System name: 0
    Filename: 0
    Start line: 0
Function #163
    Name: 210
    System name: 0
    Filename: 0
    Start line: 0
Function #164
    Name: 211
    System name: 0
    Filename: 0
    Start line: 0
Function #165
    Name: 212
    System name: 0
    Filename: 0
    Start line: 0
Function #166
    Name: 213
    System name: 0
    Filename: 0
    Start line: 0
Function #167
    Name: 214
    System name: 0
    Filename: 0
    Start line: 0
Function #168
    Name: 215
    System name: 0
    Filename: 0
    Start line: 0
Function #169
    Name: 216
    System name: 0
    Filename: 0
    Start line: 0
Function #170
    Name: 217
    System name: 0
    Filename: 0
    Start line: 0
Function #171
    Name: 218
    System name: 0
    Filename: 0
    Start line: 0
Function #172
    Name: 219
    System name: 0
    Filename: 0
    Start line: 0
Function #173
    Name: 220
    System name: 0
    Filename: 0
    Start line: 0
Function #174
    Name: 221
    System name: 0
    Filename: 0
    Start line: 0
Function #175
    Name: 222
    System name: 0
    Filename: 0
    Start line: 0
Function #176
    Name: 223
    System name: 0
    Filename: 0
    Start line: 0
Function #177
    Name: 224
    System name: 0
    Filename: 0
    Start line: 0
Function #178
    Name: 225
    System name: 0
    Filename: 0
    Start line: 0
Function #179
    Name: 226
    System name: 0
    Filename: 0
    Start line: 0
Function #180
    Name: 227
    System name: 0
    Filename: 0
    Start line: 0
Function #181
    Name: 228
    System name: 0
    Filename: 0
    Start line: 0
Function #182
    Name: 229
    System name: 0
    Filename: 0
    Start line: 0
Function #183
    Name: 230
    System name: 0
    Filename: 0
    Start line: 0
Function #184
    Name: 231
    System name: 0
    Filename: 0
    Start line: 0
Function #185
    Name: 232
    System name: 0
    Filename: 0
    Start line: 0
Function #186
    Name: 233
    System name: 0
    Filename: 0
    Start line: 0
Function #187
    Name: 234
    System name: 0
    Filename: 0
    Start line: 0
Function #188
    Name: 235
    System name: 0
    Filename: 0
    Start line: 0
Function #189
    Name: 236
    System name: 0
    Filename: 0
    Start line: 0
Function #190
    Name: 238
    System name: 0
    Filename: 0
    Start line: 0
Function #191
    Name: 239
    System name: 0
    Filename: 0
    Start line: 0
Function #192
    Name: 240
    System name: 0
    Filename: 0
    Start line: 0
Function #193
    Name: 241
    System name: 0
    Filename: 0
    Start line: 0
Function #194
    Name: 242
    System name: 0
    Filename: 243
    Start line: 0
Function #195
    Name: 244
    System name: 0
    Filename: 243
    Start line: 0
Function #196
    Name: 245
    System name: 0
    Filename: 246
    Start line: 0
Function #197
    Name: 247
    System name: 0
    Filename: 246
    Start line: 0
Function #198
    Name: 248
    System name: 0
    Filename: 249
    Start line: 0
Function #199
    Name: 250
    System name: 0
    Filename: 249
    Start line: 0
Function #200
    Name: 251
    System name: 0
    Filename: 252
    Start line: 0
Function #201
    Name: 253
    System name: 0
    Filename: 254
    Start line: 0
Function #202
    Name: 255
    System name: 0
    Filename: 254
    Start line: 0
Function #203
    Name: 256
    System name: 0
    Filename: 257
    Start line: 0
Function #204
    Name: 258
    System name: 0
    Filename: 254
    Start line: 0
Function #205
    Name: 259
    System name: 0
    Filename: 257
    Start line: 0
Function #206
    Name: 260
    System name: 0
    Filename: 257
    Start line: 0
Function #207
    Name: 261
    System name: 0
    Filename: 262
    Start line: 0
Function #208
    Name: 263
    System name: 0
    Filename: 264
    Start line: 0
Function #209
    Name: 265
    System name: 0
    Filename: 0
    Start line: 0
Function #210
    Name: 267
    System name: 0
    Filename: 268
    Start line: 0
Function #211
    Name: 269
    System name: 0
    Filename: 268
    Start line: 0
Function #212
    Name: 270
    System name: 0
    Filename: 243
    Start line: 0
Function #213
    Name: 271
    System name: 0
    Filename: 252
    Start line: 0
Function #214
    Name: 272
    System name: 0
    Filename: 252
    Start line: 0
Function #215
    Name: 273
    System name: 0
    Filename: 257
    Start line: 0
Function #216
    Name: 274
    System name: 0
    Filename: 275
    Start line: 0
Function #217
    Name: 259
    System name: 0
    Filename: 276
    Start line: 0
Function #218
    Name: 277
    System name: 0
    Filename: 275
    Start line: 0
Function #219
    Name: 278
    System name: 0
    Filename: 257
    Start line: 0
Function #220
    Name: 279
    System name: 0
    Filename: 0
    Start line: 0
Function #221
    Name: 280
    System name: 0
    Filename: 249
    Start line: 0
Function #222
    Name: 281
    System name: 0
    Filename: 282
    Start line: 0
Function #223
    Name: 283
    System name: 0
    Filename: 0
    Start line: 0
Function #224
    Name: 284
    System name: 0
    Filename: 285
    Start line: 0
Function #225
    Name: 286
    System name: 0
    Filename: 287
    Start line: 0
Function #226
    Name: 288
    System name: 0
    Filename: 289
    Start line: 0
Function #227
    Name: 290
    System name: 0
    Filename: 291
    Start line: 0
Function #228
    Name: 292
    System name: 0
    Filename: 293
    Start line: 0
Function #229
    Name: 294
    System name: 0
    Filename: 295
    Start line: 0
Function #230
    Name: 296
    System name: 0
    Filename: 295
    Start line: 0
Function #231
    Name: 297
    System name: 0
    Filename: 295
    Start line: 0
Function #232
    Name: 263
    System name: 0
    Filename: 298
    Start line: 0
Function #233
    Name: 299
    System name: 0
    Filename: 298
    Start line: 0
Function #234
    Name: 300
    System name: 0
    Filename: 298
    Start line: 0
Function #235
    Name: 301
    System name: 0
    Filename: 298
    Start line: 0
Function #236
    Name: 302
    System name: 0
    Filename: 276
    Start line: 0
Function #237
    Name: 303
    System name: 0
    Filename: 257
    Start line: 0
Function #238
    Name: 304
    System name: 0
    Filename: 257
    Start line: 0
Function #239
    Name: 305
    System name: 0
    Filename: 257
    Start line: 0
Function #240
    Name: 306
    System name: 0
    Filename: 257
    Start line: 0
Function #241
    Name: 307
    System name: 0
    Filename: 308
    Start line: 0
Function #242
    Name: 263
    System name: 0
    Filename: 308
    Start line: 0
Function #243
    Name: 309
    System name: 0
    Filename: 310
    Start line: 0
Function #244
    Name: 311
    System name: 0
    Filename: 308
    Start line: 0
Function #245
    Name: 263
    System name: 0
    Filename: 312
    Start line: 0
Function #246
    Name: 313
    System name: 0
    Filename: 314
    Start line: 0
Function #247
    Name: 263
    System name: 0
    Filename: 315
    Start line: 0
Function #248
    Name: 263
    System name: 0
    Filename: 316
    Start line: 0
Function #249
    Name: 317
    System name: 0
    Filename: 282
    Start line: 0
Function #250
    Name: 263
    System name: 0
    Filename: 282
    Start line: 0
Function #251
    Name: 318
    System name: 0
    Filename: 262
    Start line: 0
Function #252
    Name: 319
    System name: 0
    Filename: 0
    Start line: 0
Function #253
    Name: 320
    System name: 0
    Filename: 321
    Start line: 0
Function #254
    Name: 322
    System name: 0
    Filename: 321
    Start line: 0
Function #255
    Name: 323
    System name: 0
    Filename: 321
    Start line: 0
Function #256
    Name: 263
    System name: 0
    Filename: 321
    Start line: 0
Function #257
    Name: 324
    System name: 0
    Filename: 325
    Start line: 0
Function #258
    Name: 326
    System name: 0
    Filename: 327
    Start line: 0
Function #259
    Name: 328
    System name: 0
    Filename: 327
    Start line: 0
Function #260
    Name: 329
    System name: 0
    Filename: 330
    Start line: 0
Function #261
    Name: 331
    System name: 0
    Filename: 330
    Start line: 0
Function #262
    Name: 332
    System name: 0
    Filename: 333
    Start line: 0
Function #263
    Name: 334
    System name: 0
    Filename: 333
    Start line: 0
Function #264
    Name: 335
    System name: 0
    Filename: 333
    Start line: 0
Function #265
    Name: 336
    System name: 0
    Filename: 333
    Start line: 0
Function #266
    Name: 259
    System name: 0
    Filename: 333
    Start line: 0
Function #267
    Name: 337
    System name: 0
    Filename: 338
    Start line: 0
Function #268
    Name: 339
    System name: 0
    Filename: 338
    Start line: 0
Function #269
    Name: 340
    System name: 0
    Filename: 338
    Start line: 0
Function #270
    Name: 341
    System name: 0
    Filename: 338
    Start line: 0
Function #271
    Name: 342
    System name: 0
    Filename: 338
    Start line: 0
Function #272
    Name: 343
    System name: 0
    Filename: 338
    Start line: 0
Function #273
    Name: 344
    System name: 0
    Filename: 298
    Start line: 0
Function #274
    Name: 345
    System name: 0
    Filename: 262
    Start line: 0
Function #275
    Name: 346
    System name: 0
    Filename: 257
    Start line: 0
Function #276
    Name: 347
    System name: 0
    Filename: 257
    Start line: 0
Function #277
    Name: 348
    System name: 0
    Filename: 262
    Start line: 0
Function #278
    Name: 349
    System name: 0
    Filename: 257
    Start line: 0
Function #279
    Name: 350
    System name: 0
    Filename: 308
    Start line: 0
Function #280
    Name: 263
    System name: 0
    Filename: 276
    Start line: 0
Function #281
    Name: 351
    System name: 0
    Filename: 276
    Start line: 0
Function #282
    Name: 352
    System name: 0
    Filename: 276
    Start line: 0
Function #283
    Name: 353
    System name: 0
    Filename: 276
    Start line: 0
Function #284
    Name: 354
    System name: 0
    Filename: 276
    Start line: 0
Function #285
    Name: 355
    System name: 0
    Filename: 356
    Start line: 0
Function #286
    Name: 357
    System name: 0
    Filename: 356
    Start line: 0
Function #287
    Name: 358
    System name: 0
    Filename: 359
    Start line: 0
Function #288
    Name: 360
    System name: 0
    Filename: 361
    Start line: 0
Function #289
    Name: 362
    System name: 0
    Filename: 361
    Start line: 0
Function #290
    Name: 363
    System name: 0
    Filename: 298
    Start line: 0
Function #291
    Name: 364
    System name: 0
    Filename: 0
    Start line: 0
Function #292
    Name: 365
    System name: 0
    Filename: 0
    Start line: 0
Function #293
    Name: 366
    System name: 0
    Filename: 0
    Start line: 0
Function #294
    Name: 367
    System name: 0
    Filename: 252
    Start line: 0
Function #295
    Name: 368
    System name: 0
    Filename: 252
    Start line: 0
Function #296
    Name: 369
    System name: 0
    Filename: 252
    Start line: 0
Function #297
    Name: 370
    System name: 0
    Filename: 321
    Start line: 0
Function #298
    Name: 371
    System name: 0
    Filename: 321
    Start line: 0
Function #299
    Name: 372
    System name: 0
    Filename: 373
    Start line: 0
Function #300
    Name: 374
    System name: 0
    Filename: 373
    Start line: 0
Function #301
    Name: 375
    System name: 0
    Filename: 373
    Start line: 0
Function #302
    Name: 376
    System name: 0
    Filename: 377
    Start line: 0
Function #303
    Name: 378
    System name: 0
    Filename: 0
    Start line: 0
Function #304
    Name: 379
    System name: 0
    Filename: 0
    Start line: 0
Function #305
    Name: 380
    System name: 0
    Filename: 0
    Start line: 0
Function #306
    Name: 381
    System name: 0
    Filename: 0
    Start line: 0
Function #307
    Name: 382
    System name: 0
    Filename: 0
    Start line: 0
Function #308
    Name: 383
    System name: 0
    Filename: 0
    Start line: 0
Function #309
    Name: 384
    System name: 0
    Filename: 0
    Start line: 0
Function #310
    Name: 385
    System name: 0
    Filename: 0
    Start line: 0
Function #311
    Name: 386
    System name: 0
    Filename: 0
    Start line: 0
Function #312
    Name: 387
    System name: 0
    Filename: 0
    Start line: 0
Function #313
    Name: 388
    System name: 0
    Filename: 0
    Start line: 0
Function #314
    Name: 389
    System name: 0
    Filename: 0
    Start line: 0
Function #315
    Name: 390
    System name: 0
    Filename: 0
    Start line: 0
Function #316
    Name: 391
    System name: 0
    Filename: 0
    Start line: 0
Function #317
    Name: 392
    System name: 0
    Filename: 0
    Start line: 0
Function #318
    Name: 393
    System name: 0
    Filename: 0
    Start line: 0
Function #319
    Name: 394
    System name: 0
    Filename: 0
    Start line: 0
Function #320
    Name: 395
    System name: 0
    Filename: 0
    Start line: 0
Function #321
    Name: 396
    System name: 0
    Filename: 0
    Start line: 0
Function #322
    Name: 397
    System name: 0
    Filename: 0
    Start line: 0
Function #323
    Name: 398
    System name: 0
    Filename: 0
    Start line: 0
Function #324
    Name: 399
    System name: 0
    Filename: 0
    Start line: 0
Function #325
    Name: 400
    System name: 0
    Filename: 0
    Start line: 0
Function #326
    Name: 401
    System name: 0
    Filename: 0
    Start line: 0
Function #327
    Name: 402
    System name: 0
    Filename: 0
    Start line: 0
Function #328
    Name: 92
    System name: 0
    Filename: 404
    Start line: 0
Function #329
    Name: 94
    System name: 0
    Filename: 405
    Start line: 0
Function #330
    Name: 96
    System name: 0
    Filename: 405
    Start line: 0
Function #331
    Name: 406
    System name: 0
    Filename: 407
    Start line: 0
Function #332
    Name: 408
    System name: 0
    Filename: 409
    Start line: 0
Function #333
    Name: 410
    System name: 0
    Filename: 411
    Start line: 0
Function #334
    Name: 412
    System name: 0
    Filename: 413
    Start line: 0
Function #335
    Name: 414
    System name: 0
    Filename: 415
    Start line: 0
Function #336
    Name: 416
    System name: 0
    Filename: 415
    Start line: 0
Function #337
    Name: 417
    System name: 0
    Filename: 415
    Start line: 0
Function #338
    Name: 418
    System name: 0
    Filename: 419
    Start line: 0
Function #339
    Name: 420
    System name: 0
    Filename: 421
    Start line: 0
Function #340
    Name: 422
    System name: 0
    Filename: 421
    Start line: 0
Function #341
    Name: 423
    System name: 0
    Filename: 421
    Start line: 0
Function #342
    Name: 424
    System name: 0
    Filename: 425
    Start line: 0
Function #343
    Name: 426
    System name: 0
    Filename: 425
    Start line: 0
Function #344
    Name: 427
    System name: 0
    Filename: 428
    Start line: 0
Function #345
    Name: 32
    System name: 0
    Filename: 429
    Start line: 0
Attribute table:
     -> Key: Int(35)
     -> Value: Str(1274642)
     -> unit: Int(0)
Link table:
     -> Trace ID: Str()
     -> Span ID: Str()
String table:
    
    cpu
    nanoseconds
    samples
    count
    otelcol-ebpf-profiler
    process.executable.build_id.go
    process.executable.build_id.htlhash
    go.opentelemetry.io/ebpf-profiler/nativeunwind/elfunwindinfo.(*vmRegs).getUnwindInfo
    /tmp/opentelemetry-ebpf-profiler/nativeunwind/elfunwindinfo/elfehframe.go
    profile.frame.type
    go.opentelemetry.io/ebpf-profiler/nativeunwind/elfunwindinfo.(*elfExtractor).parseFDE
    go.opentelemetry.io/ebpf-profiler/nativeunwind/elfunwindinfo.(*elfExtractor).walkBinSearchTable
    go.opentelemetry.io/ebpf-profiler/nativeunwind/elfunwindinfo.(*elfExtractor).parseEHFrame
    go.opentelemetry.io/ebpf-profiler/nativeunwind/elfunwindinfo.extractFile
    /tmp/opentelemetry-ebpf-profiler/nativeunwind/elfunwindinfo/stackdeltaextraction.go
    go.opentelemetry.io/ebpf-profiler/nativeunwind/elfunwindinfo.ExtractELF
    go.opentelemetry.io/ebpf-profiler/nativeunwind/elfunwindinfo.(*ELFStackDeltaProvider).GetIntervalStructuresForFile
    /tmp/opentelemetry-ebpf-profiler/nativeunwind/elfunwindinfo/stackdeltaprovider.go
    go.opentelemetry.io/ebpf-profiler/processmanager/execinfomanager.(*ExecutableInfoManager).AddOrIncRef
    /tmp/opentelemetry-ebpf-profiler/processmanager/execinfomanager/manager.go
    go.opentelemetry.io/ebpf-profiler/processmanager.(*ProcessManager).newFrameMapping
    /tmp/opentelemetry-ebpf-profiler/processmanager/processinfo.go
    go.opentelemetry.io/ebpf-profiler/processmanager.(*ProcessManager).SynchronizeProcess.func1
    go.opentelemetry.io/ebpf-profiler/process.(*systemProcess).IterateMappings.func1
    /tmp/opentelemetry-ebpf-profiler/process/process.go
    go.opentelemetry.io/ebpf-profiler/process.iterateMappings
    go.opentelemetry.io/ebpf-profiler/process.(*systemProcess).IterateMappings
    go.opentelemetry.io/ebpf-profiler/processmanager.(*ProcessManager).SynchronizeProcess
    go.opentelemetry.io/ebpf-profiler/tracer.(*Tracer).processPIDEvents
    /tmp/opentelemetry-ebpf-profiler/tracer/events.go
    go.opentelemetry.io/ebpf-profiler/tracer.(*Tracer).StartPIDEventProcessor.gowrap1
    runtime.goexit
    /home/yunwei37/go/pkg/mod/golang.org/toolchain@v0.0.1-go1.25.0.linux-amd64/src/runtime/asm_amd64.s
    thread.name
    thread.id
    cpu.logical_number
    go.opentelemetry.io/ebpf-profiler/nativeunwind/elfunwindinfo.(*reader).ptr
    go.opentelemetry.io/ebpf-profiler/nativeunwind/elfunwindinfo.parsesFDEHeader
    slices.pdqsortCmpFunc[go.shape.struct { Address uint64; Hints uint8; Info go.opentelemetry.io/ebpf-profiler/support.UnwindInfo }]
    /home/yunwei37/go/pkg/mod/golang.org/toolchain@v0.0.1-go1.25.0.linux-amd64/src/slices/zsortanyfunc.go
    go.opentelemetry.io/ebpf-profiler/nativeunwind/stackdeltatypes.(*StackDeltaArray).Sort
    /tmp/opentelemetry-ebpf-profiler/nativeunwind/stackdeltatypes/stackdeltatypes.go
    runtime.procyield
    runtime.suspendG
    /home/yunwei37/go/pkg/mod/golang.org/toolchain@v0.0.1-go1.25.0.linux-amd64/src/runtime/preempt.go
    runtime.markroot.func1
    /home/yunwei37/go/pkg/mod/golang.org/toolchain@v0.0.1-go1.25.0.linux-amd64/src/runtime/mgcmark.go
    runtime.markroot
    runtime.gcDrain
    runtime.gcBgMarkWorker.func2
    /home/yunwei37/go/pkg/mod/golang.org/toolchain@v0.0.1-go1.25.0.linux-amd64/src/runtime/mgc.go
    runtime.systemstack
    runtime.gcBgMarkWorker
    runtime.gcBgMarkStartWorkers.gowrap1
    vmlinux
    process.executable.build_id.gnu
    pmd_val
    handle_mm_fault
    do_user_addr_fault
    exc_page_fault
    asm_exc_page_fault
    runtime.memmove
    /home/yunwei37/go/pkg/mod/golang.org/toolchain@v0.0.1-go1.25.0.linux-amd64/src/runtime/memmove_amd64.s
    runtime.growslice
    /home/yunwei37/go/pkg/mod/golang.org/toolchain@v0.0.1-go1.25.0.linux-amd64/src/runtime/slice.go
    go.opentelemetry.io/ebpf-profiler/nativeunwind/stackdeltatypes.(*StackDeltaArray).AddEx
    go.opentelemetry.io/ebpf-profiler/nativeunwind/stackdeltatypes.compareStackDelta
    slices.partialInsertionSortCmpFunc[go.shape.struct { Address uint64; Hints uint8; Info go.opentelemetry.io/ebpf-profiler/support.UnwindInfo }]
    runtime.getWeakHandle
    /home/yunwei37/go/pkg/mod/golang.org/toolchain@v0.0.1-go1.25.0.linux-amd64/src/runtime/mheap.go
    runtime.getOrAddWeakHandle
    weak.runtime_registerWeakPointer
    weak.Make[go.shape.string]
    /home/yunwei37/go/pkg/mod/golang.org/toolchain@v0.0.1-go1.25.0.linux-amd64/src/weak/pointer.go
    unique.newEntryNode[go.shape.string]
    /home/yunwei37/go/pkg/mod/golang.org/toolchain@v0.0.1-go1.25.0.linux-amd64/src/unique/canonmap.go
    unique.(*canonMap[go.shape.string]).LoadOrStore
    unique.Make[go.shape.string]
    /home/yunwei37/go/pkg/mod/golang.org/toolchain@v0.0.1-go1.25.0.linux-amd64/src/unique/handle.go
    go.opentelemetry.io/ebpf-profiler/process.(*systemProcess).GetExe
    __check_heap_object
    check_heap_object
    __check_object_size.part.0
    __check_object_size
    generic_map_update_batch
    bpf_map_do_batch
    __sys_bpf
    __x64_sys_bpf
    x64_sys_call
    do_syscall_64
    entry_SYSCALL_64_after_hwframe
    internal/runtime/syscall.Syscall6
    /home/yunwei37/go/pkg/mod/golang.org/toolchain@v0.0.1-go1.25.0.linux-amd64/src/internal/runtime/syscall/asm_linux_amd64.s
    syscall.RawSyscall6
    /home/yunwei37/go/pkg/mod/golang.org/toolchain@v0.0.1-go1.25.0.linux-amd64/src/syscall/syscall_linux.go
    syscall.Syscall
    <autogenerated>
    github.com/cilium/ebpf/internal/sys.BPF
    /home/yunwei37/go/pkg/mod/github.com/cilium/ebpf@v0.21.0/internal/unix/types_linux.go
    github.com/cilium/ebpf.(*Map).batchUpdate
    /home/yunwei37/go/pkg/mod/github.com/cilium/ebpf@v0.21.0/map.go
    github.com/cilium/ebpf.(*Map).BatchUpdate
    go.opentelemetry.io/ebpf-profiler/processmanager/ebpf.(*ebpfMapsImpl).UpdateExeIDToStackDeltas
    /tmp/opentelemetry-ebpf-profiler/processmanager/ebpf/ebpf.go
    go.opentelemetry.io/ebpf-profiler/processmanager/execinfomanager.(*executableInfoManagerState).loadDeltas
    runtime.stealWork
    /home/yunwei37/go/pkg/mod/golang.org/toolchain@v0.0.1-go1.25.0.linux-amd64/src/runtime/proc.go
    runtime.findRunnable
    runtime.schedule
    runtime.park_m
    runtime.mcall
    runtime.memclrNoHeapPointers
    /home/yunwei37/go/pkg/mod/golang.org/toolchain@v0.0.1-go1.25.0.linux-amd64/src/runtime/memclr_amd64.s
    runtime.memclrNoHeapPointersChunked
    /home/yunwei37/go/pkg/mod/golang.org/toolchain@v0.0.1-go1.25.0.linux-amd64/src/runtime/malloc.go
    runtime.mallocgcLarge
    /home/yunwei37/go/pkg/mod/golang.org/toolchain@v0.0.1-go1.25.0.linux-amd64/src/runtime/mbitmap.go
    runtime.mallocgc
    runtime.makeslice
    _copy_from_user
    next_uptodate_folio
    filemap_map_pages
    do_read_fault
    do_fault
    handle_pte_fault
    __handle_mm_fault
    ld-linux-x86-64.so.2
    libc.so.6
    libbpftime-agent.so
    victim
    zap_present_ptes.constprop.0
    zap_pte_range
    zap_pmd_range.isra.0
    zap_pud_range.isra.0
    unmap_page_range
    unmap_single_vma
    unmap_vmas
    exit_mmap
    mmput
    nvidia_uvm
    uvm_release.isra.0
    uvm_release_entry.part.0.isra.0
    uvm_release_entry
    __fput
    ____fput
    task_work_run
    do_exit
    do_group_exit
    get_signal
    arch_do_signal_or_restart
    syscall_exit_to_user_mode
    nvidia
    osDevReadReg032
    _regRead
    crashcatEngineLoadWayfinder_IMPL
    crashcatEngineGetNextCrashReport_IMPL
    kgspHealthCheck_TU102
    _kgspRpcDrainEvents
    _kgspRpcRecvPoll
    _issueRpcAndWait
    rpcRmApiFree_GSP
    vaspaceapiDestruct_IMPL
    __nvoc_dtor_VaSpaceApi
    __nvoc_objDelete
    clientFreeResource_IMPL
    rmclientFreeResource_IMPL
    serverFreeResourceTreeUnderLock
    serverFreeResourceTree
    rmapiFreeWithSecInfo
    rmapiFreeWithSecInfoTls
    nvGpuOpsAddressSpaceDestroy
    rm_gpu_ops_address_space_destroy
    nvUvmInterfaceAddressSpaceDestroy
    remove_gpu
    uvm_gpu_release_locked
    uvm_va_space_destroy
    rpcRmApiControl_GSP
    kgmmuClientShadowFaultBufferRegister_IMPL
    kgmmuClientShadowFaultBufferAllocate_IMPL
    faultbufCtrlCmdMmuFaultBufferRegisterNonReplayBuf_IMPL
    resControl_IMPL
    serverControl
    _rmapiRmControl
    rmapiControlWithSecInfo
    rmapiControlWithSecInfoTls
    rmapiControl
    nvGpuOpsInitFaultInfo
    nvUvmInterfaceInitFaultInfo
    uvm_parent_gpu_fault_buffer_init
    uvm_parent_gpu_init_isr
    uvm_gpu_retain_by_uuid
    uvm_va_space_register_gpu
    uvm_api_register_gpu
    uvm_ioctl
    uvm_unlocked_ioctl_entry.part.0
    uvm_unlocked_ioctl_entry
    __x64_sys_ioctl
    rpcRmApiAlloc_GSP
    kchangrpapiConstruct_IMPL
    __nvoc_objCreate_KernelChannelGroupApi
    __nvoc_objCreateDynamic
    resservResourceFactory
    _clientAllocResourceHelper
    serverAllocResourceUnderLock
    serverAllocResource
    rmapiAllocWithSecInfo
    rmapiAllocWithSecInfoTls
    rmapiAlloc
    nvGpuOpsTsgAllocate
    nvUvmInterfaceTsgAllocate
    channel_pool_add
    uvm_channel_manager_create
    lookup_address_in_pgd_attr
    _lookup_address_cpa
    __change_page_attr
    __change_page_attr_set_clr
    change_page_attr_set_clr
    _set_pages_array
    set_pages_array_uc
    nv_alloc_system_pages
    nv_alloc_pages
    osAllocPagesInternal
    memdescAlloc
    sysmemConstruct_IMPL
    __nvoc_objCreate_SystemMemory
    Nv04AllocWithAccessSecInfo
    RmIoctl
    rm_ioctl
    nvidia_unlocked_ioctl
    shmem_get_folio_gfp
    shmem_fault
    __do_fault
    filename_lookup
    vfs_statx
    do_statx
    __x64_sys_statx
    node
    V8::BuiltinExitFrame
    V8::InternalFrame
    V8::EntryFrame
    V8::ExitFrame
    deserializePackageJSON
    node:internal/modules/package_json_reader
    getPackageScopeConfig
    getFileProtocolModuleFormat
    node:internal/modules/esm/get_format
    defaultGetFormatWithoutErrors
    getDefaultConditionsSet
    node:internal/modules/esm/utils
    getConditionsSet
    defaultResolve
    node:internal/modules/esm/resolve
    #getModuleCachedImports
    node:internal/modules/esm/module_map
    get
    #cachedDefaultResolve
    node:internal/modules/esm/loader
    serializeKey
    resolve
    getModuleJobForImport
    _link
    node:internal/modules/esm/module_job
    <anonymous>
    <unknown>
    V8::StubFrame
    libstdc++.so.6.0.35
    getPathFromURLPosix
    node:internal/url
    fileURLToPath
    getPackageJSONURL
    packageResolve
    moduleResolve
    #resolveAndMaybeBlockOnLoaderThread
    nextStep
    node:internal/modules/customization_hooks
    file:///home/fishclaw/.nvm/versions/node/v22.22.0/lib/node_modules/openclaw/dist/plugin-module-loader-cache-lz0qhu-X.js
    resolveWithHooks
    resolveSync
    V8::ConstructFrame
    compileSourceTextModule
    moduleStrategy
    node:internal/modules/esm/translators
    V8::UnknownFrame
    processTicksAndRejections
    node:internal/process/task_queues
    Match
    file:///home/fishclaw/.nvm/versions/node/v22.22.0/lib/node_modules/openclaw/node_modules/typebox/build/system/arguments/arguments.mjs
    HasCodec
    file:///home/fishclaw/.nvm/versions/node/v22.22.0/lib/node_modules/openclaw/node_modules/typebox/build/value/codec/has.mjs
    Validator
    file:///home/fishclaw/.nvm/versions/node/v22.22.0/lib/node_modules/openclaw/node_modules/typebox/build/compile/validator.mjs
    Compile
    file:///home/fishclaw/.nvm/versions/node/v22.22.0/lib/node_modules/openclaw/node_modules/typebox/build/compile/compile.mjs
    compileSchema
    file:///home/fishclaw/.nvm/versions/node/v22.22.0/lib/node_modules/openclaw/dist/schema-validator-BSHTSwuX.js
    isDefaultActivatedConditionalFailure
    validateJsonSchemaValue
    file:///home/fishclaw/.nvm/versions/node/v22.22.0/lib/node_modules/openclaw/dist/io-fQmSDfK-.js
    validateConfigObjectWithPlugins
    measure
    readConfigFileSnapshotInternal
    resolveAliasTargetForParentUrl
    #translate
    loadAndTranslate
    #createModuleJob
    #getJobFromResolveResult
    wrapSafe
    node:internal/modules/cjs/loader
    traceSync
    node:diagnostics_channel
    wrapModuleLoad
    /home/fishclaw/.nvm/versions/node/v22.22.0/lib/node_modules/openclaw/node_modules/undici/lib/api/api-stream.js
    require
    node:internal/modules/helpers
    /home/fishclaw/.nvm/versions/node/v22.22.0/lib/node_modules/openclaw/node_modules/undici/lib/api/index.js
    /home/fishclaw/.nvm/versions/node/v22.22.0/lib/node_modules/openclaw/node_modules/undici/index.js
    cjsLoader
    run
    folio_add_new_anon_rmap
    discoverInDirectory
    file:///home/fishclaw/.nvm/versions/node/v22.22.0/lib/node_modules/openclaw/dist/discovery-BUQqFET8.js
    tracePluginLifecyclePhase.scope
    tracePluginLifecyclePhase
    listChannelCatalogEntries
    file:///home/fishclaw/.nvm/versions/node/v22.22.0/lib/node_modules/openclaw/dist/channel-catalog-registry-CoMZ7aLc.js
    listBundledChannelIdsForRoot
    file:///home/fishclaw/.nvm/versions/node/v22.22.0/lib/node_modules/openclaw/dist/bootstrap-registry-BBZtC4Up.js
    listBundledChannelIds
    listPotentialConfiguredChannelPresenceSignals
    file:///home/fishclaw/.nvm/versions/node/v22.22.0/lib/node_modules/openclaw/dist/channel-env-var-names-BB2Lxcdw.js
    listPotentialConfiguredChannelIds
    listPotentialEnabledChannelIds
    file:///home/fishclaw/.nvm/versions/node/v22.22.0/lib/node_modules/openclaw/dist/gateway-startup-plugin-ids-mVzqhEQT.js
    collectConfiguredStartupChannelIds
    collectConfigValidationChannelIds
    resolveConfigValidationMetadataPluginIds
    resolvePluginMetadataSnapshotPluginIds
    file:///home/fishclaw/.nvm/versions/node/v22.22.0/lib/node_modules/openclaw/dist/plugin-metadata-snapshot-DXKcDDxT.js
    loadPluginMetadataSnapshotImpl
    measureDiagnosticsTimelineSpanSync.phase
    measureDiagnosticsTimelineSpanSync
    loadPluginMetadataSnapshot
    resolvePluginMetadataSnapshot
    loadValidationPluginMetadataSnapshot
    _instantiate
    #cachedResolveSync
    getModuleJobForRequire
    ModuleJobSync
    importSyncForRequire
    loadESMFromCJS
    withNativeRequireAliases
    requireWithOptionalAliases
    tryNativeRequireJavaScriptModule
    loadCachedTarget
    loadPublicSurfaceModule
    file:///home/fishclaw/.nvm/versions/node/v22.22.0/lib/node_modules/openclaw/dist/public-surface-loader-CqBVRQ-t.js
    loadBundledPluginPublicArtifactModuleSync
    loadBundledChannelDoctorContractApi
    file:///home/fishclaw/.nvm/versions/node/v22.22.0/lib/node_modules/openclaw/dist/legacy-config-migrations-DGNBoJQP.js
    collectChannelLegacyConfigRules
    file:///home/fishclaw/.nvm/versions/node/v22.22.0/lib/node_modules/openclaw/dist/legacy-config-issues-S00NaeKY.js
    findDoctorLegacyConfigIssues
    collectInvalidConfigLegacyIssues
    walk_component
    link_path_walk.part.0.constprop.0
    path_lookupat
    finalizeResolution
    isRelativeSpecifier
    shouldBeTreatedAsRelativeOrAbsolutePath
    readPackageManifestStat
    readCandidatePackageManifest
    resolveInstalledPluginIndexRegistry
    file:///home/fishclaw/.nvm/versions/node/v22.22.0/lib/node_modules/openclaw/dist/installed-plugin-index-QoVlhjjs.js
    buildInstalledPluginIndex
    loadInstalledPluginIndexWithDiscovery
    loadPluginRegistrySnapshotWithMetadata
    file:///home/fishclaw/.nvm/versions/node/v22.22.0/lib/node_modules/openclaw/dist/plugin-registry-BPqzufTQ.js
    _raw_spin_unlock_irqrestore
    __folio_end_writeback
    folio_end_writeback
    ext4_finish_bio
    ext4_release_io_end
    ext4_end_io_end
    ext4_end_io_rsv_work
    process_one_work
    worker_thread
    kthread
    ret_from_fork
    ret_from_fork_asm
    folios_put_refs
    __folio_batch_release
    mpage_prepare_extent_to_map
    ext4_do_writepages
    ext4_writepages
    do_writepages
    filemap_fdatawrite_wbc
    __filemap_fdatawrite_range
    file_write_and_wait_range
    ext4_sync_file
    vfs_fsync_range
    do_fsync
    __x64_sys_fsync
    docker
    /usr/lib/go-1.24/src/internal/runtime/syscall/asm_linux_amd64.s
    /usr/lib/go-1.24/src/syscall/syscall_linux.go
    syscall.Fsync
    /usr/lib/go-1.24/src/syscall/zsyscall_linux_amd64.go
    internal/poll.(*FD).Fsync
    /usr/lib/go-1.24/src/internal/poll/fd_posix.go
    os.(*File).Sync
    /usr/lib/go-1.24/src/os/file_posix.go
    github.com/docker/cli/vendor/github.com/moby/sys/atomicwriter.(*atomicFileWriter).Close
    /build/docker.io-app-XXSm0S/docker.io-app-29.1.3/.gopath/src/github.com/docker/cli/vendor/github.com/moby/sys/atomicwriter/atomicwriter.go
    github.com/docker/cli/cli/command/image.runSave.deferwrap1
    /build/docker.io-app-XXSm0S/docker.io-app-29.1.3/.gopath/src/github.com/docker/cli/cli/command/image/save.go
    github.com/docker/cli/cli/command/image.runSave
    github.com/docker/cli/cli/command/image.newSaveCommand.func1
    main.runDocker.(*DockerCli).InstrumentCobraCommands.func5.2
    /build/docker.io-app-XXSm0S/docker.io-app-29.1.3/.gopath/src/github.com/docker/cli/cli/command/telemetry_utils.go
    github.com/docker/cli/vendor/github.com/spf13/cobra.(*Command).execute
    /build/docker.io-app-XXSm0S/docker.io-app-29.1.3/.gopath/src/github.com/docker/cli/vendor/github.com/spf13/cobra/command.go
    github.com/docker/cli/vendor/github.com/spf13/cobra.(*Command).ExecuteC
    main.runDocker
    main.dockerMain
    /build/docker.io-app-XXSm0S/docker.io-app-29.1.3/.gopath/src/github.com/docker/cli/cmd/docker/docker.go
    main.main
    runtime.main
    /usr/lib/go-1.24/src/internal/runtime/atomic/types.go
    /usr/lib/go-1.24/src/runtime/asm_amd64.s
ResourceProfiles #0
Resource SchemaURL: https://opentelemetry.io/schemas/1.37.0
Resource attributes:
     -> process.pid: Int(1275266)
     -> process.executable.path: Str(/tmp/opentelemetry-ebpf-profiler/otelcol-ebpf-profiler)
     -> process.executable.name: Str(otelcol-ebpf-profiler)
ScopeProfiles #0
ScopeProfiles SchemaURL: https://opentelemetry.io/schemas/1.37.0
InstrumentationScope go.opentelemetry.io/ebpf-profiler v0.0.0
Profile #0
    Profile ID     : 
    Start time     : 2026-06-21 21:04:47.62313189 +0000 UTC
    DurationNano   : 5001173558
    Dropped attributes count: 0
    Sample #0
        Values: []
        Attributes:
             -> thread.name: otelcol-ebpf-pr
             -> thread.id: %!s(int64=1275315)
             -> cpu.logical_number: %!s(int64=21)
    Sample #1
        Values: []
        Attributes:
             -> thread.name: otelcol-ebpf-pr
             -> thread.id: %!s(int64=1275309)
             -> cpu.logical_number: %!s(int64=16)
    Sample #2
        Values: []
        Attributes:
             -> thread.name: otelcol-ebpf-pr
             -> thread.id: %!s(int64=1275309)
             -> cpu.logical_number: %!s(int64=3)
    Sample #3
        Values: []
        Attributes:
             -> thread.name: otelcol-ebpf-pr
             -> thread.id: %!s(int64=1275309)
             -> cpu.logical_number: %!s(int64=16)
    Sample #4
        Values: []
        Attributes:
             -> thread.name: otelcol-ebpf-pr
             -> thread.id: %!s(int64=1275316)
             -> cpu.logical_number: %!s(int64=23)
    Sample #5
        Values: []
        Attributes:
             -> thread.name: otelcol-ebpf-pr
             -> thread.id: %!s(int64=1275309)
             -> cpu.logical_number: %!s(int64=3)
    Sample #6
        Values: []
        Attributes:
             -> thread.name: otelcol-ebpf-pr
             -> thread.id: %!s(int64=1275309)
             -> cpu.logical_number: %!s(int64=3)
    Sample #7
        Values: []
        Attributes:
             -> thread.name: otelcol-ebpf-pr
             -> thread.id: %!s(int64=1275306)
             -> cpu.logical_number: %!s(int64=18)
    Sample #8
        Values: []
        Attributes:
             -> thread.name: otelcol-ebpf-pr
             -> thread.id: %!s(int64=1275313)
             -> cpu.logical_number: %!s(int64=3)
    Sample #9
        Values: []
        Attributes:
             -> thread.name: otelcol-ebpf-pr
             -> thread.id: %!s(int64=1275315)
             -> cpu.logical_number: %!s(int64=21)
    Sample #10
        Values: []
        Attributes:
             -> thread.name: otelcol-ebpf-pr
             -> thread.id: %!s(int64=1275307)
             -> cpu.logical_number: %!s(int64=22)
    Sample #11
        Values: []
        Attributes:
             -> thread.name: otelcol-ebpf-pr
             -> thread.id: %!s(int64=1275309)
             -> cpu.logical_number: %!s(int64=3)
    Sample #12
        Values: []
        Attributes:
             -> thread.name: otelcol-ebpf-pr
             -> thread.id: %!s(int64=1275307)
             -> cpu.logical_number: %!s(int64=22)
    Sample #13
        Values: []
        Attributes:
             -> thread.name: otelcol-ebpf-pr
             -> thread.id: %!s(int64=1275313)
             -> cpu.logical_number: %!s(int64=17)
    Sample #14
        Values: []
        Attributes:
             -> thread.name: otelcol-ebpf-pr
             -> thread.id: %!s(int64=1275309)
             -> cpu.logical_number: %!s(int64=3)
    Sample #15
        Values: []
        Attributes:
             -> thread.name: otelcol-ebpf-pr
             -> thread.id: %!s(int64=1275307)
             -> cpu.logical_number: %!s(int64=22)
ResourceProfiles #1
Resource SchemaURL: https://opentelemetry.io/schemas/1.37.0
Resource attributes:
     -> process.pid: Int(1275345)
     -> process.executable.path: Str(/home/yunwei37/workspace/gpu/bpftime/example/otel-ebpf-profiler/victim)
     -> process.executable.name: Str(victim)
ScopeProfiles #0
ScopeProfiles SchemaURL: https://opentelemetry.io/schemas/1.37.0
InstrumentationScope go.opentelemetry.io/ebpf-profiler v0.0.0
Profile #0
    Profile ID     : 
    Start time     : 2026-06-21 21:04:47.62313189 +0000 UTC
    DurationNano   : 5001173558
    Dropped attributes count: 0
    Sample #0
        Values: []
        Attributes:
             -> thread.name: victim
             -> thread.id: %!s(int64=1275345)
             -> cpu.logical_number: %!s(int64=2)
    Sample #1
        Values: []
        Attributes:
             -> thread.name: victim
             -> thread.id: %!s(int64=1275345)
             -> cpu.logical_number: %!s(int64=2)
    Sample #2
        Values: []
        Attributes:
             -> thread.name: victim
             -> thread.id: %!s(int64=1275351)
             -> cpu.logical_number: %!s(int64=8)
    Sample #3
        Values: []
        Attributes:
             -> thread.name: victim
             -> thread.id: %!s(int64=1275351)
             -> cpu.logical_number: %!s(int64=8)
    Sample #4
        Values: []
        Attributes:
             -> thread.name: victim
             -> thread.id: %!s(int64=1275345)
             -> cpu.logical_number: %!s(int64=2)
    Sample #5
        Values: []
        Attributes:
             -> thread.name: victim
             -> thread.id: %!s(int64=1275345)
             -> cpu.logical_number: %!s(int64=2)
    Sample #6
        Values: []
        Attributes:
             -> thread.name: victim
             -> thread.id: %!s(int64=1275345)
             -> cpu.logical_number: %!s(int64=2)
    Sample #7
        Values: []
        Attributes:
             -> thread.name: victim
             -> thread.id: %!s(int64=1275345)
             -> cpu.logical_number: %!s(int64=2)
ResourceProfiles #2
Resource SchemaURL: https://opentelemetry.io/schemas/1.37.0
Resource attributes:
     -> process.pid: Int(1275353)
     -> process.executable.path: Str(/home/fishclaw/.nvm/versions/node/v22.22.0/bin/node)
     -> process.executable.name: Str(node)
ScopeProfiles #0
ScopeProfiles SchemaURL: https://opentelemetry.io/schemas/1.37.0
InstrumentationScope go.opentelemetry.io/ebpf-profiler v0.0.0
Profile #0
    Profile ID     : 
    Start time     : 2026-06-21 21:04:47.62313189 +0000 UTC
    DurationNano   : 5001173558
    Dropped attributes count: 0
    Sample #0
        Values: []
        Attributes:
             -> thread.name: node
             -> thread.id: %!s(int64=1275353)
             -> cpu.logical_number: %!s(int64=1)
    Sample #1
        Values: []
        Attributes:
             -> thread.name: node
             -> thread.id: %!s(int64=1275353)
             -> cpu.logical_number: %!s(int64=1)
    Sample #2
        Values: []
        Attributes:
             -> thread.name: node
             -> thread.id: %!s(int64=1275355)
             -> cpu.logical_number: %!s(int64=23)
    Sample #3
        Values: []
        Attributes:
             -> thread.name: node
             -> thread.id: %!s(int64=1275353)
             -> cpu.logical_number: %!s(int64=1)
    Sample #4
        Values: []
        Attributes:
             -> thread.name: node
             -> thread.id: %!s(int64=1275353)
             -> cpu.logical_number: %!s(int64=1)
    Sample #5
        Values: []
        Attributes:
             -> thread.name: node
             -> thread.id: %!s(int64=1275353)
             -> cpu.logical_number: %!s(int64=1)
    Sample #6
        Values: []
        Attributes:
             -> thread.name: node
             -> thread.id: %!s(int64=1275353)
             -> cpu.logical_number: %!s(int64=1)
    Sample #7
        Values: []
        Attributes:
             -> thread.name: node
             -> thread.id: %!s(int64=1275357)
             -> cpu.logical_number: %!s(int64=19)
    Sample #8
        Values: []
        Attributes:
             -> thread.name: node
             -> thread.id: %!s(int64=1275353)
             -> cpu.logical_number: %!s(int64=1)
    Sample #9
        Values: []
        Attributes:
             -> thread.name: node
             -> thread.id: %!s(int64=1275353)
             -> cpu.logical_number: %!s(int64=1)
    Sample #10
        Values: []
        Attributes:
             -> thread.name: node
             -> thread.id: %!s(int64=1275356)
             -> cpu.logical_number: %!s(int64=14)
    Sample #11
        Values: []
        Attributes:
             -> thread.name: node
             -> thread.id: %!s(int64=1275353)
             -> cpu.logical_number: %!s(int64=1)
    Sample #12
        Values: []
        Attributes:
             -> thread.name: node
             -> thread.id: %!s(int64=1275356)
             -> cpu.logical_number: %!s(int64=14)
    Sample #13
        Values: []
        Attributes:
             -> thread.name: node
             -> thread.id: %!s(int64=1275356)
             -> cpu.logical_number: %!s(int64=14)
    Sample #14
        Values: []
        Attributes:
             -> thread.name: node
             -> thread.id: %!s(int64=1275358)
             -> cpu.logical_number: %!s(int64=16)
    Sample #15
        Values: []
        Attributes:
             -> thread.name: node
             -> thread.id: %!s(int64=1275353)
             -> cpu.logical_number: %!s(int64=1)
    Sample #16
        Values: []
        Attributes:
             -> thread.name: node
             -> thread.id: %!s(int64=1275353)
             -> cpu.logical_number: %!s(int64=1)
    Sample #17
        Values: []
        Attributes:
             -> thread.name: node
             -> thread.id: %!s(int64=1275358)
             -> cpu.logical_number: %!s(int64=16)
    Sample #18
        Values: []
        Attributes:
             -> thread.name: node
             -> thread.id: %!s(int64=1275357)
             -> cpu.logical_number: %!s(int64=19)
    Sample #19
        Values: []
        Attributes:
             -> thread.name: node
             -> thread.id: %!s(int64=1275353)
             -> cpu.logical_number: %!s(int64=1)
    Sample #20
        Values: []
        Attributes:
             -> thread.name: node
             -> thread.id: %!s(int64=1275357)
             -> cpu.logical_number: %!s(int64=19)
    Sample #21
        Values: []
        Attributes:
             -> thread.name: node
             -> thread.id: %!s(int64=1275353)
             -> cpu.logical_number: %!s(int64=1)
    Sample #22
        Values: []
        Attributes:
             -> thread.name: node
             -> thread.id: %!s(int64=1275353)
             -> cpu.logical_number: %!s(int64=1)
    Sample #23
        Values: []
        Attributes:
             -> thread.name: node
             -> thread.id: %!s(int64=1275353)
             -> cpu.logical_number: %!s(int64=1)
    Sample #24
        Values: []
        Attributes:
             -> thread.name: node
             -> thread.id: %!s(int64=1275355)
             -> cpu.logical_number: %!s(int64=23)
    Sample #25
        Values: []
        Attributes:
             -> thread.name: node
             -> thread.id: %!s(int64=1275353)
             -> cpu.logical_number: %!s(int64=1)
    Sample #26
        Values: []
        Attributes:
             -> thread.name: node
             -> thread.id: %!s(int64=1275358)
             -> cpu.logical_number: %!s(int64=16)
    Sample #27
        Values: []
        Attributes:
             -> thread.name: node
             -> thread.id: %!s(int64=1275353)
             -> cpu.logical_number: %!s(int64=1)
    Sample #28
        Values: []
        Attributes:
             -> thread.name: node
             -> thread.id: %!s(int64=1275358)
             -> cpu.logical_number: %!s(int64=2)
    Sample #29
        Values: []
        Attributes:
             -> thread.name: node
             -> thread.id: %!s(int64=1275357)
             -> cpu.logical_number: %!s(int64=19)
    Sample #30
        Values: []
        Attributes:
             -> thread.name: node
             -> thread.id: %!s(int64=1275358)
             -> cpu.logical_number: %!s(int64=16)
    Sample #31
        Values: []
        Attributes:
             -> thread.name: node
             -> thread.id: %!s(int64=1275353)
             -> cpu.logical_number: %!s(int64=1)
    Sample #32
        Values: []
        Attributes:
             -> thread.name: node
             -> thread.id: %!s(int64=1275353)
             -> cpu.logical_number: %!s(int64=1)
    Sample #33
        Values: []
        Attributes:
             -> thread.name: node
             -> thread.id: %!s(int64=1275357)
             -> cpu.logical_number: %!s(int64=19)
    Sample #34
        Values: []
        Attributes:
             -> thread.name: node
             -> thread.id: %!s(int64=1275353)
             -> cpu.logical_number: %!s(int64=1)
    Sample #35
        Values: []
        Attributes:
             -> thread.name: node
             -> thread.id: %!s(int64=1275356)
             -> cpu.logical_number: %!s(int64=14)
    Sample #36
        Values: []
        Attributes:
             -> thread.name: node
             -> thread.id: %!s(int64=1275357)
             -> cpu.logical_number: %!s(int64=19)
    Sample #37
        Values: []
        Attributes:
             -> thread.name: node
             -> thread.id: %!s(int64=1275355)
             -> cpu.logical_number: %!s(int64=23)
    Sample #38
        Values: []
        Attributes:
             -> thread.name: node
             -> thread.id: %!s(int64=1275353)
             -> cpu.logical_number: %!s(int64=1)
ResourceProfiles #3
Resource SchemaURL: https://opentelemetry.io/schemas/1.37.0
Resource attributes:
     -> process.pid: Int(1252798)
ScopeProfiles #0
ScopeProfiles SchemaURL: https://opentelemetry.io/schemas/1.37.0
InstrumentationScope go.opentelemetry.io/ebpf-profiler v0.0.0
Profile #0
    Profile ID     : 
    Start time     : 2026-06-21 21:04:47.62313189 +0000 UTC
    DurationNano   : 5001173558
    Dropped attributes count: 0
    Sample #0
        Values: []
        Attributes:
             -> thread.name: kworker/u96:21
             -> thread.id: %!s(int64=1252798)
             -> cpu.logical_number: %!s(int64=7)
ResourceProfiles #4
Resource SchemaURL: https://opentelemetry.io/schemas/1.37.0
Resource attributes:
     -> process.pid: Int(1274632)
     -> process.executable.path: Str(/usr/bin/docker)
     -> process.executable.name: Str(docker)
ScopeProfiles #0
ScopeProfiles SchemaURL: https://opentelemetry.io/schemas/1.37.0
InstrumentationScope go.opentelemetry.io/ebpf-profiler v0.0.0
Profile #0
    Profile ID     : 
    Start time     : 2026-06-21 21:04:47.62313189 +0000 UTC
    DurationNano   : 5001173558
    Dropped attributes count: 0
    Sample #0
        Values: []
        Attributes:
             -> thread.name: docker
             -> thread.id: %!s(int64=1274642)
             -> cpu.logical_number: %!s(int64=22)
	{"resource": {"service.instance.id": "5af0db8e-0b89-43d7-ada7-28085e02df9c", "service.name": "otelcol-ebpf-profiler", "service.version": "dev"}, "otelcol.component.id": "debug", "otelcol.component.kind": "exporter", "otelcol.signal": "profiles"}
2026-06-21T14:04:55.900-0700	info	otelcol@v0.154.0/collector.go:391	Received signal from OS	{"resource": {"service.instance.id": "5af0db8e-0b89-43d7-ada7-28085e02df9c", "service.name": "otelcol-ebpf-profiler", "service.version": "dev"}, "signal": "terminated"}
2026-06-21T14:04:55.900-0700	info	service@v0.154.0/service.go:278	Starting shutdown...	{"resource": {"service.instance.id": "5af0db8e-0b89-43d7-ada7-28085e02df9c", "service.name": "otelcol-ebpf-profiler", "service.version": "dev"}}
2026-06-21T14:04:55.900-0700	info	Stop processing ...	{"resource": {"service.instance.id": "5af0db8e-0b89-43d7-ada7-28085e02df9c", "service.name": "otelcol-ebpf-profiler", "service.version": "dev"}, "otelcol.component.id": "profiling", "otelcol.component.kind": "receiver", "otelcol.signal": "profiles"}
2026-06-21T14:04:56.223-0700	info	extensions/extensions.go:69	Stopping extensions...	{"resource": {"service.instance.id": "5af0db8e-0b89-43d7-ada7-28085e02df9c", "service.name": "otelcol-ebpf-profiler", "service.version": "dev"}}
2026-06-21T14:04:56.223-0700	info	service@v0.154.0/service.go:292	Shutdown complete.	{"resource": {"service.instance.id": "5af0db8e-0b89-43d7-ada7-28085e02df9c", "service.name": "otelcol-ebpf-profiler", "service.version": "dev"}}
