2026-06-21T14:10:03.549-0700	info	otelconftelemetry/tracer.go:47	Internal trace telemetry disabled	{"resource": {"service.instance.id": "fc2d5377-e0e4-4cae-95d4-13bb3c2947b8", "service.name": "otelcol-ebpf-profiler", "service.version": "dev"}}
2026-06-21T14:10:03.550-0700	info	builders/builders.go:28	Development component. May change in the future.	{"resource": {"service.instance.id": "fc2d5377-e0e4-4cae-95d4-13bb3c2947b8", "service.name": "otelcol-ebpf-profiler", "service.version": "dev"}, "otelcol.component.id": "profiling", "otelcol.component.kind": "receiver", "otelcol.signal": "profiles"}
2026-06-21T14:10:03.553-0700	info	service@v0.154.0/service.go:241	Starting otelcol-ebpf-profiler...	{"resource": {"service.instance.id": "fc2d5377-e0e4-4cae-95d4-13bb3c2947b8", "service.name": "otelcol-ebpf-profiler", "service.version": "dev"}, "Version": "dev", "NumCPU": 24}
2026-06-21T14:10:03.553-0700	info	extensions/extensions.go:41	Starting extensions...	{"resource": {"service.instance.id": "fc2d5377-e0e4-4cae-95d4-13bb3c2947b8", "service.name": "otelcol-ebpf-profiler", "service.version": "dev"}}
2026-06-21T14:10:03.553-0700	info	Interpreter tracers: perl,php,python,hotspot,ruby,v8,dotnet,luajit,go,labels,beam	{"resource": {"service.instance.id": "fc2d5377-e0e4-4cae-95d4-13bb3c2947b8", "service.name": "otelcol-ebpf-profiler", "service.version": "dev"}, "otelcol.component.id": "profiling", "otelcol.component.kind": "receiver", "otelcol.signal": "profiles"}
2026-06-21T14:10:03.782-0700	info	Found offsets: task stack 0x20, pt_regs 0x3f48, tpbase 0x25a8	{"resource": {"service.instance.id": "fc2d5377-e0e4-4cae-95d4-13bb3c2947b8", "service.name": "otelcol-ebpf-profiler", "service.version": "dev"}, "otelcol.component.id": "profiling", "otelcol.component.kind": "receiver", "otelcol.signal": "profiles"}
2026-06-21T14:10:03.832-0700	info	Skip pinning eBPF map to share OTel span/trace IDs	{"resource": {"service.instance.id": "fc2d5377-e0e4-4cae-95d4-13bb3c2947b8", "service.name": "otelcol-ebpf-profiler", "service.version": "dev"}, "otelcol.component.id": "profiling", "otelcol.component.kind": "receiver", "otelcol.signal": "profiles"}
2026-06-21T14:10:04.612-0700	info	Supports LPM trie eBPF map batch operations	{"resource": {"service.instance.id": "fc2d5377-e0e4-4cae-95d4-13bb3c2947b8", "service.name": "otelcol-ebpf-profiler", "service.version": "dev"}, "otelcol.component.id": "profiling", "otelcol.component.kind": "receiver", "otelcol.signal": "profiles"}
2026-06-21T14:10:04.613-0700	info	eBPF tracer loaded	{"resource": {"service.instance.id": "fc2d5377-e0e4-4cae-95d4-13bb3c2947b8", "service.name": "otelcol-ebpf-profiler", "service.version": "dev"}, "otelcol.component.id": "profiling", "otelcol.component.kind": "receiver", "otelcol.signal": "profiles"}
2026-06-21T14:10:04.614-0700	info	Attached tracer program	{"resource": {"service.instance.id": "fc2d5377-e0e4-4cae-95d4-13bb3c2947b8", "service.name": "otelcol-ebpf-profiler", "service.version": "dev"}, "otelcol.component.id": "profiling", "otelcol.component.kind": "receiver", "otelcol.signal": "profiles"}
2026-06-21T14:10:04.634-0700	info	Attached probes	{"resource": {"service.instance.id": "fc2d5377-e0e4-4cae-95d4-13bb3c2947b8", "service.name": "otelcol-ebpf-profiler", "service.version": "dev"}, "otelcol.component.id": "profiling", "otelcol.component.kind": "receiver", "otelcol.signal": "profiles"}
2026-06-21T14:10:04.635-0700	info	Attached sched monitor	{"resource": {"service.instance.id": "fc2d5377-e0e4-4cae-95d4-13bb3c2947b8", "service.name": "otelcol-ebpf-profiler", "service.version": "dev"}, "otelcol.component.id": "profiling", "otelcol.component.kind": "receiver", "otelcol.signal": "profiles"}
2026-06-21T14:10:04.655-0700	info	service@v0.154.0/service.go:264	Everything is ready. Begin running and processing data.	{"resource": {"service.instance.id": "fc2d5377-e0e4-4cae-95d4-13bb3c2947b8", "service.name": "otelcol-ebpf-profiler", "service.version": "dev"}}
2026-06-21T14:10:05.548-0700	warn	In /usr/bin/containerd: symbol 'runtime.stackcheck': failed to decode symbol	{"resource": {"service.instance.id": "fc2d5377-e0e4-4cae-95d4-13bb3c2947b8", "service.name": "otelcol-ebpf-profiler", "service.version": "dev"}, "otelcol.component.id": "profiling", "otelcol.component.kind": "receiver", "otelcol.signal": "profiles"}
2026-06-21T14:10:08.554-0700	info	Profiles	{"resource": {"service.instance.id": "fc2d5377-e0e4-4cae-95d4-13bb3c2947b8", "service.name": "otelcol-ebpf-profiler", "service.version": "dev"}, "otelcol.component.id": "debug", "otelcol.component.kind": "exporter", "otelcol.signal": "profiles", "resource profiles": 4, "sample records": 55}
2026-06-21T14:10:08.555-0700	info	Mapping #0
    Memory start: 0
    Memory limit: 0
    File offset: 0
    File name: 0
    Attributes: []
Mapping #1
    Memory start: 14532608
    Memory limit: 21663744
    File offset: 14528512
    File name: 5
    Attributes: [1 2]
Mapping #2
    Memory start: 163840
    Memory limit: 1769472
    File offset: 163840
    File name: 9
    Attributes: [4]
Mapping #3
    Memory start: 0
    Memory limit: 0
    File offset: 0
    File name: 13
    Attributes: [8 9]
Mapping #4
    Memory start: 3289088
    Memory limit: 10268672
    File offset: 3289088
    File name: 42
    Attributes: [11]
Mapping #5
    Memory start: 4194304
    Memory limit: 19996672
    File offset: 0
    File name: 43
    Attributes: [27 28]
Mapping #6
    Memory start: 7925760
    Memory limit: 214024192
    File offset: 7925760
    File name: 186
    Attributes: [46]
Location #0
    Mapping index: 0
    Address: 0
    Attributes: []
Location #1
    Mapping index: 1
    Address: 20679545
    Attributes: [3]
Location #2
    Mapping index: 1
    Address: 17128412
    Attributes: [3]
Location #3
    Mapping index: 1
    Address: 17162628
    Attributes: [3]
Location #4
    Mapping index: 1
    Address: 17128201
    Attributes: [3]
Location #5
    Mapping index: 1
    Address: 17124740
    Attributes: [3]
Location #6
    Mapping index: 1
    Address: 17035412
    Attributes: [3]
Location #7
    Mapping index: 1
    Address: 17034239
    Attributes: [3]
Location #8
    Mapping index: 1
    Address: 17030501
    Attributes: [3]
Location #9
    Mapping index: 1
    Address: 16919567
    Attributes: [3]
Location #10
    Mapping index: 1
    Address: 15518371
    Attributes: [3]
Location #11
    Mapping index: 1
    Address: 15968003
    Attributes: [3]
Location #12
    Mapping index: 1
    Address: 15905384
    Attributes: [3]
Location #13
    Mapping index: 1
    Address: 16317066
    Attributes: [3]
Location #14
    Mapping index: 1
    Address: 15858770
    Attributes: [3]
Location #15
    Mapping index: 1
    Address: 16637480
    Attributes: [3]
Location #16
    Mapping index: 1
    Address: 21388591
    Attributes: [3]
Location #17
    Mapping index: 1
    Address: 16319364
    Attributes: [3]
Location #18
    Mapping index: 2
    Address: 172489
    Attributes: [3]
Location #19
    Mapping index: 2
    Address: 172682
    Attributes: [3]
Location #20
    Mapping index: 1
    Address: 14536356
    Attributes: [3]
Location #21
    Mapping index: 1
    Address: 21636270
    Attributes: [3]
Location #22
    Mapping index: 1
    Address: 17028793
    Attributes: [3]
Location #23
    Mapping index: 1
    Address: 17035170
    Attributes: [3]
Location #24
    Mapping index: 2
    Address: 701197
    Attributes: [3]
Location #25
    Mapping index: 2
    Address: 712141
    Attributes: [3]
Location #26
    Mapping index: 1
    Address: 17143749
    Attributes: [3]
Location #27
    Mapping index: 1
    Address: 17022337
    Attributes: [3]
Location #28
    Mapping index: 1
    Address: 17037126
    Attributes: [3]
Location #29
    Mapping index: 2
    Address: 694992
    Attributes: [3]
Location #30
    Mapping index: 2
    Address: 695513
    Attributes: [3]
Location #31
    Mapping index: 2
    Address: 703119
    Attributes: [3]
Location #32
    Mapping index: 2
    Address: 708676
    Attributes: [3]
Location #33
    Mapping index: 2
    Address: 713221
    Attributes: [3]
Location #34
    Mapping index: 1
    Address: 18694380
    Attributes: [3]
Location #35
    Mapping index: 1
    Address: 18694973
    Attributes: [3]
Location #36
    Mapping index: 1
    Address: 15511252
    Attributes: [3]
Location #37
    Mapping index: 1
    Address: 15518572
    Attributes: [3]
Location #38
    Mapping index: 3
    Address: 7812652
    Line #0
        Function index: 1
        Line: 0
        Column: 0
    Attributes: [10]
Location #39
    Mapping index: 3
    Address: 7813868
    Line #0
        Function index: 2
        Line: 0
        Column: 0
    Attributes: [10]
Location #40
    Mapping index: 3
    Address: 7815089
    Line #0
        Function index: 3
        Line: 0
        Column: 0
    Attributes: [10]
Location #41
    Mapping index: 3
    Address: 4005295
    Line #0
        Function index: 4
        Line: 0
        Column: 0
    Attributes: [10]
Location #42
    Mapping index: 3
    Address: 22379348
    Line #0
        Function index: 5
        Line: 0
        Column: 0
    Attributes: [10]
Location #43
    Mapping index: 3
    Address: 2998
    Line #0
        Function index: 6
        Line: 0
        Column: 0
    Attributes: [10]
Location #44
    Mapping index: 3
    Address: 12323945
    Line #0
        Function index: 7
        Line: 0
        Column: 0
    Attributes: [10]
Location #45
    Mapping index: 3
    Address: 12325566
    Line #0
        Function index: 8
        Line: 0
        Column: 0
    Attributes: [10]
Location #46
    Mapping index: 3
    Address: 7334450
    Line #0
        Function index: 9
        Line: 0
        Column: 0
    Attributes: [10]
Location #47
    Mapping index: 3
    Address: 7348730
    Line #0
        Function index: 10
        Line: 0
        Column: 0
    Attributes: [10]
Location #48
    Mapping index: 3
    Address: 9745311
    Line #0
        Function index: 11
        Line: 0
        Column: 0
    Attributes: [10]
Location #49
    Mapping index: 3
    Address: 8662904
    Line #0
        Function index: 12
        Line: 0
        Column: 0
    Attributes: [10]
Location #50
    Mapping index: 3
    Address: 8666654
    Line #0
        Function index: 13
        Line: 0
        Column: 0
    Attributes: [10]
Location #51
    Mapping index: 3
    Address: 8666824
    Line #0
        Function index: 14
        Line: 0
        Column: 0
    Attributes: [10]
Location #52
    Mapping index: 3
    Address: 3171795
    Line #0
        Function index: 15
        Line: 0
        Column: 0
    Attributes: [10]
Location #53
    Mapping index: 3
    Address: 22351549
    Line #0
        Function index: 16
        Line: 0
        Column: 0
    Attributes: [10]
Location #54
    Mapping index: 3
    Address: 298
    Line #0
        Function index: 17
        Line: 0
        Column: 0
    Attributes: [10]
Location #55
    Mapping index: 2
    Address: 1161929
    Attributes: [3]
Location #56
    Mapping index: 1
    Address: 21423134
    Attributes: [3]
Location #57
    Mapping index: 1
    Address: 21405096
    Attributes: [3]
Location #58
    Mapping index: 1
    Address: 17034154
    Attributes: [3]
Location #59
    Mapping index: 3
    Address: 22447056
    Line #0
        Function index: 18
        Line: 0
        Column: 0
    Attributes: [10]
Location #60
    Mapping index: 3
    Address: 8014899
    Line #0
        Function index: 19
        Line: 0
        Column: 0
    Attributes: [10]
Location #61
    Mapping index: 3
    Address: 8017302
    Line #0
        Function index: 20
        Line: 0
        Column: 0
    Attributes: [10]
Location #62
    Mapping index: 3
    Address: 8017681
    Line #0
        Function index: 21
        Line: 0
        Column: 0
    Attributes: [10]
Location #63
    Mapping index: 3
    Address: 8021496
    Line #0
        Function index: 22
        Line: 0
        Column: 0
    Attributes: [10]
Location #64
    Mapping index: 3
    Address: 8028738
    Line #0
        Function index: 23
        Line: 0
        Column: 0
    Attributes: [10]
Location #65
    Mapping index: 3
    Address: 8034381
    Line #0
        Function index: 24
        Line: 0
        Column: 0
    Attributes: [10]
Location #66
    Mapping index: 3
    Address: 8276607
    Line #0
        Function index: 25
        Line: 0
        Column: 0
    Attributes: [10]
Location #67
    Mapping index: 3
    Address: 8289146
    Line #0
        Function index: 26
        Line: 0
        Column: 0
    Attributes: [10]
Location #68
    Mapping index: 3
    Address: 7805836
    Line #0
        Function index: 27
        Line: 0
        Column: 0
    Attributes: [10]
Location #69
    Mapping index: 3
    Address: 7806887
    Line #0
        Function index: 28
        Line: 0
        Column: 0
    Attributes: [10]
Location #70
    Mapping index: 3
    Address: 7812860
    Line #0
        Function index: 1
        Line: 0
        Column: 0
    Attributes: [10]
Location #71
    Mapping index: 2
    Address: 1606664
    Attributes: [3]
Location #72
    Mapping index: 1
    Address: 17146003
    Attributes: [3]
Location #73
    Mapping index: 1
    Address: 17162779
    Attributes: [3]
Location #74
    Mapping index: 1
    Address: 17162316
    Attributes: [3]
Location #75
    Mapping index: 1
    Address: 20676539
    Attributes: [3]
Location #76
    Mapping index: 1
    Address: 20679663
    Attributes: [3]
Location #77
    Mapping index: 2
    Address: 1199644
    Attributes: [3]
Location #78
    Mapping index: 4
    Address: 8064589
    Attributes: [3]
Location #79
    Mapping index: 4
    Address: 8065813
    Attributes: [3]
Location #80
    Mapping index: 4
    Address: 8072740
    Attributes: [3]
Location #81
    Mapping index: 4
    Address: 10031167
    Attributes: [3]
Location #82
    Mapping index: 2
    Address: 641699
    Attributes: [3]
Location #83
    Mapping index: 2
    Address: 1219691
    Attributes: [3]
Location #84
    Mapping index: 3
    Address: 4005048
    Line #0
        Function index: 4
        Line: 0
        Column: 0
    Attributes: [10]
Location #85
    Mapping index: 5
    Address: 4744153
    Line #0
        Function index: 29
        Line: 127
        Column: 0
    Attributes: [29]
Location #86
    Mapping index: 5
    Address: 4719204
    Line #0
        Function index: 30
        Line: 283
        Column: 0
    Attributes: [29]
Location #87
    Mapping index: 5
    Address: 18900310
    Line #0
        Function index: 31
        Line: 119
        Column: 0
    Attributes: [29]
Location #88
    Mapping index: 5
    Address: 18933479
    Line #0
        Function index: 32
        Line: 1003
        Column: 0
    Attributes: [29]
Location #89
    Mapping index: 5
    Address: 18935371
    Line #0
        Function index: 33
        Line: 1191
        Column: 0
    Attributes: [29]
Location #90
    Mapping index: 5
    Address: 18936615
    Line #0
        Function index: 34
        Line: 1246
        Column: 0
    Attributes: [29]
Location #91
    Mapping index: 5
    Address: 18958365
    Line #0
        Function index: 35
        Line: 209
        Column: 0
    Attributes: [29]
Location #92
    Mapping index: 5
    Address: 18957892
    Line #0
        Function index: 36
        Line: 182
        Column: 0
    Attributes: [29]
Location #93
    Mapping index: 5
    Address: 18959142
    Line #0
        Function index: 37
        Line: 37
        Column: 0
    Attributes: [29]
Location #94
    Mapping index: 5
    Address: 19372701
    Line #0
        Function index: 38
        Line: 187
        Column: 0
    Attributes: [29]
Location #95
    Mapping index: 5
    Address: 19422167
    Line #0
        Function index: 39
        Line: 384
        Column: 0
    Attributes: [29]
Location #96
    Mapping index: 5
    Address: 19432468
    Line #0
        Function index: 40
        Line: 606
        Column: 0
    Attributes: [29]
Location #97
    Mapping index: 5
    Address: 18445717
    Line #0
        Function index: 41
        Line: 403
        Column: 0
    Attributes: [29]
Location #98
    Mapping index: 5
    Address: 18443691
    Line #0
        Function index: 42
        Line: 378
        Column: 0
    Attributes: [29]
Location #99
    Mapping index: 5
    Address: 18444583
    Line #0
        Function index: 43
        Line: 407
        Column: 0
    Attributes: [29]
Location #100
    Mapping index: 5
    Address: 19428093
    Line #0
        Function index: 44
        Line: 552
        Column: 0
    Attributes: [29]
Location #101
    Mapping index: 5
    Address: 19501466
    Line #0
        Function index: 45
        Line: 57
        Column: 0
    Attributes: [29]
Location #102
    Mapping index: 5
    Address: 19500935
    Line #0
        Function index: 46
        Line: 47
        Column: 0
    Attributes: [29]
Location #103
    Mapping index: 5
    Address: 4740960
    Line #0
        Function index: 47
        Line: 1694
        Column: 0
    Attributes: [29]
Location #104
    Mapping index: 3
    Address: 8604639
    Line #0
        Function index: 48
        Line: 0
        Column: 0
    Attributes: [10]
Location #105
    Mapping index: 3
    Address: 8605584
    Line #0
        Function index: 49
        Line: 0
        Column: 0
    Attributes: [10]
Location #106
    Mapping index: 3
    Address: 6564296
    Line #0
        Function index: 50
        Line: 0
        Column: 0
    Attributes: [10]
Location #107
    Mapping index: 3
    Address: 6548654
    Line #0
        Function index: 51
        Line: 0
        Column: 0
    Attributes: [10]
Location #108
    Mapping index: 3
    Address: 6574650
    Line #0
        Function index: 52
        Line: 0
        Column: 0
    Attributes: [10]
Location #109
    Mapping index: 3
    Address: 6576780
    Line #0
        Function index: 53
        Line: 0
        Column: 0
    Attributes: [10]
Location #110
    Mapping index: 3
    Address: 3172050
    Line #0
        Function index: 15
        Line: 0
        Column: 0
    Attributes: [10]
Location #111
    Mapping index: 5
    Address: 4224397
    Line #0
        Function index: 54
        Line: 36
        Column: 0
    Attributes: [29]
Location #112
    Mapping index: 5
    Address: 4849036
    Line #0
        Function index: 55
        Line: 67
        Column: 0
    Attributes: [29]
Location #113
    Mapping index: 5
    Address: 4849125
    Line #0
        Function index: 56
        Line: 87
        Column: 0
    Attributes: [29]
Location #114
    Mapping index: 5
    Address: 4852909
    Line #0
        Function index: 57
        Line: 1
        Column: 0
    Attributes: [29]
Location #115
    Mapping index: 5
    Address: 17802355
    Line #0
        Function index: 58
        Line: 95
        Column: 0
    Attributes: [29]
Location #116
    Mapping index: 5
    Address: 18185741
    Line #0
        Function index: 59
        Line: 1420
        Column: 0
    Attributes: [29]
Location #117
    Mapping index: 5
    Address: 18185389
    Line #0
        Function index: 60
        Line: 1399
        Column: 0
    Attributes: [29]
Location #118
    Mapping index: 5
    Address: 19489045
    Line #0
        Function index: 61
        Line: 547
        Column: 0
    Attributes: [29]
Location #119
    Mapping index: 5
    Address: 19380040
    Line #0
        Function index: 62
        Line: 449
        Column: 0
    Attributes: [29]
Location #120
    Mapping index: 5
    Address: 19373291
    Line #0
        Function index: 38
        Line: 222
        Column: 0
    Attributes: [29]
Location #121
    Mapping index: 3
    Address: 4613327
    Line #0
        Function index: 63
        Line: 0
        Column: 0
    Attributes: [10]
Location #122
    Mapping index: 3
    Address: 6542047
    Line #0
        Function index: 64
        Line: 0
        Column: 0
    Attributes: [10]
Location #123
    Mapping index: 3
    Address: 6564341
    Line #0
        Function index: 50
        Line: 0
        Column: 0
    Attributes: [10]
Location #124
    Mapping index: 5
    Address: 18900130
    Line #0
        Function index: 31
        Line: 103
        Column: 0
    Attributes: [29]
Location #125
    Mapping index: 5
    Address: 5302500
    Line #0
        Function index: 65
        Line: 23
        Column: 0
    Attributes: [29]
Location #126
    Mapping index: 5
    Address: 5287666
    Line #0
        Function index: 66
        Line: 874
        Column: 0
    Attributes: [29]
Location #127
    Mapping index: 5
    Address: 18437508
    Line #0
        Function index: 67
        Line: 116
        Column: 0
    Attributes: [29]
Location #128
    Mapping index: 5
    Address: 19414066
    Line #0
        Function index: 68
        Line: 132
        Column: 0
    Attributes: [29]
Location #129
    Mapping index: 5
    Address: 19426910
    Line #0
        Function index: 44
        Line: 511
        Column: 0
    Attributes: [29]
Location #130
    Mapping index: 5
    Address: 18900192
    Line #0
        Function index: 31
        Line: 110
        Column: 0
    Attributes: [29]
Location #131
    Mapping index: 5
    Address: 18933764
    Line #0
        Function index: 32
        Line: 179
        Column: 0
    Attributes: [29]
Location #132
    Mapping index: 5
    Address: 4740294
    Line #0
        Function index: 69
        Line: 806
        Column: 0
    Attributes: [29]
Location #133
    Mapping index: 5
    Address: 4488209
    Line #0
        Function index: 70
        Line: 248
        Column: 0
    Attributes: [29]
Location #134
    Mapping index: 5
    Address: 4370116
    Line #0
        Function index: 71
        Line: 240
        Column: 0
    Attributes: [29]
Location #135
    Mapping index: 5
    Address: 4369220
    Line #0
        Function index: 72
        Line: 222
        Column: 0
    Attributes: [29]
Location #136
    Mapping index: 5
    Address: 4378642
    Line #0
        Function index: 73
        Line: 1207
        Column: 0
    Attributes: [29]
Location #137
    Mapping index: 5
    Address: 4362893
    Line #0
        Function index: 74
        Line: 1562
        Column: 0
    Attributes: [29]
Location #138
    Mapping index: 5
    Address: 4733225
    Line #0
        Function index: 75
        Line: 517
        Column: 0
    Attributes: [29]
Location #139
    Mapping index: 5
    Address: 4361840
    Line #0
        Function index: 76
        Line: 1523
        Column: 0
    Attributes: [29]
Location #140
    Mapping index: 5
    Address: 4361284
    Line #0
        Function index: 77
        Line: 1373
        Column: 0
    Attributes: [29]
Location #141
    Mapping index: 5
    Address: 4517611
    Line #0
        Function index: 78
        Line: 3325
        Column: 0
    Attributes: [29]
Location #142
    Mapping index: 5
    Address: 4526863
    Line #0
        Function index: 79
        Line: 4193
        Column: 0
    Attributes: [29]
Location #143
    Mapping index: 5
    Address: 4527652
    Line #0
        Function index: 80
        Line: 4267
        Column: 0
    Attributes: [29]
Location #144
    Mapping index: 5
    Address: 4733108
    Line #0
        Function index: 81
        Line: 462
        Column: 0
    Attributes: [29]
Location #145
    Mapping index: 5
    Address: 18963222
    Line #0
        Function index: 82
        Line: 192
        Column: 0
    Attributes: [29]
Location #146
    Mapping index: 5
    Address: 18963716
    Line #0
        Function index: 83
        Line: 454
        Column: 0
    Attributes: [29]
Location #147
    Mapping index: 5
    Address: 18930521
    Line #0
        Function index: 84
        Line: 913
        Column: 0
    Attributes: [29]
Location #148
    Mapping index: 5
    Address: 18932344
    Line #0
        Function index: 32
        Line: 981
        Column: 0
    Attributes: [29]
Location #149
    Mapping index: 5
    Address: 4262046
    Line #0
        Function index: 85
        Line: 154
        Column: 0
    Attributes: [29]
Location #150
    Mapping index: 5
    Address: 19380920
    Line #0
        Function index: 86
        Line: 506
        Column: 0
    Attributes: [29]
Location #151
    Mapping index: 5
    Address: 19379752
    Line #0
        Function index: 62
        Line: 437
        Column: 0
    Attributes: [29]
Location #152
    Mapping index: 5
    Address: 18939748
    Line #0
        Function index: 87
        Line: 202
        Column: 0
    Attributes: [29]
Location #153
    Mapping index: 5
    Address: 18929350
    Line #0
        Function index: 88
        Line: 858
        Column: 0
    Attributes: [29]
Location #154
    Mapping index: 5
    Address: 18933225
    Line #0
        Function index: 32
        Line: 1010
        Column: 0
    Attributes: [29]
Location #155
    Mapping index: 5
    Address: 4262171
    Line #0
        Function index: 85
        Line: 285
        Column: 0
    Attributes: [29]
Location #156
    Mapping index: 3
    Address: 12357817
    Line #0
        Function index: 89
        Line: 0
        Column: 0
    Attributes: [10]
Location #157
    Mapping index: 3
    Address: 6564251
    Line #0
        Function index: 50
        Line: 0
        Column: 0
    Attributes: [10]
Location #158
    Mapping index: 3
    Address: 9482097
    Line #0
        Function index: 90
        Line: 0
        Column: 0
    Attributes: [10]
Location #159
    Mapping index: 3
    Address: 8929613
    Line #0
        Function index: 91
        Line: 0
        Column: 0
    Attributes: [10]
Location #160
    Mapping index: 3
    Address: 8930316
    Line #0
        Function index: 92
        Line: 0
        Column: 0
    Attributes: [10]
Location #161
    Mapping index: 3
    Address: 8662554
    Line #0
        Function index: 12
        Line: 0
        Column: 0
    Attributes: [10]
Location #162
    Mapping index: 5
    Address: 4841783
    Line #0
        Function index: 93
        Line: 738
        Column: 0
    Attributes: [29]
Location #163
    Mapping index: 5
    Address: 5235885
    Line #0
        Function index: 94
        Line: 183
        Column: 0
    Attributes: [29]
Location #164
    Mapping index: 5
    Address: 5283054
    Line #0
        Function index: 95
        Line: 29
        Column: 0
    Attributes: [29]
Location #165
    Mapping index: 5
    Address: 5986269
    Line #0
        Function index: 96
        Line: 219
        Column: 0
    Attributes: [29]
Location #166
    Mapping index: 5
    Address: 18441618
    Line #0
        Function index: 42
        Line: 273
        Column: 0
    Attributes: [29]
Location #167
    Mapping index: 5
    Address: 18942834
    Line #0
        Function index: 97
        Line: 152
        Column: 0
    Attributes: [29]
Location #168
    Mapping index: 5
    Address: 18935181
    Line #0
        Function index: 33
        Line: 1186
        Column: 0
    Attributes: [29]
Location #169
    Mapping index: 3
    Address: 7772927
    Line #0
        Function index: 98
        Line: 0
        Column: 0
    Attributes: [10]
Location #170
    Mapping index: 3
    Address: 7775178
    Line #0
        Function index: 99
        Line: 0
        Column: 0
    Attributes: [10]
Location #171
    Mapping index: 3
    Address: 7776501
    Line #0
        Function index: 100
        Line: 0
        Column: 0
    Attributes: [10]
Location #172
    Mapping index: 3
    Address: 7777002
    Line #0
        Function index: 101
        Line: 0
        Column: 0
    Attributes: [10]
Location #173
    Mapping index: 3
    Address: 7778573
    Line #0
        Function index: 102
        Line: 0
        Column: 0
    Attributes: [10]
Location #174
    Mapping index: 3
    Address: 7779061
    Line #0
        Function index: 103
        Line: 0
        Column: 0
    Attributes: [10]
Location #175
    Mapping index: 3
    Address: 7779877
    Line #0
        Function index: 104
        Line: 0
        Column: 0
    Attributes: [10]
Location #176
    Mapping index: 3
    Address: 8142889
    Line #0
        Function index: 105
        Line: 0
        Column: 0
    Attributes: [10]
Location #177
    Mapping index: 3
    Address: 8126690
    Line #0
        Function index: 106
        Line: 0
        Column: 0
    Attributes: [10]
Location #178
    Mapping index: 3
    Address: 8130409
    Line #0
        Function index: 107
        Line: 0
        Column: 0
    Attributes: [10]
Location #179
    Mapping index: 3
    Address: 8143476
    Line #0
        Function index: 108
        Line: 0
        Column: 0
    Attributes: [10]
Location #180
    Mapping index: 3
    Address: 8143594
    Line #0
        Function index: 109
        Line: 0
        Column: 0
    Attributes: [10]
Location #181
    Mapping index: 3
    Address: 3169800
    Line #0
        Function index: 15
        Line: 0
        Column: 0
    Attributes: [10]
Location #182
    Mapping index: 5
    Address: 4748630
    Line #0
        Function index: 110
        Line: 544
        Column: 0
    Attributes: [29]
Location #183
    Mapping index: 5
    Address: 4337013
    Line #0
        Function index: 111
        Line: 64
        Column: 0
    Attributes: [29]
Location #184
    Mapping index: 5
    Address: 4394116
    Line #0
        Function index: 112
        Line: 783
        Column: 0
    Attributes: [29]
Location #185
    Mapping index: 5
    Address: 4393038
    Line #0
        Function index: 113
        Line: 683
        Column: 0
    Attributes: [29]
Location #186
    Mapping index: 5
    Address: 4392870
    Line #0
        Function index: 114
        Line: 682
        Column: 0
    Attributes: [29]
Location #187
    Mapping index: 5
    Address: 4688967
    Line #0
        Function index: 115
        Line: 395
        Column: 0
    Attributes: [29]
Location #188
    Mapping index: 5
    Address: 4392236
    Line #0
        Function index: 116
        Line: 612
        Column: 0
    Attributes: [29]
Location #189
    Mapping index: 5
    Address: 4392615
    Line #0
        Function index: 117
        Line: 657
        Column: 0
    Attributes: [29]
Location #190
    Mapping index: 5
    Address: 4351524
    Line #0
        Function index: 118
        Line: 213
        Column: 0
    Attributes: [29]
Location #191
    Mapping index: 3
    Address: 8819871
    Line #0
        Function index: 119
        Line: 0
        Column: 0
    Attributes: [10]
Location #192
    Mapping index: 3
    Address: 8825993
    Line #0
        Function index: 120
        Line: 0
        Column: 0
    Attributes: [10]
Location #193
    Mapping index: 3
    Address: 9536702
    Line #0
        Function index: 121
        Line: 0
        Column: 0
    Attributes: [10]
Location #194
    Mapping index: 3
    Address: 9541195
    Line #0
        Function index: 122
        Line: 0
        Column: 0
    Attributes: [10]
Location #195
    Mapping index: 3
    Address: 9510880
    Line #0
        Function index: 123
        Line: 0
        Column: 0
    Attributes: [10]
Location #196
    Mapping index: 3
    Address: 8738881
    Line #0
        Function index: 124
        Line: 0
        Column: 0
    Attributes: [10]
Location #197
    Mapping index: 3
    Address: 8759366
    Line #0
        Function index: 125
        Line: 0
        Column: 0
    Attributes: [10]
Location #198
    Mapping index: 3
    Address: 8759932
    Line #0
        Function index: 126
        Line: 0
        Column: 0
    Attributes: [10]
Location #199
    Mapping index: 3
    Address: 8763482
    Line #0
        Function index: 127
        Line: 0
        Column: 0
    Attributes: [10]
Location #200
    Mapping index: 3
    Address: 8766287
    Line #0
        Function index: 128
        Line: 0
        Column: 0
    Attributes: [10]
Location #201
    Mapping index: 3
    Address: 8697196
    Line #0
        Function index: 129
        Line: 0
        Column: 0
    Attributes: [10]
Location #202
    Mapping index: 3
    Address: 8697499
    Line #0
        Function index: 130
        Line: 0
        Column: 0
    Attributes: [10]
Location #203
    Mapping index: 3
    Address: 3171570
    Line #0
        Function index: 15
        Line: 0
        Column: 0
    Attributes: [10]
Location #204
    Mapping index: 5
    Address: 4849289
    Line #0
        Function index: 131
        Line: 97
        Column: 0
    Attributes: [29]
Location #205
    Mapping index: 5
    Address: 4838700
    Line #0
        Function index: 132
        Line: 132
        Column: 0
    Attributes: [29]
Location #206
    Mapping index: 5
    Address: 5293200
    Line #0
        Function index: 133
        Line: 311
        Column: 0
    Attributes: [29]
Location #207
    Mapping index: 5
    Address: 18437234
    Line #0
        Function index: 134
        Line: 107
        Column: 0
    Attributes: [29]
Location #208
    Mapping index: 5
    Address: 19426823
    Line #0
        Function index: 44
        Line: 504
        Column: 0
    Attributes: [29]
Location #209
    Mapping index: 5
    Address: 18921481
    Line #0
        Function index: 135
        Line: 571
        Column: 0
    Attributes: [29]
Location #210
    Mapping index: 5
    Address: 18933545
    Line #0
        Function index: 32
        Line: 1004
        Column: 0
    Attributes: [29]
Location #211
    Mapping index: 3
    Address: 12357834
    Line #0
        Function index: 89
        Line: 0
        Column: 0
    Attributes: [10]
Location #212
    Mapping index: 5
    Address: 18933262
    Line #0
        Function index: 32
        Line: 1010
        Column: 0
    Attributes: [29]
Location #213
    Mapping index: 5
    Address: 18900391
    Line #0
        Function index: 31
        Line: 120
        Column: 0
    Attributes: [29]
Location #214
    Mapping index: 3
    Address: 12323947
    Line #0
        Function index: 7
        Line: 0
        Column: 0
    Attributes: [10]
Location #215
    Mapping index: 3
    Address: 8663398
    Line #0
        Function index: 136
        Line: 0
        Column: 0
    Attributes: [10]
Location #216
    Mapping index: 3
    Address: 3170940
    Line #0
        Function index: 15
        Line: 0
        Column: 0
    Attributes: [10]
Location #217
    Mapping index: 6
    Address: 213964626
    Attributes: [3]
Location #218
    Mapping index: 6
    Address: 213963890
    Attributes: [3]
Location #219
    Mapping index: 6
    Address: 213972630
    Attributes: [3]
Location #220
    Mapping index: 3
    Address: 22351492
    Line #0
        Function index: 16
        Line: 0
        Column: 0
    Attributes: [10]
Location #221
    Mapping index: 6
    Address: 213972601
    Attributes: [3]
Location #222
    Mapping index: 6
    Address: 181361771
    Attributes: [3]
Location #223
    Mapping index: 6
    Address: 181311370
    Attributes: [3]
Location #224
    Mapping index: 6
    Address: 181090943
    Attributes: [3]
Location #225
    Mapping index: 6
    Address: 173355690
    Attributes: [3]
Location #226
    Mapping index: 6
    Address: 173517285
    Attributes: [3]
Location #227
    Mapping index: 6
    Address: 148867165
    Attributes: [3]
Location #228
    Mapping index: 6
    Address: 176398003
    Attributes: [3]
Location #229
    Mapping index: 6
    Address: 213968242
    Attributes: [3]
Location #230
    Mapping index: 6
    Address: 181355125
    Attributes: [3]
Location #231
    Mapping index: 6
    Address: 181343931
    Attributes: [3]
Location #232
    Mapping index: 6
    Address: 181333758
    Attributes: [3]
Location #233
    Mapping index: 6
    Address: 38983014
    Attributes: [3]
Location #234
    Mapping index: 6
    Address: 40543576
    Attributes: [3]
Location #235
    Mapping index: 6
    Address: 40050677
    Attributes: [3]
Location #236
    Mapping index: 6
    Address: 24811260
    Attributes: [3]
Location #237
    Mapping index: 6
    Address: 24823928
    Attributes: [3]
Location #238
    Mapping index: 6
    Address: 25024142
    Attributes: [3]
Location #239
    Mapping index: 6
    Address: 24944202
    Attributes: [3]
Location #240
    Mapping index: 6
    Address: 27917160
    Attributes: [3]
Location #241
    Mapping index: 6
    Address: 22086512
    Attributes: [3]
Location #242
    Mapping index: 6
    Address: 177075946
    Attributes: [3]
Location #243
    Mapping index: 6
    Address: 177069774
    Attributes: [3]
Location #244
    Mapping index: 6
    Address: 176911476
    Attributes: [3]
Location #245
    Mapping index: 6
    Address: 176942810
    Attributes: [3]
Location #246
    Mapping index: 6
    Address: 177010934
    Attributes: [3]
Location #247
    Mapping index: 6
    Address: 176925211
    Attributes: [3]
Location #248
    Mapping index: 6
    Address: 176879057
    Attributes: [3]
Location #249
    Mapping index: 6
    Address: 213961671
    Attributes: [3]
Location #250
    Mapping index: 6
    Address: 181299928
    Attributes: [3]
Location #251
    Mapping index: 6
    Address: 213902139
    Attributes: [3]
Location #252
    Mapping index: 3
    Address: 8108341
    Line #0
        Function index: 137
        Line: 0
        Column: 0
    Attributes: [10]
Location #253
    Mapping index: 3
    Address: 7362420
    Line #0
        Function index: 138
        Line: 0
        Column: 0
    Attributes: [10]
Location #254
    Mapping index: 3
    Address: 7362844
    Line #0
        Function index: 139
        Line: 0
        Column: 0
    Attributes: [10]
Location #255
    Mapping index: 3
    Address: 11744912
    Line #0
        Function index: 140
        Line: 0
        Column: 0
    Attributes: [10]
Location #256
    Mapping index: 3
    Address: 9977982
    Line #0
        Function index: 141
        Line: 0
        Column: 0
    Attributes: [10]
Location #257
    Mapping index: 3
    Address: 9808771
    Line #0
        Function index: 142
        Line: 0
        Column: 0
    Attributes: [10]
Location #258
    Mapping index: 3
    Address: 9809038
    Line #0
        Function index: 143
        Line: 0
        Column: 0
    Attributes: [10]
Location #259
    Mapping index: 3
    Address: 9824373
    Line #0
        Function index: 144
        Line: 0
        Column: 0
    Attributes: [10]
Location #260
    Mapping index: 3
    Address: 9838902
    Line #0
        Function index: 145
        Line: 0
        Column: 0
    Attributes: [10]
Location #261
    Mapping index: 3
    Address: 9840588
    Line #0
        Function index: 146
        Line: 0
        Column: 0
    Attributes: [10]
Location #262
    Mapping index: 3
    Address: 7401052
    Line #0
        Function index: 147
        Line: 0
        Column: 0
    Attributes: [10]
Location #263
    Mapping index: 3
    Address: 7327879
    Line #0
        Function index: 148
        Line: 0
        Column: 0
    Attributes: [10]
Location #264
    Mapping index: 3
    Address: 7347787
    Line #0
        Function index: 149
        Line: 0
        Column: 0
    Attributes: [10]
Location #265
    Mapping index: 3
    Address: 7349065
    Line #0
        Function index: 150
        Line: 0
        Column: 0
    Attributes: [10]
Location #266
    Mapping index: 3
    Address: 9755659
    Line #0
        Function index: 151
        Line: 0
        Column: 0
    Attributes: [10]
Location #267
    Mapping index: 3
    Address: 9032929
    Line #0
        Function index: 152
        Line: 0
        Column: 0
    Attributes: [10]
Location #268
    Mapping index: 3
    Address: 9033567
    Line #0
        Function index: 153
        Line: 0
        Column: 0
    Attributes: [10]
Location #269
    Mapping index: 3
    Address: 9033682
    Line #0
        Function index: 154
        Line: 0
        Column: 0
    Attributes: [10]
Location #270
    Mapping index: 3
    Address: 3170655
    Line #0
        Function index: 15
        Line: 0
        Column: 0
    Attributes: [10]
Location #271
    Mapping index: 6
    Address: 181361810
    Attributes: [3]
Function #0
    Name: 0
    System name: 0
    Filename: 0
    Start line: 0
Function #1
    Name: 14
    System name: 0
    Filename: 0
    Start line: 0
Function #2
    Name: 15
    System name: 0
    Filename: 0
    Start line: 0
Function #3
    Name: 16
    System name: 0
    Filename: 0
    Start line: 0
Function #4
    Name: 17
    System name: 0
    Filename: 0
    Start line: 0
Function #5
    Name: 18
    System name: 0
    Filename: 0
    Start line: 0
Function #6
    Name: 19
    System name: 0
    Filename: 0
    Start line: 0
Function #7
    Name: 20
    System name: 0
    Filename: 0
    Start line: 0
Function #8
    Name: 21
    System name: 0
    Filename: 0
    Start line: 0
Function #9
    Name: 22
    System name: 0
    Filename: 0
    Start line: 0
Function #10
    Name: 23
    System name: 0
    Filename: 0
    Start line: 0
Function #11
    Name: 24
    System name: 0
    Filename: 0
    Start line: 0
Function #12
    Name: 25
    System name: 0
    Filename: 0
    Start line: 0
Function #13
    Name: 26
    System name: 0
    Filename: 0
    Start line: 0
Function #14
    Name: 27
    System name: 0
    Filename: 0
    Start line: 0
Function #15
    Name: 28
    System name: 0
    Filename: 0
    Start line: 0
Function #16
    Name: 29
    System name: 0
    Filename: 0
    Start line: 0
Function #17
    Name: 30
    System name: 0
    Filename: 0
    Start line: 0
Function #18
    Name: 31
    System name: 0
    Filename: 0
    Start line: 0
Function #19
    Name: 32
    System name: 0
    Filename: 0
    Start line: 0
Function #20
    Name: 33
    System name: 0
    Filename: 0
    Start line: 0
Function #21
    Name: 34
    System name: 0
    Filename: 0
    Start line: 0
Function #22
    Name: 35
    System name: 0
    Filename: 0
    Start line: 0
Function #23
    Name: 36
    System name: 0
    Filename: 0
    Start line: 0
Function #24
    Name: 37
    System name: 0
    Filename: 0
    Start line: 0
Function #25
    Name: 38
    System name: 0
    Filename: 0
    Start line: 0
Function #26
    Name: 39
    System name: 0
    Filename: 0
    Start line: 0
Function #27
    Name: 40
    System name: 0
    Filename: 0
    Start line: 0
Function #28
    Name: 41
    System name: 0
    Filename: 0
    Start line: 0
Function #29
    Name: 45
    System name: 0
    Filename: 46
    Start line: 0
Function #30
    Name: 47
    System name: 0
    Filename: 48
    Start line: 0
Function #31
    Name: 49
    System name: 0
    Filename: 50
    Start line: 0
Function #32
    Name: 51
    System name: 0
    Filename: 52
    Start line: 0
Function #33
    Name: 53
    System name: 0
    Filename: 52
    Start line: 0
Function #34
    Name: 54
    System name: 0
    Filename: 52
    Start line: 0
Function #35
    Name: 55
    System name: 0
    Filename: 56
    Start line: 0
Function #36
    Name: 57
    System name: 0
    Filename: 56
    Start line: 0
Function #37
    Name: 58
    System name: 0
    Filename: 59
    Start line: 0
Function #38
    Name: 60
    System name: 0
    Filename: 61
    Start line: 0
Function #39
    Name: 62
    System name: 0
    Filename: 63
    Start line: 0
Function #40
    Name: 64
    System name: 0
    Filename: 63
    Start line: 0
Function #41
    Name: 65
    System name: 0
    Filename: 66
    Start line: 0
Function #42
    Name: 67
    System name: 0
    Filename: 66
    Start line: 0
Function #43
    Name: 68
    System name: 0
    Filename: 66
    Start line: 0
Function #44
    Name: 69
    System name: 0
    Filename: 63
    Start line: 0
Function #45
    Name: 70
    System name: 0
    Filename: 71
    Start line: 0
Function #46
    Name: 72
    System name: 0
    Filename: 71
    Start line: 0
Function #47
    Name: 73
    System name: 0
    Filename: 74
    Start line: 0
Function #48
    Name: 75
    System name: 0
    Filename: 0
    Start line: 0
Function #49
    Name: 76
    System name: 0
    Filename: 0
    Start line: 0
Function #50
    Name: 77
    System name: 0
    Filename: 0
    Start line: 0
Function #51
    Name: 78
    System name: 0
    Filename: 0
    Start line: 0
Function #52
    Name: 79
    System name: 0
    Filename: 0
    Start line: 0
Function #53
    Name: 80
    System name: 0
    Filename: 0
    Start line: 0
Function #54
    Name: 81
    System name: 0
    Filename: 82
    Start line: 0
Function #55
    Name: 83
    System name: 0
    Filename: 84
    Start line: 0
Function #56
    Name: 85
    System name: 0
    Filename: 84
    Start line: 0
Function #57
    Name: 85
    System name: 0
    Filename: 86
    Start line: 0
Function #58
    Name: 87
    System name: 0
    Filename: 88
    Start line: 0
Function #59
    Name: 89
    System name: 0
    Filename: 90
    Start line: 0
Function #60
    Name: 91
    System name: 0
    Filename: 90
    Start line: 0
Function #61
    Name: 92
    System name: 0
    Filename: 93
    Start line: 0
Function #62
    Name: 94
    System name: 0
    Filename: 61
    Start line: 0
Function #63
    Name: 95
    System name: 0
    Filename: 0
    Start line: 0
Function #64
    Name: 96
    System name: 0
    Filename: 0
    Start line: 0
Function #65
    Name: 97
    System name: 0
    Filename: 98
    Start line: 0
Function #66
    Name: 99
    System name: 0
    Filename: 100
    Start line: 0
Function #67
    Name: 101
    System name: 0
    Filename: 66
    Start line: 0
Function #68
    Name: 102
    System name: 0
    Filename: 63
    Start line: 0
Function #69
    Name: 103
    System name: 0
    Filename: 74
    Start line: 0
Function #70
    Name: 104
    System name: 0
    Filename: 105
    Start line: 0
Function #71
    Name: 106
    System name: 0
    Filename: 107
    Start line: 0
Function #72
    Name: 108
    System name: 0
    Filename: 107
    Start line: 0
Function #73
    Name: 109
    System name: 0
    Filename: 107
    Start line: 0
Function #74
    Name: 110
    System name: 0
    Filename: 111
    Start line: 0
Function #75
    Name: 112
    System name: 0
    Filename: 74
    Start line: 0
Function #76
    Name: 113
    System name: 0
    Filename: 111
    Start line: 0
Function #77
    Name: 114
    System name: 0
    Filename: 111
    Start line: 0
Function #78
    Name: 115
    System name: 0
    Filename: 116
    Start line: 0
Function #79
    Name: 117
    System name: 0
    Filename: 116
    Start line: 0
Function #80
    Name: 118
    System name: 0
    Filename: 116
    Start line: 0
Function #81
    Name: 119
    System name: 0
    Filename: 74
    Start line: 0
Function #82
    Name: 120
    System name: 0
    Filename: 121
    Start line: 0
Function #83
    Name: 122
    System name: 0
    Filename: 121
    Start line: 0
Function #84
    Name: 123
    System name: 0
    Filename: 52
    Start line: 0
Function #85
    Name: 124
    System name: 0
    Filename: 125
    Start line: 0
Function #86
    Name: 126
    System name: 0
    Filename: 61
    Start line: 0
Function #87
    Name: 127
    System name: 0
    Filename: 128
    Start line: 0
Function #88
    Name: 129
    System name: 0
    Filename: 52
    Start line: 0
Function #89
    Name: 130
    System name: 0
    Filename: 0
    Start line: 0
Function #90
    Name: 131
    System name: 0
    Filename: 0
    Start line: 0
Function #91
    Name: 132
    System name: 0
    Filename: 0
    Start line: 0
Function #92
    Name: 133
    System name: 0
    Filename: 0
    Start line: 0
Function #93
    Name: 134
    System name: 0
    Filename: 135
    Start line: 0
Function #94
    Name: 136
    System name: 0
    Filename: 137
    Start line: 0
Function #95
    Name: 138
    System name: 0
    Filename: 139
    Start line: 0
Function #96
    Name: 140
    System name: 0
    Filename: 141
    Start line: 0
Function #97
    Name: 142
    System name: 0
    Filename: 143
    Start line: 0
Function #98
    Name: 144
    System name: 0
    Filename: 0
    Start line: 0
Function #99
    Name: 145
    System name: 0
    Filename: 0
    Start line: 0
Function #100
    Name: 146
    System name: 0
    Filename: 0
    Start line: 0
Function #101
    Name: 147
    System name: 0
    Filename: 0
    Start line: 0
Function #102
    Name: 148
    System name: 0
    Filename: 0
    Start line: 0
Function #103
    Name: 149
    System name: 0
    Filename: 0
    Start line: 0
Function #104
    Name: 150
    System name: 0
    Filename: 0
    Start line: 0
Function #105
    Name: 151
    System name: 0
    Filename: 0
    Start line: 0
Function #106
    Name: 152
    System name: 0
    Filename: 0
    Start line: 0
Function #107
    Name: 153
    System name: 0
    Filename: 0
    Start line: 0
Function #108
    Name: 154
    System name: 0
    Filename: 0
    Start line: 0
Function #109
    Name: 155
    System name: 0
    Filename: 0
    Start line: 0
Function #110
    Name: 156
    System name: 0
    Filename: 157
    Start line: 0
Function #111
    Name: 158
    System name: 0
    Filename: 159
    Start line: 0
Function #112
    Name: 160
    System name: 0
    Filename: 161
    Start line: 0
Function #113
    Name: 162
    System name: 0
    Filename: 161
    Start line: 0
Function #114
    Name: 163
    System name: 0
    Filename: 161
    Start line: 0
Function #115
    Name: 164
    System name: 0
    Filename: 161
    Start line: 0
Function #116
    Name: 165
    System name: 0
    Filename: 161
    Start line: 0
Function #117
    Name: 166
    System name: 0
    Filename: 161
    Start line: 0
Function #118
    Name: 167
    System name: 0
    Filename: 111
    Start line: 0
Function #119
    Name: 168
    System name: 0
    Filename: 0
    Start line: 0
Function #120
    Name: 169
    System name: 0
    Filename: 0
    Start line: 0
Function #121
    Name: 170
    System name: 0
    Filename: 0
    Start line: 0
Function #122
    Name: 171
    System name: 0
    Filename: 0
    Start line: 0
Function #123
    Name: 172
    System name: 0
    Filename: 0
    Start line: 0
Function #124
    Name: 173
    System name: 0
    Filename: 0
    Start line: 0
Function #125
    Name: 174
    System name: 0
    Filename: 0
    Start line: 0
Function #126
    Name: 175
    System name: 0
    Filename: 0
    Start line: 0
Function #127
    Name: 176
    System name: 0
    Filename: 0
    Start line: 0
Function #128
    Name: 177
    System name: 0
    Filename: 0
    Start line: 0
Function #129
    Name: 178
    System name: 0
    Filename: 0
    Start line: 0
Function #130
    Name: 179
    System name: 0
    Filename: 0
    Start line: 0
Function #131
    Name: 180
    System name: 0
    Filename: 84
    Start line: 0
Function #132
    Name: 181
    System name: 0
    Filename: 135
    Start line: 0
Function #133
    Name: 182
    System name: 0
    Filename: 84
    Start line: 0
Function #134
    Name: 183
    System name: 0
    Filename: 66
    Start line: 0
Function #135
    Name: 184
    System name: 0
    Filename: 52
    Start line: 0
Function #136
    Name: 185
    System name: 0
    Filename: 0
    Start line: 0
Function #137
    Name: 187
    System name: 0
    Filename: 0
    Start line: 0
Function #138
    Name: 188
    System name: 0
    Filename: 0
    Start line: 0
Function #139
    Name: 189
    System name: 0
    Filename: 0
    Start line: 0
Function #140
    Name: 190
    System name: 0
    Filename: 0
    Start line: 0
Function #141
    Name: 191
    System name: 0
    Filename: 0
    Start line: 0
Function #142
    Name: 192
    System name: 0
    Filename: 0
    Start line: 0
Function #143
    Name: 193
    System name: 0
    Filename: 0
    Start line: 0
Function #144
    Name: 194
    System name: 0
    Filename: 0
    Start line: 0
Function #145
    Name: 195
    System name: 0
    Filename: 0
    Start line: 0
Function #146
    Name: 196
    System name: 0
    Filename: 0
    Start line: 0
Function #147
    Name: 197
    System name: 0
    Filename: 0
    Start line: 0
Function #148
    Name: 198
    System name: 0
    Filename: 0
    Start line: 0
Function #149
    Name: 199
    System name: 0
    Filename: 0
    Start line: 0
Function #150
    Name: 200
    System name: 0
    Filename: 0
    Start line: 0
Function #151
    Name: 201
    System name: 0
    Filename: 0
    Start line: 0
Function #152
    Name: 202
    System name: 0
    Filename: 0
    Start line: 0
Function #153
    Name: 203
    System name: 0
    Filename: 0
    Start line: 0
Function #154
    Name: 204
    System name: 0
    Filename: 0
    Start line: 0
Attribute table:
     -> Key: Int(12)
     -> Value: Str(2)
     -> unit: Int(0)
Link table:
     -> Trace ID: Str()
     -> Span ID: Str()
String table:
    
    cpu
    nanoseconds
    samples
    count
    agentsight
    process.executable.build_id.gnu
    process.executable.build_id.htlhash
    profile.frame.type
    libc.so.6
    thread.name
    thread.id
    cpu.logical_number
    vmlinux
    handle_pte_fault
    __handle_mm_fault
    handle_mm_fault
    do_user_addr_fault
    exc_page_fault
    asm_exc_page_fault
    _copy_to_iter
    copy_page_to_iter
    filemap_read
    generic_file_read_iter
    ext4_file_read_iter
    vfs_read
    ksys_read
    __x64_sys_read
    x64_sys_call
    do_syscall_64
    entry_SYSCALL_64_after_hwframe
    _raw_spin_unlock_irqrestore
    rmqueue_bulk
    __rmqueue_pcplist
    rmqueue_pcplist
    rmqueue.isra.0
    get_page_from_freelist
    __alloc_frozen_pages_noprof
    alloc_pages_mpol
    vma_alloc_folio_noprof
    alloc_anon_folio
    do_anonymous_page
    qemu-system-x86_64
    otelcol-ebpf-profiler
    process.executable.build_id.go
    runtime.memclrNoHeapPointers
    /home/yunwei37/go/pkg/mod/golang.org/toolchain@v0.0.1-go1.25.0.linux-amd64/src/runtime/memclr_amd64.s
    runtime.growslice
    /home/yunwei37/go/pkg/mod/golang.org/toolchain@v0.0.1-go1.25.0.linux-amd64/src/runtime/slice.go
    go.opentelemetry.io/ebpf-profiler/nativeunwind/stackdeltatypes.(*StackDeltaArray).AddEx
    /tmp/opentelemetry-ebpf-profiler/nativeunwind/stackdeltatypes/stackdeltatypes.go
    go.opentelemetry.io/ebpf-profiler/nativeunwind/elfunwindinfo.(*elfExtractor).parseFDE
    /tmp/opentelemetry-ebpf-profiler/nativeunwind/elfunwindinfo/elfehframe.go
    go.opentelemetry.io/ebpf-profiler/nativeunwind/elfunwindinfo.(*elfExtractor).walkBinSearchTable
    go.opentelemetry.io/ebpf-profiler/nativeunwind/elfunwindinfo.(*elfExtractor).parseEHFrame
    go.opentelemetry.io/ebpf-profiler/nativeunwind/elfunwindinfo.extractFile
    /tmp/opentelemetry-ebpf-profiler/nativeunwind/elfunwindinfo/stackdeltaextraction.go
    go.opentelemetry.io/ebpf-profiler/nativeunwind/elfunwindinfo.ExtractELF
    go.opentelemetry.io/ebpf-profiler/nativeunwind/elfunwindinfo.(*ELFStackDeltaProvider).GetIntervalStructuresForFile
    /tmp/opentelemetry-ebpf-profiler/nativeunwind/elfunwindinfo/stackdeltaprovider.go
    go.opentelemetry.io/ebpf-profiler/processmanager/execinfomanager.(*ExecutableInfoManager).AddOrIncRef
    /tmp/opentelemetry-ebpf-profiler/processmanager/execinfomanager/manager.go
    go.opentelemetry.io/ebpf-profiler/processmanager.(*ProcessManager).newFrameMapping
    /tmp/opentelemetry-ebpf-profiler/processmanager/processinfo.go
    go.opentelemetry.io/ebpf-profiler/processmanager.(*ProcessManager).SynchronizeProcess.func1
    go.opentelemetry.io/ebpf-profiler/process.(*systemProcess).IterateMappings.func1
    /tmp/opentelemetry-ebpf-profiler/process/process.go
    go.opentelemetry.io/ebpf-profiler/process.iterateMappings
    go.opentelemetry.io/ebpf-profiler/process.(*systemProcess).IterateMappings
    go.opentelemetry.io/ebpf-profiler/processmanager.(*ProcessManager).SynchronizeProcess
    go.opentelemetry.io/ebpf-profiler/tracer.(*Tracer).processPIDEvents
    /tmp/opentelemetry-ebpf-profiler/tracer/events.go
    go.opentelemetry.io/ebpf-profiler/tracer.(*Tracer).StartPIDEventProcessor.gowrap1
    runtime.goexit
    /home/yunwei37/go/pkg/mod/golang.org/toolchain@v0.0.1-go1.25.0.linux-amd64/src/runtime/asm_amd64.s
    check_stack_object
    __check_object_size
    generic_map_update_batch
    bpf_map_do_batch
    __sys_bpf
    __x64_sys_bpf
    internal/runtime/syscall.Syscall6
    /home/yunwei37/go/pkg/mod/golang.org/toolchain@v0.0.1-go1.25.0.linux-amd64/src/internal/runtime/syscall/asm_linux_amd64.s
    syscall.RawSyscall6
    /home/yunwei37/go/pkg/mod/golang.org/toolchain@v0.0.1-go1.25.0.linux-amd64/src/syscall/syscall_linux.go
    syscall.Syscall
    <autogenerated>
    github.com/cilium/ebpf/internal/sys.BPF
    /home/yunwei37/go/pkg/mod/github.com/cilium/ebpf@v0.21.0/internal/unix/types_linux.go
    github.com/cilium/ebpf.(*Map).batchUpdate
    /home/yunwei37/go/pkg/mod/github.com/cilium/ebpf@v0.21.0/map.go
    github.com/cilium/ebpf.(*Map).BatchUpdate
    go.opentelemetry.io/ebpf-profiler/processmanager/ebpf.(*ebpfMapsImpl).UpdateExeIDToStackDeltas
    /tmp/opentelemetry-ebpf-profiler/processmanager/ebpf/ebpf.go
    go.opentelemetry.io/ebpf-profiler/processmanager/execinfomanager.(*executableInfoManagerState).loadDeltas
    migrate_enable
    bpf_map_update_value
    os.(*fileStat).Size
    /home/yunwei37/go/pkg/mod/golang.org/toolchain@v0.0.1-go1.25.0.linux-amd64/src/os/types_unix.go
    os.ReadFile
    /home/yunwei37/go/pkg/mod/golang.org/toolchain@v0.0.1-go1.25.0.linux-amd64/src/os/file.go
    go.opentelemetry.io/ebpf-profiler/process.(*systemProcess).GetProcessMeta
    go.opentelemetry.io/ebpf-profiler/processmanager.(*ProcessManager).getPidInformation
    runtime.procyield
    runtime.suspendG
    /home/yunwei37/go/pkg/mod/golang.org/toolchain@v0.0.1-go1.25.0.linux-amd64/src/runtime/preempt.go
    runtime.markroot.func1
    /home/yunwei37/go/pkg/mod/golang.org/toolchain@v0.0.1-go1.25.0.linux-amd64/src/runtime/mgcmark.go
    runtime.markroot
    runtime.gcDrain
    runtime.gcBgMarkWorker.func2
    /home/yunwei37/go/pkg/mod/golang.org/toolchain@v0.0.1-go1.25.0.linux-amd64/src/runtime/mgc.go
    runtime.systemstack
    runtime.gcBgMarkWorker
    runtime.gcBgMarkStartWorkers.gowrap1
    runtime.execute
    /home/yunwei37/go/pkg/mod/golang.org/toolchain@v0.0.1-go1.25.0.linux-amd64/src/runtime/proc.go
    runtime.schedule
    runtime.park_m
    runtime.mcall
    github.com/elastic/go-freelru.(*LRU[go.shape.uint64,go.shape.*uint8]).get
    /home/yunwei37/go/pkg/mod/github.com/elastic/go-freelru@v0.16.0/lru.go
    github.com/elastic/go-freelru.(*LRU[go.shape.uint64,go.shape.*uint8]).Get
    go.opentelemetry.io/ebpf-profiler/nativeunwind/elfunwindinfo.parsesFDEHeader
    runtime.mapaccess2
    /home/yunwei37/go/pkg/mod/golang.org/toolchain@v0.0.1-go1.25.0.linux-amd64/src/internal/runtime/maps/group.go
    go.opentelemetry.io/ebpf-profiler/processmanager/execinfomanager.(*executableInfoManagerState).getUnwindInfoIndex
    go.opentelemetry.io/ebpf-profiler/nativeunwind/elfunwindinfo.(*vmRegs).getUnwindInfoX86
    /tmp/opentelemetry-ebpf-profiler/nativeunwind/elfunwindinfo/elfehframe_x86.go
    go.opentelemetry.io/ebpf-profiler/nativeunwind/elfunwindinfo.(*vmRegs).getUnwindInfo
    _copy_from_user
    m_next
    seq_read_iter
    seq_read
    syscall.read
    /home/yunwei37/go/pkg/mod/golang.org/toolchain@v0.0.1-go1.25.0.linux-amd64/src/syscall/zsyscall_linux_amd64.go
    internal/poll.(*FD).Read
    /home/yunwei37/go/pkg/mod/golang.org/toolchain@v0.0.1-go1.25.0.linux-amd64/src/syscall/syscall_unix.go
    os.(*File).Read
    /home/yunwei37/go/pkg/mod/golang.org/toolchain@v0.0.1-go1.25.0.linux-amd64/src/os/file_posix.go
    bufio.(*Scanner).Scan
    /home/yunwei37/go/pkg/mod/golang.org/toolchain@v0.0.1-go1.25.0.linux-amd64/src/bufio/scan.go
    go.opentelemetry.io/ebpf-profiler/nativeunwind/elfunwindinfo.(*EhFrameTable).decodeEntry
    /tmp/opentelemetry-ebpf-profiler/nativeunwind/elfunwindinfo/elfehframetable.go
    zap_present_ptes.constprop.0
    zap_pte_range
    zap_pmd_range.isra.0
    zap_pud_range.isra.0
    unmap_page_range
    unmap_single_vma
    zap_page_range_single
    madvise_vma_behavior
    madvise_walk_vmas
    madvise_do_behavior
    do_madvise
    __x64_sys_madvise
    runtime.madvise
    /home/yunwei37/go/pkg/mod/golang.org/toolchain@v0.0.1-go1.25.0.linux-amd64/src/runtime/sys_linux_amd64.s
    runtime.sysUnusedOS
    /home/yunwei37/go/pkg/mod/golang.org/toolchain@v0.0.1-go1.25.0.linux-amd64/src/runtime/mem_linux.go
    runtime.(*pageAlloc).scavengeOne
    /home/yunwei37/go/pkg/mod/golang.org/toolchain@v0.0.1-go1.25.0.linux-amd64/src/runtime/mgcscavenge.go
    runtime.(*pageAlloc).scavenge.func1
    runtime.(*pageAlloc).scavenge
    runtime.(*scavengerState).init.func2
    runtime.(*scavengerState).run
    runtime.bgscavenge
    runtime.gcenable.gowrap2
    __d_lookup_unhash
    d_splice_alias
    proc_pid_instantiate
    proc_pid_lookup
    proc_root_lookup
    __lookup_slow
    walk_component
    link_path_walk.part.0.constprop.0
    path_lookupat
    filename_lookup
    do_readlinkat
    __x64_sys_readlinkat
    syscall.Syscall6
    syscall.readlinkat
    os.readlink
    go.opentelemetry.io/ebpf-profiler/process.(*systemProcess).GetExe
    go.opentelemetry.io/ebpf-profiler/nativeunwind/elfunwindinfo.(*state).step
    __x64_sys_pread64
    codex
    kmem_cache_alloc_noprof
    mempool_alloc_slab
    mempool_alloc_noprof
    bio_alloc_bioset
    ext4_bio_write_folio
    mpage_submit_folio
    mpage_process_page_bufs
    mpage_prepare_extent_to_map
    ext4_do_writepages
    ext4_writepages
    do_writepages
    filemap_fdatawrite_wbc
    __filemap_fdatawrite_range
    file_write_and_wait_range
    ext4_sync_file
    vfs_fsync_range
    do_fsync
    __x64_sys_fsync
ResourceProfiles #0
Resource SchemaURL: https://opentelemetry.io/schemas/1.37.0
Resource attributes:
     -> process.pid: Int(2711)
     -> process.executable.path: Str(/home/yunwei37/.cargo/bin/agentsight)
     -> process.executable.name: Str(agentsight)
ScopeProfiles #0
ScopeProfiles SchemaURL: https://opentelemetry.io/schemas/1.37.0
InstrumentationScope go.opentelemetry.io/ebpf-profiler v0.0.0
Profile #0
    Profile ID     : 
    Start time     : 2026-06-21 21:10:03.553330995 +0000 UTC
    DurationNano   : 5001096557
    Dropped attributes count: 0
    Sample #0
        Values: []
        Attributes:
             -> thread.name: agentsight
             -> thread.id: %!s(int64=2711)
             -> cpu.logical_number: %!s(int64=1)
    Sample #1
        Values: []
        Attributes:
             -> thread.name: agentsight
             -> thread.id: %!s(int64=2711)
             -> cpu.logical_number: %!s(int64=1)
    Sample #2
        Values: []
        Attributes:
             -> thread.name: agentsight
             -> thread.id: %!s(int64=2711)
             -> cpu.logical_number: %!s(int64=1)
    Sample #3
        Values: []
        Attributes:
             -> thread.name: agentsight
             -> thread.id: %!s(int64=2711)
             -> cpu.logical_number: %!s(int64=1)
    Sample #4
        Values: []
        Attributes:
             -> thread.name: agentsight
             -> thread.id: %!s(int64=2711)
             -> cpu.logical_number: %!s(int64=1)
    Sample #5
        Values: []
        Attributes:
             -> thread.name: agentsight
             -> thread.id: %!s(int64=2711)
             -> cpu.logical_number: %!s(int64=1)
    Sample #6
        Values: []
        Attributes:
             -> thread.name: agentsight
             -> thread.id: %!s(int64=2711)
             -> cpu.logical_number: %!s(int64=1)
    Sample #7
        Values: []
        Attributes:
             -> thread.name: agentsight
             -> thread.id: %!s(int64=2711)
             -> cpu.logical_number: %!s(int64=1)
ResourceProfiles #1
Resource SchemaURL: https://opentelemetry.io/schemas/1.37.0
Resource attributes:
     -> process.pid: Int(1275494)
     -> process.executable.path: Str(/usr/local/bin/qemu-system-x86_64)
     -> process.executable.name: Str(qemu-system-x86_64)
ScopeProfiles #0
ScopeProfiles SchemaURL: https://opentelemetry.io/schemas/1.37.0
InstrumentationScope go.opentelemetry.io/ebpf-profiler v0.0.0
Profile #0
    Profile ID     : 
    Start time     : 2026-06-21 21:10:03.553330995 +0000 UTC
    DurationNano   : 5001096557
    Dropped attributes count: 0
    Sample #0
        Values: []
        Attributes:
             -> thread.name: qemu-system-x86
             -> thread.id: %!s(int64=1275499)
             -> cpu.logical_number: %!s(int64=0)
    Sample #1
        Values: []
        Attributes:
             -> thread.name: qemu-system-x86
             -> thread.id: %!s(int64=1275502)
             -> cpu.logical_number: %!s(int64=5)
    Sample #2
        Values: []
        Attributes:
             -> thread.name: qemu-system-x86
             -> thread.id: %!s(int64=1275501)
             -> cpu.logical_number: %!s(int64=3)
    Sample #3
        Values: []
        Attributes:
             -> thread.name: qemu-system-x86
             -> thread.id: %!s(int64=1275500)
             -> cpu.logical_number: %!s(int64=16)
    Sample #4
        Values: []
        Attributes:
             -> thread.name: qemu-system-x86
             -> thread.id: %!s(int64=1275498)
             -> cpu.logical_number: %!s(int64=3)
    Sample #5
        Values: []
        Attributes:
             -> thread.name: qemu-system-x86
             -> thread.id: %!s(int64=1275497)
             -> cpu.logical_number: %!s(int64=1)
    Sample #6
        Values: []
        Attributes:
             -> thread.name: qemu-system-x86
             -> thread.id: %!s(int64=1275500)
             -> cpu.logical_number: %!s(int64=4)
    Sample #7
        Values: []
        Attributes:
             -> thread.name: qemu-system-x86
             -> thread.id: %!s(int64=1275497)
             -> cpu.logical_number: %!s(int64=8)
    Sample #8
        Values: []
        Attributes:
             -> thread.name: qemu-system-x86
             -> thread.id: %!s(int64=1275498)
             -> cpu.logical_number: %!s(int64=9)
    Sample #9
        Values: []
        Attributes:
             -> thread.name: qemu-system-x86
             -> thread.id: %!s(int64=1275499)
             -> cpu.logical_number: %!s(int64=13)
ResourceProfiles #2
Resource SchemaURL: https://opentelemetry.io/schemas/1.37.0
Resource attributes:
     -> process.pid: Int(1280371)
     -> process.executable.path: Str(/tmp/opentelemetry-ebpf-profiler/otelcol-ebpf-profiler)
     -> process.executable.name: Str(otelcol-ebpf-profiler)
ScopeProfiles #0
ScopeProfiles SchemaURL: https://opentelemetry.io/schemas/1.37.0
InstrumentationScope go.opentelemetry.io/ebpf-profiler v0.0.0
Profile #0
    Profile ID     : 
    Start time     : 2026-06-21 21:10:03.553330995 +0000 UTC
    DurationNano   : 5001096557
    Dropped attributes count: 0
    Sample #0
        Values: []
        Attributes:
             -> thread.name: otelcol-ebpf-pr
             -> thread.id: %!s(int64=1280413)
             -> cpu.logical_number: %!s(int64=18)
    Sample #1
        Values: []
        Attributes:
             -> thread.name: otelcol-ebpf-pr
             -> thread.id: %!s(int64=1280428)
             -> cpu.logical_number: %!s(int64=4)
    Sample #2
        Values: []
        Attributes:
             -> thread.name: otelcol-ebpf-pr
             -> thread.id: %!s(int64=1280428)
             -> cpu.logical_number: %!s(int64=4)
    Sample #3
        Values: []
        Attributes:
             -> thread.name: otelcol-ebpf-pr
             -> thread.id: %!s(int64=1280436)
             -> cpu.logical_number: %!s(int64=20)
    Sample #4
        Values: []
        Attributes:
             -> thread.name: otelcol-ebpf-pr
             -> thread.id: %!s(int64=1280426)
             -> cpu.logical_number: %!s(int64=17)
    Sample #5
        Values: []
        Attributes:
             -> thread.name: otelcol-ebpf-pr
             -> thread.id: %!s(int64=1280428)
             -> cpu.logical_number: %!s(int64=11)
    Sample #6
        Values: []
        Attributes:
             -> thread.name: otelcol-ebpf-pr
             -> thread.id: %!s(int64=1280431)
             -> cpu.logical_number: %!s(int64=10)
    Sample #7
        Values: []
        Attributes:
             -> thread.name: otelcol-ebpf-pr
             -> thread.id: %!s(int64=1280426)
             -> cpu.logical_number: %!s(int64=0)
    Sample #8
        Values: []
        Attributes:
             -> thread.name: otelcol-ebpf-pr
             -> thread.id: %!s(int64=1280428)
             -> cpu.logical_number: %!s(int64=4)
    Sample #9
        Values: []
        Attributes:
             -> thread.name: otelcol-ebpf-pr
             -> thread.id: %!s(int64=1280428)
             -> cpu.logical_number: %!s(int64=4)
    Sample #10
        Values: []
        Attributes:
             -> thread.name: otelcol-ebpf-pr
             -> thread.id: %!s(int64=1280419)
             -> cpu.logical_number: %!s(int64=15)
    Sample #11
        Values: []
        Attributes:
             -> thread.name: otelcol-ebpf-pr
             -> thread.id: %!s(int64=1280428)
             -> cpu.logical_number: %!s(int64=4)
    Sample #12
        Values: []
        Attributes:
             -> thread.name: otelcol-ebpf-pr
             -> thread.id: %!s(int64=1280428)
             -> cpu.logical_number: %!s(int64=4)
    Sample #13
        Values: []
        Attributes:
             -> thread.name: otelcol-ebpf-pr
             -> thread.id: %!s(int64=1280428)
             -> cpu.logical_number: %!s(int64=4)
    Sample #14
        Values: []
        Attributes:
             -> thread.name: otelcol-ebpf-pr
             -> thread.id: %!s(int64=1280428)
             -> cpu.logical_number: %!s(int64=4)
    Sample #15
        Values: []
        Attributes:
             -> thread.name: otelcol-ebpf-pr
             -> thread.id: %!s(int64=1280428)
             -> cpu.logical_number: %!s(int64=4)
    Sample #16
        Values: []
        Attributes:
             -> thread.name: otelcol-ebpf-pr
             -> thread.id: %!s(int64=1280434)
             -> cpu.logical_number: %!s(int64=9)
    Sample #17
        Values: []
        Attributes:
             -> thread.name: otelcol-ebpf-pr
             -> thread.id: %!s(int64=1280436)
             -> cpu.logical_number: %!s(int64=20)
    Sample #18
        Values: []
        Attributes:
             -> thread.name: otelcol-ebpf-pr
             -> thread.id: %!s(int64=1280428)
             -> cpu.logical_number: %!s(int64=11)
    Sample #19
        Values: []
        Attributes:
             -> thread.name: otelcol-ebpf-pr
             -> thread.id: %!s(int64=1280428)
             -> cpu.logical_number: %!s(int64=4)
    Sample #20
        Values: []
        Attributes:
             -> thread.name: otelcol-ebpf-pr
             -> thread.id: %!s(int64=1280413)
             -> cpu.logical_number: %!s(int64=12)
    Sample #21
        Values: []
        Attributes:
             -> thread.name: otelcol-ebpf-pr
             -> thread.id: %!s(int64=1280424)
             -> cpu.logical_number: %!s(int64=10)
    Sample #22
        Values: []
        Attributes:
             -> thread.name: otelcol-ebpf-pr
             -> thread.id: %!s(int64=1280413)
             -> cpu.logical_number: %!s(int64=18)
ResourceProfiles #3
Resource SchemaURL: https://opentelemetry.io/schemas/1.37.0
Resource attributes:
     -> process.pid: Int(6917)
     -> process.executable.path: Str(/home/yunwei37/.nvm/versions/node/v22.22.0/lib/node_modules/@openai/codex/node_modules/@openai/codex-linux-x64/vendor/x86_64-unknown-linux-musl/bin/codex)
     -> process.executable.name: Str(codex)
ScopeProfiles #0
ScopeProfiles SchemaURL: https://opentelemetry.io/schemas/1.37.0
InstrumentationScope go.opentelemetry.io/ebpf-profiler v0.0.0
Profile #0
    Profile ID     : 
    Start time     : 2026-06-21 21:10:03.553330995 +0000 UTC
    DurationNano   : 5001096557
    Dropped attributes count: 0
    Sample #0
        Values: []
        Attributes:
             -> thread.name: sqlx-sqlite-wor
             -> thread.id: %!s(int64=1259652)
             -> cpu.logical_number: %!s(int64=17)
    Sample #1
        Values: []
        Attributes:
             -> thread.name: sqlx-sqlite-wor
             -> thread.id: %!s(int64=1259652)
             -> cpu.logical_number: %!s(int64=16)
    Sample #2
        Values: []
        Attributes:
             -> thread.name: tokio-rt-worker
             -> thread.id: %!s(int64=6932)
             -> cpu.logical_number: %!s(int64=4)
    Sample #3
        Values: []
        Attributes:
             -> thread.name: sqlx-sqlite-wor
             -> thread.id: %!s(int64=1234982)
             -> cpu.logical_number: %!s(int64=7)
    Sample #4
        Values: []
        Attributes:
             -> thread.name: sqlx-sqlite-wor
             -> thread.id: %!s(int64=1234982)
             -> cpu.logical_number: %!s(int64=7)
    Sample #5
        Values: []
        Attributes:
             -> thread.name: sqlx-sqlite-wor
             -> thread.id: %!s(int64=1259652)
             -> cpu.logical_number: %!s(int64=12)
    Sample #6
        Values: []
        Attributes:
             -> thread.name: sqlx-sqlite-wor
             -> thread.id: %!s(int64=1234982)
             -> cpu.logical_number: %!s(int64=8)
    Sample #7
        Values: []
        Attributes:
             -> thread.name: sqlx-sqlite-wor
             -> thread.id: %!s(int64=1234982)
             -> cpu.logical_number: %!s(int64=11)
    Sample #8
        Values: []
        Attributes:
             -> thread.name: tokio-rt-worker
             -> thread.id: %!s(int64=6928)
             -> cpu.logical_number: %!s(int64=1)
    Sample #9
        Values: []
        Attributes:
             -> thread.name: tokio-rt-worker
             -> thread.id: %!s(int64=6928)
             -> cpu.logical_number: %!s(int64=1)
    Sample #10
        Values: []
        Attributes:
             -> thread.name: sqlx-sqlite-wor
             -> thread.id: %!s(int64=1234982)
             -> cpu.logical_number: %!s(int64=11)
    Sample #11
        Values: []
        Attributes:
             -> thread.name: tokio-rt-worker
             -> thread.id: %!s(int64=6932)
             -> cpu.logical_number: %!s(int64=2)
    Sample #12
        Values: []
        Attributes:
             -> thread.name: sqlx-sqlite-wor
             -> thread.id: %!s(int64=1234982)
             -> cpu.logical_number: %!s(int64=7)
    Sample #13
        Values: []
        Attributes:
             -> thread.name: sqlx-sqlite-wor
             -> thread.id: %!s(int64=1259652)
             -> cpu.logical_number: %!s(int64=17)
	{"resource": {"service.instance.id": "fc2d5377-e0e4-4cae-95d4-13bb3c2947b8", "service.name": "otelcol-ebpf-profiler", "service.version": "dev"}, "otelcol.component.id": "debug", "otelcol.component.kind": "exporter", "otelcol.signal": "profiles"}
2026-06-21T14:10:13.557-0700	info	Profiles	{"resource": {"service.instance.id": "fc2d5377-e0e4-4cae-95d4-13bb3c2947b8", "service.name": "otelcol-ebpf-profiler", "service.version": "dev"}, "otelcol.component.id": "debug", "otelcol.component.kind": "exporter", "otelcol.signal": "profiles", "resource profiles": 8, "sample records": 79}
2026-06-21T14:10:13.558-0700	info	Mapping #0
    Memory start: 0
    Memory limit: 0
    File offset: 0
    File name: 0
    Attributes: []
Mapping #1
    Memory start: 0
    Memory limit: 0
    File offset: 0
    File name: 5
    Attributes: [1 2]
Mapping #2
    Memory start: 163840
    Memory limit: 1769472
    File offset: 163840
    File name: 21
    Attributes: [7]
Mapping #3
    Memory start: 3289088
    Memory limit: 10268672
    File offset: 3289088
    File name: 22
    Attributes: [9]
Mapping #4
    Memory start: 7925760
    Memory limit: 214024192
    File offset: 7925760
    File name: 23
    Attributes: [21]
Mapping #5
    Memory start: 4194304
    Memory limit: 19996672
    File offset: 0
    File name: 32
    Attributes: [32 33]
Mapping #6
    Memory start: 0
    Memory limit: 0
    File offset: 0
    File name: 120
    Attributes: [49 50]
Mapping #7
    Memory start: 0
    Memory limit: 0
    File offset: 0
    File name: 141
    Attributes: [51 52]
Mapping #8
    Memory start: 14893056
    Memory limit: 53129216
    File offset: 10698752
    File name: 288
    Attributes: [60 61]
Mapping #9
    Memory start: 14532608
    Memory limit: 21663744
    File offset: 14528512
    File name: 409
    Attributes: [72 73]
Location #0
    Mapping index: 0
    Address: 0
    Attributes: []
Location #1
    Mapping index: 1
    Address: 5534409
    Line #0
        Function index: 1
        Line: 0
        Column: 0
    Attributes: [3]
Location #2
    Mapping index: 1
    Address: 5150632
    Line #0
        Function index: 2
        Line: 0
        Column: 0
    Attributes: [3]
Location #3
    Mapping index: 1
    Address: 5151225
    Line #0
        Function index: 3
        Line: 0
        Column: 0
    Attributes: [3]
Location #4
    Mapping index: 1
    Address: 5146143
    Line #0
        Function index: 4
        Line: 0
        Column: 0
    Attributes: [3]
Location #5
    Mapping index: 1
    Address: 5149539
    Line #0
        Function index: 5
        Line: 0
        Column: 0
    Attributes: [3]
Location #6
    Mapping index: 1
    Address: 5149874
    Line #0
        Function index: 6
        Line: 0
        Column: 0
    Attributes: [3]
Location #7
    Mapping index: 1
    Address: 4461015
    Line #0
        Function index: 7
        Line: 0
        Column: 0
    Attributes: [3]
Location #8
    Mapping index: 1
    Address: 3573443
    Line #0
        Function index: 8
        Line: 0
        Column: 0
    Attributes: [3]
Location #9
    Mapping index: 1
    Address: 3163321
    Line #0
        Function index: 9
        Line: 0
        Column: 0
    Attributes: [3]
Location #10
    Mapping index: 2
    Address: 1199644
    Attributes: [8]
Location #11
    Mapping index: 3
    Address: 8064589
    Attributes: [8]
Location #12
    Mapping index: 3
    Address: 8065813
    Attributes: [8]
Location #13
    Mapping index: 3
    Address: 8072740
    Attributes: [8]
Location #14
    Mapping index: 3
    Address: 10031167
    Attributes: [8]
Location #15
    Mapping index: 2
    Address: 641699
    Attributes: [8]
Location #16
    Mapping index: 2
    Address: 1219691
    Attributes: [8]
Location #17
    Mapping index: 4
    Address: 148606042
    Attributes: [8]
Location #18
    Mapping index: 4
    Address: 148654630
    Attributes: [8]
Location #19
    Mapping index: 4
    Address: 148644513
    Attributes: [8]
Location #20
    Mapping index: 4
    Address: 148643250
    Attributes: [8]
Location #21
    Mapping index: 4
    Address: 148732715
    Attributes: [8]
Location #22
    Mapping index: 4
    Address: 148816496
    Attributes: [8]
Location #23
    Mapping index: 4
    Address: 177075946
    Attributes: [8]
Location #24
    Mapping index: 4
    Address: 177068943
    Attributes: [8]
Location #25
    Mapping index: 4
    Address: 176911476
    Attributes: [8]
Location #26
    Mapping index: 4
    Address: 176942810
    Attributes: [8]
Location #27
    Mapping index: 4
    Address: 177010934
    Attributes: [8]
Location #28
    Mapping index: 4
    Address: 176925211
    Attributes: [8]
Location #29
    Mapping index: 4
    Address: 176879057
    Attributes: [8]
Location #30
    Mapping index: 4
    Address: 176398003
    Attributes: [8]
Location #31
    Mapping index: 4
    Address: 213968242
    Attributes: [8]
Location #32
    Mapping index: 4
    Address: 181391147
    Attributes: [8]
Location #33
    Mapping index: 4
    Address: 181355455
    Attributes: [8]
Location #34
    Mapping index: 4
    Address: 181343931
    Attributes: [8]
Location #35
    Mapping index: 4
    Address: 181333758
    Attributes: [8]
Location #36
    Mapping index: 4
    Address: 181090943
    Attributes: [8]
Location #37
    Mapping index: 4
    Address: 173355690
    Attributes: [8]
Location #38
    Mapping index: 4
    Address: 173517285
    Attributes: [8]
Location #39
    Mapping index: 4
    Address: 148867165
    Attributes: [8]
Location #40
    Mapping index: 4
    Address: 181355125
    Attributes: [8]
Location #41
    Mapping index: 4
    Address: 213902177
    Attributes: [8]
Location #42
    Mapping index: 4
    Address: 213963917
    Attributes: [8]
Location #43
    Mapping index: 1
    Address: 12357817
    Line #0
        Function index: 10
        Line: 0
        Column: 0
    Attributes: [3]
Location #44
    Mapping index: 1
    Address: 6564251
    Line #0
        Function index: 11
        Line: 0
        Column: 0
    Attributes: [3]
Location #45
    Mapping index: 1
    Address: 6548654
    Line #0
        Function index: 12
        Line: 0
        Column: 0
    Attributes: [3]
Location #46
    Mapping index: 1
    Address: 6574650
    Line #0
        Function index: 13
        Line: 0
        Column: 0
    Attributes: [3]
Location #47
    Mapping index: 1
    Address: 6576780
    Line #0
        Function index: 14
        Line: 0
        Column: 0
    Attributes: [3]
Location #48
    Mapping index: 1
    Address: 3172050
    Line #0
        Function index: 15
        Line: 0
        Column: 0
    Attributes: [3]
Location #49
    Mapping index: 1
    Address: 22351549
    Line #0
        Function index: 16
        Line: 0
        Column: 0
    Attributes: [3]
Location #50
    Mapping index: 1
    Address: 298
    Line #0
        Function index: 17
        Line: 0
        Column: 0
    Attributes: [3]
Location #51
    Mapping index: 5
    Address: 4224397
    Line #0
        Function index: 18
        Line: 36
        Column: 0
    Attributes: [34]
Location #52
    Mapping index: 5
    Address: 4849036
    Line #0
        Function index: 19
        Line: 67
        Column: 0
    Attributes: [34]
Location #53
    Mapping index: 5
    Address: 4849125
    Line #0
        Function index: 20
        Line: 87
        Column: 0
    Attributes: [34]
Location #54
    Mapping index: 5
    Address: 4852909
    Line #0
        Function index: 21
        Line: 1
        Column: 0
    Attributes: [34]
Location #55
    Mapping index: 5
    Address: 17802355
    Line #0
        Function index: 22
        Line: 95
        Column: 0
    Attributes: [34]
Location #56
    Mapping index: 5
    Address: 18185741
    Line #0
        Function index: 23
        Line: 1420
        Column: 0
    Attributes: [34]
Location #57
    Mapping index: 5
    Address: 18185389
    Line #0
        Function index: 24
        Line: 1399
        Column: 0
    Attributes: [34]
Location #58
    Mapping index: 5
    Address: 19489045
    Line #0
        Function index: 25
        Line: 547
        Column: 0
    Attributes: [34]
Location #59
    Mapping index: 5
    Address: 19380040
    Line #0
        Function index: 26
        Line: 449
        Column: 0
    Attributes: [34]
Location #60
    Mapping index: 5
    Address: 19373291
    Line #0
        Function index: 27
        Line: 222
        Column: 0
    Attributes: [34]
Location #61
    Mapping index: 5
    Address: 19422167
    Line #0
        Function index: 28
        Line: 384
        Column: 0
    Attributes: [34]
Location #62
    Mapping index: 5
    Address: 19432468
    Line #0
        Function index: 29
        Line: 606
        Column: 0
    Attributes: [34]
Location #63
    Mapping index: 5
    Address: 18445717
    Line #0
        Function index: 30
        Line: 403
        Column: 0
    Attributes: [34]
Location #64
    Mapping index: 5
    Address: 18443691
    Line #0
        Function index: 31
        Line: 378
        Column: 0
    Attributes: [34]
Location #65
    Mapping index: 5
    Address: 18444583
    Line #0
        Function index: 32
        Line: 407
        Column: 0
    Attributes: [34]
Location #66
    Mapping index: 5
    Address: 19428093
    Line #0
        Function index: 33
        Line: 552
        Column: 0
    Attributes: [34]
Location #67
    Mapping index: 5
    Address: 19501466
    Line #0
        Function index: 34
        Line: 57
        Column: 0
    Attributes: [34]
Location #68
    Mapping index: 5
    Address: 19500935
    Line #0
        Function index: 35
        Line: 47
        Column: 0
    Attributes: [34]
Location #69
    Mapping index: 5
    Address: 4740960
    Line #0
        Function index: 36
        Line: 1694
        Column: 0
    Attributes: [34]
Location #70
    Mapping index: 1
    Address: 8746690
    Line #0
        Function index: 37
        Line: 0
        Column: 0
    Attributes: [3]
Location #71
    Mapping index: 1
    Address: 8763457
    Line #0
        Function index: 38
        Line: 0
        Column: 0
    Attributes: [3]
Location #72
    Mapping index: 1
    Address: 8766287
    Line #0
        Function index: 39
        Line: 0
        Column: 0
    Attributes: [3]
Location #73
    Mapping index: 1
    Address: 8697196
    Line #0
        Function index: 40
        Line: 0
        Column: 0
    Attributes: [3]
Location #74
    Mapping index: 1
    Address: 8697499
    Line #0
        Function index: 41
        Line: 0
        Column: 0
    Attributes: [3]
Location #75
    Mapping index: 1
    Address: 3171570
    Line #0
        Function index: 15
        Line: 0
        Column: 0
    Attributes: [3]
Location #76
    Mapping index: 5
    Address: 4849289
    Line #0
        Function index: 42
        Line: 97
        Column: 0
    Attributes: [34]
Location #77
    Mapping index: 5
    Address: 4838700
    Line #0
        Function index: 43
        Line: 132
        Column: 0
    Attributes: [34]
Location #78
    Mapping index: 5
    Address: 5293200
    Line #0
        Function index: 44
        Line: 311
        Column: 0
    Attributes: [34]
Location #79
    Mapping index: 5
    Address: 18437234
    Line #0
        Function index: 45
        Line: 107
        Column: 0
    Attributes: [34]
Location #80
    Mapping index: 5
    Address: 19426823
    Line #0
        Function index: 33
        Line: 504
        Column: 0
    Attributes: [34]
Location #81
    Mapping index: 5
    Address: 4633688
    Line #0
        Function index: 46
        Line: 383
        Column: 0
    Attributes: [34]
Location #82
    Mapping index: 5
    Address: 4632847
    Line #0
        Function index: 47
        Line: 225
        Column: 0
    Attributes: [34]
Location #83
    Mapping index: 5
    Address: 4375761
    Line #0
        Function index: 48
        Line: 924
        Column: 0
    Attributes: [34]
Location #84
    Mapping index: 5
    Address: 4370160
    Line #0
        Function index: 49
        Line: 248
        Column: 0
    Attributes: [34]
Location #85
    Mapping index: 5
    Address: 4369220
    Line #0
        Function index: 50
        Line: 222
        Column: 0
    Attributes: [34]
Location #86
    Mapping index: 5
    Address: 4378642
    Line #0
        Function index: 51
        Line: 1207
        Column: 0
    Attributes: [34]
Location #87
    Mapping index: 5
    Address: 4362713
    Line #0
        Function index: 52
        Line: 1542
        Column: 0
    Attributes: [34]
Location #88
    Mapping index: 5
    Address: 4733225
    Line #0
        Function index: 53
        Line: 517
        Column: 0
    Attributes: [34]
Location #89
    Mapping index: 5
    Address: 4361840
    Line #0
        Function index: 54
        Line: 1523
        Column: 0
    Attributes: [34]
Location #90
    Mapping index: 5
    Address: 4361284
    Line #0
        Function index: 55
        Line: 1373
        Column: 0
    Attributes: [34]
Location #91
    Mapping index: 5
    Address: 18903456
    Line #0
        Function index: 56
        Line: 139
        Column: 0
    Attributes: [34]
Location #92
    Mapping index: 5
    Address: 18901885
    Line #0
        Function index: 57
        Line: 114
        Column: 0
    Attributes: [34]
Location #93
    Mapping index: 5
    Address: 18902116
    Line #0
        Function index: 57
        Line: 124
        Column: 0
    Attributes: [34]
Location #94
    Mapping index: 5
    Address: 18900932
    Line #0
        Function index: 58
        Line: 158
        Column: 0
    Attributes: [34]
Location #95
    Mapping index: 5
    Address: 18958678
    Line #0
        Function index: 59
        Line: 230
        Column: 0
    Attributes: [34]
Location #96
    Mapping index: 5
    Address: 18957892
    Line #0
        Function index: 60
        Line: 182
        Column: 0
    Attributes: [34]
Location #97
    Mapping index: 5
    Address: 18959142
    Line #0
        Function index: 61
        Line: 37
        Column: 0
    Attributes: [34]
Location #98
    Mapping index: 5
    Address: 19372701
    Line #0
        Function index: 27
        Line: 187
        Column: 0
    Attributes: [34]
Location #99
    Mapping index: 1
    Address: 8119178
    Line #0
        Function index: 62
        Line: 0
        Column: 0
    Attributes: [3]
Location #100
    Mapping index: 1
    Address: 6547874
    Line #0
        Function index: 63
        Line: 0
        Column: 0
    Attributes: [3]
Location #101
    Mapping index: 1
    Address: 6574471
    Line #0
        Function index: 13
        Line: 0
        Column: 0
    Attributes: [3]
Location #102
    Mapping index: 5
    Address: 18180389
    Line #0
        Function index: 64
        Line: 1082
        Column: 0
    Attributes: [34]
Location #103
    Mapping index: 5
    Address: 19544146
    Line #0
        Function index: 65
        Line: 1110
        Column: 0
    Attributes: [34]
Location #104
    Mapping index: 5
    Address: 18456436
    Line #0
        Function index: 66
        Line: 55
        Column: 0
    Attributes: [34]
Location #105
    Mapping index: 5
    Address: 18237351
    Line #0
        Function index: 67
        Line: 45
        Column: 0
    Attributes: [34]
Location #106
    Mapping index: 5
    Address: 18441747
    Line #0
        Function index: 31
        Line: 283
        Column: 0
    Attributes: [34]
Location #107
    Mapping index: 5
    Address: 4312751
    Line #0
        Function index: 68
        Line: 934
        Column: 0
    Attributes: [34]
Location #108
    Mapping index: 5
    Address: 4699204
    Line #0
        Function index: 69
        Line: 1066
        Column: 0
    Attributes: [34]
Location #109
    Mapping index: 5
    Address: 4315716
    Line #0
        Function index: 70
        Line: 1747
        Column: 0
    Attributes: [34]
Location #110
    Mapping index: 5
    Address: 18932397
    Line #0
        Function index: 71
        Line: 985
        Column: 0
    Attributes: [34]
Location #111
    Mapping index: 5
    Address: 18935371
    Line #0
        Function index: 72
        Line: 1191
        Column: 0
    Attributes: [34]
Location #112
    Mapping index: 5
    Address: 18936615
    Line #0
        Function index: 73
        Line: 1246
        Column: 0
    Attributes: [34]
Location #113
    Mapping index: 5
    Address: 18958365
    Line #0
        Function index: 59
        Line: 209
        Column: 0
    Attributes: [34]
Location #114
    Mapping index: 1
    Address: 8605584
    Line #0
        Function index: 74
        Line: 0
        Column: 0
    Attributes: [3]
Location #115
    Mapping index: 1
    Address: 6564296
    Line #0
        Function index: 11
        Line: 0
        Column: 0
    Attributes: [3]
Location #116
    Mapping index: 5
    Address: 4378626
    Line #0
        Function index: 51
        Line: 1203
        Column: 0
    Attributes: [34]
Location #117
    Mapping index: 5
    Address: 18907076
    Line #0
        Function index: 75
        Line: 219
        Column: 0
    Attributes: [34]
Location #118
    Mapping index: 5
    Address: 18901419
    Line #0
        Function index: 57
        Line: 101
        Column: 0
    Attributes: [34]
Location #119
    Mapping index: 5
    Address: 18904438
    Line #0
        Function index: 56
        Line: 157
        Column: 0
    Attributes: [34]
Location #120
    Mapping index: 5
    Address: 18907295
    Line #0
        Function index: 75
        Line: 219
        Column: 0
    Attributes: [34]
Location #121
    Mapping index: 1
    Address: 8124775
    Line #0
        Function index: 76
        Line: 0
        Column: 0
    Attributes: [3]
Location #122
    Mapping index: 1
    Address: 8605260
    Line #0
        Function index: 77
        Line: 0
        Column: 0
    Attributes: [3]
Location #123
    Mapping index: 1
    Address: 8605422
    Line #0
        Function index: 78
        Line: 0
        Column: 0
    Attributes: [3]
Location #124
    Mapping index: 1
    Address: 6564233
    Line #0
        Function index: 11
        Line: 0
        Column: 0
    Attributes: [3]
Location #125
    Mapping index: 5
    Address: 18933480
    Line #0
        Function index: 71
        Line: 1003
        Column: 0
    Attributes: [34]
Location #126
    Mapping index: 5
    Address: 18907271
    Line #0
        Function index: 75
        Line: 219
        Column: 0
    Attributes: [34]
Location #127
    Mapping index: 5
    Address: 4742722
    Line #0
        Function index: 79
        Line: 83
        Column: 0
    Attributes: [34]
Location #128
    Mapping index: 5
    Address: 18932437
    Line #0
        Function index: 71
        Line: 985
        Column: 0
    Attributes: [34]
Location #129
    Mapping index: 6
    Address: 1212505
    Line #0
        Function index: 80
        Line: 0
        Column: 0
    Attributes: [3]
Location #130
    Mapping index: 6
    Address: 2084926
    Line #0
        Function index: 81
        Line: 0
        Column: 0
    Attributes: [3]
Location #131
    Mapping index: 6
    Address: 3655742
    Line #0
        Function index: 82
        Line: 0
        Column: 0
    Attributes: [3]
Location #132
    Mapping index: 6
    Address: 3655927
    Line #0
        Function index: 83
        Line: 0
        Column: 0
    Attributes: [3]
Location #133
    Mapping index: 6
    Address: 2251423
    Line #0
        Function index: 84
        Line: 0
        Column: 0
    Attributes: [3]
Location #134
    Mapping index: 6
    Address: 2278901
    Line #0
        Function index: 85
        Line: 0
        Column: 0
    Attributes: [3]
Location #135
    Mapping index: 6
    Address: 2286898
    Line #0
        Function index: 86
        Line: 0
        Column: 0
    Attributes: [3]
Location #136
    Mapping index: 6
    Address: 3462881
    Line #0
        Function index: 87
        Line: 0
        Column: 0
    Attributes: [3]
Location #137
    Mapping index: 6
    Address: 3531854
    Line #0
        Function index: 88
        Line: 0
        Column: 0
    Attributes: [3]
Location #138
    Mapping index: 6
    Address: 2777330
    Line #0
        Function index: 89
        Line: 0
        Column: 0
    Attributes: [3]
Location #139
    Mapping index: 6
    Address: 2778785
    Line #0
        Function index: 90
        Line: 0
        Column: 0
    Attributes: [3]
Location #140
    Mapping index: 6
    Address: 2787302
    Line #0
        Function index: 91
        Line: 0
        Column: 0
    Attributes: [3]
Location #141
    Mapping index: 6
    Address: 3793480
    Line #0
        Function index: 92
        Line: 0
        Column: 0
    Attributes: [3]
Location #142
    Mapping index: 6
    Address: 3821165
    Line #0
        Function index: 93
        Line: 0
        Column: 0
    Attributes: [3]
Location #143
    Mapping index: 6
    Address: 3300401
    Line #0
        Function index: 94
        Line: 0
        Column: 0
    Attributes: [3]
Location #144
    Mapping index: 6
    Address: 3303032
    Line #0
        Function index: 95
        Line: 0
        Column: 0
    Attributes: [3]
Location #145
    Mapping index: 6
    Address: 3303550
    Line #0
        Function index: 96
        Line: 0
        Column: 0
    Attributes: [3]
Location #146
    Mapping index: 6
    Address: 3302883
    Line #0
        Function index: 97
        Line: 0
        Column: 0
    Attributes: [3]
Location #147
    Mapping index: 6
    Address: 3404510
    Line #0
        Function index: 98
        Line: 0
        Column: 0
    Attributes: [3]
Location #148
    Mapping index: 6
    Address: 143598
    Line #0
        Function index: 99
        Line: 0
        Column: 0
    Attributes: [3]
Location #149
    Mapping index: 7
    Address: 386631
    Line #0
        Function index: 100
        Line: 0
        Column: 0
    Attributes: [3]
Location #150
    Mapping index: 7
    Address: 111268
    Line #0
        Function index: 101
        Line: 0
        Column: 0
    Attributes: [3]
Location #151
    Mapping index: 7
    Address: 94491
    Line #0
        Function index: 102
        Line: 0
        Column: 0
    Attributes: [3]
Location #152
    Mapping index: 7
    Address: 128525
    Line #0
        Function index: 103
        Line: 0
        Column: 0
    Attributes: [3]
Location #153
    Mapping index: 7
    Address: 108959
    Line #0
        Function index: 104
        Line: 0
        Column: 0
    Attributes: [3]
Location #154
    Mapping index: 7
    Address: 11920
    Line #0
        Function index: 105
        Line: 0
        Column: 0
    Attributes: [3]
Location #155
    Mapping index: 7
    Address: 17403
    Line #0
        Function index: 106
        Line: 0
        Column: 0
    Attributes: [3]
Location #156
    Mapping index: 7
    Address: 17640
    Line #0
        Function index: 107
        Line: 0
        Column: 0
    Attributes: [3]
Location #157
    Mapping index: 1
    Address: 8793251
    Line #0
        Function index: 108
        Line: 0
        Column: 0
    Attributes: [3]
Location #158
    Mapping index: 1
    Address: 3167594
    Line #0
        Function index: 15
        Line: 0
        Column: 0
    Attributes: [3]
Location #159
    Mapping index: 1
    Address: 5530775
    Line #0
        Function index: 109
        Line: 0
        Column: 0
    Attributes: [3]
Location #160
    Mapping index: 1
    Address: 5531571
    Line #0
        Function index: 110
        Line: 0
        Column: 0
    Attributes: [3]
Location #161
    Mapping index: 1
    Address: 4027270
    Line #0
        Function index: 111
        Line: 0
        Column: 0
    Attributes: [3]
Location #162
    Mapping index: 1
    Address: 4029542
    Line #0
        Function index: 112
        Line: 0
        Column: 0
    Attributes: [3]
Location #163
    Mapping index: 1
    Address: 7899431
    Line #0
        Function index: 113
        Line: 0
        Column: 0
    Attributes: [3]
Location #164
    Mapping index: 1
    Address: 7485770
    Line #0
        Function index: 114
        Line: 0
        Column: 0
    Attributes: [3]
Location #165
    Mapping index: 1
    Address: 7490448
    Line #0
        Function index: 115
        Line: 0
        Column: 0
    Attributes: [3]
Location #166
    Mapping index: 1
    Address: 7494718
    Line #0
        Function index: 116
        Line: 0
        Column: 0
    Attributes: [3]
Location #167
    Mapping index: 1
    Address: 7495421
    Line #0
        Function index: 117
        Line: 0
        Column: 0
    Attributes: [3]
Location #168
    Mapping index: 1
    Address: 7512653
    Line #0
        Function index: 118
        Line: 0
        Column: 0
    Attributes: [3]
Location #169
    Mapping index: 1
    Address: 7514204
    Line #0
        Function index: 119
        Line: 0
        Column: 0
    Attributes: [3]
Location #170
    Mapping index: 1
    Address: 7518008
    Line #0
        Function index: 120
        Line: 0
        Column: 0
    Attributes: [3]
Location #171
    Mapping index: 1
    Address: 7520781
    Line #0
        Function index: 121
        Line: 0
        Column: 0
    Attributes: [3]
Location #172
    Mapping index: 1
    Address: 8032281
    Line #0
        Function index: 122
        Line: 0
        Column: 0
    Attributes: [3]
Location #173
    Mapping index: 1
    Address: 8034836
    Line #0
        Function index: 123
        Line: 0
        Column: 0
    Attributes: [3]
Location #174
    Mapping index: 1
    Address: 8276607
    Line #0
        Function index: 124
        Line: 0
        Column: 0
    Attributes: [3]
Location #175
    Mapping index: 1
    Address: 8278283
    Line #0
        Function index: 125
        Line: 0
        Column: 0
    Attributes: [3]
Location #176
    Mapping index: 1
    Address: 7986048
    Line #0
        Function index: 126
        Line: 0
        Column: 0
    Attributes: [3]
Location #177
    Mapping index: 6
    Address: 91085
    Line #0
        Function index: 127
        Line: 0
        Column: 0
    Attributes: [3]
Location #178
    Mapping index: 6
    Address: 20576
    Line #0
        Function index: 128
        Line: 0
        Column: 0
    Attributes: [3]
Location #179
    Mapping index: 6
    Address: 1208489
    Line #0
        Function index: 129
        Line: 0
        Column: 0
    Attributes: [3]
Location #180
    Mapping index: 6
    Address: 2464375
    Line #0
        Function index: 130
        Line: 0
        Column: 0
    Attributes: [3]
Location #181
    Mapping index: 6
    Address: 3127201
    Line #0
        Function index: 131
        Line: 0
        Column: 0
    Attributes: [3]
Location #182
    Mapping index: 6
    Address: 503152
    Line #0
        Function index: 132
        Line: 0
        Column: 0
    Attributes: [3]
Location #183
    Mapping index: 6
    Address: 3767033
    Line #0
        Function index: 133
        Line: 0
        Column: 0
    Attributes: [3]
Location #184
    Mapping index: 6
    Address: 3262612
    Line #0
        Function index: 134
        Line: 0
        Column: 0
    Attributes: [3]
Location #185
    Mapping index: 6
    Address: 3788265
    Line #0
        Function index: 135
        Line: 0
        Column: 0
    Attributes: [3]
Location #186
    Mapping index: 6
    Address: 3258906
    Line #0
        Function index: 136
        Line: 0
        Column: 0
    Attributes: [3]
Location #187
    Mapping index: 6
    Address: 3802611
    Line #0
        Function index: 137
        Line: 0
        Column: 0
    Attributes: [3]
Location #188
    Mapping index: 6
    Address: 3261743
    Line #0
        Function index: 138
        Line: 0
        Column: 0
    Attributes: [3]
Location #189
    Mapping index: 6
    Address: 3263092
    Line #0
        Function index: 139
        Line: 0
        Column: 0
    Attributes: [3]
Location #190
    Mapping index: 6
    Address: 3261161
    Line #0
        Function index: 140
        Line: 0
        Column: 0
    Attributes: [3]
Location #191
    Mapping index: 6
    Address: 3349809
    Line #0
        Function index: 141
        Line: 0
        Column: 0
    Attributes: [3]
Location #192
    Mapping index: 6
    Address: 3365030
    Line #0
        Function index: 142
        Line: 0
        Column: 0
    Attributes: [3]
Location #193
    Mapping index: 6
    Address: 3384491
    Line #0
        Function index: 143
        Line: 0
        Column: 0
    Attributes: [3]
Location #194
    Mapping index: 6
    Address: 133833
    Line #0
        Function index: 144
        Line: 0
        Column: 0
    Attributes: [3]
Location #195
    Mapping index: 7
    Address: 164071
    Line #0
        Function index: 145
        Line: 0
        Column: 0
    Attributes: [3]
Location #196
    Mapping index: 7
    Address: 164351
    Line #0
        Function index: 146
        Line: 0
        Column: 0
    Attributes: [3]
Location #197
    Mapping index: 7
    Address: 448181
    Line #0
        Function index: 147
        Line: 0
        Column: 0
    Attributes: [3]
Location #198
    Mapping index: 7
    Address: 197815
    Line #0
        Function index: 148
        Line: 0
        Column: 0
    Attributes: [3]
Location #199
    Mapping index: 7
    Address: 96489
    Line #0
        Function index: 102
        Line: 0
        Column: 0
    Attributes: [3]
Location #200
    Mapping index: 6
    Address: 3533897
    Line #0
        Function index: 149
        Line: 0
        Column: 0
    Attributes: [3]
Location #201
    Mapping index: 6
    Address: 1984823
    Line #0
        Function index: 150
        Line: 0
        Column: 0
    Attributes: [3]
Location #202
    Mapping index: 6
    Address: 1985219
    Line #0
        Function index: 151
        Line: 0
        Column: 0
    Attributes: [3]
Location #203
    Mapping index: 6
    Address: 340960
    Line #0
        Function index: 152
        Line: 0
        Column: 0
    Attributes: [3]
Location #204
    Mapping index: 6
    Address: 3789863
    Line #0
        Function index: 153
        Line: 0
        Column: 0
    Attributes: [3]
Location #205
    Mapping index: 6
    Address: 3804566
    Line #0
        Function index: 154
        Line: 0
        Column: 0
    Attributes: [3]
Location #206
    Mapping index: 6
    Address: 3449618
    Line #0
        Function index: 155
        Line: 0
        Column: 0
    Attributes: [3]
Location #207
    Mapping index: 6
    Address: 3449237
    Line #0
        Function index: 156
        Line: 0
        Column: 0
    Attributes: [3]
Location #208
    Mapping index: 6
    Address: 3409384
    Line #0
        Function index: 157
        Line: 0
        Column: 0
    Attributes: [3]
Location #209
    Mapping index: 6
    Address: 136963
    Line #0
        Function index: 158
        Line: 0
        Column: 0
    Attributes: [3]
Location #210
    Mapping index: 7
    Address: 590684
    Line #0
        Function index: 159
        Line: 0
        Column: 0
    Attributes: [3]
Location #211
    Mapping index: 7
    Address: 15407
    Line #0
        Function index: 105
        Line: 0
        Column: 0
    Attributes: [3]
Location #212
    Mapping index: 1
    Address: 7341456
    Line #0
        Function index: 160
        Line: 0
        Column: 0
    Attributes: [3]
Location #213
    Mapping index: 1
    Address: 7342494
    Line #0
        Function index: 161
        Line: 0
        Column: 0
    Attributes: [3]
Location #214
    Mapping index: 1
    Address: 7787935
    Line #0
        Function index: 162
        Line: 0
        Column: 0
    Attributes: [3]
Location #215
    Mapping index: 1
    Address: 7788988
    Line #0
        Function index: 163
        Line: 0
        Column: 0
    Attributes: [3]
Location #216
    Mapping index: 1
    Address: 7812671
    Line #0
        Function index: 164
        Line: 0
        Column: 0
    Attributes: [3]
Location #217
    Mapping index: 1
    Address: 7813868
    Line #0
        Function index: 165
        Line: 0
        Column: 0
    Attributes: [3]
Location #218
    Mapping index: 1
    Address: 7815089
    Line #0
        Function index: 166
        Line: 0
        Column: 0
    Attributes: [3]
Location #219
    Mapping index: 1
    Address: 4005607
    Line #0
        Function index: 167
        Line: 0
        Column: 0
    Attributes: [3]
Location #220
    Mapping index: 1
    Address: 22379348
    Line #0
        Function index: 168
        Line: 0
        Column: 0
    Attributes: [3]
Location #221
    Mapping index: 1
    Address: 2998
    Line #0
        Function index: 169
        Line: 0
        Column: 0
    Attributes: [3]
Location #222
    Mapping index: 1
    Address: 4005048
    Line #0
        Function index: 167
        Line: 0
        Column: 0
    Attributes: [3]
Location #223
    Mapping index: 1
    Address: 7772906
    Line #0
        Function index: 170
        Line: 0
        Column: 0
    Attributes: [3]
Location #224
    Mapping index: 1
    Address: 7775178
    Line #0
        Function index: 171
        Line: 0
        Column: 0
    Attributes: [3]
Location #225
    Mapping index: 1
    Address: 7776501
    Line #0
        Function index: 172
        Line: 0
        Column: 0
    Attributes: [3]
Location #226
    Mapping index: 1
    Address: 7777002
    Line #0
        Function index: 173
        Line: 0
        Column: 0
    Attributes: [3]
Location #227
    Mapping index: 1
    Address: 7778573
    Line #0
        Function index: 174
        Line: 0
        Column: 0
    Attributes: [3]
Location #228
    Mapping index: 1
    Address: 7779061
    Line #0
        Function index: 175
        Line: 0
        Column: 0
    Attributes: [3]
Location #229
    Mapping index: 1
    Address: 7779369
    Line #0
        Function index: 176
        Line: 0
        Column: 0
    Attributes: [3]
Location #230
    Mapping index: 1
    Address: 7959195
    Line #0
        Function index: 177
        Line: 0
        Column: 0
    Attributes: [3]
Location #231
    Mapping index: 1
    Address: 7965346
    Line #0
        Function index: 178
        Line: 0
        Column: 0
    Attributes: [3]
Location #232
    Mapping index: 1
    Address: 7971274
    Line #0
        Function index: 179
        Line: 0
        Column: 0
    Attributes: [3]
Location #233
    Mapping index: 1
    Address: 7971650
    Line #0
        Function index: 180
        Line: 0
        Column: 0
    Attributes: [3]
Location #234
    Mapping index: 1
    Address: 7980074
    Line #0
        Function index: 181
        Line: 0
        Column: 0
    Attributes: [3]
Location #235
    Mapping index: 1
    Address: 7836874
    Line #0
        Function index: 182
        Line: 0
        Column: 0
    Attributes: [3]
Location #236
    Mapping index: 1
    Address: 3169500
    Line #0
        Function index: 15
        Line: 0
        Column: 0
    Attributes: [3]
Location #237
    Mapping index: 6
    Address: 1212510
    Line #0
        Function index: 80
        Line: 0
        Column: 0
    Attributes: [3]
Location #238
    Mapping index: 6
    Address: 3534442
    Line #0
        Function index: 183
        Line: 0
        Column: 0
    Attributes: [3]
Location #239
    Mapping index: 6
    Address: 3257779
    Line #0
        Function index: 184
        Line: 0
        Column: 0
    Attributes: [3]
Location #240
    Mapping index: 6
    Address: 3787016
    Line #0
        Function index: 185
        Line: 0
        Column: 0
    Attributes: [3]
Location #241
    Mapping index: 6
    Address: 3269438
    Line #0
        Function index: 186
        Line: 0
        Column: 0
    Attributes: [3]
Location #242
    Mapping index: 6
    Address: 3816183
    Line #0
        Function index: 187
        Line: 0
        Column: 0
    Attributes: [3]
Location #243
    Mapping index: 6
    Address: 3818402
    Line #0
        Function index: 188
        Line: 0
        Column: 0
    Attributes: [3]
Location #244
    Mapping index: 6
    Address: 3263482
    Line #0
        Function index: 189
        Line: 0
        Column: 0
    Attributes: [3]
Location #245
    Mapping index: 6
    Address: 3263944
    Line #0
        Function index: 190
        Line: 0
        Column: 0
    Attributes: [3]
Location #246
    Mapping index: 6
    Address: 3385858
    Line #0
        Function index: 191
        Line: 0
        Column: 0
    Attributes: [3]
Location #247
    Mapping index: 6
    Address: 1277727
    Line #0
        Function index: 192
        Line: 0
        Column: 0
    Attributes: [3]
Location #248
    Mapping index: 6
    Address: 140289
    Line #0
        Function index: 193
        Line: 0
        Column: 0
    Attributes: [3]
Location #249
    Mapping index: 7
    Address: 180712
    Line #0
        Function index: 194
        Line: 0
        Column: 0
    Attributes: [3]
Location #250
    Mapping index: 7
    Address: 194953
    Line #0
        Function index: 195
        Line: 0
        Column: 0
    Attributes: [3]
Location #251
    Mapping index: 7
    Address: 199922
    Line #0
        Function index: 196
        Line: 0
        Column: 0
    Attributes: [3]
Location #252
    Mapping index: 7
    Address: 77503
    Line #0
        Function index: 197
        Line: 0
        Column: 0
    Attributes: [3]
Location #253
    Mapping index: 7
    Address: 102649
    Line #0
        Function index: 198
        Line: 0
        Column: 0
    Attributes: [3]
Location #254
    Mapping index: 7
    Address: 133644
    Line #0
        Function index: 199
        Line: 0
        Column: 0
    Attributes: [3]
Location #255
    Mapping index: 7
    Address: 8615
    Line #0
        Function index: 200
        Line: 0
        Column: 0
    Attributes: [3]
Location #256
    Mapping index: 7
    Address: 8980
    Line #0
        Function index: 201
        Line: 0
        Column: 0
    Attributes: [3]
Location #257
    Mapping index: 7
    Address: 9117
    Line #0
        Function index: 202
        Line: 0
        Column: 0
    Attributes: [3]
Location #258
    Mapping index: 1
    Address: 8671657
    Line #0
        Function index: 203
        Line: 0
        Column: 0
    Attributes: [3]
Location #259
    Mapping index: 1
    Address: 8672292
    Line #0
        Function index: 204
        Line: 0
        Column: 0
    Attributes: [3]
Location #260
    Mapping index: 1
    Address: 4447452
    Line #0
        Function index: 205
        Line: 0
        Column: 0
    Attributes: [3]
Location #261
    Mapping index: 1
    Address: 4258140
    Line #0
        Function index: 206
        Line: 0
        Column: 0
    Attributes: [3]
Location #262
    Mapping index: 1
    Address: 4259043
    Line #0
        Function index: 207
        Line: 0
        Column: 0
    Attributes: [3]
Location #263
    Mapping index: 1
    Address: 4346454
    Line #0
        Function index: 208
        Line: 0
        Column: 0
    Attributes: [3]
Location #264
    Mapping index: 1
    Address: 3495015
    Line #0
        Function index: 209
        Line: 0
        Column: 0
    Attributes: [3]
Location #265
    Mapping index: 1
    Address: 22380821
    Line #0
        Function index: 210
        Line: 0
        Column: 0
    Attributes: [3]
Location #266
    Mapping index: 1
    Address: 22351561
    Line #0
        Function index: 16
        Line: 0
        Column: 0
    Attributes: [3]
Location #267
    Mapping index: 2
    Address: 1160444
    Attributes: [8]
Location #268
    Mapping index: 6
    Address: 2599808
    Line #0
        Function index: 211
        Line: 0
        Column: 0
    Attributes: [3]
Location #269
    Mapping index: 6
    Address: 2454080
    Line #0
        Function index: 212
        Line: 0
        Column: 0
    Attributes: [3]
Location #270
    Mapping index: 6
    Address: 3069520
    Line #0
        Function index: 213
        Line: 0
        Column: 0
    Attributes: [3]
Location #271
    Mapping index: 6
    Address: 434484
    Line #0
        Function index: 214
        Line: 0
        Column: 0
    Attributes: [3]
Location #272
    Mapping index: 6
    Address: 3767396
    Line #0
        Function index: 215
        Line: 0
        Column: 0
    Attributes: [3]
Location #273
    Mapping index: 6
    Address: 3787042
    Line #0
        Function index: 185
        Line: 0
        Column: 0
    Attributes: [3]
Location #274
    Mapping index: 6
    Address: 3817394
    Line #0
        Function index: 188
        Line: 0
        Column: 0
    Attributes: [3]
Location #275
    Mapping index: 6
    Address: 3819289
    Line #0
        Function index: 216
        Line: 0
        Column: 0
    Attributes: [3]
Location #276
    Mapping index: 6
    Address: 1231298
    Line #0
        Function index: 217
        Line: 0
        Column: 0
    Attributes: [3]
Location #277
    Mapping index: 6
    Address: 25862
    Line #0
        Function index: 218
        Line: 0
        Column: 0
    Attributes: [3]
Location #278
    Mapping index: 1
    Address: 22447056
    Line #0
        Function index: 219
        Line: 0
        Column: 0
    Attributes: [3]
Location #279
    Mapping index: 1
    Address: 7325487
    Line #0
        Function index: 220
        Line: 0
        Column: 0
    Attributes: [3]
Location #280
    Mapping index: 1
    Address: 7329806
    Line #0
        Function index: 221
        Line: 0
        Column: 0
    Attributes: [3]
Location #281
    Mapping index: 1
    Address: 7485428
    Line #0
        Function index: 114
        Line: 0
        Column: 0
    Attributes: [3]
Location #282
    Mapping index: 1
    Address: 7515854
    Line #0
        Function index: 222
        Line: 0
        Column: 0
    Attributes: [3]
Location #283
    Mapping index: 1
    Address: 7517654
    Line #0
        Function index: 223
        Line: 0
        Column: 0
    Attributes: [3]
Location #284
    Mapping index: 1
    Address: 8080923
    Line #0
        Function index: 224
        Line: 0
        Column: 0
    Attributes: [3]
Location #285
    Mapping index: 1
    Address: 8090558
    Line #0
        Function index: 225
        Line: 0
        Column: 0
    Attributes: [3]
Location #286
    Mapping index: 1
    Address: 8100730
    Line #0
        Function index: 226
        Line: 0
        Column: 0
    Attributes: [3]
Location #287
    Mapping index: 1
    Address: 8814923
    Line #0
        Function index: 227
        Line: 0
        Column: 0
    Attributes: [3]
Location #288
    Mapping index: 1
    Address: 5208766
    Line #0
        Function index: 228
        Line: 0
        Column: 0
    Attributes: [3]
Location #289
    Mapping index: 1
    Address: 5210150
    Line #0
        Function index: 229
        Line: 0
        Column: 0
    Attributes: [3]
Location #290
    Mapping index: 1
    Address: 5211277
    Line #0
        Function index: 230
        Line: 0
        Column: 0
    Attributes: [3]
Location #291
    Mapping index: 1
    Address: 4267939
    Line #0
        Function index: 231
        Line: 0
        Column: 0
    Attributes: [3]
Location #292
    Mapping index: 1
    Address: 4268819
    Line #0
        Function index: 232
        Line: 0
        Column: 0
    Attributes: [3]
Location #293
    Mapping index: 1
    Address: 4269821
    Line #0
        Function index: 233
        Line: 0
        Column: 0
    Attributes: [3]
Location #294
    Mapping index: 1
    Address: 22377039
    Line #0
        Function index: 234
        Line: 0
        Column: 0
    Attributes: [3]
Location #295
    Mapping index: 1
    Address: 3850
    Line #0
        Function index: 235
        Line: 0
        Column: 0
    Attributes: [3]
Location #296
    Mapping index: 1
    Address: 8819555
    Line #0
        Function index: 236
        Line: 0
        Column: 0
    Attributes: [3]
Location #297
    Mapping index: 1
    Address: 8821430
    Line #0
        Function index: 237
        Line: 0
        Column: 0
    Attributes: [3]
Location #298
    Mapping index: 1
    Address: 8827305
    Line #0
        Function index: 238
        Line: 0
        Column: 0
    Attributes: [3]
Location #299
    Mapping index: 1
    Address: 8828773
    Line #0
        Function index: 239
        Line: 0
        Column: 0
    Attributes: [3]
Location #300
    Mapping index: 1
    Address: 8680373
    Line #0
        Function index: 240
        Line: 0
        Column: 0
    Attributes: [3]
Location #301
    Mapping index: 1
    Address: 7524733
    Line #0
        Function index: 241
        Line: 0
        Column: 0
    Attributes: [3]
Location #302
    Mapping index: 1
    Address: 7527663
    Line #0
        Function index: 242
        Line: 0
        Column: 0
    Attributes: [3]
Location #303
    Mapping index: 1
    Address: 7528675
    Line #0
        Function index: 243
        Line: 0
        Column: 0
    Attributes: [3]
Location #304
    Mapping index: 1
    Address: 7495446
    Line #0
        Function index: 117
        Line: 0
        Column: 0
    Attributes: [3]
Location #305
    Mapping index: 1
    Address: 4027118
    Line #0
        Function index: 111
        Line: 0
        Column: 0
    Attributes: [3]
Location #306
    Mapping index: 1
    Address: 4027827
    Line #0
        Function index: 244
        Line: 0
        Column: 0
    Attributes: [3]
Location #307
    Mapping index: 1
    Address: 7852510
    Line #0
        Function index: 245
        Line: 0
        Column: 0
    Attributes: [3]
Location #308
    Mapping index: 1
    Address: 7959265
    Line #0
        Function index: 177
        Line: 0
        Column: 0
    Attributes: [3]
Location #309
    Mapping index: 2
    Address: 1203578
    Attributes: [8]
Location #310
    Mapping index: 0
    Address: 43994184
    Attributes: [8]
Location #311
    Mapping index: 0
    Address: 43973662
    Attributes: [8]
Location #312
    Mapping index: 8
    Address: 26101160
    Attributes: [8]
Location #313
    Mapping index: 8
    Address: 21635712
    Attributes: [8]
Location #314
    Mapping index: 8
    Address: 21487110
    Attributes: [8]
Location #315
    Mapping index: 8
    Address: 21346269
    Attributes: [8]
Location #316
    Mapping index: 8
    Address: 21349220
    Attributes: [8]
Location #317
    Mapping index: 8
    Address: 21354168
    Attributes: [8]
Location #318
    Mapping index: 8
    Address: 21367623
    Attributes: [8]
Location #319
    Mapping index: 8
    Address: 30173616
    Attributes: [8]
Location #320
    Mapping index: 0
    Address: 51064061
    Attributes: [8]
Location #321
    Mapping index: 0
    Address: 51070200
    Attributes: [8]
Location #322
    Mapping index: 0
    Address: 51352059
    Attributes: [8]
Location #323
    Mapping index: 0
    Address: 51355082
    Attributes: [8]
Location #324
    Mapping index: 0
    Address: 45213651
    Attributes: [8]
Location #325
    Mapping index: 0
    Address: 45306127
    Attributes: [8]
Location #326
    Mapping index: 0
    Address: 45312831
    Attributes: [8]
Location #327
    Mapping index: 8
    Address: 19660682
    Attributes: [8]
Location #328
    Mapping index: 8
    Address: 19919552
    Attributes: [8]
Location #329
    Mapping index: 8
    Address: 19920478
    Attributes: [8]
Location #330
    Mapping index: 0
    Address: 36980119
    Attributes: [8]
Location #331
    Mapping index: 8
    Address: 16935283
    Attributes: [8]
Location #332
    Mapping index: 0
    Address: 39182330
    Attributes: [8]
Location #333
    Mapping index: 0
    Address: 39209799
    Attributes: [8]
Location #334
    Mapping index: 0
    Address: 39217301
    Attributes: [8]
Location #335
    Mapping index: 8
    Address: 17451703
    Attributes: [8]
Location #336
    Mapping index: 0
    Address: 0
    Line #0
        Function index: 246
        Line: 0
        Column: 0
    Attributes: [66]
Location #337
    Mapping index: 8
    Address: 23185990
    Attributes: [8]
Location #338
    Mapping index: 8
    Address: 22051104
    Attributes: [8]
Location #339
    Mapping index: 0
    Address: 0
    Line #0
        Function index: 247
        Line: 0
        Column: 0
    Attributes: [66]
Location #340
    Mapping index: 0
    Address: 0
    Line #0
        Function index: 248
        Line: 0
        Column: 0
    Attributes: [66]
Location #341
    Mapping index: 2
    Address: 1609095
    Attributes: [8]
Location #342
    Mapping index: 8
    Address: 21840098
    Attributes: [8]
Location #343
    Mapping index: 8
    Address: 21849979
    Attributes: [8]
Location #344
    Mapping index: 8
    Address: 21885809
    Attributes: [8]
Location #345
    Mapping index: 8
    Address: 21887322
    Attributes: [8]
Location #346
    Mapping index: 8
    Address: 21895534
    Attributes: [8]
Location #347
    Mapping index: 8
    Address: 21895803
    Attributes: [8]
Location #348
    Mapping index: 0
    Address: 37027548
    Attributes: [8]
Location #349
    Mapping index: 0
    Address: 37027954
    Attributes: [8]
Location #350
    Mapping index: 8
    Address: 21901819
    Attributes: [8]
Location #351
    Mapping index: 8
    Address: 21223921
    Attributes: [8]
Location #352
    Mapping index: 8
    Address: 21347289
    Attributes: [8]
Location #353
    Mapping index: 8
    Address: 21019869
    Attributes: [8]
Location #354
    Mapping index: 8
    Address: 21074471
    Attributes: [8]
Location #355
    Mapping index: 8
    Address: 22485137
    Attributes: [8]
Location #356
    Mapping index: 8
    Address: 22491086
    Attributes: [8]
Location #357
    Mapping index: 8
    Address: 22506483
    Attributes: [8]
Location #358
    Mapping index: 8
    Address: 22516348
    Attributes: [8]
Location #359
    Mapping index: 8
    Address: 19480344
    Attributes: [8]
Location #360
    Mapping index: 0
    Address: 0
    Line #0
        Function index: 249
        Line: 0
        Column: 0
    Attributes: [66]
Location #361
    Mapping index: 0
    Address: 0
    Attributes: [66]
Location #362
    Mapping index: 0
    Address: 0
    Line #0
        Function index: 250
        Line: 0
        Column: 0
    Attributes: [66]
Location #363
    Mapping index: 0
    Address: 0
    Line #0
        Function index: 251
        Line: 0
        Column: 0
    Attributes: [66]
Location #364
    Mapping index: 8
    Address: 20423650
    Attributes: [8]
Location #365
    Mapping index: 8
    Address: 20427604
    Attributes: [8]
Location #366
    Mapping index: 8
    Address: 24137666
    Attributes: [8]
Location #367
    Mapping index: 8
    Address: 25643165
    Attributes: [8]
Location #368
    Mapping index: 8
    Address: 23624076
    Attributes: [8]
Location #369
    Mapping index: 8
    Address: 25667457
    Attributes: [8]
Location #370
    Mapping index: 0
    Address: 0
    Line #0
        Function index: 252
        Line: 0
        Column: 0
    Attributes: [66]
Location #371
    Mapping index: 0
    Address: 0
    Line #0
        Function index: 253
        Line: 0
        Column: 0
    Attributes: [66]
Location #372
    Mapping index: 0
    Address: 0
    Line #0
        Function index: 254
        Line: 0
        Column: 0
    Attributes: [66]
Location #373
    Mapping index: 0
    Address: 0
    Line #0
        Function index: 255
        Line: 0
        Column: 0
    Attributes: [66]
Location #374
    Mapping index: 0
    Address: 0
    Line #0
        Function index: 256
        Line: 0
        Column: 0
    Attributes: [66]
Location #375
    Mapping index: 0
    Address: 0
    Line #0
        Function index: 257
        Line: 0
        Column: 0
    Attributes: [66]
Location #376
    Mapping index: 0
    Address: 0
    Line #0
        Function index: 258
        Line: 0
        Column: 0
    Attributes: [66]
Location #377
    Mapping index: 8
    Address: 22464303
    Attributes: [8]
Location #378
    Mapping index: 8
    Address: 22506004
    Attributes: [8]
Location #379
    Mapping index: 0
    Address: 39032403
    Attributes: [8]
Location #380
    Mapping index: 0
    Address: 39206575
    Attributes: [8]
Location #381
    Mapping index: 8
    Address: 17453205
    Attributes: [8]
Location #382
    Mapping index: 0
    Address: 0
    Line #0
        Function index: 259
        Line: 0
        Column: 0
    Attributes: [66]
Location #383
    Mapping index: 0
    Address: 0
    Line #0
        Function index: 260
        Line: 295
        Column: 0
    Attributes: [66]
Location #384
    Mapping index: 0
    Address: 0
    Line #0
        Function index: 261
        Line: 0
        Column: 0
    Attributes: [66]
Location #385
    Mapping index: 0
    Address: 0
    Line #0
        Function index: 262
        Line: 0
        Column: 0
    Attributes: [66]
Location #386
    Mapping index: 0
    Address: 0
    Line #0
        Function index: 263
        Line: 0
        Column: 0
    Attributes: [66]
Location #387
    Mapping index: 0
    Address: 0
    Line #0
        Function index: 264
        Line: 0
        Column: 0
    Attributes: [66]
Location #388
    Mapping index: 0
    Address: 0
    Line #0
        Function index: 265
        Line: 0
        Column: 0
    Attributes: [66]
Location #389
    Mapping index: 0
    Address: 0
    Line #0
        Function index: 266
        Line: 0
        Column: 0
    Attributes: [66]
Location #390
    Mapping index: 8
    Address: 20424196
    Attributes: [8]
Location #391
    Mapping index: 8
    Address: 20428857
    Attributes: [8]
Location #392
    Mapping index: 8
    Address: 20635384
    Attributes: [8]
Location #393
    Mapping index: 8
    Address: 20636338
    Attributes: [8]
Location #394
    Mapping index: 8
    Address: 15266858
    Attributes: [8]
Location #395
    Mapping index: 8
    Address: 15267424
    Attributes: [8]
Location #396
    Mapping index: 8
    Address: 16317598
    Attributes: [8]
Location #397
    Mapping index: 8
    Address: 16417175
    Attributes: [8]
Location #398
    Mapping index: 8
    Address: 16314762
    Attributes: [8]
Location #399
    Mapping index: 8
    Address: 30409788
    Attributes: [8]
Location #400
    Mapping index: 8
    Address: 30424754
    Attributes: [8]
Location #401
    Mapping index: 8
    Address: 30518099
    Attributes: [8]
Location #402
    Mapping index: 8
    Address: 30428182
    Attributes: [8]
Location #403
    Mapping index: 8
    Address: 15277125
    Attributes: [8]
Location #404
    Mapping index: 8
    Address: 16703920
    Attributes: [8]
Location #405
    Mapping index: 8
    Address: 16023210
    Attributes: [8]
Location #406
    Mapping index: 2
    Address: 172489
    Attributes: [8]
Location #407
    Mapping index: 2
    Address: 172682
    Attributes: [8]
Location #408
    Mapping index: 8
    Address: 15258461
    Attributes: [8]
Location #409
    Mapping index: 8
    Address: 25274326
    Attributes: [8]
Location #410
    Mapping index: 8
    Address: 25275271
    Attributes: [8]
Location #411
    Mapping index: 8
    Address: 25250182
    Attributes: [8]
Location #412
    Mapping index: 8
    Address: 25348109
    Attributes: [8]
Location #413
    Mapping index: 8
    Address: 25524616
    Attributes: [8]
Location #414
    Mapping index: 8
    Address: 25526434
    Attributes: [8]
Location #415
    Mapping index: 8
    Address: 25529158
    Attributes: [8]
Location #416
    Mapping index: 8
    Address: 25529471
    Attributes: [8]
Location #417
    Mapping index: 8
    Address: 25692164
    Attributes: [8]
Location #418
    Mapping index: 0
    Address: 0
    Line #0
        Function index: 267
        Line: 0
        Column: 0
    Attributes: [66]
Location #419
    Mapping index: 0
    Address: 0
    Line #0
        Function index: 268
        Line: 0
        Column: 0
    Attributes: [66]
Location #420
    Mapping index: 0
    Address: 0
    Line #0
        Function index: 269
        Line: 0
        Column: 0
    Attributes: [66]
Location #421
    Mapping index: 0
    Address: 0
    Line #0
        Function index: 270
        Line: 0
        Column: 0
    Attributes: [66]
Location #422
    Mapping index: 0
    Address: 0
    Line #0
        Function index: 271
        Line: 0
        Column: 0
    Attributes: [66]
Location #423
    Mapping index: 0
    Address: 0
    Line #0
        Function index: 272
        Line: 0
        Column: 0
    Attributes: [66]
Location #424
    Mapping index: 0
    Address: 0
    Line #0
        Function index: 273
        Line: 0
        Column: 0
    Attributes: [66]
Location #425
    Mapping index: 0
    Address: 0
    Line #0
        Function index: 274
        Line: 0
        Column: 0
    Attributes: [66]
Location #426
    Mapping index: 0
    Address: 0
    Line #0
        Function index: 275
        Line: 0
        Column: 0
    Attributes: [66]
Location #427
    Mapping index: 8
    Address: 16024100
    Attributes: [8]
Location #428
    Mapping index: 8
    Address: 15292437
    Attributes: [8]
Location #429
    Mapping index: 8
    Address: 16703983
    Attributes: [8]
Location #430
    Mapping index: 0
    Address: 45462747
    Attributes: [8]
Location #431
    Mapping index: 0
    Address: 45464495
    Attributes: [8]
Location #432
    Mapping index: 0
    Address: 45531186
    Attributes: [8]
Location #433
    Mapping index: 0
    Address: 45608967
    Attributes: [8]
Location #434
    Mapping index: 0
    Address: 45210653
    Attributes: [8]
Location #435
    Mapping index: 0
    Address: 45308862
    Attributes: [8]
Location #436
    Mapping index: 8
    Address: 20834835
    Attributes: [8]
Location #437
    Mapping index: 8
    Address: 20835889
    Attributes: [8]
Location #438
    Mapping index: 8
    Address: 20843248
    Attributes: [8]
Location #439
    Mapping index: 8
    Address: 20860545
    Attributes: [8]
Location #440
    Mapping index: 2
    Address: 665366
    Attributes: [8]
Location #441
    Mapping index: 8
    Address: 20842559
    Attributes: [8]
Location #442
    Mapping index: 8
    Address: 21953624
    Attributes: [8]
Location #443
    Mapping index: 8
    Address: 21963009
    Attributes: [8]
Location #444
    Mapping index: 8
    Address: 21963531
    Attributes: [8]
Location #445
    Mapping index: 1
    Address: 8500614
    Line #0
        Function index: 276
        Line: 0
        Column: 0
    Attributes: [3]
Location #446
    Mapping index: 1
    Address: 8523547
    Line #0
        Function index: 277
        Line: 0
        Column: 0
    Attributes: [3]
Location #447
    Mapping index: 1
    Address: 7805862
    Line #0
        Function index: 278
        Line: 0
        Column: 0
    Attributes: [3]
Location #448
    Mapping index: 1
    Address: 7806887
    Line #0
        Function index: 279
        Line: 0
        Column: 0
    Attributes: [3]
Location #449
    Mapping index: 1
    Address: 7812860
    Line #0
        Function index: 164
        Line: 0
        Column: 0
    Attributes: [3]
Location #450
    Mapping index: 0
    Address: 47295061
    Attributes: [8]
Location #451
    Mapping index: 0
    Address: 47300245
    Attributes: [8]
Location #452
    Mapping index: 0
    Address: 47302879
    Attributes: [8]
Location #453
    Mapping index: 0
    Address: 47319248
    Attributes: [8]
Location #454
    Mapping index: 0
    Address: 47320629
    Attributes: [8]
Location #455
    Mapping index: 0
    Address: 50078008
    Attributes: [8]
Location #456
    Mapping index: 0
    Address: 45221127
    Attributes: [8]
Location #457
    Mapping index: 0
    Address: 45306197
    Attributes: [8]
Location #458
    Mapping index: 8
    Address: 20834784
    Attributes: [8]
Location #459
    Mapping index: 8
    Address: 20850782
    Attributes: [8]
Location #460
    Mapping index: 8
    Address: 21953589
    Attributes: [8]
Location #461
    Mapping index: 0
    Address: 43527601
    Attributes: [8]
Location #462
    Mapping index: 0
    Address: 43564521
    Attributes: [8]
Location #463
    Mapping index: 0
    Address: 43566282
    Attributes: [8]
Location #464
    Mapping index: 8
    Address: 25384500
    Attributes: [8]
Location #465
    Mapping index: 8
    Address: 25386552
    Attributes: [8]
Location #466
    Mapping index: 8
    Address: 25351533
    Attributes: [8]
Location #467
    Mapping index: 8
    Address: 25363392
    Attributes: [8]
Location #468
    Mapping index: 8
    Address: 25382836
    Attributes: [8]
Location #469
    Mapping index: 8
    Address: 25390335
    Attributes: [8]
Location #470
    Mapping index: 8
    Address: 25364579
    Attributes: [8]
Location #471
    Mapping index: 8
    Address: 25382966
    Attributes: [8]
Location #472
    Mapping index: 8
    Address: 25360252
    Attributes: [8]
Location #473
    Mapping index: 8
    Address: 25379737
    Attributes: [8]
Location #474
    Mapping index: 8
    Address: 25347900
    Attributes: [8]
Location #475
    Mapping index: 0
    Address: 0
    Line #0
        Function index: 280
        Line: 0
        Column: 0
    Attributes: [66]
Location #476
    Mapping index: 0
    Address: 0
    Line #0
        Function index: 281
        Line: 0
        Column: 0
    Attributes: [66]
Location #477
    Mapping index: 0
    Address: 0
    Line #0
        Function index: 282
        Line: 0
        Column: 0
    Attributes: [66]
Location #478
    Mapping index: 0
    Address: 0
    Line #0
        Function index: 283
        Line: 0
        Column: 0
    Attributes: [66]
Location #479
    Mapping index: 0
    Address: 0
    Line #0
        Function index: 284
        Line: 406
        Column: 0
    Attributes: [66]
Location #480
    Mapping index: 0
    Address: 0
    Line #0
        Function index: 285
        Line: 473
        Column: 0
    Attributes: [66]
Location #481
    Mapping index: 0
    Address: 0
    Line #0
        Function index: 286
        Line: 678
        Column: 0
    Attributes: [66]
Location #482
    Mapping index: 0
    Address: 0
    Line #0
        Function index: 287
        Line: 622
        Column: 0
    Attributes: [66]
Location #483
    Mapping index: 0
    Address: 0
    Line #0
        Function index: 288
        Line: 25
        Column: 0
    Attributes: [66]
Location #484
    Mapping index: 0
    Address: 0
    Line #0
        Function index: 289
        Line: 174
        Column: 0
    Attributes: [66]
Location #485
    Mapping index: 0
    Address: 0
    Line #0
        Function index: 290
        Line: 183
        Column: 0
    Attributes: [66]
Location #486
    Mapping index: 0
    Address: 0
    Line #0
        Function index: 291
        Line: 227
        Column: 0
    Attributes: [66]
Location #487
    Mapping index: 0
    Address: 0
    Line #0
        Function index: 292
        Line: 0
        Column: 0
    Attributes: [66]
Location #488
    Mapping index: 8
    Address: 16411541
    Attributes: [8]
Location #489
    Mapping index: 8
    Address: 16412425
    Attributes: [8]
Location #490
    Mapping index: 2
    Address: 636618
    Attributes: [8]
Location #491
    Mapping index: 8
    Address: 30492664
    Attributes: [8]
Location #492
    Mapping index: 8
    Address: 16935114
    Attributes: [8]
Location #493
    Mapping index: 8
    Address: 21953605
    Attributes: [8]
Location #494
    Mapping index: 8
    Address: 26019032
    Attributes: [8]
Location #495
    Mapping index: 8
    Address: 21066832
    Attributes: [8]
Location #496
    Mapping index: 8
    Address: 19083580
    Attributes: [8]
Location #497
    Mapping index: 8
    Address: 16776318
    Attributes: [8]
Location #498
    Mapping index: 8
    Address: 16809773
    Attributes: [8]
Location #499
    Mapping index: 0
    Address: 0
    Line #0
        Function index: 293
        Line: 0
        Column: 0
    Attributes: [66]
Location #500
    Mapping index: 0
    Address: 0
    Line #0
        Function index: 294
        Line: 0
        Column: 0
    Attributes: [66]
Location #501
    Mapping index: 0
    Address: 0
    Line #0
        Function index: 295
        Line: 0
        Column: 0
    Attributes: [66]
Location #502
    Mapping index: 0
    Address: 0
    Line #0
        Function index: 296
        Line: 0
        Column: 0
    Attributes: [66]
Location #503
    Mapping index: 0
    Address: 0
    Line #0
        Function index: 297
        Line: 0
        Column: 0
    Attributes: [66]
Location #504
    Mapping index: 8
    Address: 19052805
    Attributes: [8]
Location #505
    Mapping index: 8
    Address: 15968888
    Attributes: [8]
Location #506
    Mapping index: 8
    Address: 20569769
    Attributes: [8]
Location #507
    Mapping index: 8
    Address: 25639988
    Attributes: [8]
Location #508
    Mapping index: 0
    Address: 0
    Line #0
        Function index: 298
        Line: 1189
        Column: 1073689714
    Attributes: [66]
Location #509
    Mapping index: 8
    Address: 21028782
    Attributes: [8]
Location #510
    Mapping index: 8
    Address: 22485913
    Attributes: [8]
Location #511
    Mapping index: 0
    Address: 40168240
    Attributes: [8]
Location #512
    Mapping index: 0
    Address: 40163518
    Attributes: [8]
Location #513
    Mapping index: 0
    Address: 40813091
    Attributes: [8]
Location #514
    Mapping index: 0
    Address: 40815958
    Attributes: [8]
Location #515
    Mapping index: 0
    Address: 41073358
    Attributes: [8]
Location #516
    Mapping index: 0
    Address: 41076050
    Attributes: [8]
Location #517
    Mapping index: 0
    Address: 0
    Line #0
        Function index: 299
        Line: 0
        Column: 0
    Attributes: [66]
Location #518
    Mapping index: 0
    Address: 0
    Line #0
        Function index: 300
        Line: 0
        Column: 0
    Attributes: [66]
Location #519
    Mapping index: 0
    Address: 0
    Line #0
        Function index: 301
        Line: 0
        Column: 0
    Attributes: [66]
Location #520
    Mapping index: 0
    Address: 0
    Line #0
        Function index: 302
        Line: 0
        Column: 0
    Attributes: [66]
Location #521
    Mapping index: 0
    Address: 0
    Line #0
        Function index: 303
        Line: 0
        Column: 0
    Attributes: [66]
Location #522
    Mapping index: 0
    Address: 0
    Line #0
        Function index: 304
        Line: 184
        Column: 0
    Attributes: [66]
Location #523
    Mapping index: 0
    Address: 0
    Line #0
        Function index: 305
        Line: 251
        Column: 0
    Attributes: [66]
Location #524
    Mapping index: 0
    Address: 0
    Line #0
        Function index: 306
        Line: 308
        Column: 0
    Attributes: [66]
Location #525
    Mapping index: 0
    Address: 0
    Line #0
        Function index: 307
        Line: 361
        Column: 0
    Attributes: [66]
Location #526
    Mapping index: 0
    Address: 0
    Line #0
        Function index: 308
        Line: 517
        Column: 0
    Attributes: [66]
Location #527
    Mapping index: 0
    Address: 0
    Line #0
        Function index: 309
        Line: 568
        Column: 0
    Attributes: [66]
Location #528
    Mapping index: 0
    Address: 0
    Line #0
        Function index: 310
        Line: 0
        Column: 0
    Attributes: [66]
Location #529
    Mapping index: 8
    Address: 24972855
    Attributes: [8]
Location #530
    Mapping index: 8
    Address: 24845069
    Attributes: [8]
Location #531
    Mapping index: 8
    Address: 24856495
    Attributes: [8]
Location #532
    Mapping index: 8
    Address: 24862877
    Attributes: [8]
Location #533
    Mapping index: 8
    Address: 24863213
    Attributes: [8]
Location #534
    Mapping index: 8
    Address: 24599593
    Attributes: [8]
Location #535
    Mapping index: 8
    Address: 24720949
    Attributes: [8]
Location #536
    Mapping index: 8
    Address: 24722392
    Attributes: [8]
Location #537
    Mapping index: 8
    Address: 24761819
    Attributes: [8]
Location #538
    Mapping index: 8
    Address: 24764184
    Attributes: [8]
Location #539
    Mapping index: 8
    Address: 24765638
    Attributes: [8]
Location #540
    Mapping index: 8
    Address: 24787094
    Attributes: [8]
Location #541
    Mapping index: 8
    Address: 19705047
    Attributes: [8]
Location #542
    Mapping index: 8
    Address: 19706189
    Attributes: [8]
Location #543
    Mapping index: 8
    Address: 19706926
    Attributes: [8]
Location #544
    Mapping index: 8
    Address: 19711212
    Attributes: [8]
Location #545
    Mapping index: 8
    Address: 18997854
    Attributes: [8]
Location #546
    Mapping index: 8
    Address: 18999310
    Attributes: [8]
Location #547
    Mapping index: 8
    Address: 15962226
    Attributes: [8]
Location #548
    Mapping index: 8
    Address: 15978729
    Attributes: [8]
Location #549
    Mapping index: 8
    Address: 19316633
    Attributes: [8]
Location #550
    Mapping index: 8
    Address: 19317481
    Attributes: [8]
Location #551
    Mapping index: 0
    Address: 0
    Line #0
        Function index: 311
        Line: 0
        Column: 0
    Attributes: [66]
Location #552
    Mapping index: 0
    Address: 0
    Line #0
        Function index: 312
        Line: 0
        Column: 0
    Attributes: [66]
Location #553
    Mapping index: 0
    Address: 0
    Line #0
        Function index: 313
        Line: 0
        Column: 0
    Attributes: [66]
Location #554
    Mapping index: 0
    Address: 0
    Line #0
        Function index: 314
        Line: 0
        Column: 0
    Attributes: [66]
Location #555
    Mapping index: 0
    Address: 0
    Line #0
        Function index: 315
        Line: 0
        Column: 0
    Attributes: [66]
Location #556
    Mapping index: 0
    Address: 0
    Line #0
        Function index: 316
        Line: 0
        Column: 0
    Attributes: [66]
Location #557
    Mapping index: 0
    Address: 0
    Line #0
        Function index: 317
        Line: 0
        Column: 0
    Attributes: [66]
Location #558
    Mapping index: 8
    Address: 22464059
    Attributes: [8]
Location #559
    Mapping index: 0
    Address: 0
    Line #0
        Function index: 318
        Line: 0
        Column: 0
    Attributes: [66]
Location #560
    Mapping index: 0
    Address: 0
    Line #0
        Function index: 319
        Line: 0
        Column: 0
    Attributes: [66]
Location #561
    Mapping index: 0
    Address: 0
    Line #0
        Function index: 320
        Line: 0
        Column: 0
    Attributes: [66]
Location #562
    Mapping index: 0
    Address: 0
    Line #0
        Function index: 321
        Line: 0
        Column: 0
    Attributes: [66]
Location #563
    Mapping index: 8
    Address: 20955289
    Attributes: [8]
Location #564
    Mapping index: 8
    Address: 22492268
    Attributes: [8]
Location #565
    Mapping index: 8
    Address: 22519613
    Attributes: [8]
Location #566
    Mapping index: 8
    Address: 22529004
    Attributes: [8]
Location #567
    Mapping index: 8
    Address: 19480107
    Attributes: [8]
Location #568
    Mapping index: 0
    Address: 0
    Line #0
        Function index: 322
        Line: 0
        Column: 0
    Attributes: [66]
Location #569
    Mapping index: 8
    Address: 20427421
    Attributes: [8]
Location #570
    Mapping index: 8
    Address: 20428609
    Attributes: [8]
Location #571
    Mapping index: 8
    Address: 24368411
    Attributes: [8]
Location #572
    Mapping index: 8
    Address: 24369939
    Attributes: [8]
Location #573
    Mapping index: 8
    Address: 24368961
    Attributes: [8]
Location #574
    Mapping index: 8
    Address: 24370492
    Attributes: [8]
Location #575
    Mapping index: 8
    Address: 18995569
    Attributes: [8]
Location #576
    Mapping index: 8
    Address: 15983390
    Attributes: [8]
Location #577
    Mapping index: 0
    Address: 0
    Line #0
        Function index: 323
        Line: 0
        Column: 0
    Attributes: [66]
Location #578
    Mapping index: 0
    Address: 0
    Line #0
        Function index: 324
        Line: 0
        Column: 0
    Attributes: [66]
Location #579
    Mapping index: 0
    Address: 0
    Line #0
        Function index: 325
        Line: 466
        Column: 0
    Attributes: [66]
Location #580
    Mapping index: 0
    Address: 0
    Line #0
        Function index: 326
        Line: 383
        Column: 0
    Attributes: [66]
Location #581
    Mapping index: 0
    Address: 0
    Line #0
        Function index: 327
        Line: 106
        Column: 0
    Attributes: [66]
Location #582
    Mapping index: 0
    Address: 0
    Line #0
        Function index: 328
        Line: 255
        Column: 0
    Attributes: [66]
Location #583
    Mapping index: 0
    Address: 0
    Line #0
        Function index: 329
        Line: 42
        Column: 0
    Attributes: [66]
Location #584
    Mapping index: 8
    Address: 19182197
    Attributes: [8]
Location #585
    Mapping index: 8
    Address: 19184556
    Attributes: [8]
Location #586
    Mapping index: 8
    Address: 24784834
    Attributes: [8]
Location #587
    Mapping index: 8
    Address: 24787908
    Attributes: [8]
Location #588
    Mapping index: 8
    Address: 19718179
    Attributes: [8]
Location #589
    Mapping index: 8
    Address: 19720193
    Attributes: [8]
Location #590
    Mapping index: 8
    Address: 25576878
    Attributes: [8]
Location #591
    Mapping index: 0
    Address: 0
    Line #0
        Function index: 330
        Line: 846
        Column: 0
    Attributes: [66]
Location #592
    Mapping index: 0
    Address: 0
    Line #0
        Function index: 331
        Line: 1
        Column: 67
    Attributes: [66]
Location #593
    Mapping index: 0
    Address: 0
    Line #0
        Function index: 332
        Line: 344
        Column: 0
    Attributes: [66]
Location #594
    Mapping index: 0
    Address: 0
    Line #0
        Function index: 333
        Line: 495
        Column: 0
    Attributes: [66]
Location #595
    Mapping index: 0
    Address: 0
    Line #0
        Function index: 334
        Line: 65
        Column: 0
    Attributes: [66]
Location #596
    Mapping index: 0
    Address: 0
    Line #0
        Function index: 335
        Line: 74
        Column: 0
    Attributes: [66]
Location #597
    Mapping index: 0
    Address: 0
    Line #0
        Function index: 336
        Line: 112
        Column: 1073737037
    Attributes: [66]
Location #598
    Mapping index: 0
    Address: 0
    Line #0
        Function index: 337
        Line: 0
        Column: 0
    Attributes: [66]
Location #599
    Mapping index: 0
    Address: 0
    Line #0
        Function index: 338
        Line: 34
        Column: 0
    Attributes: [66]
Location #600
    Mapping index: 0
    Address: 0
    Line #0
        Function index: 339
        Line: 122
        Column: 0
    Attributes: [66]
Location #601
    Mapping index: 0
    Address: 0
    Line #0
        Function index: 340
        Line: 0
        Column: 0
    Attributes: [66]
Location #602
    Mapping index: 8
    Address: 24504693
    Attributes: [8]
Location #603
    Mapping index: 8
    Address: 24505337
    Attributes: [8]
Location #604
    Mapping index: 8
    Address: 22484291
    Attributes: [8]
Location #605
    Mapping index: 8
    Address: 22486422
    Attributes: [8]
Location #606
    Mapping index: 8
    Address: 15267290
    Attributes: [8]
Location #607
    Mapping index: 8
    Address: 21028789
    Attributes: [8]
Location #608
    Mapping index: 0
    Address: 0
    Line #0
        Function index: 341
        Line: 0
        Column: 0
    Attributes: [66]
Location #609
    Mapping index: 0
    Address: 0
    Line #0
        Function index: 342
        Line: 0
        Column: 0
    Attributes: [66]
Location #610
    Mapping index: 8
    Address: 20840600
    Attributes: [8]
Location #611
    Mapping index: 8
    Address: 21126001
    Attributes: [8]
Location #612
    Mapping index: 8
    Address: 21953764
    Attributes: [8]
Location #613
    Mapping index: 8
    Address: 23604433
    Attributes: [8]
Location #614
    Mapping index: 8
    Address: 23605453
    Attributes: [8]
Location #615
    Mapping index: 8
    Address: 22485746
    Attributes: [8]
Location #616
    Mapping index: 8
    Address: 24813936
    Attributes: [8]
Location #617
    Mapping index: 8
    Address: 24871846
    Attributes: [8]
Location #618
    Mapping index: 8
    Address: 24822590
    Attributes: [8]
Location #619
    Mapping index: 8
    Address: 24823191
    Attributes: [8]
Location #620
    Mapping index: 8
    Address: 24843441
    Attributes: [8]
Location #621
    Mapping index: 8
    Address: 24872755
    Attributes: [8]
Location #622
    Mapping index: 8
    Address: 24827096
    Attributes: [8]
Location #623
    Mapping index: 8
    Address: 24838311
    Attributes: [8]
Location #624
    Mapping index: 8
    Address: 24840125
    Attributes: [8]
Location #625
    Mapping index: 8
    Address: 24824586
    Attributes: [8]
Location #626
    Mapping index: 8
    Address: 24846287
    Attributes: [8]
Location #627
    Mapping index: 8
    Address: 24821191
    Attributes: [8]
Location #628
    Mapping index: 8
    Address: 24823039
    Attributes: [8]
Location #629
    Mapping index: 8
    Address: 24885511
    Attributes: [8]
Location #630
    Mapping index: 8
    Address: 24866343
    Attributes: [8]
Location #631
    Mapping index: 8
    Address: 24858073
    Attributes: [8]
Location #632
    Mapping index: 8
    Address: 21846439
    Attributes: [8]
Location #633
    Mapping index: 8
    Address: 21849574
    Attributes: [8]
Location #634
    Mapping index: 8
    Address: 21895523
    Attributes: [8]
Location #635
    Mapping index: 8
    Address: 21895897
    Attributes: [8]
Location #636
    Mapping index: 8
    Address: 21844459
    Attributes: [8]
Location #637
    Mapping index: 8
    Address: 21892889
    Attributes: [8]
Location #638
    Mapping index: 8
    Address: 21840247
    Attributes: [8]
Location #639
    Mapping index: 8
    Address: 21844446
    Attributes: [8]
Location #640
    Mapping index: 8
    Address: 21888873
    Attributes: [8]
Location #641
    Mapping index: 2
    Address: 1608539
    Attributes: [8]
Location #642
    Mapping index: 9
    Address: 21457593
    Attributes: [8]
Location #643
    Mapping index: 9
    Address: 17033734
    Attributes: [8]
Location #644
    Mapping index: 9
    Address: 17068982
    Attributes: [8]
Location #645
    Mapping index: 9
    Address: 17068345
    Attributes: [8]
Location #646
    Mapping index: 9
    Address: 17033298
    Attributes: [8]
Location #647
    Mapping index: 9
    Address: 17029477
    Attributes: [8]
Location #648
    Mapping index: 9
    Address: 16919567
    Attributes: [8]
Location #649
    Mapping index: 9
    Address: 15518371
    Attributes: [8]
Location #650
    Mapping index: 9
    Address: 15968003
    Attributes: [8]
Location #651
    Mapping index: 9
    Address: 15905384
    Attributes: [8]
Location #652
    Mapping index: 9
    Address: 16317066
    Attributes: [8]
Location #653
    Mapping index: 9
    Address: 15858770
    Attributes: [8]
Location #654
    Mapping index: 9
    Address: 16637480
    Attributes: [8]
Location #655
    Mapping index: 9
    Address: 21388591
    Attributes: [8]
Location #656
    Mapping index: 9
    Address: 16319364
    Attributes: [8]
Location #657
    Mapping index: 9
    Address: 14536356
    Attributes: [8]
Location #658
    Mapping index: 1
    Address: 12287858
    Line #0
        Function index: 343
        Line: 0
        Column: 0
    Attributes: [3]
Location #659
    Mapping index: 1
    Address: 9559404
    Line #0
        Function index: 344
        Line: 0
        Column: 0
    Attributes: [3]
Location #660
    Mapping index: 1
    Address: 9530286
    Line #0
        Function index: 345
        Line: 0
        Column: 0
    Attributes: [3]
Location #661
    Mapping index: 1
    Address: 8779453
    Line #0
        Function index: 346
        Line: 0
        Column: 0
    Attributes: [3]
Location #662
    Mapping index: 1
    Address: 8697349
    Line #0
        Function index: 40
        Line: 0
        Column: 0
    Attributes: [3]
Location #663
    Mapping index: 1
    Address: 8697629
    Line #0
        Function index: 347
        Line: 0
        Column: 0
    Attributes: [3]
Location #664
    Mapping index: 1
    Address: 3169890
    Line #0
        Function index: 15
        Line: 0
        Column: 0
    Attributes: [3]
Location #665
    Mapping index: 2
    Address: 1162026
    Attributes: [8]
Location #666
    Mapping index: 9
    Address: 21476110
    Attributes: [8]
Location #667
    Mapping index: 9
    Address: 21447974
    Attributes: [8]
Location #668
    Mapping index: 9
    Address: 15515359
    Attributes: [8]
Location #669
    Mapping index: 9
    Address: 15466884
    Attributes: [8]
Location #670
    Mapping index: 9
    Address: 15968283
    Attributes: [8]
Location #671
    Mapping index: 1
    Address: 8894092
    Line #0
        Function index: 348
        Line: 0
        Column: 0
    Attributes: [3]
Location #672
    Mapping index: 1
    Address: 8894691
    Line #0
        Function index: 349
        Line: 0
        Column: 0
    Attributes: [3]
Location #673
    Mapping index: 1
    Address: 8731309
    Line #0
        Function index: 350
        Line: 0
        Column: 0
    Attributes: [3]
Location #674
    Mapping index: 1
    Address: 8699499
    Line #0
        Function index: 351
        Line: 0
        Column: 0
    Attributes: [3]
Location #675
    Mapping index: 1
    Address: 8702914
    Line #0
        Function index: 352
        Line: 0
        Column: 0
    Attributes: [3]
Location #676
    Mapping index: 1
    Address: 8703900
    Line #0
        Function index: 353
        Line: 0
        Column: 0
    Attributes: [3]
Location #677
    Mapping index: 1
    Address: 3166946
    Line #0
        Function index: 15
        Line: 0
        Column: 0
    Attributes: [3]
Location #678
    Mapping index: 2
    Address: 1163085
    Attributes: [8]
Location #679
    Mapping index: 9
    Address: 21478196
    Attributes: [8]
Location #680
    Mapping index: 9
    Address: 21448149
    Attributes: [8]
Location #681
    Mapping index: 9
    Address: 21439652
    Attributes: [8]
Location #682
    Mapping index: 9
    Address: 17068310
    Attributes: [8]
Location #683
    Mapping index: 1
    Address: 20483781
    Line #0
        Function index: 354
        Line: 0
        Column: 0
    Attributes: [3]
Location #684
    Mapping index: 1
    Address: 20485590
    Line #0
        Function index: 355
        Line: 0
        Column: 0
    Attributes: [3]
Location #685
    Mapping index: 1
    Address: 8929613
    Line #0
        Function index: 356
        Line: 0
        Column: 0
    Attributes: [3]
Location #686
    Mapping index: 1
    Address: 8930316
    Line #0
        Function index: 357
        Line: 0
        Column: 0
    Attributes: [3]
Location #687
    Mapping index: 1
    Address: 9508389
    Line #0
        Function index: 358
        Line: 0
        Column: 0
    Attributes: [3]
Location #688
    Mapping index: 1
    Address: 8662554
    Line #0
        Function index: 359
        Line: 0
        Column: 0
    Attributes: [3]
Location #689
    Mapping index: 1
    Address: 8666654
    Line #0
        Function index: 360
        Line: 0
        Column: 0
    Attributes: [3]
Location #690
    Mapping index: 1
    Address: 8666824
    Line #0
        Function index: 361
        Line: 0
        Column: 0
    Attributes: [3]
Location #691
    Mapping index: 1
    Address: 3171795
    Line #0
        Function index: 15
        Line: 0
        Column: 0
    Attributes: [3]
Location #692
    Mapping index: 2
    Address: 1161929
    Attributes: [8]
Location #693
    Mapping index: 9
    Address: 21423134
    Attributes: [8]
Location #694
    Mapping index: 9
    Address: 21405096
    Attributes: [8]
Location #695
    Mapping index: 9
    Address: 15470474
    Attributes: [8]
Function #0
    Name: 0
    System name: 0
    Filename: 0
    Start line: 0
Function #1
    Name: 8
    System name: 0
    Filename: 0
    Start line: 0
Function #2
    Name: 10
    System name: 0
    Filename: 0
    Start line: 0
Function #3
    Name: 11
    System name: 0
    Filename: 0
    Start line: 0
Function #4
    Name: 12
    System name: 0
    Filename: 0
    Start line: 0
Function #5
    Name: 13
    System name: 0
    Filename: 0
    Start line: 0
Function #6
    Name: 14
    System name: 0
    Filename: 0
    Start line: 0
Function #7
    Name: 15
    System name: 0
    Filename: 0
    Start line: 0
Function #8
    Name: 16
    System name: 0
    Filename: 0
    Start line: 0
Function #9
    Name: 17
    System name: 0
    Filename: 0
    Start line: 0
Function #10
    Name: 24
    System name: 0
    Filename: 0
    Start line: 0
Function #11
    Name: 25
    System name: 0
    Filename: 0
    Start line: 0
Function #12
    Name: 26
    System name: 0
    Filename: 0
    Start line: 0
Function #13
    Name: 27
    System name: 0
    Filename: 0
    Start line: 0
Function #14
    Name: 28
    System name: 0
    Filename: 0
    Start line: 0
Function #15
    Name: 29
    System name: 0
    Filename: 0
    Start line: 0
Function #16
    Name: 30
    System name: 0
    Filename: 0
    Start line: 0
Function #17
    Name: 31
    System name: 0
    Filename: 0
    Start line: 0
Function #18
    Name: 34
    System name: 0
    Filename: 35
    Start line: 0
Function #19
    Name: 36
    System name: 0
    Filename: 37
    Start line: 0
Function #20
    Name: 38
    System name: 0
    Filename: 37
    Start line: 0
Function #21
    Name: 38
    System name: 0
    Filename: 39
    Start line: 0
Function #22
    Name: 40
    System name: 0
    Filename: 41
    Start line: 0
Function #23
    Name: 42
    System name: 0
    Filename: 43
    Start line: 0
Function #24
    Name: 44
    System name: 0
    Filename: 43
    Start line: 0
Function #25
    Name: 45
    System name: 0
    Filename: 46
    Start line: 0
Function #26
    Name: 47
    System name: 0
    Filename: 48
    Start line: 0
Function #27
    Name: 49
    System name: 0
    Filename: 48
    Start line: 0
Function #28
    Name: 50
    System name: 0
    Filename: 51
    Start line: 0
Function #29
    Name: 52
    System name: 0
    Filename: 51
    Start line: 0
Function #30
    Name: 53
    System name: 0
    Filename: 54
    Start line: 0
Function #31
    Name: 55
    System name: 0
    Filename: 54
    Start line: 0
Function #32
    Name: 56
    System name: 0
    Filename: 54
    Start line: 0
Function #33
    Name: 57
    System name: 0
    Filename: 51
    Start line: 0
Function #34
    Name: 58
    System name: 0
    Filename: 59
    Start line: 0
Function #35
    Name: 60
    System name: 0
    Filename: 59
    Start line: 0
Function #36
    Name: 61
    System name: 0
    Filename: 62
    Start line: 0
Function #37
    Name: 63
    System name: 0
    Filename: 0
    Start line: 0
Function #38
    Name: 64
    System name: 0
    Filename: 0
    Start line: 0
Function #39
    Name: 65
    System name: 0
    Filename: 0
    Start line: 0
Function #40
    Name: 66
    System name: 0
    Filename: 0
    Start line: 0
Function #41
    Name: 67
    System name: 0
    Filename: 0
    Start line: 0
Function #42
    Name: 68
    System name: 0
    Filename: 37
    Start line: 0
Function #43
    Name: 69
    System name: 0
    Filename: 70
    Start line: 0
Function #44
    Name: 71
    System name: 0
    Filename: 37
    Start line: 0
Function #45
    Name: 72
    System name: 0
    Filename: 54
    Start line: 0
Function #46
    Name: 73
    System name: 0
    Filename: 74
    Start line: 0
Function #47
    Name: 75
    System name: 0
    Filename: 74
    Start line: 0
Function #48
    Name: 76
    System name: 0
    Filename: 77
    Start line: 0
Function #49
    Name: 78
    System name: 0
    Filename: 77
    Start line: 0
Function #50
    Name: 79
    System name: 0
    Filename: 77
    Start line: 0
Function #51
    Name: 80
    System name: 0
    Filename: 77
    Start line: 0
Function #52
    Name: 81
    System name: 0
    Filename: 82
    Start line: 0
Function #53
    Name: 83
    System name: 0
    Filename: 62
    Start line: 0
Function #54
    Name: 84
    System name: 0
    Filename: 82
    Start line: 0
Function #55
    Name: 85
    System name: 0
    Filename: 82
    Start line: 0
Function #56
    Name: 86
    System name: 0
    Filename: 87
    Start line: 0
Function #57
    Name: 88
    System name: 0
    Filename: 87
    Start line: 0
Function #58
    Name: 89
    System name: 0
    Filename: 90
    Start line: 0
Function #59
    Name: 91
    System name: 0
    Filename: 92
    Start line: 0
Function #60
    Name: 93
    System name: 0
    Filename: 92
    Start line: 0
Function #61
    Name: 94
    System name: 0
    Filename: 95
    Start line: 0
Function #62
    Name: 96
    System name: 0
    Filename: 0
    Start line: 0
Function #63
    Name: 97
    System name: 0
    Filename: 0
    Start line: 0
Function #64
    Name: 98
    System name: 0
    Filename: 43
    Start line: 0
Function #65
    Name: 99
    System name: 0
    Filename: 100
    Start line: 0
Function #66
    Name: 101
    System name: 0
    Filename: 102
    Start line: 0
Function #67
    Name: 103
    System name: 0
    Filename: 104
    Start line: 0
Function #68
    Name: 105
    System name: 0
    Filename: 106
    Start line: 0
Function #69
    Name: 107
    System name: 0
    Filename: 106
    Start line: 0
Function #70
    Name: 108
    System name: 0
    Filename: 106
    Start line: 0
Function #71
    Name: 109
    System name: 0
    Filename: 110
    Start line: 0
Function #72
    Name: 111
    System name: 0
    Filename: 110
    Start line: 0
Function #73
    Name: 112
    System name: 0
    Filename: 110
    Start line: 0
Function #74
    Name: 113
    System name: 0
    Filename: 0
    Start line: 0
Function #75
    Name: 114
    System name: 0
    Filename: 87
    Start line: 0
Function #76
    Name: 115
    System name: 0
    Filename: 0
    Start line: 0
Function #77
    Name: 116
    System name: 0
    Filename: 0
    Start line: 0
Function #78
    Name: 117
    System name: 0
    Filename: 0
    Start line: 0
Function #79
    Name: 118
    System name: 0
    Filename: 119
    Start line: 0
Function #80
    Name: 121
    System name: 0
    Filename: 0
    Start line: 0
Function #81
    Name: 122
    System name: 0
    Filename: 0
    Start line: 0
Function #82
    Name: 123
    System name: 0
    Filename: 0
    Start line: 0
Function #83
    Name: 124
    System name: 0
    Filename: 0
    Start line: 0
Function #84
    Name: 125
    System name: 0
    Filename: 0
    Start line: 0
Function #85
    Name: 126
    System name: 0
    Filename: 0
    Start line: 0
Function #86
    Name: 127
    System name: 0
    Filename: 0
    Start line: 0
Function #87
    Name: 128
    System name: 0
    Filename: 0
    Start line: 0
Function #88
    Name: 129
    System name: 0
    Filename: 0
    Start line: 0
Function #89
    Name: 130
    System name: 0
    Filename: 0
    Start line: 0
Function #90
    Name: 131
    System name: 0
    Filename: 0
    Start line: 0
Function #91
    Name: 132
    System name: 0
    Filename: 0
    Start line: 0
Function #92
    Name: 133
    System name: 0
    Filename: 0
    Start line: 0
Function #93
    Name: 134
    System name: 0
    Filename: 0
    Start line: 0
Function #94
    Name: 135
    System name: 0
    Filename: 0
    Start line: 0
Function #95
    Name: 136
    System name: 0
    Filename: 0
    Start line: 0
Function #96
    Name: 137
    System name: 0
    Filename: 0
    Start line: 0
Function #97
    Name: 138
    System name: 0
    Filename: 0
    Start line: 0
Function #98
    Name: 139
    System name: 0
    Filename: 0
    Start line: 0
Function #99
    Name: 140
    System name: 0
    Filename: 0
    Start line: 0
Function #100
    Name: 142
    System name: 0
    Filename: 0
    Start line: 0
Function #101
    Name: 143
    System name: 0
    Filename: 0
    Start line: 0
Function #102
    Name: 144
    System name: 0
    Filename: 0
    Start line: 0
Function #103
    Name: 145
    System name: 0
    Filename: 0
    Start line: 0
Function #104
    Name: 146
    System name: 0
    Filename: 0
    Start line: 0
Function #105
    Name: 147
    System name: 0
    Filename: 0
    Start line: 0
Function #106
    Name: 148
    System name: 0
    Filename: 0
    Start line: 0
Function #107
    Name: 149
    System name: 0
    Filename: 0
    Start line: 0
Function #108
    Name: 150
    System name: 0
    Filename: 0
    Start line: 0
Function #109
    Name: 151
    System name: 0
    Filename: 0
    Start line: 0
Function #110
    Name: 152
    System name: 0
    Filename: 0
    Start line: 0
Function #111
    Name: 153
    System name: 0
    Filename: 0
    Start line: 0
Function #112
    Name: 154
    System name: 0
    Filename: 0
    Start line: 0
Function #113
    Name: 155
    System name: 0
    Filename: 0
    Start line: 0
Function #114
    Name: 156
    System name: 0
    Filename: 0
    Start line: 0
Function #115
    Name: 157
    System name: 0
    Filename: 0
    Start line: 0
Function #116
    Name: 158
    System name: 0
    Filename: 0
    Start line: 0
Function #117
    Name: 159
    System name: 0
    Filename: 0
    Start line: 0
Function #118
    Name: 160
    System name: 0
    Filename: 0
    Start line: 0
Function #119
    Name: 161
    System name: 0
    Filename: 0
    Start line: 0
Function #120
    Name: 162
    System name: 0
    Filename: 0
    Start line: 0
Function #121
    Name: 163
    System name: 0
    Filename: 0
    Start line: 0
Function #122
    Name: 164
    System name: 0
    Filename: 0
    Start line: 0
Function #123
    Name: 165
    System name: 0
    Filename: 0
    Start line: 0
Function #124
    Name: 166
    System name: 0
    Filename: 0
    Start line: 0
Function #125
    Name: 167
    System name: 0
    Filename: 0
    Start line: 0
Function #126
    Name: 168
    System name: 0
    Filename: 0
    Start line: 0
Function #127
    Name: 169
    System name: 0
    Filename: 0
    Start line: 0
Function #128
    Name: 170
    System name: 0
    Filename: 0
    Start line: 0
Function #129
    Name: 171
    System name: 0
    Filename: 0
    Start line: 0
Function #130
    Name: 172
    System name: 0
    Filename: 0
    Start line: 0
Function #131
    Name: 173
    System name: 0
    Filename: 0
    Start line: 0
Function #132
    Name: 174
    System name: 0
    Filename: 0
    Start line: 0
Function #133
    Name: 175
    System name: 0
    Filename: 0
    Start line: 0
Function #134
    Name: 176
    System name: 0
    Filename: 0
    Start line: 0
Function #135
    Name: 177
    System name: 0
    Filename: 0
    Start line: 0
Function #136
    Name: 178
    System name: 0
    Filename: 0
    Start line: 0
Function #137
    Name: 179
    System name: 0
    Filename: 0
    Start line: 0
Function #138
    Name: 180
    System name: 0
    Filename: 0
    Start line: 0
Function #139
    Name: 181
    System name: 0
    Filename: 0
    Start line: 0
Function #140
    Name: 182
    System name: 0
    Filename: 0
    Start line: 0
Function #141
    Name: 183
    System name: 0
    Filename: 0
    Start line: 0
Function #142
    Name: 184
    System name: 0
    Filename: 0
    Start line: 0
Function #143
    Name: 185
    System name: 0
    Filename: 0
    Start line: 0
Function #144
    Name: 186
    System name: 0
    Filename: 0
    Start line: 0
Function #145
    Name: 187
    System name: 0
    Filename: 0
    Start line: 0
Function #146
    Name: 188
    System name: 0
    Filename: 0
    Start line: 0
Function #147
    Name: 189
    System name: 0
    Filename: 0
    Start line: 0
Function #148
    Name: 190
    System name: 0
    Filename: 0
    Start line: 0
Function #149
    Name: 191
    System name: 0
    Filename: 0
    Start line: 0
Function #150
    Name: 192
    System name: 0
    Filename: 0
    Start line: 0
Function #151
    Name: 193
    System name: 0
    Filename: 0
    Start line: 0
Function #152
    Name: 194
    System name: 0
    Filename: 0
    Start line: 0
Function #153
    Name: 195
    System name: 0
    Filename: 0
    Start line: 0
Function #154
    Name: 196
    System name: 0
    Filename: 0
    Start line: 0
Function #155
    Name: 197
    System name: 0
    Filename: 0
    Start line: 0
Function #156
    Name: 198
    System name: 0
    Filename: 0
    Start line: 0
Function #157
    Name: 199
    System name: 0
    Filename: 0
    Start line: 0
Function #158
    Name: 200
    System name: 0
    Filename: 0
    Start line: 0
Function #159
    Name: 201
    System name: 0
    Filename: 0
    Start line: 0
Function #160
    Name: 202
    System name: 0
    Filename: 0
    Start line: 0
Function #161
    Name: 203
    System name: 0
    Filename: 0
    Start line: 0
Function #162
    Name: 204
    System name: 0
    Filename: 0
    Start line: 0
Function #163
    Name: 205
    System name: 0
    Filename: 0
    Start line: 0
Function #164
    Name: 206
    System name: 0
    Filename: 0
    Start line: 0
Function #165
    Name: 207
    System name: 0
    Filename: 0
    Start line: 0
Function #166
    Name: 208
    System name: 0
    Filename: 0
    Start line: 0
Function #167
    Name: 209
    System name: 0
    Filename: 0
    Start line: 0
Function #168
    Name: 210
    System name: 0
    Filename: 0
    Start line: 0
Function #169
    Name: 211
    System name: 0
    Filename: 0
    Start line: 0
Function #170
    Name: 212
    System name: 0
    Filename: 0
    Start line: 0
Function #171
    Name: 213
    System name: 0
    Filename: 0
    Start line: 0
Function #172
    Name: 214
    System name: 0
    Filename: 0
    Start line: 0
Function #173
    Name: 215
    System name: 0
    Filename: 0
    Start line: 0
Function #174
    Name: 216
    System name: 0
    Filename: 0
    Start line: 0
Function #175
    Name: 217
    System name: 0
    Filename: 0
    Start line: 0
Function #176
    Name: 218
    System name: 0
    Filename: 0
    Start line: 0
Function #177
    Name: 219
    System name: 0
    Filename: 0
    Start line: 0
Function #178
    Name: 220
    System name: 0
    Filename: 0
    Start line: 0
Function #179
    Name: 221
    System name: 0
    Filename: 0
    Start line: 0
Function #180
    Name: 222
    System name: 0
    Filename: 0
    Start line: 0
Function #181
    Name: 223
    System name: 0
    Filename: 0
    Start line: 0
Function #182
    Name: 224
    System name: 0
    Filename: 0
    Start line: 0
Function #183
    Name: 225
    System name: 0
    Filename: 0
    Start line: 0
Function #184
    Name: 226
    System name: 0
    Filename: 0
    Start line: 0
Function #185
    Name: 227
    System name: 0
    Filename: 0
    Start line: 0
Function #186
    Name: 228
    System name: 0
    Filename: 0
    Start line: 0
Function #187
    Name: 229
    System name: 0
    Filename: 0
    Start line: 0
Function #188
    Name: 230
    System name: 0
    Filename: 0
    Start line: 0
Function #189
    Name: 231
    System name: 0
    Filename: 0
    Start line: 0
Function #190
    Name: 232
    System name: 0
    Filename: 0
    Start line: 0
Function #191
    Name: 233
    System name: 0
    Filename: 0
    Start line: 0
Function #192
    Name: 234
    System name: 0
    Filename: 0
    Start line: 0
Function #193
    Name: 235
    System name: 0
    Filename: 0
    Start line: 0
Function #194
    Name: 236
    System name: 0
    Filename: 0
    Start line: 0
Function #195
    Name: 237
    System name: 0
    Filename: 0
    Start line: 0
Function #196
    Name: 238
    System name: 0
    Filename: 0
    Start line: 0
Function #197
    Name: 239
    System name: 0
    Filename: 0
    Start line: 0
Function #198
    Name: 240
    System name: 0
    Filename: 0
    Start line: 0
Function #199
    Name: 241
    System name: 0
    Filename: 0
    Start line: 0
Function #200
    Name: 242
    System name: 0
    Filename: 0
    Start line: 0
Function #201
    Name: 243
    System name: 0
    Filename: 0
    Start line: 0
Function #202
    Name: 244
    System name: 0
    Filename: 0
    Start line: 0
Function #203
    Name: 245
    System name: 0
    Filename: 0
    Start line: 0
Function #204
    Name: 246
    System name: 0
    Filename: 0
    Start line: 0
Function #205
    Name: 247
    System name: 0
    Filename: 0
    Start line: 0
Function #206
    Name: 248
    System name: 0
    Filename: 0
    Start line: 0
Function #207
    Name: 249
    System name: 0
    Filename: 0
    Start line: 0
Function #208
    Name: 250
    System name: 0
    Filename: 0
    Start line: 0
Function #209
    Name: 251
    System name: 0
    Filename: 0
    Start line: 0
Function #210
    Name: 252
    System name: 0
    Filename: 0
    Start line: 0
Function #211
    Name: 253
    System name: 0
    Filename: 0
    Start line: 0
Function #212
    Name: 254
    System name: 0
    Filename: 0
    Start line: 0
Function #213
    Name: 255
    System name: 0
    Filename: 0
    Start line: 0
Function #214
    Name: 256
    System name: 0
    Filename: 0
    Start line: 0
Function #215
    Name: 257
    System name: 0
    Filename: 0
    Start line: 0
Function #216
    Name: 258
    System name: 0
    Filename: 0
    Start line: 0
Function #217
    Name: 259
    System name: 0
    Filename: 0
    Start line: 0
Function #218
    Name: 260
    System name: 0
    Filename: 0
    Start line: 0
Function #219
    Name: 261
    System name: 0
    Filename: 0
    Start line: 0
Function #220
    Name: 262
    System name: 0
    Filename: 0
    Start line: 0
Function #221
    Name: 263
    System name: 0
    Filename: 0
    Start line: 0
Function #222
    Name: 264
    System name: 0
    Filename: 0
    Start line: 0
Function #223
    Name: 265
    System name: 0
    Filename: 0
    Start line: 0
Function #224
    Name: 266
    System name: 0
    Filename: 0
    Start line: 0
Function #225
    Name: 267
    System name: 0
    Filename: 0
    Start line: 0
Function #226
    Name: 268
    System name: 0
    Filename: 0
    Start line: 0
Function #227
    Name: 269
    System name: 0
    Filename: 0
    Start line: 0
Function #228
    Name: 270
    System name: 0
    Filename: 0
    Start line: 0
Function #229
    Name: 271
    System name: 0
    Filename: 0
    Start line: 0
Function #230
    Name: 272
    System name: 0
    Filename: 0
    Start line: 0
Function #231
    Name: 273
    System name: 0
    Filename: 0
    Start line: 0
Function #232
    Name: 274
    System name: 0
    Filename: 0
    Start line: 0
Function #233
    Name: 275
    System name: 0
    Filename: 0
    Start line: 0
Function #234
    Name: 276
    System name: 0
    Filename: 0
    Start line: 0
Function #235
    Name: 277
    System name: 0
    Filename: 0
    Start line: 0
Function #236
    Name: 278
    System name: 0
    Filename: 0
    Start line: 0
Function #237
    Name: 279
    System name: 0
    Filename: 0
    Start line: 0
Function #238
    Name: 280
    System name: 0
    Filename: 0
    Start line: 0
Function #239
    Name: 281
    System name: 0
    Filename: 0
    Start line: 0
Function #240
    Name: 282
    System name: 0
    Filename: 0
    Start line: 0
Function #241
    Name: 283
    System name: 0
    Filename: 0
    Start line: 0
Function #242
    Name: 284
    System name: 0
    Filename: 0
    Start line: 0
Function #243
    Name: 285
    System name: 0
    Filename: 0
    Start line: 0
Function #244
    Name: 286
    System name: 0
    Filename: 0
    Start line: 0
Function #245
    Name: 287
    System name: 0
    Filename: 0
    Start line: 0
Function #246
    Name: 289
    System name: 0
    Filename: 0
    Start line: 0
Function #247
    Name: 290
    System name: 0
    Filename: 291
    Start line: 0
Function #248
    Name: 292
    System name: 0
    Filename: 293
    Start line: 0
Function #249
    Name: 294
    System name: 0
    Filename: 0
    Start line: 0
Function #250
    Name: 295
    System name: 0
    Filename: 0
    Start line: 0
Function #251
    Name: 296
    System name: 0
    Filename: 0
    Start line: 0
Function #252
    Name: 297
    System name: 0
    Filename: 298
    Start line: 0
Function #253
    Name: 299
    System name: 0
    Filename: 298
    Start line: 0
Function #254
    Name: 300
    System name: 0
    Filename: 301
    Start line: 0
Function #255
    Name: 302
    System name: 0
    Filename: 301
    Start line: 0
Function #256
    Name: 303
    System name: 0
    Filename: 304
    Start line: 0
Function #257
    Name: 305
    System name: 0
    Filename: 306
    Start line: 0
Function #258
    Name: 307
    System name: 0
    Filename: 306
    Start line: 0
Function #259
    Name: 308
    System name: 0
    Filename: 0
    Start line: 0
Function #260
    Name: 309
    System name: 0
    Filename: 310
    Start line: 0
Function #261
    Name: 311
    System name: 0
    Filename: 312
    Start line: 0
Function #262
    Name: 313
    System name: 0
    Filename: 306
    Start line: 0
Function #263
    Name: 309
    System name: 0
    Filename: 306
    Start line: 0
Function #264
    Name: 314
    System name: 0
    Filename: 306
    Start line: 0
Function #265
    Name: 315
    System name: 0
    Filename: 316
    Start line: 0
Function #266
    Name: 317
    System name: 0
    Filename: 0
    Start line: 0
Function #267
    Name: 318
    System name: 0
    Filename: 319
    Start line: 0
Function #268
    Name: 320
    System name: 0
    Filename: 319
    Start line: 0
Function #269
    Name: 321
    System name: 0
    Filename: 319
    Start line: 0
Function #270
    Name: 322
    System name: 0
    Filename: 319
    Start line: 0
Function #271
    Name: 290
    System name: 0
    Filename: 319
    Start line: 0
Function #272
    Name: 323
    System name: 0
    Filename: 319
    Start line: 0
Function #273
    Name: 324
    System name: 0
    Filename: 319
    Start line: 0
Function #274
    Name: 325
    System name: 0
    Filename: 319
    Start line: 0
Function #275
    Name: 290
    System name: 0
    Filename: 326
    Start line: 0
Function #276
    Name: 327
    System name: 0
    Filename: 0
    Start line: 0
Function #277
    Name: 328
    System name: 0
    Filename: 0
    Start line: 0
Function #278
    Name: 329
    System name: 0
    Filename: 0
    Start line: 0
Function #279
    Name: 330
    System name: 0
    Filename: 0
    Start line: 0
Function #280
    Name: 331
    System name: 0
    Filename: 332
    Start line: 0
Function #281
    Name: 333
    System name: 0
    Filename: 332
    Start line: 0
Function #282
    Name: 334
    System name: 0
    Filename: 332
    Start line: 0
Function #283
    Name: 335
    System name: 0
    Filename: 332
    Start line: 0
Function #284
    Name: 336
    System name: 0
    Filename: 337
    Start line: 0
Function #285
    Name: 290
    System name: 0
    Filename: 337
    Start line: 0
Function #286
    Name: 290
    System name: 0
    Filename: 338
    Start line: 0
Function #287
    Name: 339
    System name: 0
    Filename: 338
    Start line: 0
Function #288
    Name: 340
    System name: 0
    Filename: 341
    Start line: 0
Function #289
    Name: 342
    System name: 0
    Filename: 343
    Start line: 0
Function #290
    Name: 344
    System name: 0
    Filename: 343
    Start line: 0
Function #291
    Name: 340
    System name: 0
    Filename: 343
    Start line: 0
Function #292
    Name: 290
    System name: 0
    Filename: 345
    Start line: 0
Function #293
    Name: 346
    System name: 0
    Filename: 0
    Start line: 0
Function #294
    Name: 347
    System name: 0
    Filename: 348
    Start line: 0
Function #295
    Name: 349
    System name: 0
    Filename: 306
    Start line: 0
Function #296
    Name: 350
    System name: 0
    Filename: 351
    Start line: 0
Function #297
    Name: 352
    System name: 0
    Filename: 351
    Start line: 0
Function #298
    Name: 353
    System name: 0
    Filename: 345
    Start line: 0
Function #299
    Name: 354
    System name: 0
    Filename: 355
    Start line: 0
Function #300
    Name: 356
    System name: 0
    Filename: 355
    Start line: 0
Function #301
    Name: 357
    System name: 0
    Filename: 355
    Start line: 0
Function #302
    Name: 358
    System name: 0
    Filename: 355
    Start line: 0
Function #303
    Name: 359
    System name: 0
    Filename: 355
    Start line: 0
Function #304
    Name: 360
    System name: 0
    Filename: 361
    Start line: 0
Function #305
    Name: 362
    System name: 0
    Filename: 361
    Start line: 0
Function #306
    Name: 363
    System name: 0
    Filename: 364
    Start line: 0
Function #307
    Name: 365
    System name: 0
    Filename: 364
    Start line: 0
Function #308
    Name: 366
    System name: 0
    Filename: 364
    Start line: 0
Function #309
    Name: 367
    System name: 0
    Filename: 364
    Start line: 0
Function #310
    Name: 368
    System name: 0
    Filename: 319
    Start line: 0
Function #311
    Name: 369
    System name: 0
    Filename: 351
    Start line: 0
Function #312
    Name: 370
    System name: 0
    Filename: 371
    Start line: 0
Function #313
    Name: 372
    System name: 0
    Filename: 306
    Start line: 0
Function #314
    Name: 373
    System name: 0
    Filename: 306
    Start line: 0
Function #315
    Name: 374
    System name: 0
    Filename: 306
    Start line: 0
Function #316
    Name: 375
    System name: 0
    Filename: 376
    Start line: 0
Function #317
    Name: 377
    System name: 0
    Filename: 306
    Start line: 0
Function #318
    Name: 378
    System name: 0
    Filename: 351
    Start line: 0
Function #319
    Name: 379
    System name: 0
    Filename: 351
    Start line: 0
Function #320
    Name: 380
    System name: 0
    Filename: 376
    Start line: 0
Function #321
    Name: 381
    System name: 0
    Filename: 376
    Start line: 0
Function #322
    Name: 290
    System name: 0
    Filename: 382
    Start line: 0
Function #323
    Name: 383
    System name: 0
    Filename: 316
    Start line: 0
Function #324
    Name: 384
    System name: 0
    Filename: 385
    Start line: 0
Function #325
    Name: 386
    System name: 0
    Filename: 387
    Start line: 0
Function #326
    Name: 388
    System name: 0
    Filename: 387
    Start line: 0
Function #327
    Name: 389
    System name: 0
    Filename: 387
    Start line: 0
Function #328
    Name: 390
    System name: 0
    Filename: 387
    Start line: 0
Function #329
    Name: 391
    System name: 0
    Filename: 387
    Start line: 0
Function #330
    Name: 392
    System name: 0
    Filename: 393
    Start line: 0
Function #331
    Name: 394
    System name: 0
    Filename: 310
    Start line: 0
Function #332
    Name: 395
    System name: 0
    Filename: 310
    Start line: 0
Function #333
    Name: 396
    System name: 0
    Filename: 310
    Start line: 0
Function #334
    Name: 397
    System name: 0
    Filename: 398
    Start line: 0
Function #335
    Name: 399
    System name: 0
    Filename: 398
    Start line: 0
Function #336
    Name: 400
    System name: 0
    Filename: 398
    Start line: 0
Function #337
    Name: 401
    System name: 0
    Filename: 402
    Start line: 0
Function #338
    Name: 403
    System name: 0
    Filename: 404
    Start line: 0
Function #339
    Name: 405
    System name: 0
    Filename: 404
    Start line: 0
Function #340
    Name: 406
    System name: 0
    Filename: 319
    Start line: 0
Function #341
    Name: 407
    System name: 0
    Filename: 298
    Start line: 0
Function #342
    Name: 408
    System name: 0
    Filename: 312
    Start line: 0
Function #343
    Name: 410
    System name: 0
    Filename: 0
    Start line: 0
Function #344
    Name: 411
    System name: 0
    Filename: 0
    Start line: 0
Function #345
    Name: 412
    System name: 0
    Filename: 0
    Start line: 0
Function #346
    Name: 413
    System name: 0
    Filename: 0
    Start line: 0
Function #347
    Name: 414
    System name: 0
    Filename: 0
    Start line: 0
Function #348
    Name: 415
    System name: 0
    Filename: 0
    Start line: 0
Function #349
    Name: 416
    System name: 0
    Filename: 0
    Start line: 0
Function #350
    Name: 417
    System name: 0
    Filename: 0
    Start line: 0
Function #351
    Name: 418
    System name: 0
    Filename: 0
    Start line: 0
Function #352
    Name: 419
    System name: 0
    Filename: 0
    Start line: 0
Function #353
    Name: 420
    System name: 0
    Filename: 0
    Start line: 0
Function #354
    Name: 421
    System name: 0
    Filename: 0
    Start line: 0
Function #355
    Name: 422
    System name: 0
    Filename: 0
    Start line: 0
Function #356
    Name: 423
    System name: 0
    Filename: 0
    Start line: 0
Function #357
    Name: 424
    System name: 0
    Filename: 0
    Start line: 0
Function #358
    Name: 425
    System name: 0
    Filename: 0
    Start line: 0
Function #359
    Name: 426
    System name: 0
    Filename: 0
    Start line: 0
Function #360
    Name: 427
    System name: 0
    Filename: 0
    Start line: 0
Function #361
    Name: 428
    System name: 0
    Filename: 0
    Start line: 0
Attribute table:
     -> Key: Int(19)
     -> Value: Str(2711)
     -> unit: Int(0)
Link table:
     -> Trace ID: Str()
     -> Span ID: Str()
String table:
    
    cpu
    nanoseconds
    samples
    count
    vmlinux
    process.executable.build_id.gnu
    process.executable.build_id.htlhash
    smp_call_function_single
    profile.frame.type
    trc_wait_for_one_reader.part.0
    check_all_holdout_tasks_trace
    rcu_tasks_wait_gp
    rcu_tasks_one_gp
    rcu_tasks_kthread
    kthread
    ret_from_fork
    ret_from_fork_asm
    thread.name
    thread.id
    cpu.logical_number
    libc.so.6
    qemu-system-x86_64
    codex
    _copy_from_user
    generic_map_update_batch
    bpf_map_do_batch
    __sys_bpf
    __x64_sys_bpf
    x64_sys_call
    do_syscall_64
    entry_SYSCALL_64_after_hwframe
    otelcol-ebpf-profiler
    process.executable.build_id.go
    internal/runtime/syscall.Syscall6
    /home/yunwei37/go/pkg/mod/golang.org/toolchain@v0.0.1-go1.25.0.linux-amd64/src/internal/runtime/syscall/asm_linux_amd64.s
    syscall.RawSyscall6
    /home/yunwei37/go/pkg/mod/golang.org/toolchain@v0.0.1-go1.25.0.linux-amd64/src/syscall/syscall_linux.go
    syscall.Syscall
    <autogenerated>
    github.com/cilium/ebpf/internal/sys.BPF
    /home/yunwei37/go/pkg/mod/github.com/cilium/ebpf@v0.21.0/internal/unix/types_linux.go
    github.com/cilium/ebpf.(*Map).batchUpdate
    /home/yunwei37/go/pkg/mod/github.com/cilium/ebpf@v0.21.0/map.go
    github.com/cilium/ebpf.(*Map).BatchUpdate
    go.opentelemetry.io/ebpf-profiler/processmanager/ebpf.(*ebpfMapsImpl).UpdateExeIDToStackDeltas
    /tmp/opentelemetry-ebpf-profiler/processmanager/ebpf/ebpf.go
    go.opentelemetry.io/ebpf-profiler/processmanager/execinfomanager.(*executableInfoManagerState).loadDeltas
    /tmp/opentelemetry-ebpf-profiler/processmanager/execinfomanager/manager.go
    go.opentelemetry.io/ebpf-profiler/processmanager/execinfomanager.(*ExecutableInfoManager).AddOrIncRef
    go.opentelemetry.io/ebpf-profiler/processmanager.(*ProcessManager).newFrameMapping
    /tmp/opentelemetry-ebpf-profiler/processmanager/processinfo.go
    go.opentelemetry.io/ebpf-profiler/processmanager.(*ProcessManager).SynchronizeProcess.func1
    go.opentelemetry.io/ebpf-profiler/process.(*systemProcess).IterateMappings.func1
    /tmp/opentelemetry-ebpf-profiler/process/process.go
    go.opentelemetry.io/ebpf-profiler/process.iterateMappings
    go.opentelemetry.io/ebpf-profiler/process.(*systemProcess).IterateMappings
    go.opentelemetry.io/ebpf-profiler/processmanager.(*ProcessManager).SynchronizeProcess
    go.opentelemetry.io/ebpf-profiler/tracer.(*Tracer).processPIDEvents
    /tmp/opentelemetry-ebpf-profiler/tracer/events.go
    go.opentelemetry.io/ebpf-profiler/tracer.(*Tracer).StartPIDEventProcessor.gowrap1
    runtime.goexit
    /home/yunwei37/go/pkg/mod/golang.org/toolchain@v0.0.1-go1.25.0.linux-amd64/src/runtime/asm_amd64.s
    nd_jump_root
    path_lookupat
    filename_lookup
    do_readlinkat
    __x64_sys_readlinkat
    syscall.Syscall6
    syscall.readlinkat
    /home/yunwei37/go/pkg/mod/golang.org/toolchain@v0.0.1-go1.25.0.linux-amd64/src/syscall/zsyscall_linux_amd64.go
    os.readlink
    go.opentelemetry.io/ebpf-profiler/process.(*systemProcess).GetExe
    runtime.(*unwinder).resolveInternal
    /home/yunwei37/go/pkg/mod/golang.org/toolchain@v0.0.1-go1.25.0.linux-amd64/src/runtime/traceback.go
    runtime.(*unwinder).initAt
    runtime.scanstack
    /home/yunwei37/go/pkg/mod/golang.org/toolchain@v0.0.1-go1.25.0.linux-amd64/src/runtime/mgcmark.go
    runtime.markroot.func1
    runtime.markroot
    runtime.gcDrain
    runtime.gcBgMarkWorker.func2
    /home/yunwei37/go/pkg/mod/golang.org/toolchain@v0.0.1-go1.25.0.linux-amd64/src/runtime/mgc.go
    runtime.systemstack
    runtime.gcBgMarkWorker
    runtime.gcBgMarkStartWorkers.gowrap1
    slices.partitionCmpFunc[go.shape.struct { Address uint64; Hints uint8; Info go.opentelemetry.io/ebpf-profiler/support.UnwindInfo }]
    /home/yunwei37/go/pkg/mod/golang.org/toolchain@v0.0.1-go1.25.0.linux-amd64/src/slices/zsortanyfunc.go
    slices.pdqsortCmpFunc[go.shape.struct { Address uint64; Hints uint8; Info go.opentelemetry.io/ebpf-profiler/support.UnwindInfo }]
    go.opentelemetry.io/ebpf-profiler/nativeunwind/stackdeltatypes.(*StackDeltaArray).Sort
    /tmp/opentelemetry-ebpf-profiler/nativeunwind/stackdeltatypes/stackdeltatypes.go
    go.opentelemetry.io/ebpf-profiler/nativeunwind/elfunwindinfo.extractFile
    /tmp/opentelemetry-ebpf-profiler/nativeunwind/elfunwindinfo/stackdeltaextraction.go
    go.opentelemetry.io/ebpf-profiler/nativeunwind/elfunwindinfo.ExtractELF
    go.opentelemetry.io/ebpf-profiler/nativeunwind/elfunwindinfo.(*ELFStackDeltaProvider).GetIntervalStructuresForFile
    /tmp/opentelemetry-ebpf-profiler/nativeunwind/elfunwindinfo/stackdeltaprovider.go
    __kvmalloc_node_noprof
    map_delete_elem
    github.com/cilium/ebpf.(*Map).Delete
    go.opentelemetry.io/ebpf-profiler/tracer.(*Tracer).StartMapMonitors.func1
    /tmp/opentelemetry-ebpf-profiler/tracer/tracer.go
    go.opentelemetry.io/ebpf-profiler/periodiccaller.StartWithManualTrigger.func1
    /tmp/opentelemetry-ebpf-profiler/periodiccaller/periodiccaller.go
    go.opentelemetry.io/ebpf-profiler/stringutil.FieldsN
    /tmp/opentelemetry-ebpf-profiler/stringutil/stringutil.go
    runtime.mallocgcSmallScanNoHeader
    /home/yunwei37/go/pkg/mod/golang.org/toolchain@v0.0.1-go1.25.0.linux-amd64/src/runtime/malloc.go
    runtime.mallocgc
    runtime.newobject
    go.opentelemetry.io/ebpf-profiler/nativeunwind/elfunwindinfo.(*elfExtractor).parseFDE
    /tmp/opentelemetry-ebpf-profiler/nativeunwind/elfunwindinfo/elfehframe.go
    go.opentelemetry.io/ebpf-profiler/nativeunwind/elfunwindinfo.(*elfExtractor).walkBinSearchTable
    go.opentelemetry.io/ebpf-profiler/nativeunwind/elfunwindinfo.(*elfExtractor).parseEHFrame
    __check_object_size
    slices.partialInsertionSortCmpFunc[go.shape.struct { Address uint64; Hints uint8; Info go.opentelemetry.io/ebpf-profiler/support.UnwindInfo }]
    __check_heap_object
    check_heap_object
    __check_object_size.part.0
    runtime.duffzero
    /home/yunwei37/go/pkg/mod/golang.org/toolchain@v0.0.1-go1.25.0.linux-amd64/src/runtime/duff_amd64.s
    nvidia
    osDevReadReg032
    _regRead
    crashcatEngineLoadWayfinder_IMPL
    crashcatEngineGetNextCrashReport_IMPL
    kgspHealthCheck_TU102
    _kgspRpcDrainEvents
    _kgspRpcRecvPoll
    _issueRpcAndWait
    rpcRmApiControl_GSP
    kgmmuClientShadowFaultBufferRegister_IMPL
    kgmmuClientShadowFaultBufferAllocate_IMPL
    faultbufCtrlCmdMmuFaultBufferRegisterNonReplayBuf_IMPL
    resControl_IMPL
    serverControl
    _rmapiRmControl
    rmapiControlWithSecInfo
    rmapiControlWithSecInfoTls
    rmapiControl
    nvGpuOpsInitFaultInfo
    nvUvmInterfaceInitFaultInfo
    nvidia_uvm
    uvm_parent_gpu_fault_buffer_init
    uvm_parent_gpu_init_isr
    uvm_gpu_retain_by_uuid
    uvm_va_space_register_gpu
    uvm_api_register_gpu
    uvm_ioctl
    uvm_unlocked_ioctl_entry.part.0
    uvm_unlocked_ioctl_entry
    __x64_sys_ioctl
    smp_call_function_many_cond
    on_each_cpu_cond_mask
    native_flush_tlb_multi
    arch_tlbbatch_flush
    try_to_unmap_flush
    shrink_folio_list
    evict_folios
    try_to_shrink_lruvec
    shrink_one
    shrink_many
    shrink_node
    do_try_to_free_pages
    try_to_free_pages
    __alloc_pages_slowpath.constprop.0
    __alloc_frozen_pages_noprof
    alloc_pages_mpol
    alloc_pages_noprof
    get_free_pages_noprof
    nv_alloc_system_pages
    nv_alloc_pages
    osAllocPagesInternal
    memdescAlloc
    sysmemConstruct_IMPL
    __nvoc_objCreate_SystemMemory
    __nvoc_objCreateDynamic
    resservResourceFactory
    _clientAllocResourceHelper
    serverAllocResourceUnderLock
    serverAllocResource
    rmapiAllocWithSecInfo
    rmapiAllocWithSecInfoTls
    rmapiAlloc
    nvGpuOpsAllocPhysical
    nvGpuOpsGpuMalloc.isra.0
    nvGpuOpsMemoryAllocSys
    nvUvmInterfaceMemoryAllocSys
    uvm_rm_mem_alloc
    uvm_rm_mem_alloc_and_map_cpu
    uvm_pushbuffer_create
    uvm_channel_manager_create
    rpcRmApiDupObject_GSP
    kchangrpapiCopyConstruct_IMPL
    kchangrpapiConstruct_IMPL
    __nvoc_objCreate_KernelChannelGroupApi
    clientCopyResource_IMPL
    serverCopyResource
    rmapiDupObjectWithSecInfo
    rmapiDupObject
    nvGpuOpsRetainChannel
    nvUvmInterfaceRetainChannel
    uvm_api_register_channel
    next_uptodate_folio
    filemap_map_pages
    do_read_fault
    do_fault
    handle_pte_fault
    __handle_mm_fault
    handle_mm_fault
    do_user_addr_fault
    exc_page_fault
    asm_exc_page_fault
    zap_present_ptes.constprop.0
    zap_pte_range
    zap_pmd_range.isra.0
    zap_pud_range.isra.0
    unmap_page_range
    unmap_single_vma
    unmap_vmas
    vms_clear_ptes
    vms_complete_munmap_vmas
    do_vmi_align_munmap
    do_vmi_munmap
    __vm_munmap
    __x64_sys_munmap
    rpcRmApiFree_GSP
    serverFreeResourceRpcUnderLock
    clientFreeResource_IMPL
    rmclientFreeResource_IMPL
    serverFreeResourceTreeUnderLock
    serverFreeResourceTree
    rmapiFreeWithSecInfo
    rmapiFreeWithSecInfoTls
    nvGpuOpsTsgDestroy
    rm_gpu_ops_tsg_destroy
    nvUvmInterfaceTsgDestroy
    channel_pool_destroy
    uvm_channel_manager_destroy.part.0
    uvm_channel_manager_destroy
    remove_gpu
    uvm_gpu_release_locked
    uvm_va_space_destroy
    uvm_release.isra.0
    uvm_release_entry.part.0.isra.0
    uvm_release_entry
    __fput
    ____fput
    task_work_run
    do_exit
    do_group_exit
    get_signal
    arch_do_signal_or_restart
    syscall_exit_to_user_mode
    kmemsysCacheOp_GH100
    memdescFree
    memDestruct_IMPL
    __nvoc_dtor_Memory
    __nvoc_objDelete
    serverFreeDisabledClients
    rm_cleanup_file_private
    nvidia_close
    _raw_spin_unlock_irqrestore
    folio_wake_bit
    folio_unlock
    balance_pgdat
    kswapd
    slab_update_freelist.isra.0
    __slab_free
    kmem_cache_free
    __d_free
    rcu_do_batch
    rcu_core
    rcu_core_si
    handle_softirqs
    __irq_exit_rcu
    irq_exit_rcu
    sysvec_apic_timer_interrupt
    asm_sysvec_apic_timer_interrupt
    ___d_drop
    __dentry_kill
    shrink_dentry_list
    prune_dcache_sb
    super_cache_scan
    do_shrink_slab
    shrink_slab_memcg
    shrink_slab
    flush_tlb_mm_range
    tlb_finish_mmu
    node
    V8::ExitFrame
    <anonymous>
    file:///home/fishclaw/.nvm/versions/node/v22.22.0/lib/node_modules/openclaw/dist/schemas-6cH6bZ7o.js
    lstatSync
    node:fs
    V8::BuiltinExitFrame
    V8::InternalFrame
    V8::EntryFrame
    deserializePackageJSON
    node:internal/modules/package_json_reader
    getPackageScopeConfig
    getFileProtocolModuleFormat
    node:internal/modules/esm/get_format
    defaultGetFormatWithoutErrors
    defaultResolve
    node:internal/modules/esm/resolve
    #cachedDefaultResolve
    node:internal/modules/esm/loader
    #resolveAndMaybeBlockOnLoaderThread
    V8::ConstructFrame
    resolve
    file:///home/fishclaw/.nvm/versions/node/v22.22.0/lib/node_modules/openclaw/dist/plugin-module-loader-cache-lz0qhu-X.js
    resolveWithHooks
    node:internal/modules/customization_hooks
    resolveSync
    getModuleJobForImport
    _link
    node:internal/modules/esm/module_job
    V8::StubFrame
    normalizeStringValue
    file:///home/fishclaw/.nvm/versions/node/v22.22.0/lib/node_modules/openclaw/dist/io-fQmSDfK-.js
    normalizeAny
    normalizeConfigPaths
    materializeRuntimeConfig
    validateConfigObjectWithPlugins
    measure
    readConfigFileSnapshotInternal
    <unknown>
    get_mem_cgroup_from_mm
    __mem_cgroup_charge
    alloc_anon_folio
    do_anonymous_page
    isSensitiveFieldKey
    file:///home/fishclaw/.nvm/versions/node/v22.22.0/lib/node_modules/openclaw/dist/redact-DN0dJKIU.js
    redactSensitiveFieldValueWithOptions
    redactStructuredSecretValue
    redactSecrets
    redactLogRecordForTransport
    file:///home/fishclaw/.nvm/versions/node/v22.22.0/lib/node_modules/openclaw/dist/logger-563BnNMV.js
    file:///home/fishclaw/.nvm/versions/node/v22.22.0/lib/node_modules/openclaw/node_modules/tslog/esm/BaseLogger.js
    log
    info
    file:///home/fishclaw/.nvm/versions/node/v22.22.0/lib/node_modules/openclaw/node_modules/tslog/esm/index.js
    logToFile
    file:///home/fishclaw/.nvm/versions/node/v22.22.0/lib/node_modules/openclaw/dist/subsystem-BbA2Znit.js
    emitLog
    file:///home/fishclaw/.nvm/versions/node/v22.22.0/lib/node_modules/openclaw/dist/run-ELm7DZny.js
    V8::UnknownFrame
    tracePromise
    node:diagnostics_channel
    import
    defaultImportModuleDynamicallyForModule
    node:internal/modules/esm/utils
    importModuleDynamicallyCallback
    maybeLogPendingControlUiBuild
    tableExists
    file:///home/fishclaw/.nvm/versions/node/v22.22.0/lib/node_modules/openclaw/dist/openclaw-state-db-J6qYHGxK.js
    ensureColumn
    ensureAdditiveStateColumns
    ensureSchema
    openOpenClawStateDatabase
    readPersistedInstalledPluginIndexFromSqlite
    file:///home/fishclaw/.nvm/versions/node/v22.22.0/lib/node_modules/openclaw/dist/installed-plugin-index-store-Cw5ijacD.js
    readPersistedInstalledPluginIndexSync
    resolvePersistedRegistryFastMemoFingerprint
    file:///home/fishclaw/.nvm/versions/node/v22.22.0/lib/node_modules/openclaw/dist/plugin-metadata-snapshot-DXKcDDxT.js
    resolvePersistedRegistryMemoStateForLookup
    loadPluginMetadataSnapshot
    resolvePluginMetadataSnapshot
    loadValidationPluginMetadataSnapshot
    compileSourceTextModule
    moduleStrategy
    node:internal/modules/esm/translators
    #translate
    loadAndTranslate
    #createModuleJob
    get
    node:internal/modules/esm/module_map
    #getJobFromResolveResult
    getDefaultConditionsSet
    getConditionsSet
    #getModuleCachedImports
    serializeKey
    file:///home/fishclaw/.nvm/versions/node/v22.22.0/lib/node_modules/openclaw/dist/ids-COROyziI.js
    run
    relative
    node:path
    relativeInsideRoot
    file:///home/fishclaw/.nvm/versions/node/v22.22.0/lib/node_modules/openclaw/dist/root-path-BgCKz8X4.js
    buildResolvedRootPath
    finalizeLexicalResolution
    resolveRootPathLexicalSync
    resolveRootPathSync
    listWorkspacePackageExportAliasEntries
    file:///home/fishclaw/.nvm/versions/node/v22.22.0/lib/node_modules/openclaw/dist/sdk-alias-ZgondhPg.js
    listInternalCorePackageNativeAliases
    installOpenClawInternalCorePackageNativeResolver
    getCachedPluginModuleLoader
    getModuleLoader
    file:///home/fishclaw/.nvm/versions/node/v22.22.0/lib/node_modules/openclaw/dist/public-surface-loader-CqBVRQ-t.js
    loadPublicSurfaceModule
    loadBundledPluginPublicArtifactModuleSync
    loadBundledChannelDoctorContractApi
    file:///home/fishclaw/.nvm/versions/node/v22.22.0/lib/node_modules/openclaw/dist/legacy-config-migrations-DGNBoJQP.js
    collectChannelLegacyConfigRules
    file:///home/fishclaw/.nvm/versions/node/v22.22.0/lib/node_modules/openclaw/dist/legacy-config-issues-S00NaeKY.js
    findDoctorLegacyConfigIssues
    collectInvalidConfigLegacyIssues
    get exports
    nextStep
    agentsight
    lockref_get
    proc_fd_link
    proc_pid_readlink
    vfs_readlink
    __x64_sys_readlink
    mntput_no_expire
    mntput
    path_put
    vfs_statx
    do_statx
    __x64_sys_statx
    established_get_first
    tcp_seq_next
    seq_read_iter
    seq_read
    proc_reg_read
    vfs_read
    ksys_read
    __x64_sys_read
ResourceProfiles #0
Resource SchemaURL: https://opentelemetry.io/schemas/1.37.0
Resource attributes:
     -> process.pid: Int(164)
ScopeProfiles #0
ScopeProfiles SchemaURL: https://opentelemetry.io/schemas/1.37.0
InstrumentationScope go.opentelemetry.io/ebpf-profiler v0.0.0
Profile #0
    Profile ID     : 
    Start time     : 2026-06-21 21:10:08.413562096 +0000 UTC
    DurationNano   : 5143311575
    Dropped attributes count: 0
    Sample #0
        Values: []
        Attributes:
             -> thread.name: rcu_tasks_trace
             -> thread.id: %!s(int64=164)
             -> cpu.logical_number: %!s(int64=13)
ResourceProfiles #1
Resource SchemaURL: https://opentelemetry.io/schemas/1.37.0
Resource attributes:
     -> process.pid: Int(1275494)
     -> process.executable.path: Str(/usr/local/bin/qemu-system-x86_64)
     -> process.executable.name: Str(qemu-system-x86_64)
ScopeProfiles #0
ScopeProfiles SchemaURL: https://opentelemetry.io/schemas/1.37.0
InstrumentationScope go.opentelemetry.io/ebpf-profiler v0.0.0
Profile #0
    Profile ID     : 
    Start time     : 2026-06-21 21:10:08.413562096 +0000 UTC
    DurationNano   : 5143311575
    Dropped attributes count: 0
    Sample #0
        Values: []
        Attributes:
             -> thread.name: qemu-system-x86
             -> thread.id: %!s(int64=1275499)
             -> cpu.logical_number: %!s(int64=0)
    Sample #1
        Values: []
        Attributes:
             -> thread.name: qemu-system-x86
             -> thread.id: %!s(int64=1275497)
             -> cpu.logical_number: %!s(int64=1)
    Sample #2
        Values: []
        Attributes:
             -> thread.name: qemu-system-x86
             -> thread.id: %!s(int64=1275498)
             -> cpu.logical_number: %!s(int64=3)
    Sample #3
        Values: []
        Attributes:
             -> thread.name: qemu-system-x86
             -> thread.id: %!s(int64=1275500)
             -> cpu.logical_number: %!s(int64=4)
    Sample #4
        Values: []
        Attributes:
             -> thread.name: qemu-system-x86
             -> thread.id: %!s(int64=1275502)
             -> cpu.logical_number: %!s(int64=5)
ResourceProfiles #2
Resource SchemaURL: https://opentelemetry.io/schemas/1.37.0
Resource attributes:
     -> process.pid: Int(6917)
     -> process.executable.path: Str(/home/yunwei37/.nvm/versions/node/v22.22.0/lib/node_modules/@openai/codex/node_modules/@openai/codex-linux-x64/vendor/x86_64-unknown-linux-musl/bin/codex)
     -> process.executable.name: Str(codex)
ScopeProfiles #0
ScopeProfiles SchemaURL: https://opentelemetry.io/schemas/1.37.0
InstrumentationScope go.opentelemetry.io/ebpf-profiler v0.0.0
Profile #0
    Profile ID     : 
    Start time     : 2026-06-21 21:10:08.413562096 +0000 UTC
    DurationNano   : 5143311575
    Dropped attributes count: 0
    Sample #0
        Values: []
        Attributes:
             -> thread.name: tokio-rt-worker
             -> thread.id: %!s(int64=6941)
             -> cpu.logical_number: %!s(int64=17)
    Sample #1
        Values: []
        Attributes:
             -> thread.name: sqlx-sqlite-wor
             -> thread.id: %!s(int64=1259652)
             -> cpu.logical_number: %!s(int64=16)
    Sample #2
        Values: []
        Attributes:
             -> thread.name: sqlx-sqlite-wor
             -> thread.id: %!s(int64=1234982)
             -> cpu.logical_number: %!s(int64=18)
    Sample #3
        Values: []
        Attributes:
             -> thread.name: tokio-rt-worker
             -> thread.id: %!s(int64=6925)
             -> cpu.logical_number: %!s(int64=20)
    Sample #4
        Values: []
        Attributes:
             -> thread.name: sqlx-sqlite-wor
             -> thread.id: %!s(int64=1259652)
             -> cpu.logical_number: %!s(int64=16)
ResourceProfiles #3
Resource SchemaURL: https://opentelemetry.io/schemas/1.37.0
Resource attributes:
     -> process.pid: Int(1280371)
     -> process.executable.path: Str(/tmp/opentelemetry-ebpf-profiler/otelcol-ebpf-profiler)
     -> process.executable.name: Str(otelcol-ebpf-profiler)
ScopeProfiles #0
ScopeProfiles SchemaURL: https://opentelemetry.io/schemas/1.37.0
InstrumentationScope go.opentelemetry.io/ebpf-profiler v0.0.0
Profile #0
    Profile ID     : 
    Start time     : 2026-06-21 21:10:08.413562096 +0000 UTC
    DurationNano   : 5143311575
    Dropped attributes count: 0
    Sample #0
        Values: []
        Attributes:
             -> thread.name: otelcol-ebpf-pr
             -> thread.id: %!s(int64=1280434)
             -> cpu.logical_number: %!s(int64=9)
    Sample #1
        Values: []
        Attributes:
             -> thread.name: otelcol-ebpf-pr
             -> thread.id: %!s(int64=1280421)
             -> cpu.logical_number: %!s(int64=22)
    Sample #2
        Values: []
        Attributes:
             -> thread.name: otelcol-ebpf-pr
             -> thread.id: %!s(int64=1280426)
             -> cpu.logical_number: %!s(int64=17)
    Sample #3
        Values: []
        Attributes:
             -> thread.name: otelcol-ebpf-pr
             -> thread.id: %!s(int64=1280421)
             -> cpu.logical_number: %!s(int64=2)
    Sample #4
        Values: []
        Attributes:
             -> thread.name: otelcol-ebpf-pr
             -> thread.id: %!s(int64=1280422)
             -> cpu.logical_number: %!s(int64=16)
    Sample #5
        Values: []
        Attributes:
             -> thread.name: otelcol-ebpf-pr
             -> thread.id: %!s(int64=1280422)
             -> cpu.logical_number: %!s(int64=16)
    Sample #6
        Values: []
        Attributes:
             -> thread.name: otelcol-ebpf-pr
             -> thread.id: %!s(int64=1280421)
             -> cpu.logical_number: %!s(int64=22)
    Sample #7
        Values: []
        Attributes:
             -> thread.name: otelcol-ebpf-pr
             -> thread.id: %!s(int64=1280424)
             -> cpu.logical_number: %!s(int64=8)
    Sample #8
        Values: []
        Attributes:
             -> thread.name: otelcol-ebpf-pr
             -> thread.id: %!s(int64=1280411)
             -> cpu.logical_number: %!s(int64=19)
    Sample #9
        Values: []
        Attributes:
             -> thread.name: otelcol-ebpf-pr
             -> thread.id: %!s(int64=1280421)
             -> cpu.logical_number: %!s(int64=22)
    Sample #10
        Values: []
        Attributes:
             -> thread.name: otelcol-ebpf-pr
             -> thread.id: %!s(int64=1280421)
             -> cpu.logical_number: %!s(int64=2)
    Sample #11
        Values: []
        Attributes:
             -> thread.name: otelcol-ebpf-pr
             -> thread.id: %!s(int64=1280421)
             -> cpu.logical_number: %!s(int64=2)
    Sample #12
        Values: []
        Attributes:
             -> thread.name: otelcol-ebpf-pr
             -> thread.id: %!s(int64=1280434)
             -> cpu.logical_number: %!s(int64=9)
    Sample #13
        Values: []
        Attributes:
             -> thread.name: otelcol-ebpf-pr
             -> thread.id: %!s(int64=1280427)
             -> cpu.logical_number: %!s(int64=23)
    Sample #14
        Values: []
        Attributes:
             -> thread.name: otelcol-ebpf-pr
             -> thread.id: %!s(int64=1280421)
             -> cpu.logical_number: %!s(int64=2)
    Sample #15
        Values: []
        Attributes:
             -> thread.name: otelcol-ebpf-pr
             -> thread.id: %!s(int64=1280424)
             -> cpu.logical_number: %!s(int64=8)
ResourceProfiles #4
Resource SchemaURL: https://opentelemetry.io/schemas/1.37.0
Resource attributes:
     -> process.pid: Int(1280469)
     -> process.executable.path: Str(/home/yunwei37/workspace/gpu/bpftime/example/otel-ebpf-profiler/victim)
     -> process.executable.name: Str(victim)
ScopeProfiles #0
ScopeProfiles SchemaURL: https://opentelemetry.io/schemas/1.37.0
InstrumentationScope go.opentelemetry.io/ebpf-profiler v0.0.0
Profile #0
    Profile ID     : 
    Start time     : 2026-06-21 21:10:08.413562096 +0000 UTC
    DurationNano   : 5143311575
    Dropped attributes count: 0
    Sample #0
        Values: []
        Attributes:
             -> thread.name: victim
             -> thread.id: %!s(int64=1280469)
             -> cpu.logical_number: %!s(int64=7)
    Sample #1
        Values: []
        Attributes:
             -> thread.name: victim
             -> thread.id: %!s(int64=1280469)
             -> cpu.logical_number: %!s(int64=7)
    Sample #2
        Values: []
        Attributes:
             -> thread.name: victim
             -> thread.id: %!s(int64=1280469)
             -> cpu.logical_number: %!s(int64=7)
    Sample #3
        Values: []
        Attributes:
             -> thread.name: victim
             -> thread.id: %!s(int64=1280469)
             -> cpu.logical_number: %!s(int64=7)
    Sample #4
        Values: []
        Attributes:
             -> thread.name: victim
             -> thread.id: %!s(int64=1280469)
             -> cpu.logical_number: %!s(int64=7)
    Sample #5
        Values: []
        Attributes:
             -> thread.name: victim
             -> thread.id: %!s(int64=1280469)
             -> cpu.logical_number: %!s(int64=7)
    Sample #6
        Values: []
        Attributes:
             -> thread.name: cuda-EvtHandlr
             -> thread.id: %!s(int64=1280476)
             -> cpu.logical_number: %!s(int64=13)
    Sample #7
        Values: []
        Attributes:
             -> thread.name: cuda-EvtHandlr
             -> thread.id: %!s(int64=1280476)
             -> cpu.logical_number: %!s(int64=13)
ResourceProfiles #5
Resource SchemaURL: https://opentelemetry.io/schemas/1.37.0
Resource attributes:
     -> process.pid: Int(190)
ScopeProfiles #0
ScopeProfiles SchemaURL: https://opentelemetry.io/schemas/1.37.0
InstrumentationScope go.opentelemetry.io/ebpf-profiler v0.0.0
Profile #0
    Profile ID     : 
    Start time     : 2026-06-21 21:10:08.413562096 +0000 UTC
    DurationNano   : 5143311575
    Dropped attributes count: 0
    Sample #0
        Values: []
        Attributes:
             -> thread.name: kswapd0
             -> thread.id: %!s(int64=190)
             -> cpu.logical_number: %!s(int64=2)
    Sample #1
        Values: []
        Attributes:
             -> thread.name: kswapd0
             -> thread.id: %!s(int64=190)
             -> cpu.logical_number: %!s(int64=2)
ResourceProfiles #6
Resource SchemaURL: https://opentelemetry.io/schemas/1.37.0
Resource attributes:
     -> process.pid: Int(1280484)
     -> process.executable.path: Str(/home/fishclaw/.nvm/versions/node/v22.22.0/bin/node)
     -> process.executable.name: Str(node)
ScopeProfiles #0
ScopeProfiles SchemaURL: https://opentelemetry.io/schemas/1.37.0
InstrumentationScope go.opentelemetry.io/ebpf-profiler v0.0.0
Profile #0
    Profile ID     : 
    Start time     : 2026-06-21 21:10:08.413562096 +0000 UTC
    DurationNano   : 5143311575
    Dropped attributes count: 0
    Sample #0
        Values: []
        Attributes:
             -> thread.name: node
             -> thread.id: %!s(int64=1280484)
             -> cpu.logical_number: %!s(int64=6)
    Sample #1
        Values: []
        Attributes:
             -> thread.name: node
             -> thread.id: %!s(int64=1280487)
             -> cpu.logical_number: %!s(int64=23)
    Sample #2
        Values: []
        Attributes:
             -> thread.name: node
             -> thread.id: %!s(int64=1280484)
             -> cpu.logical_number: %!s(int64=6)
    Sample #3
        Values: []
        Attributes:
             -> thread.name: node
             -> thread.id: %!s(int64=1280484)
             -> cpu.logical_number: %!s(int64=6)
    Sample #4
        Values: []
        Attributes:
             -> thread.name: node
             -> thread.id: %!s(int64=1280484)
             -> cpu.logical_number: %!s(int64=6)
    Sample #5
        Values: []
        Attributes:
             -> thread.name: node
             -> thread.id: %!s(int64=1280484)
             -> cpu.logical_number: %!s(int64=7)
    Sample #6
        Values: []
        Attributes:
             -> thread.name: node
             -> thread.id: %!s(int64=1280484)
             -> cpu.logical_number: %!s(int64=7)
    Sample #7
        Values: []
        Attributes:
             -> thread.name: node
             -> thread.id: %!s(int64=1280484)
             -> cpu.logical_number: %!s(int64=7)
    Sample #8
        Values: []
        Attributes:
             -> thread.name: node
             -> thread.id: %!s(int64=1280484)
             -> cpu.logical_number: %!s(int64=7)
    Sample #9
        Values: []
        Attributes:
             -> thread.name: node
             -> thread.id: %!s(int64=1280484)
             -> cpu.logical_number: %!s(int64=6)
    Sample #10
        Values: []
        Attributes:
             -> thread.name: node
             -> thread.id: %!s(int64=1280486)
             -> cpu.logical_number: %!s(int64=18)
    Sample #11
        Values: []
        Attributes:
             -> thread.name: node
             -> thread.id: %!s(int64=1280489)
             -> cpu.logical_number: %!s(int64=16)
    Sample #12
        Values: []
        Attributes:
             -> thread.name: node
             -> thread.id: %!s(int64=1280487)
             -> cpu.logical_number: %!s(int64=23)
    Sample #13
        Values: []
        Attributes:
             -> thread.name: node
             -> thread.id: %!s(int64=1280486)
             -> cpu.logical_number: %!s(int64=17)
    Sample #14
        Values: []
        Attributes:
             -> thread.name: node
             -> thread.id: %!s(int64=1280487)
             -> cpu.logical_number: %!s(int64=23)
    Sample #15
        Values: []
        Attributes:
             -> thread.name: node
             -> thread.id: %!s(int64=1280486)
             -> cpu.logical_number: %!s(int64=17)
    Sample #16
        Values: []
        Attributes:
             -> thread.name: node
             -> thread.id: %!s(int64=1280488)
             -> cpu.logical_number: %!s(int64=15)
    Sample #17
        Values: []
        Attributes:
             -> thread.name: node
             -> thread.id: %!s(int64=1280484)
             -> cpu.logical_number: %!s(int64=6)
    Sample #18
        Values: []
        Attributes:
             -> thread.name: node
             -> thread.id: %!s(int64=1280488)
             -> cpu.logical_number: %!s(int64=14)
    Sample #19
        Values: []
        Attributes:
             -> thread.name: node
             -> thread.id: %!s(int64=1280489)
             -> cpu.logical_number: %!s(int64=16)
    Sample #20
        Values: []
        Attributes:
             -> thread.name: node
             -> thread.id: %!s(int64=1280484)
             -> cpu.logical_number: %!s(int64=7)
    Sample #21
        Values: []
        Attributes:
             -> thread.name: node
             -> thread.id: %!s(int64=1280484)
             -> cpu.logical_number: %!s(int64=7)
    Sample #22
        Values: []
        Attributes:
             -> thread.name: node
             -> thread.id: %!s(int64=1280484)
             -> cpu.logical_number: %!s(int64=6)
    Sample #23
        Values: []
        Attributes:
             -> thread.name: node
             -> thread.id: %!s(int64=1280484)
             -> cpu.logical_number: %!s(int64=6)
    Sample #24
        Values: []
        Attributes:
             -> thread.name: node
             -> thread.id: %!s(int64=1280484)
             -> cpu.logical_number: %!s(int64=6)
    Sample #25
        Values: []
        Attributes:
             -> thread.name: node
             -> thread.id: %!s(int64=1280484)
             -> cpu.logical_number: %!s(int64=6)
    Sample #26
        Values: []
        Attributes:
             -> thread.name: node
             -> thread.id: %!s(int64=1280484)
             -> cpu.logical_number: %!s(int64=6)
    Sample #27
        Values: []
        Attributes:
             -> thread.name: node
             -> thread.id: %!s(int64=1280484)
             -> cpu.logical_number: %!s(int64=6)
    Sample #28
        Values: []
        Attributes:
             -> thread.name: node
             -> thread.id: %!s(int64=1280484)
             -> cpu.logical_number: %!s(int64=6)
    Sample #29
        Values: []
        Attributes:
             -> thread.name: node
             -> thread.id: %!s(int64=1280484)
             -> cpu.logical_number: %!s(int64=7)
    Sample #30
        Values: []
        Attributes:
             -> thread.name: node
             -> thread.id: %!s(int64=1280484)
             -> cpu.logical_number: %!s(int64=6)
    Sample #31
        Values: []
        Attributes:
             -> thread.name: node
             -> thread.id: %!s(int64=1280488)
             -> cpu.logical_number: %!s(int64=15)
    Sample #32
        Values: []
        Attributes:
             -> thread.name: node
             -> thread.id: %!s(int64=1280487)
             -> cpu.logical_number: %!s(int64=23)
    Sample #33
        Values: []
        Attributes:
             -> thread.name: node
             -> thread.id: %!s(int64=1280484)
             -> cpu.logical_number: %!s(int64=7)
    Sample #34
        Values: []
        Attributes:
             -> thread.name: node
             -> thread.id: %!s(int64=1280484)
             -> cpu.logical_number: %!s(int64=6)
    Sample #35
        Values: []
        Attributes:
             -> thread.name: node
             -> thread.id: %!s(int64=1280486)
             -> cpu.logical_number: %!s(int64=18)
    Sample #36
        Values: []
        Attributes:
             -> thread.name: node
             -> thread.id: %!s(int64=1280487)
             -> cpu.logical_number: %!s(int64=23)
    Sample #37
        Values: []
        Attributes:
             -> thread.name: node
             -> thread.id: %!s(int64=1280487)
             -> cpu.logical_number: %!s(int64=23)
ResourceProfiles #7
Resource SchemaURL: https://opentelemetry.io/schemas/1.37.0
Resource attributes:
     -> process.pid: Int(2711)
     -> process.executable.path: Str(/home/yunwei37/.cargo/bin/agentsight)
     -> process.executable.name: Str(agentsight)
ScopeProfiles #0
ScopeProfiles SchemaURL: https://opentelemetry.io/schemas/1.37.0
InstrumentationScope go.opentelemetry.io/ebpf-profiler v0.0.0
Profile #0
    Profile ID     : 
    Start time     : 2026-06-21 21:10:08.413562096 +0000 UTC
    DurationNano   : 5143311575
    Dropped attributes count: 0
    Sample #0
        Values: []
        Attributes:
             -> thread.name: agentsight
             -> thread.id: %!s(int64=2711)
             -> cpu.logical_number: %!s(int64=2)
    Sample #1
        Values: []
        Attributes:
             -> thread.name: agentsight
             -> thread.id: %!s(int64=2711)
             -> cpu.logical_number: %!s(int64=2)
    Sample #2
        Values: []
        Attributes:
             -> thread.name: agentsight
             -> thread.id: %!s(int64=2711)
             -> cpu.logical_number: %!s(int64=2)
    Sample #3
        Values: []
        Attributes:
             -> thread.name: agentsight
             -> thread.id: %!s(int64=2711)
             -> cpu.logical_number: %!s(int64=2)
	{"resource": {"service.instance.id": "fc2d5377-e0e4-4cae-95d4-13bb3c2947b8", "service.name": "otelcol-ebpf-profiler", "service.version": "dev"}, "otelcol.component.id": "debug", "otelcol.component.kind": "exporter", "otelcol.signal": "profiles"}
2026-06-21T14:10:15.180-0700	info	otelcol@v0.154.0/collector.go:391	Received signal from OS	{"resource": {"service.instance.id": "fc2d5377-e0e4-4cae-95d4-13bb3c2947b8", "service.name": "otelcol-ebpf-profiler", "service.version": "dev"}, "signal": "terminated"}
2026-06-21T14:10:15.181-0700	info	service@v0.154.0/service.go:278	Starting shutdown...	{"resource": {"service.instance.id": "fc2d5377-e0e4-4cae-95d4-13bb3c2947b8", "service.name": "otelcol-ebpf-profiler", "service.version": "dev"}}
2026-06-21T14:10:15.181-0700	info	Stop processing ...	{"resource": {"service.instance.id": "fc2d5377-e0e4-4cae-95d4-13bb3c2947b8", "service.name": "otelcol-ebpf-profiler", "service.version": "dev"}, "otelcol.component.id": "profiling", "otelcol.component.kind": "receiver", "otelcol.signal": "profiles"}
2026-06-21T14:10:15.479-0700	info	extensions/extensions.go:69	Stopping extensions...	{"resource": {"service.instance.id": "fc2d5377-e0e4-4cae-95d4-13bb3c2947b8", "service.name": "otelcol-ebpf-profiler", "service.version": "dev"}}
2026-06-21T14:10:15.479-0700	info	service@v0.154.0/service.go:292	Shutdown complete.	{"resource": {"service.instance.id": "fc2d5377-e0e4-4cae-95d4-13bb3c2947b8", "service.name": "otelcol-ebpf-profiler", "service.version": "dev"}}
