2026-06-21T12:26:31.721-0700	info	otelconftelemetry/tracer.go:47	Internal trace telemetry disabled	{"resource": {"service.instance.id": "54b697f9-9a22-423b-b64f-a8fb73d1fcb3", "service.name": "otelcol-ebpf-profiler", "service.version": "dev"}}
2026-06-21T12:26:31.722-0700	info	builders/builders.go:28	Development component. May change in the future.	{"resource": {"service.instance.id": "54b697f9-9a22-423b-b64f-a8fb73d1fcb3", "service.name": "otelcol-ebpf-profiler", "service.version": "dev"}, "otelcol.component.id": "profiling", "otelcol.component.kind": "receiver", "otelcol.signal": "profiles"}
2026-06-21T12:26:31.724-0700	info	service@v0.154.0/service.go:241	Starting otelcol-ebpf-profiler...	{"resource": {"service.instance.id": "54b697f9-9a22-423b-b64f-a8fb73d1fcb3", "service.name": "otelcol-ebpf-profiler", "service.version": "dev"}, "Version": "dev", "NumCPU": 24}
2026-06-21T12:26:31.724-0700	info	extensions/extensions.go:41	Starting extensions...	{"resource": {"service.instance.id": "54b697f9-9a22-423b-b64f-a8fb73d1fcb3", "service.name": "otelcol-ebpf-profiler", "service.version": "dev"}}
2026-06-21T12:26:31.724-0700	info	Interpreter tracers: perl,php,python,hotspot,ruby,v8,dotnet,luajit,go,labels,beam	{"resource": {"service.instance.id": "54b697f9-9a22-423b-b64f-a8fb73d1fcb3", "service.name": "otelcol-ebpf-profiler", "service.version": "dev"}, "otelcol.component.id": "profiling", "otelcol.component.kind": "receiver", "otelcol.signal": "profiles"}
2026-06-21T12:26:31.952-0700	info	Found offsets: task stack 0x20, pt_regs 0x3f48, tpbase 0x25a8	{"resource": {"service.instance.id": "54b697f9-9a22-423b-b64f-a8fb73d1fcb3", "service.name": "otelcol-ebpf-profiler", "service.version": "dev"}, "otelcol.component.id": "profiling", "otelcol.component.kind": "receiver", "otelcol.signal": "profiles"}
2026-06-21T12:26:31.952-0700	info	Skip pinning eBPF map to share OTel span/trace IDs	{"resource": {"service.instance.id": "54b697f9-9a22-423b-b64f-a8fb73d1fcb3", "service.name": "otelcol-ebpf-profiler", "service.version": "dev"}, "otelcol.component.id": "profiling", "otelcol.component.kind": "receiver", "otelcol.signal": "profiles"}
2026-06-21T12:26:32.777-0700	info	Supports LPM trie eBPF map batch operations	{"resource": {"service.instance.id": "54b697f9-9a22-423b-b64f-a8fb73d1fcb3", "service.name": "otelcol-ebpf-profiler", "service.version": "dev"}, "otelcol.component.id": "profiling", "otelcol.component.kind": "receiver", "otelcol.signal": "profiles"}
2026-06-21T12:26:32.778-0700	info	eBPF tracer loaded	{"resource": {"service.instance.id": "54b697f9-9a22-423b-b64f-a8fb73d1fcb3", "service.name": "otelcol-ebpf-profiler", "service.version": "dev"}, "otelcol.component.id": "profiling", "otelcol.component.kind": "receiver", "otelcol.signal": "profiles"}
2026-06-21T12:26:32.779-0700	info	Attached tracer program	{"resource": {"service.instance.id": "54b697f9-9a22-423b-b64f-a8fb73d1fcb3", "service.name": "otelcol-ebpf-profiler", "service.version": "dev"}, "otelcol.component.id": "profiling", "otelcol.component.kind": "receiver", "otelcol.signal": "profiles"}
2026-06-21T12:26:32.787-0700	info	Attached probes	{"resource": {"service.instance.id": "54b697f9-9a22-423b-b64f-a8fb73d1fcb3", "service.name": "otelcol-ebpf-profiler", "service.version": "dev"}, "otelcol.component.id": "profiling", "otelcol.component.kind": "receiver", "otelcol.signal": "profiles"}
2026-06-21T12:26:32.789-0700	info	Attached sched monitor	{"resource": {"service.instance.id": "54b697f9-9a22-423b-b64f-a8fb73d1fcb3", "service.name": "otelcol-ebpf-profiler", "service.version": "dev"}, "otelcol.component.id": "profiling", "otelcol.component.kind": "receiver", "otelcol.signal": "profiles"}
2026-06-21T12:26:32.812-0700	info	service@v0.154.0/service.go:264	Everything is ready. Begin running and processing data.	{"resource": {"service.instance.id": "54b697f9-9a22-423b-b64f-a8fb73d1fcb3", "service.name": "otelcol-ebpf-profiler", "service.version": "dev"}}
2026-06-21T12:26:36.726-0700	info	Profiles	{"resource": {"service.instance.id": "54b697f9-9a22-423b-b64f-a8fb73d1fcb3", "service.name": "otelcol-ebpf-profiler", "service.version": "dev"}, "otelcol.component.id": "debug", "otelcol.component.kind": "exporter", "otelcol.signal": "profiles", "resource profiles": 5, "sample records": 124}
2026-06-21T12:26:36.726-0700	info	Mapping #0
    Memory start: 0
    Memory limit: 0
    File offset: 0
    File name: 0
    Attributes: []
Mapping #1
    Memory start: 4194304
    Memory limit: 19996672
    File offset: 0
    File name: 5
    Attributes: [1 2]
Mapping #2
    Memory start: 0
    Memory limit: 0
    File offset: 0
    File name: 61
    Attributes: [12 13]
Mapping #3
    Memory start: 14893056
    Memory limit: 53129216
    File offset: 10698752
    File name: 142
    Attributes: [22 23]
Mapping #4
    Memory start: 163840
    Memory limit: 1769472
    File offset: 163840
    File name: 143
    Attributes: [24]
Mapping #5
    Memory start: 14532608
    Memory limit: 21663744
    File offset: 14528512
    File name: 265
    Attributes: [38 39]
Mapping #6
    Memory start: 7925760
    Memory limit: 214024192
    File offset: 7925760
    File name: 275
    Attributes: [42]
Mapping #7
    Memory start: 0
    Memory limit: 117968896
    File offset: 0
    File name: 276
    Attributes: [46 47]
Mapping #8
    Memory start: 0
    Memory limit: 61755392
    File offset: 0
    File name: 277
    Attributes: [48]
Mapping #9
    Memory start: 0
    Memory limit: 135168
    File offset: 0
    File name: 278
    Attributes: [49]
Mapping #10
    Memory start: 667648
    Memory limit: 2093056
    File offset: 667648
    File name: 279
    Attributes: [53]
Location #0
    Mapping index: 0
    Address: 0
    Attributes: []
Location #1
    Mapping index: 1
    Address: 18933262
    Line #0
        Function index: 1
        Line: 1010
        Column: 0
    Attributes: [3]
Location #2
    Mapping index: 1
    Address: 18935371
    Line #0
        Function index: 2
        Line: 1191
        Column: 0
    Attributes: [3]
Location #3
    Mapping index: 1
    Address: 18936615
    Line #0
        Function index: 3
        Line: 1246
        Column: 0
    Attributes: [3]
Location #4
    Mapping index: 1
    Address: 18958365
    Line #0
        Function index: 4
        Line: 209
        Column: 0
    Attributes: [3]
Location #5
    Mapping index: 1
    Address: 18957892
    Line #0
        Function index: 5
        Line: 182
        Column: 0
    Attributes: [3]
Location #6
    Mapping index: 1
    Address: 18959142
    Line #0
        Function index: 6
        Line: 37
        Column: 0
    Attributes: [3]
Location #7
    Mapping index: 1
    Address: 19372701
    Line #0
        Function index: 7
        Line: 187
        Column: 0
    Attributes: [3]
Location #8
    Mapping index: 1
    Address: 19422167
    Line #0
        Function index: 8
        Line: 384
        Column: 0
    Attributes: [3]
Location #9
    Mapping index: 1
    Address: 19432468
    Line #0
        Function index: 9
        Line: 606
        Column: 0
    Attributes: [3]
Location #10
    Mapping index: 1
    Address: 18445717
    Line #0
        Function index: 10
        Line: 403
        Column: 0
    Attributes: [3]
Location #11
    Mapping index: 1
    Address: 18443691
    Line #0
        Function index: 11
        Line: 378
        Column: 0
    Attributes: [3]
Location #12
    Mapping index: 1
    Address: 18444583
    Line #0
        Function index: 12
        Line: 407
        Column: 0
    Attributes: [3]
Location #13
    Mapping index: 1
    Address: 19428093
    Line #0
        Function index: 13
        Line: 552
        Column: 0
    Attributes: [3]
Location #14
    Mapping index: 1
    Address: 19501466
    Line #0
        Function index: 14
        Line: 57
        Column: 0
    Attributes: [3]
Location #15
    Mapping index: 1
    Address: 19500935
    Line #0
        Function index: 15
        Line: 47
        Column: 0
    Attributes: [3]
Location #16
    Mapping index: 1
    Address: 4740960
    Line #0
        Function index: 16
        Line: 1694
        Column: 0
    Attributes: [3]
Location #17
    Mapping index: 1
    Address: 4740294
    Line #0
        Function index: 17
        Line: 806
        Column: 0
    Attributes: [3]
Location #18
    Mapping index: 1
    Address: 4488209
    Line #0
        Function index: 18
        Line: 248
        Column: 0
    Attributes: [3]
Location #19
    Mapping index: 1
    Address: 4370116
    Line #0
        Function index: 19
        Line: 240
        Column: 0
    Attributes: [3]
Location #20
    Mapping index: 1
    Address: 4369220
    Line #0
        Function index: 20
        Line: 222
        Column: 0
    Attributes: [3]
Location #21
    Mapping index: 1
    Address: 4378642
    Line #0
        Function index: 21
        Line: 1207
        Column: 0
    Attributes: [3]
Location #22
    Mapping index: 1
    Address: 4362893
    Line #0
        Function index: 22
        Line: 1562
        Column: 0
    Attributes: [3]
Location #23
    Mapping index: 1
    Address: 4733225
    Line #0
        Function index: 23
        Line: 517
        Column: 0
    Attributes: [3]
Location #24
    Mapping index: 1
    Address: 4361840
    Line #0
        Function index: 24
        Line: 1523
        Column: 0
    Attributes: [3]
Location #25
    Mapping index: 1
    Address: 4361284
    Line #0
        Function index: 25
        Line: 1373
        Column: 0
    Attributes: [3]
Location #26
    Mapping index: 1
    Address: 4744725
    Line #0
        Function index: 26
        Line: 122
        Column: 0
    Attributes: [3]
Location #27
    Mapping index: 1
    Address: 4719229
    Line #0
        Function index: 27
        Line: 285
        Column: 0
    Attributes: [3]
Location #28
    Mapping index: 1
    Address: 18900310
    Line #0
        Function index: 28
        Line: 119
        Column: 0
    Attributes: [3]
Location #29
    Mapping index: 1
    Address: 18933479
    Line #0
        Function index: 1
        Line: 1003
        Column: 0
    Attributes: [3]
Location #30
    Mapping index: 1
    Address: 4729685
    Line #0
        Function index: 29
        Line: 1266
        Column: 0
    Attributes: [3]
Location #31
    Mapping index: 1
    Address: 4271091
    Line #0
        Function index: 30
        Line: 41
        Column: 0
    Attributes: [3]
Location #32
    Mapping index: 1
    Address: 4261744
    Line #0
        Function index: 31
        Line: 141
        Column: 0
    Attributes: [3]
Location #33
    Mapping index: 1
    Address: 19380920
    Line #0
        Function index: 32
        Line: 506
        Column: 0
    Attributes: [3]
Location #34
    Mapping index: 1
    Address: 19379752
    Line #0
        Function index: 33
        Line: 437
        Column: 0
    Attributes: [3]
Location #35
    Mapping index: 1
    Address: 19373291
    Line #0
        Function index: 7
        Line: 222
        Column: 0
    Attributes: [3]
Location #36
    Mapping index: 2
    Address: 8605468
    Line #0
        Function index: 34
        Line: 0
        Column: 0
    Attributes: [14]
Location #37
    Mapping index: 2
    Address: 8605584
    Line #0
        Function index: 35
        Line: 0
        Column: 0
    Attributes: [14]
Location #38
    Mapping index: 2
    Address: 6564233
    Line #0
        Function index: 36
        Line: 0
        Column: 0
    Attributes: [14]
Location #39
    Mapping index: 2
    Address: 6548654
    Line #0
        Function index: 37
        Line: 0
        Column: 0
    Attributes: [14]
Location #40
    Mapping index: 2
    Address: 6574650
    Line #0
        Function index: 38
        Line: 0
        Column: 0
    Attributes: [14]
Location #41
    Mapping index: 2
    Address: 6576780
    Line #0
        Function index: 39
        Line: 0
        Column: 0
    Attributes: [14]
Location #42
    Mapping index: 2
    Address: 3172050
    Line #0
        Function index: 40
        Line: 0
        Column: 0
    Attributes: [14]
Location #43
    Mapping index: 2
    Address: 22351549
    Line #0
        Function index: 41
        Line: 0
        Column: 0
    Attributes: [14]
Location #44
    Mapping index: 2
    Address: 298
    Line #0
        Function index: 42
        Line: 0
        Column: 0
    Attributes: [14]
Location #45
    Mapping index: 1
    Address: 4224397
    Line #0
        Function index: 43
        Line: 36
        Column: 0
    Attributes: [3]
Location #46
    Mapping index: 1
    Address: 4849036
    Line #0
        Function index: 44
        Line: 67
        Column: 0
    Attributes: [3]
Location #47
    Mapping index: 1
    Address: 4849125
    Line #0
        Function index: 45
        Line: 87
        Column: 0
    Attributes: [3]
Location #48
    Mapping index: 1
    Address: 4852909
    Line #0
        Function index: 46
        Line: 1
        Column: 0
    Attributes: [3]
Location #49
    Mapping index: 1
    Address: 17802355
    Line #0
        Function index: 47
        Line: 95
        Column: 0
    Attributes: [3]
Location #50
    Mapping index: 1
    Address: 18185741
    Line #0
        Function index: 48
        Line: 1420
        Column: 0
    Attributes: [3]
Location #51
    Mapping index: 1
    Address: 18185389
    Line #0
        Function index: 49
        Line: 1399
        Column: 0
    Attributes: [3]
Location #52
    Mapping index: 1
    Address: 19489045
    Line #0
        Function index: 50
        Line: 547
        Column: 0
    Attributes: [3]
Location #53
    Mapping index: 1
    Address: 19380040
    Line #0
        Function index: 33
        Line: 449
        Column: 0
    Attributes: [3]
Location #54
    Mapping index: 2
    Address: 22407463
    Line #0
        Function index: 51
        Line: 0
        Column: 0
    Attributes: [14]
Location #55
    Mapping index: 2
    Address: 22409334
    Line #0
        Function index: 52
        Line: 0
        Column: 0
    Attributes: [14]
Location #56
    Mapping index: 2
    Address: 22438098
    Line #0
        Function index: 53
        Line: 0
        Column: 0
    Attributes: [14]
Location #57
    Mapping index: 2
    Address: 22438210
    Line #0
        Function index: 54
        Line: 0
        Column: 0
    Attributes: [14]
Location #58
    Mapping index: 2
    Address: 9177048
    Line #0
        Function index: 55
        Line: 0
        Column: 0
    Attributes: [14]
Location #59
    Mapping index: 2
    Address: 9177190
    Line #0
        Function index: 56
        Line: 0
        Column: 0
    Attributes: [14]
Location #60
    Mapping index: 2
    Address: 9179707
    Line #0
        Function index: 57
        Line: 0
        Column: 0
    Attributes: [14]
Location #61
    Mapping index: 2
    Address: 3169980
    Line #0
        Function index: 40
        Line: 0
        Column: 0
    Attributes: [14]
Location #62
    Mapping index: 1
    Address: 4849289
    Line #0
        Function index: 58
        Line: 97
        Column: 0
    Attributes: [3]
Location #63
    Mapping index: 1
    Address: 4853020
    Line #0
        Function index: 59
        Line: 1
        Column: 0
    Attributes: [3]
Location #64
    Mapping index: 1
    Address: 10149358
    Line #0
        Function index: 60
        Line: 55
        Column: 0
    Attributes: [3]
Location #65
    Mapping index: 1
    Address: 18479300
    Line #0
        Function index: 61
        Line: 119
        Column: 0
    Attributes: [3]
Location #66
    Mapping index: 1
    Address: 18490198
    Line #0
        Function index: 62
        Line: 364
        Column: 0
    Attributes: [3]
Location #67
    Mapping index: 1
    Address: 19502557
    Line #0
        Function index: 63
        Line: 120
        Column: 0
    Attributes: [3]
Location #68
    Mapping index: 1
    Address: 18963067
    Line #0
        Function index: 64
        Line: 458
        Column: 0
    Attributes: [3]
Location #69
    Mapping index: 1
    Address: 18963716
    Line #0
        Function index: 65
        Line: 454
        Column: 0
    Attributes: [3]
Location #70
    Mapping index: 1
    Address: 18930521
    Line #0
        Function index: 66
        Line: 913
        Column: 0
    Attributes: [3]
Location #71
    Mapping index: 1
    Address: 18932344
    Line #0
        Function index: 1
        Line: 981
        Column: 0
    Attributes: [3]
Location #72
    Mapping index: 1
    Address: 4523895
    Line #0
        Function index: 67
        Line: 6911
        Column: 0
    Attributes: [3]
Location #73
    Mapping index: 1
    Address: 4519345
    Line #0
        Function index: 68
        Line: 3497
        Column: 0
    Attributes: [3]
Location #74
    Mapping index: 1
    Address: 4526512
    Line #0
        Function index: 69
        Line: 4138
        Column: 0
    Attributes: [3]
Location #75
    Mapping index: 1
    Address: 4527652
    Line #0
        Function index: 70
        Line: 4267
        Column: 0
    Attributes: [3]
Location #76
    Mapping index: 1
    Address: 4733108
    Line #0
        Function index: 71
        Line: 462
        Column: 0
    Attributes: [3]
Location #77
    Mapping index: 1
    Address: 18917075
    Line #0
        Function index: 72
        Line: 332
        Column: 0
    Attributes: [3]
Location #78
    Mapping index: 1
    Address: 18931316
    Line #0
        Function index: 66
        Line: 945
        Column: 0
    Attributes: [3]
Location #79
    Mapping index: 1
    Address: 4362713
    Line #0
        Function index: 22
        Line: 1542
        Column: 0
    Attributes: [3]
Location #80
    Mapping index: 1
    Address: 19379544
    Line #0
        Function index: 33
        Line: 428
        Column: 0
    Attributes: [3]
Location #81
    Mapping index: 2
    Address: 22447056
    Line #0
        Function index: 73
        Line: 0
        Column: 0
    Attributes: [14]
Location #82
    Mapping index: 2
    Address: 8014899
    Line #0
        Function index: 74
        Line: 0
        Column: 0
    Attributes: [14]
Location #83
    Mapping index: 2
    Address: 8017302
    Line #0
        Function index: 75
        Line: 0
        Column: 0
    Attributes: [14]
Location #84
    Mapping index: 2
    Address: 8017681
    Line #0
        Function index: 76
        Line: 0
        Column: 0
    Attributes: [14]
Location #85
    Mapping index: 2
    Address: 8021496
    Line #0
        Function index: 77
        Line: 0
        Column: 0
    Attributes: [14]
Location #86
    Mapping index: 2
    Address: 8028738
    Line #0
        Function index: 78
        Line: 0
        Column: 0
    Attributes: [14]
Location #87
    Mapping index: 2
    Address: 8034381
    Line #0
        Function index: 79
        Line: 0
        Column: 0
    Attributes: [14]
Location #88
    Mapping index: 2
    Address: 8276607
    Line #0
        Function index: 80
        Line: 0
        Column: 0
    Attributes: [14]
Location #89
    Mapping index: 2
    Address: 8289146
    Line #0
        Function index: 81
        Line: 0
        Column: 0
    Attributes: [14]
Location #90
    Mapping index: 2
    Address: 7805836
    Line #0
        Function index: 82
        Line: 0
        Column: 0
    Attributes: [14]
Location #91
    Mapping index: 2
    Address: 7806887
    Line #0
        Function index: 83
        Line: 0
        Column: 0
    Attributes: [14]
Location #92
    Mapping index: 2
    Address: 7812860
    Line #0
        Function index: 84
        Line: 0
        Column: 0
    Attributes: [14]
Location #93
    Mapping index: 2
    Address: 7813868
    Line #0
        Function index: 85
        Line: 0
        Column: 0
    Attributes: [14]
Location #94
    Mapping index: 2
    Address: 7815089
    Line #0
        Function index: 86
        Line: 0
        Column: 0
    Attributes: [14]
Location #95
    Mapping index: 2
    Address: 4005607
    Line #0
        Function index: 87
        Line: 0
        Column: 0
    Attributes: [14]
Location #96
    Mapping index: 2
    Address: 22379348
    Line #0
        Function index: 88
        Line: 0
        Column: 0
    Attributes: [14]
Location #97
    Mapping index: 2
    Address: 2998
    Line #0
        Function index: 89
        Line: 0
        Column: 0
    Attributes: [14]
Location #98
    Mapping index: 2
    Address: 12357817
    Line #0
        Function index: 90
        Line: 0
        Column: 0
    Attributes: [14]
Location #99
    Mapping index: 2
    Address: 6564310
    Line #0
        Function index: 36
        Line: 0
        Column: 0
    Attributes: [14]
Location #100
    Mapping index: 1
    Address: 5340218
    Line #0
        Function index: 91
        Line: 637
        Column: 0
    Attributes: [3]
Location #101
    Mapping index: 1
    Address: 5343053
    Line #0
        Function index: 92
        Line: 756
        Column: 0
    Attributes: [3]
Location #102
    Mapping index: 1
    Address: 5353917
    Line #0
        Function index: 93
        Line: 1075
        Column: 0
    Attributes: [3]
Location #103
    Mapping index: 1
    Address: 5317316
    Line #0
        Function index: 94
        Line: 26
        Column: 0
    Attributes: [3]
Location #104
    Mapping index: 1
    Address: 18182728
    Line #0
        Function index: 95
        Line: 1261
        Column: 0
    Attributes: [3]
Location #105
    Mapping index: 1
    Address: 19539343
    Line #0
        Function index: 96
        Line: 925
        Column: 0
    Attributes: [3]
Location #106
    Mapping index: 1
    Address: 19544164
    Line #0
        Function index: 97
        Line: 1111
        Column: 0
    Attributes: [3]
Location #107
    Mapping index: 1
    Address: 18456436
    Line #0
        Function index: 98
        Line: 55
        Column: 0
    Attributes: [3]
Location #108
    Mapping index: 1
    Address: 18929449
    Line #0
        Function index: 99
        Line: 865
        Column: 0
    Attributes: [3]
Location #109
    Mapping index: 1
    Address: 18933225
    Line #0
        Function index: 1
        Line: 1010
        Column: 0
    Attributes: [3]
Location #110
    Mapping index: 2
    Address: 8523602
    Line #0
        Function index: 100
        Line: 0
        Column: 0
    Attributes: [14]
Location #111
    Mapping index: 2
    Address: 7805862
    Line #0
        Function index: 82
        Line: 0
        Column: 0
    Attributes: [14]
Location #112
    Mapping index: 0
    Address: 44925376
    Attributes: [21]
Location #113
    Mapping index: 0
    Address: 45181307
    Attributes: [21]
Location #114
    Mapping index: 0
    Address: 45161961
    Attributes: [21]
Location #115
    Mapping index: 0
    Address: 44839875
    Attributes: [21]
Location #116
    Mapping index: 0
    Address: 48170376
    Attributes: [21]
Location #117
    Mapping index: 0
    Address: 44833130
    Attributes: [21]
Location #118
    Mapping index: 0
    Address: 45185518
    Attributes: [21]
Location #119
    Mapping index: 0
    Address: 44833344
    Attributes: [21]
Location #120
    Mapping index: 0
    Address: 44840947
    Attributes: [21]
Location #121
    Mapping index: 0
    Address: 44842008
    Attributes: [21]
Location #122
    Mapping index: 0
    Address: 45283603
    Attributes: [21]
Location #123
    Mapping index: 0
    Address: 45312717
    Attributes: [21]
Location #124
    Mapping index: 3
    Address: 19660682
    Attributes: [21]
Location #125
    Mapping index: 3
    Address: 19919552
    Attributes: [21]
Location #126
    Mapping index: 3
    Address: 19920478
    Attributes: [21]
Location #127
    Mapping index: 0
    Address: 36980119
    Attributes: [21]
Location #128
    Mapping index: 3
    Address: 16935283
    Attributes: [21]
Location #129
    Mapping index: 4
    Address: 641699
    Attributes: [21]
Location #130
    Mapping index: 4
    Address: 1219691
    Attributes: [21]
Location #131
    Mapping index: 0
    Address: 0
    Line #0
        Function index: 101
        Line: 0
        Column: 0
    Attributes: [28]
Location #132
    Mapping index: 0
    Address: 0
    Line #0
        Function index: 102
        Line: 0
        Column: 0
    Attributes: [28]
Location #133
    Mapping index: 0
    Address: 0
    Line #0
        Function index: 103
        Line: 0
        Column: 0
    Attributes: [28]
Location #134
    Mapping index: 3
    Address: 22459858
    Attributes: [21]
Location #135
    Mapping index: 3
    Address: 22505938
    Attributes: [21]
Location #136
    Mapping index: 3
    Address: 22516348
    Attributes: [21]
Location #137
    Mapping index: 3
    Address: 19480344
    Attributes: [21]
Location #138
    Mapping index: 0
    Address: 0
    Line #0
        Function index: 104
        Line: 0
        Column: 0
    Attributes: [28]
Location #139
    Mapping index: 0
    Address: 0
    Line #0
        Function index: 105
        Line: 0
        Column: 0
    Attributes: [28]
Location #140
    Mapping index: 0
    Address: 0
    Line #0
        Function index: 106
        Line: 0
        Column: 0
    Attributes: [28]
Location #141
    Mapping index: 0
    Address: 0
    Line #0
        Function index: 107
        Line: 0
        Column: 0
    Attributes: [28]
Location #142
    Mapping index: 3
    Address: 20423650
    Attributes: [21]
Location #143
    Mapping index: 3
    Address: 20427604
    Attributes: [21]
Location #144
    Mapping index: 3
    Address: 24137666
    Attributes: [21]
Location #145
    Mapping index: 3
    Address: 25643165
    Attributes: [21]
Location #146
    Mapping index: 3
    Address: 23624076
    Attributes: [21]
Location #147
    Mapping index: 3
    Address: 25667457
    Attributes: [21]
Location #148
    Mapping index: 0
    Address: 0
    Line #0
        Function index: 108
        Line: 0
        Column: 0
    Attributes: [28]
Location #149
    Mapping index: 0
    Address: 0
    Line #0
        Function index: 109
        Line: 0
        Column: 0
    Attributes: [28]
Location #150
    Mapping index: 0
    Address: 0
    Line #0
        Function index: 110
        Line: 0
        Column: 0
    Attributes: [28]
Location #151
    Mapping index: 0
    Address: 0
    Line #0
        Function index: 111
        Line: 0
        Column: 0
    Attributes: [28]
Location #152
    Mapping index: 0
    Address: 0
    Line #0
        Function index: 112
        Line: 0
        Column: 0
    Attributes: [28]
Location #153
    Mapping index: 0
    Address: 0
    Line #0
        Function index: 113
        Line: 0
        Column: 0
    Attributes: [28]
Location #154
    Mapping index: 0
    Address: 0
    Line #0
        Function index: 114
        Line: 0
        Column: 0
    Attributes: [28]
Location #155
    Mapping index: 0
    Address: 0
    Line #0
        Function index: 115
        Line: 0
        Column: 0
    Attributes: [28]
Location #156
    Mapping index: 0
    Address: 0
    Line #0
        Function index: 116
        Line: 0
        Column: 0
    Attributes: [28]
Location #157
    Mapping index: 0
    Address: 0
    Line #0
        Function index: 117
        Line: 238
        Column: 17
    Attributes: [28]
Location #158
    Mapping index: 0
    Address: 0
    Line #0
        Function index: 118
        Line: 296
        Column: 22
    Attributes: [28]
Location #159
    Mapping index: 0
    Address: 0
    Line #0
        Function index: 119
        Line: 0
        Column: 0
    Attributes: [28]
Location #160
    Mapping index: 0
    Address: 0
    Line #0
        Function index: 120
        Line: 0
        Column: 0
    Attributes: [28]
Location #161
    Mapping index: 0
    Address: 0
    Line #0
        Function index: 121
        Line: 0
        Column: 0
    Attributes: [28]
Location #162
    Mapping index: 0
    Address: 0
    Line #0
        Function index: 122
        Line: 0
        Column: 0
    Attributes: [28]
Location #163
    Mapping index: 0
    Address: 0
    Line #0
        Function index: 123
        Line: 0
        Column: 0
    Attributes: [28]
Location #164
    Mapping index: 0
    Address: 0
    Line #0
        Function index: 124
        Line: 0
        Column: 0
    Attributes: [28]
Location #165
    Mapping index: 0
    Address: 0
    Line #0
        Function index: 125
        Line: 0
        Column: 0
    Attributes: [28]
Location #166
    Mapping index: 0
    Address: 0
    Line #0
        Function index: 126
        Line: 0
        Column: 0
    Attributes: [28]
Location #167
    Mapping index: 3
    Address: 20424196
    Attributes: [21]
Location #168
    Mapping index: 3
    Address: 20428857
    Attributes: [21]
Location #169
    Mapping index: 3
    Address: 20635384
    Attributes: [21]
Location #170
    Mapping index: 3
    Address: 20636338
    Attributes: [21]
Location #171
    Mapping index: 3
    Address: 15266858
    Attributes: [21]
Location #172
    Mapping index: 3
    Address: 15267424
    Attributes: [21]
Location #173
    Mapping index: 3
    Address: 16317598
    Attributes: [21]
Location #174
    Mapping index: 3
    Address: 16417175
    Attributes: [21]
Location #175
    Mapping index: 3
    Address: 16314762
    Attributes: [21]
Location #176
    Mapping index: 3
    Address: 30409788
    Attributes: [21]
Location #177
    Mapping index: 3
    Address: 30424754
    Attributes: [21]
Location #178
    Mapping index: 3
    Address: 30518099
    Attributes: [21]
Location #179
    Mapping index: 3
    Address: 30428182
    Attributes: [21]
Location #180
    Mapping index: 3
    Address: 15277125
    Attributes: [21]
Location #181
    Mapping index: 3
    Address: 16703920
    Attributes: [21]
Location #182
    Mapping index: 3
    Address: 16023210
    Attributes: [21]
Location #183
    Mapping index: 4
    Address: 172489
    Attributes: [21]
Location #184
    Mapping index: 4
    Address: 172682
    Attributes: [21]
Location #185
    Mapping index: 3
    Address: 15258461
    Attributes: [21]
Location #186
    Mapping index: 2
    Address: 8766116
    Line #0
        Function index: 127
        Line: 0
        Column: 0
    Attributes: [14]
Location #187
    Mapping index: 2
    Address: 8699329
    Line #0
        Function index: 128
        Line: 0
        Column: 0
    Attributes: [14]
Location #188
    Mapping index: 2
    Address: 8702914
    Line #0
        Function index: 129
        Line: 0
        Column: 0
    Attributes: [14]
Location #189
    Mapping index: 2
    Address: 8703900
    Line #0
        Function index: 130
        Line: 0
        Column: 0
    Attributes: [14]
Location #190
    Mapping index: 2
    Address: 3166946
    Line #0
        Function index: 40
        Line: 0
        Column: 0
    Attributes: [14]
Location #191
    Mapping index: 4
    Address: 1208972
    Attributes: [21]
Location #192
    Mapping index: 3
    Address: 30510018
    Attributes: [21]
Location #193
    Mapping index: 3
    Address: 30438483
    Attributes: [21]
Location #194
    Mapping index: 3
    Address: 30443937
    Attributes: [21]
Location #195
    Mapping index: 3
    Address: 30450751
    Attributes: [21]
Location #196
    Mapping index: 3
    Address: 16392392
    Attributes: [21]
Location #197
    Mapping index: 3
    Address: 16466177
    Attributes: [21]
Location #198
    Mapping index: 0
    Address: 0
    Line #0
        Function index: 131
        Line: 0
        Column: 0
    Attributes: [28]
Location #199
    Mapping index: 0
    Address: 0
    Line #0
        Function index: 132
        Line: 0
        Column: 0
    Attributes: [28]
Location #200
    Mapping index: 0
    Address: 0
    Line #0
        Function index: 133
        Line: 82
        Column: 0
    Attributes: [28]
Location #201
    Mapping index: 0
    Address: 0
    Line #0
        Function index: 134
        Line: 0
        Column: 0
    Attributes: [28]
Location #202
    Mapping index: 0
    Address: 0
    Line #0
        Function index: 135
        Line: 0
        Column: 0
    Attributes: [28]
Location #203
    Mapping index: 0
    Address: 0
    Line #0
        Function index: 136
        Line: 0
        Column: 0
    Attributes: [28]
Location #204
    Mapping index: 0
    Address: 0
    Line #0
        Function index: 137
        Line: 0
        Column: 0
    Attributes: [28]
Location #205
    Mapping index: 0
    Address: 0
    Line #0
        Function index: 138
        Line: 0
        Column: 0
    Attributes: [28]
Location #206
    Mapping index: 0
    Address: 51722005
    Attributes: [21]
Location #207
    Mapping index: 0
    Address: 51746213
    Attributes: [21]
Location #208
    Mapping index: 0
    Address: 51751097
    Attributes: [21]
Location #209
    Mapping index: 0
    Address: 45213331
    Attributes: [21]
Location #210
    Mapping index: 0
    Address: 45311319
    Attributes: [21]
Location #211
    Mapping index: 0
    Address: 45312831
    Attributes: [21]
Location #212
    Mapping index: 3
    Address: 24504736
    Attributes: [21]
Location #213
    Mapping index: 3
    Address: 24505080
    Attributes: [21]
Location #214
    Mapping index: 3
    Address: 24089337
    Attributes: [21]
Location #215
    Mapping index: 3
    Address: 24020021
    Attributes: [21]
Location #216
    Mapping index: 3
    Address: 24132905
    Attributes: [21]
Location #217
    Mapping index: 3
    Address: 23606213
    Attributes: [21]
Location #218
    Mapping index: 3
    Address: 25624081
    Attributes: [21]
Location #219
    Mapping index: 3
    Address: 25635796
    Attributes: [21]
Location #220
    Mapping index: 0
    Address: 0
    Attributes: [28]
Location #221
    Mapping index: 3
    Address: 15268222
    Attributes: [21]
Location #222
    Mapping index: 3
    Address: 15367489
    Attributes: [21]
Location #223
    Mapping index: 3
    Address: 16393305
    Attributes: [21]
Location #224
    Mapping index: 3
    Address: 16416644
    Attributes: [21]
Location #225
    Mapping index: 0
    Address: 45370386
    Attributes: [21]
Location #226
    Mapping index: 0
    Address: 45401652
    Attributes: [21]
Location #227
    Mapping index: 0
    Address: 45235647
    Attributes: [21]
Location #228
    Mapping index: 0
    Address: 45305817
    Attributes: [21]
Location #229
    Mapping index: 3
    Address: 21840622
    Attributes: [21]
Location #230
    Mapping index: 3
    Address: 21846304
    Attributes: [21]
Location #231
    Mapping index: 3
    Address: 21849574
    Attributes: [21]
Location #232
    Mapping index: 3
    Address: 21895523
    Attributes: [21]
Location #233
    Mapping index: 3
    Address: 21895897
    Attributes: [21]
Location #234
    Mapping index: 3
    Address: 21019858
    Attributes: [21]
Location #235
    Mapping index: 3
    Address: 21074471
    Attributes: [21]
Location #236
    Mapping index: 3
    Address: 22485137
    Attributes: [21]
Location #237
    Mapping index: 3
    Address: 22491086
    Attributes: [21]
Location #238
    Mapping index: 3
    Address: 22506483
    Attributes: [21]
Location #239
    Mapping index: 0
    Address: 0
    Line #0
        Function index: 139
        Line: 0
        Column: 0
    Attributes: [28]
Location #240
    Mapping index: 0
    Address: 0
    Line #0
        Function index: 140
        Line: 0
        Column: 0
    Attributes: [28]
Location #241
    Mapping index: 0
    Address: 0
    Line #0
        Function index: 141
        Line: 0
        Column: 0
    Attributes: [28]
Location #242
    Mapping index: 0
    Address: 0
    Line #0
        Function index: 142
        Line: 0
        Column: 0
    Attributes: [28]
Location #243
    Mapping index: 3
    Address: 16024100
    Attributes: [21]
Location #244
    Mapping index: 3
    Address: 15292437
    Attributes: [21]
Location #245
    Mapping index: 3
    Address: 16703983
    Attributes: [21]
Location #246
    Mapping index: 3
    Address: 20834784
    Attributes: [21]
Location #247
    Mapping index: 3
    Address: 20835889
    Attributes: [21]
Location #248
    Mapping index: 3
    Address: 20851059
    Attributes: [21]
Location #249
    Mapping index: 3
    Address: 20860545
    Attributes: [21]
Location #250
    Mapping index: 3
    Address: 22464303
    Attributes: [21]
Location #251
    Mapping index: 3
    Address: 22506004
    Attributes: [21]
Location #252
    Mapping index: 3
    Address: 22464112
    Attributes: [21]
Location #253
    Mapping index: 3
    Address: 22506735
    Attributes: [21]
Location #254
    Mapping index: 0
    Address: 47352585
    Attributes: [21]
Location #255
    Mapping index: 0
    Address: 47354271
    Attributes: [21]
Location #256
    Mapping index: 0
    Address: 47354681
    Attributes: [21]
Location #257
    Mapping index: 0
    Address: 47319888
    Attributes: [21]
Location #258
    Mapping index: 0
    Address: 47320629
    Attributes: [21]
Location #259
    Mapping index: 0
    Address: 50078008
    Attributes: [21]
Location #260
    Mapping index: 0
    Address: 45221127
    Attributes: [21]
Location #261
    Mapping index: 0
    Address: 45306197
    Attributes: [21]
Location #262
    Mapping index: 3
    Address: 21841110
    Attributes: [21]
Location #263
    Mapping index: 3
    Address: 21844446
    Attributes: [21]
Location #264
    Mapping index: 3
    Address: 21892889
    Attributes: [21]
Location #265
    Mapping index: 3
    Address: 21895534
    Attributes: [21]
Location #266
    Mapping index: 4
    Address: 1609095
    Attributes: [21]
Location #267
    Mapping index: 3
    Address: 21840247
    Attributes: [21]
Location #268
    Mapping index: 3
    Address: 21888873
    Attributes: [21]
Location #269
    Mapping index: 3
    Address: 21895803
    Attributes: [21]
Location #270
    Mapping index: 0
    Address: 37027548
    Attributes: [21]
Location #271
    Mapping index: 0
    Address: 37027954
    Attributes: [21]
Location #272
    Mapping index: 3
    Address: 21901819
    Attributes: [21]
Location #273
    Mapping index: 3
    Address: 21223921
    Attributes: [21]
Location #274
    Mapping index: 3
    Address: 21347289
    Attributes: [21]
Location #275
    Mapping index: 3
    Address: 21354168
    Attributes: [21]
Location #276
    Mapping index: 3
    Address: 21367623
    Attributes: [21]
Location #277
    Mapping index: 3
    Address: 30173616
    Attributes: [21]
Location #278
    Mapping index: 0
    Address: 0
    Line #0
        Function index: 143
        Line: 0
        Column: 0
    Attributes: [28]
Location #279
    Mapping index: 0
    Address: 0
    Line #0
        Function index: 144
        Line: 0
        Column: 0
    Attributes: [28]
Location #280
    Mapping index: 0
    Address: 0
    Line #0
        Function index: 145
        Line: 0
        Column: 0
    Attributes: [28]
Location #281
    Mapping index: 2
    Address: 22329974
    Line #0
        Function index: 146
        Line: 0
        Column: 0
    Attributes: [14]
Location #282
    Mapping index: 2
    Address: 8029185
    Line #0
        Function index: 78
        Line: 0
        Column: 0
    Attributes: [14]
Location #283
    Mapping index: 3
    Address: 21840098
    Attributes: [21]
Location #284
    Mapping index: 2
    Address: 4005048
    Line #0
        Function index: 87
        Line: 0
        Column: 0
    Attributes: [14]
Location #285
    Mapping index: 3
    Address: 21849979
    Attributes: [21]
Location #286
    Mapping index: 3
    Address: 21885809
    Attributes: [21]
Location #287
    Mapping index: 3
    Address: 21887322
    Attributes: [21]
Location #288
    Mapping index: 0
    Address: 0
    Line #0
        Function index: 147
        Line: 0
        Column: 0
    Attributes: [28]
Location #289
    Mapping index: 0
    Address: 0
    Line #0
        Function index: 148
        Line: 0
        Column: 0
    Attributes: [28]
Location #290
    Mapping index: 0
    Address: 44392865
    Attributes: [21]
Location #291
    Mapping index: 0
    Address: 44396884
    Attributes: [21]
Location #292
    Mapping index: 0
    Address: 44402653
    Attributes: [21]
Location #293
    Mapping index: 0
    Address: 48658722
    Attributes: [21]
Location #294
    Mapping index: 0
    Address: 45705076
    Attributes: [21]
Location #295
    Mapping index: 0
    Address: 45717190
    Attributes: [21]
Location #296
    Mapping index: 0
    Address: 45717908
    Attributes: [21]
Location #297
    Mapping index: 0
    Address: 45229200
    Attributes: [21]
Location #298
    Mapping index: 0
    Address: 45304855
    Attributes: [21]
Location #299
    Mapping index: 3
    Address: 21844429
    Attributes: [21]
Location #300
    Mapping index: 3
    Address: 21889290
    Attributes: [21]
Location #301
    Mapping index: 0
    Address: 0
    Line #0
        Function index: 149
        Line: 1
        Column: 0
    Attributes: [28]
Location #302
    Mapping index: 0
    Address: 0
    Line #0
        Function index: 150
        Line: 0
        Column: 0
    Attributes: [28]
Location #303
    Mapping index: 0
    Address: 0
    Line #0
        Function index: 151
        Line: 0
        Column: 0
    Attributes: [28]
Location #304
    Mapping index: 0
    Address: 0
    Line #0
        Function index: 152
        Line: 0
        Column: 0
    Attributes: [28]
Location #305
    Mapping index: 0
    Address: 0
    Line #0
        Function index: 153
        Line: 0
        Column: 0
    Attributes: [28]
Location #306
    Mapping index: 0
    Address: 0
    Line #0
        Function index: 154
        Line: 0
        Column: 0
    Attributes: [28]
Location #307
    Mapping index: 0
    Address: 0
    Line #0
        Function index: 155
        Line: 0
        Column: 0
    Attributes: [28]
Location #308
    Mapping index: 0
    Address: 0
    Line #0
        Function index: 156
        Line: 0
        Column: 0
    Attributes: [28]
Location #309
    Mapping index: 3
    Address: 19052805
    Attributes: [21]
Location #310
    Mapping index: 3
    Address: 15963868
    Attributes: [21]
Location #311
    Mapping index: 3
    Address: 24485441
    Attributes: [21]
Location #312
    Mapping index: 3
    Address: 24369152
    Attributes: [21]
Location #313
    Mapping index: 3
    Address: 24368961
    Attributes: [21]
Location #314
    Mapping index: 3
    Address: 24370492
    Attributes: [21]
Location #315
    Mapping index: 3
    Address: 18995569
    Attributes: [21]
Location #316
    Mapping index: 3
    Address: 15983390
    Attributes: [21]
Location #317
    Mapping index: 0
    Address: 0
    Line #0
        Function index: 157
        Line: 0
        Column: 0
    Attributes: [28]
Location #318
    Mapping index: 3
    Address: 16411541
    Attributes: [21]
Location #319
    Mapping index: 3
    Address: 16412425
    Attributes: [21]
Location #320
    Mapping index: 0
    Address: 47528540
    Attributes: [21]
Location #321
    Mapping index: 0
    Address: 47530603
    Attributes: [21]
Location #322
    Mapping index: 0
    Address: 47538233
    Attributes: [21]
Location #323
    Mapping index: 0
    Address: 45307272
    Attributes: [21]
Location #324
    Mapping index: 3
    Address: 24972768
    Attributes: [21]
Location #325
    Mapping index: 3
    Address: 24750772
    Attributes: [21]
Location #326
    Mapping index: 3
    Address: 24751956
    Attributes: [21]
Location #327
    Mapping index: 3
    Address: 24707678
    Attributes: [21]
Location #328
    Mapping index: 3
    Address: 24712748
    Attributes: [21]
Location #329
    Mapping index: 3
    Address: 24715443
    Attributes: [21]
Location #330
    Mapping index: 3
    Address: 24669549
    Attributes: [21]
Location #331
    Mapping index: 3
    Address: 24750349
    Attributes: [21]
Location #332
    Mapping index: 3
    Address: 24761819
    Attributes: [21]
Location #333
    Mapping index: 3
    Address: 24764184
    Attributes: [21]
Location #334
    Mapping index: 3
    Address: 24765638
    Attributes: [21]
Location #335
    Mapping index: 3
    Address: 24787094
    Attributes: [21]
Location #336
    Mapping index: 3
    Address: 19705047
    Attributes: [21]
Location #337
    Mapping index: 3
    Address: 19706189
    Attributes: [21]
Location #338
    Mapping index: 3
    Address: 19706926
    Attributes: [21]
Location #339
    Mapping index: 3
    Address: 19711212
    Attributes: [21]
Location #340
    Mapping index: 3
    Address: 18997854
    Attributes: [21]
Location #341
    Mapping index: 3
    Address: 18999310
    Attributes: [21]
Location #342
    Mapping index: 3
    Address: 15962226
    Attributes: [21]
Location #343
    Mapping index: 3
    Address: 15978729
    Attributes: [21]
Location #344
    Mapping index: 3
    Address: 19316633
    Attributes: [21]
Location #345
    Mapping index: 3
    Address: 19317481
    Attributes: [21]
Location #346
    Mapping index: 0
    Address: 0
    Line #0
        Function index: 158
        Line: 0
        Column: 0
    Attributes: [28]
Location #347
    Mapping index: 0
    Address: 0
    Line #0
        Function index: 159
        Line: 0
        Column: 0
    Attributes: [28]
Location #348
    Mapping index: 0
    Address: 0
    Line #0
        Function index: 160
        Line: 0
        Column: 0
    Attributes: [28]
Location #349
    Mapping index: 0
    Address: 0
    Line #0
        Function index: 161
        Line: 0
        Column: 0
    Attributes: [28]
Location #350
    Mapping index: 0
    Address: 0
    Line #0
        Function index: 162
        Line: 0
        Column: 0
    Attributes: [28]
Location #351
    Mapping index: 0
    Address: 0
    Line #0
        Function index: 163
        Line: 0
        Column: 0
    Attributes: [28]
Location #352
    Mapping index: 0
    Address: 0
    Line #0
        Function index: 164
        Line: 0
        Column: 0
    Attributes: [28]
Location #353
    Mapping index: 0
    Address: 0
    Line #0
        Function index: 165
        Line: 0
        Column: 0
    Attributes: [28]
Location #354
    Mapping index: 4
    Address: 1611082
    Attributes: [21]
Location #355
    Mapping index: 0
    Address: 45315887
    Attributes: [21]
Location #356
    Mapping index: 0
    Address: 45318820
    Attributes: [21]
Location #357
    Mapping index: 3
    Address: 21840606
    Attributes: [21]
Location #358
    Mapping index: 2
    Address: 7963520
    Line #0
        Function index: 166
        Line: 0
        Column: 0
    Attributes: [14]
Location #359
    Mapping index: 2
    Address: 7964899
    Line #0
        Function index: 167
        Line: 0
        Column: 0
    Attributes: [14]
Location #360
    Mapping index: 2
    Address: 7972287
    Line #0
        Function index: 168
        Line: 0
        Column: 0
    Attributes: [14]
Location #361
    Mapping index: 2
    Address: 8140527
    Line #0
        Function index: 169
        Line: 0
        Column: 0
    Attributes: [14]
Location #362
    Mapping index: 2
    Address: 8141312
    Line #0
        Function index: 170
        Line: 0
        Column: 0
    Attributes: [14]
Location #363
    Mapping index: 2
    Address: 8126690
    Line #0
        Function index: 171
        Line: 0
        Column: 0
    Attributes: [14]
Location #364
    Mapping index: 2
    Address: 8130409
    Line #0
        Function index: 172
        Line: 0
        Column: 0
    Attributes: [14]
Location #365
    Mapping index: 2
    Address: 8143476
    Line #0
        Function index: 173
        Line: 0
        Column: 0
    Attributes: [14]
Location #366
    Mapping index: 2
    Address: 8143594
    Line #0
        Function index: 174
        Line: 0
        Column: 0
    Attributes: [14]
Location #367
    Mapping index: 2
    Address: 3169800
    Line #0
        Function index: 40
        Line: 0
        Column: 0
    Attributes: [14]
Location #368
    Mapping index: 4
    Address: 1200362
    Attributes: [21]
Location #369
    Mapping index: 0
    Address: 43993762
    Attributes: [21]
Location #370
    Mapping index: 3
    Address: 26100482
    Attributes: [21]
Location #371
    Mapping index: 3
    Address: 21632684
    Attributes: [21]
Location #372
    Mapping index: 3
    Address: 21633400
    Attributes: [21]
Location #373
    Mapping index: 3
    Address: 21633976
    Attributes: [21]
Location #374
    Mapping index: 3
    Address: 21393923
    Attributes: [21]
Location #375
    Mapping index: 3
    Address: 21396828
    Attributes: [21]
Location #376
    Mapping index: 3
    Address: 21019788
    Attributes: [21]
Location #377
    Mapping index: 3
    Address: 20949971
    Attributes: [21]
Location #378
    Mapping index: 3
    Address: 20957918
    Attributes: [21]
Location #379
    Mapping index: 3
    Address: 21066937
    Attributes: [21]
Location #380
    Mapping index: 3
    Address: 19083580
    Attributes: [21]
Location #381
    Mapping index: 3
    Address: 17990933
    Attributes: [21]
Location #382
    Mapping index: 3
    Address: 18006218
    Attributes: [21]
Location #383
    Mapping index: 0
    Address: 0
    Line #0
        Function index: 175
        Line: 184
        Column: 0
    Attributes: [28]
Location #384
    Mapping index: 0
    Address: 0
    Line #0
        Function index: 176
        Line: 251
        Column: 0
    Attributes: [28]
Location #385
    Mapping index: 0
    Address: 0
    Line #0
        Function index: 177
        Line: 282
        Column: 0
    Attributes: [28]
Location #386
    Mapping index: 0
    Address: 0
    Line #0
        Function index: 178
        Line: 591
        Column: 0
    Attributes: [28]
Location #387
    Mapping index: 0
    Address: 0
    Line #0
        Function index: 179
        Line: 540
        Column: 0
    Attributes: [28]
Location #388
    Mapping index: 0
    Address: 0
    Line #0
        Function index: 180
        Line: 202
        Column: 0
    Attributes: [28]
Location #389
    Mapping index: 0
    Address: 0
    Line #0
        Function index: 181
        Line: 517
        Column: 0
    Attributes: [28]
Location #390
    Mapping index: 0
    Address: 0
    Line #0
        Function index: 182
        Line: 568
        Column: 0
    Attributes: [28]
Location #391
    Mapping index: 0
    Address: 0
    Line #0
        Function index: 183
        Line: 0
        Column: 0
    Attributes: [28]
Location #392
    Mapping index: 0
    Address: 0
    Line #0
        Function index: 184
        Line: 0
        Column: 0
    Attributes: [28]
Location #393
    Mapping index: 3
    Address: 20834111
    Attributes: [21]
Location #394
    Mapping index: 3
    Address: 20835700
    Attributes: [21]
Location #395
    Mapping index: 3
    Address: 20843999
    Attributes: [21]
Location #396
    Mapping index: 3
    Address: 20840600
    Attributes: [21]
Location #397
    Mapping index: 3
    Address: 24462913
    Attributes: [21]
Location #398
    Mapping index: 3
    Address: 24464264
    Attributes: [21]
Location #399
    Mapping index: 3
    Address: 24287218
    Attributes: [21]
Location #400
    Mapping index: 0
    Address: 48517681
    Attributes: [21]
Location #401
    Mapping index: 0
    Address: 48534673
    Attributes: [21]
Location #402
    Mapping index: 0
    Address: 45230646
    Attributes: [21]
Location #403
    Mapping index: 0
    Address: 45306559
    Attributes: [21]
Location #404
    Mapping index: 2
    Address: 8696091
    Line #0
        Function index: 185
        Line: 0
        Column: 0
    Attributes: [14]
Location #405
    Mapping index: 2
    Address: 8702929
    Line #0
        Function index: 129
        Line: 0
        Column: 0
    Attributes: [14]
Location #406
    Mapping index: 0
    Address: 0
    Line #0
        Function index: 186
        Line: 1
        Column: 10
    Attributes: [28]
Location #407
    Mapping index: 0
    Address: 0
    Line #0
        Function index: 187
        Line: 1386
        Column: 1073689790
    Attributes: [28]
Location #408
    Mapping index: 0
    Address: 0
    Line #0
        Function index: 188
        Line: 242
        Column: 0
    Attributes: [28]
Location #409
    Mapping index: 0
    Address: 0
    Line #0
        Function index: 189
        Line: 0
        Column: 0
    Attributes: [28]
Location #410
    Mapping index: 0
    Address: 0
    Line #0
        Function index: 190
        Line: 5
        Column: 0
    Attributes: [28]
Location #411
    Mapping index: 0
    Address: 0
    Line #0
        Function index: 191
        Line: 13
        Column: 0
    Attributes: [28]
Location #412
    Mapping index: 0
    Address: 0
    Line #0
        Function index: 192
        Line: 23
        Column: 0
    Attributes: [28]
Location #413
    Mapping index: 0
    Address: 0
    Line #0
        Function index: 193
        Line: 1
        Column: 49
    Attributes: [28]
Location #414
    Mapping index: 0
    Address: 0
    Line #0
        Function index: 194
        Line: 297
        Column: 0
    Attributes: [28]
Location #415
    Mapping index: 0
    Address: 0
    Line #0
        Function index: 195
        Line: 736
        Column: 0
    Attributes: [28]
Location #416
    Mapping index: 0
    Address: 0
    Line #0
        Function index: 196
        Line: 1049
        Column: 0
    Attributes: [28]
Location #417
    Mapping index: 0
    Address: 0
    Line #0
        Function index: 197
        Line: 1069
        Column: 0
    Attributes: [28]
Location #418
    Mapping index: 0
    Address: 0
    Line #0
        Function index: 198
        Line: 1266
        Column: 0
    Attributes: [28]
Location #419
    Mapping index: 3
    Address: 20834651
    Attributes: [21]
Location #420
    Mapping index: 3
    Address: 20850782
    Attributes: [21]
Location #421
    Mapping index: 5
    Address: 17151272
    Attributes: [21]
Location #422
    Mapping index: 5
    Address: 17075698
    Attributes: [21]
Location #423
    Mapping index: 5
    Address: 17030434
    Attributes: [21]
Location #424
    Mapping index: 5
    Address: 16919567
    Attributes: [21]
Location #425
    Mapping index: 5
    Address: 15518371
    Attributes: [21]
Location #426
    Mapping index: 5
    Address: 15968003
    Attributes: [21]
Location #427
    Mapping index: 5
    Address: 15905384
    Attributes: [21]
Location #428
    Mapping index: 5
    Address: 16317066
    Attributes: [21]
Location #429
    Mapping index: 5
    Address: 15858770
    Attributes: [21]
Location #430
    Mapping index: 5
    Address: 16637480
    Attributes: [21]
Location #431
    Mapping index: 5
    Address: 21388591
    Attributes: [21]
Location #432
    Mapping index: 5
    Address: 16319364
    Attributes: [21]
Location #433
    Mapping index: 5
    Address: 14536356
    Attributes: [21]
Location #434
    Mapping index: 2
    Address: 20483795
    Line #0
        Function index: 199
        Line: 0
        Column: 0
    Attributes: [14]
Location #435
    Mapping index: 2
    Address: 20484758
    Line #0
        Function index: 200
        Line: 0
        Column: 0
    Attributes: [14]
Location #436
    Mapping index: 2
    Address: 20485519
    Line #0
        Function index: 201
        Line: 0
        Column: 0
    Attributes: [14]
Location #437
    Mapping index: 2
    Address: 8929613
    Line #0
        Function index: 202
        Line: 0
        Column: 0
    Attributes: [14]
Location #438
    Mapping index: 2
    Address: 8930316
    Line #0
        Function index: 203
        Line: 0
        Column: 0
    Attributes: [14]
Location #439
    Mapping index: 2
    Address: 9508389
    Line #0
        Function index: 204
        Line: 0
        Column: 0
    Attributes: [14]
Location #440
    Mapping index: 2
    Address: 8662554
    Line #0
        Function index: 205
        Line: 0
        Column: 0
    Attributes: [14]
Location #441
    Mapping index: 2
    Address: 8666654
    Line #0
        Function index: 206
        Line: 0
        Column: 0
    Attributes: [14]
Location #442
    Mapping index: 2
    Address: 8666824
    Line #0
        Function index: 207
        Line: 0
        Column: 0
    Attributes: [14]
Location #443
    Mapping index: 2
    Address: 3171795
    Line #0
        Function index: 40
        Line: 0
        Column: 0
    Attributes: [14]
Location #444
    Mapping index: 4
    Address: 1161929
    Attributes: [21]
Location #445
    Mapping index: 5
    Address: 21423134
    Attributes: [21]
Location #446
    Mapping index: 5
    Address: 21405096
    Attributes: [21]
Location #447
    Mapping index: 5
    Address: 15470474
    Attributes: [21]
Location #448
    Mapping index: 5
    Address: 15968283
    Attributes: [21]
Location #449
    Mapping index: 6
    Address: 173478595
    Attributes: [21]
Location #450
    Mapping index: 6
    Address: 173542779
    Attributes: [21]
Location #451
    Mapping index: 6
    Address: 173519615
    Attributes: [21]
Location #452
    Mapping index: 6
    Address: 148867165
    Attributes: [21]
Location #453
    Mapping index: 6
    Address: 176398003
    Attributes: [21]
Location #454
    Mapping index: 6
    Address: 213968242
    Attributes: [21]
Location #455
    Mapping index: 7
    Address: 15298193
    Attributes: [21]
Location #456
    Mapping index: 7
    Address: 15297909
    Attributes: [21]
Location #457
    Mapping index: 7
    Address: 15297579
    Attributes: [21]
Location #458
    Mapping index: 7
    Address: 15296999
    Attributes: [21]
Location #459
    Mapping index: 7
    Address: 15255743
    Attributes: [21]
Location #460
    Mapping index: 7
    Address: 15259351
    Attributes: [21]
Location #461
    Mapping index: 7
    Address: 26445647
    Attributes: [21]
Location #462
    Mapping index: 7
    Address: 29951408
    Attributes: [21]
Location #463
    Mapping index: 7
    Address: 29954538
    Attributes: [21]
Location #464
    Mapping index: 7
    Address: 29966222
    Attributes: [21]
Location #465
    Mapping index: 7
    Address: 29970279
    Attributes: [21]
Location #466
    Mapping index: 7
    Address: 29936812
    Attributes: [21]
Location #467
    Mapping index: 7
    Address: 29935935
    Attributes: [21]
Location #468
    Mapping index: 8
    Address: 29522117
    Attributes: [21]
Location #469
    Mapping index: 7
    Address: 15922512
    Attributes: [21]
Location #470
    Mapping index: 7
    Address: 48840117
    Attributes: [21]
Location #471
    Mapping index: 7
    Address: 35279959
    Attributes: [21]
Location #472
    Mapping index: 7
    Address: 48847013
    Attributes: [21]
Location #473
    Mapping index: 7
    Address: 35267938
    Attributes: [21]
Location #474
    Mapping index: 7
    Address: 32603797
    Attributes: [21]
Location #475
    Mapping index: 7
    Address: 35275318
    Attributes: [21]
Location #476
    Mapping index: 7
    Address: 32605477
    Attributes: [21]
Location #477
    Mapping index: 7
    Address: 35273024
    Attributes: [21]
Location #478
    Mapping index: 7
    Address: 32604949
    Attributes: [21]
Location #479
    Mapping index: 7
    Address: 15917664
    Attributes: [21]
Location #480
    Mapping index: 7
    Address: 32593227
    Attributes: [21]
Location #481
    Mapping index: 7
    Address: 66211733
    Attributes: [21]
Location #482
    Mapping index: 8
    Address: 29488527
    Attributes: [21]
Location #483
    Mapping index: 8
    Address: 29454066
    Attributes: [21]
Location #484
    Mapping index: 8
    Address: 33159686
    Attributes: [21]
Location #485
    Mapping index: 8
    Address: 12153813
    Attributes: [21]
Location #486
    Mapping index: 8
    Address: 44066347
    Attributes: [21]
Location #487
    Mapping index: 8
    Address: 43528371
    Attributes: [21]
Location #488
    Mapping index: 8
    Address: 44574268
    Attributes: [21]
Location #489
    Mapping index: 9
    Address: 82989
    Attributes: [21]
Location #490
    Mapping index: 9
    Address: 71827
    Attributes: [21]
Location #491
    Mapping index: 8
    Address: 40057201
    Attributes: [21]
Location #492
    Mapping index: 7
    Address: 13565814
    Attributes: [21]
Location #493
    Mapping index: 8
    Address: 40055350
    Attributes: [21]
Location #494
    Mapping index: 8
    Address: 39826711
    Attributes: [21]
Location #495
    Mapping index: 8
    Address: 39827326
    Attributes: [21]
Location #496
    Mapping index: 8
    Address: 39943199
    Attributes: [21]
Location #497
    Mapping index: 9
    Address: 70123
    Attributes: [21]
Location #498
    Mapping index: 9
    Address: 123778
    Attributes: [21]
Location #499
    Mapping index: 9
    Address: 57940
    Attributes: [21]
Location #500
    Mapping index: 7
    Address: 28658568
    Attributes: [21]
Location #501
    Mapping index: 7
    Address: 28623887
    Attributes: [21]
Location #502
    Mapping index: 7
    Address: 66259813
    Attributes: [21]
Location #503
    Mapping index: 7
    Address: 13999850
    Attributes: [21]
Location #504
    Mapping index: 7
    Address: 28664146
    Attributes: [21]
Location #505
    Mapping index: 7
    Address: 29047756
    Attributes: [21]
Location #506
    Mapping index: 7
    Address: 29050120
    Attributes: [21]
Location #507
    Mapping index: 7
    Address: 28734157
    Attributes: [21]
Location #508
    Mapping index: 7
    Address: 28741873
    Attributes: [21]
Location #509
    Mapping index: 7
    Address: 28740618
    Attributes: [21]
Location #510
    Mapping index: 8
    Address: 29517077
    Attributes: [21]
Location #511
    Mapping index: 7
    Address: 13720385
    Attributes: [21]
Location #512
    Mapping index: 7
    Address: 29493290
    Attributes: [21]
Location #513
    Mapping index: 7
    Address: 29508577
    Attributes: [21]
Location #514
    Mapping index: 7
    Address: 29486819
    Attributes: [21]
Location #515
    Mapping index: 7
    Address: 29489441
    Attributes: [21]
Location #516
    Mapping index: 7
    Address: 29485536
    Attributes: [21]
Location #517
    Mapping index: 7
    Address: 29508337
    Attributes: [21]
Location #518
    Mapping index: 7
    Address: 28895036
    Attributes: [21]
Location #519
    Mapping index: 7
    Address: 37539152
    Attributes: [21]
Location #520
    Mapping index: 7
    Address: 37436571
    Attributes: [21]
Location #521
    Mapping index: 7
    Address: 37437467
    Attributes: [21]
Location #522
    Mapping index: 7
    Address: 37444836
    Attributes: [21]
Location #523
    Mapping index: 7
    Address: 37442987
    Attributes: [21]
Location #524
    Mapping index: 7
    Address: 35112194
    Attributes: [21]
Location #525
    Mapping index: 7
    Address: 35119835
    Attributes: [21]
Location #526
    Mapping index: 7
    Address: 35103934
    Attributes: [21]
Location #527
    Mapping index: 7
    Address: 35102238
    Attributes: [21]
Location #528
    Mapping index: 7
    Address: 35020614
    Attributes: [21]
Location #529
    Mapping index: 7
    Address: 36427701
    Attributes: [21]
Location #530
    Mapping index: 7
    Address: 36428844
    Attributes: [21]
Location #531
    Mapping index: 7
    Address: 36430232
    Attributes: [21]
Location #532
    Mapping index: 7
    Address: 29961425
    Attributes: [21]
Location #533
    Mapping index: 7
    Address: 29104636
    Attributes: [21]
Location #534
    Mapping index: 7
    Address: 29230097
    Attributes: [21]
Location #535
    Mapping index: 7
    Address: 35479728
    Attributes: [21]
Location #536
    Mapping index: 7
    Address: 35483365
    Attributes: [21]
Location #537
    Mapping index: 7
    Address: 29603148
    Attributes: [21]
Location #538
    Mapping index: 7
    Address: 66262613
    Attributes: [21]
Location #539
    Mapping index: 7
    Address: 15543977
    Attributes: [21]
Location #540
    Mapping index: 7
    Address: 35232027
    Attributes: [21]
Location #541
    Mapping index: 7
    Address: 32293686
    Attributes: [21]
Location #542
    Mapping index: 7
    Address: 66257621
    Attributes: [21]
Location #543
    Mapping index: 7
    Address: 36873800
    Attributes: [21]
Location #544
    Mapping index: 7
    Address: 36920262
    Attributes: [21]
Location #545
    Mapping index: 7
    Address: 36856916
    Attributes: [21]
Location #546
    Mapping index: 7
    Address: 36829367
    Attributes: [21]
Location #547
    Mapping index: 7
    Address: 36186260
    Attributes: [21]
Location #548
    Mapping index: 7
    Address: 33878655
    Attributes: [21]
Location #549
    Mapping index: 7
    Address: 33887691
    Attributes: [21]
Location #550
    Mapping index: 7
    Address: 33896641
    Attributes: [21]
Location #551
    Mapping index: 7
    Address: 34221552
    Attributes: [21]
Location #552
    Mapping index: 7
    Address: 34135235
    Attributes: [21]
Location #553
    Mapping index: 7
    Address: 34135562
    Attributes: [21]
Location #554
    Mapping index: 7
    Address: 34109231
    Attributes: [21]
Location #555
    Mapping index: 7
    Address: 34100637
    Attributes: [21]
Location #556
    Mapping index: 7
    Address: 34099497
    Attributes: [21]
Location #557
    Mapping index: 7
    Address: 66329189
    Attributes: [21]
Location #558
    Mapping index: 7
    Address: 15936815
    Attributes: [21]
Location #559
    Mapping index: 7
    Address: 48839589
    Attributes: [21]
Location #560
    Mapping index: 7
    Address: 13881069
    Attributes: [21]
Location #561
    Mapping index: 7
    Address: 13880805
    Attributes: [21]
Location #562
    Mapping index: 7
    Address: 28750330
    Attributes: [21]
Location #563
    Mapping index: 7
    Address: 28750030
    Attributes: [21]
Location #564
    Mapping index: 7
    Address: 28749735
    Attributes: [21]
Location #565
    Mapping index: 7
    Address: 28749399
    Attributes: [21]
Location #566
    Mapping index: 7
    Address: 28748966
    Attributes: [21]
Location #567
    Mapping index: 7
    Address: 28748374
    Attributes: [21]
Location #568
    Mapping index: 7
    Address: 28747880
    Attributes: [21]
Location #569
    Mapping index: 7
    Address: 28741197
    Attributes: [21]
Location #570
    Mapping index: 7
    Address: 31110398
    Attributes: [21]
Location #571
    Mapping index: 7
    Address: 31078476
    Attributes: [21]
Location #572
    Mapping index: 7
    Address: 31079338
    Attributes: [21]
Location #573
    Mapping index: 7
    Address: 66323077
    Attributes: [21]
Location #574
    Mapping index: 7
    Address: 16070111
    Attributes: [21]
Location #575
    Mapping index: 7
    Address: 16067940
    Attributes: [21]
Location #576
    Mapping index: 7
    Address: 36135545
    Attributes: [21]
Location #577
    Mapping index: 7
    Address: 36099468
    Attributes: [21]
Location #578
    Mapping index: 7
    Address: 36099606
    Attributes: [21]
Location #579
    Mapping index: 7
    Address: 36098589
    Attributes: [21]
Location #580
    Mapping index: 7
    Address: 36123616
    Attributes: [21]
Location #581
    Mapping index: 7
    Address: 36124696
    Attributes: [21]
Location #582
    Mapping index: 7
    Address: 36129834
    Attributes: [21]
Location #583
    Mapping index: 7
    Address: 29726582
    Attributes: [21]
Location #584
    Mapping index: 7
    Address: 29720445
    Attributes: [21]
Location #585
    Mapping index: 7
    Address: 66266565
    Attributes: [21]
Location #586
    Mapping index: 7
    Address: 37538233
    Attributes: [21]
Location #587
    Mapping index: 7
    Address: 37559517
    Attributes: [21]
Location #588
    Mapping index: 7
    Address: 37543192
    Attributes: [21]
Location #589
    Mapping index: 7
    Address: 37539086
    Attributes: [21]
Location #590
    Mapping index: 7
    Address: 37437162
    Attributes: [21]
Location #591
    Mapping index: 7
    Address: 35107821
    Attributes: [21]
Location #592
    Mapping index: 7
    Address: 29767872
    Attributes: [21]
Location #593
    Mapping index: 7
    Address: 29751025
    Attributes: [21]
Location #594
    Mapping index: 7
    Address: 29745032
    Attributes: [21]
Location #595
    Mapping index: 7
    Address: 66273701
    Attributes: [21]
Location #596
    Mapping index: 7
    Address: 15297059
    Attributes: [21]
Location #597
    Mapping index: 7
    Address: 13881129
    Attributes: [21]
Location #598
    Mapping index: 7
    Address: 36340740
    Attributes: [21]
Location #599
    Mapping index: 7
    Address: 36310262
    Attributes: [21]
Location #600
    Mapping index: 7
    Address: 36328452
    Attributes: [21]
Location #601
    Mapping index: 7
    Address: 26283720
    Attributes: [21]
Location #602
    Mapping index: 7
    Address: 15932129
    Attributes: [21]
Location #603
    Mapping index: 7
    Address: 29659411
    Attributes: [21]
Location #604
    Mapping index: 7
    Address: 66265445
    Attributes: [21]
Location #605
    Mapping index: 7
    Address: 37435115
    Attributes: [21]
Location #606
    Mapping index: 7
    Address: 29748226
    Attributes: [21]
Location #607
    Mapping index: 4
    Address: 712030
    Attributes: [21]
Location #608
    Mapping index: 7
    Address: 15255958
    Attributes: [21]
Location #609
    Mapping index: 4
    Address: 704664
    Attributes: [21]
Location #610
    Mapping index: 4
    Address: 710673
    Attributes: [21]
Location #611
    Mapping index: 4
    Address: 717979
    Attributes: [21]
Location #612
    Mapping index: 10
    Address: 801518
    Attributes: [21]
Location #613
    Mapping index: 7
    Address: 35127874
    Attributes: [21]
Location #614
    Mapping index: 7
    Address: 35127534
    Attributes: [21]
Location #615
    Mapping index: 7
    Address: 35119590
    Attributes: [21]
Location #616
    Mapping index: 7
    Address: 35103853
    Attributes: [21]
Location #617
    Mapping index: 7
    Address: 35020571
    Attributes: [21]
Location #618
    Mapping index: 7
    Address: 35106606
    Attributes: [21]
Location #619
    Mapping index: 7
    Address: 29773908
    Attributes: [21]
Location #620
    Mapping index: 7
    Address: 29754918
    Attributes: [21]
Location #621
    Mapping index: 4
    Address: 695043
    Attributes: [21]
Location #622
    Mapping index: 4
    Address: 704980
    Attributes: [21]
Location #623
    Mapping index: 10
    Address: 801283
    Attributes: [21]
Location #624
    Mapping index: 7
    Address: 15239366
    Attributes: [21]
Location #625
    Mapping index: 7
    Address: 15294861
    Attributes: [21]
Location #626
    Mapping index: 7
    Address: 15255876
    Attributes: [21]
Location #627
    Mapping index: 4
    Address: 1608422
    Attributes: [21]
Location #628
    Mapping index: 7
    Address: 36098465
    Attributes: [21]
Location #629
    Mapping index: 7
    Address: 36129473
    Attributes: [21]
Location #630
    Mapping index: 7
    Address: 29738044
    Attributes: [21]
Location #631
    Mapping index: 7
    Address: 29721639
    Attributes: [21]
Location #632
    Mapping index: 7
    Address: 16636096
    Attributes: [21]
Location #633
    Mapping index: 7
    Address: 16635943
    Attributes: [21]
Location #634
    Mapping index: 7
    Address: 16635607
    Attributes: [21]
Location #635
    Mapping index: 7
    Address: 16635174
    Attributes: [21]
Location #636
    Mapping index: 7
    Address: 16634582
    Attributes: [21]
Location #637
    Mapping index: 7
    Address: 16634087
    Attributes: [21]
Location #638
    Mapping index: 7
    Address: 29964296
    Attributes: [21]
Location #639
    Mapping index: 7
    Address: 29955259
    Attributes: [21]
Location #640
    Mapping index: 7
    Address: 29954263
    Attributes: [21]
Location #641
    Mapping index: 4
    Address: 700836
    Attributes: [21]
Location #642
    Mapping index: 4
    Address: 712141
    Attributes: [21]
Location #643
    Mapping index: 7
    Address: 26283479
    Attributes: [21]
Location #644
    Mapping index: 7
    Address: 15924885
    Attributes: [21]
Location #645
    Mapping index: 7
    Address: 15922526
    Attributes: [21]
Location #646
    Mapping index: 7
    Address: 28876324
    Attributes: [21]
Location #647
    Mapping index: 7
    Address: 28865349
    Attributes: [21]
Location #648
    Mapping index: 7
    Address: 36518849
    Attributes: [21]
Location #649
    Mapping index: 7
    Address: 36519306
    Attributes: [21]
Location #650
    Mapping index: 7
    Address: 36485851
    Attributes: [21]
Location #651
    Mapping index: 7
    Address: 36478166
    Attributes: [21]
Location #652
    Mapping index: 7
    Address: 36477263
    Attributes: [21]
Location #653
    Mapping index: 7
    Address: 36496545
    Attributes: [21]
Location #654
    Mapping index: 7
    Address: 66159737
    Attributes: [21]
Location #655
    Mapping index: 7
    Address: 29846923
    Attributes: [21]
Location #656
    Mapping index: 8
    Address: 29515797
    Attributes: [21]
Location #657
    Mapping index: 4
    Address: 695302
    Attributes: [21]
Location #658
    Mapping index: 4
    Address: 703119
    Attributes: [21]
Location #659
    Mapping index: 7
    Address: 15297882
    Attributes: [21]
Location #660
    Mapping index: 7
    Address: 15296094
    Attributes: [21]
Location #661
    Mapping index: 7
    Address: 36479927
    Attributes: [21]
Location #662
    Mapping index: 7
    Address: 36479817
    Attributes: [21]
Location #663
    Mapping index: 7
    Address: 66160124
    Attributes: [21]
Location #664
    Mapping index: 7
    Address: 15936992
    Attributes: [21]
Location #665
    Mapping index: 7
    Address: 28664513
    Attributes: [21]
Location #666
    Mapping index: 7
    Address: 28860033
    Attributes: [21]
Location #667
    Mapping index: 7
    Address: 35481188
    Attributes: [21]
Location #668
    Mapping index: 7
    Address: 15406903
    Attributes: [21]
Location #669
    Mapping index: 7
    Address: 35034398
    Attributes: [21]
Location #670
    Mapping index: 7
    Address: 35118929
    Attributes: [21]
Location #671
    Mapping index: 7
    Address: 35103138
    Attributes: [21]
Location #672
    Mapping index: 7
    Address: 15805621
    Attributes: [21]
Location #673
    Mapping index: 7
    Address: 37396929
    Attributes: [21]
Location #674
    Mapping index: 7
    Address: 35025394
    Attributes: [21]
Location #675
    Mapping index: 7
    Address: 29932435
    Attributes: [21]
Location #676
    Mapping index: 7
    Address: 29927228
    Attributes: [21]
Location #677
    Mapping index: 7
    Address: 29966081
    Attributes: [21]
Location #678
    Mapping index: 7
    Address: 35095246
    Attributes: [21]
Location #679
    Mapping index: 7
    Address: 35105975
    Attributes: [21]
Location #680
    Mapping index: 7
    Address: 35119898
    Attributes: [21]
Location #681
    Mapping index: 7
    Address: 35027190
    Attributes: [21]
Location #682
    Mapping index: 7
    Address: 35029103
    Attributes: [21]
Location #683
    Mapping index: 7
    Address: 36427188
    Attributes: [21]
Location #684
    Mapping index: 7
    Address: 36440779
    Attributes: [21]
Location #685
    Mapping index: 7
    Address: 36435895
    Attributes: [21]
Location #686
    Mapping index: 7
    Address: 36438284
    Attributes: [21]
Location #687
    Mapping index: 7
    Address: 36433249
    Attributes: [21]
Location #688
    Mapping index: 7
    Address: 29954130
    Attributes: [21]
Location #689
    Mapping index: 7
    Address: 29585771
    Attributes: [21]
Location #690
    Mapping index: 7
    Address: 29583346
    Attributes: [21]
Location #691
    Mapping index: 7
    Address: 66258693
    Attributes: [21]
Location #692
    Mapping index: 4
    Address: 1608428
    Attributes: [21]
Location #693
    Mapping index: 7
    Address: 37358527
    Attributes: [21]
Location #694
    Mapping index: 7
    Address: 37358071
    Attributes: [21]
Location #695
    Mapping index: 7
    Address: 27549202
    Attributes: [21]
Location #696
    Mapping index: 7
    Address: 27519984
    Attributes: [21]
Location #697
    Mapping index: 7
    Address: 27504478
    Attributes: [21]
Location #698
    Mapping index: 7
    Address: 31503193
    Attributes: [21]
Location #699
    Mapping index: 7
    Address: 31501463
    Attributes: [21]
Location #700
    Mapping index: 7
    Address: 31497624
    Attributes: [21]
Location #701
    Mapping index: 7
    Address: 34801493
    Attributes: [21]
Location #702
    Mapping index: 4
    Address: 700312
    Attributes: [21]
Location #703
    Mapping index: 7
    Address: 36480022
    Attributes: [21]
Location #704
    Mapping index: 7
    Address: 15255920
    Attributes: [21]
Location #705
    Mapping index: 7
    Address: 13308407
    Attributes: [21]
Location #706
    Mapping index: 7
    Address: 14697853
    Attributes: [21]
Location #707
    Mapping index: 7
    Address: 14704259
    Attributes: [21]
Location #708
    Mapping index: 7
    Address: 29109872
    Attributes: [21]
Location #709
    Mapping index: 7
    Address: 29229591
    Attributes: [21]
Location #710
    Mapping index: 7
    Address: 37485968
    Attributes: [21]
Location #711
    Mapping index: 7
    Address: 28632348
    Attributes: [21]
Location #712
    Mapping index: 7
    Address: 28623925
    Attributes: [21]
Location #713
    Mapping index: 7
    Address: 13404458
    Attributes: [21]
Location #714
    Mapping index: 7
    Address: 15298241
    Attributes: [21]
Location #715
    Mapping index: 7
    Address: 13301025
    Attributes: [21]
Location #716
    Mapping index: 7
    Address: 29983251
    Attributes: [21]
Location #717
    Mapping index: 7
    Address: 29933429
    Attributes: [21]
Location #718
    Mapping index: 7
    Address: 29927085
    Attributes: [21]
Location #719
    Mapping index: 7
    Address: 29926807
    Attributes: [21]
Location #720
    Mapping index: 7
    Address: 29864752
    Attributes: [21]
Location #721
    Mapping index: 7
    Address: 29864503
    Attributes: [21]
Location #722
    Mapping index: 7
    Address: 29862838
    Attributes: [21]
Location #723
    Mapping index: 7
    Address: 29851653
    Attributes: [21]
Location #724
    Mapping index: 7
    Address: 29847563
    Attributes: [21]
Location #725
    Mapping index: 4
    Address: 702464
    Attributes: [21]
Location #726
    Mapping index: 7
    Address: 15255566
    Attributes: [21]
Location #727
    Mapping index: 7
    Address: 15276457
    Attributes: [21]
Location #728
    Mapping index: 7
    Address: 26282164
    Attributes: [21]
Location #729
    Mapping index: 7
    Address: 28740161
    Attributes: [21]
Location #730
    Mapping index: 7
    Address: 35957268
    Attributes: [21]
Location #731
    Mapping index: 7
    Address: 35959139
    Attributes: [21]
Location #732
    Mapping index: 7
    Address: 29965298
    Attributes: [21]
Location #733
    Mapping index: 7
    Address: 35307837
    Attributes: [21]
Location #734
    Mapping index: 7
    Address: 35306713
    Attributes: [21]
Location #735
    Mapping index: 7
    Address: 35306294
    Attributes: [21]
Location #736
    Mapping index: 7
    Address: 66132183
    Attributes: [21]
Location #737
    Mapping index: 7
    Address: 15928497
    Attributes: [21]
Location #738
    Mapping index: 7
    Address: 35699278
    Attributes: [21]
Location #739
    Mapping index: 7
    Address: 66236981
    Attributes: [21]
Location #740
    Mapping index: 7
    Address: 29985948
    Attributes: [21]
Location #741
    Mapping index: 7
    Address: 29986413
    Attributes: [21]
Location #742
    Mapping index: 7
    Address: 29986146
    Attributes: [21]
Location #743
    Mapping index: 7
    Address: 29962291
    Attributes: [21]
Location #744
    Mapping index: 7
    Address: 29955565
    Attributes: [21]
Location #745
    Mapping index: 7
    Address: 29968710
    Attributes: [21]
Location #746
    Mapping index: 7
    Address: 29936922
    Attributes: [21]
Location #747
    Mapping index: 4
    Address: 712061
    Attributes: [21]
Location #748
    Mapping index: 7
    Address: 36460418
    Attributes: [21]
Location #749
    Mapping index: 7
    Address: 36440967
    Attributes: [21]
Location #750
    Mapping index: 7
    Address: 27409538
    Attributes: [21]
Location #751
    Mapping index: 7
    Address: 27421926
    Attributes: [21]
Location #752
    Mapping index: 7
    Address: 31174007
    Attributes: [21]
Location #753
    Mapping index: 7
    Address: 66325317
    Attributes: [21]
Location #754
    Mapping index: 7
    Address: 23377903
    Attributes: [21]
Location #755
    Mapping index: 7
    Address: 37538421
    Attributes: [21]
Location #756
    Mapping index: 7
    Address: 37434275
    Attributes: [21]
Location #757
    Mapping index: 7
    Address: 29509405
    Attributes: [21]
Location #758
    Mapping index: 7
    Address: 29486175
    Attributes: [21]
Location #759
    Mapping index: 7
    Address: 29496285
    Attributes: [21]
Location #760
    Mapping index: 7
    Address: 29455048
    Attributes: [21]
Location #761
    Mapping index: 7
    Address: 29472995
    Attributes: [21]
Location #762
    Mapping index: 7
    Address: 15805576
    Attributes: [21]
Location #763
    Mapping index: 7
    Address: 37540984
    Attributes: [21]
Location #764
    Mapping index: 7
    Address: 37539880
    Attributes: [21]
Location #765
    Mapping index: 7
    Address: 37590641
    Attributes: [21]
Location #766
    Mapping index: 7
    Address: 37493277
    Attributes: [21]
Location #767
    Mapping index: 7
    Address: 37495253
    Attributes: [21]
Location #768
    Mapping index: 7
    Address: 28808804
    Attributes: [21]
Location #769
    Mapping index: 7
    Address: 28808113
    Attributes: [21]
Location #770
    Mapping index: 7
    Address: 13883535
    Attributes: [21]
Location #771
    Mapping index: 7
    Address: 15298952
    Attributes: [21]
Location #772
    Mapping index: 7
    Address: 15296521
    Attributes: [21]
Location #773
    Mapping index: 7
    Address: 37506035
    Attributes: [21]
Location #774
    Mapping index: 7
    Address: 37508326
    Attributes: [21]
Location #775
    Mapping index: 7
    Address: 37499925
    Attributes: [21]
Location #776
    Mapping index: 7
    Address: 36104575
    Attributes: [21]
Location #777
    Mapping index: 7
    Address: 36102305
    Attributes: [21]
Location #778
    Mapping index: 7
    Address: 36099578
    Attributes: [21]
Location #779
    Mapping index: 7
    Address: 29985875
    Attributes: [21]
Location #780
    Mapping index: 7
    Address: 29962175
    Attributes: [21]
Location #781
    Mapping index: 7
    Address: 26899734
    Attributes: [21]
Location #782
    Mapping index: 7
    Address: 31498001
    Attributes: [21]
Location #783
    Mapping index: 7
    Address: 29962268
    Attributes: [21]
Location #784
    Mapping index: 7
    Address: 29962850
    Attributes: [21]
Location #785
    Mapping index: 7
    Address: 29962238
    Attributes: [21]
Location #786
    Mapping index: 7
    Address: 13999857
    Attributes: [21]
Location #787
    Mapping index: 7
    Address: 29048904
    Attributes: [21]
Location #788
    Mapping index: 7
    Address: 15294537
    Attributes: [21]
Location #789
    Mapping index: 7
    Address: 15255751
    Attributes: [21]
Location #790
    Mapping index: 7
    Address: 28735859
    Attributes: [21]
Location #791
    Mapping index: 7
    Address: 28741862
    Attributes: [21]
Location #792
    Mapping index: 7
    Address: 37436605
    Attributes: [21]
Location #793
    Mapping index: 7
    Address: 29505679
    Attributes: [21]
Location #794
    Mapping index: 7
    Address: 29495031
    Attributes: [21]
Location #795
    Mapping index: 7
    Address: 29493176
    Attributes: [21]
Location #796
    Mapping index: 7
    Address: 36113723
    Attributes: [21]
Location #797
    Mapping index: 7
    Address: 36107227
    Attributes: [21]
Location #798
    Mapping index: 7
    Address: 36102546
    Attributes: [21]
Location #799
    Mapping index: 7
    Address: 36124349
    Attributes: [21]
Location #800
    Mapping index: 7
    Address: 36130194
    Attributes: [21]
Location #801
    Mapping index: 7
    Address: 29723257
    Attributes: [21]
Location #802
    Mapping index: 7
    Address: 15293931
    Attributes: [21]
Location #803
    Mapping index: 7
    Address: 15296972
    Attributes: [21]
Location #804
    Mapping index: 7
    Address: 36134989
    Attributes: [21]
Location #805
    Mapping index: 7
    Address: 36099068
    Attributes: [21]
Location #806
    Mapping index: 7
    Address: 29738023
    Attributes: [21]
Location #807
    Mapping index: 7
    Address: 15409087
    Attributes: [21]
Location #808
    Mapping index: 7
    Address: 29940555
    Attributes: [21]
Location #809
    Mapping index: 7
    Address: 29961604
    Attributes: [21]
Location #810
    Mapping index: 7
    Address: 37450170
    Attributes: [21]
Location #811
    Mapping index: 7
    Address: 37436621
    Attributes: [21]
Location #812
    Mapping index: 7
    Address: 37559416
    Attributes: [21]
Location #813
    Mapping index: 7
    Address: 37438123
    Attributes: [21]
Location #814
    Mapping index: 7
    Address: 28779285
    Attributes: [21]
Location #815
    Mapping index: 7
    Address: 13187100
    Attributes: [21]
Location #816
    Mapping index: 7
    Address: 29933637
    Attributes: [21]
Location #817
    Mapping index: 7
    Address: 36398593
    Attributes: [21]
Location #818
    Mapping index: 7
    Address: 36394234
    Attributes: [21]
Location #819
    Mapping index: 7
    Address: 35120340
    Attributes: [21]
Location #820
    Mapping index: 7
    Address: 35913803
    Attributes: [21]
Location #821
    Mapping index: 7
    Address: 35957225
    Attributes: [21]
Location #822
    Mapping index: 7
    Address: 29850622
    Attributes: [21]
Function #0
    Name: 0
    System name: 0
    Filename: 0
    Start line: 0
Function #1
    Name: 8
    System name: 0
    Filename: 9
    Start line: 0
Function #2
    Name: 11
    System name: 0
    Filename: 9
    Start line: 0
Function #3
    Name: 12
    System name: 0
    Filename: 9
    Start line: 0
Function #4
    Name: 13
    System name: 0
    Filename: 14
    Start line: 0
Function #5
    Name: 15
    System name: 0
    Filename: 14
    Start line: 0
Function #6
    Name: 16
    System name: 0
    Filename: 17
    Start line: 0
Function #7
    Name: 18
    System name: 0
    Filename: 19
    Start line: 0
Function #8
    Name: 20
    System name: 0
    Filename: 21
    Start line: 0
Function #9
    Name: 22
    System name: 0
    Filename: 21
    Start line: 0
Function #10
    Name: 23
    System name: 0
    Filename: 24
    Start line: 0
Function #11
    Name: 25
    System name: 0
    Filename: 24
    Start line: 0
Function #12
    Name: 26
    System name: 0
    Filename: 24
    Start line: 0
Function #13
    Name: 27
    System name: 0
    Filename: 21
    Start line: 0
Function #14
    Name: 28
    System name: 0
    Filename: 29
    Start line: 0
Function #15
    Name: 30
    System name: 0
    Filename: 29
    Start line: 0
Function #16
    Name: 31
    System name: 0
    Filename: 32
    Start line: 0
Function #17
    Name: 36
    System name: 0
    Filename: 32
    Start line: 0
Function #18
    Name: 37
    System name: 0
    Filename: 38
    Start line: 0
Function #19
    Name: 39
    System name: 0
    Filename: 40
    Start line: 0
Function #20
    Name: 41
    System name: 0
    Filename: 40
    Start line: 0
Function #21
    Name: 42
    System name: 0
    Filename: 40
    Start line: 0
Function #22
    Name: 43
    System name: 0
    Filename: 44
    Start line: 0
Function #23
    Name: 45
    System name: 0
    Filename: 32
    Start line: 0
Function #24
    Name: 46
    System name: 0
    Filename: 44
    Start line: 0
Function #25
    Name: 47
    System name: 0
    Filename: 44
    Start line: 0
Function #26
    Name: 48
    System name: 0
    Filename: 49
    Start line: 0
Function #27
    Name: 50
    System name: 0
    Filename: 51
    Start line: 0
Function #28
    Name: 52
    System name: 0
    Filename: 53
    Start line: 0
Function #29
    Name: 54
    System name: 0
    Filename: 32
    Start line: 0
Function #30
    Name: 55
    System name: 0
    Filename: 56
    Start line: 0
Function #31
    Name: 57
    System name: 0
    Filename: 58
    Start line: 0
Function #32
    Name: 59
    System name: 0
    Filename: 19
    Start line: 0
Function #33
    Name: 60
    System name: 0
    Filename: 19
    Start line: 0
Function #34
    Name: 63
    System name: 0
    Filename: 0
    Start line: 0
Function #35
    Name: 64
    System name: 0
    Filename: 0
    Start line: 0
Function #36
    Name: 65
    System name: 0
    Filename: 0
    Start line: 0
Function #37
    Name: 66
    System name: 0
    Filename: 0
    Start line: 0
Function #38
    Name: 67
    System name: 0
    Filename: 0
    Start line: 0
Function #39
    Name: 68
    System name: 0
    Filename: 0
    Start line: 0
Function #40
    Name: 69
    System name: 0
    Filename: 0
    Start line: 0
Function #41
    Name: 70
    System name: 0
    Filename: 0
    Start line: 0
Function #42
    Name: 71
    System name: 0
    Filename: 0
    Start line: 0
Function #43
    Name: 72
    System name: 0
    Filename: 73
    Start line: 0
Function #44
    Name: 74
    System name: 0
    Filename: 75
    Start line: 0
Function #45
    Name: 76
    System name: 0
    Filename: 75
    Start line: 0
Function #46
    Name: 76
    System name: 0
    Filename: 77
    Start line: 0
Function #47
    Name: 78
    System name: 0
    Filename: 79
    Start line: 0
Function #48
    Name: 80
    System name: 0
    Filename: 81
    Start line: 0
Function #49
    Name: 82
    System name: 0
    Filename: 81
    Start line: 0
Function #50
    Name: 83
    System name: 0
    Filename: 84
    Start line: 0
Function #51
    Name: 85
    System name: 0
    Filename: 0
    Start line: 0
Function #52
    Name: 86
    System name: 0
    Filename: 0
    Start line: 0
Function #53
    Name: 87
    System name: 0
    Filename: 0
    Start line: 0
Function #54
    Name: 88
    System name: 0
    Filename: 0
    Start line: 0
Function #55
    Name: 89
    System name: 0
    Filename: 0
    Start line: 0
Function #56
    Name: 90
    System name: 0
    Filename: 0
    Start line: 0
Function #57
    Name: 91
    System name: 0
    Filename: 0
    Start line: 0
Function #58
    Name: 92
    System name: 0
    Filename: 75
    Start line: 0
Function #59
    Name: 92
    System name: 0
    Filename: 77
    Start line: 0
Function #60
    Name: 93
    System name: 0
    Filename: 94
    Start line: 0
Function #61
    Name: 95
    System name: 0
    Filename: 79
    Start line: 0
Function #62
    Name: 96
    System name: 0
    Filename: 97
    Start line: 0
Function #63
    Name: 98
    System name: 0
    Filename: 29
    Start line: 0
Function #64
    Name: 99
    System name: 0
    Filename: 100
    Start line: 0
Function #65
    Name: 101
    System name: 0
    Filename: 100
    Start line: 0
Function #66
    Name: 102
    System name: 0
    Filename: 9
    Start line: 0
Function #67
    Name: 103
    System name: 0
    Filename: 104
    Start line: 0
Function #68
    Name: 105
    System name: 0
    Filename: 104
    Start line: 0
Function #69
    Name: 106
    System name: 0
    Filename: 104
    Start line: 0
Function #70
    Name: 107
    System name: 0
    Filename: 104
    Start line: 0
Function #71
    Name: 108
    System name: 0
    Filename: 32
    Start line: 0
Function #72
    Name: 109
    System name: 0
    Filename: 9
    Start line: 0
Function #73
    Name: 110
    System name: 0
    Filename: 0
    Start line: 0
Function #74
    Name: 111
    System name: 0
    Filename: 0
    Start line: 0
Function #75
    Name: 112
    System name: 0
    Filename: 0
    Start line: 0
Function #76
    Name: 113
    System name: 0
    Filename: 0
    Start line: 0
Function #77
    Name: 114
    System name: 0
    Filename: 0
    Start line: 0
Function #78
    Name: 115
    System name: 0
    Filename: 0
    Start line: 0
Function #79
    Name: 116
    System name: 0
    Filename: 0
    Start line: 0
Function #80
    Name: 117
    System name: 0
    Filename: 0
    Start line: 0
Function #81
    Name: 118
    System name: 0
    Filename: 0
    Start line: 0
Function #82
    Name: 119
    System name: 0
    Filename: 0
    Start line: 0
Function #83
    Name: 120
    System name: 0
    Filename: 0
    Start line: 0
Function #84
    Name: 121
    System name: 0
    Filename: 0
    Start line: 0
Function #85
    Name: 122
    System name: 0
    Filename: 0
    Start line: 0
Function #86
    Name: 123
    System name: 0
    Filename: 0
    Start line: 0
Function #87
    Name: 124
    System name: 0
    Filename: 0
    Start line: 0
Function #88
    Name: 125
    System name: 0
    Filename: 0
    Start line: 0
Function #89
    Name: 126
    System name: 0
    Filename: 0
    Start line: 0
Function #90
    Name: 127
    System name: 0
    Filename: 0
    Start line: 0
Function #91
    Name: 128
    System name: 0
    Filename: 129
    Start line: 0
Function #92
    Name: 130
    System name: 0
    Filename: 129
    Start line: 0
Function #93
    Name: 131
    System name: 0
    Filename: 129
    Start line: 0
Function #94
    Name: 132
    System name: 0
    Filename: 133
    Start line: 0
Function #95
    Name: 134
    System name: 0
    Filename: 81
    Start line: 0
Function #96
    Name: 135
    System name: 0
    Filename: 136
    Start line: 0
Function #97
    Name: 137
    System name: 0
    Filename: 136
    Start line: 0
Function #98
    Name: 138
    System name: 0
    Filename: 139
    Start line: 0
Function #99
    Name: 140
    System name: 0
    Filename: 9
    Start line: 0
Function #100
    Name: 141
    System name: 0
    Filename: 0
    Start line: 0
Function #101
    Name: 144
    System name: 0
    Filename: 145
    Start line: 0
Function #102
    Name: 146
    System name: 0
    Filename: 0
    Start line: 0
Function #103
    Name: 147
    System name: 0
    Filename: 148
    Start line: 0
Function #104
    Name: 149
    System name: 0
    Filename: 0
    Start line: 0
Function #105
    Name: 150
    System name: 0
    Filename: 151
    Start line: 0
Function #106
    Name: 152
    System name: 0
    Filename: 0
    Start line: 0
Function #107
    Name: 153
    System name: 0
    Filename: 0
    Start line: 0
Function #108
    Name: 154
    System name: 0
    Filename: 0
    Start line: 0
Function #109
    Name: 155
    System name: 0
    Filename: 151
    Start line: 0
Function #110
    Name: 156
    System name: 0
    Filename: 151
    Start line: 0
Function #111
    Name: 157
    System name: 0
    Filename: 158
    Start line: 0
Function #112
    Name: 159
    System name: 0
    Filename: 158
    Start line: 0
Function #113
    Name: 160
    System name: 0
    Filename: 161
    Start line: 0
Function #114
    Name: 162
    System name: 0
    Filename: 163
    Start line: 0
Function #115
    Name: 164
    System name: 0
    Filename: 163
    Start line: 0
Function #116
    Name: 165
    System name: 0
    Filename: 166
    Start line: 0
Function #117
    Name: 167
    System name: 0
    Filename: 168
    Start line: 0
Function #118
    Name: 169
    System name: 0
    Filename: 168
    Start line: 0
Function #119
    Name: 170
    System name: 0
    Filename: 166
    Start line: 0
Function #120
    Name: 171
    System name: 0
    Filename: 166
    Start line: 0
Function #121
    Name: 172
    System name: 0
    Filename: 166
    Start line: 0
Function #122
    Name: 173
    System name: 0
    Filename: 163
    Start line: 0
Function #123
    Name: 169
    System name: 0
    Filename: 163
    Start line: 0
Function #124
    Name: 174
    System name: 0
    Filename: 163
    Start line: 0
Function #125
    Name: 175
    System name: 0
    Filename: 176
    Start line: 0
Function #126
    Name: 177
    System name: 0
    Filename: 178
    Start line: 0
Function #127
    Name: 179
    System name: 0
    Filename: 0
    Start line: 0
Function #128
    Name: 180
    System name: 0
    Filename: 0
    Start line: 0
Function #129
    Name: 181
    System name: 0
    Filename: 0
    Start line: 0
Function #130
    Name: 182
    System name: 0
    Filename: 0
    Start line: 0
Function #131
    Name: 183
    System name: 0
    Filename: 0
    Start line: 0
Function #132
    Name: 184
    System name: 0
    Filename: 185
    Start line: 0
Function #133
    Name: 186
    System name: 0
    Filename: 187
    Start line: 0
Function #134
    Name: 188
    System name: 0
    Filename: 185
    Start line: 0
Function #135
    Name: 189
    System name: 0
    Filename: 190
    Start line: 0
Function #136
    Name: 191
    System name: 0
    Filename: 190
    Start line: 0
Function #137
    Name: 192
    System name: 0
    Filename: 163
    Start line: 0
Function #138
    Name: 193
    System name: 0
    Filename: 163
    Start line: 0
Function #139
    Name: 194
    System name: 0
    Filename: 195
    Start line: 0
Function #140
    Name: 177
    System name: 0
    Filename: 195
    Start line: 0
Function #141
    Name: 196
    System name: 0
    Filename: 195
    Start line: 0
Function #142
    Name: 197
    System name: 0
    Filename: 195
    Start line: 0
Function #143
    Name: 169
    System name: 0
    Filename: 198
    Start line: 0
Function #144
    Name: 199
    System name: 0
    Filename: 161
    Start line: 0
Function #145
    Name: 200
    System name: 0
    Filename: 161
    Start line: 0
Function #146
    Name: 201
    System name: 0
    Filename: 0
    Start line: 0
Function #147
    Name: 202
    System name: 0
    Filename: 198
    Start line: 0
Function #148
    Name: 203
    System name: 0
    Filename: 204
    Start line: 0
Function #149
    Name: 177
    System name: 0
    Filename: 205
    Start line: 0
Function #150
    Name: 177
    System name: 0
    Filename: 206
    Start line: 0
Function #151
    Name: 207
    System name: 0
    Filename: 208
    Start line: 0
Function #152
    Name: 209
    System name: 0
    Filename: 206
    Start line: 0
Function #153
    Name: 177
    System name: 0
    Filename: 210
    Start line: 0
Function #154
    Name: 177
    System name: 0
    Filename: 211
    Start line: 0
Function #155
    Name: 177
    System name: 0
    Filename: 212
    Start line: 0
Function #156
    Name: 213
    System name: 0
    Filename: 214
    Start line: 0
Function #157
    Name: 215
    System name: 0
    Filename: 176
    Start line: 0
Function #158
    Name: 216
    System name: 0
    Filename: 0
    Start line: 0
Function #159
    Name: 217
    System name: 0
    Filename: 218
    Start line: 0
Function #160
    Name: 219
    System name: 0
    Filename: 214
    Start line: 0
Function #161
    Name: 220
    System name: 0
    Filename: 163
    Start line: 0
Function #162
    Name: 221
    System name: 0
    Filename: 163
    Start line: 0
Function #163
    Name: 222
    System name: 0
    Filename: 163
    Start line: 0
Function #164
    Name: 223
    System name: 0
    Filename: 163
    Start line: 0
Function #165
    Name: 224
    System name: 0
    Filename: 163
    Start line: 0
Function #166
    Name: 225
    System name: 0
    Filename: 0
    Start line: 0
Function #167
    Name: 226
    System name: 0
    Filename: 0
    Start line: 0
Function #168
    Name: 227
    System name: 0
    Filename: 0
    Start line: 0
Function #169
    Name: 228
    System name: 0
    Filename: 0
    Start line: 0
Function #170
    Name: 229
    System name: 0
    Filename: 0
    Start line: 0
Function #171
    Name: 230
    System name: 0
    Filename: 0
    Start line: 0
Function #172
    Name: 231
    System name: 0
    Filename: 0
    Start line: 0
Function #173
    Name: 232
    System name: 0
    Filename: 0
    Start line: 0
Function #174
    Name: 233
    System name: 0
    Filename: 0
    Start line: 0
Function #175
    Name: 234
    System name: 0
    Filename: 235
    Start line: 0
Function #176
    Name: 236
    System name: 0
    Filename: 235
    Start line: 0
Function #177
    Name: 237
    System name: 0
    Filename: 238
    Start line: 0
Function #178
    Name: 239
    System name: 0
    Filename: 240
    Start line: 0
Function #179
    Name: 241
    System name: 0
    Filename: 240
    Start line: 0
Function #180
    Name: 242
    System name: 0
    Filename: 240
    Start line: 0
Function #181
    Name: 243
    System name: 0
    Filename: 240
    Start line: 0
Function #182
    Name: 244
    System name: 0
    Filename: 240
    Start line: 0
Function #183
    Name: 245
    System name: 0
    Filename: 195
    Start line: 0
Function #184
    Name: 246
    System name: 0
    Filename: 195
    Start line: 0
Function #185
    Name: 247
    System name: 0
    Filename: 0
    Start line: 0
Function #186
    Name: 248
    System name: 0
    Filename: 249
    Start line: 0
Function #187
    Name: 250
    System name: 0
    Filename: 249
    Start line: 0
Function #188
    Name: 251
    System name: 0
    Filename: 249
    Start line: 0
Function #189
    Name: 177
    System name: 0
    Filename: 249
    Start line: 0
Function #190
    Name: 252
    System name: 0
    Filename: 253
    Start line: 0
Function #191
    Name: 254
    System name: 0
    Filename: 255
    Start line: 0
Function #192
    Name: 256
    System name: 0
    Filename: 255
    Start line: 0
Function #193
    Name: 257
    System name: 0
    Filename: 258
    Start line: 0
Function #194
    Name: 259
    System name: 0
    Filename: 258
    Start line: 0
Function #195
    Name: 260
    System name: 0
    Filename: 261
    Start line: 0
Function #196
    Name: 262
    System name: 0
    Filename: 261
    Start line: 0
Function #197
    Name: 263
    System name: 0
    Filename: 261
    Start line: 0
Function #198
    Name: 264
    System name: 0
    Filename: 261
    Start line: 0
Function #199
    Name: 266
    System name: 0
    Filename: 0
    Start line: 0
Function #200
    Name: 267
    System name: 0
    Filename: 0
    Start line: 0
Function #201
    Name: 268
    System name: 0
    Filename: 0
    Start line: 0
Function #202
    Name: 269
    System name: 0
    Filename: 0
    Start line: 0
Function #203
    Name: 270
    System name: 0
    Filename: 0
    Start line: 0
Function #204
    Name: 271
    System name: 0
    Filename: 0
    Start line: 0
Function #205
    Name: 272
    System name: 0
    Filename: 0
    Start line: 0
Function #206
    Name: 273
    System name: 0
    Filename: 0
    Start line: 0
Function #207
    Name: 274
    System name: 0
    Filename: 0
    Start line: 0
Attribute table:
     -> Key: Int(7)
     -> Value: Str(384c11c9414a58c0ea6edc74f53e127b)
     -> unit: Int(0)
Link table:
     -> Trace ID: Str()
     -> Span ID: Str()
String table:
    
    cpu
    nanoseconds
    samples
    count
    otelcol-ebpf-profiler
    process.executable.build_id.go
    process.executable.build_id.htlhash
    go.opentelemetry.io/ebpf-profiler/nativeunwind/elfunwindinfo.(*elfExtractor).parseFDE
    /tmp/opentelemetry-ebpf-profiler/nativeunwind/elfunwindinfo/elfehframe.go
    profile.frame.type
    go.opentelemetry.io/ebpf-profiler/nativeunwind/elfunwindinfo.(*elfExtractor).walkBinSearchTable
    go.opentelemetry.io/ebpf-profiler/nativeunwind/elfunwindinfo.(*elfExtractor).parseEHFrame
    go.opentelemetry.io/ebpf-profiler/nativeunwind/elfunwindinfo.extractFile
    /tmp/opentelemetry-ebpf-profiler/nativeunwind/elfunwindinfo/stackdeltaextraction.go
    go.opentelemetry.io/ebpf-profiler/nativeunwind/elfunwindinfo.ExtractELF
    go.opentelemetry.io/ebpf-profiler/nativeunwind/elfunwindinfo.(*ELFStackDeltaProvider).GetIntervalStructuresForFile
    /tmp/opentelemetry-ebpf-profiler/nativeunwind/elfunwindinfo/stackdeltaprovider.go
    go.opentelemetry.io/ebpf-profiler/processmanager/execinfomanager.(*ExecutableInfoManager).AddOrIncRef
    /tmp/opentelemetry-ebpf-profiler/processmanager/execinfomanager/manager.go
    go.opentelemetry.io/ebpf-profiler/processmanager.(*ProcessManager).newFrameMapping
    /tmp/opentelemetry-ebpf-profiler/processmanager/processinfo.go
    go.opentelemetry.io/ebpf-profiler/processmanager.(*ProcessManager).SynchronizeProcess.func1
    go.opentelemetry.io/ebpf-profiler/process.(*systemProcess).IterateMappings.func1
    /tmp/opentelemetry-ebpf-profiler/process/process.go
    go.opentelemetry.io/ebpf-profiler/process.iterateMappings
    go.opentelemetry.io/ebpf-profiler/process.(*systemProcess).IterateMappings
    go.opentelemetry.io/ebpf-profiler/processmanager.(*ProcessManager).SynchronizeProcess
    go.opentelemetry.io/ebpf-profiler/tracer.(*Tracer).processPIDEvents
    /tmp/opentelemetry-ebpf-profiler/tracer/events.go
    go.opentelemetry.io/ebpf-profiler/tracer.(*Tracer).StartPIDEventProcessor.gowrap1
    runtime.goexit
    /home/yunwei37/go/pkg/mod/golang.org/toolchain@v0.0.1-go1.25.0.linux-amd64/src/runtime/asm_amd64.s
    thread.name
    thread.id
    cpu.logical_number
    runtime.procyield
    runtime.suspendG
    /home/yunwei37/go/pkg/mod/golang.org/toolchain@v0.0.1-go1.25.0.linux-amd64/src/runtime/preempt.go
    runtime.markroot.func1
    /home/yunwei37/go/pkg/mod/golang.org/toolchain@v0.0.1-go1.25.0.linux-amd64/src/runtime/mgcmark.go
    runtime.markroot
    runtime.gcDrain
    runtime.gcBgMarkWorker.func2
    /home/yunwei37/go/pkg/mod/golang.org/toolchain@v0.0.1-go1.25.0.linux-amd64/src/runtime/mgc.go
    runtime.systemstack
    runtime.gcBgMarkWorker
    runtime.gcBgMarkStartWorkers.gowrap1
    runtime.memmove
    /home/yunwei37/go/pkg/mod/golang.org/toolchain@v0.0.1-go1.25.0.linux-amd64/src/runtime/memmove_amd64.s
    runtime.growslice
    /home/yunwei37/go/pkg/mod/golang.org/toolchain@v0.0.1-go1.25.0.linux-amd64/src/runtime/slice.go
    go.opentelemetry.io/ebpf-profiler/nativeunwind/stackdeltatypes.(*StackDeltaArray).AddEx
    /tmp/opentelemetry-ebpf-profiler/nativeunwind/stackdeltatypes/stackdeltatypes.go
    aeshashbody
    runtime.memhash_varlen
    /home/yunwei37/go/pkg/mod/golang.org/toolchain@v0.0.1-go1.25.0.linux-amd64/src/runtime/alg.go
    runtime.mapaccess2
    /home/yunwei37/go/pkg/mod/golang.org/toolchain@v0.0.1-go1.25.0.linux-amd64/src/internal/runtime/maps/runtime_swiss.go
    go.opentelemetry.io/ebpf-profiler/processmanager/execinfomanager.(*executableInfoManagerState).getUnwindInfoIndex
    go.opentelemetry.io/ebpf-profiler/processmanager/execinfomanager.(*executableInfoManagerState).loadDeltas
    vmlinux
    process.executable.build_id.gnu
    __check_object_size.part.0
    __check_object_size
    generic_map_update_batch
    bpf_map_do_batch
    __sys_bpf
    __x64_sys_bpf
    x64_sys_call
    do_syscall_64
    entry_SYSCALL_64_after_hwframe
    internal/runtime/syscall.Syscall6
    /home/yunwei37/go/pkg/mod/golang.org/toolchain@v0.0.1-go1.25.0.linux-amd64/src/internal/runtime/syscall/asm_linux_amd64.s
    syscall.RawSyscall6
    /home/yunwei37/go/pkg/mod/golang.org/toolchain@v0.0.1-go1.25.0.linux-amd64/src/syscall/syscall_linux.go
    syscall.Syscall
    <autogenerated>
    github.com/cilium/ebpf/internal/sys.BPF
    /home/yunwei37/go/pkg/mod/github.com/cilium/ebpf@v0.21.0/internal/unix/types_linux.go
    github.com/cilium/ebpf.(*Map).batchUpdate
    /home/yunwei37/go/pkg/mod/github.com/cilium/ebpf@v0.21.0/map.go
    github.com/cilium/ebpf.(*Map).BatchUpdate
    go.opentelemetry.io/ebpf-profiler/processmanager/ebpf.(*ebpfMapsImpl).UpdateExeIDToStackDeltas
    /tmp/opentelemetry-ebpf-profiler/processmanager/ebpf/ebpf.go
    __schedule
    schedule
    schedule_hrtimeout_range_clock
    schedule_hrtimeout_range
    ep_poll
    do_epoll_wait
    __x64_sys_epoll_wait
    syscall.Syscall6
    golang.org/x/sys/unix.EpollWait
    /home/yunwei37/go/pkg/mod/golang.org/x/sys@v0.46.0/unix/zsyscall_linux_amd64.go
    github.com/cilium/ebpf/internal/epoll.(*Poller).Wait
    github.com/cilium/ebpf/perf.(*Reader).ReadInto
    /home/yunwei37/go/pkg/mod/github.com/cilium/ebpf@v0.21.0/perf/reader.go
    go.opentelemetry.io/ebpf-profiler/tracer.startPerfEventMonitor.func1
    github.com/elastic/go-freelru.(*LRU[go.shape.uint64,go.shape.*uint8]).get
    /home/yunwei37/go/pkg/mod/github.com/elastic/go-freelru@v0.16.0/lru.go
    github.com/elastic/go-freelru.(*LRU[go.shape.uint64,go.shape.*uint8]).Get
    go.opentelemetry.io/ebpf-profiler/nativeunwind/elfunwindinfo.parsesFDEHeader
    runtime.stealWork
    /home/yunwei37/go/pkg/mod/golang.org/toolchain@v0.0.1-go1.25.0.linux-amd64/src/runtime/proc.go
    runtime.findRunnable
    runtime.schedule
    runtime.park_m
    runtime.mcall
    go.opentelemetry.io/ebpf-profiler/nativeunwind/elfunwindinfo.(*reader).ptr
    _raw_spin_unlock_irqrestore
    rmqueue_bulk
    __rmqueue_pcplist
    rmqueue_pcplist
    rmqueue.isra.0
    get_page_from_freelist
    __alloc_frozen_pages_noprof
    alloc_pages_mpol
    vma_alloc_folio_noprof
    alloc_anon_folio
    do_anonymous_page
    handle_pte_fault
    __handle_mm_fault
    handle_mm_fault
    do_user_addr_fault
    exc_page_fault
    asm_exc_page_fault
    _copy_from_user
    fmt.(*pp).handleMethods
    /home/yunwei37/go/pkg/mod/golang.org/toolchain@v0.0.1-go1.25.0.linux-amd64/src/fmt/print.go
    fmt.(*pp).printArg
    fmt.(*pp).doPrintf
    fmt.Errorf
    /home/yunwei37/go/pkg/mod/golang.org/toolchain@v0.0.1-go1.25.0.linux-amd64/src/fmt/errors.go
    github.com/cilium/ebpf.(*Map).BatchLookupAndDelete
    go.opentelemetry.io/ebpf-profiler/tracer.(*Tracer).monitorPIDEventsMap
    /tmp/opentelemetry-ebpf-profiler/tracer/tracer.go
    go.opentelemetry.io/ebpf-profiler/tracer.(*Tracer).StartMapMonitors.func1
    go.opentelemetry.io/ebpf-profiler/periodiccaller.StartWithManualTrigger.func1
    /tmp/opentelemetry-ebpf-profiler/periodiccaller/periodiccaller.go
    go.opentelemetry.io/ebpf-profiler/nativeunwind/elfunwindinfo.(*vmRegs).getUnwindInfo
    __mem_cgroup_charge
    node
    libc.so.6
    init
    file:///home/fishclaw/.nvm/versions/node/v22.22.0/lib/node_modules/openclaw/dist/schemas-6cH6bZ7o.js
    V8::StubFrame
    parseSource
    node:internal/deps/cjs-module-lexer/lexer
    V8::BuiltinExitFrame
    get exports
    node:internal/modules/package_json_reader
    V8::InternalFrame
    V8::EntryFrame
    V8::ExitFrame
    deserializePackageJSON
    getPackageScopeConfig
    getFileProtocolModuleFormat
    node:internal/modules/esm/get_format
    defaultGetFormatWithoutErrors
    defaultResolve
    node:internal/modules/esm/resolve
    #cachedDefaultResolve
    node:internal/modules/esm/loader
    #resolveAndMaybeBlockOnLoaderThread
    nextStep
    node:internal/modules/customization_hooks
    resolveAliasTargetForParentUrl
    file:///home/fishclaw/.nvm/versions/node/v22.22.0/lib/node_modules/openclaw/dist/plugin-module-loader-cache-lz0qhu-X.js
    resolve
    wrapHook
    buildHooks
    resolveWithHooks
    resolveSync
    getModuleJobForImport
    _link
    node:internal/modules/esm/module_job
    <anonymous>
    <unknown>
    filename_lookup
    vfs_statx
    do_statx
    __x64_sys_statx
    V8::UnknownFrame
    realpathSync
    node:fs
    safeRealpathSync
    file:///home/fishclaw/.nvm/versions/node/v22.22.0/lib/node_modules/openclaw/dist/path-BlG8lhgR.js
    readFileSync
    getSourceSync
    node:internal/modules/esm/load
    defaultLoadSync
    #loadAndMaybeBlockOnLoaderThread
    #loadSync
    parseConfigJson5
    file:///home/fishclaw/.nvm/versions/node/v22.22.0/lib/node_modules/openclaw/dist/io-fQmSDfK-.js
    measure
    readConfigFileSnapshotInternal
    node:path
    finalizeResolution
    moduleResolve
    clear_page_erms
    normalizeString
    pathToFileURL
    node:internal/url
    /home/fishclaw/.nvm/versions/node/v22.22.0/lib/node_modules/openclaw/node_modules/undici/lib/llhttp/constants.js
    node:internal/modules/cjs/loader
    traceSync
    node:diagnostics_channel
    wrapModuleLoad
    /home/fishclaw/.nvm/versions/node/v22.22.0/lib/node_modules/openclaw/node_modules/undici/lib/dispatcher/client-h1.js
    /home/fishclaw/.nvm/versions/node/v22.22.0/lib/node_modules/openclaw/node_modules/undici/lib/dispatcher/client.js
    /home/fishclaw/.nvm/versions/node/v22.22.0/lib/node_modules/openclaw/node_modules/undici/index.js
    cjsLoader
    node:internal/modules/esm/translators
    run
    V8::ConstructFrame
    compileSourceTextModule
    node:internal/modules/esm/utils
    moduleStrategy
    #translate
    afterLoad
    loadAndTranslate
    #createModuleJob
    #getJobFromResolveResult
    vma_merge_existing_range
    vma_modify
    vma_modify_flags_name
    madvise_update_vma
    madvise_vma_behavior
    madvise_walk_vmas
    madvise_do_behavior
    do_madvise
    __x64_sys_madvise
    readPersistedInstalledPluginIndexFromSqlite
    file:///home/fishclaw/.nvm/versions/node/v22.22.0/lib/node_modules/openclaw/dist/installed-plugin-index-store-Cw5ijacD.js
    readPersistedInstalledPluginIndexSync
    loadPluginRegistrySnapshotWithMetadata
    file:///home/fishclaw/.nvm/versions/node/v22.22.0/lib/node_modules/openclaw/dist/plugin-registry-BPqzufTQ.js
    loadPluginMetadataSnapshotImpl
    file:///home/fishclaw/.nvm/versions/node/v22.22.0/lib/node_modules/openclaw/dist/plugin-metadata-snapshot-DXKcDDxT.js
    measureDiagnosticsTimelineSpanSync.phase
    measureDiagnosticsTimelineSpanSync
    loadPluginMetadataSnapshot
    resolvePluginMetadataSnapshot
    loadValidationPluginMetadataSnapshot
    validateConfigObjectWithPlugins
    cp_statx
    discoverInDirectory
    file:///home/fishclaw/.nvm/versions/node/v22.22.0/lib/node_modules/openclaw/dist/discovery-BUQqFET8.js
    tracePluginLifecyclePhase.scope
    tracePluginLifecyclePhase
    listChannelCatalogEntries
    file:///home/fishclaw/.nvm/versions/node/v22.22.0/lib/node_modules/openclaw/dist/channel-catalog-registry-CoMZ7aLc.js
    listBundledChannelIdsForRoot
    file:///home/fishclaw/.nvm/versions/node/v22.22.0/lib/node_modules/openclaw/dist/bootstrap-registry-BBZtC4Up.js
    listBundledChannelIds
    listPotentialConfiguredChannelPresenceSignals
    file:///home/fishclaw/.nvm/versions/node/v22.22.0/lib/node_modules/openclaw/dist/channel-env-var-names-BB2Lxcdw.js
    listPotentialConfiguredChannelIds
    listPotentialEnabledChannelIds
    file:///home/fishclaw/.nvm/versions/node/v22.22.0/lib/node_modules/openclaw/dist/gateway-startup-plugin-ids-mVzqhEQT.js
    collectConfiguredStartupChannelIds
    collectConfigValidationChannelIds
    createConfigValidationMetadataPluginIdScope
    agentsight
    established_get_first
    established_get_next
    tcp_seq_next
    seq_read_iter
    seq_read
    proc_reg_read
    vfs_read
    ksys_read
    __x64_sys_read
    codex
    libLLVM.so.1
    libclang-cpp.so.18.1
    clang
    libstdc++.so.6.0.35
ResourceProfiles #0
Resource SchemaURL: https://opentelemetry.io/schemas/1.37.0
Resource attributes:
     -> process.pid: Int(1174773)
     -> process.executable.path: Str(/tmp/opentelemetry-ebpf-profiler/otelcol-ebpf-profiler)
     -> process.executable.name: Str(otelcol-ebpf-profiler)
ScopeProfiles #0
ScopeProfiles SchemaURL: https://opentelemetry.io/schemas/1.37.0
InstrumentationScope go.opentelemetry.io/ebpf-profiler v0.0.0
Profile #0
    Profile ID     : 
    Start time     : 2026-06-21 19:26:31.724988318 +0000 UTC
    DurationNano   : 5000107807
    Dropped attributes count: 0
    Sample #0
        Values: []
        Attributes:
             -> thread.name: otelcol-ebpf-pr
             -> thread.id: %!s(int64=1174813)
             -> cpu.logical_number: %!s(int64=14)
    Sample #1
        Values: []
        Attributes:
             -> thread.name: otelcol-ebpf-pr
             -> thread.id: %!s(int64=1174822)
             -> cpu.logical_number: %!s(int64=21)
    Sample #2
        Values: []
        Attributes:
             -> thread.name: otelcol-ebpf-pr
             -> thread.id: %!s(int64=1174813)
             -> cpu.logical_number: %!s(int64=2)
    Sample #3
        Values: []
        Attributes:
             -> thread.name: otelcol-ebpf-pr
             -> thread.id: %!s(int64=1174818)
             -> cpu.logical_number: %!s(int64=3)
    Sample #4
        Values: []
        Attributes:
             -> thread.name: otelcol-ebpf-pr
             -> thread.id: %!s(int64=1174818)
             -> cpu.logical_number: %!s(int64=3)
    Sample #5
        Values: []
        Attributes:
             -> thread.name: otelcol-ebpf-pr
             -> thread.id: %!s(int64=1174807)
             -> cpu.logical_number: %!s(int64=11)
    Sample #6
        Values: []
        Attributes:
             -> thread.name: otelcol-ebpf-pr
             -> thread.id: %!s(int64=1174821)
             -> cpu.logical_number: %!s(int64=12)
    Sample #7
        Values: []
        Attributes:
             -> thread.name: otelcol-ebpf-pr
             -> thread.id: %!s(int64=1174813)
             -> cpu.logical_number: %!s(int64=14)
    Sample #8
        Values: []
        Attributes:
             -> thread.name: otelcol-ebpf-pr
             -> thread.id: %!s(int64=1174821)
             -> cpu.logical_number: %!s(int64=12)
    Sample #9
        Values: []
        Attributes:
             -> thread.name: otelcol-ebpf-pr
             -> thread.id: %!s(int64=1174813)
             -> cpu.logical_number: %!s(int64=14)
    Sample #10
        Values: []
        Attributes:
             -> thread.name: otelcol-ebpf-pr
             -> thread.id: %!s(int64=1174818)
             -> cpu.logical_number: %!s(int64=3)
    Sample #11
        Values: []
        Attributes:
             -> thread.name: otelcol-ebpf-pr
             -> thread.id: %!s(int64=1174820)
             -> cpu.logical_number: %!s(int64=15)
    Sample #12
        Values: []
        Attributes:
             -> thread.name: otelcol-ebpf-pr
             -> thread.id: %!s(int64=1174818)
             -> cpu.logical_number: %!s(int64=3)
    Sample #13
        Values: []
        Attributes:
             -> thread.name: otelcol-ebpf-pr
             -> thread.id: %!s(int64=1174807)
             -> cpu.logical_number: %!s(int64=21)
    Sample #14
        Values: []
        Attributes:
             -> thread.name: otelcol-ebpf-pr
             -> thread.id: %!s(int64=1174820)
             -> cpu.logical_number: %!s(int64=15)
    Sample #15
        Values: []
        Attributes:
             -> thread.name: otelcol-ebpf-pr
             -> thread.id: %!s(int64=1174813)
             -> cpu.logical_number: %!s(int64=2)
ResourceProfiles #1
Resource SchemaURL: https://opentelemetry.io/schemas/1.37.0
Resource attributes:
     -> process.pid: Int(1174826)
     -> process.executable.path: Str(/home/fishclaw/.nvm/versions/node/v22.22.0/bin/node)
     -> process.executable.name: Str(node)
ScopeProfiles #0
ScopeProfiles SchemaURL: https://opentelemetry.io/schemas/1.37.0
InstrumentationScope go.opentelemetry.io/ebpf-profiler v0.0.0
Profile #0
    Profile ID     : 
    Start time     : 2026-06-21 19:26:31.724988318 +0000 UTC
    DurationNano   : 5000107807
    Dropped attributes count: 0
    Sample #0
        Values: []
        Attributes:
             -> thread.name: node
             -> thread.id: %!s(int64=1174831)
             -> cpu.logical_number: %!s(int64=16)
    Sample #1
        Values: []
        Attributes:
             -> thread.name: node
             -> thread.id: %!s(int64=1174826)
             -> cpu.logical_number: %!s(int64=0)
    Sample #2
        Values: []
        Attributes:
             -> thread.name: node
             -> thread.id: %!s(int64=1174826)
             -> cpu.logical_number: %!s(int64=0)
    Sample #3
        Values: []
        Attributes:
             -> thread.name: node
             -> thread.id: %!s(int64=1174826)
             -> cpu.logical_number: %!s(int64=0)
    Sample #4
        Values: []
        Attributes:
             -> thread.name: node
             -> thread.id: %!s(int64=1174826)
             -> cpu.logical_number: %!s(int64=0)
    Sample #5
        Values: []
        Attributes:
             -> thread.name: node
             -> thread.id: %!s(int64=1174826)
             -> cpu.logical_number: %!s(int64=0)
    Sample #6
        Values: []
        Attributes:
             -> thread.name: node
             -> thread.id: %!s(int64=1174830)
             -> cpu.logical_number: %!s(int64=18)
    Sample #7
        Values: []
        Attributes:
             -> thread.name: node
             -> thread.id: %!s(int64=1174826)
             -> cpu.logical_number: %!s(int64=0)
    Sample #8
        Values: []
        Attributes:
             -> thread.name: node
             -> thread.id: %!s(int64=1174828)
             -> cpu.logical_number: %!s(int64=8)
    Sample #9
        Values: []
        Attributes:
             -> thread.name: node
             -> thread.id: %!s(int64=1174828)
             -> cpu.logical_number: %!s(int64=8)
    Sample #10
        Values: []
        Attributes:
             -> thread.name: node
             -> thread.id: %!s(int64=1174826)
             -> cpu.logical_number: %!s(int64=0)
    Sample #11
        Values: []
        Attributes:
             -> thread.name: node
             -> thread.id: %!s(int64=1174829)
             -> cpu.logical_number: %!s(int64=17)
    Sample #12
        Values: []
        Attributes:
             -> thread.name: node
             -> thread.id: %!s(int64=1174826)
             -> cpu.logical_number: %!s(int64=0)
    Sample #13
        Values: []
        Attributes:
             -> thread.name: node
             -> thread.id: %!s(int64=1174826)
             -> cpu.logical_number: %!s(int64=0)
    Sample #14
        Values: []
        Attributes:
             -> thread.name: node
             -> thread.id: %!s(int64=1174831)
             -> cpu.logical_number: %!s(int64=16)
    Sample #15
        Values: []
        Attributes:
             -> thread.name: node
             -> thread.id: %!s(int64=1174829)
             -> cpu.logical_number: %!s(int64=17)
    Sample #16
        Values: []
        Attributes:
             -> thread.name: node
             -> thread.id: %!s(int64=1174826)
             -> cpu.logical_number: %!s(int64=0)
    Sample #17
        Values: []
        Attributes:
             -> thread.name: node
             -> thread.id: %!s(int64=1174826)
             -> cpu.logical_number: %!s(int64=0)
    Sample #18
        Values: []
        Attributes:
             -> thread.name: node
             -> thread.id: %!s(int64=1174826)
             -> cpu.logical_number: %!s(int64=0)
    Sample #19
        Values: []
        Attributes:
             -> thread.name: node
             -> thread.id: %!s(int64=1174826)
             -> cpu.logical_number: %!s(int64=0)
    Sample #20
        Values: []
        Attributes:
             -> thread.name: node
             -> thread.id: %!s(int64=1174831)
             -> cpu.logical_number: %!s(int64=16)
    Sample #21
        Values: []
        Attributes:
             -> thread.name: node
             -> thread.id: %!s(int64=1174826)
             -> cpu.logical_number: %!s(int64=0)
    Sample #22
        Values: []
        Attributes:
             -> thread.name: node
             -> thread.id: %!s(int64=1174830)
             -> cpu.logical_number: %!s(int64=18)
    Sample #23
        Values: []
        Attributes:
             -> thread.name: node
             -> thread.id: %!s(int64=1174831)
             -> cpu.logical_number: %!s(int64=16)
    Sample #24
        Values: []
        Attributes:
             -> thread.name: node
             -> thread.id: %!s(int64=1174826)
             -> cpu.logical_number: %!s(int64=0)
    Sample #25
        Values: []
        Attributes:
             -> thread.name: node
             -> thread.id: %!s(int64=1174831)
             -> cpu.logical_number: %!s(int64=16)
    Sample #26
        Values: []
        Attributes:
             -> thread.name: node
             -> thread.id: %!s(int64=1174826)
             -> cpu.logical_number: %!s(int64=0)
    Sample #27
        Values: []
        Attributes:
             -> thread.name: node
             -> thread.id: %!s(int64=1174826)
             -> cpu.logical_number: %!s(int64=0)
    Sample #28
        Values: []
        Attributes:
             -> thread.name: node
             -> thread.id: %!s(int64=1174829)
             -> cpu.logical_number: %!s(int64=17)
    Sample #29
        Values: []
        Attributes:
             -> thread.name: node
             -> thread.id: %!s(int64=1174830)
             -> cpu.logical_number: %!s(int64=18)
    Sample #30
        Values: []
        Attributes:
             -> thread.name: node
             -> thread.id: %!s(int64=1174826)
             -> cpu.logical_number: %!s(int64=0)
    Sample #31
        Values: []
        Attributes:
             -> thread.name: node
             -> thread.id: %!s(int64=1174828)
             -> cpu.logical_number: %!s(int64=9)
    Sample #32
        Values: []
        Attributes:
             -> thread.name: node
             -> thread.id: %!s(int64=1174830)
             -> cpu.logical_number: %!s(int64=18)
    Sample #33
        Values: []
        Attributes:
             -> thread.name: node
             -> thread.id: %!s(int64=1174826)
             -> cpu.logical_number: %!s(int64=0)
    Sample #34
        Values: []
        Attributes:
             -> thread.name: node
             -> thread.id: %!s(int64=1174830)
             -> cpu.logical_number: %!s(int64=18)
    Sample #35
        Values: []
        Attributes:
             -> thread.name: node
             -> thread.id: %!s(int64=1174826)
             -> cpu.logical_number: %!s(int64=0)
    Sample #36
        Values: []
        Attributes:
             -> thread.name: node
             -> thread.id: %!s(int64=1174831)
             -> cpu.logical_number: %!s(int64=16)
ResourceProfiles #2
Resource SchemaURL: https://opentelemetry.io/schemas/1.37.0
Resource attributes:
     -> process.pid: Int(2711)
     -> process.executable.path: Str(/home/yunwei37/.cargo/bin/agentsight)
     -> process.executable.name: Str(agentsight)
ScopeProfiles #0
ScopeProfiles SchemaURL: https://opentelemetry.io/schemas/1.37.0
InstrumentationScope go.opentelemetry.io/ebpf-profiler v0.0.0
Profile #0
    Profile ID     : 
    Start time     : 2026-06-21 19:26:31.724988318 +0000 UTC
    DurationNano   : 5000107807
    Dropped attributes count: 0
    Sample #0
        Values: []
        Attributes:
             -> thread.name: agentsight
             -> thread.id: %!s(int64=2711)
             -> cpu.logical_number: %!s(int64=2)
    Sample #1
        Values: []
        Attributes:
             -> thread.name: agentsight
             -> thread.id: %!s(int64=2711)
             -> cpu.logical_number: %!s(int64=2)
ResourceProfiles #3
Resource SchemaURL: https://opentelemetry.io/schemas/1.37.0
Resource attributes:
     -> process.pid: Int(6917)
     -> process.executable.path: Str(/home/yunwei37/.nvm/versions/node/v22.22.0/lib/node_modules/@openai/codex/node_modules/@openai/codex-linux-x64/vendor/x86_64-unknown-linux-musl/bin/codex)
     -> process.executable.name: Str(codex)
ScopeProfiles #0
ScopeProfiles SchemaURL: https://opentelemetry.io/schemas/1.37.0
InstrumentationScope go.opentelemetry.io/ebpf-profiler v0.0.0
Profile #0
    Profile ID     : 
    Start time     : 2026-06-21 19:26:31.724988318 +0000 UTC
    DurationNano   : 5000107807
    Dropped attributes count: 0
    Sample #0
        Values: []
        Attributes:
             -> thread.name: sqlx-sqlite-wor
             -> thread.id: %!s(int64=1166569)
             -> cpu.logical_number: %!s(int64=6)
ResourceProfiles #4
Resource SchemaURL: https://opentelemetry.io/schemas/1.37.0
Resource attributes:
     -> process.pid: Int(1174299)
     -> process.executable.path: Str(/usr/lib/llvm-18/bin/clang)
     -> process.executable.name: Str(clang)
ScopeProfiles #0
ScopeProfiles SchemaURL: https://opentelemetry.io/schemas/1.37.0
InstrumentationScope go.opentelemetry.io/ebpf-profiler v0.0.0
Profile #0
    Profile ID     : 
    Start time     : 2026-06-21 19:26:31.724988318 +0000 UTC
    DurationNano   : 5000107807
    Dropped attributes count: 0
    Sample #0
        Values: []
        Attributes:
             -> thread.name: clang
             -> thread.id: %!s(int64=1174299)
             -> cpu.logical_number: %!s(int64=1)
    Sample #1
        Values: []
        Attributes:
             -> thread.name: clang
             -> thread.id: %!s(int64=1174299)
             -> cpu.logical_number: %!s(int64=1)
    Sample #2
        Values: []
        Attributes:
             -> thread.name: clang
             -> thread.id: %!s(int64=1174299)
             -> cpu.logical_number: %!s(int64=1)
    Sample #3
        Values: []
        Attributes:
             -> thread.name: clang
             -> thread.id: %!s(int64=1174299)
             -> cpu.logical_number: %!s(int64=1)
    Sample #4
        Values: []
        Attributes:
             -> thread.name: clang
             -> thread.id: %!s(int64=1174299)
             -> cpu.logical_number: %!s(int64=1)
    Sample #5
        Values: []
        Attributes:
             -> thread.name: clang
             -> thread.id: %!s(int64=1174299)
             -> cpu.logical_number: %!s(int64=1)
    Sample #6
        Values: []
        Attributes:
             -> thread.name: clang
             -> thread.id: %!s(int64=1174299)
             -> cpu.logical_number: %!s(int64=1)
    Sample #7
        Values: []
        Attributes:
             -> thread.name: clang
             -> thread.id: %!s(int64=1174299)
             -> cpu.logical_number: %!s(int64=1)
    Sample #8
        Values: []
        Attributes:
             -> thread.name: clang
             -> thread.id: %!s(int64=1174299)
             -> cpu.logical_number: %!s(int64=1)
    Sample #9
        Values: []
        Attributes:
             -> thread.name: clang
             -> thread.id: %!s(int64=1174299)
             -> cpu.logical_number: %!s(int64=1)
    Sample #10
        Values: []
        Attributes:
             -> thread.name: clang
             -> thread.id: %!s(int64=1174299)
             -> cpu.logical_number: %!s(int64=1)
    Sample #11
        Values: []
        Attributes:
             -> thread.name: clang
             -> thread.id: %!s(int64=1174299)
             -> cpu.logical_number: %!s(int64=1)
    Sample #12
        Values: []
        Attributes:
             -> thread.name: clang
             -> thread.id: %!s(int64=1174299)
             -> cpu.logical_number: %!s(int64=1)
    Sample #13
        Values: []
        Attributes:
             -> thread.name: clang
             -> thread.id: %!s(int64=1174299)
             -> cpu.logical_number: %!s(int64=1)
    Sample #14
        Values: []
        Attributes:
             -> thread.name: clang
             -> thread.id: %!s(int64=1174299)
             -> cpu.logical_number: %!s(int64=1)
    Sample #15
        Values: []
        Attributes:
             -> thread.name: clang
             -> thread.id: %!s(int64=1174299)
             -> cpu.logical_number: %!s(int64=1)
    Sample #16
        Values: []
        Attributes:
             -> thread.name: clang
             -> thread.id: %!s(int64=1174299)
             -> cpu.logical_number: %!s(int64=1)
    Sample #17
        Values: []
        Attributes:
             -> thread.name: clang
             -> thread.id: %!s(int64=1174299)
             -> cpu.logical_number: %!s(int64=1)
    Sample #18
        Values: []
        Attributes:
             -> thread.name: clang
             -> thread.id: %!s(int64=1174299)
             -> cpu.logical_number: %!s(int64=1)
    Sample #19
        Values: []
        Attributes:
             -> thread.name: clang
             -> thread.id: %!s(int64=1174299)
             -> cpu.logical_number: %!s(int64=1)
    Sample #20
        Values: []
        Attributes:
             -> thread.name: clang
             -> thread.id: %!s(int64=1174299)
             -> cpu.logical_number: %!s(int64=1)
    Sample #21
        Values: []
        Attributes:
             -> thread.name: clang
             -> thread.id: %!s(int64=1174299)
             -> cpu.logical_number: %!s(int64=1)
    Sample #22
        Values: []
        Attributes:
             -> thread.name: clang
             -> thread.id: %!s(int64=1174299)
             -> cpu.logical_number: %!s(int64=1)
    Sample #23
        Values: []
        Attributes:
             -> thread.name: clang
             -> thread.id: %!s(int64=1174299)
             -> cpu.logical_number: %!s(int64=1)
    Sample #24
        Values: []
        Attributes:
             -> thread.name: clang
             -> thread.id: %!s(int64=1174299)
             -> cpu.logical_number: %!s(int64=1)
    Sample #25
        Values: []
        Attributes:
             -> thread.name: clang
             -> thread.id: %!s(int64=1174299)
             -> cpu.logical_number: %!s(int64=1)
    Sample #26
        Values: []
        Attributes:
             -> thread.name: clang
             -> thread.id: %!s(int64=1174299)
             -> cpu.logical_number: %!s(int64=1)
    Sample #27
        Values: []
        Attributes:
             -> thread.name: clang
             -> thread.id: %!s(int64=1174299)
             -> cpu.logical_number: %!s(int64=1)
    Sample #28
        Values: []
        Attributes:
             -> thread.name: clang
             -> thread.id: %!s(int64=1174299)
             -> cpu.logical_number: %!s(int64=1)
    Sample #29
        Values: []
        Attributes:
             -> thread.name: clang
             -> thread.id: %!s(int64=1174299)
             -> cpu.logical_number: %!s(int64=1)
    Sample #30
        Values: []
        Attributes:
             -> thread.name: clang
             -> thread.id: %!s(int64=1174299)
             -> cpu.logical_number: %!s(int64=1)
    Sample #31
        Values: []
        Attributes:
             -> thread.name: clang
             -> thread.id: %!s(int64=1174299)
             -> cpu.logical_number: %!s(int64=1)
    Sample #32
        Values: []
        Attributes:
             -> thread.name: clang
             -> thread.id: %!s(int64=1174299)
             -> cpu.logical_number: %!s(int64=1)
    Sample #33
        Values: []
        Attributes:
             -> thread.name: clang
             -> thread.id: %!s(int64=1174299)
             -> cpu.logical_number: %!s(int64=1)
    Sample #34
        Values: []
        Attributes:
             -> thread.name: clang
             -> thread.id: %!s(int64=1174299)
             -> cpu.logical_number: %!s(int64=1)
    Sample #35
        Values: []
        Attributes:
             -> thread.name: clang
             -> thread.id: %!s(int64=1174299)
             -> cpu.logical_number: %!s(int64=1)
    Sample #36
        Values: []
        Attributes:
             -> thread.name: clang
             -> thread.id: %!s(int64=1174299)
             -> cpu.logical_number: %!s(int64=1)
    Sample #37
        Values: []
        Attributes:
             -> thread.name: clang
             -> thread.id: %!s(int64=1174299)
             -> cpu.logical_number: %!s(int64=1)
    Sample #38
        Values: []
        Attributes:
             -> thread.name: clang
             -> thread.id: %!s(int64=1174299)
             -> cpu.logical_number: %!s(int64=1)
    Sample #39
        Values: []
        Attributes:
             -> thread.name: clang
             -> thread.id: %!s(int64=1174299)
             -> cpu.logical_number: %!s(int64=1)
    Sample #40
        Values: []
        Attributes:
             -> thread.name: clang
             -> thread.id: %!s(int64=1174299)
             -> cpu.logical_number: %!s(int64=1)
    Sample #41
        Values: []
        Attributes:
             -> thread.name: clang
             -> thread.id: %!s(int64=1174299)
             -> cpu.logical_number: %!s(int64=1)
    Sample #42
        Values: []
        Attributes:
             -> thread.name: clang
             -> thread.id: %!s(int64=1174299)
             -> cpu.logical_number: %!s(int64=1)
    Sample #43
        Values: []
        Attributes:
             -> thread.name: clang
             -> thread.id: %!s(int64=1174299)
             -> cpu.logical_number: %!s(int64=1)
    Sample #44
        Values: []
        Attributes:
             -> thread.name: clang
             -> thread.id: %!s(int64=1174299)
             -> cpu.logical_number: %!s(int64=1)
    Sample #45
        Values: []
        Attributes:
             -> thread.name: clang
             -> thread.id: %!s(int64=1174299)
             -> cpu.logical_number: %!s(int64=1)
    Sample #46
        Values: []
        Attributes:
             -> thread.name: clang
             -> thread.id: %!s(int64=1174299)
             -> cpu.logical_number: %!s(int64=1)
    Sample #47
        Values: []
        Attributes:
             -> thread.name: clang
             -> thread.id: %!s(int64=1174299)
             -> cpu.logical_number: %!s(int64=1)
    Sample #48
        Values: []
        Attributes:
             -> thread.name: clang
             -> thread.id: %!s(int64=1174299)
             -> cpu.logical_number: %!s(int64=1)
    Sample #49
        Values: []
        Attributes:
             -> thread.name: clang
             -> thread.id: %!s(int64=1174299)
             -> cpu.logical_number: %!s(int64=1)
    Sample #50
        Values: []
        Attributes:
             -> thread.name: clang
             -> thread.id: %!s(int64=1174299)
             -> cpu.logical_number: %!s(int64=1)
    Sample #51
        Values: []
        Attributes:
             -> thread.name: clang
             -> thread.id: %!s(int64=1174299)
             -> cpu.logical_number: %!s(int64=1)
    Sample #52
        Values: []
        Attributes:
             -> thread.name: clang
             -> thread.id: %!s(int64=1174299)
             -> cpu.logical_number: %!s(int64=1)
    Sample #53
        Values: []
        Attributes:
             -> thread.name: clang
             -> thread.id: %!s(int64=1174299)
             -> cpu.logical_number: %!s(int64=1)
    Sample #54
        Values: []
        Attributes:
             -> thread.name: clang
             -> thread.id: %!s(int64=1174299)
             -> cpu.logical_number: %!s(int64=1)
    Sample #55
        Values: []
        Attributes:
             -> thread.name: clang
             -> thread.id: %!s(int64=1174299)
             -> cpu.logical_number: %!s(int64=1)
    Sample #56
        Values: []
        Attributes:
             -> thread.name: clang
             -> thread.id: %!s(int64=1174299)
             -> cpu.logical_number: %!s(int64=1)
    Sample #57
        Values: []
        Attributes:
             -> thread.name: clang
             -> thread.id: %!s(int64=1174299)
             -> cpu.logical_number: %!s(int64=1)
    Sample #58
        Values: []
        Attributes:
             -> thread.name: clang
             -> thread.id: %!s(int64=1174299)
             -> cpu.logical_number: %!s(int64=1)
    Sample #59
        Values: []
        Attributes:
             -> thread.name: clang
             -> thread.id: %!s(int64=1174299)
             -> cpu.logical_number: %!s(int64=1)
    Sample #60
        Values: []
        Attributes:
             -> thread.name: clang
             -> thread.id: %!s(int64=1174299)
             -> cpu.logical_number: %!s(int64=1)
    Sample #61
        Values: []
        Attributes:
             -> thread.name: clang
             -> thread.id: %!s(int64=1174299)
             -> cpu.logical_number: %!s(int64=1)
    Sample #62
        Values: []
        Attributes:
             -> thread.name: clang
             -> thread.id: %!s(int64=1174299)
             -> cpu.logical_number: %!s(int64=1)
    Sample #63
        Values: []
        Attributes:
             -> thread.name: clang
             -> thread.id: %!s(int64=1174299)
             -> cpu.logical_number: %!s(int64=1)
    Sample #64
        Values: []
        Attributes:
             -> thread.name: clang
             -> thread.id: %!s(int64=1174299)
             -> cpu.logical_number: %!s(int64=1)
    Sample #65
        Values: []
        Attributes:
             -> thread.name: clang
             -> thread.id: %!s(int64=1174299)
             -> cpu.logical_number: %!s(int64=1)
    Sample #66
        Values: []
        Attributes:
             -> thread.name: clang
             -> thread.id: %!s(int64=1174299)
             -> cpu.logical_number: %!s(int64=1)
    Sample #67
        Values: []
        Attributes:
             -> thread.name: clang
             -> thread.id: %!s(int64=1174299)
             -> cpu.logical_number: %!s(int64=1)
	{"resource": {"service.instance.id": "54b697f9-9a22-423b-b64f-a8fb73d1fcb3", "service.name": "otelcol-ebpf-profiler", "service.version": "dev"}, "otelcol.component.id": "debug", "otelcol.component.kind": "exporter", "otelcol.signal": "profiles"}
2026-06-21T12:26:41.728-0700	info	Profiles	{"resource": {"service.instance.id": "54b697f9-9a22-423b-b64f-a8fb73d1fcb3", "service.name": "otelcol-ebpf-profiler", "service.version": "dev"}, "otelcol.component.id": "debug", "otelcol.component.kind": "exporter", "otelcol.signal": "profiles", "resource profiles": 9, "sample records": 169}
2026-06-21T12:26:41.729-0700	info	Mapping #0
    Memory start: 0
    Memory limit: 0
    File offset: 0
    File name: 0
    Attributes: []
Mapping #1
    Memory start: 4325376
    Memory limit: 7352320
    File offset: 131072
    File name: 5
    Attributes: [1]
Mapping #2
    Memory start: 163840
    Memory limit: 1769472
    File offset: 163840
    File name: 31
    Attributes: [4]
Mapping #3
    Memory start: 0
    Memory limit: 61755392
    File offset: 0
    File name: 35
    Attributes: [9]
Mapping #4
    Memory start: 0
    Memory limit: 135168
    File offset: 0
    File name: 36
    Attributes: [10]
Mapping #5
    Memory start: 0
    Memory limit: 117968896
    File offset: 0
    File name: 37
    Attributes: [11 12]
Mapping #6
    Memory start: 667648
    Memory limit: 2093056
    File offset: 667648
    File name: 39
    Attributes: [16]
Mapping #7
    Memory start: 4194304
    Memory limit: 19996672
    File offset: 0
    File name: 40
    Attributes: [17 18]
Mapping #8
    Memory start: 0
    Memory limit: 0
    File offset: 0
    File name: 67
    Attributes: [23 24]
Mapping #9
    Memory start: 14532608
    Memory limit: 21663744
    File offset: 14528512
    File name: 130
    Attributes: [31 32]
Mapping #10
    Memory start: 7925760
    Memory limit: 214024192
    File offset: 7925760
    File name: 138
    Attributes: [36]
Mapping #11
    Memory start: 14893056
    Memory limit: 53129216
    File offset: 10698752
    File name: 159
    Attributes: [47 48]
Mapping #12
    Memory start: 0
    Memory limit: 0
    File offset: 0
    File name: 310
    Attributes: [63 64]
Mapping #13
    Memory start: 0
    Memory limit: 0
    File offset: 0
    File name: 338
    Attributes: [65 66]
Location #0
    Mapping index: 0
    Address: 0
    Attributes: []
Location #1
    Mapping index: 1
    Address: 5786601
    Attributes: [2]
Location #2
    Mapping index: 0
    Address: 0
    Line #0
        Function index: 1
        Line: 137
        Column: 0
    Attributes: [3]
Location #3
    Mapping index: 0
    Address: 0
    Line #0
        Function index: 2
        Line: 429
        Column: 0
    Attributes: [3]
Location #4
    Mapping index: 0
    Address: 0
    Line #0
        Function index: 3
        Line: 425
        Column: 0
    Attributes: [3]
Location #5
    Mapping index: 0
    Address: 0
    Line #0
        Function index: 4
        Line: 98
        Column: 0
    Attributes: [3]
Location #6
    Mapping index: 0
    Address: 0
    Line #0
        Function index: 5
        Line: 127
        Column: 0
    Attributes: [3]
Location #7
    Mapping index: 0
    Address: 0
    Line #0
        Function index: 6
        Line: 84
        Column: 0
    Attributes: [3]
Location #8
    Mapping index: 0
    Address: 0
    Line #0
        Function index: 7
        Line: 111
        Column: 0
    Attributes: [3]
Location #9
    Mapping index: 0
    Address: 0
    Line #0
        Function index: 6
        Line: 82
        Column: 0
    Attributes: [3]
Location #10
    Mapping index: 0
    Address: 0
    Line #0
        Function index: 5
        Line: 133
        Column: 0
    Attributes: [3]
Location #11
    Mapping index: 0
    Address: 0
    Line #0
        Function index: 8
        Line: 55
        Column: 0
    Attributes: [3]
Location #12
    Mapping index: 0
    Address: 0
    Line #0
        Function index: 9
        Line: 36
        Column: 0
    Attributes: [3]
Location #13
    Mapping index: 0
    Address: 0
    Line #0
        Function index: 10
        Line: 49
        Column: 0
    Attributes: [3]
Location #14
    Mapping index: 0
    Address: 0
    Line #0
        Function index: 11
        Line: 81
        Column: 0
    Attributes: [3]
Location #15
    Mapping index: 0
    Address: 0
    Line #0
        Function index: 12
        Line: 125
        Column: 0
    Attributes: [3]
Location #16
    Mapping index: 0
    Address: 0
    Line #0
        Function index: 13
        Line: 1150
        Column: 0
    Attributes: [3]
Location #17
    Mapping index: 0
    Address: 0
    Line #0
        Function index: 14
        Line: 1620
        Column: 0
    Attributes: [3]
Location #18
    Mapping index: 0
    Address: 0
    Line #0
        Function index: 15
        Line: 1632
        Column: 0
    Attributes: [3]
Location #19
    Mapping index: 0
    Address: 0
    Line #0
        Function index: 16
        Line: 1
        Column: 0
    Attributes: [3]
Location #20
    Mapping index: 1
    Address: 6158998
    Attributes: [2]
Location #21
    Mapping index: 1
    Address: 6117562
    Attributes: [2]
Location #22
    Mapping index: 1
    Address: 6327121
    Attributes: [2]
Location #23
    Mapping index: 1
    Address: 7033442
    Attributes: [2]
Location #24
    Mapping index: 1
    Address: 7032777
    Attributes: [2]
Location #25
    Mapping index: 1
    Address: 7032318
    Attributes: [2]
Location #26
    Mapping index: 1
    Address: 7065188
    Attributes: [2]
Location #27
    Mapping index: 1
    Address: 7063884
    Attributes: [2]
Location #28
    Mapping index: 2
    Address: 172489
    Attributes: [2]
Location #29
    Mapping index: 2
    Address: 172682
    Attributes: [2]
Location #30
    Mapping index: 1
    Address: 6650628
    Attributes: [2]
Location #31
    Mapping index: 0
    Address: 0
    Attributes: [3]
Location #32
    Mapping index: 1
    Address: 6161313
    Attributes: [2]
Location #33
    Mapping index: 1
    Address: 5729140
    Attributes: [2]
Location #34
    Mapping index: 1
    Address: 6409669
    Attributes: [2]
Location #35
    Mapping index: 1
    Address: 6408827
    Attributes: [2]
Location #36
    Mapping index: 1
    Address: 7066343
    Attributes: [2]
Location #37
    Mapping index: 1
    Address: 7017323
    Attributes: [2]
Location #38
    Mapping index: 1
    Address: 7020912
    Attributes: [2]
Location #39
    Mapping index: 1
    Address: 7034300
    Attributes: [2]
Location #40
    Mapping index: 1
    Address: 7033899
    Attributes: [2]
Location #41
    Mapping index: 1
    Address: 7032842
    Attributes: [2]
Location #42
    Mapping index: 3
    Address: 10878941
    Attributes: [2]
Location #43
    Mapping index: 3
    Address: 10878803
    Attributes: [2]
Location #44
    Mapping index: 3
    Address: 12151822
    Attributes: [2]
Location #45
    Mapping index: 3
    Address: 12144907
    Attributes: [2]
Location #46
    Mapping index: 3
    Address: 12141526
    Attributes: [2]
Location #47
    Mapping index: 3
    Address: 11964877
    Attributes: [2]
Location #48
    Mapping index: 3
    Address: 11992027
    Attributes: [2]
Location #49
    Mapping index: 3
    Address: 12120515
    Attributes: [2]
Location #50
    Mapping index: 3
    Address: 12121580
    Attributes: [2]
Location #51
    Mapping index: 3
    Address: 12875132
    Attributes: [2]
Location #52
    Mapping index: 3
    Address: 12845390
    Attributes: [2]
Location #53
    Mapping index: 3
    Address: 12840443
    Attributes: [2]
Location #54
    Mapping index: 3
    Address: 12857791
    Attributes: [2]
Location #55
    Mapping index: 3
    Address: 12843974
    Attributes: [2]
Location #56
    Mapping index: 3
    Address: 12876449
    Attributes: [2]
Location #57
    Mapping index: 3
    Address: 12855966
    Attributes: [2]
Location #58
    Mapping index: 3
    Address: 12846621
    Attributes: [2]
Location #59
    Mapping index: 3
    Address: 12859166
    Attributes: [2]
Location #60
    Mapping index: 3
    Address: 12846634
    Attributes: [2]
Location #61
    Mapping index: 3
    Address: 12855151
    Attributes: [2]
Location #62
    Mapping index: 3
    Address: 12849071
    Attributes: [2]
Location #63
    Mapping index: 3
    Address: 12842514
    Attributes: [2]
Location #64
    Mapping index: 3
    Address: 12880758
    Attributes: [2]
Location #65
    Mapping index: 3
    Address: 12992710
    Attributes: [2]
Location #66
    Mapping index: 3
    Address: 12243616
    Attributes: [2]
Location #67
    Mapping index: 3
    Address: 12988542
    Attributes: [2]
Location #68
    Mapping index: 3
    Address: 12986936
    Attributes: [2]
Location #69
    Mapping index: 3
    Address: 12983396
    Attributes: [2]
Location #70
    Mapping index: 3
    Address: 12975994
    Attributes: [2]
Location #71
    Mapping index: 3
    Address: 12153981
    Attributes: [2]
Location #72
    Mapping index: 3
    Address: 44066347
    Attributes: [2]
Location #73
    Mapping index: 3
    Address: 43528371
    Attributes: [2]
Location #74
    Mapping index: 3
    Address: 44574268
    Attributes: [2]
Location #75
    Mapping index: 4
    Address: 82989
    Attributes: [2]
Location #76
    Mapping index: 4
    Address: 71827
    Attributes: [2]
Location #77
    Mapping index: 3
    Address: 40057201
    Attributes: [2]
Location #78
    Mapping index: 5
    Address: 13565814
    Attributes: [2]
Location #79
    Mapping index: 3
    Address: 40055350
    Attributes: [2]
Location #80
    Mapping index: 3
    Address: 39826711
    Attributes: [2]
Location #81
    Mapping index: 3
    Address: 39827326
    Attributes: [2]
Location #82
    Mapping index: 3
    Address: 39943199
    Attributes: [2]
Location #83
    Mapping index: 4
    Address: 70123
    Attributes: [2]
Location #84
    Mapping index: 4
    Address: 123778
    Attributes: [2]
Location #85
    Mapping index: 4
    Address: 57940
    Attributes: [2]
Location #86
    Mapping index: 6
    Address: 905892
    Attributes: [2]
Location #87
    Mapping index: 3
    Address: 10657241
    Attributes: [2]
Location #88
    Mapping index: 3
    Address: 10635302
    Attributes: [2]
Location #89
    Mapping index: 3
    Address: 10635383
    Attributes: [2]
Location #90
    Mapping index: 3
    Address: 10635862
    Attributes: [2]
Location #91
    Mapping index: 3
    Address: 10662480
    Attributes: [2]
Location #92
    Mapping index: 3
    Address: 21432185
    Attributes: [2]
Location #93
    Mapping index: 3
    Address: 21420344
    Attributes: [2]
Location #94
    Mapping index: 3
    Address: 24095034
    Attributes: [2]
Location #95
    Mapping index: 3
    Address: 12482151
    Attributes: [2]
Location #96
    Mapping index: 3
    Address: 12473371
    Attributes: [2]
Location #97
    Mapping index: 3
    Address: 12453172
    Attributes: [2]
Location #98
    Mapping index: 3
    Address: 12482091
    Attributes: [2]
Location #99
    Mapping index: 3
    Address: 12449405
    Attributes: [2]
Location #100
    Mapping index: 3
    Address: 12446923
    Attributes: [2]
Location #101
    Mapping index: 3
    Address: 12446449
    Attributes: [2]
Location #102
    Mapping index: 3
    Address: 12849720
    Attributes: [2]
Location #103
    Mapping index: 3
    Address: 12842096
    Attributes: [2]
Location #104
    Mapping index: 3
    Address: 12852079
    Attributes: [2]
Location #105
    Mapping index: 3
    Address: 12845362
    Attributes: [2]
Location #106
    Mapping index: 7
    Address: 18907210
    Line #0
        Function index: 17
        Line: 219
        Column: 0
    Attributes: [19]
Location #107
    Mapping index: 7
    Address: 18901419
    Line #0
        Function index: 18
        Line: 101
        Column: 0
    Attributes: [19]
Location #108
    Mapping index: 7
    Address: 18902116
    Line #0
        Function index: 18
        Line: 124
        Column: 0
    Attributes: [19]
Location #109
    Mapping index: 7
    Address: 18900932
    Line #0
        Function index: 19
        Line: 158
        Column: 0
    Attributes: [19]
Location #110
    Mapping index: 7
    Address: 18958678
    Line #0
        Function index: 20
        Line: 230
        Column: 0
    Attributes: [19]
Location #111
    Mapping index: 7
    Address: 18957892
    Line #0
        Function index: 21
        Line: 182
        Column: 0
    Attributes: [19]
Location #112
    Mapping index: 7
    Address: 18959142
    Line #0
        Function index: 22
        Line: 37
        Column: 0
    Attributes: [19]
Location #113
    Mapping index: 7
    Address: 19372701
    Line #0
        Function index: 23
        Line: 187
        Column: 0
    Attributes: [19]
Location #114
    Mapping index: 7
    Address: 19422167
    Line #0
        Function index: 24
        Line: 384
        Column: 0
    Attributes: [19]
Location #115
    Mapping index: 7
    Address: 19432468
    Line #0
        Function index: 25
        Line: 606
        Column: 0
    Attributes: [19]
Location #116
    Mapping index: 7
    Address: 18445717
    Line #0
        Function index: 26
        Line: 403
        Column: 0
    Attributes: [19]
Location #117
    Mapping index: 7
    Address: 18443691
    Line #0
        Function index: 27
        Line: 378
        Column: 0
    Attributes: [19]
Location #118
    Mapping index: 7
    Address: 18444583
    Line #0
        Function index: 28
        Line: 407
        Column: 0
    Attributes: [19]
Location #119
    Mapping index: 7
    Address: 19428093
    Line #0
        Function index: 29
        Line: 552
        Column: 0
    Attributes: [19]
Location #120
    Mapping index: 7
    Address: 19501466
    Line #0
        Function index: 30
        Line: 57
        Column: 0
    Attributes: [19]
Location #121
    Mapping index: 7
    Address: 19500935
    Line #0
        Function index: 31
        Line: 47
        Column: 0
    Attributes: [19]
Location #122
    Mapping index: 7
    Address: 4740960
    Line #0
        Function index: 32
        Line: 1694
        Column: 0
    Attributes: [19]
Location #123
    Mapping index: 8
    Address: 8124764
    Line #0
        Function index: 33
        Line: 0
        Column: 0
    Attributes: [25]
Location #124
    Mapping index: 8
    Address: 8605260
    Line #0
        Function index: 34
        Line: 0
        Column: 0
    Attributes: [25]
Location #125
    Mapping index: 8
    Address: 8605422
    Line #0
        Function index: 35
        Line: 0
        Column: 0
    Attributes: [25]
Location #126
    Mapping index: 8
    Address: 8605584
    Line #0
        Function index: 36
        Line: 0
        Column: 0
    Attributes: [25]
Location #127
    Mapping index: 8
    Address: 6564296
    Line #0
        Function index: 37
        Line: 0
        Column: 0
    Attributes: [25]
Location #128
    Mapping index: 8
    Address: 6548654
    Line #0
        Function index: 38
        Line: 0
        Column: 0
    Attributes: [25]
Location #129
    Mapping index: 8
    Address: 6574650
    Line #0
        Function index: 39
        Line: 0
        Column: 0
    Attributes: [25]
Location #130
    Mapping index: 8
    Address: 6576780
    Line #0
        Function index: 40
        Line: 0
        Column: 0
    Attributes: [25]
Location #131
    Mapping index: 8
    Address: 3172050
    Line #0
        Function index: 41
        Line: 0
        Column: 0
    Attributes: [25]
Location #132
    Mapping index: 8
    Address: 22351549
    Line #0
        Function index: 42
        Line: 0
        Column: 0
    Attributes: [25]
Location #133
    Mapping index: 8
    Address: 298
    Line #0
        Function index: 43
        Line: 0
        Column: 0
    Attributes: [25]
Location #134
    Mapping index: 7
    Address: 4224397
    Line #0
        Function index: 44
        Line: 36
        Column: 0
    Attributes: [19]
Location #135
    Mapping index: 7
    Address: 4849036
    Line #0
        Function index: 45
        Line: 67
        Column: 0
    Attributes: [19]
Location #136
    Mapping index: 7
    Address: 4849125
    Line #0
        Function index: 46
        Line: 87
        Column: 0
    Attributes: [19]
Location #137
    Mapping index: 7
    Address: 4852909
    Line #0
        Function index: 47
        Line: 1
        Column: 0
    Attributes: [19]
Location #138
    Mapping index: 7
    Address: 17802355
    Line #0
        Function index: 48
        Line: 95
        Column: 0
    Attributes: [19]
Location #139
    Mapping index: 7
    Address: 18185741
    Line #0
        Function index: 49
        Line: 1420
        Column: 0
    Attributes: [19]
Location #140
    Mapping index: 7
    Address: 18185389
    Line #0
        Function index: 50
        Line: 1399
        Column: 0
    Attributes: [19]
Location #141
    Mapping index: 7
    Address: 19489045
    Line #0
        Function index: 51
        Line: 547
        Column: 0
    Attributes: [19]
Location #142
    Mapping index: 7
    Address: 19380040
    Line #0
        Function index: 52
        Line: 449
        Column: 0
    Attributes: [19]
Location #143
    Mapping index: 7
    Address: 19373291
    Line #0
        Function index: 23
        Line: 222
        Column: 0
    Attributes: [19]
Location #144
    Mapping index: 8
    Address: 22414163
    Line #0
        Function index: 53
        Line: 0
        Column: 0
    Attributes: [25]
Location #145
    Mapping index: 8
    Address: 8930316
    Line #0
        Function index: 54
        Line: 0
        Column: 0
    Attributes: [25]
Location #146
    Mapping index: 8
    Address: 8662554
    Line #0
        Function index: 55
        Line: 0
        Column: 0
    Attributes: [25]
Location #147
    Mapping index: 8
    Address: 8666654
    Line #0
        Function index: 56
        Line: 0
        Column: 0
    Attributes: [25]
Location #148
    Mapping index: 8
    Address: 8666824
    Line #0
        Function index: 57
        Line: 0
        Column: 0
    Attributes: [25]
Location #149
    Mapping index: 8
    Address: 3171795
    Line #0
        Function index: 41
        Line: 0
        Column: 0
    Attributes: [25]
Location #150
    Mapping index: 7
    Address: 4841783
    Line #0
        Function index: 58
        Line: 738
        Column: 0
    Attributes: [19]
Location #151
    Mapping index: 7
    Address: 5235885
    Line #0
        Function index: 59
        Line: 183
        Column: 0
    Attributes: [19]
Location #152
    Mapping index: 7
    Address: 5283054
    Line #0
        Function index: 60
        Line: 29
        Column: 0
    Attributes: [19]
Location #153
    Mapping index: 7
    Address: 5986269
    Line #0
        Function index: 61
        Line: 219
        Column: 0
    Attributes: [19]
Location #154
    Mapping index: 7
    Address: 18441618
    Line #0
        Function index: 27
        Line: 273
        Column: 0
    Attributes: [19]
Location #155
    Mapping index: 7
    Address: 18933379
    Line #0
        Function index: 62
        Line: 1012
        Column: 0
    Attributes: [19]
Location #156
    Mapping index: 7
    Address: 18935371
    Line #0
        Function index: 63
        Line: 1191
        Column: 0
    Attributes: [19]
Location #157
    Mapping index: 7
    Address: 18936615
    Line #0
        Function index: 64
        Line: 1246
        Column: 0
    Attributes: [19]
Location #158
    Mapping index: 7
    Address: 18958365
    Line #0
        Function index: 20
        Line: 209
        Column: 0
    Attributes: [19]
Location #159
    Mapping index: 7
    Address: 18907076
    Line #0
        Function index: 17
        Line: 219
        Column: 0
    Attributes: [19]
Location #160
    Mapping index: 7
    Address: 18907271
    Line #0
        Function index: 17
        Line: 219
        Column: 0
    Attributes: [19]
Location #161
    Mapping index: 7
    Address: 18906674
    Line #0
        Function index: 17
        Line: 202
        Column: 0
    Attributes: [19]
Location #162
    Mapping index: 7
    Address: 18906304
    Line #0
        Function index: 17
        Line: 202
        Column: 0
    Attributes: [19]
Location #163
    Mapping index: 8
    Address: 4571313
    Line #0
        Function index: 65
        Line: 0
        Column: 0
    Attributes: [25]
Location #164
    Mapping index: 8
    Address: 22408079
    Line #0
        Function index: 66
        Line: 0
        Column: 0
    Attributes: [25]
Location #165
    Mapping index: 8
    Address: 22409334
    Line #0
        Function index: 67
        Line: 0
        Column: 0
    Attributes: [25]
Location #166
    Mapping index: 8
    Address: 5524522
    Line #0
        Function index: 68
        Line: 0
        Column: 0
    Attributes: [25]
Location #167
    Mapping index: 8
    Address: 5526601
    Line #0
        Function index: 69
        Line: 0
        Column: 0
    Attributes: [25]
Location #168
    Mapping index: 8
    Address: 5526849
    Line #0
        Function index: 70
        Line: 0
        Column: 0
    Attributes: [25]
Location #169
    Mapping index: 8
    Address: 5508884
    Line #0
        Function index: 71
        Line: 0
        Column: 0
    Attributes: [25]
Location #170
    Mapping index: 8
    Address: 5510598
    Line #0
        Function index: 72
        Line: 0
        Column: 0
    Attributes: [25]
Location #171
    Mapping index: 8
    Address: 3170865
    Line #0
        Function index: 41
        Line: 0
        Column: 0
    Attributes: [25]
Location #172
    Mapping index: 7
    Address: 4748674
    Line #0
        Function index: 73
        Line: 558
        Column: 0
    Attributes: [19]
Location #173
    Mapping index: 7
    Address: 4467486
    Line #0
        Function index: 74
        Line: 82
        Column: 0
    Attributes: [19]
Location #174
    Mapping index: 7
    Address: 4303826
    Line #0
        Function index: 75
        Line: 90
        Column: 0
    Attributes: [19]
Location #175
    Mapping index: 7
    Address: 4304136
    Line #0
        Function index: 76
        Line: 112
        Column: 0
    Attributes: [19]
Location #176
    Mapping index: 7
    Address: 4547857
    Line #0
        Function index: 77
        Line: 6270
        Column: 0
    Attributes: [19]
Location #177
    Mapping index: 7
    Address: 4508466
    Line #0
        Function index: 78
        Line: 1928
        Column: 0
    Attributes: [19]
Location #178
    Mapping index: 7
    Address: 4508276
    Line #0
        Function index: 79
        Line: 1890
        Column: 0
    Attributes: [19]
Location #179
    Mapping index: 7
    Address: 4732964
    Line #0
        Function index: 80
        Line: 396
        Column: 0
    Attributes: [19]
Location #180
    Mapping index: 7
    Address: 18933262
    Line #0
        Function index: 62
        Line: 1010
        Column: 0
    Attributes: [19]
Location #181
    Mapping index: 2
    Address: 710645
    Attributes: [2]
Location #182
    Mapping index: 9
    Address: 21590191
    Attributes: [2]
Location #183
    Mapping index: 9
    Address: 16924896
    Attributes: [2]
Location #184
    Mapping index: 9
    Address: 16919781
    Attributes: [2]
Location #185
    Mapping index: 9
    Address: 15518371
    Attributes: [2]
Location #186
    Mapping index: 9
    Address: 15968003
    Attributes: [2]
Location #187
    Mapping index: 9
    Address: 15905384
    Attributes: [2]
Location #188
    Mapping index: 9
    Address: 16317066
    Attributes: [2]
Location #189
    Mapping index: 9
    Address: 15858770
    Attributes: [2]
Location #190
    Mapping index: 9
    Address: 16637480
    Attributes: [2]
Location #191
    Mapping index: 9
    Address: 21388591
    Attributes: [2]
Location #192
    Mapping index: 9
    Address: 16319364
    Attributes: [2]
Location #193
    Mapping index: 9
    Address: 14536356
    Attributes: [2]
Location #194
    Mapping index: 8
    Address: 20483781
    Line #0
        Function index: 81
        Line: 0
        Column: 0
    Attributes: [25]
Location #195
    Mapping index: 8
    Address: 20484758
    Line #0
        Function index: 82
        Line: 0
        Column: 0
    Attributes: [25]
Location #196
    Mapping index: 8
    Address: 20485259
    Line #0
        Function index: 83
        Line: 0
        Column: 0
    Attributes: [25]
Location #197
    Mapping index: 8
    Address: 20485398
    Line #0
        Function index: 84
        Line: 0
        Column: 0
    Attributes: [25]
Location #198
    Mapping index: 8
    Address: 8929130
    Line #0
        Function index: 85
        Line: 0
        Column: 0
    Attributes: [25]
Location #199
    Mapping index: 8
    Address: 9508389
    Line #0
        Function index: 86
        Line: 0
        Column: 0
    Attributes: [25]
Location #200
    Mapping index: 2
    Address: 1161929
    Attributes: [2]
Location #201
    Mapping index: 9
    Address: 21423134
    Attributes: [2]
Location #202
    Mapping index: 9
    Address: 21405096
    Attributes: [2]
Location #203
    Mapping index: 9
    Address: 15470474
    Attributes: [2]
Location #204
    Mapping index: 9
    Address: 15968283
    Attributes: [2]
Location #205
    Mapping index: 2
    Address: 713195
    Attributes: [2]
Location #206
    Mapping index: 9
    Address: 21583953
    Attributes: [2]
Location #207
    Mapping index: 9
    Address: 21583845
    Attributes: [2]
Location #208
    Mapping index: 9
    Address: 21590562
    Attributes: [2]
Location #209
    Mapping index: 9
    Address: 21626969
    Attributes: [2]
Location #210
    Mapping index: 9
    Address: 21585588
    Attributes: [2]
Location #211
    Mapping index: 9
    Address: 16924767
    Attributes: [2]
Location #212
    Mapping index: 8
    Address: 22409887
    Line #0
        Function index: 87
        Line: 0
        Column: 0
    Attributes: [25]
Location #213
    Mapping index: 8
    Address: 20485234
    Line #0
        Function index: 83
        Line: 0
        Column: 0
    Attributes: [25]
Location #214
    Mapping index: 2
    Address: 701197
    Attributes: [2]
Location #215
    Mapping index: 2
    Address: 712141
    Attributes: [2]
Location #216
    Mapping index: 9
    Address: 16806894
    Attributes: [2]
Location #217
    Mapping index: 9
    Address: 16925704
    Attributes: [2]
Location #218
    Mapping index: 10
    Address: 181366596
    Attributes: [2]
Location #219
    Mapping index: 10
    Address: 181296503
    Attributes: [2]
Location #220
    Mapping index: 10
    Address: 181090943
    Attributes: [2]
Location #221
    Mapping index: 10
    Address: 173355690
    Attributes: [2]
Location #222
    Mapping index: 10
    Address: 173517285
    Attributes: [2]
Location #223
    Mapping index: 10
    Address: 148867165
    Attributes: [2]
Location #224
    Mapping index: 10
    Address: 176398003
    Attributes: [2]
Location #225
    Mapping index: 10
    Address: 213968242
    Attributes: [2]
Location #226
    Mapping index: 8
    Address: 9081308
    Line #0
        Function index: 88
        Line: 0
        Column: 0
    Attributes: [25]
Location #227
    Mapping index: 8
    Address: 9088843
    Line #0
        Function index: 89
        Line: 0
        Column: 0
    Attributes: [25]
Location #228
    Mapping index: 8
    Address: 9840900
    Line #0
        Function index: 90
        Line: 0
        Column: 0
    Attributes: [25]
Location #229
    Mapping index: 8
    Address: 9848760
    Line #0
        Function index: 91
        Line: 0
        Column: 0
    Attributes: [25]
Location #230
    Mapping index: 8
    Address: 7335676
    Line #0
        Function index: 92
        Line: 0
        Column: 0
    Attributes: [25]
Location #231
    Mapping index: 8
    Address: 9746492
    Line #0
        Function index: 93
        Line: 0
        Column: 0
    Attributes: [25]
Location #232
    Mapping index: 8
    Address: 9748062
    Line #0
        Function index: 94
        Line: 0
        Column: 0
    Attributes: [25]
Location #233
    Mapping index: 8
    Address: 8665650
    Line #0
        Function index: 95
        Line: 0
        Column: 0
    Attributes: [25]
Location #234
    Mapping index: 8
    Address: 8666278
    Line #0
        Function index: 96
        Line: 0
        Column: 0
    Attributes: [25]
Location #235
    Mapping index: 8
    Address: 3171735
    Line #0
        Function index: 41
        Line: 0
        Column: 0
    Attributes: [25]
Location #236
    Mapping index: 10
    Address: 213964626
    Attributes: [2]
Location #237
    Mapping index: 10
    Address: 181110393
    Attributes: [2]
Location #238
    Mapping index: 10
    Address: 181303598
    Attributes: [2]
Location #239
    Mapping index: 10
    Address: 181256463
    Attributes: [2]
Location #240
    Mapping index: 10
    Address: 181329294
    Attributes: [2]
Location #241
    Mapping index: 10
    Address: 213971337
    Attributes: [2]
Location #242
    Mapping index: 8
    Address: 20650351
    Line #0
        Function index: 97
        Line: 0
        Column: 0
    Attributes: [25]
Location #243
    Mapping index: 8
    Address: 19106677
    Line #0
        Function index: 98
        Line: 0
        Column: 0
    Attributes: [25]
Location #244
    Mapping index: 8
    Address: 19120737
    Line #0
        Function index: 99
        Line: 0
        Column: 0
    Attributes: [25]
Location #245
    Mapping index: 8
    Address: 19120947
    Line #0
        Function index: 100
        Line: 0
        Column: 0
    Attributes: [25]
Location #246
    Mapping index: 8
    Address: 3171465
    Line #0
        Function index: 41
        Line: 0
        Column: 0
    Attributes: [25]
Location #247
    Mapping index: 10
    Address: 181301195
    Attributes: [2]
Location #248
    Mapping index: 10
    Address: 213900570
    Attributes: [2]
Location #249
    Mapping index: 8
    Address: 22316366
    Line #0
        Function index: 101
        Line: 0
        Column: 0
    Attributes: [25]
Location #250
    Mapping index: 8
    Address: 7326844
    Line #0
        Function index: 102
        Line: 0
        Column: 0
    Attributes: [25]
Location #251
    Mapping index: 8
    Address: 7332805
    Line #0
        Function index: 103
        Line: 0
        Column: 0
    Attributes: [25]
Location #252
    Mapping index: 8
    Address: 7334186
    Line #0
        Function index: 104
        Line: 0
        Column: 0
    Attributes: [25]
Location #253
    Mapping index: 8
    Address: 7348730
    Line #0
        Function index: 105
        Line: 0
        Column: 0
    Attributes: [25]
Location #254
    Mapping index: 8
    Address: 9745311
    Line #0
        Function index: 106
        Line: 0
        Column: 0
    Attributes: [25]
Location #255
    Mapping index: 8
    Address: 8662904
    Line #0
        Function index: 55
        Line: 0
        Column: 0
    Attributes: [25]
Location #256
    Mapping index: 8
    Address: 8663398
    Line #0
        Function index: 107
        Line: 0
        Column: 0
    Attributes: [25]
Location #257
    Mapping index: 8
    Address: 3170940
    Line #0
        Function index: 41
        Line: 0
        Column: 0
    Attributes: [25]
Location #258
    Mapping index: 10
    Address: 181355022
    Attributes: [2]
Location #259
    Mapping index: 10
    Address: 181343931
    Attributes: [2]
Location #260
    Mapping index: 10
    Address: 181333758
    Attributes: [2]
Location #261
    Mapping index: 0
    Address: 47301684
    Attributes: [2]
Location #262
    Mapping index: 0
    Address: 47319248
    Attributes: [2]
Location #263
    Mapping index: 0
    Address: 47320629
    Attributes: [2]
Location #264
    Mapping index: 0
    Address: 50078008
    Attributes: [2]
Location #265
    Mapping index: 0
    Address: 45221127
    Attributes: [2]
Location #266
    Mapping index: 0
    Address: 45306197
    Attributes: [2]
Location #267
    Mapping index: 0
    Address: 45312831
    Attributes: [2]
Location #268
    Mapping index: 11
    Address: 19660682
    Attributes: [2]
Location #269
    Mapping index: 11
    Address: 19919552
    Attributes: [2]
Location #270
    Mapping index: 11
    Address: 19920478
    Attributes: [2]
Location #271
    Mapping index: 0
    Address: 36980119
    Attributes: [2]
Location #272
    Mapping index: 11
    Address: 16935283
    Attributes: [2]
Location #273
    Mapping index: 2
    Address: 641699
    Attributes: [2]
Location #274
    Mapping index: 2
    Address: 1219691
    Attributes: [2]
Location #275
    Mapping index: 0
    Address: 0
    Line #0
        Function index: 108
        Line: 0
        Column: 0
    Attributes: [51]
Location #276
    Mapping index: 0
    Address: 0
    Line #0
        Function index: 109
        Line: 0
        Column: 0
    Attributes: [51]
Location #277
    Mapping index: 0
    Address: 0
    Attributes: [51]
Location #278
    Mapping index: 0
    Address: 0
    Line #0
        Function index: 110
        Line: 0
        Column: 0
    Attributes: [51]
Location #279
    Mapping index: 0
    Address: 0
    Line #0
        Function index: 111
        Line: 0
        Column: 0
    Attributes: [51]
Location #280
    Mapping index: 11
    Address: 20423650
    Attributes: [2]
Location #281
    Mapping index: 11
    Address: 20427421
    Attributes: [2]
Location #282
    Mapping index: 11
    Address: 20428609
    Attributes: [2]
Location #283
    Mapping index: 11
    Address: 24368411
    Attributes: [2]
Location #284
    Mapping index: 11
    Address: 24369939
    Attributes: [2]
Location #285
    Mapping index: 11
    Address: 24368961
    Attributes: [2]
Location #286
    Mapping index: 11
    Address: 24370492
    Attributes: [2]
Location #287
    Mapping index: 11
    Address: 18995569
    Attributes: [2]
Location #288
    Mapping index: 11
    Address: 15983390
    Attributes: [2]
Location #289
    Mapping index: 0
    Address: 0
    Line #0
        Function index: 112
        Line: 0
        Column: 0
    Attributes: [51]
Location #290
    Mapping index: 0
    Address: 0
    Line #0
        Function index: 113
        Line: 0
        Column: 0
    Attributes: [51]
Location #291
    Mapping index: 0
    Address: 0
    Line #0
        Function index: 114
        Line: 0
        Column: 0
    Attributes: [51]
Location #292
    Mapping index: 11
    Address: 20424196
    Attributes: [2]
Location #293
    Mapping index: 11
    Address: 20428857
    Attributes: [2]
Location #294
    Mapping index: 11
    Address: 20635384
    Attributes: [2]
Location #295
    Mapping index: 11
    Address: 20636338
    Attributes: [2]
Location #296
    Mapping index: 11
    Address: 15266858
    Attributes: [2]
Location #297
    Mapping index: 11
    Address: 15267424
    Attributes: [2]
Location #298
    Mapping index: 11
    Address: 16024100
    Attributes: [2]
Location #299
    Mapping index: 11
    Address: 15292437
    Attributes: [2]
Location #300
    Mapping index: 11
    Address: 16703983
    Attributes: [2]
Location #301
    Mapping index: 11
    Address: 16023210
    Attributes: [2]
Location #302
    Mapping index: 11
    Address: 15258461
    Attributes: [2]
Location #303
    Mapping index: 11
    Address: 21887311
    Attributes: [2]
Location #304
    Mapping index: 11
    Address: 21895534
    Attributes: [2]
Location #305
    Mapping index: 11
    Address: 21895897
    Attributes: [2]
Location #306
    Mapping index: 11
    Address: 25748315
    Attributes: [2]
Location #307
    Mapping index: 0
    Address: 0
    Line #0
        Function index: 115
        Line: 0
        Column: 0
    Attributes: [51]
Location #308
    Mapping index: 0
    Address: 0
    Line #0
        Function index: 116
        Line: 0
        Column: 0
    Attributes: [51]
Location #309
    Mapping index: 0
    Address: 0
    Line #0
        Function index: 117
        Line: 0
        Column: 0
    Attributes: [51]
Location #310
    Mapping index: 0
    Address: 0
    Line #0
        Function index: 118
        Line: 0
        Column: 0
    Attributes: [51]
Location #311
    Mapping index: 0
    Address: 0
    Line #0
        Function index: 119
        Line: 70
        Column: 0
    Attributes: [51]
Location #312
    Mapping index: 0
    Address: 0
    Line #0
        Function index: 120
        Line: 255
        Column: 0
    Attributes: [51]
Location #313
    Mapping index: 0
    Address: 0
    Line #0
        Function index: 121
        Line: 42
        Column: 0
    Attributes: [51]
Location #314
    Mapping index: 0
    Address: 0
    Line #0
        Function index: 122
        Line: 103
        Column: 0
    Attributes: [51]
Location #315
    Mapping index: 0
    Address: 0
    Line #0
        Function index: 123
        Line: 9
        Column: 0
    Attributes: [51]
Location #316
    Mapping index: 0
    Address: 0
    Line #0
        Function index: 124
        Line: 293
        Column: 0
    Attributes: [51]
Location #317
    Mapping index: 0
    Address: 0
    Line #0
        Function index: 125
        Line: 346
        Column: 0
    Attributes: [51]
Location #318
    Mapping index: 0
    Address: 0
    Line #0
        Function index: 126
        Line: 391
        Column: 0
    Attributes: [51]
Location #319
    Mapping index: 0
    Address: 0
    Line #0
        Function index: 127
        Line: 492
        Column: 0
    Attributes: [51]
Location #320
    Mapping index: 0
    Address: 0
    Line #0
        Function index: 128
        Line: 1
        Column: 10
    Attributes: [51]
Location #321
    Mapping index: 0
    Address: 0
    Line #0
        Function index: 129
        Line: 1386
        Column: 1073689790
    Attributes: [51]
Location #322
    Mapping index: 0
    Address: 0
    Line #0
        Function index: 130
        Line: 242
        Column: 0
    Attributes: [51]
Location #323
    Mapping index: 0
    Address: 0
    Line #0
        Function index: 131
        Line: 0
        Column: 0
    Attributes: [51]
Location #324
    Mapping index: 0
    Address: 0
    Line #0
        Function index: 132
        Line: 5
        Column: 0
    Attributes: [51]
Location #325
    Mapping index: 0
    Address: 0
    Line #0
        Function index: 133
        Line: 13
        Column: 0
    Attributes: [51]
Location #326
    Mapping index: 0
    Address: 0
    Line #0
        Function index: 134
        Line: 23
        Column: 0
    Attributes: [51]
Location #327
    Mapping index: 0
    Address: 0
    Line #0
        Function index: 135
        Line: 1
        Column: 49
    Attributes: [51]
Location #328
    Mapping index: 0
    Address: 0
    Line #0
        Function index: 136
        Line: 297
        Column: 0
    Attributes: [51]
Location #329
    Mapping index: 0
    Address: 0
    Line #0
        Function index: 137
        Line: 736
        Column: 0
    Attributes: [51]
Location #330
    Mapping index: 0
    Address: 0
    Line #0
        Function index: 138
        Line: 1049
        Column: 0
    Attributes: [51]
Location #331
    Mapping index: 0
    Address: 0
    Line #0
        Function index: 139
        Line: 1069
        Column: 0
    Attributes: [51]
Location #332
    Mapping index: 0
    Address: 0
    Line #0
        Function index: 140
        Line: 1224
        Column: 0
    Attributes: [51]
Location #333
    Mapping index: 0
    Address: 0
    Line #0
        Function index: 141
        Line: 1282
        Column: 0
    Attributes: [51]
Location #334
    Mapping index: 0
    Address: 0
    Line #0
        Function index: 142
        Line: 448
        Column: 0
    Attributes: [51]
Location #335
    Mapping index: 0
    Address: 0
    Line #0
        Function index: 143
        Line: 591
        Column: 0
    Attributes: [51]
Location #336
    Mapping index: 0
    Address: 0
    Line #0
        Function index: 144
        Line: 540
        Column: 0
    Attributes: [51]
Location #337
    Mapping index: 0
    Address: 0
    Line #0
        Function index: 145
        Line: 202
        Column: 0
    Attributes: [51]
Location #338
    Mapping index: 0
    Address: 0
    Line #0
        Function index: 146
        Line: 517
        Column: 0
    Attributes: [51]
Location #339
    Mapping index: 0
    Address: 0
    Line #0
        Function index: 147
        Line: 568
        Column: 0
    Attributes: [51]
Location #340
    Mapping index: 0
    Address: 0
    Line #0
        Function index: 148
        Line: 0
        Column: 0
    Attributes: [51]
Location #341
    Mapping index: 0
    Address: 0
    Line #0
        Function index: 149
        Line: 0
        Column: 0
    Attributes: [51]
Location #342
    Mapping index: 0
    Address: 0
    Line #0
        Function index: 150
        Line: 0
        Column: 0
    Attributes: [51]
Location #343
    Mapping index: 0
    Address: 0
    Line #0
        Function index: 151
        Line: 0
        Column: 0
    Attributes: [51]
Location #344
    Mapping index: 0
    Address: 0
    Line #0
        Function index: 152
        Line: 0
        Column: 0
    Attributes: [51]
Location #345
    Mapping index: 0
    Address: 0
    Line #0
        Function index: 153
        Line: 0
        Column: 0
    Attributes: [51]
Location #346
    Mapping index: 11
    Address: 22065248
    Attributes: [2]
Location #347
    Mapping index: 0
    Address: 0
    Line #0
        Function index: 154
        Line: 18
        Column: 0
    Attributes: [51]
Location #348
    Mapping index: 0
    Address: 0
    Line #0
        Function index: 155
        Line: 3
        Column: 58
    Attributes: [51]
Location #349
    Mapping index: 8
    Address: 22447056
    Line #0
        Function index: 156
        Line: 0
        Column: 0
    Attributes: [25]
Location #350
    Mapping index: 8
    Address: 4619420
    Line #0
        Function index: 157
        Line: 0
        Column: 0
    Attributes: [25]
Location #351
    Mapping index: 8
    Address: 4620655
    Line #0
        Function index: 158
        Line: 0
        Column: 0
    Attributes: [25]
Location #352
    Mapping index: 8
    Address: 5523380
    Line #0
        Function index: 159
        Line: 0
        Column: 0
    Attributes: [25]
Location #353
    Mapping index: 8
    Address: 5509021
    Line #0
        Function index: 71
        Line: 0
        Column: 0
    Attributes: [25]
Location #354
    Mapping index: 2
    Address: 637232
    Attributes: [2]
Location #355
    Mapping index: 11
    Address: 30492664
    Attributes: [2]
Location #356
    Mapping index: 11
    Address: 16935114
    Attributes: [2]
Location #357
    Mapping index: 11
    Address: 23977520
    Attributes: [2]
Location #358
    Mapping index: 11
    Address: 24276551
    Attributes: [2]
Location #359
    Mapping index: 11
    Address: 23627613
    Attributes: [2]
Location #360
    Mapping index: 11
    Address: 23631171
    Attributes: [2]
Location #361
    Mapping index: 11
    Address: 22047260
    Attributes: [2]
Location #362
    Mapping index: 11
    Address: 22051426
    Attributes: [2]
Location #363
    Mapping index: 0
    Address: 0
    Line #0
        Function index: 160
        Line: 0
        Column: 0
    Attributes: [51]
Location #364
    Mapping index: 0
    Address: 0
    Line #0
        Function index: 161
        Line: 0
        Column: 0
    Attributes: [51]
Location #365
    Mapping index: 0
    Address: 0
    Line #0
        Function index: 162
        Line: 0
        Column: 0
    Attributes: [51]
Location #366
    Mapping index: 0
    Address: 0
    Line #0
        Function index: 163
        Line: 0
        Column: 0
    Attributes: [51]
Location #367
    Mapping index: 0
    Address: 0
    Line #0
        Function index: 164
        Line: 0
        Column: 0
    Attributes: [51]
Location #368
    Mapping index: 0
    Address: 0
    Line #0
        Function index: 165
        Line: 0
        Column: 0
    Attributes: [51]
Location #369
    Mapping index: 0
    Address: 0
    Line #0
        Function index: 166
        Line: 72
        Column: 0
    Attributes: [51]
Location #370
    Mapping index: 11
    Address: 20427604
    Attributes: [2]
Location #371
    Mapping index: 11
    Address: 19052805
    Attributes: [2]
Location #372
    Mapping index: 11
    Address: 15267290
    Attributes: [2]
Location #373
    Mapping index: 11
    Address: 16411541
    Attributes: [2]
Location #374
    Mapping index: 11
    Address: 16412425
    Attributes: [2]
Location #375
    Mapping index: 11
    Address: 16314762
    Attributes: [2]
Location #376
    Mapping index: 11
    Address: 30409788
    Attributes: [2]
Location #377
    Mapping index: 11
    Address: 30424754
    Attributes: [2]
Location #378
    Mapping index: 11
    Address: 30518099
    Attributes: [2]
Location #379
    Mapping index: 11
    Address: 30428182
    Attributes: [2]
Location #380
    Mapping index: 11
    Address: 15277125
    Attributes: [2]
Location #381
    Mapping index: 11
    Address: 16703920
    Attributes: [2]
Location #382
    Mapping index: 11
    Address: 24448632
    Attributes: [2]
Location #383
    Mapping index: 11
    Address: 24448864
    Attributes: [2]
Location #384
    Mapping index: 11
    Address: 24449160
    Attributes: [2]
Location #385
    Mapping index: 11
    Address: 24449597
    Attributes: [2]
Location #386
    Mapping index: 11
    Address: 19068561
    Attributes: [2]
Location #387
    Mapping index: 11
    Address: 17935417
    Attributes: [2]
Location #388
    Mapping index: 11
    Address: 16465108
    Attributes: [2]
Location #389
    Mapping index: 0
    Address: 0
    Line #0
        Function index: 167
        Line: 0
        Column: 0
    Attributes: [51]
Location #390
    Mapping index: 0
    Address: 0
    Line #0
        Function index: 168
        Line: 82
        Column: 0
    Attributes: [51]
Location #391
    Mapping index: 0
    Address: 0
    Line #0
        Function index: 169
        Line: 1266
        Column: 0
    Attributes: [51]
Location #392
    Mapping index: 8
    Address: 8703074
    Line #0
        Function index: 170
        Line: 0
        Column: 0
    Attributes: [25]
Location #393
    Mapping index: 8
    Address: 8703854
    Line #0
        Function index: 171
        Line: 0
        Column: 0
    Attributes: [25]
Location #394
    Mapping index: 8
    Address: 3166946
    Line #0
        Function index: 41
        Line: 0
        Column: 0
    Attributes: [25]
Location #395
    Mapping index: 2
    Address: 1208972
    Attributes: [2]
Location #396
    Mapping index: 11
    Address: 30510018
    Attributes: [2]
Location #397
    Mapping index: 11
    Address: 30438483
    Attributes: [2]
Location #398
    Mapping index: 11
    Address: 30445830
    Attributes: [2]
Location #399
    Mapping index: 11
    Address: 30449531
    Attributes: [2]
Location #400
    Mapping index: 11
    Address: 16464405
    Attributes: [2]
Location #401
    Mapping index: 0
    Address: 0
    Line #0
        Function index: 172
        Line: 0
        Column: 0
    Attributes: [51]
Location #402
    Mapping index: 0
    Address: 0
    Line #0
        Function index: 173
        Line: 0
        Column: 0
    Attributes: [51]
Location #403
    Mapping index: 0
    Address: 0
    Line #0
        Function index: 174
        Line: 0
        Column: 0
    Attributes: [51]
Location #404
    Mapping index: 11
    Address: 22464766
    Attributes: [2]
Location #405
    Mapping index: 11
    Address: 22506004
    Attributes: [2]
Location #406
    Mapping index: 11
    Address: 22516348
    Attributes: [2]
Location #407
    Mapping index: 11
    Address: 19480344
    Attributes: [2]
Location #408
    Mapping index: 0
    Address: 0
    Line #0
        Function index: 175
        Line: 0
        Column: 0
    Attributes: [51]
Location #409
    Mapping index: 11
    Address: 24137666
    Attributes: [2]
Location #410
    Mapping index: 11
    Address: 25643165
    Attributes: [2]
Location #411
    Mapping index: 11
    Address: 23624076
    Attributes: [2]
Location #412
    Mapping index: 11
    Address: 25667457
    Attributes: [2]
Location #413
    Mapping index: 0
    Address: 0
    Line #0
        Function index: 176
        Line: 0
        Column: 0
    Attributes: [51]
Location #414
    Mapping index: 0
    Address: 0
    Line #0
        Function index: 177
        Line: 0
        Column: 0
    Attributes: [51]
Location #415
    Mapping index: 0
    Address: 0
    Line #0
        Function index: 178
        Line: 0
        Column: 0
    Attributes: [51]
Location #416
    Mapping index: 0
    Address: 0
    Line #0
        Function index: 179
        Line: 0
        Column: 0
    Attributes: [51]
Location #417
    Mapping index: 0
    Address: 0
    Line #0
        Function index: 180
        Line: 0
        Column: 0
    Attributes: [51]
Location #418
    Mapping index: 0
    Address: 0
    Line #0
        Function index: 181
        Line: 0
        Column: 0
    Attributes: [51]
Location #419
    Mapping index: 0
    Address: 0
    Line #0
        Function index: 182
        Line: 0
        Column: 0
    Attributes: [51]
Location #420
    Mapping index: 0
    Address: 0
    Line #0
        Function index: 183
        Line: 0
        Column: 0
    Attributes: [51]
Location #421
    Mapping index: 0
    Address: 44840933
    Attributes: [2]
Location #422
    Mapping index: 0
    Address: 44842008
    Attributes: [2]
Location #423
    Mapping index: 0
    Address: 45283603
    Attributes: [2]
Location #424
    Mapping index: 0
    Address: 45312717
    Attributes: [2]
Location #425
    Mapping index: 11
    Address: 26095704
    Attributes: [2]
Location #426
    Mapping index: 0
    Address: 44181380
    Attributes: [2]
Location #427
    Mapping index: 0
    Address: 44143466
    Attributes: [2]
Location #428
    Mapping index: 0
    Address: 48170275
    Attributes: [2]
Location #429
    Mapping index: 0
    Address: 44833130
    Attributes: [2]
Location #430
    Mapping index: 0
    Address: 45185518
    Attributes: [2]
Location #431
    Mapping index: 0
    Address: 44833344
    Attributes: [2]
Location #432
    Mapping index: 0
    Address: 44840947
    Attributes: [2]
Location #433
    Mapping index: 8
    Address: 8484412
    Line #0
        Function index: 184
        Line: 0
        Column: 0
    Attributes: [25]
Location #434
    Mapping index: 8
    Address: 8516133
    Line #0
        Function index: 185
        Line: 0
        Column: 0
    Attributes: [25]
Location #435
    Mapping index: 8
    Address: 8517427
    Line #0
        Function index: 186
        Line: 0
        Column: 0
    Attributes: [25]
Location #436
    Mapping index: 8
    Address: 8523564
    Line #0
        Function index: 187
        Line: 0
        Column: 0
    Attributes: [25]
Location #437
    Mapping index: 8
    Address: 7805862
    Line #0
        Function index: 188
        Line: 0
        Column: 0
    Attributes: [25]
Location #438
    Mapping index: 8
    Address: 7806887
    Line #0
        Function index: 189
        Line: 0
        Column: 0
    Attributes: [25]
Location #439
    Mapping index: 8
    Address: 7812860
    Line #0
        Function index: 190
        Line: 0
        Column: 0
    Attributes: [25]
Location #440
    Mapping index: 8
    Address: 7813868
    Line #0
        Function index: 191
        Line: 0
        Column: 0
    Attributes: [25]
Location #441
    Mapping index: 8
    Address: 7815089
    Line #0
        Function index: 192
        Line: 0
        Column: 0
    Attributes: [25]
Location #442
    Mapping index: 8
    Address: 4005607
    Line #0
        Function index: 193
        Line: 0
        Column: 0
    Attributes: [25]
Location #443
    Mapping index: 8
    Address: 22379348
    Line #0
        Function index: 194
        Line: 0
        Column: 0
    Attributes: [25]
Location #444
    Mapping index: 8
    Address: 2998
    Line #0
        Function index: 195
        Line: 0
        Column: 0
    Attributes: [25]
Location #445
    Mapping index: 2
    Address: 1609095
    Attributes: [2]
Location #446
    Mapping index: 11
    Address: 21840098
    Attributes: [2]
Location #447
    Mapping index: 11
    Address: 21849979
    Attributes: [2]
Location #448
    Mapping index: 11
    Address: 21885809
    Attributes: [2]
Location #449
    Mapping index: 11
    Address: 21887322
    Attributes: [2]
Location #450
    Mapping index: 11
    Address: 21895803
    Attributes: [2]
Location #451
    Mapping index: 0
    Address: 37027548
    Attributes: [2]
Location #452
    Mapping index: 0
    Address: 37027954
    Attributes: [2]
Location #453
    Mapping index: 11
    Address: 21901819
    Attributes: [2]
Location #454
    Mapping index: 11
    Address: 21223921
    Attributes: [2]
Location #455
    Mapping index: 11
    Address: 21347289
    Attributes: [2]
Location #456
    Mapping index: 11
    Address: 21354168
    Attributes: [2]
Location #457
    Mapping index: 11
    Address: 21367623
    Attributes: [2]
Location #458
    Mapping index: 11
    Address: 30173616
    Attributes: [2]
Location #459
    Mapping index: 11
    Address: 21840247
    Attributes: [2]
Location #460
    Mapping index: 11
    Address: 21844446
    Attributes: [2]
Location #461
    Mapping index: 11
    Address: 21888873
    Attributes: [2]
Location #462
    Mapping index: 0
    Address: 0
    Line #0
        Function index: 196
        Line: 0
        Column: 0
    Attributes: [51]
Location #463
    Mapping index: 8
    Address: 4005048
    Line #0
        Function index: 193
        Line: 0
        Column: 0
    Attributes: [25]
Location #464
    Mapping index: 11
    Address: 25664272
    Attributes: [2]
Location #465
    Mapping index: 0
    Address: 47183537
    Attributes: [2]
Location #466
    Mapping index: 0
    Address: 47187943
    Attributes: [2]
Location #467
    Mapping index: 0
    Address: 45238213
    Attributes: [2]
Location #468
    Mapping index: 0
    Address: 45312860
    Attributes: [2]
Location #469
    Mapping index: 11
    Address: 22506544
    Attributes: [2]
Location #470
    Mapping index: 0
    Address: 0
    Line #0
        Function index: 197
        Line: 0
        Column: 0
    Attributes: [51]
Location #471
    Mapping index: 11
    Address: 26019136
    Attributes: [2]
Location #472
    Mapping index: 11
    Address: 21066832
    Attributes: [2]
Location #473
    Mapping index: 11
    Address: 19083580
    Attributes: [2]
Location #474
    Mapping index: 11
    Address: 17831960
    Attributes: [2]
Location #475
    Mapping index: 11
    Address: 15580481
    Attributes: [2]
Location #476
    Mapping index: 0
    Address: 0
    Line #0
        Function index: 198
        Line: 0
        Column: 0
    Attributes: [51]
Location #477
    Mapping index: 0
    Address: 0
    Line #0
        Function index: 199
        Line: 0
        Column: 0
    Attributes: [51]
Location #478
    Mapping index: 0
    Address: 0
    Line #0
        Function index: 200
        Line: 0
        Column: 0
    Attributes: [51]
Location #479
    Mapping index: 0
    Address: 0
    Line #0
        Function index: 201
        Line: 0
        Column: 0
    Attributes: [51]
Location #480
    Mapping index: 0
    Address: 0
    Line #0
        Function index: 202
        Line: 0
        Column: 0
    Attributes: [51]
Location #481
    Mapping index: 11
    Address: 16317598
    Attributes: [2]
Location #482
    Mapping index: 11
    Address: 16417175
    Attributes: [2]
Location #483
    Mapping index: 11
    Address: 21019260
    Attributes: [2]
Location #484
    Mapping index: 11
    Address: 20949971
    Attributes: [2]
Location #485
    Mapping index: 11
    Address: 20955293
    Attributes: [2]
Location #486
    Mapping index: 11
    Address: 22481903
    Attributes: [2]
Location #487
    Mapping index: 11
    Address: 22506765
    Attributes: [2]
Location #488
    Mapping index: 11
    Address: 20835004
    Attributes: [2]
Location #489
    Mapping index: 11
    Address: 20835889
    Attributes: [2]
Location #490
    Mapping index: 11
    Address: 20843637
    Attributes: [2]
Location #491
    Mapping index: 11
    Address: 20860545
    Attributes: [2]
Location #492
    Mapping index: 8
    Address: 7772927
    Line #0
        Function index: 203
        Line: 0
        Column: 0
    Attributes: [25]
Location #493
    Mapping index: 8
    Address: 7775178
    Line #0
        Function index: 204
        Line: 0
        Column: 0
    Attributes: [25]
Location #494
    Mapping index: 8
    Address: 7776501
    Line #0
        Function index: 205
        Line: 0
        Column: 0
    Attributes: [25]
Location #495
    Mapping index: 8
    Address: 7777002
    Line #0
        Function index: 206
        Line: 0
        Column: 0
    Attributes: [25]
Location #496
    Mapping index: 8
    Address: 7778573
    Line #0
        Function index: 207
        Line: 0
        Column: 0
    Attributes: [25]
Location #497
    Mapping index: 8
    Address: 7779061
    Line #0
        Function index: 208
        Line: 0
        Column: 0
    Attributes: [25]
Location #498
    Mapping index: 8
    Address: 7779369
    Line #0
        Function index: 209
        Line: 0
        Column: 0
    Attributes: [25]
Location #499
    Mapping index: 8
    Address: 7846654
    Line #0
        Function index: 210
        Line: 0
        Column: 0
    Attributes: [25]
Location #500
    Mapping index: 8
    Address: 4210438
    Line #0
        Function index: 211
        Line: 0
        Column: 0
    Attributes: [25]
Location #501
    Mapping index: 8
    Address: 4257399
    Line #0
        Function index: 212
        Line: 0
        Column: 0
    Attributes: [25]
Location #502
    Mapping index: 8
    Address: 4258076
    Line #0
        Function index: 213
        Line: 0
        Column: 0
    Attributes: [25]
Location #503
    Mapping index: 8
    Address: 4259043
    Line #0
        Function index: 214
        Line: 0
        Column: 0
    Attributes: [25]
Location #504
    Mapping index: 8
    Address: 4346454
    Line #0
        Function index: 215
        Line: 0
        Column: 0
    Attributes: [25]
Location #505
    Mapping index: 8
    Address: 3495015
    Line #0
        Function index: 216
        Line: 0
        Column: 0
    Attributes: [25]
Location #506
    Mapping index: 8
    Address: 22380821
    Line #0
        Function index: 217
        Line: 0
        Column: 0
    Attributes: [25]
Location #507
    Mapping index: 8
    Address: 22351561
    Line #0
        Function index: 42
        Line: 0
        Column: 0
    Attributes: [25]
Location #508
    Mapping index: 2
    Address: 626032
    Attributes: [2]
Location #509
    Mapping index: 11
    Address: 24422361
    Attributes: [2]
Location #510
    Mapping index: 11
    Address: 21028742
    Attributes: [2]
Location #511
    Mapping index: 11
    Address: 22485913
    Attributes: [2]
Location #512
    Mapping index: 11
    Address: 22491086
    Attributes: [2]
Location #513
    Mapping index: 11
    Address: 22506483
    Attributes: [2]
Location #514
    Mapping index: 0
    Address: 0
    Line #0
        Function index: 218
        Line: 0
        Column: 0
    Attributes: [51]
Location #515
    Mapping index: 11
    Address: 22490448
    Attributes: [2]
Location #516
    Mapping index: 11
    Address: 22005496
    Attributes: [2]
Location #517
    Mapping index: 11
    Address: 22039954
    Attributes: [2]
Location #518
    Mapping index: 11
    Address: 22042602
    Attributes: [2]
Location #519
    Mapping index: 11
    Address: 22065163
    Attributes: [2]
Location #520
    Mapping index: 11
    Address: 21841093
    Attributes: [2]
Location #521
    Mapping index: 11
    Address: 21846304
    Attributes: [2]
Location #522
    Mapping index: 11
    Address: 21849574
    Attributes: [2]
Location #523
    Mapping index: 11
    Address: 21895523
    Attributes: [2]
Location #524
    Mapping index: 8
    Address: 8829705
    Line #0
        Function index: 219
        Line: 0
        Column: 0
    Attributes: [25]
Location #525
    Mapping index: 8
    Address: 8742495
    Line #0
        Function index: 220
        Line: 0
        Column: 0
    Attributes: [25]
Location #526
    Mapping index: 8
    Address: 8759131
    Line #0
        Function index: 221
        Line: 0
        Column: 0
    Attributes: [25]
Location #527
    Mapping index: 8
    Address: 8759932
    Line #0
        Function index: 222
        Line: 0
        Column: 0
    Attributes: [25]
Location #528
    Mapping index: 8
    Address: 8763482
    Line #0
        Function index: 223
        Line: 0
        Column: 0
    Attributes: [25]
Location #529
    Mapping index: 8
    Address: 8766287
    Line #0
        Function index: 224
        Line: 0
        Column: 0
    Attributes: [25]
Location #530
    Mapping index: 8
    Address: 8699329
    Line #0
        Function index: 225
        Line: 0
        Column: 0
    Attributes: [25]
Location #531
    Mapping index: 8
    Address: 8702914
    Line #0
        Function index: 226
        Line: 0
        Column: 0
    Attributes: [25]
Location #532
    Mapping index: 8
    Address: 8703900
    Line #0
        Function index: 171
        Line: 0
        Column: 0
    Attributes: [25]
Location #533
    Mapping index: 11
    Address: 30443937
    Attributes: [2]
Location #534
    Mapping index: 11
    Address: 30450751
    Attributes: [2]
Location #535
    Mapping index: 11
    Address: 16392392
    Attributes: [2]
Location #536
    Mapping index: 11
    Address: 16466177
    Attributes: [2]
Location #537
    Mapping index: 0
    Address: 0
    Line #0
        Function index: 227
        Line: 0
        Column: 0
    Attributes: [51]
Location #538
    Mapping index: 11
    Address: 21840606
    Attributes: [2]
Location #539
    Mapping index: 11
    Address: 21889290
    Attributes: [2]
Location #540
    Mapping index: 11
    Address: 22481770
    Attributes: [2]
Location #541
    Mapping index: 11
    Address: 20840272
    Attributes: [2]
Location #542
    Mapping index: 0
    Address: 45465257
    Attributes: [2]
Location #543
    Mapping index: 0
    Address: 45497902
    Attributes: [2]
Location #544
    Mapping index: 0
    Address: 45608967
    Attributes: [2]
Location #545
    Mapping index: 0
    Address: 45210653
    Attributes: [2]
Location #546
    Mapping index: 0
    Address: 45308862
    Attributes: [2]
Location #547
    Mapping index: 11
    Address: 20840600
    Attributes: [2]
Location #548
    Mapping index: 11
    Address: 20833728
    Attributes: [2]
Location #549
    Mapping index: 11
    Address: 20851001
    Attributes: [2]
Location #550
    Mapping index: 0
    Address: 47896475
    Attributes: [2]
Location #551
    Mapping index: 0
    Address: 47910664
    Attributes: [2]
Location #552
    Mapping index: 0
    Address: 47915092
    Attributes: [2]
Location #553
    Mapping index: 0
    Address: 45309672
    Attributes: [2]
Location #554
    Mapping index: 5
    Address: 28953134
    Attributes: [2]
Location #555
    Mapping index: 5
    Address: 35979273
    Attributes: [2]
Location #556
    Mapping index: 5
    Address: 35916970
    Attributes: [2]
Location #557
    Mapping index: 5
    Address: 35962331
    Attributes: [2]
Location #558
    Mapping index: 5
    Address: 35917930
    Attributes: [2]
Location #559
    Mapping index: 5
    Address: 28894901
    Attributes: [2]
Location #560
    Mapping index: 5
    Address: 28734157
    Attributes: [2]
Location #561
    Mapping index: 5
    Address: 28741873
    Attributes: [2]
Location #562
    Mapping index: 5
    Address: 28740618
    Attributes: [2]
Location #563
    Mapping index: 3
    Address: 29517077
    Attributes: [2]
Location #564
    Mapping index: 5
    Address: 15922512
    Attributes: [2]
Location #565
    Mapping index: 5
    Address: 48840117
    Attributes: [2]
Location #566
    Mapping index: 5
    Address: 15936815
    Attributes: [2]
Location #567
    Mapping index: 5
    Address: 48839589
    Attributes: [2]
Location #568
    Mapping index: 5
    Address: 15917664
    Attributes: [2]
Location #569
    Mapping index: 3
    Address: 29488527
    Attributes: [2]
Location #570
    Mapping index: 3
    Address: 29454066
    Attributes: [2]
Location #571
    Mapping index: 3
    Address: 33159686
    Attributes: [2]
Location #572
    Mapping index: 3
    Address: 12153813
    Attributes: [2]
Location #573
    Mapping index: 2
    Address: 695043
    Attributes: [2]
Location #574
    Mapping index: 2
    Address: 704980
    Attributes: [2]
Location #575
    Mapping index: 2
    Address: 710673
    Attributes: [2]
Location #576
    Mapping index: 6
    Address: 801283
    Attributes: [2]
Location #577
    Mapping index: 5
    Address: 17849410
    Attributes: [2]
Location #578
    Mapping index: 5
    Address: 19497649
    Attributes: [2]
Location #579
    Mapping index: 5
    Address: 18359992
    Attributes: [2]
Location #580
    Mapping index: 5
    Address: 15693681
    Attributes: [2]
Location #581
    Mapping index: 5
    Address: 15717107
    Attributes: [2]
Location #582
    Mapping index: 5
    Address: 15695518
    Attributes: [2]
Location #583
    Mapping index: 3
    Address: 29455119
    Attributes: [2]
Location #584
    Mapping index: 5
    Address: 22542640
    Attributes: [2]
Location #585
    Mapping index: 5
    Address: 22543428
    Attributes: [2]
Location #586
    Mapping index: 5
    Address: 22511500
    Attributes: [2]
Location #587
    Mapping index: 5
    Address: 23222318
    Attributes: [2]
Location #588
    Mapping index: 5
    Address: 23218397
    Attributes: [2]
Location #589
    Mapping index: 5
    Address: 23210291
    Attributes: [2]
Location #590
    Mapping index: 5
    Address: 23371353
    Attributes: [2]
Location #591
    Mapping index: 5
    Address: 23362213
    Attributes: [2]
Location #592
    Mapping index: 5
    Address: 23371019
    Attributes: [2]
Location #593
    Mapping index: 5
    Address: 23331104
    Attributes: [2]
Location #594
    Mapping index: 5
    Address: 21443256
    Attributes: [2]
Location #595
    Mapping index: 5
    Address: 21282651
    Attributes: [2]
Location #596
    Mapping index: 5
    Address: 21075149
    Attributes: [2]
Location #597
    Mapping index: 5
    Address: 21063283
    Attributes: [2]
Location #598
    Mapping index: 5
    Address: 23221354
    Attributes: [2]
Location #599
    Mapping index: 5
    Address: 16944240
    Attributes: [2]
Location #600
    Mapping index: 5
    Address: 16906542
    Attributes: [2]
Location #601
    Mapping index: 5
    Address: 16899674
    Attributes: [2]
Location #602
    Mapping index: 8
    Address: 8002275
    Line #0
        Function index: 228
        Line: 0
        Column: 0
    Attributes: [25]
Location #603
    Mapping index: 8
    Address: 8003694
    Line #0
        Function index: 229
        Line: 0
        Column: 0
    Attributes: [25]
Location #604
    Mapping index: 8
    Address: 8024355
    Line #0
        Function index: 230
        Line: 0
        Column: 0
    Attributes: [25]
Location #605
    Mapping index: 8
    Address: 7421375
    Line #0
        Function index: 231
        Line: 0
        Column: 0
    Attributes: [25]
Location #606
    Mapping index: 8
    Address: 8155902
    Line #0
        Function index: 232
        Line: 0
        Column: 0
    Attributes: [25]
Location #607
    Mapping index: 8
    Address: 7849993
    Line #0
        Function index: 233
        Line: 0
        Column: 0
    Attributes: [25]
Location #608
    Mapping index: 8
    Address: 7851649
    Line #0
        Function index: 234
        Line: 0
        Column: 0
    Attributes: [25]
Location #609
    Mapping index: 8
    Address: 7775673
    Line #0
        Function index: 204
        Line: 0
        Column: 0
    Attributes: [25]
Location #610
    Mapping index: 8
    Address: 4259223
    Line #0
        Function index: 235
        Line: 0
        Column: 0
    Attributes: [25]
Location #611
    Mapping index: 8
    Address: 3168538
    Line #0
        Function index: 41
        Line: 0
        Column: 0
    Attributes: [25]
Location #612
    Mapping index: 2
    Address: 975388
    Attributes: [2]
Location #613
    Mapping index: 8
    Address: 7772906
    Line #0
        Function index: 203
        Line: 0
        Column: 0
    Attributes: [25]
Location #614
    Mapping index: 5
    Address: 13712566
    Attributes: [2]
Location #615
    Mapping index: 5
    Address: 13713198
    Attributes: [2]
Location #616
    Mapping index: 5
    Address: 22950087
    Attributes: [2]
Location #617
    Mapping index: 5
    Address: 22957722
    Attributes: [2]
Location #618
    Mapping index: 5
    Address: 22957433
    Attributes: [2]
Location #619
    Mapping index: 5
    Address: 22951036
    Attributes: [2]
Location #620
    Mapping index: 5
    Address: 22948025
    Attributes: [2]
Location #621
    Mapping index: 5
    Address: 22947645
    Attributes: [2]
Location #622
    Mapping index: 5
    Address: 21158775
    Attributes: [2]
Location #623
    Mapping index: 5
    Address: 21075277
    Attributes: [2]
Location #624
    Mapping index: 5
    Address: 23221065
    Attributes: [2]
Location #625
    Mapping index: 2
    Address: 695337
    Attributes: [2]
Location #626
    Mapping index: 2
    Address: 703119
    Attributes: [2]
Location #627
    Mapping index: 2
    Address: 717979
    Attributes: [2]
Location #628
    Mapping index: 6
    Address: 801518
    Attributes: [2]
Location #629
    Mapping index: 5
    Address: 15297882
    Attributes: [2]
Location #630
    Mapping index: 5
    Address: 15297579
    Attributes: [2]
Location #631
    Mapping index: 5
    Address: 15296094
    Attributes: [2]
Location #632
    Mapping index: 5
    Address: 15255566
    Attributes: [2]
Location #633
    Mapping index: 5
    Address: 15277590
    Attributes: [2]
Location #634
    Mapping index: 5
    Address: 15692317
    Attributes: [2]
Location #635
    Mapping index: 5
    Address: 15727487
    Attributes: [2]
Location #636
    Mapping index: 5
    Address: 15727749
    Attributes: [2]
Location #637
    Mapping index: 5
    Address: 15715590
    Attributes: [2]
Location #638
    Mapping index: 5
    Address: 53852953
    Attributes: [2]
Location #639
    Mapping index: 5
    Address: 13881116
    Attributes: [2]
Location #640
    Mapping index: 5
    Address: 13880805
    Attributes: [2]
Location #641
    Mapping index: 5
    Address: 19975144
    Attributes: [2]
Location #642
    Mapping index: 5
    Address: 19951413
    Attributes: [2]
Location #643
    Mapping index: 5
    Address: 19938378
    Attributes: [2]
Location #644
    Mapping index: 5
    Address: 19928185
    Attributes: [2]
Location #645
    Mapping index: 5
    Address: 21063126
    Attributes: [2]
Location #646
    Mapping index: 5
    Address: 37474925
    Attributes: [2]
Location #647
    Mapping index: 5
    Address: 37476375
    Attributes: [2]
Location #648
    Mapping index: 5
    Address: 37493339
    Attributes: [2]
Location #649
    Mapping index: 5
    Address: 37496412
    Attributes: [2]
Location #650
    Mapping index: 5
    Address: 28808698
    Attributes: [2]
Location #651
    Mapping index: 5
    Address: 28808113
    Attributes: [2]
Location #652
    Mapping index: 5
    Address: 37534724
    Attributes: [2]
Location #653
    Mapping index: 5
    Address: 37504179
    Attributes: [2]
Location #654
    Mapping index: 5
    Address: 28781210
    Attributes: [2]
Location #655
    Mapping index: 2
    Address: 703828
    Attributes: [2]
Location #656
    Mapping index: 5
    Address: 13880903
    Attributes: [2]
Location #657
    Mapping index: 5
    Address: 19021121
    Attributes: [2]
Location #658
    Mapping index: 5
    Address: 19001116
    Attributes: [2]
Location #659
    Mapping index: 5
    Address: 28907218
    Attributes: [2]
Location #660
    Mapping index: 5
    Address: 28896211
    Attributes: [2]
Location #661
    Mapping index: 5
    Address: 17847859
    Attributes: [2]
Location #662
    Mapping index: 5
    Address: 20682610
    Attributes: [2]
Location #663
    Mapping index: 5
    Address: 20669676
    Attributes: [2]
Location #664
    Mapping index: 5
    Address: 22638699
    Attributes: [2]
Location #665
    Mapping index: 5
    Address: 22612286
    Attributes: [2]
Location #666
    Mapping index: 5
    Address: 23220709
    Attributes: [2]
Location #667
    Mapping index: 5
    Address: 18243062
    Attributes: [2]
Location #668
    Mapping index: 5
    Address: 17618029
    Attributes: [2]
Location #669
    Mapping index: 5
    Address: 17616923
    Attributes: [2]
Location #670
    Mapping index: 5
    Address: 18247836
    Attributes: [2]
Location #671
    Mapping index: 2
    Address: 695302
    Attributes: [2]
Location #672
    Mapping index: 2
    Address: 699812
    Attributes: [2]
Location #673
    Mapping index: 5
    Address: 17996085
    Attributes: [2]
Location #674
    Mapping index: 5
    Address: 15709396
    Attributes: [2]
Location #675
    Mapping index: 5
    Address: 15709161
    Attributes: [2]
Location #676
    Mapping index: 5
    Address: 15693996
    Attributes: [2]
Location #677
    Mapping index: 5
    Address: 15022576
    Attributes: [2]
Location #678
    Mapping index: 5
    Address: 15902982
    Attributes: [2]
Location #679
    Mapping index: 5
    Address: 15902291
    Attributes: [2]
Location #680
    Mapping index: 5
    Address: 36162387
    Attributes: [2]
Location #681
    Mapping index: 5
    Address: 36164032
    Attributes: [2]
Location #682
    Mapping index: 5
    Address: 20558032
    Attributes: [2]
Location #683
    Mapping index: 5
    Address: 22634732
    Attributes: [2]
Location #684
    Mapping index: 5
    Address: 17756068
    Attributes: [2]
Location #685
    Mapping index: 5
    Address: 17755816
    Attributes: [2]
Location #686
    Mapping index: 5
    Address: 19952849
    Attributes: [2]
Location #687
    Mapping index: 5
    Address: 18798640
    Attributes: [2]
Location #688
    Mapping index: 5
    Address: 18798437
    Attributes: [2]
Location #689
    Mapping index: 5
    Address: 18798107
    Attributes: [2]
Location #690
    Mapping index: 5
    Address: 18809271
    Attributes: [2]
Location #691
    Mapping index: 5
    Address: 18804522
    Attributes: [2]
Location #692
    Mapping index: 5
    Address: 18790850
    Attributes: [2]
Location #693
    Mapping index: 5
    Address: 18785224
    Attributes: [2]
Location #694
    Mapping index: 5
    Address: 21063008
    Attributes: [2]
Location #695
    Mapping index: 2
    Address: 704112
    Attributes: [2]
Location #696
    Mapping index: 5
    Address: 17716735
    Attributes: [2]
Location #697
    Mapping index: 5
    Address: 17716223
    Attributes: [2]
Location #698
    Mapping index: 5
    Address: 19026450
    Attributes: [2]
Location #699
    Mapping index: 5
    Address: 19021877
    Attributes: [2]
Location #700
    Mapping index: 5
    Address: 17849264
    Attributes: [2]
Location #701
    Mapping index: 5
    Address: 19497754
    Attributes: [2]
Location #702
    Mapping index: 5
    Address: 23219479
    Attributes: [2]
Location #703
    Mapping index: 5
    Address: 17852305
    Attributes: [2]
Location #704
    Mapping index: 5
    Address: 17860346
    Attributes: [2]
Location #705
    Mapping index: 5
    Address: 17861098
    Attributes: [2]
Location #706
    Mapping index: 5
    Address: 17862718
    Attributes: [2]
Location #707
    Mapping index: 5
    Address: 17274505
    Attributes: [2]
Location #708
    Mapping index: 5
    Address: 13301048
    Attributes: [2]
Location #709
    Mapping index: 5
    Address: 13646131
    Attributes: [2]
Location #710
    Mapping index: 5
    Address: 36764205
    Attributes: [2]
Location #711
    Mapping index: 5
    Address: 36775088
    Attributes: [2]
Location #712
    Mapping index: 5
    Address: 36859000
    Attributes: [2]
Location #713
    Mapping index: 5
    Address: 36828571
    Attributes: [2]
Location #714
    Mapping index: 5
    Address: 36186282
    Attributes: [2]
Location #715
    Mapping index: 5
    Address: 33879186
    Attributes: [2]
Location #716
    Mapping index: 5
    Address: 33887691
    Attributes: [2]
Location #717
    Mapping index: 5
    Address: 33906283
    Attributes: [2]
Location #718
    Mapping index: 5
    Address: 34221565
    Attributes: [2]
Location #719
    Mapping index: 5
    Address: 34135235
    Attributes: [2]
Location #720
    Mapping index: 5
    Address: 34135562
    Attributes: [2]
Location #721
    Mapping index: 5
    Address: 34109231
    Attributes: [2]
Location #722
    Mapping index: 5
    Address: 34100637
    Attributes: [2]
Location #723
    Mapping index: 5
    Address: 34099497
    Attributes: [2]
Location #724
    Mapping index: 5
    Address: 66329189
    Attributes: [2]
Location #725
    Mapping index: 2
    Address: 705868
    Attributes: [2]
Location #726
    Mapping index: 5
    Address: 20193580
    Attributes: [2]
Location #727
    Mapping index: 5
    Address: 20169544
    Attributes: [2]
Location #728
    Mapping index: 5
    Address: 22547340
    Attributes: [2]
Location #729
    Mapping index: 5
    Address: 22550291
    Attributes: [2]
Location #730
    Mapping index: 5
    Address: 22510917
    Attributes: [2]
Location #731
    Mapping index: 5
    Address: 35021462
    Attributes: [2]
Location #732
    Mapping index: 5
    Address: 22634988
    Attributes: [2]
Location #733
    Mapping index: 5
    Address: 17532025
    Attributes: [2]
Location #734
    Mapping index: 5
    Address: 20271294
    Attributes: [2]
Location #735
    Mapping index: 5
    Address: 21074252
    Attributes: [2]
Location #736
    Mapping index: 5
    Address: 23609803
    Attributes: [2]
Location #737
    Mapping index: 5
    Address: 22936427
    Attributes: [2]
Location #738
    Mapping index: 5
    Address: 22592662
    Attributes: [2]
Location #739
    Mapping index: 5
    Address: 22679496
    Attributes: [2]
Location #740
    Mapping index: 5
    Address: 22613859
    Attributes: [2]
Location #741
    Mapping index: 5
    Address: 22612070
    Attributes: [2]
Location #742
    Mapping index: 5
    Address: 17203619
    Attributes: [2]
Location #743
    Mapping index: 5
    Address: 17202634
    Attributes: [2]
Location #744
    Mapping index: 5
    Address: 15234432
    Attributes: [2]
Location #745
    Mapping index: 5
    Address: 34418901
    Attributes: [2]
Location #746
    Mapping index: 5
    Address: 34415061
    Attributes: [2]
Location #747
    Mapping index: 5
    Address: 34413370
    Attributes: [2]
Location #748
    Mapping index: 5
    Address: 34413052
    Attributes: [2]
Location #749
    Mapping index: 5
    Address: 34104498
    Attributes: [2]
Location #750
    Mapping index: 5
    Address: 34100620
    Attributes: [2]
Location #751
    Mapping index: 5
    Address: 15805717
    Attributes: [2]
Location #752
    Mapping index: 5
    Address: 28736368
    Attributes: [2]
Location #753
    Mapping index: 5
    Address: 28741862
    Attributes: [2]
Location #754
    Mapping index: 5
    Address: 13312433
    Attributes: [2]
Location #755
    Mapping index: 5
    Address: 23343643
    Attributes: [2]
Location #756
    Mapping index: 5
    Address: 23367804
    Attributes: [2]
Location #757
    Mapping index: 5
    Address: 23336435
    Attributes: [2]
Location #758
    Mapping index: 5
    Address: 21433232
    Attributes: [2]
Location #759
    Mapping index: 5
    Address: 21138781
    Attributes: [2]
Location #760
    Mapping index: 5
    Address: 21074829
    Attributes: [2]
Location #761
    Mapping index: 5
    Address: 14686612
    Attributes: [2]
Location #762
    Mapping index: 5
    Address: 23362783
    Attributes: [2]
Location #763
    Mapping index: 5
    Address: 21134213
    Attributes: [2]
Location #764
    Mapping index: 5
    Address: 21074198
    Attributes: [2]
Location #765
    Mapping index: 5
    Address: 21063135
    Attributes: [2]
Location #766
    Mapping index: 5
    Address: 20460031
    Attributes: [2]
Location #767
    Mapping index: 5
    Address: 22623985
    Attributes: [2]
Location #768
    Mapping index: 5
    Address: 23130626
    Attributes: [2]
Location #769
    Mapping index: 5
    Address: 21857482
    Attributes: [2]
Location #770
    Mapping index: 5
    Address: 21819863
    Attributes: [2]
Location #771
    Mapping index: 5
    Address: 21817763
    Attributes: [2]
Location #772
    Mapping index: 5
    Address: 23221880
    Attributes: [2]
Location #773
    Mapping index: 5
    Address: 13880678
    Attributes: [2]
Location #774
    Mapping index: 5
    Address: 36830718
    Attributes: [2]
Location #775
    Mapping index: 5
    Address: 36775763
    Attributes: [2]
Location #776
    Mapping index: 5
    Address: 36780500
    Attributes: [2]
Location #777
    Mapping index: 5
    Address: 36842386
    Attributes: [2]
Location #778
    Mapping index: 5
    Address: 36884487
    Attributes: [2]
Location #779
    Mapping index: 5
    Address: 36925716
    Attributes: [2]
Location #780
    Mapping index: 5
    Address: 36856916
    Attributes: [2]
Location #781
    Mapping index: 5
    Address: 36829367
    Attributes: [2]
Location #782
    Mapping index: 5
    Address: 36186260
    Attributes: [2]
Location #783
    Mapping index: 5
    Address: 33878655
    Attributes: [2]
Location #784
    Mapping index: 5
    Address: 33896641
    Attributes: [2]
Location #785
    Mapping index: 5
    Address: 34221552
    Attributes: [2]
Location #786
    Mapping index: 5
    Address: 15536625
    Attributes: [2]
Location #787
    Mapping index: 5
    Address: 28781244
    Attributes: [2]
Location #788
    Mapping index: 5
    Address: 34398622
    Attributes: [2]
Location #789
    Mapping index: 5
    Address: 34398471
    Attributes: [2]
Location #790
    Mapping index: 5
    Address: 34089976
    Attributes: [2]
Location #791
    Mapping index: 5
    Address: 34201355
    Attributes: [2]
Location #792
    Mapping index: 5
    Address: 33950168
    Attributes: [2]
Location #793
    Mapping index: 5
    Address: 33925809
    Attributes: [2]
Location #794
    Mapping index: 5
    Address: 33933043
    Attributes: [2]
Location #795
    Mapping index: 5
    Address: 34111949
    Attributes: [2]
Location #796
    Mapping index: 5
    Address: 34116594
    Attributes: [2]
Location #797
    Mapping index: 5
    Address: 34115178
    Attributes: [2]
Location #798
    Mapping index: 5
    Address: 34104911
    Attributes: [2]
Location #799
    Mapping index: 2
    Address: 700516
    Attributes: [2]
Location #800
    Mapping index: 5
    Address: 17831383
    Attributes: [2]
Location #801
    Mapping index: 5
    Address: 20666420
    Attributes: [2]
Location #802
    Mapping index: 5
    Address: 21066041
    Attributes: [2]
Location #803
    Mapping index: 5
    Address: 21058768
    Attributes: [2]
Location #804
    Mapping index: 5
    Address: 21063222
    Attributes: [2]
Location #805
    Mapping index: 5
    Address: 21415455
    Attributes: [2]
Location #806
    Mapping index: 5
    Address: 21080554
    Attributes: [2]
Location #807
    Mapping index: 5
    Address: 21074781
    Attributes: [2]
Location #808
    Mapping index: 5
    Address: 23222022
    Attributes: [2]
Location #809
    Mapping index: 5
    Address: 18146724
    Attributes: [2]
Location #810
    Mapping index: 5
    Address: 36764367
    Attributes: [2]
Location #811
    Mapping index: 5
    Address: 36828257
    Attributes: [2]
Location #812
    Mapping index: 5
    Address: 21530072
    Attributes: [2]
Location #813
    Mapping index: 5
    Address: 21529824
    Attributes: [2]
Location #814
    Mapping index: 5
    Address: 21529932
    Attributes: [2]
Location #815
    Mapping index: 5
    Address: 21529882
    Attributes: [2]
Location #816
    Mapping index: 5
    Address: 21517248
    Attributes: [2]
Location #817
    Mapping index: 5
    Address: 21138751
    Attributes: [2]
Location #818
    Mapping index: 2
    Address: 695022
    Attributes: [2]
Location #819
    Mapping index: 2
    Address: 695513
    Attributes: [2]
Location #820
    Mapping index: 2
    Address: 708676
    Attributes: [2]
Location #821
    Mapping index: 2
    Address: 713492
    Attributes: [2]
Location #822
    Mapping index: 5
    Address: 13883449
    Attributes: [2]
Location #823
    Mapping index: 5
    Address: 18889495
    Attributes: [2]
Location #824
    Mapping index: 5
    Address: 18890046
    Attributes: [2]
Location #825
    Mapping index: 5
    Address: 19490259
    Attributes: [2]
Location #826
    Mapping index: 5
    Address: 35962030
    Attributes: [2]
Location #827
    Mapping index: 5
    Address: 35914986
    Attributes: [2]
Location #828
    Mapping index: 5
    Address: 28859963
    Attributes: [2]
Location #829
    Mapping index: 5
    Address: 37120499
    Attributes: [2]
Location #830
    Mapping index: 5
    Address: 13646253
    Attributes: [2]
Location #831
    Mapping index: 5
    Address: 36830403
    Attributes: [2]
Location #832
    Mapping index: 5
    Address: 34113696
    Attributes: [2]
Location #833
    Mapping index: 5
    Address: 29058231
    Attributes: [2]
Location #834
    Mapping index: 5
    Address: 18186126
    Attributes: [2]
Location #835
    Mapping index: 5
    Address: 18171749
    Attributes: [2]
Location #836
    Mapping index: 5
    Address: 15544047
    Attributes: [2]
Location #837
    Mapping index: 5
    Address: 35148850
    Attributes: [2]
Location #838
    Mapping index: 5
    Address: 35217395
    Attributes: [2]
Location #839
    Mapping index: 5
    Address: 35219060
    Attributes: [2]
Location #840
    Mapping index: 5
    Address: 15805621
    Attributes: [2]
Location #841
    Mapping index: 5
    Address: 16065340
    Attributes: [2]
Location #842
    Mapping index: 5
    Address: 37436593
    Attributes: [2]
Location #843
    Mapping index: 5
    Address: 37539880
    Attributes: [2]
Location #844
    Mapping index: 5
    Address: 37436571
    Attributes: [2]
Location #845
    Mapping index: 5
    Address: 37539086
    Attributes: [2]
Location #846
    Mapping index: 5
    Address: 37539040
    Attributes: [2]
Location #847
    Mapping index: 5
    Address: 37437467
    Attributes: [2]
Location #848
    Mapping index: 5
    Address: 29471994
    Attributes: [2]
Location #849
    Mapping index: 5
    Address: 29477816
    Attributes: [2]
Location #850
    Mapping index: 5
    Address: 22550251
    Attributes: [2]
Location #851
    Mapping index: 5
    Address: 23380662
    Attributes: [2]
Location #852
    Mapping index: 5
    Address: 23357447
    Attributes: [2]
Location #853
    Mapping index: 5
    Address: 21451757
    Attributes: [2]
Location #854
    Mapping index: 5
    Address: 23355926
    Attributes: [2]
Location #855
    Mapping index: 5
    Address: 21063588
    Attributes: [2]
Location #856
    Mapping index: 5
    Address: 37434920
    Attributes: [2]
Location #857
    Mapping index: 5
    Address: 37434275
    Attributes: [2]
Location #858
    Mapping index: 5
    Address: 29514120
    Attributes: [2]
Location #859
    Mapping index: 5
    Address: 29486175
    Attributes: [2]
Location #860
    Mapping index: 5
    Address: 29508577
    Attributes: [2]
Location #861
    Mapping index: 5
    Address: 29496285
    Attributes: [2]
Location #862
    Mapping index: 5
    Address: 29495031
    Attributes: [2]
Location #863
    Mapping index: 5
    Address: 29485536
    Attributes: [2]
Location #864
    Mapping index: 5
    Address: 29508337
    Attributes: [2]
Location #865
    Mapping index: 5
    Address: 29049297
    Attributes: [2]
Location #866
    Mapping index: 5
    Address: 15297410
    Attributes: [2]
Location #867
    Mapping index: 5
    Address: 15294124
    Attributes: [2]
Location #868
    Mapping index: 5
    Address: 15255574
    Attributes: [2]
Location #869
    Mapping index: 5
    Address: 21064519
    Attributes: [2]
Location #870
    Mapping index: 5
    Address: 21058734
    Attributes: [2]
Location #871
    Mapping index: 5
    Address: 23134804
    Attributes: [2]
Location #872
    Mapping index: 5
    Address: 23224252
    Attributes: [2]
Location #873
    Mapping index: 5
    Address: 23222159
    Attributes: [2]
Location #874
    Mapping index: 5
    Address: 21795520
    Attributes: [2]
Location #875
    Mapping index: 5
    Address: 21796411
    Attributes: [2]
Location #876
    Mapping index: 5
    Address: 21809086
    Attributes: [2]
Location #877
    Mapping index: 5
    Address: 22556690
    Attributes: [2]
Location #878
    Mapping index: 5
    Address: 22553883
    Attributes: [2]
Location #879
    Mapping index: 5
    Address: 23222481
    Attributes: [2]
Location #880
    Mapping index: 5
    Address: 20673202
    Attributes: [2]
Location #881
    Mapping index: 5
    Address: 18797943
    Attributes: [2]
Location #882
    Mapping index: 5
    Address: 22189078
    Attributes: [2]
Location #883
    Mapping index: 5
    Address: 22203452
    Attributes: [2]
Location #884
    Mapping index: 5
    Address: 23221186
    Attributes: [2]
Location #885
    Mapping index: 5
    Address: 26928455
    Attributes: [2]
Location #886
    Mapping index: 5
    Address: 26928440
    Attributes: [2]
Location #887
    Mapping index: 5
    Address: 26910951
    Attributes: [2]
Location #888
    Mapping index: 5
    Address: 28887345
    Attributes: [2]
Location #889
    Mapping index: 5
    Address: 28896184
    Attributes: [2]
Location #890
    Mapping index: 5
    Address: 17867325
    Attributes: [2]
Location #891
    Mapping index: 5
    Address: 19494347
    Attributes: [2]
Location #892
    Mapping index: 5
    Address: 15296699
    Attributes: [2]
Location #893
    Mapping index: 5
    Address: 16905744
    Attributes: [2]
Location #894
    Mapping index: 5
    Address: 21058749
    Attributes: [2]
Location #895
    Mapping index: 5
    Address: 36308227
    Attributes: [2]
Location #896
    Mapping index: 5
    Address: 36332224
    Attributes: [2]
Location #897
    Mapping index: 5
    Address: 20149100
    Attributes: [2]
Location #898
    Mapping index: 5
    Address: 20148465
    Attributes: [2]
Location #899
    Mapping index: 5
    Address: 22522269
    Attributes: [2]
Location #900
    Mapping index: 5
    Address: 22520699
    Attributes: [2]
Location #901
    Mapping index: 5
    Address: 29486715
    Attributes: [2]
Location #902
    Mapping index: 5
    Address: 29493176
    Attributes: [2]
Location #903
    Mapping index: 5
    Address: 29486819
    Attributes: [2]
Location #904
    Mapping index: 5
    Address: 29489441
    Attributes: [2]
Location #905
    Mapping index: 5
    Address: 28895036
    Attributes: [2]
Location #906
    Mapping index: 5
    Address: 18779734
    Attributes: [2]
Location #907
    Mapping index: 5
    Address: 18797613
    Attributes: [2]
Location #908
    Mapping index: 5
    Address: 18791409
    Attributes: [2]
Location #909
    Mapping index: 5
    Address: 16636201
    Attributes: [2]
Location #910
    Mapping index: 5
    Address: 16635943
    Attributes: [2]
Location #911
    Mapping index: 5
    Address: 16635607
    Attributes: [2]
Location #912
    Mapping index: 5
    Address: 16635174
    Attributes: [2]
Location #913
    Mapping index: 5
    Address: 16634582
    Attributes: [2]
Location #914
    Mapping index: 5
    Address: 16634087
    Attributes: [2]
Location #915
    Mapping index: 5
    Address: 30731853
    Attributes: [2]
Location #916
    Mapping index: 5
    Address: 30731406
    Attributes: [2]
Location #917
    Mapping index: 5
    Address: 61509909
    Attributes: [2]
Location #918
    Mapping index: 2
    Address: 703723
    Attributes: [2]
Location #919
    Mapping index: 5
    Address: 17621217
    Attributes: [2]
Location #920
    Mapping index: 5
    Address: 17616582
    Attributes: [2]
Location #921
    Mapping index: 5
    Address: 22870672
    Attributes: [2]
Location #922
    Mapping index: 5
    Address: 22600977
    Attributes: [2]
Location #923
    Mapping index: 5
    Address: 23232734
    Attributes: [2]
Location #924
    Mapping index: 5
    Address: 23218484
    Attributes: [2]
Location #925
    Mapping index: 5
    Address: 23430160
    Attributes: [2]
Location #926
    Mapping index: 5
    Address: 21270530
    Attributes: [2]
Location #927
    Mapping index: 5
    Address: 21074591
    Attributes: [2]
Location #928
    Mapping index: 5
    Address: 19926081
    Attributes: [2]
Location #929
    Mapping index: 5
    Address: 26276579
    Attributes: [2]
Location #930
    Mapping index: 5
    Address: 34265235
    Attributes: [2]
Location #931
    Mapping index: 5
    Address: 34132829
    Attributes: [2]
Location #932
    Mapping index: 5
    Address: 34282749
    Attributes: [2]
Location #933
    Mapping index: 5
    Address: 34139988
    Attributes: [2]
Location #934
    Mapping index: 5
    Address: 34108871
    Attributes: [2]
Location #935
    Mapping index: 5
    Address: 20722946
    Attributes: [2]
Location #936
    Mapping index: 5
    Address: 20752903
    Attributes: [2]
Location #937
    Mapping index: 5
    Address: 13880597
    Attributes: [2]
Location #938
    Mapping index: 5
    Address: 21063258
    Attributes: [2]
Location #939
    Mapping index: 5
    Address: 22999988
    Attributes: [2]
Location #940
    Mapping index: 5
    Address: 22645857
    Attributes: [2]
Location #941
    Mapping index: 5
    Address: 17643612
    Attributes: [2]
Location #942
    Mapping index: 12
    Address: 1212510
    Line #0
        Function index: 236
        Line: 0
        Column: 0
    Attributes: [25]
Location #943
    Mapping index: 12
    Address: 2084926
    Line #0
        Function index: 237
        Line: 0
        Column: 0
    Attributes: [25]
Location #944
    Mapping index: 12
    Address: 3655742
    Line #0
        Function index: 238
        Line: 0
        Column: 0
    Attributes: [25]
Location #945
    Mapping index: 12
    Address: 3655927
    Line #0
        Function index: 239
        Line: 0
        Column: 0
    Attributes: [25]
Location #946
    Mapping index: 12
    Address: 2251423
    Line #0
        Function index: 240
        Line: 0
        Column: 0
    Attributes: [25]
Location #947
    Mapping index: 12
    Address: 2278901
    Line #0
        Function index: 241
        Line: 0
        Column: 0
    Attributes: [25]
Location #948
    Mapping index: 12
    Address: 2286898
    Line #0
        Function index: 242
        Line: 0
        Column: 0
    Attributes: [25]
Location #949
    Mapping index: 12
    Address: 3462881
    Line #0
        Function index: 243
        Line: 0
        Column: 0
    Attributes: [25]
Location #950
    Mapping index: 12
    Address: 3531854
    Line #0
        Function index: 244
        Line: 0
        Column: 0
    Attributes: [25]
Location #951
    Mapping index: 12
    Address: 3423907
    Line #0
        Function index: 245
        Line: 0
        Column: 0
    Attributes: [25]
Location #952
    Mapping index: 12
    Address: 3793269
    Line #0
        Function index: 246
        Line: 0
        Column: 0
    Attributes: [25]
Location #953
    Mapping index: 12
    Address: 3821165
    Line #0
        Function index: 247
        Line: 0
        Column: 0
    Attributes: [25]
Location #954
    Mapping index: 12
    Address: 3300483
    Line #0
        Function index: 248
        Line: 0
        Column: 0
    Attributes: [25]
Location #955
    Mapping index: 12
    Address: 3303032
    Line #0
        Function index: 249
        Line: 0
        Column: 0
    Attributes: [25]
Location #956
    Mapping index: 12
    Address: 3302883
    Line #0
        Function index: 250
        Line: 0
        Column: 0
    Attributes: [25]
Location #957
    Mapping index: 12
    Address: 2967736
    Line #0
        Function index: 251
        Line: 0
        Column: 0
    Attributes: [25]
Location #958
    Mapping index: 12
    Address: 2959281
    Line #0
        Function index: 252
        Line: 0
        Column: 0
    Attributes: [25]
Location #959
    Mapping index: 12
    Address: 174564
    Line #0
        Function index: 253
        Line: 0
        Column: 0
    Attributes: [25]
Location #960
    Mapping index: 12
    Address: 3767396
    Line #0
        Function index: 254
        Line: 0
        Column: 0
    Attributes: [25]
Location #961
    Mapping index: 12
    Address: 3787042
    Line #0
        Function index: 255
        Line: 0
        Column: 0
    Attributes: [25]
Location #962
    Mapping index: 12
    Address: 3269438
    Line #0
        Function index: 256
        Line: 0
        Column: 0
    Attributes: [25]
Location #963
    Mapping index: 12
    Address: 3816183
    Line #0
        Function index: 257
        Line: 0
        Column: 0
    Attributes: [25]
Location #964
    Mapping index: 12
    Address: 3818402
    Line #0
        Function index: 258
        Line: 0
        Column: 0
    Attributes: [25]
Location #965
    Mapping index: 12
    Address: 3263482
    Line #0
        Function index: 259
        Line: 0
        Column: 0
    Attributes: [25]
Location #966
    Mapping index: 12
    Address: 3263944
    Line #0
        Function index: 260
        Line: 0
        Column: 0
    Attributes: [25]
Location #967
    Mapping index: 12
    Address: 3406078
    Line #0
        Function index: 261
        Line: 0
        Column: 0
    Attributes: [25]
Location #968
    Mapping index: 12
    Address: 141609
    Line #0
        Function index: 262
        Line: 0
        Column: 0
    Attributes: [25]
Location #969
    Mapping index: 13
    Address: 403240
    Line #0
        Function index: 263
        Line: 0
        Column: 0
    Attributes: [25]
Location #970
    Mapping index: 13
    Address: 113000
    Line #0
        Function index: 264
        Line: 0
        Column: 0
    Attributes: [25]
Location #971
    Mapping index: 13
    Address: 78106
    Line #0
        Function index: 265
        Line: 0
        Column: 0
    Attributes: [25]
Location #972
    Mapping index: 13
    Address: 102649
    Line #0
        Function index: 266
        Line: 0
        Column: 0
    Attributes: [25]
Location #973
    Mapping index: 13
    Address: 133644
    Line #0
        Function index: 267
        Line: 0
        Column: 0
    Attributes: [25]
Location #974
    Mapping index: 13
    Address: 8615
    Line #0
        Function index: 268
        Line: 0
        Column: 0
    Attributes: [25]
Location #975
    Mapping index: 13
    Address: 8980
    Line #0
        Function index: 269
        Line: 0
        Column: 0
    Attributes: [25]
Location #976
    Mapping index: 13
    Address: 9117
    Line #0
        Function index: 270
        Line: 0
        Column: 0
    Attributes: [25]
Location #977
    Mapping index: 8
    Address: 8671657
    Line #0
        Function index: 271
        Line: 0
        Column: 0
    Attributes: [25]
Location #978
    Mapping index: 8
    Address: 8672292
    Line #0
        Function index: 272
        Line: 0
        Column: 0
    Attributes: [25]
Location #979
    Mapping index: 8
    Address: 4447452
    Line #0
        Function index: 273
        Line: 0
        Column: 0
    Attributes: [25]
Location #980
    Mapping index: 8
    Address: 4258140
    Line #0
        Function index: 213
        Line: 0
        Column: 0
    Attributes: [25]
Location #981
    Mapping index: 2
    Address: 1160444
    Attributes: [2]
Location #982
    Mapping index: 12
    Address: 1212505
    Line #0
        Function index: 236
        Line: 0
        Column: 0
    Attributes: [25]
Location #983
    Mapping index: 12
    Address: 2777330
    Line #0
        Function index: 274
        Line: 0
        Column: 0
    Attributes: [25]
Location #984
    Mapping index: 12
    Address: 2778785
    Line #0
        Function index: 275
        Line: 0
        Column: 0
    Attributes: [25]
Location #985
    Mapping index: 12
    Address: 2787302
    Line #0
        Function index: 276
        Line: 0
        Column: 0
    Attributes: [25]
Location #986
    Mapping index: 12
    Address: 3793480
    Line #0
        Function index: 246
        Line: 0
        Column: 0
    Attributes: [25]
Location #987
    Mapping index: 12
    Address: 3300401
    Line #0
        Function index: 248
        Line: 0
        Column: 0
    Attributes: [25]
Location #988
    Mapping index: 12
    Address: 3303550
    Line #0
        Function index: 277
        Line: 0
        Column: 0
    Attributes: [25]
Location #989
    Mapping index: 12
    Address: 3404510
    Line #0
        Function index: 278
        Line: 0
        Column: 0
    Attributes: [25]
Location #990
    Mapping index: 12
    Address: 143598
    Line #0
        Function index: 279
        Line: 0
        Column: 0
    Attributes: [25]
Location #991
    Mapping index: 13
    Address: 386631
    Line #0
        Function index: 280
        Line: 0
        Column: 0
    Attributes: [25]
Location #992
    Mapping index: 13
    Address: 111268
    Line #0
        Function index: 281
        Line: 0
        Column: 0
    Attributes: [25]
Location #993
    Mapping index: 13
    Address: 94491
    Line #0
        Function index: 282
        Line: 0
        Column: 0
    Attributes: [25]
Location #994
    Mapping index: 13
    Address: 128525
    Line #0
        Function index: 283
        Line: 0
        Column: 0
    Attributes: [25]
Location #995
    Mapping index: 13
    Address: 108959
    Line #0
        Function index: 284
        Line: 0
        Column: 0
    Attributes: [25]
Location #996
    Mapping index: 13
    Address: 11920
    Line #0
        Function index: 285
        Line: 0
        Column: 0
    Attributes: [25]
Location #997
    Mapping index: 13
    Address: 17403
    Line #0
        Function index: 286
        Line: 0
        Column: 0
    Attributes: [25]
Location #998
    Mapping index: 13
    Address: 17640
    Line #0
        Function index: 287
        Line: 0
        Column: 0
    Attributes: [25]
Location #999
    Mapping index: 8
    Address: 8793251
    Line #0
        Function index: 288
        Line: 0
        Column: 0
    Attributes: [25]
Location #1000
    Mapping index: 8
    Address: 3167594
    Line #0
        Function index: 41
        Line: 0
        Column: 0
    Attributes: [25]
Location #1001
    Mapping index: 13
    Address: 550
    Line #0
        Function index: 289
        Line: 0
        Column: 0
    Attributes: [25]
Location #1002
    Mapping index: 13
    Address: 457383
    Line #0
        Function index: 290
        Line: 0
        Column: 0
    Attributes: [25]
Location #1003
    Mapping index: 13
    Address: 459696
    Line #0
        Function index: 291
        Line: 0
        Column: 0
    Attributes: [25]
Location #1004
    Mapping index: 13
    Address: 445594
    Line #0
        Function index: 292
        Line: 0
        Column: 0
    Attributes: [25]
Location #1005
    Mapping index: 13
    Address: 189350
    Line #0
        Function index: 293
        Line: 0
        Column: 0
    Attributes: [25]
Location #1006
    Mapping index: 13
    Address: 199475
    Line #0
        Function index: 294
        Line: 0
        Column: 0
    Attributes: [25]
Location #1007
    Mapping index: 13
    Address: 96489
    Line #0
        Function index: 282
        Line: 0
        Column: 0
    Attributes: [25]
Location #1008
    Mapping index: 12
    Address: 2278484
    Line #0
        Function index: 241
        Line: 0
        Column: 0
    Attributes: [25]
Location #1009
    Mapping index: 12
    Address: 3415014
    Line #0
        Function index: 295
        Line: 0
        Column: 0
    Attributes: [25]
Location #1010
    Mapping index: 12
    Address: 131817
    Line #0
        Function index: 296
        Line: 0
        Column: 0
    Attributes: [25]
Location #1011
    Mapping index: 13
    Address: 593024
    Line #0
        Function index: 297
        Line: 0
        Column: 0
    Attributes: [25]
Location #1012
    Mapping index: 13
    Address: 15407
    Line #0
        Function index: 285
        Line: 0
        Column: 0
    Attributes: [25]
Location #1013
    Mapping index: 8
    Address: 5275809
    Line #0
        Function index: 298
        Line: 0
        Column: 0
    Attributes: [25]
Location #1014
    Mapping index: 8
    Address: 5246901
    Line #0
        Function index: 299
        Line: 0
        Column: 0
    Attributes: [25]
Location #1015
    Mapping index: 8
    Address: 5247261
    Line #0
        Function index: 300
        Line: 0
        Column: 0
    Attributes: [25]
Location #1016
    Mapping index: 12
    Address: 58218
    Line #0
        Function index: 301
        Line: 0
        Column: 0
    Attributes: [25]
Location #1017
    Mapping index: 12
    Address: 59067
    Line #0
        Function index: 302
        Line: 0
        Column: 0
    Attributes: [25]
Location #1018
    Mapping index: 12
    Address: 61493
    Line #0
        Function index: 303
        Line: 0
        Column: 0
    Attributes: [25]
Location #1019
    Mapping index: 12
    Address: 1219076
    Line #0
        Function index: 304
        Line: 0
        Column: 0
    Attributes: [25]
Location #1020
    Mapping index: 12
    Address: 3064073
    Line #0
        Function index: 305
        Line: 0
        Column: 0
    Attributes: [25]
Location #1021
    Mapping index: 12
    Address: 2462943
    Line #0
        Function index: 306
        Line: 0
        Column: 0
    Attributes: [25]
Location #1022
    Mapping index: 12
    Address: 1269254
    Line #0
        Function index: 307
        Line: 0
        Column: 0
    Attributes: [25]
Location #1023
    Mapping index: 12
    Address: 3114679
    Line #0
        Function index: 308
        Line: 0
        Column: 0
    Attributes: [25]
Location #1024
    Mapping index: 12
    Address: 451719
    Line #0
        Function index: 309
        Line: 0
        Column: 0
    Attributes: [25]
Location #1025
    Mapping index: 12
    Address: 3767033
    Line #0
        Function index: 310
        Line: 0
        Column: 0
    Attributes: [25]
Location #1026
    Mapping index: 12
    Address: 3262612
    Line #0
        Function index: 311
        Line: 0
        Column: 0
    Attributes: [25]
Location #1027
    Mapping index: 12
    Address: 3788265
    Line #0
        Function index: 312
        Line: 0
        Column: 0
    Attributes: [25]
Location #1028
    Mapping index: 12
    Address: 3258906
    Line #0
        Function index: 313
        Line: 0
        Column: 0
    Attributes: [25]
Location #1029
    Mapping index: 12
    Address: 3802611
    Line #0
        Function index: 314
        Line: 0
        Column: 0
    Attributes: [25]
Location #1030
    Mapping index: 12
    Address: 3261743
    Line #0
        Function index: 315
        Line: 0
        Column: 0
    Attributes: [25]
Location #1031
    Mapping index: 12
    Address: 3263092
    Line #0
        Function index: 316
        Line: 0
        Column: 0
    Attributes: [25]
Location #1032
    Mapping index: 12
    Address: 3303684
    Line #0
        Function index: 317
        Line: 0
        Column: 0
    Attributes: [25]
Location #1033
    Mapping index: 12
    Address: 1375846
    Line #0
        Function index: 318
        Line: 0
        Column: 0
    Attributes: [25]
Location #1034
    Mapping index: 12
    Address: 1376578
    Line #0
        Function index: 319
        Line: 0
        Column: 0
    Attributes: [25]
Location #1035
    Mapping index: 12
    Address: 3314692
    Line #0
        Function index: 320
        Line: 0
        Column: 0
    Attributes: [25]
Location #1036
    Mapping index: 12
    Address: 1194730
    Line #0
        Function index: 321
        Line: 0
        Column: 0
    Attributes: [25]
Location #1037
    Mapping index: 12
    Address: 1197964
    Line #0
        Function index: 322
        Line: 0
        Column: 0
    Attributes: [25]
Location #1038
    Mapping index: 12
    Address: 1229765
    Line #0
        Function index: 323
        Line: 0
        Column: 0
    Attributes: [25]
Location #1039
    Mapping index: 12
    Address: 27551
    Line #0
        Function index: 324
        Line: 0
        Column: 0
    Attributes: [25]
Location #1040
    Mapping index: 8
    Address: 7341296
    Line #0
        Function index: 325
        Line: 0
        Column: 0
    Attributes: [25]
Location #1041
    Mapping index: 8
    Address: 7342494
    Line #0
        Function index: 326
        Line: 0
        Column: 0
    Attributes: [25]
Location #1042
    Mapping index: 8
    Address: 7787935
    Line #0
        Function index: 327
        Line: 0
        Column: 0
    Attributes: [25]
Location #1043
    Mapping index: 8
    Address: 7788988
    Line #0
        Function index: 328
        Line: 0
        Column: 0
    Attributes: [25]
Location #1044
    Mapping index: 8
    Address: 7812671
    Line #0
        Function index: 190
        Line: 0
        Column: 0
    Attributes: [25]
Location #1045
    Mapping index: 13
    Address: 8860
    Line #0
        Function index: 268
        Line: 0
        Column: 0
    Attributes: [25]
Location #1046
    Mapping index: 8
    Address: 8022980
    Line #0
        Function index: 329
        Line: 0
        Column: 0
    Attributes: [25]
Location #1047
    Mapping index: 8
    Address: 7582330
    Line #0
        Function index: 330
        Line: 0
        Column: 0
    Attributes: [25]
Location #1048
    Mapping index: 8
    Address: 7587234
    Line #0
        Function index: 331
        Line: 0
        Column: 0
    Attributes: [25]
Location #1049
    Mapping index: 8
    Address: 4411081
    Line #0
        Function index: 332
        Line: 0
        Column: 0
    Attributes: [25]
Location #1050
    Mapping index: 8
    Address: 4412409
    Line #0
        Function index: 333
        Line: 0
        Column: 0
    Attributes: [25]
Location #1051
    Mapping index: 8
    Address: 4461015
    Line #0
        Function index: 334
        Line: 0
        Column: 0
    Attributes: [25]
Location #1052
    Mapping index: 8
    Address: 3573443
    Line #0
        Function index: 335
        Line: 0
        Column: 0
    Attributes: [25]
Location #1053
    Mapping index: 8
    Address: 3163321
    Line #0
        Function index: 336
        Line: 0
        Column: 0
    Attributes: [25]
Function #0
    Name: 0
    System name: 0
    Filename: 0
    Start line: 0
Function #1
    Name: 8
    System name: 0
    Filename: 9
    Start line: 0
Function #2
    Name: 10
    System name: 0
    Filename: 11
    Start line: 0
Function #3
    Name: 12
    System name: 0
    Filename: 11
    Start line: 0
Function #4
    Name: 13
    System name: 0
    Filename: 11
    Start line: 0
Function #5
    Name: 14
    System name: 0
    Filename: 15
    Start line: 0
Function #6
    Name: 16
    System name: 0
    Filename: 15
    Start line: 0
Function #7
    Name: 17
    System name: 0
    Filename: 15
    Start line: 0
Function #8
    Name: 18
    System name: 0
    Filename: 15
    Start line: 0
Function #9
    Name: 19
    System name: 0
    Filename: 15
    Start line: 0
Function #10
    Name: 20
    System name: 0
    Filename: 21
    Start line: 0
Function #11
    Name: 22
    System name: 0
    Filename: 23
    Start line: 0
Function #12
    Name: 24
    System name: 0
    Filename: 23
    Start line: 0
Function #13
    Name: 25
    System name: 0
    Filename: 26
    Start line: 0
Function #14
    Name: 27
    System name: 0
    Filename: 26
    Start line: 0
Function #15
    Name: 28
    System name: 0
    Filename: 26
    Start line: 0
Function #16
    Name: 29
    System name: 0
    Filename: 30
    Start line: 0
Function #17
    Name: 42
    System name: 0
    Filename: 43
    Start line: 0
Function #18
    Name: 44
    System name: 0
    Filename: 43
    Start line: 0
Function #19
    Name: 45
    System name: 0
    Filename: 46
    Start line: 0
Function #20
    Name: 47
    System name: 0
    Filename: 48
    Start line: 0
Function #21
    Name: 49
    System name: 0
    Filename: 48
    Start line: 0
Function #22
    Name: 50
    System name: 0
    Filename: 51
    Start line: 0
Function #23
    Name: 52
    System name: 0
    Filename: 53
    Start line: 0
Function #24
    Name: 54
    System name: 0
    Filename: 55
    Start line: 0
Function #25
    Name: 56
    System name: 0
    Filename: 55
    Start line: 0
Function #26
    Name: 57
    System name: 0
    Filename: 58
    Start line: 0
Function #27
    Name: 59
    System name: 0
    Filename: 58
    Start line: 0
Function #28
    Name: 60
    System name: 0
    Filename: 58
    Start line: 0
Function #29
    Name: 61
    System name: 0
    Filename: 55
    Start line: 0
Function #30
    Name: 62
    System name: 0
    Filename: 63
    Start line: 0
Function #31
    Name: 64
    System name: 0
    Filename: 63
    Start line: 0
Function #32
    Name: 65
    System name: 0
    Filename: 66
    Start line: 0
Function #33
    Name: 68
    System name: 0
    Filename: 0
    Start line: 0
Function #34
    Name: 69
    System name: 0
    Filename: 0
    Start line: 0
Function #35
    Name: 70
    System name: 0
    Filename: 0
    Start line: 0
Function #36
    Name: 71
    System name: 0
    Filename: 0
    Start line: 0
Function #37
    Name: 72
    System name: 0
    Filename: 0
    Start line: 0
Function #38
    Name: 73
    System name: 0
    Filename: 0
    Start line: 0
Function #39
    Name: 74
    System name: 0
    Filename: 0
    Start line: 0
Function #40
    Name: 75
    System name: 0
    Filename: 0
    Start line: 0
Function #41
    Name: 76
    System name: 0
    Filename: 0
    Start line: 0
Function #42
    Name: 77
    System name: 0
    Filename: 0
    Start line: 0
Function #43
    Name: 78
    System name: 0
    Filename: 0
    Start line: 0
Function #44
    Name: 79
    System name: 0
    Filename: 80
    Start line: 0
Function #45
    Name: 81
    System name: 0
    Filename: 82
    Start line: 0
Function #46
    Name: 83
    System name: 0
    Filename: 82
    Start line: 0
Function #47
    Name: 83
    System name: 0
    Filename: 84
    Start line: 0
Function #48
    Name: 85
    System name: 0
    Filename: 86
    Start line: 0
Function #49
    Name: 87
    System name: 0
    Filename: 88
    Start line: 0
Function #50
    Name: 89
    System name: 0
    Filename: 88
    Start line: 0
Function #51
    Name: 90
    System name: 0
    Filename: 91
    Start line: 0
Function #52
    Name: 92
    System name: 0
    Filename: 53
    Start line: 0
Function #53
    Name: 93
    System name: 0
    Filename: 0
    Start line: 0
Function #54
    Name: 94
    System name: 0
    Filename: 0
    Start line: 0
Function #55
    Name: 95
    System name: 0
    Filename: 0
    Start line: 0
Function #56
    Name: 96
    System name: 0
    Filename: 0
    Start line: 0
Function #57
    Name: 97
    System name: 0
    Filename: 0
    Start line: 0
Function #58
    Name: 98
    System name: 0
    Filename: 99
    Start line: 0
Function #59
    Name: 100
    System name: 0
    Filename: 101
    Start line: 0
Function #60
    Name: 102
    System name: 0
    Filename: 103
    Start line: 0
Function #61
    Name: 104
    System name: 0
    Filename: 105
    Start line: 0
Function #62
    Name: 106
    System name: 0
    Filename: 107
    Start line: 0
Function #63
    Name: 108
    System name: 0
    Filename: 107
    Start line: 0
Function #64
    Name: 109
    System name: 0
    Filename: 107
    Start line: 0
Function #65
    Name: 110
    System name: 0
    Filename: 0
    Start line: 0
Function #66
    Name: 111
    System name: 0
    Filename: 0
    Start line: 0
Function #67
    Name: 112
    System name: 0
    Filename: 0
    Start line: 0
Function #68
    Name: 113
    System name: 0
    Filename: 0
    Start line: 0
Function #69
    Name: 114
    System name: 0
    Filename: 0
    Start line: 0
Function #70
    Name: 115
    System name: 0
    Filename: 0
    Start line: 0
Function #71
    Name: 116
    System name: 0
    Filename: 0
    Start line: 0
Function #72
    Name: 117
    System name: 0
    Filename: 0
    Start line: 0
Function #73
    Name: 118
    System name: 0
    Filename: 119
    Start line: 0
Function #74
    Name: 120
    System name: 0
    Filename: 121
    Start line: 0
Function #75
    Name: 122
    System name: 0
    Filename: 123
    Start line: 0
Function #76
    Name: 124
    System name: 0
    Filename: 123
    Start line: 0
Function #77
    Name: 125
    System name: 0
    Filename: 126
    Start line: 0
Function #78
    Name: 127
    System name: 0
    Filename: 126
    Start line: 0
Function #79
    Name: 128
    System name: 0
    Filename: 126
    Start line: 0
Function #80
    Name: 129
    System name: 0
    Filename: 66
    Start line: 0
Function #81
    Name: 131
    System name: 0
    Filename: 0
    Start line: 0
Function #82
    Name: 132
    System name: 0
    Filename: 0
    Start line: 0
Function #83
    Name: 133
    System name: 0
    Filename: 0
    Start line: 0
Function #84
    Name: 134
    System name: 0
    Filename: 0
    Start line: 0
Function #85
    Name: 135
    System name: 0
    Filename: 0
    Start line: 0
Function #86
    Name: 136
    System name: 0
    Filename: 0
    Start line: 0
Function #87
    Name: 137
    System name: 0
    Filename: 0
    Start line: 0
Function #88
    Name: 139
    System name: 0
    Filename: 0
    Start line: 0
Function #89
    Name: 140
    System name: 0
    Filename: 0
    Start line: 0
Function #90
    Name: 141
    System name: 0
    Filename: 0
    Start line: 0
Function #91
    Name: 142
    System name: 0
    Filename: 0
    Start line: 0
Function #92
    Name: 143
    System name: 0
    Filename: 0
    Start line: 0
Function #93
    Name: 144
    System name: 0
    Filename: 0
    Start line: 0
Function #94
    Name: 145
    System name: 0
    Filename: 0
    Start line: 0
Function #95
    Name: 146
    System name: 0
    Filename: 0
    Start line: 0
Function #96
    Name: 147
    System name: 0
    Filename: 0
    Start line: 0
Function #97
    Name: 148
    System name: 0
    Filename: 0
    Start line: 0
Function #98
    Name: 149
    System name: 0
    Filename: 0
    Start line: 0
Function #99
    Name: 150
    System name: 0
    Filename: 0
    Start line: 0
Function #100
    Name: 151
    System name: 0
    Filename: 0
    Start line: 0
Function #101
    Name: 152
    System name: 0
    Filename: 0
    Start line: 0
Function #102
    Name: 153
    System name: 0
    Filename: 0
    Start line: 0
Function #103
    Name: 154
    System name: 0
    Filename: 0
    Start line: 0
Function #104
    Name: 155
    System name: 0
    Filename: 0
    Start line: 0
Function #105
    Name: 156
    System name: 0
    Filename: 0
    Start line: 0
Function #106
    Name: 157
    System name: 0
    Filename: 0
    Start line: 0
Function #107
    Name: 158
    System name: 0
    Filename: 0
    Start line: 0
Function #108
    Name: 160
    System name: 0
    Filename: 161
    Start line: 0
Function #109
    Name: 162
    System name: 0
    Filename: 163
    Start line: 0
Function #110
    Name: 164
    System name: 0
    Filename: 0
    Start line: 0
Function #111
    Name: 165
    System name: 0
    Filename: 0
    Start line: 0
Function #112
    Name: 166
    System name: 0
    Filename: 0
    Start line: 0
Function #113
    Name: 167
    System name: 0
    Filename: 168
    Start line: 0
Function #114
    Name: 169
    System name: 0
    Filename: 0
    Start line: 0
Function #115
    Name: 170
    System name: 0
    Filename: 0
    Start line: 0
Function #116
    Name: 171
    System name: 0
    Filename: 172
    Start line: 0
Function #117
    Name: 173
    System name: 0
    Filename: 172
    Start line: 0
Function #118
    Name: 174
    System name: 0
    Filename: 172
    Start line: 0
Function #119
    Name: 175
    System name: 0
    Filename: 176
    Start line: 0
Function #120
    Name: 177
    System name: 0
    Filename: 176
    Start line: 0
Function #121
    Name: 178
    System name: 0
    Filename: 176
    Start line: 0
Function #122
    Name: 179
    System name: 0
    Filename: 180
    Start line: 0
Function #123
    Name: 181
    System name: 0
    Filename: 180
    Start line: 0
Function #124
    Name: 182
    System name: 0
    Filename: 183
    Start line: 0
Function #125
    Name: 184
    System name: 0
    Filename: 183
    Start line: 0
Function #126
    Name: 185
    System name: 0
    Filename: 183
    Start line: 0
Function #127
    Name: 186
    System name: 0
    Filename: 183
    Start line: 0
Function #128
    Name: 187
    System name: 0
    Filename: 188
    Start line: 0
Function #129
    Name: 189
    System name: 0
    Filename: 188
    Start line: 0
Function #130
    Name: 190
    System name: 0
    Filename: 188
    Start line: 0
Function #131
    Name: 162
    System name: 0
    Filename: 188
    Start line: 0
Function #132
    Name: 191
    System name: 0
    Filename: 192
    Start line: 0
Function #133
    Name: 193
    System name: 0
    Filename: 194
    Start line: 0
Function #134
    Name: 195
    System name: 0
    Filename: 194
    Start line: 0
Function #135
    Name: 196
    System name: 0
    Filename: 197
    Start line: 0
Function #136
    Name: 198
    System name: 0
    Filename: 197
    Start line: 0
Function #137
    Name: 199
    System name: 0
    Filename: 200
    Start line: 0
Function #138
    Name: 201
    System name: 0
    Filename: 200
    Start line: 0
Function #139
    Name: 202
    System name: 0
    Filename: 200
    Start line: 0
Function #140
    Name: 203
    System name: 0
    Filename: 200
    Start line: 0
Function #141
    Name: 173
    System name: 0
    Filename: 200
    Start line: 0
Function #142
    Name: 204
    System name: 0
    Filename: 205
    Start line: 0
Function #143
    Name: 206
    System name: 0
    Filename: 205
    Start line: 0
Function #144
    Name: 207
    System name: 0
    Filename: 205
    Start line: 0
Function #145
    Name: 208
    System name: 0
    Filename: 205
    Start line: 0
Function #146
    Name: 209
    System name: 0
    Filename: 205
    Start line: 0
Function #147
    Name: 210
    System name: 0
    Filename: 205
    Start line: 0
Function #148
    Name: 211
    System name: 0
    Filename: 212
    Start line: 0
Function #149
    Name: 162
    System name: 0
    Filename: 212
    Start line: 0
Function #150
    Name: 213
    System name: 0
    Filename: 212
    Start line: 0
Function #151
    Name: 214
    System name: 0
    Filename: 212
    Start line: 0
Function #152
    Name: 215
    System name: 0
    Filename: 212
    Start line: 0
Function #153
    Name: 162
    System name: 0
    Filename: 216
    Start line: 0
Function #154
    Name: 217
    System name: 0
    Filename: 218
    Start line: 0
Function #155
    Name: 162
    System name: 0
    Filename: 219
    Start line: 0
Function #156
    Name: 220
    System name: 0
    Filename: 0
    Start line: 0
Function #157
    Name: 221
    System name: 0
    Filename: 0
    Start line: 0
Function #158
    Name: 222
    System name: 0
    Filename: 0
    Start line: 0
Function #159
    Name: 223
    System name: 0
    Filename: 0
    Start line: 0
Function #160
    Name: 224
    System name: 0
    Filename: 225
    Start line: 0
Function #161
    Name: 22
    System name: 0
    Filename: 226
    Start line: 0
Function #162
    Name: 227
    System name: 0
    Filename: 226
    Start line: 0
Function #163
    Name: 228
    System name: 0
    Filename: 226
    Start line: 0
Function #164
    Name: 229
    System name: 0
    Filename: 226
    Start line: 0
Function #165
    Name: 230
    System name: 0
    Filename: 226
    Start line: 0
Function #166
    Name: 231
    System name: 0
    Filename: 232
    Start line: 0
Function #167
    Name: 233
    System name: 0
    Filename: 234
    Start line: 0
Function #168
    Name: 235
    System name: 0
    Filename: 236
    Start line: 0
Function #169
    Name: 237
    System name: 0
    Filename: 200
    Start line: 0
Function #170
    Name: 238
    System name: 0
    Filename: 0
    Start line: 0
Function #171
    Name: 239
    System name: 0
    Filename: 0
    Start line: 0
Function #172
    Name: 240
    System name: 0
    Filename: 234
    Start line: 0
Function #173
    Name: 241
    System name: 0
    Filename: 234
    Start line: 0
Function #174
    Name: 242
    System name: 0
    Filename: 225
    Start line: 0
Function #175
    Name: 243
    System name: 0
    Filename: 0
    Start line: 0
Function #176
    Name: 244
    System name: 0
    Filename: 245
    Start line: 0
Function #177
    Name: 246
    System name: 0
    Filename: 245
    Start line: 0
Function #178
    Name: 247
    System name: 0
    Filename: 248
    Start line: 0
Function #179
    Name: 249
    System name: 0
    Filename: 248
    Start line: 0
Function #180
    Name: 250
    System name: 0
    Filename: 251
    Start line: 0
Function #181
    Name: 252
    System name: 0
    Filename: 226
    Start line: 0
Function #182
    Name: 173
    System name: 0
    Filename: 226
    Start line: 0
Function #183
    Name: 253
    System name: 0
    Filename: 168
    Start line: 0
Function #184
    Name: 254
    System name: 0
    Filename: 0
    Start line: 0
Function #185
    Name: 255
    System name: 0
    Filename: 0
    Start line: 0
Function #186
    Name: 256
    System name: 0
    Filename: 0
    Start line: 0
Function #187
    Name: 257
    System name: 0
    Filename: 0
    Start line: 0
Function #188
    Name: 258
    System name: 0
    Filename: 0
    Start line: 0
Function #189
    Name: 259
    System name: 0
    Filename: 0
    Start line: 0
Function #190
    Name: 260
    System name: 0
    Filename: 0
    Start line: 0
Function #191
    Name: 261
    System name: 0
    Filename: 0
    Start line: 0
Function #192
    Name: 262
    System name: 0
    Filename: 0
    Start line: 0
Function #193
    Name: 263
    System name: 0
    Filename: 0
    Start line: 0
Function #194
    Name: 264
    System name: 0
    Filename: 0
    Start line: 0
Function #195
    Name: 265
    System name: 0
    Filename: 0
    Start line: 0
Function #196
    Name: 266
    System name: 0
    Filename: 267
    Start line: 0
Function #197
    Name: 268
    System name: 0
    Filename: 226
    Start line: 0
Function #198
    Name: 269
    System name: 0
    Filename: 270
    Start line: 0
Function #199
    Name: 271
    System name: 0
    Filename: 272
    Start line: 0
Function #200
    Name: 273
    System name: 0
    Filename: 274
    Start line: 0
Function #201
    Name: 275
    System name: 0
    Filename: 226
    Start line: 0
Function #202
    Name: 276
    System name: 0
    Filename: 226
    Start line: 0
Function #203
    Name: 277
    System name: 0
    Filename: 0
    Start line: 0
Function #204
    Name: 278
    System name: 0
    Filename: 0
    Start line: 0
Function #205
    Name: 279
    System name: 0
    Filename: 0
    Start line: 0
Function #206
    Name: 280
    System name: 0
    Filename: 0
    Start line: 0
Function #207
    Name: 281
    System name: 0
    Filename: 0
    Start line: 0
Function #208
    Name: 282
    System name: 0
    Filename: 0
    Start line: 0
Function #209
    Name: 283
    System name: 0
    Filename: 0
    Start line: 0
Function #210
    Name: 284
    System name: 0
    Filename: 0
    Start line: 0
Function #211
    Name: 285
    System name: 0
    Filename: 0
    Start line: 0
Function #212
    Name: 286
    System name: 0
    Filename: 0
    Start line: 0
Function #213
    Name: 287
    System name: 0
    Filename: 0
    Start line: 0
Function #214
    Name: 288
    System name: 0
    Filename: 0
    Start line: 0
Function #215
    Name: 289
    System name: 0
    Filename: 0
    Start line: 0
Function #216
    Name: 290
    System name: 0
    Filename: 0
    Start line: 0
Function #217
    Name: 291
    System name: 0
    Filename: 0
    Start line: 0
Function #218
    Name: 292
    System name: 0
    Filename: 245
    Start line: 0
Function #219
    Name: 293
    System name: 0
    Filename: 0
    Start line: 0
Function #220
    Name: 294
    System name: 0
    Filename: 0
    Start line: 0
Function #221
    Name: 295
    System name: 0
    Filename: 0
    Start line: 0
Function #222
    Name: 296
    System name: 0
    Filename: 0
    Start line: 0
Function #223
    Name: 297
    System name: 0
    Filename: 0
    Start line: 0
Function #224
    Name: 298
    System name: 0
    Filename: 0
    Start line: 0
Function #225
    Name: 299
    System name: 0
    Filename: 0
    Start line: 0
Function #226
    Name: 300
    System name: 0
    Filename: 0
    Start line: 0
Function #227
    Name: 301
    System name: 0
    Filename: 234
    Start line: 0
Function #228
    Name: 302
    System name: 0
    Filename: 0
    Start line: 0
Function #229
    Name: 303
    System name: 0
    Filename: 0
    Start line: 0
Function #230
    Name: 304
    System name: 0
    Filename: 0
    Start line: 0
Function #231
    Name: 305
    System name: 0
    Filename: 0
    Start line: 0
Function #232
    Name: 306
    System name: 0
    Filename: 0
    Start line: 0
Function #233
    Name: 307
    System name: 0
    Filename: 0
    Start line: 0
Function #234
    Name: 308
    System name: 0
    Filename: 0
    Start line: 0
Function #235
    Name: 309
    System name: 0
    Filename: 0
    Start line: 0
Function #236
    Name: 311
    System name: 0
    Filename: 0
    Start line: 0
Function #237
    Name: 312
    System name: 0
    Filename: 0
    Start line: 0
Function #238
    Name: 313
    System name: 0
    Filename: 0
    Start line: 0
Function #239
    Name: 314
    System name: 0
    Filename: 0
    Start line: 0
Function #240
    Name: 315
    System name: 0
    Filename: 0
    Start line: 0
Function #241
    Name: 316
    System name: 0
    Filename: 0
    Start line: 0
Function #242
    Name: 317
    System name: 0
    Filename: 0
    Start line: 0
Function #243
    Name: 318
    System name: 0
    Filename: 0
    Start line: 0
Function #244
    Name: 319
    System name: 0
    Filename: 0
    Start line: 0
Function #245
    Name: 320
    System name: 0
    Filename: 0
    Start line: 0
Function #246
    Name: 321
    System name: 0
    Filename: 0
    Start line: 0
Function #247
    Name: 322
    System name: 0
    Filename: 0
    Start line: 0
Function #248
    Name: 323
    System name: 0
    Filename: 0
    Start line: 0
Function #249
    Name: 324
    System name: 0
    Filename: 0
    Start line: 0
Function #250
    Name: 325
    System name: 0
    Filename: 0
    Start line: 0
Function #251
    Name: 326
    System name: 0
    Filename: 0
    Start line: 0
Function #252
    Name: 327
    System name: 0
    Filename: 0
    Start line: 0
Function #253
    Name: 328
    System name: 0
    Filename: 0
    Start line: 0
Function #254
    Name: 329
    System name: 0
    Filename: 0
    Start line: 0
Function #255
    Name: 330
    System name: 0
    Filename: 0
    Start line: 0
Function #256
    Name: 331
    System name: 0
    Filename: 0
    Start line: 0
Function #257
    Name: 332
    System name: 0
    Filename: 0
    Start line: 0
Function #258
    Name: 333
    System name: 0
    Filename: 0
    Start line: 0
Function #259
    Name: 334
    System name: 0
    Filename: 0
    Start line: 0
Function #260
    Name: 335
    System name: 0
    Filename: 0
    Start line: 0
Function #261
    Name: 336
    System name: 0
    Filename: 0
    Start line: 0
Function #262
    Name: 337
    System name: 0
    Filename: 0
    Start line: 0
Function #263
    Name: 339
    System name: 0
    Filename: 0
    Start line: 0
Function #264
    Name: 340
    System name: 0
    Filename: 0
    Start line: 0
Function #265
    Name: 341
    System name: 0
    Filename: 0
    Start line: 0
Function #266
    Name: 342
    System name: 0
    Filename: 0
    Start line: 0
Function #267
    Name: 343
    System name: 0
    Filename: 0
    Start line: 0
Function #268
    Name: 344
    System name: 0
    Filename: 0
    Start line: 0
Function #269
    Name: 345
    System name: 0
    Filename: 0
    Start line: 0
Function #270
    Name: 346
    System name: 0
    Filename: 0
    Start line: 0
Function #271
    Name: 347
    System name: 0
    Filename: 0
    Start line: 0
Function #272
    Name: 348
    System name: 0
    Filename: 0
    Start line: 0
Function #273
    Name: 349
    System name: 0
    Filename: 0
    Start line: 0
Function #274
    Name: 350
    System name: 0
    Filename: 0
    Start line: 0
Function #275
    Name: 351
    System name: 0
    Filename: 0
    Start line: 0
Function #276
    Name: 352
    System name: 0
    Filename: 0
    Start line: 0
Function #277
    Name: 353
    System name: 0
    Filename: 0
    Start line: 0
Function #278
    Name: 354
    System name: 0
    Filename: 0
    Start line: 0
Function #279
    Name: 355
    System name: 0
    Filename: 0
    Start line: 0
Function #280
    Name: 356
    System name: 0
    Filename: 0
    Start line: 0
Function #281
    Name: 357
    System name: 0
    Filename: 0
    Start line: 0
Function #282
    Name: 358
    System name: 0
    Filename: 0
    Start line: 0
Function #283
    Name: 359
    System name: 0
    Filename: 0
    Start line: 0
Function #284
    Name: 360
    System name: 0
    Filename: 0
    Start line: 0
Function #285
    Name: 361
    System name: 0
    Filename: 0
    Start line: 0
Function #286
    Name: 362
    System name: 0
    Filename: 0
    Start line: 0
Function #287
    Name: 363
    System name: 0
    Filename: 0
    Start line: 0
Function #288
    Name: 364
    System name: 0
    Filename: 0
    Start line: 0
Function #289
    Name: 365
    System name: 0
    Filename: 0
    Start line: 0
Function #290
    Name: 366
    System name: 0
    Filename: 0
    Start line: 0
Function #291
    Name: 367
    System name: 0
    Filename: 0
    Start line: 0
Function #292
    Name: 368
    System name: 0
    Filename: 0
    Start line: 0
Function #293
    Name: 369
    System name: 0
    Filename: 0
    Start line: 0
Function #294
    Name: 370
    System name: 0
    Filename: 0
    Start line: 0
Function #295
    Name: 371
    System name: 0
    Filename: 0
    Start line: 0
Function #296
    Name: 372
    System name: 0
    Filename: 0
    Start line: 0
Function #297
    Name: 373
    System name: 0
    Filename: 0
    Start line: 0
Function #298
    Name: 374
    System name: 0
    Filename: 0
    Start line: 0
Function #299
    Name: 375
    System name: 0
    Filename: 0
    Start line: 0
Function #300
    Name: 376
    System name: 0
    Filename: 0
    Start line: 0
Function #301
    Name: 377
    System name: 0
    Filename: 0
    Start line: 0
Function #302
    Name: 378
    System name: 0
    Filename: 0
    Start line: 0
Function #303
    Name: 379
    System name: 0
    Filename: 0
    Start line: 0
Function #304
    Name: 380
    System name: 0
    Filename: 0
    Start line: 0
Function #305
    Name: 381
    System name: 0
    Filename: 0
    Start line: 0
Function #306
    Name: 382
    System name: 0
    Filename: 0
    Start line: 0
Function #307
    Name: 383
    System name: 0
    Filename: 0
    Start line: 0
Function #308
    Name: 384
    System name: 0
    Filename: 0
    Start line: 0
Function #309
    Name: 385
    System name: 0
    Filename: 0
    Start line: 0
Function #310
    Name: 386
    System name: 0
    Filename: 0
    Start line: 0
Function #311
    Name: 387
    System name: 0
    Filename: 0
    Start line: 0
Function #312
    Name: 388
    System name: 0
    Filename: 0
    Start line: 0
Function #313
    Name: 389
    System name: 0
    Filename: 0
    Start line: 0
Function #314
    Name: 390
    System name: 0
    Filename: 0
    Start line: 0
Function #315
    Name: 391
    System name: 0
    Filename: 0
    Start line: 0
Function #316
    Name: 392
    System name: 0
    Filename: 0
    Start line: 0
Function #317
    Name: 393
    System name: 0
    Filename: 0
    Start line: 0
Function #318
    Name: 394
    System name: 0
    Filename: 0
    Start line: 0
Function #319
    Name: 395
    System name: 0
    Filename: 0
    Start line: 0
Function #320
    Name: 396
    System name: 0
    Filename: 0
    Start line: 0
Function #321
    Name: 397
    System name: 0
    Filename: 0
    Start line: 0
Function #322
    Name: 398
    System name: 0
    Filename: 0
    Start line: 0
Function #323
    Name: 399
    System name: 0
    Filename: 0
    Start line: 0
Function #324
    Name: 400
    System name: 0
    Filename: 0
    Start line: 0
Function #325
    Name: 401
    System name: 0
    Filename: 0
    Start line: 0
Function #326
    Name: 402
    System name: 0
    Filename: 0
    Start line: 0
Function #327
    Name: 403
    System name: 0
    Filename: 0
    Start line: 0
Function #328
    Name: 404
    System name: 0
    Filename: 0
    Start line: 0
Function #329
    Name: 405
    System name: 0
    Filename: 0
    Start line: 0
Function #330
    Name: 406
    System name: 0
    Filename: 0
    Start line: 0
Function #331
    Name: 407
    System name: 0
    Filename: 0
    Start line: 0
Function #332
    Name: 408
    System name: 0
    Filename: 0
    Start line: 0
Function #333
    Name: 409
    System name: 0
    Filename: 0
    Start line: 0
Function #334
    Name: 410
    System name: 0
    Filename: 0
    Start line: 0
Function #335
    Name: 411
    System name: 0
    Filename: 0
    Start line: 0
Function #336
    Name: 412
    System name: 0
    Filename: 0
    Start line: 0
Attribute table:
     -> Key: Int(34)
     -> Value: Str(6)
     -> unit: Int(0)
Link table:
     -> Trace ID: Str()
     -> Span ID: Str()
String table:
    
    cpu
    nanoseconds
    samples
    count
    python3.12
    process.executable.build_id.htlhash
    profile.frame.type
    Scanner.get_token
    /usr/lib/python3/dist-packages/yaml/scanner.py
    Parser.parse_block_mapping_key
    /usr/lib/python3/dist-packages/yaml/parser.py
    Parser.parse_block_mapping_first_key
    Parser.check_event
    Composer.compose_mapping_node
    /usr/lib/python3/dist-packages/yaml/composer.py
    Composer.compose_node
    Composer.compose_sequence_node
    Composer.compose_document
    Composer.get_single_node
    BaseConstructor.get_single_data
    /usr/lib/python3/dist-packages/yaml/constructor.py
    load
    /usr/lib/python3/dist-packages/yaml/__init__.py
    safe_load
    load_benches
    /home/yunwei37/workspace/bpf-benchmark/native-sim/x86/micro-prog/generate_micro_sim_proofs.py
    main
    <module>
    <interpreter trampoline>
    <shim>
    libc.so.6
    thread.name
    thread.id
    cpu.logical_number
    libclang-cpp.so.18.1
    clang
    libLLVM.so.1
    process.executable.build_id.gnu
    libstdc++.so.6.0.35
    otelcol-ebpf-profiler
    process.executable.build_id.go
    slices.partialInsertionSortCmpFunc[go.shape.struct { Address uint64; Hints uint8; Info go.opentelemetry.io/ebpf-profiler/support.UnwindInfo }]
    /home/yunwei37/go/pkg/mod/golang.org/toolchain@v0.0.1-go1.25.0.linux-amd64/src/slices/zsortanyfunc.go
    slices.pdqsortCmpFunc[go.shape.struct { Address uint64; Hints uint8; Info go.opentelemetry.io/ebpf-profiler/support.UnwindInfo }]
    go.opentelemetry.io/ebpf-profiler/nativeunwind/stackdeltatypes.(*StackDeltaArray).Sort
    /tmp/opentelemetry-ebpf-profiler/nativeunwind/stackdeltatypes/stackdeltatypes.go
    go.opentelemetry.io/ebpf-profiler/nativeunwind/elfunwindinfo.extractFile
    /tmp/opentelemetry-ebpf-profiler/nativeunwind/elfunwindinfo/stackdeltaextraction.go
    go.opentelemetry.io/ebpf-profiler/nativeunwind/elfunwindinfo.ExtractELF
    go.opentelemetry.io/ebpf-profiler/nativeunwind/elfunwindinfo.(*ELFStackDeltaProvider).GetIntervalStructuresForFile
    /tmp/opentelemetry-ebpf-profiler/nativeunwind/elfunwindinfo/stackdeltaprovider.go
    go.opentelemetry.io/ebpf-profiler/processmanager/execinfomanager.(*ExecutableInfoManager).AddOrIncRef
    /tmp/opentelemetry-ebpf-profiler/processmanager/execinfomanager/manager.go
    go.opentelemetry.io/ebpf-profiler/processmanager.(*ProcessManager).newFrameMapping
    /tmp/opentelemetry-ebpf-profiler/processmanager/processinfo.go
    go.opentelemetry.io/ebpf-profiler/processmanager.(*ProcessManager).SynchronizeProcess.func1
    go.opentelemetry.io/ebpf-profiler/process.(*systemProcess).IterateMappings.func1
    /tmp/opentelemetry-ebpf-profiler/process/process.go
    go.opentelemetry.io/ebpf-profiler/process.iterateMappings
    go.opentelemetry.io/ebpf-profiler/process.(*systemProcess).IterateMappings
    go.opentelemetry.io/ebpf-profiler/processmanager.(*ProcessManager).SynchronizeProcess
    go.opentelemetry.io/ebpf-profiler/tracer.(*Tracer).processPIDEvents
    /tmp/opentelemetry-ebpf-profiler/tracer/events.go
    go.opentelemetry.io/ebpf-profiler/tracer.(*Tracer).StartPIDEventProcessor.gowrap1
    runtime.goexit
    /home/yunwei37/go/pkg/mod/golang.org/toolchain@v0.0.1-go1.25.0.linux-amd64/src/runtime/asm_amd64.s
    vmlinux
    __check_heap_object
    check_heap_object
    __check_object_size.part.0
    __check_object_size
    generic_map_update_batch
    bpf_map_do_batch
    __sys_bpf
    __x64_sys_bpf
    x64_sys_call
    do_syscall_64
    entry_SYSCALL_64_after_hwframe
    internal/runtime/syscall.Syscall6
    /home/yunwei37/go/pkg/mod/golang.org/toolchain@v0.0.1-go1.25.0.linux-amd64/src/internal/runtime/syscall/asm_linux_amd64.s
    syscall.RawSyscall6
    /home/yunwei37/go/pkg/mod/golang.org/toolchain@v0.0.1-go1.25.0.linux-amd64/src/syscall/syscall_linux.go
    syscall.Syscall
    <autogenerated>
    github.com/cilium/ebpf/internal/sys.BPF
    /home/yunwei37/go/pkg/mod/github.com/cilium/ebpf@v0.21.0/internal/unix/types_linux.go
    github.com/cilium/ebpf.(*Map).batchUpdate
    /home/yunwei37/go/pkg/mod/github.com/cilium/ebpf@v0.21.0/map.go
    github.com/cilium/ebpf.(*Map).BatchUpdate
    go.opentelemetry.io/ebpf-profiler/processmanager/ebpf.(*ebpfMapsImpl).UpdateExeIDToStackDeltas
    /tmp/opentelemetry-ebpf-profiler/processmanager/ebpf/ebpf.go
    go.opentelemetry.io/ebpf-profiler/processmanager/execinfomanager.(*executableInfoManagerState).loadDeltas
    mutex_unlock
    seq_read
    vfs_read
    ksys_read
    __x64_sys_read
    syscall.read
    /home/yunwei37/go/pkg/mod/golang.org/toolchain@v0.0.1-go1.25.0.linux-amd64/src/syscall/zsyscall_linux_amd64.go
    internal/poll.(*FD).Read
    /home/yunwei37/go/pkg/mod/golang.org/toolchain@v0.0.1-go1.25.0.linux-amd64/src/syscall/syscall_unix.go
    os.(*File).Read
    /home/yunwei37/go/pkg/mod/golang.org/toolchain@v0.0.1-go1.25.0.linux-amd64/src/os/file_posix.go
    bufio.(*Scanner).Scan
    /home/yunwei37/go/pkg/mod/golang.org/toolchain@v0.0.1-go1.25.0.linux-amd64/src/bufio/scan.go
    go.opentelemetry.io/ebpf-profiler/nativeunwind/elfunwindinfo.(*elfExtractor).parseFDE
    /tmp/opentelemetry-ebpf-profiler/nativeunwind/elfunwindinfo/elfehframe.go
    go.opentelemetry.io/ebpf-profiler/nativeunwind/elfunwindinfo.(*elfExtractor).walkBinSearchTable
    go.opentelemetry.io/ebpf-profiler/nativeunwind/elfunwindinfo.(*elfExtractor).parseEHFrame
    finish_task_switch.isra.0
    __schedule
    schedule
    futex_wait_queue
    __futex_wait
    futex_wait
    do_futex
    __x64_sys_futex
    runtime.futex
    /home/yunwei37/go/pkg/mod/golang.org/toolchain@v0.0.1-go1.25.0.linux-amd64/src/runtime/sys_linux_amd64.s
    runtime.futexsleep
    /home/yunwei37/go/pkg/mod/golang.org/toolchain@v0.0.1-go1.25.0.linux-amd64/src/runtime/os_linux.go
    runtime.notetsleep_internal
    /home/yunwei37/go/pkg/mod/golang.org/toolchain@v0.0.1-go1.25.0.linux-amd64/src/runtime/lock_futex.go
    runtime.notetsleep
    runtime.sysmon
    /home/yunwei37/go/pkg/mod/golang.org/toolchain@v0.0.1-go1.25.0.linux-amd64/src/runtime/proc.go
    runtime.mstart1
    runtime.mstart0
    runtime.mstart
    agentsight
    established_get_first
    established_get_next
    tcp_get_idx
    tcp_seq_start
    seq_read_iter
    proc_reg_read
    __cond_resched
    codex
    block_commit_write
    block_write_end
    ext4_da_do_write_end
    ext4_da_write_end
    generic_perform_write
    ext4_buffered_write_iter
    ext4_file_write_iter
    vfs_write
    __x64_sys_pwrite64
    inet_recvmsg
    sock_recvmsg
    __sys_recvfrom
    __x64_sys_recvfrom
    xas_load
    filemap_get_read_batch
    filemap_get_pages
    filemap_read
    generic_file_read_iter
    ext4_file_read_iter
    __x64_sys_pread64
    node
    optional
    file:///home/fishclaw/.nvm/versions/node/v22.22.0/lib/node_modules/openclaw/dist/schemas-6cH6bZ7o.js
    <anonymous>
    file:///home/fishclaw/.nvm/versions/node/v22.22.0/lib/node_modules/openclaw/dist/zod-schema.core-DAimf26A.js
    V8::InternalFrame
    V8::EntryFrame
    V8::UnknownFrame
    run
    node:internal/modules/esm/module_job
    V8::StubFrame
    V8::ExitFrame
    normalizeString
    node:path
    resolve
    relative
    createLexicalTraversalState
    file:///home/fishclaw/.nvm/versions/node/v22.22.0/lib/node_modules/openclaw/dist/root-path-BgCKz8X4.js
    resolveRootPathLexicalSync
    resolveRootPathSync
    resolveRootFilePathGeneric
    file:///home/fishclaw/.nvm/versions/node/v22.22.0/lib/node_modules/openclaw/dist/root-file-jRMCpJW4.js
    openRootFileSync
    resolvePackageEntrySource
    file:///home/fishclaw/.nvm/versions/node/v22.22.0/lib/node_modules/openclaw/dist/package-entry-resolution-zMT5Eueo.js
    resolveSafePackageEntry
    resolvePackageRuntimeEntrySource
    resolvePackageRuntimeExtensionSources
    discoverInDirectory
    file:///home/fishclaw/.nvm/versions/node/v22.22.0/lib/node_modules/openclaw/dist/discovery-BUQqFET8.js
    tracePluginLifecyclePhase.scope
    tracePluginLifecyclePhase
    listChannelCatalogEntries
    file:///home/fishclaw/.nvm/versions/node/v22.22.0/lib/node_modules/openclaw/dist/channel-catalog-registry-CoMZ7aLc.js
    listBundledChannelIdsForRoot
    file:///home/fishclaw/.nvm/versions/node/v22.22.0/lib/node_modules/openclaw/dist/bootstrap-registry-BBZtC4Up.js
    listBundledChannelIds
    listPotentialConfiguredChannelPresenceSignals
    file:///home/fishclaw/.nvm/versions/node/v22.22.0/lib/node_modules/openclaw/dist/channel-env-var-names-BB2Lxcdw.js
    listPotentialConfiguredChannelIds
    listPotentialEnabledChannelIds
    file:///home/fishclaw/.nvm/versions/node/v22.22.0/lib/node_modules/openclaw/dist/gateway-startup-plugin-ids-mVzqhEQT.js
    collectConfiguredStartupChannelIds
    collectConfigValidationChannelIds
    resolveConfigValidationMetadataPluginIds
    resolvePluginMetadataSnapshotPluginIds
    file:///home/fishclaw/.nvm/versions/node/v22.22.0/lib/node_modules/openclaw/dist/plugin-metadata-snapshot-DXKcDDxT.js
    loadPluginMetadataSnapshotImpl
    measureDiagnosticsTimelineSpanSync.phase
    measureDiagnosticsTimelineSpanSync
    loadPluginMetadataSnapshot
    resolvePluginMetadataSnapshot
    loadValidationPluginMetadataSnapshot
    file:///home/fishclaw/.nvm/versions/node/v22.22.0/lib/node_modules/openclaw/dist/io-fQmSDfK-.js
    validateConfigObjectWithPlugins
    measure
    readConfigFileSnapshotInternal
    <unknown>
    InexactOptionalCheck
    file:///home/fishclaw/.nvm/versions/node/v22.22.0/lib/node_modules/openclaw/node_modules/typebox/build/schema/engine/_exact_optional.mjs
    file:///home/fishclaw/.nvm/versions/node/v22.22.0/lib/node_modules/openclaw/node_modules/typebox/build/schema/engine/properties.mjs
    _raw_spin_unlock_irqrestore
    try_to_wake_up
    wake_up_q
    futex_wake
    defaultLoad
    node:internal/modules/esm/load
    node:internal/modules/esm/loader
    loadAndTranslate
    #createModuleJob
    #getJobFromResolveResult
    getModuleJobForImport
    processTicksAndRejections
    node:internal/process/task_queues
    realpathSync
    node:fs
    safeRealpathSync
    file:///home/fishclaw/.nvm/versions/node/v22.22.0/lib/node_modules/openclaw/dist/path-BlG8lhgR.js
    createConfigValidationMetadataPluginIdScope
    do_statx_fd
    __x64_sys_statx
    tryStatSync
    readFileSync
    getSourceSync
    V8::BuiltinExitFrame
    deserializePackageJSON
    node:internal/modules/package_json_reader
    getPackageScopeConfig
    getFileProtocolModuleFormat
    node:internal/modules/esm/get_format
    defaultGetFormatWithoutErrors
    defaultResolve
    node:internal/modules/esm/resolve
    #cachedDefaultResolve
    _link
    page_counter_try_charge
    try_charge_memcg
    charge_memcg
    __mem_cgroup_charge
    alloc_anon_folio
    do_anonymous_page
    handle_pte_fault
    __handle_mm_fault
    handle_mm_fault
    do_user_addr_fault
    exc_page_fault
    asm_exc_page_fault
    pathToFileURL
    node:internal/url
    #resolveAndMaybeBlockOnLoaderThread
    decode
    node:internal/encoding
    stringify
    node:internal/modules/helpers
    moduleStrategy
    node:internal/modules/esm/translators
    #translate
    afterLoad
    zap_present_ptes.constprop.0
    zap_pte_range
    zap_pmd_range.isra.0
    zap_pud_range.isra.0
    unmap_page_range
    unmap_single_vma
    unmap_vmas
    exit_mmap
    mmput
    exit_mm
    do_exit
    do_group_exit
    get_signal
    arch_do_signal_or_restart
    syscall_exit_to_user_mode
    get exports
    __d_lookup_rcu
    lookup_fast
    walk_component
    link_path_walk.part.0.constprop.0
    path_lookupat
    filename_lookup
    vfs_statx
    do_statx
    lstatSync
    free_pcppages_bulk
    free_frozen_page_commit
    free_unref_folios
    folios_put_refs
    free_pages_and_swap_cache
    __tlb_batch_free_encoded_pages
    tlb_flush_mmu
    __x64_sys_exit_group
    nvidia
    osDevReadReg032
    _regRead
    crashcatEngineLoadWayfinder_IMPL
    crashcatEngineGetNextCrashReport_IMPL
    kgspHealthCheck_TU102
    _kgspRpcDrainEvents
    _kgspRpcRecvPoll
    _issueRpcAndWait
    rpcRmApiControl_GSP
    rmresControl_Prologue_IMPL
    resControl_IMPL
    serverControl
    _rmapiRmControl
    rmapiControlWithSecInfo
    rmapiControl
    uvmTerminateAccessCntrBuffer_IMPL
    accesscntrDestruct_IMPL
    __nvoc_dtor_AccessCounterBuffer
    __nvoc_objDelete
    clientFreeResource_IMPL
    rmclientFreeResource_IMPL
    serverFreeResourceTreeUnderLock
    serverFreeResourceTree
    rmapiFreeWithSecInfo
    rmapiFreeWithSecInfoTls
    nvGpuOpsDestroyAccessCntrInfo
    nvUvmInterfaceDestroyAccessCntrInfo
    nvidia_uvm
    uvm_parent_gpu_deinit_access_counters
    uvm_parent_gpu_deinit_isr
    remove_gpu
    uvm_gpu_release_locked
    uvm_va_space_destroy
    uvm_release.isra.0
    uvm_release_entry.part.0.isra.0
    uvm_release_entry
    __fput
    ____fput
    task_work_run
    kgmmuClientShadowFaultBufferRegister_IMPL
    kgmmuClientShadowFaultBufferAllocate_IMPL
    faultbufCtrlCmdMmuFaultBufferRegisterNonReplayBuf_IMPL
    rmapiControlWithSecInfoTls
    nvGpuOpsInitFaultInfo
    nvUvmInterfaceInitFaultInfo
    uvm_parent_gpu_fault_buffer_init
    uvm_parent_gpu_init_isr
    uvm_gpu_retain_by_uuid
    uvm_va_space_register_gpu
    uvm_api_register_gpu
    uvm_ioctl
    uvm_unlocked_ioctl_entry.part.0
    uvm_unlocked_ioctl_entry
    __x64_sys_ioctl
    uvm_spin_loop
    wait_for_entry_with_spin
    uvm_tracker_wait_for_entry
    uvm_push_end_and_wait
    channel_pool_add
    uvm_channel_manager_create
    nvGpuOpsBindChannelResources
    nvUvmInterfaceBindChannelResources
    uvm_api_register_channel
    dma_direct_map_sg
    __dma_map_sg_attrs
    dma_map_sg_attrs
    nv_map_dma_map_scatterlist
    nv_dma_map_scatterlist.constprop.0
    nv_dma_map_alloc
    osIovaMap
    iovaspaceAcquireMapping_IMPL
    memdescMapIommu
    osCreateMemFromOsDescriptor
    osdescConstruct_IMPL
    __nvoc_objCreate_OsDescMemory
    __nvoc_objCreateDynamic
    resservResourceFactory
    _clientAllocResourceHelper
    serverAllocResourceUnderLock
    serverAllocResource
    rmapiAllocWithSecInfo
    rmapiAllocWithSecInfoTls
    _rmAllocForDeprecatedApi
    _nvos32FunctionAllocOsDesc
    RmDeprecatedVidHeapControl
    Nv04VidHeapControlWithSecInfo
    RmCreateOsDescriptor
    RmIoctl
    rm_ioctl
    nvidia_unlocked_ioctl
    next_uptodate_folio
    filemap_map_pages
    do_read_fault
    do_fault
    decay_pcp_high
    refresh_cpu_vm_stats
    vmstat_update
    process_one_work
    worker_thread
    kthread
    ret_from_fork
    ret_from_fork_asm
ResourceProfiles #0
Resource SchemaURL: https://opentelemetry.io/schemas/1.37.0
Resource attributes:
     -> process.pid: Int(1174930)
     -> process.executable.path: Str(/usr/bin/python3.12)
     -> process.executable.name: Str(python3.12)
ScopeProfiles #0
ScopeProfiles SchemaURL: https://opentelemetry.io/schemas/1.37.0
InstrumentationScope go.opentelemetry.io/ebpf-profiler v0.0.0
Profile #0
    Profile ID     : 
    Start time     : 2026-06-21 19:26:36.578598632 +0000 UTC
    DurationNano   : 5148820632
    Dropped attributes count: 0
    Sample #0
        Values: []
        Attributes:
             -> thread.name: python3
             -> thread.id: %!s(int64=1174930)
             -> cpu.logical_number: %!s(int64=3)
    Sample #1
        Values: []
        Attributes:
             -> thread.name: python3
             -> thread.id: %!s(int64=1174930)
             -> cpu.logical_number: %!s(int64=3)
    Sample #2
        Values: []
        Attributes:
             -> thread.name: python3
             -> thread.id: %!s(int64=1174930)
             -> cpu.logical_number: %!s(int64=1)
ResourceProfiles #1
Resource SchemaURL: https://opentelemetry.io/schemas/1.37.0
Resource attributes:
     -> process.pid: Int(1174938)
     -> process.executable.path: Str(/usr/lib/llvm-18/bin/clang)
     -> process.executable.name: Str(clang)
ScopeProfiles #0
ScopeProfiles SchemaURL: https://opentelemetry.io/schemas/1.37.0
InstrumentationScope go.opentelemetry.io/ebpf-profiler v0.0.0
Profile #0
    Profile ID     : 
    Start time     : 2026-06-21 19:26:36.578598632 +0000 UTC
    DurationNano   : 5148820632
    Dropped attributes count: 0
    Sample #0
        Values: []
        Attributes:
             -> thread.name: clang
             -> thread.id: %!s(int64=1174938)
             -> cpu.logical_number: %!s(int64=2)
    Sample #1
        Values: []
        Attributes:
             -> thread.name: clang
             -> thread.id: %!s(int64=1174938)
             -> cpu.logical_number: %!s(int64=2)
ResourceProfiles #2
Resource SchemaURL: https://opentelemetry.io/schemas/1.37.0
Resource attributes:
     -> process.pid: Int(1174773)
     -> process.executable.path: Str(/tmp/opentelemetry-ebpf-profiler/otelcol-ebpf-profiler)
     -> process.executable.name: Str(otelcol-ebpf-profiler)
ScopeProfiles #0
ScopeProfiles SchemaURL: https://opentelemetry.io/schemas/1.37.0
InstrumentationScope go.opentelemetry.io/ebpf-profiler v0.0.0
Profile #0
    Profile ID     : 
    Start time     : 2026-06-21 19:26:36.578598632 +0000 UTC
    DurationNano   : 5148820632
    Dropped attributes count: 0
    Sample #0
        Values: []
        Attributes:
             -> thread.name: otelcol-ebpf-pr
             -> thread.id: %!s(int64=1174823)
             -> cpu.logical_number: %!s(int64=5)
    Sample #1
        Values: []
        Attributes:
             -> thread.name: otelcol-ebpf-pr
             -> thread.id: %!s(int64=1174823)
             -> cpu.logical_number: %!s(int64=5)
    Sample #2
        Values: []
        Attributes:
             -> thread.name: otelcol-ebpf-pr
             -> thread.id: %!s(int64=1174822)
             -> cpu.logical_number: %!s(int64=7)
    Sample #3
        Values: []
        Attributes:
             -> thread.name: otelcol-ebpf-pr
             -> thread.id: %!s(int64=1174823)
             -> cpu.logical_number: %!s(int64=11)
    Sample #4
        Values: []
        Attributes:
             -> thread.name: otelcol-ebpf-pr
             -> thread.id: %!s(int64=1174823)
             -> cpu.logical_number: %!s(int64=5)
    Sample #5
        Values: []
        Attributes:
             -> thread.name: otelcol-ebpf-pr
             -> thread.id: %!s(int64=1174823)
             -> cpu.logical_number: %!s(int64=5)
    Sample #6
        Values: []
        Attributes:
             -> thread.name: otelcol-ebpf-pr
             -> thread.id: %!s(int64=1174823)
             -> cpu.logical_number: %!s(int64=5)
    Sample #7
        Values: []
        Attributes:
             -> thread.name: otelcol-ebpf-pr
             -> thread.id: %!s(int64=1174823)
             -> cpu.logical_number: %!s(int64=5)
    Sample #8
        Values: []
        Attributes:
             -> thread.name: otelcol-ebpf-pr
             -> thread.id: %!s(int64=1174774)
             -> cpu.logical_number: %!s(int64=15)
    Sample #9
        Values: []
        Attributes:
             -> thread.name: otelcol-ebpf-pr
             -> thread.id: %!s(int64=1174823)
             -> cpu.logical_number: %!s(int64=11)
ResourceProfiles #3
Resource SchemaURL: https://opentelemetry.io/schemas/1.37.0
Resource attributes:
     -> process.pid: Int(2711)
     -> process.executable.path: Str(/home/yunwei37/.cargo/bin/agentsight)
     -> process.executable.name: Str(agentsight)
ScopeProfiles #0
ScopeProfiles SchemaURL: https://opentelemetry.io/schemas/1.37.0
InstrumentationScope go.opentelemetry.io/ebpf-profiler v0.0.0
Profile #0
    Profile ID     : 
    Start time     : 2026-06-21 19:26:36.578598632 +0000 UTC
    DurationNano   : 5148820632
    Dropped attributes count: 0
    Sample #0
        Values: []
        Attributes:
             -> thread.name: agentsight
             -> thread.id: %!s(int64=2711)
             -> cpu.logical_number: %!s(int64=0)
    Sample #1
        Values: []
        Attributes:
             -> thread.name: agentsight
             -> thread.id: %!s(int64=2711)
             -> cpu.logical_number: %!s(int64=0)
    Sample #2
        Values: []
        Attributes:
             -> thread.name: agentsight
             -> thread.id: %!s(int64=2711)
             -> cpu.logical_number: %!s(int64=0)
    Sample #3
        Values: []
        Attributes:
             -> thread.name: agentsight
             -> thread.id: %!s(int64=2711)
             -> cpu.logical_number: %!s(int64=0)
    Sample #4
        Values: []
        Attributes:
             -> thread.name: agentsight
             -> thread.id: %!s(int64=2711)
             -> cpu.logical_number: %!s(int64=0)
ResourceProfiles #4
Resource SchemaURL: https://opentelemetry.io/schemas/1.37.0
Resource attributes:
     -> process.pid: Int(6917)
     -> process.executable.path: Str(/home/yunwei37/.nvm/versions/node/v22.22.0/lib/node_modules/@openai/codex/node_modules/@openai/codex-linux-x64/vendor/x86_64-unknown-linux-musl/bin/codex)
     -> process.executable.name: Str(codex)
ScopeProfiles #0
ScopeProfiles SchemaURL: https://opentelemetry.io/schemas/1.37.0
InstrumentationScope go.opentelemetry.io/ebpf-profiler v0.0.0
Profile #0
    Profile ID     : 
    Start time     : 2026-06-21 19:26:36.578598632 +0000 UTC
    DurationNano   : 5148820632
    Dropped attributes count: 0
    Sample #0
        Values: []
        Attributes:
             -> thread.name: sqlx-sqlite-wor
             -> thread.id: %!s(int64=1162300)
             -> cpu.logical_number: %!s(int64=18)
    Sample #1
        Values: []
        Attributes:
             -> thread.name: sqlx-sqlite-wor
             -> thread.id: %!s(int64=1166569)
             -> cpu.logical_number: %!s(int64=8)
    Sample #2
        Values: []
        Attributes:
             -> thread.name: sqlx-sqlite-wor
             -> thread.id: %!s(int64=1162300)
             -> cpu.logical_number: %!s(int64=19)
    Sample #3
        Values: []
        Attributes:
             -> thread.name: sqlx-sqlite-wor
             -> thread.id: %!s(int64=1166569)
             -> cpu.logical_number: %!s(int64=11)
    Sample #4
        Values: []
        Attributes:
             -> thread.name: sqlx-sqlite-wor
             -> thread.id: %!s(int64=1166569)
             -> cpu.logical_number: %!s(int64=8)
    Sample #5
        Values: []
        Attributes:
             -> thread.name: tokio-rt-worker
             -> thread.id: %!s(int64=6937)
             -> cpu.logical_number: %!s(int64=3)
    Sample #6
        Values: []
        Attributes:
             -> thread.name: sqlx-sqlite-wor
             -> thread.id: %!s(int64=1162300)
             -> cpu.logical_number: %!s(int64=19)
    Sample #7
        Values: []
        Attributes:
             -> thread.name: tokio-rt-worker
             -> thread.id: %!s(int64=6931)
             -> cpu.logical_number: %!s(int64=17)
    Sample #8
        Values: []
        Attributes:
             -> thread.name: sqlx-sqlite-wor
             -> thread.id: %!s(int64=1162300)
             -> cpu.logical_number: %!s(int64=19)
    Sample #9
        Values: []
        Attributes:
             -> thread.name: sqlx-sqlite-wor
             -> thread.id: %!s(int64=1166569)
             -> cpu.logical_number: %!s(int64=11)
ResourceProfiles #5
Resource SchemaURL: https://opentelemetry.io/schemas/1.37.0
Resource attributes:
     -> process.pid: Int(1174906)
     -> process.executable.path: Str(/home/fishclaw/.nvm/versions/node/v22.22.0/bin/node)
     -> process.executable.name: Str(node)
ScopeProfiles #0
ScopeProfiles SchemaURL: https://opentelemetry.io/schemas/1.37.0
InstrumentationScope go.opentelemetry.io/ebpf-profiler v0.0.0
Profile #0
    Profile ID     : 
    Start time     : 2026-06-21 19:26:36.578598632 +0000 UTC
    DurationNano   : 5148820632
    Dropped attributes count: 0
    Sample #0
        Values: []
        Attributes:
             -> thread.name: node
             -> thread.id: %!s(int64=1174909)
             -> cpu.logical_number: %!s(int64=17)
    Sample #1
        Values: []
        Attributes:
             -> thread.name: node
             -> thread.id: %!s(int64=1174906)
             -> cpu.logical_number: %!s(int64=2)
    Sample #2
        Values: []
        Attributes:
             -> thread.name: node
             -> thread.id: %!s(int64=1174908)
             -> cpu.logical_number: %!s(int64=10)
    Sample #3
        Values: []
        Attributes:
             -> thread.name: node
             -> thread.id: %!s(int64=1174906)
             -> cpu.logical_number: %!s(int64=2)
    Sample #4
        Values: []
        Attributes:
             -> thread.name: node
             -> thread.id: %!s(int64=1174906)
             -> cpu.logical_number: %!s(int64=2)
    Sample #5
        Values: []
        Attributes:
             -> thread.name: node
             -> thread.id: %!s(int64=1174909)
             -> cpu.logical_number: %!s(int64=18)
    Sample #6
        Values: []
        Attributes:
             -> thread.name: node
             -> thread.id: %!s(int64=1174906)
             -> cpu.logical_number: %!s(int64=2)
    Sample #7
        Values: []
        Attributes:
             -> thread.name: node
             -> thread.id: %!s(int64=1174906)
             -> cpu.logical_number: %!s(int64=2)
    Sample #8
        Values: []
        Attributes:
             -> thread.name: node
             -> thread.id: %!s(int64=1174906)
             -> cpu.logical_number: %!s(int64=2)
    Sample #9
        Values: []
        Attributes:
             -> thread.name: node
             -> thread.id: %!s(int64=1174906)
             -> cpu.logical_number: %!s(int64=2)
    Sample #10
        Values: []
        Attributes:
             -> thread.name: node
             -> thread.id: %!s(int64=1174908)
             -> cpu.logical_number: %!s(int64=9)
    Sample #11
        Values: []
        Attributes:
             -> thread.name: node
             -> thread.id: %!s(int64=1174910)
             -> cpu.logical_number: %!s(int64=22)
    Sample #12
        Values: []
        Attributes:
             -> thread.name: node
             -> thread.id: %!s(int64=1174906)
             -> cpu.logical_number: %!s(int64=2)
    Sample #13
        Values: []
        Attributes:
             -> thread.name: node
             -> thread.id: %!s(int64=1174910)
             -> cpu.logical_number: %!s(int64=22)
    Sample #14
        Values: []
        Attributes:
             -> thread.name: node
             -> thread.id: %!s(int64=1174906)
             -> cpu.logical_number: %!s(int64=2)
    Sample #15
        Values: []
        Attributes:
             -> thread.name: node
             -> thread.id: %!s(int64=1174906)
             -> cpu.logical_number: %!s(int64=2)
    Sample #16
        Values: []
        Attributes:
             -> thread.name: node
             -> thread.id: %!s(int64=1174906)
             -> cpu.logical_number: %!s(int64=2)
    Sample #17
        Values: []
        Attributes:
             -> thread.name: node
             -> thread.id: %!s(int64=1174906)
             -> cpu.logical_number: %!s(int64=2)
    Sample #18
        Values: []
        Attributes:
             -> thread.name: node
             -> thread.id: %!s(int64=1174909)
             -> cpu.logical_number: %!s(int64=18)
    Sample #19
        Values: []
        Attributes:
             -> thread.name: node
             -> thread.id: %!s(int64=1174906)
             -> cpu.logical_number: %!s(int64=2)
    Sample #20
        Values: []
        Attributes:
             -> thread.name: node
             -> thread.id: %!s(int64=1174906)
             -> cpu.logical_number: %!s(int64=2)
    Sample #21
        Values: []
        Attributes:
             -> thread.name: node
             -> thread.id: %!s(int64=1174906)
             -> cpu.logical_number: %!s(int64=13)
    Sample #22
        Values: []
        Attributes:
             -> thread.name: node
             -> thread.id: %!s(int64=1174911)
             -> cpu.logical_number: %!s(int64=14)
    Sample #23
        Values: []
        Attributes:
             -> thread.name: node
             -> thread.id: %!s(int64=1174909)
             -> cpu.logical_number: %!s(int64=18)
    Sample #24
        Values: []
        Attributes:
             -> thread.name: node
             -> thread.id: %!s(int64=1174912)
             -> cpu.logical_number: %!s(int64=18)
    Sample #25
        Values: []
        Attributes:
             -> thread.name: node
             -> thread.id: %!s(int64=1174906)
             -> cpu.logical_number: %!s(int64=2)
    Sample #26
        Values: []
        Attributes:
             -> thread.name: node
             -> thread.id: %!s(int64=1174906)
             -> cpu.logical_number: %!s(int64=2)
    Sample #27
        Values: []
        Attributes:
             -> thread.name: node
             -> thread.id: %!s(int64=1174906)
             -> cpu.logical_number: %!s(int64=2)
    Sample #28
        Values: []
        Attributes:
             -> thread.name: node
             -> thread.id: %!s(int64=1174906)
             -> cpu.logical_number: %!s(int64=2)
    Sample #29
        Values: []
        Attributes:
             -> thread.name: node
             -> thread.id: %!s(int64=1174906)
             -> cpu.logical_number: %!s(int64=2)
    Sample #30
        Values: []
        Attributes:
             -> thread.name: node
             -> thread.id: %!s(int64=1174911)
             -> cpu.logical_number: %!s(int64=14)
    Sample #31
        Values: []
        Attributes:
             -> thread.name: node
             -> thread.id: %!s(int64=1174906)
             -> cpu.logical_number: %!s(int64=2)
    Sample #32
        Values: []
        Attributes:
             -> thread.name: node
             -> thread.id: %!s(int64=1174908)
             -> cpu.logical_number: %!s(int64=10)
    Sample #33
        Values: []
        Attributes:
             -> thread.name: node
             -> thread.id: %!s(int64=1174908)
             -> cpu.logical_number: %!s(int64=10)
    Sample #34
        Values: []
        Attributes:
             -> thread.name: node
             -> thread.id: %!s(int64=1174909)
             -> cpu.logical_number: %!s(int64=18)
    Sample #35
        Values: []
        Attributes:
             -> thread.name: node
             -> thread.id: %!s(int64=1174910)
             -> cpu.logical_number: %!s(int64=22)
    Sample #36
        Values: []
        Attributes:
             -> thread.name: node
             -> thread.id: %!s(int64=1174906)
             -> cpu.logical_number: %!s(int64=2)
    Sample #37
        Values: []
        Attributes:
             -> thread.name: node
             -> thread.id: %!s(int64=1174911)
             -> cpu.logical_number: %!s(int64=14)
ResourceProfiles #6
Resource SchemaURL: https://opentelemetry.io/schemas/1.37.0
Resource attributes:
     -> process.pid: Int(1174299)
     -> process.executable.path: Str(/usr/lib/llvm-18/bin/clang)
     -> process.executable.name: Str(clang)
ScopeProfiles #0
ScopeProfiles SchemaURL: https://opentelemetry.io/schemas/1.37.0
InstrumentationScope go.opentelemetry.io/ebpf-profiler v0.0.0
Profile #0
    Profile ID     : 
    Start time     : 2026-06-21 19:26:36.578598632 +0000 UTC
    DurationNano   : 5148820632
    Dropped attributes count: 0
    Sample #0
        Values: []
        Attributes:
             -> thread.name: clang
             -> thread.id: %!s(int64=1174299)
             -> cpu.logical_number: %!s(int64=1)
    Sample #1
        Values: []
        Attributes:
             -> thread.name: clang
             -> thread.id: %!s(int64=1174299)
             -> cpu.logical_number: %!s(int64=1)
    Sample #2
        Values: []
        Attributes:
             -> thread.name: clang
             -> thread.id: %!s(int64=1174299)
             -> cpu.logical_number: %!s(int64=1)
    Sample #3
        Values: []
        Attributes:
             -> thread.name: clang
             -> thread.id: %!s(int64=1174299)
             -> cpu.logical_number: %!s(int64=1)
    Sample #4
        Values: []
        Attributes:
             -> thread.name: clang
             -> thread.id: %!s(int64=1174299)
             -> cpu.logical_number: %!s(int64=1)
    Sample #5
        Values: []
        Attributes:
             -> thread.name: clang
             -> thread.id: %!s(int64=1174299)
             -> cpu.logical_number: %!s(int64=1)
    Sample #6
        Values: []
        Attributes:
             -> thread.name: clang
             -> thread.id: %!s(int64=1174299)
             -> cpu.logical_number: %!s(int64=1)
    Sample #7
        Values: []
        Attributes:
             -> thread.name: clang
             -> thread.id: %!s(int64=1174299)
             -> cpu.logical_number: %!s(int64=1)
    Sample #8
        Values: []
        Attributes:
             -> thread.name: clang
             -> thread.id: %!s(int64=1174299)
             -> cpu.logical_number: %!s(int64=1)
    Sample #9
        Values: []
        Attributes:
             -> thread.name: clang
             -> thread.id: %!s(int64=1174299)
             -> cpu.logical_number: %!s(int64=1)
    Sample #10
        Values: []
        Attributes:
             -> thread.name: clang
             -> thread.id: %!s(int64=1174299)
             -> cpu.logical_number: %!s(int64=1)
    Sample #11
        Values: []
        Attributes:
             -> thread.name: clang
             -> thread.id: %!s(int64=1174299)
             -> cpu.logical_number: %!s(int64=1)
    Sample #12
        Values: []
        Attributes:
             -> thread.name: clang
             -> thread.id: %!s(int64=1174299)
             -> cpu.logical_number: %!s(int64=1)
    Sample #13
        Values: []
        Attributes:
             -> thread.name: clang
             -> thread.id: %!s(int64=1174299)
             -> cpu.logical_number: %!s(int64=1)
    Sample #14
        Values: []
        Attributes:
             -> thread.name: clang
             -> thread.id: %!s(int64=1174299)
             -> cpu.logical_number: %!s(int64=1)
    Sample #15
        Values: []
        Attributes:
             -> thread.name: clang
             -> thread.id: %!s(int64=1174299)
             -> cpu.logical_number: %!s(int64=1)
    Sample #16
        Values: []
        Attributes:
             -> thread.name: clang
             -> thread.id: %!s(int64=1174299)
             -> cpu.logical_number: %!s(int64=1)
    Sample #17
        Values: []
        Attributes:
             -> thread.name: clang
             -> thread.id: %!s(int64=1174299)
             -> cpu.logical_number: %!s(int64=1)
    Sample #18
        Values: []
        Attributes:
             -> thread.name: clang
             -> thread.id: %!s(int64=1174299)
             -> cpu.logical_number: %!s(int64=1)
    Sample #19
        Values: []
        Attributes:
             -> thread.name: clang
             -> thread.id: %!s(int64=1174299)
             -> cpu.logical_number: %!s(int64=1)
    Sample #20
        Values: []
        Attributes:
             -> thread.name: clang
             -> thread.id: %!s(int64=1174299)
             -> cpu.logical_number: %!s(int64=1)
    Sample #21
        Values: []
        Attributes:
             -> thread.name: clang
             -> thread.id: %!s(int64=1174299)
             -> cpu.logical_number: %!s(int64=1)
    Sample #22
        Values: []
        Attributes:
             -> thread.name: clang
             -> thread.id: %!s(int64=1174299)
             -> cpu.logical_number: %!s(int64=1)
    Sample #23
        Values: []
        Attributes:
             -> thread.name: clang
             -> thread.id: %!s(int64=1174299)
             -> cpu.logical_number: %!s(int64=1)
    Sample #24
        Values: []
        Attributes:
             -> thread.name: clang
             -> thread.id: %!s(int64=1174299)
             -> cpu.logical_number: %!s(int64=1)
    Sample #25
        Values: []
        Attributes:
             -> thread.name: clang
             -> thread.id: %!s(int64=1174299)
             -> cpu.logical_number: %!s(int64=1)
    Sample #26
        Values: []
        Attributes:
             -> thread.name: clang
             -> thread.id: %!s(int64=1174299)
             -> cpu.logical_number: %!s(int64=1)
    Sample #27
        Values: []
        Attributes:
             -> thread.name: clang
             -> thread.id: %!s(int64=1174299)
             -> cpu.logical_number: %!s(int64=1)
    Sample #28
        Values: []
        Attributes:
             -> thread.name: clang
             -> thread.id: %!s(int64=1174299)
             -> cpu.logical_number: %!s(int64=1)
    Sample #29
        Values: []
        Attributes:
             -> thread.name: clang
             -> thread.id: %!s(int64=1174299)
             -> cpu.logical_number: %!s(int64=1)
    Sample #30
        Values: []
        Attributes:
             -> thread.name: clang
             -> thread.id: %!s(int64=1174299)
             -> cpu.logical_number: %!s(int64=1)
    Sample #31
        Values: []
        Attributes:
             -> thread.name: clang
             -> thread.id: %!s(int64=1174299)
             -> cpu.logical_number: %!s(int64=1)
    Sample #32
        Values: []
        Attributes:
             -> thread.name: clang
             -> thread.id: %!s(int64=1174299)
             -> cpu.logical_number: %!s(int64=1)
    Sample #33
        Values: []
        Attributes:
             -> thread.name: clang
             -> thread.id: %!s(int64=1174299)
             -> cpu.logical_number: %!s(int64=1)
    Sample #34
        Values: []
        Attributes:
             -> thread.name: clang
             -> thread.id: %!s(int64=1174299)
             -> cpu.logical_number: %!s(int64=1)
    Sample #35
        Values: []
        Attributes:
             -> thread.name: clang
             -> thread.id: %!s(int64=1174299)
             -> cpu.logical_number: %!s(int64=1)
    Sample #36
        Values: []
        Attributes:
             -> thread.name: clang
             -> thread.id: %!s(int64=1174299)
             -> cpu.logical_number: %!s(int64=1)
    Sample #37
        Values: []
        Attributes:
             -> thread.name: clang
             -> thread.id: %!s(int64=1174299)
             -> cpu.logical_number: %!s(int64=1)
    Sample #38
        Values: []
        Attributes:
             -> thread.name: clang
             -> thread.id: %!s(int64=1174299)
             -> cpu.logical_number: %!s(int64=1)
    Sample #39
        Values: []
        Attributes:
             -> thread.name: clang
             -> thread.id: %!s(int64=1174299)
             -> cpu.logical_number: %!s(int64=1)
    Sample #40
        Values: []
        Attributes:
             -> thread.name: clang
             -> thread.id: %!s(int64=1174299)
             -> cpu.logical_number: %!s(int64=1)
    Sample #41
        Values: []
        Attributes:
             -> thread.name: clang
             -> thread.id: %!s(int64=1174299)
             -> cpu.logical_number: %!s(int64=1)
    Sample #42
        Values: []
        Attributes:
             -> thread.name: clang
             -> thread.id: %!s(int64=1174299)
             -> cpu.logical_number: %!s(int64=1)
    Sample #43
        Values: []
        Attributes:
             -> thread.name: clang
             -> thread.id: %!s(int64=1174299)
             -> cpu.logical_number: %!s(int64=1)
    Sample #44
        Values: []
        Attributes:
             -> thread.name: clang
             -> thread.id: %!s(int64=1174299)
             -> cpu.logical_number: %!s(int64=1)
    Sample #45
        Values: []
        Attributes:
             -> thread.name: clang
             -> thread.id: %!s(int64=1174299)
             -> cpu.logical_number: %!s(int64=1)
    Sample #46
        Values: []
        Attributes:
             -> thread.name: clang
             -> thread.id: %!s(int64=1174299)
             -> cpu.logical_number: %!s(int64=1)
    Sample #47
        Values: []
        Attributes:
             -> thread.name: clang
             -> thread.id: %!s(int64=1174299)
             -> cpu.logical_number: %!s(int64=1)
    Sample #48
        Values: []
        Attributes:
             -> thread.name: clang
             -> thread.id: %!s(int64=1174299)
             -> cpu.logical_number: %!s(int64=1)
    Sample #49
        Values: []
        Attributes:
             -> thread.name: clang
             -> thread.id: %!s(int64=1174299)
             -> cpu.logical_number: %!s(int64=1)
    Sample #50
        Values: []
        Attributes:
             -> thread.name: clang
             -> thread.id: %!s(int64=1174299)
             -> cpu.logical_number: %!s(int64=1)
    Sample #51
        Values: []
        Attributes:
             -> thread.name: clang
             -> thread.id: %!s(int64=1174299)
             -> cpu.logical_number: %!s(int64=1)
    Sample #52
        Values: []
        Attributes:
             -> thread.name: clang
             -> thread.id: %!s(int64=1174299)
             -> cpu.logical_number: %!s(int64=1)
    Sample #53
        Values: []
        Attributes:
             -> thread.name: clang
             -> thread.id: %!s(int64=1174299)
             -> cpu.logical_number: %!s(int64=1)
    Sample #54
        Values: []
        Attributes:
             -> thread.name: clang
             -> thread.id: %!s(int64=1174299)
             -> cpu.logical_number: %!s(int64=1)
    Sample #55
        Values: []
        Attributes:
             -> thread.name: clang
             -> thread.id: %!s(int64=1174299)
             -> cpu.logical_number: %!s(int64=1)
    Sample #56
        Values: []
        Attributes:
             -> thread.name: clang
             -> thread.id: %!s(int64=1174299)
             -> cpu.logical_number: %!s(int64=1)
    Sample #57
        Values: []
        Attributes:
             -> thread.name: clang
             -> thread.id: %!s(int64=1174299)
             -> cpu.logical_number: %!s(int64=1)
    Sample #58
        Values: []
        Attributes:
             -> thread.name: clang
             -> thread.id: %!s(int64=1174299)
             -> cpu.logical_number: %!s(int64=1)
    Sample #59
        Values: []
        Attributes:
             -> thread.name: clang
             -> thread.id: %!s(int64=1174299)
             -> cpu.logical_number: %!s(int64=1)
    Sample #60
        Values: []
        Attributes:
             -> thread.name: clang
             -> thread.id: %!s(int64=1174299)
             -> cpu.logical_number: %!s(int64=1)
    Sample #61
        Values: []
        Attributes:
             -> thread.name: clang
             -> thread.id: %!s(int64=1174299)
             -> cpu.logical_number: %!s(int64=1)
    Sample #62
        Values: []
        Attributes:
             -> thread.name: clang
             -> thread.id: %!s(int64=1174299)
             -> cpu.logical_number: %!s(int64=1)
    Sample #63
        Values: []
        Attributes:
             -> thread.name: clang
             -> thread.id: %!s(int64=1174299)
             -> cpu.logical_number: %!s(int64=1)
    Sample #64
        Values: []
        Attributes:
             -> thread.name: clang
             -> thread.id: %!s(int64=1174299)
             -> cpu.logical_number: %!s(int64=1)
    Sample #65
        Values: []
        Attributes:
             -> thread.name: clang
             -> thread.id: %!s(int64=1174299)
             -> cpu.logical_number: %!s(int64=1)
    Sample #66
        Values: []
        Attributes:
             -> thread.name: clang
             -> thread.id: %!s(int64=1174299)
             -> cpu.logical_number: %!s(int64=1)
    Sample #67
        Values: []
        Attributes:
             -> thread.name: clang
             -> thread.id: %!s(int64=1174299)
             -> cpu.logical_number: %!s(int64=1)
    Sample #68
        Values: []
        Attributes:
             -> thread.name: clang
             -> thread.id: %!s(int64=1174299)
             -> cpu.logical_number: %!s(int64=1)
    Sample #69
        Values: []
        Attributes:
             -> thread.name: clang
             -> thread.id: %!s(int64=1174299)
             -> cpu.logical_number: %!s(int64=1)
    Sample #70
        Values: []
        Attributes:
             -> thread.name: clang
             -> thread.id: %!s(int64=1174299)
             -> cpu.logical_number: %!s(int64=1)
    Sample #71
        Values: []
        Attributes:
             -> thread.name: clang
             -> thread.id: %!s(int64=1174299)
             -> cpu.logical_number: %!s(int64=1)
    Sample #72
        Values: []
        Attributes:
             -> thread.name: clang
             -> thread.id: %!s(int64=1174299)
             -> cpu.logical_number: %!s(int64=1)
    Sample #73
        Values: []
        Attributes:
             -> thread.name: clang
             -> thread.id: %!s(int64=1174299)
             -> cpu.logical_number: %!s(int64=1)
    Sample #74
        Values: []
        Attributes:
             -> thread.name: clang
             -> thread.id: %!s(int64=1174299)
             -> cpu.logical_number: %!s(int64=1)
    Sample #75
        Values: []
        Attributes:
             -> thread.name: clang
             -> thread.id: %!s(int64=1174299)
             -> cpu.logical_number: %!s(int64=1)
    Sample #76
        Values: []
        Attributes:
             -> thread.name: clang
             -> thread.id: %!s(int64=1174299)
             -> cpu.logical_number: %!s(int64=1)
    Sample #77
        Values: []
        Attributes:
             -> thread.name: clang
             -> thread.id: %!s(int64=1174299)
             -> cpu.logical_number: %!s(int64=1)
    Sample #78
        Values: []
        Attributes:
             -> thread.name: clang
             -> thread.id: %!s(int64=1174299)
             -> cpu.logical_number: %!s(int64=1)
    Sample #79
        Values: []
        Attributes:
             -> thread.name: clang
             -> thread.id: %!s(int64=1174299)
             -> cpu.logical_number: %!s(int64=1)
    Sample #80
        Values: []
        Attributes:
             -> thread.name: clang
             -> thread.id: %!s(int64=1174299)
             -> cpu.logical_number: %!s(int64=1)
    Sample #81
        Values: []
        Attributes:
             -> thread.name: clang
             -> thread.id: %!s(int64=1174299)
             -> cpu.logical_number: %!s(int64=1)
    Sample #82
        Values: []
        Attributes:
             -> thread.name: clang
             -> thread.id: %!s(int64=1174299)
             -> cpu.logical_number: %!s(int64=1)
    Sample #83
        Values: []
        Attributes:
             -> thread.name: clang
             -> thread.id: %!s(int64=1174299)
             -> cpu.logical_number: %!s(int64=1)
    Sample #84
        Values: []
        Attributes:
             -> thread.name: clang
             -> thread.id: %!s(int64=1174299)
             -> cpu.logical_number: %!s(int64=1)
    Sample #85
        Values: []
        Attributes:
             -> thread.name: clang
             -> thread.id: %!s(int64=1174299)
             -> cpu.logical_number: %!s(int64=1)
    Sample #86
        Values: []
        Attributes:
             -> thread.name: clang
             -> thread.id: %!s(int64=1174299)
             -> cpu.logical_number: %!s(int64=1)
    Sample #87
        Values: []
        Attributes:
             -> thread.name: clang
             -> thread.id: %!s(int64=1174299)
             -> cpu.logical_number: %!s(int64=1)
    Sample #88
        Values: []
        Attributes:
             -> thread.name: clang
             -> thread.id: %!s(int64=1174299)
             -> cpu.logical_number: %!s(int64=1)
    Sample #89
        Values: []
        Attributes:
             -> thread.name: clang
             -> thread.id: %!s(int64=1174299)
             -> cpu.logical_number: %!s(int64=1)
    Sample #90
        Values: []
        Attributes:
             -> thread.name: clang
             -> thread.id: %!s(int64=1174299)
             -> cpu.logical_number: %!s(int64=1)
    Sample #91
        Values: []
        Attributes:
             -> thread.name: clang
             -> thread.id: %!s(int64=1174299)
             -> cpu.logical_number: %!s(int64=1)
ResourceProfiles #7
Resource SchemaURL: https://opentelemetry.io/schemas/1.37.0
Resource attributes:
     -> process.pid: Int(1174864)
     -> process.executable.path: Str(/home/yunwei37/workspace/gpu/bpftime/example/otel-ebpf-profiler/victim)
     -> process.executable.name: Str(victim)
ScopeProfiles #0
ScopeProfiles SchemaURL: https://opentelemetry.io/schemas/1.37.0
InstrumentationScope go.opentelemetry.io/ebpf-profiler v0.0.0
Profile #0
    Profile ID     : 
    Start time     : 2026-06-21 19:26:36.578598632 +0000 UTC
    DurationNano   : 5148820632
    Dropped attributes count: 0
    Sample #0
        Values: []
        Attributes:
             -> thread.name: cuda00001c00008
             -> thread.id: %!s(int64=1174866)
             -> cpu.logical_number: %!s(int64=21)
    Sample #1
        Values: []
        Attributes:
             -> thread.name: victim
             -> thread.id: %!s(int64=1174864)
             -> cpu.logical_number: %!s(int64=2)
    Sample #2
        Values: []
        Attributes:
             -> thread.name: victim
             -> thread.id: %!s(int64=1174864)
             -> cpu.logical_number: %!s(int64=2)
    Sample #3
        Values: []
        Attributes:
             -> thread.name: victim
             -> thread.id: %!s(int64=1174864)
             -> cpu.logical_number: %!s(int64=2)
    Sample #4
        Values: []
        Attributes:
             -> thread.name: victim
             -> thread.id: %!s(int64=1174864)
             -> cpu.logical_number: %!s(int64=2)
    Sample #5
        Values: []
        Attributes:
             -> thread.name: victim
             -> thread.id: %!s(int64=1174864)
             -> cpu.logical_number: %!s(int64=2)
    Sample #6
        Values: []
        Attributes:
             -> thread.name: victim
             -> thread.id: %!s(int64=1174864)
             -> cpu.logical_number: %!s(int64=2)
    Sample #7
        Values: []
        Attributes:
             -> thread.name: cuda00001c00008
             -> thread.id: %!s(int64=1174866)
             -> cpu.logical_number: %!s(int64=21)
ResourceProfiles #8
Resource SchemaURL: https://opentelemetry.io/schemas/1.37.0
Resource attributes:
     -> process.pid: Int(998269)
ScopeProfiles #0
ScopeProfiles SchemaURL: https://opentelemetry.io/schemas/1.37.0
InstrumentationScope go.opentelemetry.io/ebpf-profiler v0.0.0
Profile #0
    Profile ID     : 
    Start time     : 2026-06-21 19:26:36.578598632 +0000 UTC
    DurationNano   : 5148820632
    Dropped attributes count: 0
    Sample #0
        Values: []
        Attributes:
             -> thread.name: kworker/6:0
             -> thread.id: %!s(int64=998269)
             -> cpu.logical_number: %!s(int64=6)
	{"resource": {"service.instance.id": "54b697f9-9a22-423b-b64f-a8fb73d1fcb3", "service.name": "otelcol-ebpf-profiler", "service.version": "dev"}, "otelcol.component.id": "debug", "otelcol.component.kind": "exporter", "otelcol.signal": "profiles"}
2026-06-21T12:26:43.280-0700	info	otelcol@v0.154.0/collector.go:391	Received signal from OS	{"resource": {"service.instance.id": "54b697f9-9a22-423b-b64f-a8fb73d1fcb3", "service.name": "otelcol-ebpf-profiler", "service.version": "dev"}, "signal": "terminated"}
2026-06-21T12:26:43.280-0700	info	service@v0.154.0/service.go:278	Starting shutdown...	{"resource": {"service.instance.id": "54b697f9-9a22-423b-b64f-a8fb73d1fcb3", "service.name": "otelcol-ebpf-profiler", "service.version": "dev"}}
2026-06-21T12:26:43.280-0700	info	Stop processing ...	{"resource": {"service.instance.id": "54b697f9-9a22-423b-b64f-a8fb73d1fcb3", "service.name": "otelcol-ebpf-profiler", "service.version": "dev"}, "otelcol.component.id": "profiling", "otelcol.component.kind": "receiver", "otelcol.signal": "profiles"}
2026-06-21T12:26:43.537-0700	info	extensions/extensions.go:69	Stopping extensions...	{"resource": {"service.instance.id": "54b697f9-9a22-423b-b64f-a8fb73d1fcb3", "service.name": "otelcol-ebpf-profiler", "service.version": "dev"}}
2026-06-21T12:26:43.538-0700	info	service@v0.154.0/service.go:292	Shutdown complete.	{"resource": {"service.instance.id": "54b697f9-9a22-423b-b64f-a8fb73d1fcb3", "service.name": "otelcol-ebpf-profiler", "service.version": "dev"}}
