2026-06-21T12:26:51.423-0700	info	otelconftelemetry/tracer.go:47	Internal trace telemetry disabled	{"resource": {"service.instance.id": "903ac269-c08f-48bc-97a3-93b738914f23", "service.name": "otelcol-ebpf-profiler", "service.version": "dev"}}
2026-06-21T12:26:51.424-0700	info	builders/builders.go:28	Development component. May change in the future.	{"resource": {"service.instance.id": "903ac269-c08f-48bc-97a3-93b738914f23", "service.name": "otelcol-ebpf-profiler", "service.version": "dev"}, "otelcol.component.id": "profiling", "otelcol.component.kind": "receiver", "otelcol.signal": "profiles"}
2026-06-21T12:26:51.426-0700	info	service@v0.154.0/service.go:241	Starting otelcol-ebpf-profiler...	{"resource": {"service.instance.id": "903ac269-c08f-48bc-97a3-93b738914f23", "service.name": "otelcol-ebpf-profiler", "service.version": "dev"}, "Version": "dev", "NumCPU": 24}
2026-06-21T12:26:51.426-0700	info	extensions/extensions.go:41	Starting extensions...	{"resource": {"service.instance.id": "903ac269-c08f-48bc-97a3-93b738914f23", "service.name": "otelcol-ebpf-profiler", "service.version": "dev"}}
2026-06-21T12:26:51.426-0700	info	Interpreter tracers: perl,php,python,hotspot,ruby,v8,dotnet,luajit,go,labels,beam	{"resource": {"service.instance.id": "903ac269-c08f-48bc-97a3-93b738914f23", "service.name": "otelcol-ebpf-profiler", "service.version": "dev"}, "otelcol.component.id": "profiling", "otelcol.component.kind": "receiver", "otelcol.signal": "profiles"}
2026-06-21T12:26:51.651-0700	info	Found offsets: task stack 0x20, pt_regs 0x3f48, tpbase 0x25a8	{"resource": {"service.instance.id": "903ac269-c08f-48bc-97a3-93b738914f23", "service.name": "otelcol-ebpf-profiler", "service.version": "dev"}, "otelcol.component.id": "profiling", "otelcol.component.kind": "receiver", "otelcol.signal": "profiles"}
2026-06-21T12:26:51.666-0700	info	Skip pinning eBPF map to share OTel span/trace IDs	{"resource": {"service.instance.id": "903ac269-c08f-48bc-97a3-93b738914f23", "service.name": "otelcol-ebpf-profiler", "service.version": "dev"}, "otelcol.component.id": "profiling", "otelcol.component.kind": "receiver", "otelcol.signal": "profiles"}
2026-06-21T12:26:52.476-0700	info	Supports LPM trie eBPF map batch operations	{"resource": {"service.instance.id": "903ac269-c08f-48bc-97a3-93b738914f23", "service.name": "otelcol-ebpf-profiler", "service.version": "dev"}, "otelcol.component.id": "profiling", "otelcol.component.kind": "receiver", "otelcol.signal": "profiles"}
2026-06-21T12:26:52.476-0700	info	eBPF tracer loaded	{"resource": {"service.instance.id": "903ac269-c08f-48bc-97a3-93b738914f23", "service.name": "otelcol-ebpf-profiler", "service.version": "dev"}, "otelcol.component.id": "profiling", "otelcol.component.kind": "receiver", "otelcol.signal": "profiles"}
2026-06-21T12:26:52.478-0700	info	Attached tracer program	{"resource": {"service.instance.id": "903ac269-c08f-48bc-97a3-93b738914f23", "service.name": "otelcol-ebpf-profiler", "service.version": "dev"}, "otelcol.component.id": "profiling", "otelcol.component.kind": "receiver", "otelcol.signal": "profiles"}
2026-06-21T12:26:52.486-0700	info	Attached probes	{"resource": {"service.instance.id": "903ac269-c08f-48bc-97a3-93b738914f23", "service.name": "otelcol-ebpf-profiler", "service.version": "dev"}, "otelcol.component.id": "profiling", "otelcol.component.kind": "receiver", "otelcol.signal": "profiles"}
2026-06-21T12:26:52.488-0700	info	Attached sched monitor	{"resource": {"service.instance.id": "903ac269-c08f-48bc-97a3-93b738914f23", "service.name": "otelcol-ebpf-profiler", "service.version": "dev"}, "otelcol.component.id": "profiling", "otelcol.component.kind": "receiver", "otelcol.signal": "profiles"}
2026-06-21T12:26:52.500-0700	info	service@v0.154.0/service.go:264	Everything is ready. Begin running and processing data.	{"resource": {"service.instance.id": "903ac269-c08f-48bc-97a3-93b738914f23", "service.name": "otelcol-ebpf-profiler", "service.version": "dev"}}
2026-06-21T12:26:56.428-0700	info	Profiles	{"resource": {"service.instance.id": "903ac269-c08f-48bc-97a3-93b738914f23", "service.name": "otelcol-ebpf-profiler", "service.version": "dev"}, "otelcol.component.id": "debug", "otelcol.component.kind": "exporter", "otelcol.signal": "profiles", "resource profiles": 16, "sample records": 115}
2026-06-21T12:26:56.428-0700	info	Mapping #0
    Memory start: 0
    Memory limit: 0
    File offset: 0
    File name: 0
    Attributes: []
Mapping #1
    Memory start: 4325376
    Memory limit: 7352320
    File offset: 131072
    File name: 5
    Attributes: [1]
Mapping #2
    Memory start: 163840
    Memory limit: 1769472
    File offset: 163840
    File name: 8
    Attributes: [4]
Mapping #3
    Memory start: 0
    Memory limit: 61755392
    File offset: 0
    File name: 12
    Attributes: [8]
Mapping #4
    Memory start: 0
    Memory limit: 135168
    File offset: 0
    File name: 13
    Attributes: [9]
Mapping #5
    Memory start: 0
    Memory limit: 117968896
    File offset: 0
    File name: 14
    Attributes: [10 11]
Mapping #6
    Memory start: 14893056
    Memory limit: 53129216
    File offset: 10698752
    File name: 16
    Attributes: [17 18]
Mapping #7
    Memory start: 0
    Memory limit: 0
    File offset: 0
    File name: 62
    Attributes: [30 31]
Mapping #8
    Memory start: 7925760
    Memory limit: 214024192
    File offset: 7925760
    File name: 169
    Attributes: [37]
Mapping #9
    Memory start: 14532608
    Memory limit: 21663744
    File offset: 14528512
    File name: 186
    Attributes: [45 46]
Mapping #10
    Memory start: 4194304
    Memory limit: 19996672
    File offset: 0
    File name: 197
    Attributes: [51 52]
Mapping #11
    Memory start: 667648
    Memory limit: 2093056
    File offset: 667648
    File name: 305
    Attributes: [70]
Location #0
    Mapping index: 0
    Address: 0
    Attributes: []
Location #1
    Mapping index: 1
    Address: 6407040
    Attributes: [2]
Location #2
    Mapping index: 1
    Address: 5864556
    Attributes: [2]
Location #3
    Mapping index: 1
    Address: 5641872
    Attributes: [2]
Location #4
    Mapping index: 0
    Address: 0
    Attributes: [3]
Location #5
    Mapping index: 1
    Address: 6138920
    Attributes: [2]
Location #6
    Mapping index: 1
    Address: 6117562
    Attributes: [2]
Location #7
    Mapping index: 1
    Address: 6327121
    Attributes: [2]
Location #8
    Mapping index: 1
    Address: 7033442
    Attributes: [2]
Location #9
    Mapping index: 1
    Address: 7032777
    Attributes: [2]
Location #10
    Mapping index: 1
    Address: 7032318
    Attributes: [2]
Location #11
    Mapping index: 1
    Address: 7065188
    Attributes: [2]
Location #12
    Mapping index: 1
    Address: 7063884
    Attributes: [2]
Location #13
    Mapping index: 2
    Address: 172489
    Attributes: [2]
Location #14
    Mapping index: 2
    Address: 172682
    Attributes: [2]
Location #15
    Mapping index: 1
    Address: 6650628
    Attributes: [2]
Location #16
    Mapping index: 1
    Address: 6161310
    Attributes: [2]
Location #17
    Mapping index: 1
    Address: 5786494
    Attributes: [2]
Location #18
    Mapping index: 1
    Address: 6158998
    Attributes: [2]
Location #19
    Mapping index: 3
    Address: 10894493
    Attributes: [2]
Location #20
    Mapping index: 3
    Address: 10635363
    Attributes: [2]
Location #21
    Mapping index: 3
    Address: 10635862
    Attributes: [2]
Location #22
    Mapping index: 3
    Address: 10662480
    Attributes: [2]
Location #23
    Mapping index: 3
    Address: 27279620
    Attributes: [2]
Location #24
    Mapping index: 3
    Address: 24165991
    Attributes: [2]
Location #25
    Mapping index: 3
    Address: 24162369
    Attributes: [2]
Location #26
    Mapping index: 3
    Address: 24051792
    Attributes: [2]
Location #27
    Mapping index: 3
    Address: 24181660
    Attributes: [2]
Location #28
    Mapping index: 3
    Address: 23974377
    Attributes: [2]
Location #29
    Mapping index: 3
    Address: 12451436
    Attributes: [2]
Location #30
    Mapping index: 3
    Address: 12446923
    Attributes: [2]
Location #31
    Mapping index: 3
    Address: 12446449
    Attributes: [2]
Location #32
    Mapping index: 3
    Address: 12849720
    Attributes: [2]
Location #33
    Mapping index: 3
    Address: 12842096
    Attributes: [2]
Location #34
    Mapping index: 3
    Address: 12840443
    Attributes: [2]
Location #35
    Mapping index: 3
    Address: 12852079
    Attributes: [2]
Location #36
    Mapping index: 3
    Address: 12845362
    Attributes: [2]
Location #37
    Mapping index: 3
    Address: 12876449
    Attributes: [2]
Location #38
    Mapping index: 3
    Address: 12845390
    Attributes: [2]
Location #39
    Mapping index: 3
    Address: 12857791
    Attributes: [2]
Location #40
    Mapping index: 3
    Address: 12843974
    Attributes: [2]
Location #41
    Mapping index: 3
    Address: 12859166
    Attributes: [2]
Location #42
    Mapping index: 3
    Address: 12846634
    Attributes: [2]
Location #43
    Mapping index: 3
    Address: 12855151
    Attributes: [2]
Location #44
    Mapping index: 3
    Address: 12846621
    Attributes: [2]
Location #45
    Mapping index: 3
    Address: 12849071
    Attributes: [2]
Location #46
    Mapping index: 3
    Address: 12842514
    Attributes: [2]
Location #47
    Mapping index: 3
    Address: 12880758
    Attributes: [2]
Location #48
    Mapping index: 3
    Address: 12992710
    Attributes: [2]
Location #49
    Mapping index: 3
    Address: 12243616
    Attributes: [2]
Location #50
    Mapping index: 3
    Address: 12988542
    Attributes: [2]
Location #51
    Mapping index: 3
    Address: 12986936
    Attributes: [2]
Location #52
    Mapping index: 3
    Address: 12983396
    Attributes: [2]
Location #53
    Mapping index: 3
    Address: 12975994
    Attributes: [2]
Location #54
    Mapping index: 3
    Address: 12153981
    Attributes: [2]
Location #55
    Mapping index: 3
    Address: 44066347
    Attributes: [2]
Location #56
    Mapping index: 3
    Address: 43528371
    Attributes: [2]
Location #57
    Mapping index: 3
    Address: 44574268
    Attributes: [2]
Location #58
    Mapping index: 4
    Address: 82989
    Attributes: [2]
Location #59
    Mapping index: 4
    Address: 71827
    Attributes: [2]
Location #60
    Mapping index: 3
    Address: 40057201
    Attributes: [2]
Location #61
    Mapping index: 5
    Address: 13565814
    Attributes: [2]
Location #62
    Mapping index: 3
    Address: 40055350
    Attributes: [2]
Location #63
    Mapping index: 3
    Address: 39826711
    Attributes: [2]
Location #64
    Mapping index: 3
    Address: 39827326
    Attributes: [2]
Location #65
    Mapping index: 3
    Address: 39943199
    Attributes: [2]
Location #66
    Mapping index: 4
    Address: 70123
    Attributes: [2]
Location #67
    Mapping index: 4
    Address: 123778
    Attributes: [2]
Location #68
    Mapping index: 4
    Address: 57940
    Attributes: [2]
Location #69
    Mapping index: 3
    Address: 29382241
    Attributes: [2]
Location #70
    Mapping index: 3
    Address: 29326330
    Attributes: [2]
Location #71
    Mapping index: 3
    Address: 29363227
    Attributes: [2]
Location #72
    Mapping index: 3
    Address: 24094253
    Attributes: [2]
Location #73
    Mapping index: 3
    Address: 12482151
    Attributes: [2]
Location #74
    Mapping index: 3
    Address: 12473371
    Attributes: [2]
Location #75
    Mapping index: 3
    Address: 12449405
    Attributes: [2]
Location #76
    Mapping index: 3
    Address: 12855966
    Attributes: [2]
Location #77
    Mapping index: 3
    Address: 10881211
    Attributes: [2]
Location #78
    Mapping index: 3
    Address: 10881659
    Attributes: [2]
Location #79
    Mapping index: 3
    Address: 10662868
    Attributes: [2]
Location #80
    Mapping index: 3
    Address: 21634453
    Attributes: [2]
Location #81
    Mapping index: 3
    Address: 24051962
    Attributes: [2]
Location #82
    Mapping index: 3
    Address: 24116980
    Attributes: [2]
Location #83
    Mapping index: 3
    Address: 25855075
    Attributes: [2]
Location #84
    Mapping index: 3
    Address: 25887600
    Attributes: [2]
Location #85
    Mapping index: 3
    Address: 24074150
    Attributes: [2]
Location #86
    Mapping index: 3
    Address: 24068700
    Attributes: [2]
Location #87
    Mapping index: 3
    Address: 24081024
    Attributes: [2]
Location #88
    Mapping index: 3
    Address: 23969978
    Attributes: [2]
Location #89
    Mapping index: 3
    Address: 24076448
    Attributes: [2]
Location #90
    Mapping index: 3
    Address: 12458814
    Attributes: [2]
Location #91
    Mapping index: 3
    Address: 12472775
    Attributes: [2]
Location #92
    Mapping index: 3
    Address: 12446755
    Attributes: [2]
Location #93
    Mapping index: 3
    Address: 12251385
    Attributes: [2]
Location #94
    Mapping index: 3
    Address: 12240145
    Attributes: [2]
Location #95
    Mapping index: 3
    Address: 12237396
    Attributes: [2]
Location #96
    Mapping index: 3
    Address: 12236187
    Attributes: [2]
Location #97
    Mapping index: 3
    Address: 12843229
    Attributes: [2]
Location #98
    Mapping index: 3
    Address: 23952639
    Attributes: [2]
Location #99
    Mapping index: 3
    Address: 23959502
    Attributes: [2]
Location #100
    Mapping index: 3
    Address: 23974910
    Attributes: [2]
Location #101
    Mapping index: 3
    Address: 24157208
    Attributes: [2]
Location #102
    Mapping index: 3
    Address: 24146825
    Attributes: [2]
Location #103
    Mapping index: 3
    Address: 24050377
    Attributes: [2]
Location #104
    Mapping index: 3
    Address: 12450925
    Attributes: [2]
Location #105
    Mapping index: 3
    Address: 12479832
    Attributes: [2]
Location #106
    Mapping index: 3
    Address: 12497486
    Attributes: [2]
Location #107
    Mapping index: 3
    Address: 12479026
    Attributes: [2]
Location #108
    Mapping index: 3
    Address: 12453172
    Attributes: [2]
Location #109
    Mapping index: 3
    Address: 12482091
    Attributes: [2]
Location #110
    Mapping index: 3
    Address: 18163375
    Attributes: [2]
Location #111
    Mapping index: 3
    Address: 21414774
    Attributes: [2]
Location #112
    Mapping index: 3
    Address: 24095034
    Attributes: [2]
Location #113
    Mapping index: 3
    Address: 20651368
    Attributes: [2]
Location #114
    Mapping index: 3
    Address: 12840576
    Attributes: [2]
Location #115
    Mapping index: 3
    Address: 10635135
    Attributes: [2]
Location #116
    Mapping index: 3
    Address: 10635383
    Attributes: [2]
Location #117
    Mapping index: 3
    Address: 21432185
    Attributes: [2]
Location #118
    Mapping index: 3
    Address: 21420344
    Attributes: [2]
Location #119
    Mapping index: 3
    Address: 26051101
    Attributes: [2]
Location #120
    Mapping index: 3
    Address: 22435987
    Attributes: [2]
Location #121
    Mapping index: 3
    Address: 12997652
    Attributes: [2]
Location #122
    Mapping index: 3
    Address: 12841560
    Attributes: [2]
Location #123
    Mapping index: 3
    Address: 25824293
    Attributes: [2]
Location #124
    Mapping index: 3
    Address: 22627347
    Attributes: [2]
Location #125
    Mapping index: 3
    Address: 12251062
    Attributes: [2]
Location #126
    Mapping index: 6
    Address: 19249497
    Attributes: [2]
Location #127
    Mapping index: 6
    Address: 24905999
    Attributes: [2]
Location #128
    Mapping index: 6
    Address: 24906826
    Attributes: [2]
Location #129
    Mapping index: 6
    Address: 24590333
    Attributes: [2]
Location #130
    Mapping index: 6
    Address: 24765676
    Attributes: [2]
Location #131
    Mapping index: 6
    Address: 24787094
    Attributes: [2]
Location #132
    Mapping index: 6
    Address: 19705047
    Attributes: [2]
Location #133
    Mapping index: 6
    Address: 19706189
    Attributes: [2]
Location #134
    Mapping index: 6
    Address: 19706926
    Attributes: [2]
Location #135
    Mapping index: 6
    Address: 19711212
    Attributes: [2]
Location #136
    Mapping index: 6
    Address: 18997854
    Attributes: [2]
Location #137
    Mapping index: 6
    Address: 18999310
    Attributes: [2]
Location #138
    Mapping index: 6
    Address: 15962226
    Attributes: [2]
Location #139
    Mapping index: 6
    Address: 15978729
    Attributes: [2]
Location #140
    Mapping index: 6
    Address: 19316633
    Attributes: [2]
Location #141
    Mapping index: 6
    Address: 19317481
    Attributes: [2]
Location #142
    Mapping index: 0
    Address: 0
    Line #0
        Function index: 1
        Line: 0
        Column: 0
    Attributes: [19]
Location #143
    Mapping index: 0
    Address: 0
    Line #0
        Function index: 2
        Line: 0
        Column: 0
    Attributes: [19]
Location #144
    Mapping index: 0
    Address: 0
    Line #0
        Function index: 3
        Line: 0
        Column: 0
    Attributes: [19]
Location #145
    Mapping index: 0
    Address: 0
    Line #0
        Function index: 4
        Line: 0
        Column: 0
    Attributes: [19]
Location #146
    Mapping index: 0
    Address: 0
    Line #0
        Function index: 5
        Line: 0
        Column: 0
    Attributes: [19]
Location #147
    Mapping index: 0
    Address: 0
    Line #0
        Function index: 6
        Line: 0
        Column: 0
    Attributes: [19]
Location #148
    Mapping index: 0
    Address: 0
    Line #0
        Function index: 7
        Line: 0
        Column: 0
    Attributes: [19]
Location #149
    Mapping index: 0
    Address: 0
    Line #0
        Function index: 8
        Line: 0
        Column: 0
    Attributes: [19]
Location #150
    Mapping index: 0
    Address: 0
    Line #0
        Function index: 9
        Line: 0
        Column: 0
    Attributes: [19]
Location #151
    Mapping index: 0
    Address: 0
    Line #0
        Function index: 10
        Line: 0
        Column: 0
    Attributes: [19]
Location #152
    Mapping index: 0
    Address: 0
    Attributes: [19]
Location #153
    Mapping index: 0
    Address: 0
    Line #0
        Function index: 11
        Line: 0
        Column: 0
    Attributes: [19]
Location #154
    Mapping index: 0
    Address: 0
    Line #0
        Function index: 12
        Line: 0
        Column: 0
    Attributes: [19]
Location #155
    Mapping index: 6
    Address: 20424196
    Attributes: [2]
Location #156
    Mapping index: 6
    Address: 20428857
    Attributes: [2]
Location #157
    Mapping index: 6
    Address: 20635384
    Attributes: [2]
Location #158
    Mapping index: 6
    Address: 20636338
    Attributes: [2]
Location #159
    Mapping index: 0
    Address: 0
    Line #0
        Function index: 13
        Line: 0
        Column: 0
    Attributes: [19]
Location #160
    Mapping index: 0
    Address: 0
    Line #0
        Function index: 14
        Line: 72
        Column: 0
    Attributes: [19]
Location #161
    Mapping index: 0
    Address: 0
    Line #0
        Function index: 15
        Line: 0
        Column: 0
    Attributes: [19]
Location #162
    Mapping index: 6
    Address: 20423650
    Attributes: [2]
Location #163
    Mapping index: 6
    Address: 20427604
    Attributes: [2]
Location #164
    Mapping index: 6
    Address: 19052805
    Attributes: [2]
Location #165
    Mapping index: 6
    Address: 15267290
    Attributes: [2]
Location #166
    Mapping index: 6
    Address: 15267424
    Attributes: [2]
Location #167
    Mapping index: 6
    Address: 16411541
    Attributes: [2]
Location #168
    Mapping index: 6
    Address: 16412425
    Attributes: [2]
Location #169
    Mapping index: 6
    Address: 16314762
    Attributes: [2]
Location #170
    Mapping index: 6
    Address: 30409788
    Attributes: [2]
Location #171
    Mapping index: 6
    Address: 30424754
    Attributes: [2]
Location #172
    Mapping index: 6
    Address: 30518099
    Attributes: [2]
Location #173
    Mapping index: 6
    Address: 30428182
    Attributes: [2]
Location #174
    Mapping index: 6
    Address: 15277125
    Attributes: [2]
Location #175
    Mapping index: 6
    Address: 16703920
    Attributes: [2]
Location #176
    Mapping index: 6
    Address: 16023210
    Attributes: [2]
Location #177
    Mapping index: 6
    Address: 15258461
    Attributes: [2]
Location #178
    Mapping index: 6
    Address: 22464303
    Attributes: [2]
Location #179
    Mapping index: 6
    Address: 22506735
    Attributes: [2]
Location #180
    Mapping index: 6
    Address: 22516348
    Attributes: [2]
Location #181
    Mapping index: 6
    Address: 19480344
    Attributes: [2]
Location #182
    Mapping index: 6
    Address: 24137666
    Attributes: [2]
Location #183
    Mapping index: 6
    Address: 25643165
    Attributes: [2]
Location #184
    Mapping index: 6
    Address: 23624076
    Attributes: [2]
Location #185
    Mapping index: 6
    Address: 25667457
    Attributes: [2]
Location #186
    Mapping index: 0
    Address: 0
    Line #0
        Function index: 16
        Line: 0
        Column: 0
    Attributes: [19]
Location #187
    Mapping index: 0
    Address: 0
    Line #0
        Function index: 17
        Line: 0
        Column: 0
    Attributes: [19]
Location #188
    Mapping index: 0
    Address: 0
    Line #0
        Function index: 18
        Line: 0
        Column: 0
    Attributes: [19]
Location #189
    Mapping index: 0
    Address: 0
    Line #0
        Function index: 19
        Line: 0
        Column: 0
    Attributes: [19]
Location #190
    Mapping index: 0
    Address: 0
    Line #0
        Function index: 20
        Line: 0
        Column: 0
    Attributes: [19]
Location #191
    Mapping index: 0
    Address: 0
    Line #0
        Function index: 21
        Line: 0
        Column: 0
    Attributes: [19]
Location #192
    Mapping index: 0
    Address: 0
    Line #0
        Function index: 22
        Line: 0
        Column: 0
    Attributes: [19]
Location #193
    Mapping index: 0
    Address: 0
    Line #0
        Function index: 23
        Line: 0
        Column: 0
    Attributes: [19]
Location #194
    Mapping index: 0
    Address: 0
    Line #0
        Function index: 24
        Line: 0
        Column: 0
    Attributes: [19]
Location #195
    Mapping index: 0
    Address: 0
    Line #0
        Function index: 25
        Line: 0
        Column: 0
    Attributes: [19]
Location #196
    Mapping index: 0
    Address: 0
    Line #0
        Function index: 26
        Line: 0
        Column: 0
    Attributes: [19]
Location #197
    Mapping index: 0
    Address: 0
    Line #0
        Function index: 27
        Line: 0
        Column: 0
    Attributes: [19]
Location #198
    Mapping index: 0
    Address: 0
    Line #0
        Function index: 28
        Line: 0
        Column: 0
    Attributes: [19]
Location #199
    Mapping index: 0
    Address: 0
    Line #0
        Function index: 29
        Line: 0
        Column: 0
    Attributes: [19]
Location #200
    Mapping index: 0
    Address: 0
    Line #0
        Function index: 30
        Line: 0
        Column: 0
    Attributes: [19]
Location #201
    Mapping index: 6
    Address: 15266858
    Attributes: [2]
Location #202
    Mapping index: 6
    Address: 16024100
    Attributes: [2]
Location #203
    Mapping index: 6
    Address: 15292437
    Attributes: [2]
Location #204
    Mapping index: 6
    Address: 16703983
    Attributes: [2]
Location #205
    Mapping index: 0
    Address: 44840844
    Attributes: [2]
Location #206
    Mapping index: 0
    Address: 44842008
    Attributes: [2]
Location #207
    Mapping index: 0
    Address: 45309450
    Attributes: [2]
Location #208
    Mapping index: 0
    Address: 45312831
    Attributes: [2]
Location #209
    Mapping index: 6
    Address: 19660682
    Attributes: [2]
Location #210
    Mapping index: 6
    Address: 19919552
    Attributes: [2]
Location #211
    Mapping index: 6
    Address: 19920478
    Attributes: [2]
Location #212
    Mapping index: 0
    Address: 36980119
    Attributes: [2]
Location #213
    Mapping index: 6
    Address: 16935283
    Attributes: [2]
Location #214
    Mapping index: 2
    Address: 641699
    Attributes: [2]
Location #215
    Mapping index: 2
    Address: 1219691
    Attributes: [2]
Location #216
    Mapping index: 6
    Address: 22464673
    Attributes: [2]
Location #217
    Mapping index: 6
    Address: 22506004
    Attributes: [2]
Location #218
    Mapping index: 0
    Address: 0
    Line #0
        Function index: 31
        Line: 0
        Column: 0
    Attributes: [19]
Location #219
    Mapping index: 0
    Address: 51526291
    Attributes: [2]
Location #220
    Mapping index: 0
    Address: 51750823
    Attributes: [2]
Location #221
    Mapping index: 0
    Address: 45213331
    Attributes: [2]
Location #222
    Mapping index: 0
    Address: 45311319
    Attributes: [2]
Location #223
    Mapping index: 0
    Address: 45317923
    Attributes: [2]
Location #224
    Mapping index: 0
    Address: 45318729
    Attributes: [2]
Location #225
    Mapping index: 0
    Address: 44833130
    Attributes: [2]
Location #226
    Mapping index: 0
    Address: 45185518
    Attributes: [2]
Location #227
    Mapping index: 0
    Address: 44833344
    Attributes: [2]
Location #228
    Mapping index: 0
    Address: 44840947
    Attributes: [2]
Location #229
    Mapping index: 0
    Address: 45307272
    Attributes: [2]
Location #230
    Mapping index: 6
    Address: 22745440
    Attributes: [2]
Location #231
    Mapping index: 6
    Address: 22761963
    Attributes: [2]
Location #232
    Mapping index: 0
    Address: 44840734
    Attributes: [2]
Location #233
    Mapping index: 0
    Address: 45309827
    Attributes: [2]
Location #234
    Mapping index: 6
    Address: 24245480
    Attributes: [2]
Location #235
    Mapping index: 6
    Address: 24245878
    Attributes: [2]
Location #236
    Mapping index: 6
    Address: 24249256
    Attributes: [2]
Location #237
    Mapping index: 6
    Address: 24252391
    Attributes: [2]
Location #238
    Mapping index: 6
    Address: 24277577
    Attributes: [2]
Location #239
    Mapping index: 6
    Address: 24037481
    Attributes: [2]
Location #240
    Mapping index: 6
    Address: 24132916
    Attributes: [2]
Location #241
    Mapping index: 6
    Address: 23607865
    Attributes: [2]
Location #242
    Mapping index: 6
    Address: 23609688
    Attributes: [2]
Location #243
    Mapping index: 6
    Address: 23611085
    Attributes: [2]
Location #244
    Mapping index: 6
    Address: 23611335
    Attributes: [2]
Location #245
    Mapping index: 6
    Address: 19488206
    Attributes: [2]
Location #246
    Mapping index: 0
    Address: 0
    Line #0
        Function index: 32
        Line: 0
        Column: 0
    Attributes: [19]
Location #247
    Mapping index: 0
    Address: 0
    Line #0
        Function index: 33
        Line: 0
        Column: 0
    Attributes: [19]
Location #248
    Mapping index: 6
    Address: 20427421
    Attributes: [2]
Location #249
    Mapping index: 6
    Address: 20428609
    Attributes: [2]
Location #250
    Mapping index: 6
    Address: 24368411
    Attributes: [2]
Location #251
    Mapping index: 6
    Address: 24369939
    Attributes: [2]
Location #252
    Mapping index: 6
    Address: 24368961
    Attributes: [2]
Location #253
    Mapping index: 6
    Address: 24370492
    Attributes: [2]
Location #254
    Mapping index: 6
    Address: 18995569
    Attributes: [2]
Location #255
    Mapping index: 6
    Address: 15983390
    Attributes: [2]
Location #256
    Mapping index: 0
    Address: 0
    Line #0
        Function index: 34
        Line: 0
        Column: 0
    Attributes: [19]
Location #257
    Mapping index: 0
    Address: 44841238
    Attributes: [2]
Location #258
    Mapping index: 0
    Address: 45717908
    Attributes: [2]
Location #259
    Mapping index: 0
    Address: 45229200
    Attributes: [2]
Location #260
    Mapping index: 0
    Address: 45304855
    Attributes: [2]
Location #261
    Mapping index: 0
    Address: 45367774
    Attributes: [2]
Location #262
    Mapping index: 0
    Address: 45373324
    Attributes: [2]
Location #263
    Mapping index: 0
    Address: 45401582
    Attributes: [2]
Location #264
    Mapping index: 0
    Address: 45235647
    Attributes: [2]
Location #265
    Mapping index: 0
    Address: 45305817
    Attributes: [2]
Location #266
    Mapping index: 0
    Address: 45436214
    Attributes: [2]
Location #267
    Mapping index: 0
    Address: 45610716
    Attributes: [2]
Location #268
    Mapping index: 0
    Address: 45210653
    Attributes: [2]
Location #269
    Mapping index: 0
    Address: 45308862
    Attributes: [2]
Location #270
    Mapping index: 6
    Address: 22484592
    Attributes: [2]
Location #271
    Mapping index: 6
    Address: 22491086
    Attributes: [2]
Location #272
    Mapping index: 6
    Address: 22506483
    Attributes: [2]
Location #273
    Mapping index: 7
    Address: 7901730
    Line #0
        Function index: 35
        Line: 0
        Column: 0
    Attributes: [32]
Location #274
    Mapping index: 7
    Address: 7807247
    Line #0
        Function index: 36
        Line: 0
        Column: 0
    Attributes: [32]
Location #275
    Mapping index: 7
    Address: 7812860
    Line #0
        Function index: 37
        Line: 0
        Column: 0
    Attributes: [32]
Location #276
    Mapping index: 7
    Address: 7813868
    Line #0
        Function index: 38
        Line: 0
        Column: 0
    Attributes: [32]
Location #277
    Mapping index: 7
    Address: 7815089
    Line #0
        Function index: 39
        Line: 0
        Column: 0
    Attributes: [32]
Location #278
    Mapping index: 7
    Address: 4005607
    Line #0
        Function index: 40
        Line: 0
        Column: 0
    Attributes: [32]
Location #279
    Mapping index: 7
    Address: 22379348
    Line #0
        Function index: 41
        Line: 0
        Column: 0
    Attributes: [32]
Location #280
    Mapping index: 7
    Address: 2998
    Line #0
        Function index: 42
        Line: 0
        Column: 0
    Attributes: [32]
Location #281
    Mapping index: 0
    Address: 0
    Line #0
        Function index: 43
        Line: 0
        Column: 0
    Attributes: [19]
Location #282
    Mapping index: 0
    Address: 47375990
    Attributes: [2]
Location #283
    Mapping index: 0
    Address: 47378574
    Attributes: [2]
Location #284
    Mapping index: 0
    Address: 45254845
    Attributes: [2]
Location #285
    Mapping index: 0
    Address: 45256993
    Attributes: [2]
Location #286
    Mapping index: 0
    Address: 45306360
    Attributes: [2]
Location #287
    Mapping index: 0
    Address: 0
    Line #0
        Function index: 44
        Line: 0
        Column: 0
    Attributes: [19]
Location #288
    Mapping index: 6
    Address: 26095688
    Attributes: [2]
Location #289
    Mapping index: 0
    Address: 47610310
    Attributes: [2]
Location #290
    Mapping index: 0
    Address: 47627025
    Attributes: [2]
Location #291
    Mapping index: 0
    Address: 47627768
    Attributes: [2]
Location #292
    Mapping index: 0
    Address: 47628053
    Attributes: [2]
Location #293
    Mapping index: 0
    Address: 45226312
    Attributes: [2]
Location #294
    Mapping index: 0
    Address: 45282390
    Attributes: [2]
Location #295
    Mapping index: 0
    Address: 45312717
    Attributes: [2]
Location #296
    Mapping index: 6
    Address: 24921754
    Attributes: [2]
Location #297
    Mapping index: 6
    Address: 24974087
    Attributes: [2]
Location #298
    Mapping index: 6
    Address: 24848076
    Attributes: [2]
Location #299
    Mapping index: 6
    Address: 24822983
    Attributes: [2]
Location #300
    Mapping index: 6
    Address: 24823191
    Attributes: [2]
Location #301
    Mapping index: 6
    Address: 24824586
    Attributes: [2]
Location #302
    Mapping index: 6
    Address: 24846287
    Attributes: [2]
Location #303
    Mapping index: 6
    Address: 24822943
    Attributes: [2]
Location #304
    Mapping index: 6
    Address: 24843441
    Attributes: [2]
Location #305
    Mapping index: 6
    Address: 24844961
    Attributes: [2]
Location #306
    Mapping index: 6
    Address: 24862877
    Attributes: [2]
Location #307
    Mapping index: 6
    Address: 24863213
    Attributes: [2]
Location #308
    Mapping index: 6
    Address: 24599593
    Attributes: [2]
Location #309
    Mapping index: 6
    Address: 24720949
    Attributes: [2]
Location #310
    Mapping index: 6
    Address: 24722392
    Attributes: [2]
Location #311
    Mapping index: 6
    Address: 24761819
    Attributes: [2]
Location #312
    Mapping index: 6
    Address: 24764184
    Attributes: [2]
Location #313
    Mapping index: 6
    Address: 24765638
    Attributes: [2]
Location #314
    Mapping index: 0
    Address: 44842076
    Attributes: [2]
Location #315
    Mapping index: 0
    Address: 0
    Line #0
        Function index: 45
        Line: 0
        Column: 0
    Attributes: [19]
Location #316
    Mapping index: 0
    Address: 0
    Line #0
        Function index: 46
        Line: 0
        Column: 0
    Attributes: [19]
Location #317
    Mapping index: 0
    Address: 0
    Line #0
        Function index: 47
        Line: 0
        Column: 0
    Attributes: [19]
Location #318
    Mapping index: 0
    Address: 0
    Line #0
        Function index: 48
        Line: 0
        Column: 0
    Attributes: [19]
Location #319
    Mapping index: 0
    Address: 0
    Line #0
        Function index: 49
        Line: 0
        Column: 0
    Attributes: [19]
Location #320
    Mapping index: 0
    Address: 0
    Line #0
        Function index: 50
        Line: 0
        Column: 0
    Attributes: [19]
Location #321
    Mapping index: 0
    Address: 0
    Line #0
        Function index: 51
        Line: 0
        Column: 0
    Attributes: [19]
Location #322
    Mapping index: 7
    Address: 8759924
    Line #0
        Function index: 52
        Line: 0
        Column: 0
    Attributes: [32]
Location #323
    Mapping index: 7
    Address: 8763482
    Line #0
        Function index: 53
        Line: 0
        Column: 0
    Attributes: [32]
Location #324
    Mapping index: 7
    Address: 8766287
    Line #0
        Function index: 54
        Line: 0
        Column: 0
    Attributes: [32]
Location #325
    Mapping index: 7
    Address: 8699329
    Line #0
        Function index: 55
        Line: 0
        Column: 0
    Attributes: [32]
Location #326
    Mapping index: 7
    Address: 8702914
    Line #0
        Function index: 56
        Line: 0
        Column: 0
    Attributes: [32]
Location #327
    Mapping index: 7
    Address: 8703900
    Line #0
        Function index: 57
        Line: 0
        Column: 0
    Attributes: [32]
Location #328
    Mapping index: 7
    Address: 3166946
    Line #0
        Function index: 58
        Line: 0
        Column: 0
    Attributes: [32]
Location #329
    Mapping index: 7
    Address: 22351549
    Line #0
        Function index: 59
        Line: 0
        Column: 0
    Attributes: [32]
Location #330
    Mapping index: 7
    Address: 298
    Line #0
        Function index: 60
        Line: 0
        Column: 0
    Attributes: [32]
Location #331
    Mapping index: 2
    Address: 1208972
    Attributes: [2]
Location #332
    Mapping index: 6
    Address: 30510018
    Attributes: [2]
Location #333
    Mapping index: 6
    Address: 30438483
    Attributes: [2]
Location #334
    Mapping index: 6
    Address: 30443937
    Attributes: [2]
Location #335
    Mapping index: 6
    Address: 30450751
    Attributes: [2]
Location #336
    Mapping index: 6
    Address: 16392392
    Attributes: [2]
Location #337
    Mapping index: 6
    Address: 16466177
    Attributes: [2]
Location #338
    Mapping index: 0
    Address: 0
    Line #0
        Function index: 61
        Line: 0
        Column: 0
    Attributes: [19]
Location #339
    Mapping index: 0
    Address: 0
    Line #0
        Function index: 62
        Line: 82
        Column: 0
    Attributes: [19]
Location #340
    Mapping index: 0
    Address: 0
    Line #0
        Function index: 63
        Line: 0
        Column: 0
    Attributes: [19]
Location #341
    Mapping index: 0
    Address: 0
    Line #0
        Function index: 64
        Line: 70
        Column: 0
    Attributes: [19]
Location #342
    Mapping index: 0
    Address: 0
    Line #0
        Function index: 65
        Line: 255
        Column: 0
    Attributes: [19]
Location #343
    Mapping index: 0
    Address: 0
    Line #0
        Function index: 66
        Line: 42
        Column: 0
    Attributes: [19]
Location #344
    Mapping index: 0
    Address: 0
    Line #0
        Function index: 67
        Line: 103
        Column: 0
    Attributes: [19]
Location #345
    Mapping index: 0
    Address: 0
    Line #0
        Function index: 68
        Line: 9
        Column: 0
    Attributes: [19]
Location #346
    Mapping index: 0
    Address: 0
    Line #0
        Function index: 69
        Line: 752
        Column: 0
    Attributes: [19]
Location #347
    Mapping index: 0
    Address: 0
    Line #0
        Function index: 70
        Line: 714
        Column: 0
    Attributes: [19]
Location #348
    Mapping index: 0
    Address: 0
    Line #0
        Function index: 71
        Line: 1
        Column: 10
    Attributes: [19]
Location #349
    Mapping index: 0
    Address: 0
    Line #0
        Function index: 72
        Line: 1386
        Column: 1073689790
    Attributes: [19]
Location #350
    Mapping index: 0
    Address: 0
    Line #0
        Function index: 73
        Line: 242
        Column: 0
    Attributes: [19]
Location #351
    Mapping index: 0
    Address: 0
    Line #0
        Function index: 74
        Line: 0
        Column: 0
    Attributes: [19]
Location #352
    Mapping index: 0
    Address: 0
    Line #0
        Function index: 75
        Line: 5
        Column: 0
    Attributes: [19]
Location #353
    Mapping index: 0
    Address: 0
    Line #0
        Function index: 76
        Line: 13
        Column: 0
    Attributes: [19]
Location #354
    Mapping index: 0
    Address: 0
    Line #0
        Function index: 77
        Line: 23
        Column: 0
    Attributes: [19]
Location #355
    Mapping index: 0
    Address: 0
    Line #0
        Function index: 78
        Line: 1
        Column: 49
    Attributes: [19]
Location #356
    Mapping index: 0
    Address: 0
    Line #0
        Function index: 79
        Line: 297
        Column: 0
    Attributes: [19]
Location #357
    Mapping index: 0
    Address: 0
    Line #0
        Function index: 80
        Line: 736
        Column: 0
    Attributes: [19]
Location #358
    Mapping index: 0
    Address: 0
    Line #0
        Function index: 81
        Line: 1049
        Column: 0
    Attributes: [19]
Location #359
    Mapping index: 0
    Address: 0
    Line #0
        Function index: 82
        Line: 1069
        Column: 0
    Attributes: [19]
Location #360
    Mapping index: 0
    Address: 0
    Line #0
        Function index: 83
        Line: 1224
        Column: 0
    Attributes: [19]
Location #361
    Mapping index: 0
    Address: 0
    Line #0
        Function index: 84
        Line: 1282
        Column: 0
    Attributes: [19]
Location #362
    Mapping index: 0
    Address: 0
    Line #0
        Function index: 85
        Line: 448
        Column: 0
    Attributes: [19]
Location #363
    Mapping index: 0
    Address: 0
    Line #0
        Function index: 86
        Line: 591
        Column: 0
    Attributes: [19]
Location #364
    Mapping index: 0
    Address: 0
    Line #0
        Function index: 87
        Line: 540
        Column: 0
    Attributes: [19]
Location #365
    Mapping index: 0
    Address: 0
    Line #0
        Function index: 88
        Line: 202
        Column: 0
    Attributes: [19]
Location #366
    Mapping index: 0
    Address: 0
    Line #0
        Function index: 89
        Line: 517
        Column: 0
    Attributes: [19]
Location #367
    Mapping index: 0
    Address: 0
    Line #0
        Function index: 90
        Line: 568
        Column: 0
    Attributes: [19]
Location #368
    Mapping index: 0
    Address: 0
    Line #0
        Function index: 91
        Line: 0
        Column: 0
    Attributes: [19]
Location #369
    Mapping index: 0
    Address: 0
    Line #0
        Function index: 92
        Line: 0
        Column: 0
    Attributes: [19]
Location #370
    Mapping index: 0
    Address: 0
    Line #0
        Function index: 93
        Line: 0
        Column: 0
    Attributes: [19]
Location #371
    Mapping index: 0
    Address: 0
    Line #0
        Function index: 94
        Line: 0
        Column: 0
    Attributes: [19]
Location #372
    Mapping index: 0
    Address: 0
    Line #0
        Function index: 95
        Line: 0
        Column: 0
    Attributes: [19]
Location #373
    Mapping index: 7
    Address: 22386762
    Line #0
        Function index: 96
        Line: 0
        Column: 0
    Attributes: [32]
Location #374
    Mapping index: 7
    Address: 8737754
    Line #0
        Function index: 97
        Line: 0
        Column: 0
    Attributes: [32]
Location #375
    Mapping index: 7
    Address: 8765250
    Line #0
        Function index: 98
        Line: 0
        Column: 0
    Attributes: [32]
Location #376
    Mapping index: 7
    Address: 8703960
    Line #0
        Function index: 57
        Line: 0
        Column: 0
    Attributes: [32]
Location #377
    Mapping index: 6
    Address: 19277568
    Attributes: [2]
Location #378
    Mapping index: 6
    Address: 19278589
    Attributes: [2]
Location #379
    Mapping index: 6
    Address: 19279480
    Attributes: [2]
Location #380
    Mapping index: 6
    Address: 24600580
    Attributes: [2]
Location #381
    Mapping index: 6
    Address: 24707678
    Attributes: [2]
Location #382
    Mapping index: 6
    Address: 24717510
    Attributes: [2]
Location #383
    Mapping index: 6
    Address: 24719959
    Attributes: [2]
Location #384
    Mapping index: 6
    Address: 24753550
    Attributes: [2]
Location #385
    Mapping index: 6
    Address: 24764858
    Attributes: [2]
Location #386
    Mapping index: 6
    Address: 19713706
    Attributes: [2]
Location #387
    Mapping index: 6
    Address: 19152435
    Attributes: [2]
Location #388
    Mapping index: 6
    Address: 19153158
    Attributes: [2]
Location #389
    Mapping index: 6
    Address: 16258194
    Attributes: [2]
Location #390
    Mapping index: 6
    Address: 16278569
    Attributes: [2]
Location #391
    Mapping index: 7
    Address: 5293811
    Line #0
        Function index: 99
        Line: 0
        Column: 0
    Attributes: [32]
Location #392
    Mapping index: 7
    Address: 22351743
    Line #0
        Function index: 59
        Line: 0
        Column: 0
    Attributes: [32]
Location #393
    Mapping index: 0
    Address: 0
    Line #0
        Function index: 100
        Line: 394
        Column: 0
    Attributes: [19]
Location #394
    Mapping index: 0
    Address: 0
    Line #0
        Function index: 101
        Line: 454
        Column: 0
    Attributes: [19]
Location #395
    Mapping index: 0
    Address: 0
    Line #0
        Function index: 102
        Line: 474
        Column: 0
    Attributes: [19]
Location #396
    Mapping index: 0
    Address: 0
    Line #0
        Function index: 103
        Line: 721
        Column: 0
    Attributes: [19]
Location #397
    Mapping index: 0
    Address: 0
    Line #0
        Function index: 104
        Line: 1266
        Column: 0
    Attributes: [19]
Location #398
    Mapping index: 6
    Address: 24249088
    Attributes: [2]
Location #399
    Mapping index: 6
    Address: 23605453
    Attributes: [2]
Location #400
    Mapping index: 6
    Address: 22485746
    Attributes: [2]
Location #401
    Mapping index: 0
    Address: 47174204
    Attributes: [2]
Location #402
    Mapping index: 0
    Address: 47174980
    Attributes: [2]
Location #403
    Mapping index: 0
    Address: 47179784
    Attributes: [2]
Location #404
    Mapping index: 0
    Address: 47179306
    Attributes: [2]
Location #405
    Mapping index: 0
    Address: 47182715
    Attributes: [2]
Location #406
    Mapping index: 0
    Address: 47184396
    Attributes: [2]
Location #407
    Mapping index: 0
    Address: 47187943
    Attributes: [2]
Location #408
    Mapping index: 0
    Address: 45238213
    Attributes: [2]
Location #409
    Mapping index: 0
    Address: 45312860
    Attributes: [2]
Location #410
    Mapping index: 0
    Address: 47350614
    Attributes: [2]
Location #411
    Mapping index: 0
    Address: 50077681
    Attributes: [2]
Location #412
    Mapping index: 0
    Address: 45221127
    Attributes: [2]
Location #413
    Mapping index: 0
    Address: 45306197
    Attributes: [2]
Location #414
    Mapping index: 6
    Address: 24973902
    Attributes: [2]
Location #415
    Mapping index: 6
    Address: 24747676
    Attributes: [2]
Location #416
    Mapping index: 6
    Address: 24669444
    Attributes: [2]
Location #417
    Mapping index: 6
    Address: 24750349
    Attributes: [2]
Location #418
    Mapping index: 6
    Address: 24751956
    Attributes: [2]
Location #419
    Mapping index: 6
    Address: 24712748
    Attributes: [2]
Location #420
    Mapping index: 6
    Address: 24715443
    Attributes: [2]
Location #421
    Mapping index: 6
    Address: 24669549
    Attributes: [2]
Location #422
    Mapping index: 2
    Address: 710261
    Attributes: [2]
Location #423
    Mapping index: 6
    Address: 26099229
    Attributes: [2]
Location #424
    Mapping index: 6
    Address: 26116691
    Attributes: [2]
Location #425
    Mapping index: 6
    Address: 26117456
    Attributes: [2]
Location #426
    Mapping index: 0
    Address: 45203068
    Attributes: [2]
Location #427
    Mapping index: 0
    Address: 45305840
    Attributes: [2]
Location #428
    Mapping index: 6
    Address: 19181313
    Attributes: [2]
Location #429
    Mapping index: 6
    Address: 24687119
    Attributes: [2]
Location #430
    Mapping index: 6
    Address: 24666443
    Attributes: [2]
Location #431
    Mapping index: 6
    Address: 24734643
    Attributes: [2]
Location #432
    Mapping index: 6
    Address: 24738290
    Attributes: [2]
Location #433
    Mapping index: 6
    Address: 24669866
    Attributes: [2]
Location #434
    Mapping index: 6
    Address: 24742548
    Attributes: [2]
Location #435
    Mapping index: 6
    Address: 24666607
    Attributes: [2]
Location #436
    Mapping index: 6
    Address: 24776557
    Attributes: [2]
Location #437
    Mapping index: 6
    Address: 24757080
    Attributes: [2]
Location #438
    Mapping index: 6
    Address: 24695555
    Attributes: [2]
Location #439
    Mapping index: 6
    Address: 24767784
    Attributes: [2]
Location #440
    Mapping index: 6
    Address: 24755750
    Attributes: [2]
Location #441
    Mapping index: 6
    Address: 24784932
    Attributes: [2]
Location #442
    Mapping index: 6
    Address: 24787908
    Attributes: [2]
Location #443
    Mapping index: 6
    Address: 19718179
    Attributes: [2]
Location #444
    Mapping index: 6
    Address: 19720193
    Attributes: [2]
Location #445
    Mapping index: 6
    Address: 25576878
    Attributes: [2]
Location #446
    Mapping index: 6
    Address: 15268222
    Attributes: [2]
Location #447
    Mapping index: 6
    Address: 15367489
    Attributes: [2]
Location #448
    Mapping index: 6
    Address: 16393305
    Attributes: [2]
Location #449
    Mapping index: 6
    Address: 16416644
    Attributes: [2]
Location #450
    Mapping index: 1
    Address: 5635504
    Attributes: [2]
Location #451
    Mapping index: 1
    Address: 5790475
    Attributes: [2]
Location #452
    Mapping index: 0
    Address: 0
    Line #0
        Function index: 105
        Line: 117
        Column: 0
    Attributes: [3]
Location #453
    Mapping index: 0
    Address: 0
    Line #0
        Function index: 106
        Line: 477
        Column: 0
    Attributes: [3]
Location #454
    Mapping index: 0
    Address: 0
    Line #0
        Function index: 107
        Line: 98
        Column: 0
    Attributes: [3]
Location #455
    Mapping index: 0
    Address: 0
    Line #0
        Function index: 108
        Line: 110
        Column: 0
    Attributes: [3]
Location #456
    Mapping index: 0
    Address: 0
    Line #0
        Function index: 109
        Line: 82
        Column: 0
    Attributes: [3]
Location #457
    Mapping index: 0
    Address: 0
    Line #0
        Function index: 110
        Line: 133
        Column: 0
    Attributes: [3]
Location #458
    Mapping index: 0
    Address: 0
    Line #0
        Function index: 109
        Line: 84
        Column: 0
    Attributes: [3]
Location #459
    Mapping index: 0
    Address: 0
    Line #0
        Function index: 108
        Line: 111
        Column: 0
    Attributes: [3]
Location #460
    Mapping index: 0
    Address: 0
    Line #0
        Function index: 111
        Line: 55
        Column: 0
    Attributes: [3]
Location #461
    Mapping index: 0
    Address: 0
    Line #0
        Function index: 112
        Line: 36
        Column: 0
    Attributes: [3]
Location #462
    Mapping index: 0
    Address: 0
    Line #0
        Function index: 113
        Line: 49
        Column: 0
    Attributes: [3]
Location #463
    Mapping index: 0
    Address: 0
    Line #0
        Function index: 114
        Line: 81
        Column: 0
    Attributes: [3]
Location #464
    Mapping index: 0
    Address: 0
    Line #0
        Function index: 115
        Line: 125
        Column: 0
    Attributes: [3]
Location #465
    Mapping index: 0
    Address: 0
    Line #0
        Function index: 116
        Line: 1150
        Column: 0
    Attributes: [3]
Location #466
    Mapping index: 0
    Address: 0
    Line #0
        Function index: 117
        Line: 1620
        Column: 0
    Attributes: [3]
Location #467
    Mapping index: 0
    Address: 0
    Line #0
        Function index: 118
        Line: 1632
        Column: 0
    Attributes: [3]
Location #468
    Mapping index: 0
    Address: 0
    Line #0
        Function index: 119
        Line: 1
        Column: 0
    Attributes: [3]
Location #469
    Mapping index: 1
    Address: 6158519
    Attributes: [2]
Location #470
    Mapping index: 1
    Address: 5795332
    Attributes: [2]
Location #471
    Mapping index: 1
    Address: 5889740
    Attributes: [2]
Location #472
    Mapping index: 1
    Address: 5872662
    Attributes: [2]
Location #473
    Mapping index: 1
    Address: 5542580
    Attributes: [2]
Location #474
    Mapping index: 0
    Address: 0
    Line #0
        Function index: 120
        Line: 468
        Column: 0
    Attributes: [3]
Location #475
    Mapping index: 0
    Address: 0
    Line #0
        Function index: 121
        Line: 448
        Column: 0
    Attributes: [3]
Location #476
    Mapping index: 0
    Address: 0
    Line #0
        Function index: 122
        Line: 203
        Column: 0
    Attributes: [3]
Location #477
    Mapping index: 0
    Address: 0
    Line #0
        Function index: 105
        Line: 116
        Column: 0
    Attributes: [3]
Location #478
    Mapping index: 0
    Address: 0
    Line #0
        Function index: 123
        Line: 474
        Column: 0
    Attributes: [3]
Location #479
    Mapping index: 1
    Address: 6124424
    Attributes: [2]
Location #480
    Mapping index: 1
    Address: 6122997
    Attributes: [2]
Location #481
    Mapping index: 1
    Address: 5917216
    Attributes: [2]
Location #482
    Mapping index: 1
    Address: 5790804
    Attributes: [2]
Location #483
    Mapping index: 1
    Address: 6141834
    Attributes: [2]
Location #484
    Mapping index: 1
    Address: 5548444
    Attributes: [2]
Location #485
    Mapping index: 1
    Address: 5787783
    Attributes: [2]
Location #486
    Mapping index: 1
    Address: 5786284
    Attributes: [2]
Location #487
    Mapping index: 1
    Address: 6125539
    Attributes: [2]
Location #488
    Mapping index: 1
    Address: 5915307
    Attributes: [2]
Location #489
    Mapping index: 1
    Address: 5789882
    Attributes: [2]
Location #490
    Mapping index: 1
    Address: 6132792
    Attributes: [2]
Location #491
    Mapping index: 8
    Address: 213972647
    Attributes: [2]
Location #492
    Mapping index: 8
    Address: 182054404
    Attributes: [2]
Location #493
    Mapping index: 8
    Address: 181229045
    Attributes: [2]
Location #494
    Mapping index: 8
    Address: 181383952
    Attributes: [2]
Location #495
    Mapping index: 8
    Address: 181383645
    Attributes: [2]
Location #496
    Mapping index: 8
    Address: 181355338
    Attributes: [2]
Location #497
    Mapping index: 8
    Address: 181343931
    Attributes: [2]
Location #498
    Mapping index: 8
    Address: 181333758
    Attributes: [2]
Location #499
    Mapping index: 8
    Address: 181090943
    Attributes: [2]
Location #500
    Mapping index: 8
    Address: 173355690
    Attributes: [2]
Location #501
    Mapping index: 8
    Address: 173517285
    Attributes: [2]
Location #502
    Mapping index: 8
    Address: 148867165
    Attributes: [2]
Location #503
    Mapping index: 8
    Address: 176398003
    Attributes: [2]
Location #504
    Mapping index: 8
    Address: 213968242
    Attributes: [2]
Location #505
    Mapping index: 8
    Address: 213963917
    Attributes: [2]
Location #506
    Mapping index: 1
    Address: 5712005
    Attributes: [2]
Location #507
    Mapping index: 1
    Address: 5721468
    Attributes: [2]
Location #508
    Mapping index: 1
    Address: 5786697
    Attributes: [2]
Location #509
    Mapping index: 1
    Address: 5790452
    Attributes: [2]
Location #510
    Mapping index: 0
    Address: 0
    Line #0
        Function index: 124
        Line: 1326
        Column: 0
    Attributes: [3]
Location #511
    Mapping index: 0
    Address: 0
    Line #0
        Function index: 125
        Line: 1360
        Column: 0
    Attributes: [3]
Location #512
    Mapping index: 1
    Address: 5546118
    Attributes: [2]
Location #513
    Mapping index: 1
    Address: 5552386
    Attributes: [2]
Location #514
    Mapping index: 1
    Address: 6282532
    Attributes: [2]
Location #515
    Mapping index: 1
    Address: 6145757
    Attributes: [2]
Location #516
    Mapping index: 1
    Address: 6108843
    Attributes: [2]
Location #517
    Mapping index: 1
    Address: 5775468
    Attributes: [2]
Location #518
    Mapping index: 0
    Address: 0
    Line #0
        Function index: 126
        Line: 488
        Column: 0
    Attributes: [3]
Location #519
    Mapping index: 0
    Address: 0
    Line #0
        Function index: 127
        Line: 995
        Column: 0
    Attributes: [3]
Location #520
    Mapping index: 0
    Address: 0
    Line #0
        Function index: 128
        Line: 935
        Column: 0
    Attributes: [3]
Location #521
    Mapping index: 0
    Address: 0
    Line #0
        Function index: 124
        Line: 1331
        Column: 0
    Attributes: [3]
Location #522
    Mapping index: 1
    Address: 6141233
    Attributes: [2]
Location #523
    Mapping index: 0
    Address: 0
    Line #0
        Function index: 129
        Line: 1
        Column: 0
    Attributes: [3]
Location #524
    Mapping index: 0
    Address: 0
    Line #0
        Function index: 118
        Line: 13
        Column: 0
    Attributes: [3]
Location #525
    Mapping index: 0
    Address: 0
    Line #0
        Function index: 122
        Line: 214
        Column: 0
    Attributes: [3]
Location #526
    Mapping index: 0
    Address: 0
    Line #0
        Function index: 130
        Line: 428
        Column: 0
    Attributes: [3]
Location #527
    Mapping index: 0
    Address: 0
    Line #0
        Function index: 110
        Line: 127
        Column: 0
    Attributes: [3]
Location #528
    Mapping index: 1
    Address: 6122999
    Attributes: [2]
Location #529
    Mapping index: 1
    Address: 5487728
    Attributes: [2]
Location #530
    Mapping index: 1
    Address: 6131916
    Attributes: [2]
Location #531
    Mapping index: 1
    Address: 5786584
    Attributes: [2]
Location #532
    Mapping index: 1
    Address: 5787818
    Attributes: [2]
Location #533
    Mapping index: 1
    Address: 5787398
    Attributes: [2]
Location #534
    Mapping index: 1
    Address: 5499929
    Attributes: [2]
Location #535
    Mapping index: 0
    Address: 0
    Line #0
        Function index: 131
        Line: 169
        Column: 0
    Attributes: [3]
Location #536
    Mapping index: 1
    Address: 6128957
    Attributes: [2]
Location #537
    Mapping index: 1
    Address: 5913320
    Attributes: [2]
Location #538
    Mapping index: 1
    Address: 5617157
    Attributes: [2]
Location #539
    Mapping index: 0
    Address: 0
    Line #0
        Function index: 132
        Line: 56
        Column: 0
    Attributes: [3]
Location #540
    Mapping index: 0
    Address: 0
    Line #0
        Function index: 132
        Line: 176
        Column: 0
    Attributes: [3]
Location #541
    Mapping index: 0
    Address: 0
    Line #0
        Function index: 133
        Line: 582
        Column: 0
    Attributes: [3]
Location #542
    Mapping index: 0
    Address: 0
    Line #0
        Function index: 134
        Line: 749
        Column: 0
    Attributes: [3]
Location #543
    Mapping index: 0
    Address: 0
    Line #0
        Function index: 135
        Line: 300
        Column: 0
    Attributes: [3]
Location #544
    Mapping index: 0
    Address: 0
    Line #0
        Function index: 136
        Line: 228
        Column: 0
    Attributes: [3]
Location #545
    Mapping index: 1
    Address: 6127809
    Attributes: [2]
Location #546
    Mapping index: 7
    Address: 22351492
    Line #0
        Function index: 59
        Line: 0
        Column: 0
    Attributes: [32]
Location #547
    Mapping index: 2
    Address: 1165539
    Attributes: [2]
Location #548
    Mapping index: 2
    Address: 972211
    Attributes: [2]
Location #549
    Mapping index: 9
    Address: 21447154
    Attributes: [2]
Location #550
    Mapping index: 9
    Address: 17067712
    Attributes: [2]
Location #551
    Mapping index: 9
    Address: 17068345
    Attributes: [2]
Location #552
    Mapping index: 9
    Address: 17033157
    Attributes: [2]
Location #553
    Mapping index: 9
    Address: 17029477
    Attributes: [2]
Location #554
    Mapping index: 9
    Address: 16919567
    Attributes: [2]
Location #555
    Mapping index: 9
    Address: 15518371
    Attributes: [2]
Location #556
    Mapping index: 9
    Address: 15968003
    Attributes: [2]
Location #557
    Mapping index: 9
    Address: 15905384
    Attributes: [2]
Location #558
    Mapping index: 9
    Address: 16317066
    Attributes: [2]
Location #559
    Mapping index: 9
    Address: 15858770
    Attributes: [2]
Location #560
    Mapping index: 9
    Address: 16637480
    Attributes: [2]
Location #561
    Mapping index: 9
    Address: 21388591
    Attributes: [2]
Location #562
    Mapping index: 9
    Address: 16319364
    Attributes: [2]
Location #563
    Mapping index: 9
    Address: 14536356
    Attributes: [2]
Location #564
    Mapping index: 2
    Address: 710403
    Attributes: [2]
Location #565
    Mapping index: 9
    Address: 21590191
    Attributes: [2]
Location #566
    Mapping index: 9
    Address: 15733824
    Attributes: [2]
Location #567
    Mapping index: 9
    Address: 15223352
    Attributes: [2]
Location #568
    Mapping index: 9
    Address: 15718939
    Attributes: [2]
Location #569
    Mapping index: 9
    Address: 16919821
    Attributes: [2]
Location #570
    Mapping index: 3
    Address: 25988416
    Attributes: [2]
Location #571
    Mapping index: 3
    Address: 26051872
    Attributes: [2]
Location #572
    Mapping index: 3
    Address: 33223924
    Attributes: [2]
Location #573
    Mapping index: 3
    Address: 33224023
    Attributes: [2]
Location #574
    Mapping index: 3
    Address: 32874050
    Attributes: [2]
Location #575
    Mapping index: 3
    Address: 32825266
    Attributes: [2]
Location #576
    Mapping index: 3
    Address: 32809930
    Attributes: [2]
Location #577
    Mapping index: 3
    Address: 32811472
    Attributes: [2]
Location #578
    Mapping index: 3
    Address: 32809074
    Attributes: [2]
Location #579
    Mapping index: 3
    Address: 32814261
    Attributes: [2]
Location #580
    Mapping index: 3
    Address: 32810192
    Attributes: [2]
Location #581
    Mapping index: 3
    Address: 32818003
    Attributes: [2]
Location #582
    Mapping index: 3
    Address: 32810000
    Attributes: [2]
Location #583
    Mapping index: 3
    Address: 32813810
    Attributes: [2]
Location #584
    Mapping index: 3
    Address: 32811934
    Attributes: [2]
Location #585
    Mapping index: 3
    Address: 32855947
    Attributes: [2]
Location #586
    Mapping index: 3
    Address: 33219907
    Attributes: [2]
Location #587
    Mapping index: 3
    Address: 33222747
    Attributes: [2]
Location #588
    Mapping index: 3
    Address: 33360877
    Attributes: [2]
Location #589
    Mapping index: 3
    Address: 33333387
    Attributes: [2]
Location #590
    Mapping index: 3
    Address: 33349508
    Attributes: [2]
Location #591
    Mapping index: 3
    Address: 33328612
    Attributes: [2]
Location #592
    Mapping index: 3
    Address: 33987563
    Attributes: [2]
Location #593
    Mapping index: 3
    Address: 33157180
    Attributes: [2]
Location #594
    Mapping index: 3
    Address: 12154008
    Attributes: [2]
Location #595
    Mapping index: 3
    Address: 12143078
    Attributes: [2]
Location #596
    Mapping index: 3
    Address: 12141526
    Attributes: [2]
Location #597
    Mapping index: 3
    Address: 11964877
    Attributes: [2]
Location #598
    Mapping index: 3
    Address: 11992027
    Attributes: [2]
Location #599
    Mapping index: 3
    Address: 12120515
    Attributes: [2]
Location #600
    Mapping index: 3
    Address: 12121580
    Attributes: [2]
Location #601
    Mapping index: 3
    Address: 12847558
    Attributes: [2]
Location #602
    Mapping index: 1
    Address: 5783120
    Attributes: [2]
Location #603
    Mapping index: 1
    Address: 5818919
    Attributes: [2]
Location #604
    Mapping index: 1
    Address: 6352815
    Attributes: [2]
Location #605
    Mapping index: 1
    Address: 6337390
    Attributes: [2]
Location #606
    Mapping index: 1
    Address: 6179939
    Attributes: [2]
Location #607
    Mapping index: 1
    Address: 6326744
    Attributes: [2]
Location #608
    Mapping index: 1
    Address: 6109016
    Attributes: [2]
Location #609
    Mapping index: 0
    Address: 0
    Line #0
        Function index: 137
        Line: 473
        Column: 0
    Attributes: [3]
Location #610
    Mapping index: 0
    Address: 0
    Line #0
        Function index: 138
        Line: 644
        Column: 0
    Attributes: [3]
Location #611
    Mapping index: 0
    Address: 0
    Line #0
        Function index: 139
        Line: 1114
        Column: 0
    Attributes: [3]
Location #612
    Mapping index: 0
    Address: 0
    Line #0
        Function index: 140
        Line: 1257
        Column: 0
    Attributes: [3]
Location #613
    Mapping index: 0
    Address: 0
    Line #0
        Function index: 118
        Line: 157
        Column: 0
    Attributes: [3]
Location #614
    Mapping index: 1
    Address: 6137947
    Attributes: [2]
Location #615
    Mapping index: 1
    Address: 5492600
    Attributes: [2]
Location #616
    Mapping index: 1
    Address: 6003137
    Attributes: [2]
Location #617
    Mapping index: 0
    Address: 0
    Line #0
        Function index: 141
        Line: 103
        Column: 0
    Attributes: [3]
Location #618
    Mapping index: 0
    Address: 0
    Line #0
        Function index: 142
        Line: 1303
        Column: 0
    Attributes: [3]
Location #619
    Mapping index: 0
    Address: 0
    Line #0
        Function index: 143
        Line: 679
        Column: 0
    Attributes: [3]
Location #620
    Mapping index: 0
    Address: 0
    Line #0
        Function index: 122
        Line: 255
        Column: 0
    Attributes: [3]
Location #621
    Mapping index: 0
    Address: 0
    Line #0
        Function index: 144
        Line: 449
        Column: 0
    Attributes: [3]
Location #622
    Mapping index: 0
    Address: 0
    Line #0
        Function index: 109
        Line: 64
        Column: 0
    Attributes: [3]
Location #623
    Mapping index: 1
    Address: 6128065
    Attributes: [2]
Location #624
    Mapping index: 1
    Address: 5801844
    Attributes: [2]
Location #625
    Mapping index: 0
    Address: 0
    Line #0
        Function index: 108
        Line: 112
        Column: 0
    Attributes: [3]
Location #626
    Mapping index: 1
    Address: 6158339
    Attributes: [2]
Location #627
    Mapping index: 10
    Address: 18933727
    Line #0
        Function index: 145
        Line: 1023
        Column: 0
    Attributes: [53]
Location #628
    Mapping index: 10
    Address: 18935371
    Line #0
        Function index: 146
        Line: 1191
        Column: 0
    Attributes: [53]
Location #629
    Mapping index: 10
    Address: 18936615
    Line #0
        Function index: 147
        Line: 1246
        Column: 0
    Attributes: [53]
Location #630
    Mapping index: 10
    Address: 18958365
    Line #0
        Function index: 148
        Line: 209
        Column: 0
    Attributes: [53]
Location #631
    Mapping index: 10
    Address: 18957892
    Line #0
        Function index: 149
        Line: 182
        Column: 0
    Attributes: [53]
Location #632
    Mapping index: 10
    Address: 18959142
    Line #0
        Function index: 150
        Line: 37
        Column: 0
    Attributes: [53]
Location #633
    Mapping index: 10
    Address: 19372701
    Line #0
        Function index: 151
        Line: 187
        Column: 0
    Attributes: [53]
Location #634
    Mapping index: 10
    Address: 19422167
    Line #0
        Function index: 152
        Line: 384
        Column: 0
    Attributes: [53]
Location #635
    Mapping index: 10
    Address: 19432468
    Line #0
        Function index: 153
        Line: 606
        Column: 0
    Attributes: [53]
Location #636
    Mapping index: 10
    Address: 18445717
    Line #0
        Function index: 154
        Line: 403
        Column: 0
    Attributes: [53]
Location #637
    Mapping index: 10
    Address: 18443691
    Line #0
        Function index: 155
        Line: 378
        Column: 0
    Attributes: [53]
Location #638
    Mapping index: 10
    Address: 18444583
    Line #0
        Function index: 156
        Line: 407
        Column: 0
    Attributes: [53]
Location #639
    Mapping index: 10
    Address: 19428093
    Line #0
        Function index: 157
        Line: 552
        Column: 0
    Attributes: [53]
Location #640
    Mapping index: 10
    Address: 19501466
    Line #0
        Function index: 158
        Line: 57
        Column: 0
    Attributes: [53]
Location #641
    Mapping index: 10
    Address: 19500935
    Line #0
        Function index: 159
        Line: 47
        Column: 0
    Attributes: [53]
Location #642
    Mapping index: 10
    Address: 4740960
    Line #0
        Function index: 160
        Line: 1694
        Column: 0
    Attributes: [53]
Location #643
    Mapping index: 10
    Address: 18939748
    Line #0
        Function index: 161
        Line: 202
        Column: 0
    Attributes: [53]
Location #644
    Mapping index: 10
    Address: 18929350
    Line #0
        Function index: 162
        Line: 858
        Column: 0
    Attributes: [53]
Location #645
    Mapping index: 10
    Address: 18933225
    Line #0
        Function index: 145
        Line: 1010
        Column: 0
    Attributes: [53]
Location #646
    Mapping index: 10
    Address: 4740294
    Line #0
        Function index: 163
        Line: 806
        Column: 0
    Attributes: [53]
Location #647
    Mapping index: 10
    Address: 4488209
    Line #0
        Function index: 164
        Line: 248
        Column: 0
    Attributes: [53]
Location #648
    Mapping index: 10
    Address: 4370116
    Line #0
        Function index: 165
        Line: 240
        Column: 0
    Attributes: [53]
Location #649
    Mapping index: 10
    Address: 4369220
    Line #0
        Function index: 166
        Line: 222
        Column: 0
    Attributes: [53]
Location #650
    Mapping index: 10
    Address: 4378642
    Line #0
        Function index: 167
        Line: 1207
        Column: 0
    Attributes: [53]
Location #651
    Mapping index: 10
    Address: 4362713
    Line #0
        Function index: 168
        Line: 1542
        Column: 0
    Attributes: [53]
Location #652
    Mapping index: 10
    Address: 4733225
    Line #0
        Function index: 169
        Line: 517
        Column: 0
    Attributes: [53]
Location #653
    Mapping index: 10
    Address: 4361840
    Line #0
        Function index: 170
        Line: 1523
        Column: 0
    Attributes: [53]
Location #654
    Mapping index: 10
    Address: 4361284
    Line #0
        Function index: 171
        Line: 1373
        Column: 0
    Attributes: [53]
Location #655
    Mapping index: 7
    Address: 22329974
    Line #0
        Function index: 172
        Line: 0
        Column: 0
    Attributes: [32]
Location #656
    Mapping index: 7
    Address: 8029185
    Line #0
        Function index: 173
        Line: 0
        Column: 0
    Attributes: [32]
Location #657
    Mapping index: 7
    Address: 8034381
    Line #0
        Function index: 174
        Line: 0
        Column: 0
    Attributes: [32]
Location #658
    Mapping index: 7
    Address: 8276607
    Line #0
        Function index: 175
        Line: 0
        Column: 0
    Attributes: [32]
Location #659
    Mapping index: 7
    Address: 8289146
    Line #0
        Function index: 176
        Line: 0
        Column: 0
    Attributes: [32]
Location #660
    Mapping index: 7
    Address: 7805836
    Line #0
        Function index: 177
        Line: 0
        Column: 0
    Attributes: [32]
Location #661
    Mapping index: 7
    Address: 7806887
    Line #0
        Function index: 36
        Line: 0
        Column: 0
    Attributes: [32]
Location #662
    Mapping index: 10
    Address: 4744725
    Line #0
        Function index: 178
        Line: 122
        Column: 0
    Attributes: [53]
Location #663
    Mapping index: 10
    Address: 4719229
    Line #0
        Function index: 179
        Line: 285
        Column: 0
    Attributes: [53]
Location #664
    Mapping index: 10
    Address: 18900310
    Line #0
        Function index: 180
        Line: 119
        Column: 0
    Attributes: [53]
Location #665
    Mapping index: 10
    Address: 18933479
    Line #0
        Function index: 145
        Line: 1003
        Column: 0
    Attributes: [53]
Location #666
    Mapping index: 7
    Address: 6564259
    Line #0
        Function index: 181
        Line: 0
        Column: 0
    Attributes: [32]
Location #667
    Mapping index: 7
    Address: 6548654
    Line #0
        Function index: 182
        Line: 0
        Column: 0
    Attributes: [32]
Location #668
    Mapping index: 7
    Address: 6574650
    Line #0
        Function index: 183
        Line: 0
        Column: 0
    Attributes: [32]
Location #669
    Mapping index: 7
    Address: 6576780
    Line #0
        Function index: 184
        Line: 0
        Column: 0
    Attributes: [32]
Location #670
    Mapping index: 7
    Address: 3172050
    Line #0
        Function index: 58
        Line: 0
        Column: 0
    Attributes: [32]
Location #671
    Mapping index: 10
    Address: 4224397
    Line #0
        Function index: 185
        Line: 36
        Column: 0
    Attributes: [53]
Location #672
    Mapping index: 10
    Address: 4849036
    Line #0
        Function index: 186
        Line: 67
        Column: 0
    Attributes: [53]
Location #673
    Mapping index: 10
    Address: 4849125
    Line #0
        Function index: 187
        Line: 87
        Column: 0
    Attributes: [53]
Location #674
    Mapping index: 10
    Address: 4852909
    Line #0
        Function index: 188
        Line: 1
        Column: 0
    Attributes: [53]
Location #675
    Mapping index: 10
    Address: 17802355
    Line #0
        Function index: 189
        Line: 95
        Column: 0
    Attributes: [53]
Location #676
    Mapping index: 10
    Address: 18185741
    Line #0
        Function index: 190
        Line: 1420
        Column: 0
    Attributes: [53]
Location #677
    Mapping index: 10
    Address: 18185389
    Line #0
        Function index: 191
        Line: 1399
        Column: 0
    Attributes: [53]
Location #678
    Mapping index: 10
    Address: 19489045
    Line #0
        Function index: 192
        Line: 547
        Column: 0
    Attributes: [53]
Location #679
    Mapping index: 10
    Address: 19380040
    Line #0
        Function index: 193
        Line: 449
        Column: 0
    Attributes: [53]
Location #680
    Mapping index: 10
    Address: 19373291
    Line #0
        Function index: 151
        Line: 222
        Column: 0
    Attributes: [53]
Location #681
    Mapping index: 10
    Address: 18900387
    Line #0
        Function index: 180
        Line: 119
        Column: 0
    Attributes: [53]
Location #682
    Mapping index: 10
    Address: 18939744
    Line #0
        Function index: 161
        Line: 202
        Column: 0
    Attributes: [53]
Location #683
    Mapping index: 10
    Address: 4417085
    Line #0
        Function index: 194
        Line: 1443
        Column: 0
    Attributes: [53]
Location #684
    Mapping index: 10
    Address: 4416534
    Line #0
        Function index: 195
        Line: 1400
        Column: 0
    Attributes: [53]
Location #685
    Mapping index: 10
    Address: 4414555
    Line #0
        Function index: 196
        Line: 1017
        Column: 0
    Attributes: [53]
Location #686
    Mapping index: 10
    Address: 4414394
    Line #0
        Function index: 197
        Line: 1011
        Column: 0
    Attributes: [53]
Location #687
    Mapping index: 10
    Address: 4328405
    Line #0
        Function index: 198
        Line: 254
        Column: 0
    Attributes: [53]
Location #688
    Mapping index: 10
    Address: 4328045
    Line #0
        Function index: 199
        Line: 172
        Column: 0
    Attributes: [53]
Location #689
    Mapping index: 10
    Address: 4325522
    Line #0
        Function index: 200
        Line: 185
        Column: 0
    Attributes: [53]
Location #690
    Mapping index: 10
    Address: 4310653
    Line #0
        Function index: 201
        Line: 970
        Column: 0
    Attributes: [53]
Location #691
    Mapping index: 10
    Address: 4312900
    Line #0
        Function index: 202
        Line: 1430
        Column: 0
    Attributes: [53]
Location #692
    Mapping index: 10
    Address: 4699204
    Line #0
        Function index: 203
        Line: 1066
        Column: 0
    Attributes: [53]
Location #693
    Mapping index: 10
    Address: 4315716
    Line #0
        Function index: 204
        Line: 1747
        Column: 0
    Attributes: [53]
Location #694
    Mapping index: 10
    Address: 18932397
    Line #0
        Function index: 145
        Line: 985
        Column: 0
    Attributes: [53]
Location #695
    Mapping index: 7
    Address: 6564251
    Line #0
        Function index: 181
        Line: 0
        Column: 0
    Attributes: [32]
Location #696
    Mapping index: 10
    Address: 4624608
    Line #0
        Function index: 205
        Line: 1006
        Column: 0
    Attributes: [53]
Location #697
    Mapping index: 10
    Address: 4526512
    Line #0
        Function index: 206
        Line: 4138
        Column: 0
    Attributes: [53]
Location #698
    Mapping index: 10
    Address: 4527652
    Line #0
        Function index: 207
        Line: 4267
        Column: 0
    Attributes: [53]
Location #699
    Mapping index: 10
    Address: 4733108
    Line #0
        Function index: 208
        Line: 462
        Column: 0
    Attributes: [53]
Location #700
    Mapping index: 7
    Address: 8486699
    Line #0
        Function index: 209
        Line: 0
        Column: 0
    Attributes: [32]
Location #701
    Mapping index: 7
    Address: 8517427
    Line #0
        Function index: 210
        Line: 0
        Column: 0
    Attributes: [32]
Location #702
    Mapping index: 7
    Address: 8523564
    Line #0
        Function index: 211
        Line: 0
        Column: 0
    Attributes: [32]
Location #703
    Mapping index: 7
    Address: 7805862
    Line #0
        Function index: 177
        Line: 0
        Column: 0
    Attributes: [32]
Location #704
    Mapping index: 7
    Address: 12357817
    Line #0
        Function index: 212
        Line: 0
        Column: 0
    Attributes: [32]
Location #705
    Mapping index: 7
    Address: 4005048
    Line #0
        Function index: 40
        Line: 0
        Column: 0
    Attributes: [32]
Location #706
    Mapping index: 10
    Address: 4729689
    Line #0
        Function index: 213
        Line: 1267
        Column: 0
    Attributes: [53]
Location #707
    Mapping index: 10
    Address: 4271091
    Line #0
        Function index: 214
        Line: 41
        Column: 0
    Attributes: [53]
Location #708
    Mapping index: 10
    Address: 4261744
    Line #0
        Function index: 215
        Line: 141
        Column: 0
    Attributes: [53]
Location #709
    Mapping index: 10
    Address: 19380920
    Line #0
        Function index: 216
        Line: 506
        Column: 0
    Attributes: [53]
Location #710
    Mapping index: 10
    Address: 19379752
    Line #0
        Function index: 193
        Line: 437
        Column: 0
    Attributes: [53]
Location #711
    Mapping index: 10
    Address: 4262034
    Line #0
        Function index: 217
        Line: 154
        Column: 0
    Attributes: [53]
Location #712
    Mapping index: 7
    Address: 12357811
    Line #0
        Function index: 212
        Line: 0
        Column: 0
    Attributes: [32]
Location #713
    Mapping index: 7
    Address: 8124764
    Line #0
        Function index: 218
        Line: 0
        Column: 0
    Attributes: [32]
Location #714
    Mapping index: 7
    Address: 8605260
    Line #0
        Function index: 219
        Line: 0
        Column: 0
    Attributes: [32]
Location #715
    Mapping index: 7
    Address: 8605422
    Line #0
        Function index: 220
        Line: 0
        Column: 0
    Attributes: [32]
Location #716
    Mapping index: 7
    Address: 8605584
    Line #0
        Function index: 221
        Line: 0
        Column: 0
    Attributes: [32]
Location #717
    Mapping index: 7
    Address: 6564296
    Line #0
        Function index: 181
        Line: 0
        Column: 0
    Attributes: [32]
Location #718
    Mapping index: 10
    Address: 4262016
    Line #0
        Function index: 217
        Line: 154
        Column: 0
    Attributes: [53]
Location #719
    Mapping index: 3
    Address: 10635127
    Attributes: [2]
Location #720
    Mapping index: 7
    Address: 22448870
    Line #0
        Function index: 222
        Line: 0
        Column: 0
    Attributes: [32]
Location #721
    Mapping index: 7
    Address: 7807025
    Line #0
        Function index: 36
        Line: 0
        Column: 0
    Attributes: [32]
Location #722
    Mapping index: 2
    Address: 705818
    Attributes: [2]
Location #723
    Mapping index: 2
    Address: 710673
    Attributes: [2]
Location #724
    Mapping index: 11
    Address: 801283
    Attributes: [2]
Location #725
    Mapping index: 3
    Address: 10657096
    Attributes: [2]
Location #726
    Mapping index: 3
    Address: 10635302
    Attributes: [2]
Location #727
    Mapping index: 3
    Address: 15289456
    Attributes: [2]
Location #728
    Mapping index: 3
    Address: 34520566
    Attributes: [2]
Location #729
    Mapping index: 3
    Address: 34562795
    Attributes: [2]
Location #730
    Mapping index: 3
    Address: 34525832
    Attributes: [2]
Location #731
    Mapping index: 3
    Address: 34529070
    Attributes: [2]
Location #732
    Mapping index: 3
    Address: 34530030
    Attributes: [2]
Location #733
    Mapping index: 3
    Address: 34530968
    Attributes: [2]
Location #734
    Mapping index: 3
    Address: 34552201
    Attributes: [2]
Location #735
    Mapping index: 3
    Address: 34530910
    Attributes: [2]
Location #736
    Mapping index: 3
    Address: 34541840
    Attributes: [2]
Location #737
    Mapping index: 3
    Address: 34538245
    Attributes: [2]
Location #738
    Mapping index: 3
    Address: 34542007
    Attributes: [2]
Location #739
    Mapping index: 3
    Address: 34543475
    Attributes: [2]
Location #740
    Mapping index: 3
    Address: 34500859
    Attributes: [2]
Location #741
    Mapping index: 3
    Address: 34328029
    Attributes: [2]
Location #742
    Mapping index: 3
    Address: 20281145
    Attributes: [2]
Location #743
    Mapping index: 3
    Address: 20924482
    Attributes: [2]
Location #744
    Mapping index: 3
    Address: 22667700
    Attributes: [2]
Location #745
    Mapping index: 3
    Address: 12880861
    Attributes: [2]
Location #746
    Mapping index: 3
    Address: 14808144
    Attributes: [2]
Location #747
    Mapping index: 3
    Address: 13020239
    Attributes: [2]
Location #748
    Mapping index: 3
    Address: 15443269
    Attributes: [2]
Location #749
    Mapping index: 3
    Address: 15441483
    Attributes: [2]
Location #750
    Mapping index: 3
    Address: 15377151
    Attributes: [2]
Location #751
    Mapping index: 3
    Address: 15781127
    Attributes: [2]
Location #752
    Mapping index: 3
    Address: 15388468
    Attributes: [2]
Location #753
    Mapping index: 3
    Address: 15356336
    Attributes: [2]
Location #754
    Mapping index: 3
    Address: 15705287
    Attributes: [2]
Location #755
    Mapping index: 3
    Address: 15356553
    Attributes: [2]
Location #756
    Mapping index: 3
    Address: 15346574
    Attributes: [2]
Location #757
    Mapping index: 3
    Address: 15347685
    Attributes: [2]
Location #758
    Mapping index: 3
    Address: 21616507
    Attributes: [2]
Location #759
    Mapping index: 3
    Address: 21618848
    Attributes: [2]
Location #760
    Mapping index: 3
    Address: 25240858
    Attributes: [2]
Location #761
    Mapping index: 3
    Address: 27251010
    Attributes: [2]
Location #762
    Mapping index: 3
    Address: 12143157
    Attributes: [2]
Location #763
    Mapping index: 5
    Address: 21064430
    Attributes: [2]
Location #764
    Mapping index: 5
    Address: 21058734
    Attributes: [2]
Location #765
    Mapping index: 5
    Address: 21063222
    Attributes: [2]
Location #766
    Mapping index: 5
    Address: 23222022
    Attributes: [2]
Location #767
    Mapping index: 5
    Address: 23218397
    Attributes: [2]
Location #768
    Mapping index: 5
    Address: 23210291
    Attributes: [2]
Location #769
    Mapping index: 5
    Address: 18359992
    Attributes: [2]
Location #770
    Mapping index: 5
    Address: 15693681
    Attributes: [2]
Location #771
    Mapping index: 5
    Address: 15717107
    Attributes: [2]
Location #772
    Mapping index: 5
    Address: 15695518
    Attributes: [2]
Location #773
    Mapping index: 3
    Address: 29455119
    Attributes: [2]
Location #774
    Mapping index: 3
    Address: 33159686
    Attributes: [2]
Location #775
    Mapping index: 3
    Address: 12153813
    Attributes: [2]
Location #776
    Mapping index: 3
    Address: 25988489
    Attributes: [2]
Location #777
    Mapping index: 3
    Address: 23964345
    Attributes: [2]
Location #778
    Mapping index: 3
    Address: 12476403
    Attributes: [2]
Location #779
    Mapping index: 3
    Address: 15250483
    Attributes: [2]
Location #780
    Mapping index: 3
    Address: 23990528
    Attributes: [2]
Location #781
    Mapping index: 3
    Address: 23990276
    Attributes: [2]
Location #782
    Mapping index: 3
    Address: 24007483
    Attributes: [2]
Location #783
    Mapping index: 3
    Address: 23999947
    Attributes: [2]
Location #784
    Mapping index: 3
    Address: 22445551
    Attributes: [2]
Location #785
    Mapping index: 3
    Address: 12521211
    Attributes: [2]
Location #786
    Mapping index: 3
    Address: 12463831
    Attributes: [2]
Location #787
    Mapping index: 3
    Address: 12853539
    Attributes: [2]
Location #788
    Mapping index: 3
    Address: 12478534
    Attributes: [2]
Location #789
    Mapping index: 3
    Address: 34628587
    Attributes: [2]
Location #790
    Mapping index: 3
    Address: 34627776
    Attributes: [2]
Location #791
    Mapping index: 3
    Address: 20281413
    Attributes: [2]
Location #792
    Mapping index: 5
    Address: 35084055
    Attributes: [2]
Location #793
    Mapping index: 5
    Address: 27237242
    Attributes: [2]
Location #794
    Mapping index: 5
    Address: 27242404
    Attributes: [2]
Location #795
    Mapping index: 5
    Address: 27424785
    Attributes: [2]
Location #796
    Mapping index: 5
    Address: 33406574
    Attributes: [2]
Location #797
    Mapping index: 5
    Address: 66251061
    Attributes: [2]
Location #798
    Mapping index: 5
    Address: 15917664
    Attributes: [2]
Location #799
    Mapping index: 3
    Address: 29488527
    Attributes: [2]
Location #800
    Mapping index: 3
    Address: 29454066
    Attributes: [2]
Location #801
    Mapping index: 3
    Address: 17664728
    Attributes: [2]
Location #802
    Mapping index: 3
    Address: 34324157
    Attributes: [2]
Location #803
    Mapping index: 3
    Address: 34324385
    Attributes: [2]
Location #804
    Mapping index: 3
    Address: 34323732
    Attributes: [2]
Location #805
    Mapping index: 3
    Address: 33222027
    Attributes: [2]
Location #806
    Mapping index: 3
    Address: 21665519
    Attributes: [2]
Location #807
    Mapping index: 3
    Address: 21657625
    Attributes: [2]
Location #808
    Mapping index: 3
    Address: 24060241
    Attributes: [2]
Location #809
    Mapping index: 3
    Address: 12451325
    Attributes: [2]
Location #810
    Mapping index: 3
    Address: 12143614
    Attributes: [2]
Location #811
    Mapping index: 3
    Address: 21610578
    Attributes: [2]
Location #812
    Mapping index: 3
    Address: 21618928
    Attributes: [2]
Location #813
    Mapping index: 3
    Address: 24241131
    Attributes: [2]
Location #814
    Mapping index: 3
    Address: 12878783
    Attributes: [2]
Location #815
    Mapping index: 3
    Address: 12854687
    Attributes: [2]
Location #816
    Mapping index: 3
    Address: 15322085
    Attributes: [2]
Location #817
    Mapping index: 3
    Address: 15324712
    Attributes: [2]
Location #818
    Mapping index: 3
    Address: 24163863
    Attributes: [2]
Location #819
    Mapping index: 3
    Address: 24161840
    Attributes: [2]
Location #820
    Mapping index: 7
    Address: 7422033
    Line #0
        Function index: 223
        Line: 0
        Column: 0
    Attributes: [32]
Location #821
    Mapping index: 7
    Address: 7422347
    Line #0
        Function index: 224
        Line: 0
        Column: 0
    Attributes: [32]
Location #822
    Mapping index: 7
    Address: 7424542
    Line #0
        Function index: 225
        Line: 0
        Column: 0
    Attributes: [32]
Location #823
    Mapping index: 7
    Address: 7807258
    Line #0
        Function index: 36
        Line: 0
        Column: 0
    Attributes: [32]
Location #824
    Mapping index: 3
    Address: 34555763
    Attributes: [2]
Location #825
    Mapping index: 3
    Address: 34525821
    Attributes: [2]
Location #826
    Mapping index: 3
    Address: 34543153
    Attributes: [2]
Location #827
    Mapping index: 5
    Address: 13881285
    Attributes: [2]
Location #828
    Mapping index: 5
    Address: 27270691
    Attributes: [2]
Location #829
    Mapping index: 5
    Address: 27262969
    Attributes: [2]
Location #830
    Mapping index: 5
    Address: 31179928
    Attributes: [2]
Location #831
    Mapping index: 5
    Address: 31175437
    Attributes: [2]
Location #832
    Mapping index: 5
    Address: 66351253
    Attributes: [2]
Location #833
    Mapping index: 5
    Address: 15922512
    Attributes: [2]
Location #834
    Mapping index: 5
    Address: 48840117
    Attributes: [2]
Location #835
    Mapping index: 5
    Address: 15936815
    Attributes: [2]
Location #836
    Mapping index: 5
    Address: 48839589
    Attributes: [2]
Location #837
    Mapping index: 3
    Address: 12141888
    Attributes: [2]
Location #838
    Mapping index: 3
    Address: 12875132
    Attributes: [2]
Location #839
    Mapping index: 3
    Address: 30917893
    Attributes: [2]
Location #840
    Mapping index: 3
    Address: 31747083
    Attributes: [2]
Location #841
    Mapping index: 3
    Address: 31298069
    Attributes: [2]
Location #842
    Mapping index: 3
    Address: 31308892
    Attributes: [2]
Location #843
    Mapping index: 3
    Address: 31290785
    Attributes: [2]
Location #844
    Mapping index: 3
    Address: 31289746
    Attributes: [2]
Location #845
    Mapping index: 3
    Address: 32811994
    Attributes: [2]
Location #846
    Mapping index: 3
    Address: 32814493
    Attributes: [2]
Location #847
    Mapping index: 5
    Address: 15543531
    Attributes: [2]
Location #848
    Mapping index: 5
    Address: 15007444
    Attributes: [2]
Location #849
    Mapping index: 5
    Address: 28734111
    Attributes: [2]
Location #850
    Mapping index: 5
    Address: 28741873
    Attributes: [2]
Location #851
    Mapping index: 5
    Address: 28740618
    Attributes: [2]
Location #852
    Mapping index: 3
    Address: 29517077
    Attributes: [2]
Location #853
    Mapping index: 5
    Address: 35279959
    Attributes: [2]
Location #854
    Mapping index: 5
    Address: 48847013
    Attributes: [2]
Location #855
    Mapping index: 5
    Address: 35267938
    Attributes: [2]
Location #856
    Mapping index: 5
    Address: 32603797
    Attributes: [2]
Location #857
    Mapping index: 5
    Address: 35275318
    Attributes: [2]
Location #858
    Mapping index: 5
    Address: 32605477
    Attributes: [2]
Location #859
    Mapping index: 5
    Address: 35273024
    Attributes: [2]
Location #860
    Mapping index: 5
    Address: 32604949
    Attributes: [2]
Location #861
    Mapping index: 5
    Address: 32593227
    Attributes: [2]
Location #862
    Mapping index: 5
    Address: 66211733
    Attributes: [2]
Location #863
    Mapping index: 3
    Address: 10881499
    Attributes: [2]
Location #864
    Mapping index: 3
    Address: 12138478
    Attributes: [2]
Location #865
    Mapping index: 3
    Address: 12115249
    Attributes: [2]
Location #866
    Mapping index: 3
    Address: 12148818
    Attributes: [2]
Location #867
    Mapping index: 3
    Address: 12152107
    Attributes: [2]
Location #868
    Mapping index: 3
    Address: 12851117
    Attributes: [2]
Location #869
    Mapping index: 7
    Address: 22447056
    Line #0
        Function index: 226
        Line: 0
        Column: 0
    Attributes: [32]
Location #870
    Mapping index: 7
    Address: 8002275
    Line #0
        Function index: 227
        Line: 0
        Column: 0
    Attributes: [32]
Location #871
    Mapping index: 7
    Address: 8022980
    Line #0
        Function index: 228
        Line: 0
        Column: 0
    Attributes: [32]
Location #872
    Mapping index: 7
    Address: 7582330
    Line #0
        Function index: 229
        Line: 0
        Column: 0
    Attributes: [32]
Location #873
    Mapping index: 7
    Address: 7587234
    Line #0
        Function index: 230
        Line: 0
        Column: 0
    Attributes: [32]
Location #874
    Mapping index: 7
    Address: 4411081
    Line #0
        Function index: 231
        Line: 0
        Column: 0
    Attributes: [32]
Location #875
    Mapping index: 7
    Address: 4412409
    Line #0
        Function index: 232
        Line: 0
        Column: 0
    Attributes: [32]
Location #876
    Mapping index: 7
    Address: 4461015
    Line #0
        Function index: 233
        Line: 0
        Column: 0
    Attributes: [32]
Location #877
    Mapping index: 7
    Address: 3573443
    Line #0
        Function index: 234
        Line: 0
        Column: 0
    Attributes: [32]
Location #878
    Mapping index: 7
    Address: 3163321
    Line #0
        Function index: 235
        Line: 0
        Column: 0
    Attributes: [32]
Location #879
    Mapping index: 3
    Address: 23949951
    Attributes: [2]
Location #880
    Mapping index: 3
    Address: 25711721
    Attributes: [2]
Location #881
    Mapping index: 3
    Address: 25701853
    Attributes: [2]
Location #882
    Mapping index: 3
    Address: 25716363
    Attributes: [2]
Location #883
    Mapping index: 3
    Address: 12457660
    Attributes: [2]
Location #884
    Mapping index: 3
    Address: 12448257
    Attributes: [2]
Location #885
    Mapping index: 3
    Address: 21719298
    Attributes: [2]
Location #886
    Mapping index: 3
    Address: 21721786
    Attributes: [2]
Location #887
    Mapping index: 3
    Address: 21618574
    Attributes: [2]
Location #888
    Mapping index: 3
    Address: 21618817
    Attributes: [2]
Location #889
    Mapping index: 3
    Address: 15275545
    Attributes: [2]
Location #890
    Mapping index: 3
    Address: 15275262
    Attributes: [2]
Location #891
    Mapping index: 3
    Address: 23956598
    Attributes: [2]
Location #892
    Mapping index: 3
    Address: 21415662
    Attributes: [2]
Location #893
    Mapping index: 7
    Address: 8014899
    Line #0
        Function index: 236
        Line: 0
        Column: 0
    Attributes: [32]
Location #894
    Mapping index: 7
    Address: 8017302
    Line #0
        Function index: 237
        Line: 0
        Column: 0
    Attributes: [32]
Location #895
    Mapping index: 7
    Address: 8017681
    Line #0
        Function index: 238
        Line: 0
        Column: 0
    Attributes: [32]
Location #896
    Mapping index: 7
    Address: 8021496
    Line #0
        Function index: 239
        Line: 0
        Column: 0
    Attributes: [32]
Location #897
    Mapping index: 7
    Address: 8028738
    Line #0
        Function index: 173
        Line: 0
        Column: 0
    Attributes: [32]
Location #898
    Mapping index: 3
    Address: 34505292
    Attributes: [2]
Location #899
    Mapping index: 3
    Address: 34529658
    Attributes: [2]
Location #900
    Mapping index: 5
    Address: 14660314
    Attributes: [2]
Location #901
    Mapping index: 5
    Address: 26394258
    Attributes: [2]
Location #902
    Mapping index: 5
    Address: 27508377
    Attributes: [2]
Location #903
    Mapping index: 5
    Address: 27504478
    Attributes: [2]
Location #904
    Mapping index: 5
    Address: 31503193
    Attributes: [2]
Location #905
    Mapping index: 5
    Address: 31501463
    Attributes: [2]
Location #906
    Mapping index: 5
    Address: 31497624
    Attributes: [2]
Location #907
    Mapping index: 5
    Address: 34801493
    Attributes: [2]
Location #908
    Mapping index: 3
    Address: 12143173
    Attributes: [2]
Function #0
    Name: 0
    System name: 0
    Filename: 0
    Start line: 0
Function #1
    Name: 17
    System name: 0
    Filename: 0
    Start line: 0
Function #2
    Name: 18
    System name: 0
    Filename: 0
    Start line: 0
Function #3
    Name: 19
    System name: 0
    Filename: 20
    Start line: 0
Function #4
    Name: 21
    System name: 0
    Filename: 22
    Start line: 0
Function #5
    Name: 23
    System name: 0
    Filename: 24
    Start line: 0
Function #6
    Name: 25
    System name: 0
    Filename: 24
    Start line: 0
Function #7
    Name: 26
    System name: 0
    Filename: 24
    Start line: 0
Function #8
    Name: 27
    System name: 0
    Filename: 24
    Start line: 0
Function #9
    Name: 28
    System name: 0
    Filename: 24
    Start line: 0
Function #10
    Name: 29
    System name: 0
    Filename: 24
    Start line: 0
Function #11
    Name: 30
    System name: 0
    Filename: 0
    Start line: 0
Function #12
    Name: 31
    System name: 0
    Filename: 0
    Start line: 0
Function #13
    Name: 32
    System name: 0
    Filename: 0
    Start line: 0
Function #14
    Name: 33
    System name: 0
    Filename: 34
    Start line: 0
Function #15
    Name: 35
    System name: 0
    Filename: 0
    Start line: 0
Function #16
    Name: 36
    System name: 0
    Filename: 0
    Start line: 0
Function #17
    Name: 37
    System name: 0
    Filename: 38
    Start line: 0
Function #18
    Name: 39
    System name: 0
    Filename: 38
    Start line: 0
Function #19
    Name: 40
    System name: 0
    Filename: 41
    Start line: 0
Function #20
    Name: 42
    System name: 0
    Filename: 41
    Start line: 0
Function #21
    Name: 43
    System name: 0
    Filename: 20
    Start line: 0
Function #22
    Name: 44
    System name: 0
    Filename: 20
    Start line: 0
Function #23
    Name: 45
    System name: 0
    Filename: 46
    Start line: 0
Function #24
    Name: 47
    System name: 0
    Filename: 48
    Start line: 0
Function #25
    Name: 49
    System name: 0
    Filename: 48
    Start line: 0
Function #26
    Name: 50
    System name: 0
    Filename: 24
    Start line: 0
Function #27
    Name: 51
    System name: 0
    Filename: 48
    Start line: 0
Function #28
    Name: 52
    System name: 0
    Filename: 24
    Start line: 0
Function #29
    Name: 53
    System name: 0
    Filename: 54
    Start line: 0
Function #30
    Name: 55
    System name: 0
    Filename: 56
    Start line: 0
Function #31
    Name: 57
    System name: 0
    Filename: 38
    Start line: 0
Function #32
    Name: 58
    System name: 0
    Filename: 59
    Start line: 0
Function #33
    Name: 55
    System name: 0
    Filename: 60
    Start line: 0
Function #34
    Name: 61
    System name: 0
    Filename: 54
    Start line: 0
Function #35
    Name: 63
    System name: 0
    Filename: 0
    Start line: 0
Function #36
    Name: 64
    System name: 0
    Filename: 0
    Start line: 0
Function #37
    Name: 65
    System name: 0
    Filename: 0
    Start line: 0
Function #38
    Name: 66
    System name: 0
    Filename: 0
    Start line: 0
Function #39
    Name: 67
    System name: 0
    Filename: 0
    Start line: 0
Function #40
    Name: 68
    System name: 0
    Filename: 0
    Start line: 0
Function #41
    Name: 69
    System name: 0
    Filename: 0
    Start line: 0
Function #42
    Name: 70
    System name: 0
    Filename: 0
    Start line: 0
Function #43
    Name: 71
    System name: 0
    Filename: 72
    Start line: 0
Function #44
    Name: 55
    System name: 0
    Filename: 59
    Start line: 0
Function #45
    Name: 73
    System name: 0
    Filename: 74
    Start line: 0
Function #46
    Name: 52
    System name: 0
    Filename: 74
    Start line: 0
Function #47
    Name: 75
    System name: 0
    Filename: 76
    Start line: 0
Function #48
    Name: 77
    System name: 0
    Filename: 46
    Start line: 0
Function #49
    Name: 78
    System name: 0
    Filename: 46
    Start line: 0
Function #50
    Name: 79
    System name: 0
    Filename: 46
    Start line: 0
Function #51
    Name: 80
    System name: 0
    Filename: 46
    Start line: 0
Function #52
    Name: 81
    System name: 0
    Filename: 0
    Start line: 0
Function #53
    Name: 82
    System name: 0
    Filename: 0
    Start line: 0
Function #54
    Name: 83
    System name: 0
    Filename: 0
    Start line: 0
Function #55
    Name: 84
    System name: 0
    Filename: 0
    Start line: 0
Function #56
    Name: 85
    System name: 0
    Filename: 0
    Start line: 0
Function #57
    Name: 86
    System name: 0
    Filename: 0
    Start line: 0
Function #58
    Name: 87
    System name: 0
    Filename: 0
    Start line: 0
Function #59
    Name: 88
    System name: 0
    Filename: 0
    Start line: 0
Function #60
    Name: 89
    System name: 0
    Filename: 0
    Start line: 0
Function #61
    Name: 90
    System name: 0
    Filename: 91
    Start line: 0
Function #62
    Name: 92
    System name: 0
    Filename: 93
    Start line: 0
Function #63
    Name: 94
    System name: 0
    Filename: 74
    Start line: 0
Function #64
    Name: 95
    System name: 0
    Filename: 96
    Start line: 0
Function #65
    Name: 97
    System name: 0
    Filename: 96
    Start line: 0
Function #66
    Name: 98
    System name: 0
    Filename: 96
    Start line: 0
Function #67
    Name: 99
    System name: 0
    Filename: 100
    Start line: 0
Function #68
    Name: 101
    System name: 0
    Filename: 100
    Start line: 0
Function #69
    Name: 102
    System name: 0
    Filename: 103
    Start line: 0
Function #70
    Name: 104
    System name: 0
    Filename: 105
    Start line: 0
Function #71
    Name: 106
    System name: 0
    Filename: 105
    Start line: 0
Function #72
    Name: 107
    System name: 0
    Filename: 105
    Start line: 0
Function #73
    Name: 108
    System name: 0
    Filename: 105
    Start line: 0
Function #74
    Name: 55
    System name: 0
    Filename: 105
    Start line: 0
Function #75
    Name: 109
    System name: 0
    Filename: 110
    Start line: 0
Function #76
    Name: 111
    System name: 0
    Filename: 112
    Start line: 0
Function #77
    Name: 113
    System name: 0
    Filename: 112
    Start line: 0
Function #78
    Name: 114
    System name: 0
    Filename: 115
    Start line: 0
Function #79
    Name: 116
    System name: 0
    Filename: 115
    Start line: 0
Function #80
    Name: 117
    System name: 0
    Filename: 118
    Start line: 0
Function #81
    Name: 119
    System name: 0
    Filename: 118
    Start line: 0
Function #82
    Name: 120
    System name: 0
    Filename: 118
    Start line: 0
Function #83
    Name: 121
    System name: 0
    Filename: 118
    Start line: 0
Function #84
    Name: 52
    System name: 0
    Filename: 118
    Start line: 0
Function #85
    Name: 122
    System name: 0
    Filename: 123
    Start line: 0
Function #86
    Name: 124
    System name: 0
    Filename: 123
    Start line: 0
Function #87
    Name: 125
    System name: 0
    Filename: 123
    Start line: 0
Function #88
    Name: 126
    System name: 0
    Filename: 123
    Start line: 0
Function #89
    Name: 127
    System name: 0
    Filename: 123
    Start line: 0
Function #90
    Name: 128
    System name: 0
    Filename: 123
    Start line: 0
Function #91
    Name: 129
    System name: 0
    Filename: 130
    Start line: 0
Function #92
    Name: 55
    System name: 0
    Filename: 130
    Start line: 0
Function #93
    Name: 131
    System name: 0
    Filename: 130
    Start line: 0
Function #94
    Name: 132
    System name: 0
    Filename: 130
    Start line: 0
Function #95
    Name: 133
    System name: 0
    Filename: 130
    Start line: 0
Function #96
    Name: 134
    System name: 0
    Filename: 0
    Start line: 0
Function #97
    Name: 135
    System name: 0
    Filename: 0
    Start line: 0
Function #98
    Name: 136
    System name: 0
    Filename: 0
    Start line: 0
Function #99
    Name: 137
    System name: 0
    Filename: 0
    Start line: 0
Function #100
    Name: 138
    System name: 0
    Filename: 105
    Start line: 0
Function #101
    Name: 139
    System name: 0
    Filename: 105
    Start line: 0
Function #102
    Name: 140
    System name: 0
    Filename: 105
    Start line: 0
Function #103
    Name: 141
    System name: 0
    Filename: 105
    Start line: 0
Function #104
    Name: 142
    System name: 0
    Filename: 118
    Start line: 0
Function #105
    Name: 143
    System name: 0
    Filename: 144
    Start line: 0
Function #106
    Name: 145
    System name: 0
    Filename: 146
    Start line: 0
Function #107
    Name: 147
    System name: 0
    Filename: 146
    Start line: 0
Function #108
    Name: 148
    System name: 0
    Filename: 149
    Start line: 0
Function #109
    Name: 150
    System name: 0
    Filename: 149
    Start line: 0
Function #110
    Name: 151
    System name: 0
    Filename: 149
    Start line: 0
Function #111
    Name: 152
    System name: 0
    Filename: 149
    Start line: 0
Function #112
    Name: 153
    System name: 0
    Filename: 149
    Start line: 0
Function #113
    Name: 154
    System name: 0
    Filename: 155
    Start line: 0
Function #114
    Name: 156
    System name: 0
    Filename: 157
    Start line: 0
Function #115
    Name: 158
    System name: 0
    Filename: 157
    Start line: 0
Function #116
    Name: 159
    System name: 0
    Filename: 160
    Start line: 0
Function #117
    Name: 161
    System name: 0
    Filename: 160
    Start line: 0
Function #118
    Name: 162
    System name: 0
    Filename: 160
    Start line: 0
Function #119
    Name: 163
    System name: 0
    Filename: 164
    Start line: 0
Function #120
    Name: 165
    System name: 0
    Filename: 144
    Start line: 0
Function #121
    Name: 166
    System name: 0
    Filename: 144
    Start line: 0
Function #122
    Name: 167
    System name: 0
    Filename: 144
    Start line: 0
Function #123
    Name: 168
    System name: 0
    Filename: 146
    Start line: 0
Function #124
    Name: 170
    System name: 0
    Filename: 171
    Start line: 0
Function #125
    Name: 172
    System name: 0
    Filename: 171
    Start line: 0
Function #126
    Name: 173
    System name: 0
    Filename: 171
    Start line: 0
Function #127
    Name: 174
    System name: 0
    Filename: 175
    Start line: 0
Function #128
    Name: 176
    System name: 0
    Filename: 171
    Start line: 0
Function #129
    Name: 177
    System name: 0
    Filename: 157
    Start line: 0
Function #130
    Name: 178
    System name: 0
    Filename: 146
    Start line: 0
Function #131
    Name: 179
    System name: 0
    Filename: 180
    Start line: 0
Function #132
    Name: 181
    System name: 0
    Filename: 182
    Start line: 0
Function #133
    Name: 183
    System name: 0
    Filename: 182
    Start line: 0
Function #134
    Name: 184
    System name: 0
    Filename: 182
    Start line: 0
Function #135
    Name: 181
    System name: 0
    Filename: 185
    Start line: 0
Function #136
    Name: 184
    System name: 0
    Filename: 185
    Start line: 0
Function #137
    Name: 187
    System name: 0
    Filename: 188
    Start line: 0
Function #138
    Name: 189
    System name: 0
    Filename: 188
    Start line: 0
Function #139
    Name: 190
    System name: 0
    Filename: 188
    Start line: 0
Function #140
    Name: 191
    System name: 0
    Filename: 188
    Start line: 0
Function #141
    Name: 192
    System name: 0
    Filename: 193
    Start line: 0
Function #142
    Name: 194
    System name: 0
    Filename: 144
    Start line: 0
Function #143
    Name: 195
    System name: 0
    Filename: 144
    Start line: 0
Function #144
    Name: 196
    System name: 0
    Filename: 146
    Start line: 0
Function #145
    Name: 199
    System name: 0
    Filename: 200
    Start line: 0
Function #146
    Name: 201
    System name: 0
    Filename: 200
    Start line: 0
Function #147
    Name: 202
    System name: 0
    Filename: 200
    Start line: 0
Function #148
    Name: 203
    System name: 0
    Filename: 204
    Start line: 0
Function #149
    Name: 205
    System name: 0
    Filename: 204
    Start line: 0
Function #150
    Name: 206
    System name: 0
    Filename: 207
    Start line: 0
Function #151
    Name: 208
    System name: 0
    Filename: 209
    Start line: 0
Function #152
    Name: 210
    System name: 0
    Filename: 211
    Start line: 0
Function #153
    Name: 212
    System name: 0
    Filename: 211
    Start line: 0
Function #154
    Name: 213
    System name: 0
    Filename: 214
    Start line: 0
Function #155
    Name: 215
    System name: 0
    Filename: 214
    Start line: 0
Function #156
    Name: 216
    System name: 0
    Filename: 214
    Start line: 0
Function #157
    Name: 217
    System name: 0
    Filename: 211
    Start line: 0
Function #158
    Name: 218
    System name: 0
    Filename: 219
    Start line: 0
Function #159
    Name: 220
    System name: 0
    Filename: 219
    Start line: 0
Function #160
    Name: 221
    System name: 0
    Filename: 222
    Start line: 0
Function #161
    Name: 223
    System name: 0
    Filename: 224
    Start line: 0
Function #162
    Name: 225
    System name: 0
    Filename: 200
    Start line: 0
Function #163
    Name: 226
    System name: 0
    Filename: 222
    Start line: 0
Function #164
    Name: 227
    System name: 0
    Filename: 228
    Start line: 0
Function #165
    Name: 229
    System name: 0
    Filename: 230
    Start line: 0
Function #166
    Name: 231
    System name: 0
    Filename: 230
    Start line: 0
Function #167
    Name: 232
    System name: 0
    Filename: 230
    Start line: 0
Function #168
    Name: 233
    System name: 0
    Filename: 234
    Start line: 0
Function #169
    Name: 235
    System name: 0
    Filename: 222
    Start line: 0
Function #170
    Name: 236
    System name: 0
    Filename: 234
    Start line: 0
Function #171
    Name: 237
    System name: 0
    Filename: 234
    Start line: 0
Function #172
    Name: 238
    System name: 0
    Filename: 0
    Start line: 0
Function #173
    Name: 239
    System name: 0
    Filename: 0
    Start line: 0
Function #174
    Name: 240
    System name: 0
    Filename: 0
    Start line: 0
Function #175
    Name: 241
    System name: 0
    Filename: 0
    Start line: 0
Function #176
    Name: 242
    System name: 0
    Filename: 0
    Start line: 0
Function #177
    Name: 243
    System name: 0
    Filename: 0
    Start line: 0
Function #178
    Name: 244
    System name: 0
    Filename: 245
    Start line: 0
Function #179
    Name: 246
    System name: 0
    Filename: 247
    Start line: 0
Function #180
    Name: 248
    System name: 0
    Filename: 249
    Start line: 0
Function #181
    Name: 250
    System name: 0
    Filename: 0
    Start line: 0
Function #182
    Name: 251
    System name: 0
    Filename: 0
    Start line: 0
Function #183
    Name: 252
    System name: 0
    Filename: 0
    Start line: 0
Function #184
    Name: 253
    System name: 0
    Filename: 0
    Start line: 0
Function #185
    Name: 254
    System name: 0
    Filename: 255
    Start line: 0
Function #186
    Name: 256
    System name: 0
    Filename: 257
    Start line: 0
Function #187
    Name: 258
    System name: 0
    Filename: 257
    Start line: 0
Function #188
    Name: 258
    System name: 0
    Filename: 259
    Start line: 0
Function #189
    Name: 260
    System name: 0
    Filename: 261
    Start line: 0
Function #190
    Name: 262
    System name: 0
    Filename: 263
    Start line: 0
Function #191
    Name: 264
    System name: 0
    Filename: 263
    Start line: 0
Function #192
    Name: 265
    System name: 0
    Filename: 266
    Start line: 0
Function #193
    Name: 267
    System name: 0
    Filename: 209
    Start line: 0
Function #194
    Name: 268
    System name: 0
    Filename: 269
    Start line: 0
Function #195
    Name: 270
    System name: 0
    Filename: 269
    Start line: 0
Function #196
    Name: 271
    System name: 0
    Filename: 269
    Start line: 0
Function #197
    Name: 272
    System name: 0
    Filename: 269
    Start line: 0
Function #198
    Name: 273
    System name: 0
    Filename: 274
    Start line: 0
Function #199
    Name: 275
    System name: 0
    Filename: 274
    Start line: 0
Function #200
    Name: 276
    System name: 0
    Filename: 277
    Start line: 0
Function #201
    Name: 278
    System name: 0
    Filename: 279
    Start line: 0
Function #202
    Name: 280
    System name: 0
    Filename: 279
    Start line: 0
Function #203
    Name: 281
    System name: 0
    Filename: 279
    Start line: 0
Function #204
    Name: 282
    System name: 0
    Filename: 279
    Start line: 0
Function #205
    Name: 283
    System name: 0
    Filename: 284
    Start line: 0
Function #206
    Name: 285
    System name: 0
    Filename: 286
    Start line: 0
Function #207
    Name: 287
    System name: 0
    Filename: 286
    Start line: 0
Function #208
    Name: 288
    System name: 0
    Filename: 222
    Start line: 0
Function #209
    Name: 289
    System name: 0
    Filename: 0
    Start line: 0
Function #210
    Name: 290
    System name: 0
    Filename: 0
    Start line: 0
Function #211
    Name: 291
    System name: 0
    Filename: 0
    Start line: 0
Function #212
    Name: 292
    System name: 0
    Filename: 0
    Start line: 0
Function #213
    Name: 293
    System name: 0
    Filename: 222
    Start line: 0
Function #214
    Name: 294
    System name: 0
    Filename: 295
    Start line: 0
Function #215
    Name: 296
    System name: 0
    Filename: 297
    Start line: 0
Function #216
    Name: 298
    System name: 0
    Filename: 209
    Start line: 0
Function #217
    Name: 296
    System name: 0
    Filename: 299
    Start line: 0
Function #218
    Name: 300
    System name: 0
    Filename: 0
    Start line: 0
Function #219
    Name: 301
    System name: 0
    Filename: 0
    Start line: 0
Function #220
    Name: 302
    System name: 0
    Filename: 0
    Start line: 0
Function #221
    Name: 303
    System name: 0
    Filename: 0
    Start line: 0
Function #222
    Name: 304
    System name: 0
    Filename: 0
    Start line: 0
Function #223
    Name: 306
    System name: 0
    Filename: 0
    Start line: 0
Function #224
    Name: 307
    System name: 0
    Filename: 0
    Start line: 0
Function #225
    Name: 308
    System name: 0
    Filename: 0
    Start line: 0
Function #226
    Name: 309
    System name: 0
    Filename: 0
    Start line: 0
Function #227
    Name: 310
    System name: 0
    Filename: 0
    Start line: 0
Function #228
    Name: 311
    System name: 0
    Filename: 0
    Start line: 0
Function #229
    Name: 312
    System name: 0
    Filename: 0
    Start line: 0
Function #230
    Name: 313
    System name: 0
    Filename: 0
    Start line: 0
Function #231
    Name: 314
    System name: 0
    Filename: 0
    Start line: 0
Function #232
    Name: 315
    System name: 0
    Filename: 0
    Start line: 0
Function #233
    Name: 316
    System name: 0
    Filename: 0
    Start line: 0
Function #234
    Name: 317
    System name: 0
    Filename: 0
    Start line: 0
Function #235
    Name: 318
    System name: 0
    Filename: 0
    Start line: 0
Function #236
    Name: 319
    System name: 0
    Filename: 0
    Start line: 0
Function #237
    Name: 320
    System name: 0
    Filename: 0
    Start line: 0
Function #238
    Name: 321
    System name: 0
    Filename: 0
    Start line: 0
Function #239
    Name: 322
    System name: 0
    Filename: 0
    Start line: 0
Attribute table:
     -> Key: Int(10)
     -> Value: Str(1175343)
     -> unit: Int(0)
Link table:
     -> Trace ID: Str()
     -> Span ID: Str()
String table:
    
    cpu
    nanoseconds
    samples
    count
    python3.12
    process.executable.build_id.htlhash
    profile.frame.type
    libc.so.6
    thread.name
    thread.id
    cpu.logical_number
    libclang-cpp.so.18.1
    clang
    libLLVM.so.1
    process.executable.build_id.gnu
    node
    V8::BuiltinExitFrame
    V8::ConstructFrame
    compileSourceTextModule
    node:internal/modules/esm/utils
    moduleStrategy
    node:internal/modules/esm/translators
    #translate
    node:internal/modules/esm/loader
    afterLoad
    loadAndTranslate
    #createModuleJob
    #getJobFromResolveResult
    getModuleJobForImport
    V8::StubFrame
    V8::EntryFrame
    V8::UnknownFrame
    processTicksAndRejections
    node:internal/process/task_queues
    V8::InternalFrame
    V8::ExitFrame
    deserializePackageJSON
    node:internal/modules/package_json_reader
    getPackageScopeConfig
    getFileProtocolModuleFormat
    node:internal/modules/esm/get_format
    defaultGetFormatWithoutErrors
    getDefaultConditionsSet
    getConditionsSet
    defaultResolve
    node:internal/modules/esm/resolve
    #getModuleCachedImports
    node:internal/modules/esm/module_map
    get
    #cachedDefaultResolve
    serializeKey
    resolve
    _link
    node:internal/modules/esm/module_job
    <anonymous>
    <unknown>
    get exports
    optional
    file:///home/fishclaw/.nvm/versions/node/v22.22.0/lib/node_modules/openclaw/dist/schemas-6cH6bZ7o.js
    file:///home/fishclaw/.nvm/versions/node/v22.22.0/lib/node_modules/openclaw/dist/zod-schema.core-DAimf26A.js
    run
    vmlinux
    folio_add_new_anon_rmap
    do_anonymous_page
    handle_pte_fault
    __handle_mm_fault
    handle_mm_fault
    do_user_addr_fault
    exc_page_fault
    asm_exc_page_fault
    parseSource
    node:internal/deps/cjs-module-lexer/lexer
    normalizeString
    node:path
    pathToFileURL
    node:internal/url
    finalizeResolution
    moduleResolve
    isRelativeSpecifier
    shouldBeTreatedAsRelativeOrAbsolutePath
    link_path_walk.part.0.constprop.0
    path_lookupat
    filename_lookup
    vfs_statx
    do_statx
    __x64_sys_statx
    x64_sys_call
    do_syscall_64
    entry_SYSCALL_64_after_hwframe
    realpathSync
    node:fs
    safeRealpathSync
    file:///home/fishclaw/.nvm/versions/node/v22.22.0/lib/node_modules/openclaw/dist/path-BlG8lhgR.js
    relative
    createLexicalTraversalState
    file:///home/fishclaw/.nvm/versions/node/v22.22.0/lib/node_modules/openclaw/dist/root-path-BgCKz8X4.js
    resolveRootPathLexicalSync
    resolveRootPathSync
    resolveRootFilePathGeneric
    file:///home/fishclaw/.nvm/versions/node/v22.22.0/lib/node_modules/openclaw/dist/root-file-jRMCpJW4.js
    openRootFileSync
    loadPluginManifest
    file:///home/fishclaw/.nvm/versions/node/v22.22.0/lib/node_modules/openclaw/dist/manifest-RdUa_bOI.js
    resolveCandidateManifest
    file:///home/fishclaw/.nvm/versions/node/v22.22.0/lib/node_modules/openclaw/dist/discovery-BUQqFET8.js
    discoverInDirectory
    tracePluginLifecyclePhase.scope
    tracePluginLifecyclePhase
    listChannelCatalogEntries
    file:///home/fishclaw/.nvm/versions/node/v22.22.0/lib/node_modules/openclaw/dist/channel-catalog-registry-CoMZ7aLc.js
    listBundledChannelIdsForRoot
    file:///home/fishclaw/.nvm/versions/node/v22.22.0/lib/node_modules/openclaw/dist/bootstrap-registry-BBZtC4Up.js
    listBundledChannelIds
    listPotentialConfiguredChannelPresenceSignals
    file:///home/fishclaw/.nvm/versions/node/v22.22.0/lib/node_modules/openclaw/dist/channel-env-var-names-BB2Lxcdw.js
    listPotentialConfiguredChannelIds
    listPotentialEnabledChannelIds
    file:///home/fishclaw/.nvm/versions/node/v22.22.0/lib/node_modules/openclaw/dist/gateway-startup-plugin-ids-mVzqhEQT.js
    collectConfiguredStartupChannelIds
    collectConfigValidationChannelIds
    resolveConfigValidationMetadataPluginIds
    resolvePluginMetadataSnapshotPluginIds
    file:///home/fishclaw/.nvm/versions/node/v22.22.0/lib/node_modules/openclaw/dist/plugin-metadata-snapshot-DXKcDDxT.js
    loadPluginMetadataSnapshotImpl
    measureDiagnosticsTimelineSpanSync.phase
    measureDiagnosticsTimelineSpanSync
    loadPluginMetadataSnapshot
    resolvePluginMetadataSnapshot
    loadValidationPluginMetadataSnapshot
    file:///home/fishclaw/.nvm/versions/node/v22.22.0/lib/node_modules/openclaw/dist/io-fQmSDfK-.js
    validateConfigObjectWithPlugins
    measure
    readConfigFileSnapshotInternal
    __memset
    getname_flags.part.0
    getname_flags
    syscall_trace_enter
    checkSourceEscapesRoot
    findCandidateBlockIssue
    isUnsafePluginCandidate
    addCandidate
    createConfigValidationMetadataPluginIdScope
    Scanner.check_token
    /usr/lib/python3/dist-packages/yaml/scanner.py
    Parser.parse_flow_sequence_entry
    /usr/lib/python3/dist-packages/yaml/parser.py
    Parser.check_event
    Composer.compose_sequence_node
    /usr/lib/python3/dist-packages/yaml/composer.py
    Composer.compose_node
    Composer.compose_mapping_node
    Composer.compose_document
    Composer.get_single_node
    BaseConstructor.get_single_data
    /usr/lib/python3/dist-packages/yaml/constructor.py
    load
    /usr/lib/python3/dist-packages/yaml/__init__.py
    safe_load
    load_benches
    /home/yunwei37/workspace/bpf-benchmark/native-sim/x86/micro-prog/generate_micro_sim_proofs.py
    main
    <module>
    <interpreter trampoline>
    <shim>
    Scanner.fetch_flow_collection_end
    Scanner.fetch_flow_sequence_end
    Scanner.fetch_more_tokens
    Parser.parse_flow_sequence_first_entry
    codex
    _find_and_load_unlocked
    _bootstrap.py
    _find_and_load
    _call_with_frames_removed
    _LoaderBasics.exec_module
    _bootstrap_external.py
    _load_unlocked
    yunwei37
    Parser.parse_block_mapping_key
    SubPattern.__getitem__
    /usr/lib/python3.12/re/_parser.py
    _compile
    /usr/lib/python3.12/re/_compiler.py
    _code
    compile
    /usr/lib/python3.12/re/__init__.py
    agentsight
    _create_fn
    /usr/lib/python3.12/dataclasses.py
    _frozen_get_del_attr
    _process_class
    dataclass.<locals>.wrap
    Reader.forward
    /usr/lib/python3/dist-packages/yaml/reader.py
    Scanner.scan_plain
    Scanner.fetch_plain
    Parser.parse_block_mapping_value
    otelcol-ebpf-profiler
    process.executable.build_id.go
    go.opentelemetry.io/ebpf-profiler/nativeunwind/elfunwindinfo.(*elfExtractor).parseFDE
    /tmp/opentelemetry-ebpf-profiler/nativeunwind/elfunwindinfo/elfehframe.go
    go.opentelemetry.io/ebpf-profiler/nativeunwind/elfunwindinfo.(*elfExtractor).walkBinSearchTable
    go.opentelemetry.io/ebpf-profiler/nativeunwind/elfunwindinfo.(*elfExtractor).parseEHFrame
    go.opentelemetry.io/ebpf-profiler/nativeunwind/elfunwindinfo.extractFile
    /tmp/opentelemetry-ebpf-profiler/nativeunwind/elfunwindinfo/stackdeltaextraction.go
    go.opentelemetry.io/ebpf-profiler/nativeunwind/elfunwindinfo.ExtractELF
    go.opentelemetry.io/ebpf-profiler/nativeunwind/elfunwindinfo.(*ELFStackDeltaProvider).GetIntervalStructuresForFile
    /tmp/opentelemetry-ebpf-profiler/nativeunwind/elfunwindinfo/stackdeltaprovider.go
    go.opentelemetry.io/ebpf-profiler/processmanager/execinfomanager.(*ExecutableInfoManager).AddOrIncRef
    /tmp/opentelemetry-ebpf-profiler/processmanager/execinfomanager/manager.go
    go.opentelemetry.io/ebpf-profiler/processmanager.(*ProcessManager).newFrameMapping
    /tmp/opentelemetry-ebpf-profiler/processmanager/processinfo.go
    go.opentelemetry.io/ebpf-profiler/processmanager.(*ProcessManager).SynchronizeProcess.func1
    go.opentelemetry.io/ebpf-profiler/process.(*systemProcess).IterateMappings.func1
    /tmp/opentelemetry-ebpf-profiler/process/process.go
    go.opentelemetry.io/ebpf-profiler/process.iterateMappings
    go.opentelemetry.io/ebpf-profiler/process.(*systemProcess).IterateMappings
    go.opentelemetry.io/ebpf-profiler/processmanager.(*ProcessManager).SynchronizeProcess
    go.opentelemetry.io/ebpf-profiler/tracer.(*Tracer).processPIDEvents
    /tmp/opentelemetry-ebpf-profiler/tracer/events.go
    go.opentelemetry.io/ebpf-profiler/tracer.(*Tracer).StartPIDEventProcessor.gowrap1
    runtime.goexit
    /home/yunwei37/go/pkg/mod/golang.org/toolchain@v0.0.1-go1.25.0.linux-amd64/src/runtime/asm_amd64.s
    go.opentelemetry.io/ebpf-profiler/nativeunwind/elfunwindinfo.(*vmRegs).getUnwindInfoX86
    /tmp/opentelemetry-ebpf-profiler/nativeunwind/elfunwindinfo/elfehframe_x86.go
    go.opentelemetry.io/ebpf-profiler/nativeunwind/elfunwindinfo.(*vmRegs).getUnwindInfo
    runtime.procyield
    runtime.suspendG
    /home/yunwei37/go/pkg/mod/golang.org/toolchain@v0.0.1-go1.25.0.linux-amd64/src/runtime/preempt.go
    runtime.markroot.func1
    /home/yunwei37/go/pkg/mod/golang.org/toolchain@v0.0.1-go1.25.0.linux-amd64/src/runtime/mgcmark.go
    runtime.markroot
    runtime.gcDrain
    runtime.gcBgMarkWorker.func2
    /home/yunwei37/go/pkg/mod/golang.org/toolchain@v0.0.1-go1.25.0.linux-amd64/src/runtime/mgc.go
    runtime.systemstack
    runtime.gcBgMarkWorker
    runtime.gcBgMarkStartWorkers.gowrap1
    clear_page_erms
    get_page_from_freelist
    __alloc_frozen_pages_noprof
    alloc_pages_mpol
    vma_alloc_folio_noprof
    alloc_anon_folio
    runtime.memmove
    /home/yunwei37/go/pkg/mod/golang.org/toolchain@v0.0.1-go1.25.0.linux-amd64/src/runtime/memmove_amd64.s
    runtime.growslice
    /home/yunwei37/go/pkg/mod/golang.org/toolchain@v0.0.1-go1.25.0.linux-amd64/src/runtime/slice.go
    go.opentelemetry.io/ebpf-profiler/nativeunwind/stackdeltatypes.(*StackDeltaArray).AddEx
    /tmp/opentelemetry-ebpf-profiler/nativeunwind/stackdeltatypes/stackdeltatypes.go
    generic_map_update_batch
    bpf_map_do_batch
    __sys_bpf
    __x64_sys_bpf
    internal/runtime/syscall.Syscall6
    /home/yunwei37/go/pkg/mod/golang.org/toolchain@v0.0.1-go1.25.0.linux-amd64/src/internal/runtime/syscall/asm_linux_amd64.s
    syscall.RawSyscall6
    /home/yunwei37/go/pkg/mod/golang.org/toolchain@v0.0.1-go1.25.0.linux-amd64/src/syscall/syscall_linux.go
    syscall.Syscall
    <autogenerated>
    github.com/cilium/ebpf/internal/sys.BPF
    /home/yunwei37/go/pkg/mod/github.com/cilium/ebpf@v0.21.0/internal/unix/types_linux.go
    github.com/cilium/ebpf.(*Map).batchUpdate
    /home/yunwei37/go/pkg/mod/github.com/cilium/ebpf@v0.21.0/map.go
    github.com/cilium/ebpf.(*Map).BatchUpdate
    go.opentelemetry.io/ebpf-profiler/processmanager/ebpf.(*ebpfMapsImpl).UpdateExeIDToStackDeltas
    /tmp/opentelemetry-ebpf-profiler/processmanager/ebpf/ebpf.go
    go.opentelemetry.io/ebpf-profiler/processmanager/execinfomanager.(*executableInfoManagerState).loadDeltas
    runtime.(*mheap).initSpan
    /home/yunwei37/go/pkg/mod/golang.org/toolchain@v0.0.1-go1.25.0.linux-amd64/src/runtime/mheap.go
    runtime.(*mheap).allocSpan
    runtime.(*mheap).alloc.func1
    runtime.(*mheap).alloc
    runtime.(*mcentral).grow
    /home/yunwei37/go/pkg/mod/golang.org/toolchain@v0.0.1-go1.25.0.linux-amd64/src/runtime/mcentral.go
    runtime.(*mcentral).cacheSpan
    runtime.(*mcache).refill
    /home/yunwei37/go/pkg/mod/golang.org/toolchain@v0.0.1-go1.25.0.linux-amd64/src/runtime/mcache.go
    runtime.(*mcache).nextFree
    /home/yunwei37/go/pkg/mod/golang.org/toolchain@v0.0.1-go1.25.0.linux-amd64/src/runtime/malloc.go
    runtime.mallocgcSmallScanNoHeader
    runtime.mallocgc
    runtime.newobject
    runtime.(*timers).check
    /home/yunwei37/go/pkg/mod/golang.org/toolchain@v0.0.1-go1.25.0.linux-amd64/src/runtime/time.go
    runtime.schedule
    /home/yunwei37/go/pkg/mod/golang.org/toolchain@v0.0.1-go1.25.0.linux-amd64/src/runtime/proc.go
    runtime.park_m
    runtime.mcall
    consume_stock
    charge_memcg
    __mem_cgroup_charge
    _copy_from_user
    aeshashbody
    runtime.memhash_varlen
    /home/yunwei37/go/pkg/mod/golang.org/toolchain@v0.0.1-go1.25.0.linux-amd64/src/runtime/alg.go
    runtime.mapaccess2
    /home/yunwei37/go/pkg/mod/golang.org/toolchain@v0.0.1-go1.25.0.linux-amd64/src/internal/runtime/maps/runtime_swiss.go
    go.opentelemetry.io/ebpf-profiler/processmanager/execinfomanager.(*executableInfoManagerState).getUnwindInfoIndex
    /home/yunwei37/go/pkg/mod/golang.org/toolchain@v0.0.1-go1.25.0.linux-amd64/src/internal/runtime/maps/group.go
    __check_heap_object
    check_heap_object
    __check_object_size.part.0
    __check_object_size
    _raw_spin_lock
    libstdc++.so.6.0.35
    __folio_batch_add_and_move
    folio_add_lru
    folio_add_lru_vma
    _raw_spin_unlock_irqrestore
    free_pcppages_bulk
    decay_pcp_high
    refresh_cpu_vm_stats
    vmstat_update
    process_one_work
    worker_thread
    kthread
    ret_from_fork
    ret_from_fork_asm
    rmqueue_bulk
    __rmqueue_pcplist
    rmqueue_pcplist
    rmqueue.isra.0
ResourceProfiles #0
Resource SchemaURL: https://opentelemetry.io/schemas/1.37.0
Resource attributes:
     -> process.pid: Int(1175355)
     -> process.executable.path: Str(/usr/bin/python3.12)
     -> process.executable.name: Str(python3.12)
ScopeProfiles #0
ScopeProfiles SchemaURL: https://opentelemetry.io/schemas/1.37.0
InstrumentationScope go.opentelemetry.io/ebpf-profiler v0.0.0
Profile #0
    Profile ID     : 
    Start time     : 2026-06-21 19:26:51.426767779 +0000 UTC
    DurationNano   : 5000294224
    Dropped attributes count: 0
    Sample #0
        Values: []
        Attributes:
             -> thread.name: python3
             -> thread.id: %!s(int64=1175355)
             -> cpu.logical_number: %!s(int64=3)
    Sample #1
        Values: []
        Attributes:
             -> thread.name: python3
             -> thread.id: %!s(int64=1175355)
             -> cpu.logical_number: %!s(int64=3)
    Sample #2
        Values: []
        Attributes:
             -> thread.name: python3
             -> thread.id: %!s(int64=1175355)
             -> cpu.logical_number: %!s(int64=3)
ResourceProfiles #1
Resource SchemaURL: https://opentelemetry.io/schemas/1.37.0
Resource attributes:
     -> process.pid: Int(1175363)
     -> process.executable.path: Str(/usr/lib/llvm-18/bin/clang)
     -> process.executable.name: Str(clang)
ScopeProfiles #0
ScopeProfiles SchemaURL: https://opentelemetry.io/schemas/1.37.0
InstrumentationScope go.opentelemetry.io/ebpf-profiler v0.0.0
Profile #0
    Profile ID     : 
    Start time     : 2026-06-21 19:26:51.426767779 +0000 UTC
    DurationNano   : 5000294224
    Dropped attributes count: 0
    Sample #0
        Values: []
        Attributes:
             -> thread.name: clang
             -> thread.id: %!s(int64=1175363)
             -> cpu.logical_number: %!s(int64=1)
ResourceProfiles #2
Resource SchemaURL: https://opentelemetry.io/schemas/1.37.0
Resource attributes:
     -> process.pid: Int(1175382)
     -> process.executable.path: Str(/usr/lib/llvm-18/bin/clang)
     -> process.executable.name: Str(clang)
ScopeProfiles #0
ScopeProfiles SchemaURL: https://opentelemetry.io/schemas/1.37.0
InstrumentationScope go.opentelemetry.io/ebpf-profiler v0.0.0
Profile #0
    Profile ID     : 
    Start time     : 2026-06-21 19:26:51.426767779 +0000 UTC
    DurationNano   : 5000294224
    Dropped attributes count: 0
    Sample #0
        Values: []
        Attributes:
             -> thread.name: clang
             -> thread.id: %!s(int64=1175382)
             -> cpu.logical_number: %!s(int64=4)
    Sample #1
        Values: []
        Attributes:
             -> thread.name: clang
             -> thread.id: %!s(int64=1175382)
             -> cpu.logical_number: %!s(int64=4)
    Sample #2
        Values: []
        Attributes:
             -> thread.name: clang
             -> thread.id: %!s(int64=1175382)
             -> cpu.logical_number: %!s(int64=4)
    Sample #3
        Values: []
        Attributes:
             -> thread.name: clang
             -> thread.id: %!s(int64=1175382)
             -> cpu.logical_number: %!s(int64=4)
    Sample #4
        Values: []
        Attributes:
             -> thread.name: clang
             -> thread.id: %!s(int64=1175382)
             -> cpu.logical_number: %!s(int64=4)
    Sample #5
        Values: []
        Attributes:
             -> thread.name: clang
             -> thread.id: %!s(int64=1175382)
             -> cpu.logical_number: %!s(int64=4)
    Sample #6
        Values: []
        Attributes:
             -> thread.name: clang
             -> thread.id: %!s(int64=1175382)
             -> cpu.logical_number: %!s(int64=4)
    Sample #7
        Values: []
        Attributes:
             -> thread.name: clang
             -> thread.id: %!s(int64=1175382)
             -> cpu.logical_number: %!s(int64=4)
    Sample #8
        Values: []
        Attributes:
             -> thread.name: clang
             -> thread.id: %!s(int64=1175382)
             -> cpu.logical_number: %!s(int64=4)
ResourceProfiles #3
Resource SchemaURL: https://opentelemetry.io/schemas/1.37.0
Resource attributes:
     -> process.pid: Int(1175303)
     -> process.executable.path: Str(/home/fishclaw/.nvm/versions/node/v22.22.0/bin/node)
     -> process.executable.name: Str(node)
ScopeProfiles #0
ScopeProfiles SchemaURL: https://opentelemetry.io/schemas/1.37.0
InstrumentationScope go.opentelemetry.io/ebpf-profiler v0.0.0
Profile #0
    Profile ID     : 
    Start time     : 2026-06-21 19:26:51.426767779 +0000 UTC
    DurationNano   : 5000294224
    Dropped attributes count: 0
    Sample #0
        Values: []
        Attributes:
             -> thread.name: node
             -> thread.id: %!s(int64=1175303)
             -> cpu.logical_number: %!s(int64=0)
    Sample #1
        Values: []
        Attributes:
             -> thread.name: node
             -> thread.id: %!s(int64=1175303)
             -> cpu.logical_number: %!s(int64=0)
    Sample #2
        Values: []
        Attributes:
             -> thread.name: node
             -> thread.id: %!s(int64=1175314)
             -> cpu.logical_number: %!s(int64=17)
    Sample #3
        Values: []
        Attributes:
             -> thread.name: node
             -> thread.id: %!s(int64=1175303)
             -> cpu.logical_number: %!s(int64=0)
    Sample #4
        Values: []
        Attributes:
             -> thread.name: node
             -> thread.id: %!s(int64=1175313)
             -> cpu.logical_number: %!s(int64=18)
    Sample #5
        Values: []
        Attributes:
             -> thread.name: node
             -> thread.id: %!s(int64=1175312)
             -> cpu.logical_number: %!s(int64=20)
    Sample #6
        Values: []
        Attributes:
             -> thread.name: node
             -> thread.id: %!s(int64=1175303)
             -> cpu.logical_number: %!s(int64=0)
    Sample #7
        Values: []
        Attributes:
             -> thread.name: node
             -> thread.id: %!s(int64=1175313)
             -> cpu.logical_number: %!s(int64=18)
    Sample #8
        Values: []
        Attributes:
             -> thread.name: node
             -> thread.id: %!s(int64=1175303)
             -> cpu.logical_number: %!s(int64=0)
    Sample #9
        Values: []
        Attributes:
             -> thread.name: node
             -> thread.id: %!s(int64=1175314)
             -> cpu.logical_number: %!s(int64=19)
    Sample #10
        Values: []
        Attributes:
             -> thread.name: node
             -> thread.id: %!s(int64=1175314)
             -> cpu.logical_number: %!s(int64=17)
    Sample #11
        Values: []
        Attributes:
             -> thread.name: node
             -> thread.id: %!s(int64=1175314)
             -> cpu.logical_number: %!s(int64=19)
    Sample #12
        Values: []
        Attributes:
             -> thread.name: node
             -> thread.id: %!s(int64=1175303)
             -> cpu.logical_number: %!s(int64=0)
    Sample #13
        Values: []
        Attributes:
             -> thread.name: node
             -> thread.id: %!s(int64=1175312)
             -> cpu.logical_number: %!s(int64=19)
    Sample #14
        Values: []
        Attributes:
             -> thread.name: node
             -> thread.id: %!s(int64=1175303)
             -> cpu.logical_number: %!s(int64=0)
    Sample #15
        Values: []
        Attributes:
             -> thread.name: node
             -> thread.id: %!s(int64=1175303)
             -> cpu.logical_number: %!s(int64=0)
    Sample #16
        Values: []
        Attributes:
             -> thread.name: node
             -> thread.id: %!s(int64=1175312)
             -> cpu.logical_number: %!s(int64=20)
    Sample #17
        Values: []
        Attributes:
             -> thread.name: node
             -> thread.id: %!s(int64=1175303)
             -> cpu.logical_number: %!s(int64=0)
    Sample #18
        Values: []
        Attributes:
             -> thread.name: node
             -> thread.id: %!s(int64=1175311)
             -> cpu.logical_number: %!s(int64=19)
    Sample #19
        Values: []
        Attributes:
             -> thread.name: node
             -> thread.id: %!s(int64=1175303)
             -> cpu.logical_number: %!s(int64=0)
    Sample #20
        Values: []
        Attributes:
             -> thread.name: node
             -> thread.id: %!s(int64=1175314)
             -> cpu.logical_number: %!s(int64=17)
    Sample #21
        Values: []
        Attributes:
             -> thread.name: node
             -> thread.id: %!s(int64=1175303)
             -> cpu.logical_number: %!s(int64=0)
    Sample #22
        Values: []
        Attributes:
             -> thread.name: node
             -> thread.id: %!s(int64=1175303)
             -> cpu.logical_number: %!s(int64=0)
    Sample #23
        Values: []
        Attributes:
             -> thread.name: node
             -> thread.id: %!s(int64=1175303)
             -> cpu.logical_number: %!s(int64=0)
    Sample #24
        Values: []
        Attributes:
             -> thread.name: node
             -> thread.id: %!s(int64=1175303)
             -> cpu.logical_number: %!s(int64=0)
    Sample #25
        Values: []
        Attributes:
             -> thread.name: node
             -> thread.id: %!s(int64=1175303)
             -> cpu.logical_number: %!s(int64=0)
    Sample #26
        Values: []
        Attributes:
             -> thread.name: node
             -> thread.id: %!s(int64=1175303)
             -> cpu.logical_number: %!s(int64=0)
    Sample #27
        Values: []
        Attributes:
             -> thread.name: node
             -> thread.id: %!s(int64=1175303)
             -> cpu.logical_number: %!s(int64=0)
    Sample #28
        Values: []
        Attributes:
             -> thread.name: node
             -> thread.id: %!s(int64=1175311)
             -> cpu.logical_number: %!s(int64=11)
    Sample #29
        Values: []
        Attributes:
             -> thread.name: node
             -> thread.id: %!s(int64=1175312)
             -> cpu.logical_number: %!s(int64=20)
    Sample #30
        Values: []
        Attributes:
             -> thread.name: node
             -> thread.id: %!s(int64=1175303)
             -> cpu.logical_number: %!s(int64=0)
    Sample #31
        Values: []
        Attributes:
             -> thread.name: node
             -> thread.id: %!s(int64=1175313)
             -> cpu.logical_number: %!s(int64=18)
    Sample #32
        Values: []
        Attributes:
             -> thread.name: node
             -> thread.id: %!s(int64=1175303)
             -> cpu.logical_number: %!s(int64=0)
ResourceProfiles #4
Resource SchemaURL: https://opentelemetry.io/schemas/1.37.0
Resource attributes:
     -> process.pid: Int(1175334)
     -> process.executable.path: Str(/usr/bin/python3.12)
     -> process.executable.name: Str(python3.12)
ScopeProfiles #0
ScopeProfiles SchemaURL: https://opentelemetry.io/schemas/1.37.0
InstrumentationScope go.opentelemetry.io/ebpf-profiler v0.0.0
Profile #0
    Profile ID     : 
    Start time     : 2026-06-21 19:26:51.426767779 +0000 UTC
    DurationNano   : 5000294224
    Dropped attributes count: 0
    Sample #0
        Values: []
        Attributes:
             -> thread.name: python3
             -> thread.id: %!s(int64=1175334)
             -> cpu.logical_number: %!s(int64=7)
    Sample #1
        Values: []
        Attributes:
             -> thread.name: python3
             -> thread.id: %!s(int64=1175334)
             -> cpu.logical_number: %!s(int64=7)
    Sample #2
        Values: []
        Attributes:
             -> thread.name: python3
             -> thread.id: %!s(int64=1175334)
             -> cpu.logical_number: %!s(int64=0)
ResourceProfiles #5
Resource SchemaURL: https://opentelemetry.io/schemas/1.37.0
Resource attributes:
     -> process.pid: Int(6917)
     -> process.executable.path: Str(/home/yunwei37/.nvm/versions/node/v22.22.0/lib/node_modules/@openai/codex/node_modules/@openai/codex-linux-x64/vendor/x86_64-unknown-linux-musl/bin/codex)
     -> process.executable.name: Str(codex)
ScopeProfiles #0
ScopeProfiles SchemaURL: https://opentelemetry.io/schemas/1.37.0
InstrumentationScope go.opentelemetry.io/ebpf-profiler v0.0.0
Profile #0
    Profile ID     : 
    Start time     : 2026-06-21 19:26:51.426767779 +0000 UTC
    DurationNano   : 5000294224
    Dropped attributes count: 0
    Sample #0
        Values: []
        Attributes:
             -> thread.name: sqlx-sqlite-wor
             -> thread.id: %!s(int64=1166569)
             -> cpu.logical_number: %!s(int64=20)
    Sample #1
        Values: []
        Attributes:
             -> thread.name: sqlx-sqlite-wor
             -> thread.id: %!s(int64=1162300)
             -> cpu.logical_number: %!s(int64=9)
    Sample #2
        Values: []
        Attributes:
             -> thread.name: sqlx-sqlite-wor
             -> thread.id: %!s(int64=1166569)
             -> cpu.logical_number: %!s(int64=20)
ResourceProfiles #6
Resource SchemaURL: https://opentelemetry.io/schemas/1.37.0
Resource attributes:
     -> process.pid: Int(1175366)
     -> process.executable.path: Str(/usr/bin/python3.12)
     -> process.executable.name: Str(python3.12)
ScopeProfiles #0
ScopeProfiles SchemaURL: https://opentelemetry.io/schemas/1.37.0
InstrumentationScope go.opentelemetry.io/ebpf-profiler v0.0.0
Profile #0
    Profile ID     : 
    Start time     : 2026-06-21 19:26:51.426767779 +0000 UTC
    DurationNano   : 5000294224
    Dropped attributes count: 0
    Sample #0
        Values: []
        Attributes:
             -> thread.name: python3
             -> thread.id: %!s(int64=1175366)
             -> cpu.logical_number: %!s(int64=2)
    Sample #1
        Values: []
        Attributes:
             -> thread.name: python3
             -> thread.id: %!s(int64=1175366)
             -> cpu.logical_number: %!s(int64=2)
    Sample #2
        Values: []
        Attributes:
             -> thread.name: python3
             -> thread.id: %!s(int64=1175366)
             -> cpu.logical_number: %!s(int64=2)
ResourceProfiles #7
Resource SchemaURL: https://opentelemetry.io/schemas/1.37.0
Resource attributes:
     -> process.pid: Int(1175348)
     -> process.executable.path: Str(/usr/bin/python3.12)
     -> process.executable.name: Str(python3.12)
ScopeProfiles #0
ScopeProfiles SchemaURL: https://opentelemetry.io/schemas/1.37.0
InstrumentationScope go.opentelemetry.io/ebpf-profiler v0.0.0
Profile #0
    Profile ID     : 
    Start time     : 2026-06-21 19:26:51.426767779 +0000 UTC
    DurationNano   : 5000294224
    Dropped attributes count: 0
    Sample #0
        Values: []
        Attributes:
             -> thread.name: python3
             -> thread.id: %!s(int64=1175348)
             -> cpu.logical_number: %!s(int64=3)
    Sample #1
        Values: []
        Attributes:
             -> thread.name: python3
             -> thread.id: %!s(int64=1175348)
             -> cpu.logical_number: %!s(int64=3)
    Sample #2
        Values: []
        Attributes:
             -> thread.name: python3
             -> thread.id: %!s(int64=1175348)
             -> cpu.logical_number: %!s(int64=3)
ResourceProfiles #8
Resource SchemaURL: https://opentelemetry.io/schemas/1.37.0
Resource attributes:
     -> process.pid: Int(2711)
     -> process.executable.path: Str(/home/yunwei37/.cargo/bin/agentsight)
     -> process.executable.name: Str(agentsight)
ScopeProfiles #0
ScopeProfiles SchemaURL: https://opentelemetry.io/schemas/1.37.0
InstrumentationScope go.opentelemetry.io/ebpf-profiler v0.0.0
Profile #0
    Profile ID     : 
    Start time     : 2026-06-21 19:26:51.426767779 +0000 UTC
    DurationNano   : 5000294224
    Dropped attributes count: 0
    Sample #0
        Values: []
        Attributes:
             -> thread.name: agentsight
             -> thread.id: %!s(int64=2711)
             -> cpu.logical_number: %!s(int64=0)
    Sample #1
        Values: []
        Attributes:
             -> thread.name: agentsight
             -> thread.id: %!s(int64=2711)
             -> cpu.logical_number: %!s(int64=0)
ResourceProfiles #9
Resource SchemaURL: https://opentelemetry.io/schemas/1.37.0
Resource attributes:
     -> process.pid: Int(1175373)
     -> process.executable.path: Str(/usr/lib/llvm-18/bin/clang)
     -> process.executable.name: Str(clang)
ScopeProfiles #0
ScopeProfiles SchemaURL: https://opentelemetry.io/schemas/1.37.0
InstrumentationScope go.opentelemetry.io/ebpf-profiler v0.0.0
Profile #0
    Profile ID     : 
    Start time     : 2026-06-21 19:26:51.426767779 +0000 UTC
    DurationNano   : 5000294224
    Dropped attributes count: 0
    Sample #0
        Values: []
        Attributes:
             -> thread.name: clang
             -> thread.id: %!s(int64=1175373)
             -> cpu.logical_number: %!s(int64=1)
    Sample #1
        Values: []
        Attributes:
             -> thread.name: clang
             -> thread.id: %!s(int64=1175373)
             -> cpu.logical_number: %!s(int64=1)
    Sample #2
        Values: []
        Attributes:
             -> thread.name: clang
             -> thread.id: %!s(int64=1175373)
             -> cpu.logical_number: %!s(int64=1)
    Sample #3
        Values: []
        Attributes:
             -> thread.name: clang
             -> thread.id: %!s(int64=1175373)
             -> cpu.logical_number: %!s(int64=1)
ResourceProfiles #10
Resource SchemaURL: https://opentelemetry.io/schemas/1.37.0
Resource attributes:
     -> process.pid: Int(1175376)
     -> process.executable.path: Str(/usr/bin/python3.12)
     -> process.executable.name: Str(python3.12)
ScopeProfiles #0
ScopeProfiles SchemaURL: https://opentelemetry.io/schemas/1.37.0
InstrumentationScope go.opentelemetry.io/ebpf-profiler v0.0.0
Profile #0
    Profile ID     : 
    Start time     : 2026-06-21 19:26:51.426767779 +0000 UTC
    DurationNano   : 5000294224
    Dropped attributes count: 0
    Sample #0
        Values: []
        Attributes:
             -> thread.name: python3
             -> thread.id: %!s(int64=1175376)
             -> cpu.logical_number: %!s(int64=3)
    Sample #1
        Values: []
        Attributes:
             -> thread.name: python3
             -> thread.id: %!s(int64=1175376)
             -> cpu.logical_number: %!s(int64=3)
    Sample #2
        Values: []
        Attributes:
             -> thread.name: python3
             -> thread.id: %!s(int64=1175376)
             -> cpu.logical_number: %!s(int64=3)
ResourceProfiles #11
Resource SchemaURL: https://opentelemetry.io/schemas/1.37.0
Resource attributes:
     -> process.pid: Int(1175238)
     -> process.executable.path: Str(/tmp/opentelemetry-ebpf-profiler/otelcol-ebpf-profiler)
     -> process.executable.name: Str(otelcol-ebpf-profiler)
ScopeProfiles #0
ScopeProfiles SchemaURL: https://opentelemetry.io/schemas/1.37.0
InstrumentationScope go.opentelemetry.io/ebpf-profiler v0.0.0
Profile #0
    Profile ID     : 
    Start time     : 2026-06-21 19:26:51.426767779 +0000 UTC
    DurationNano   : 5000294224
    Dropped attributes count: 0
    Sample #0
        Values: []
        Attributes:
             -> thread.name: otelcol-ebpf-pr
             -> thread.id: %!s(int64=1175242)
             -> cpu.logical_number: %!s(int64=22)
    Sample #1
        Values: []
        Attributes:
             -> thread.name: otelcol-ebpf-pr
             -> thread.id: %!s(int64=1175242)
             -> cpu.logical_number: %!s(int64=22)
    Sample #2
        Values: []
        Attributes:
             -> thread.name: otelcol-ebpf-pr
             -> thread.id: %!s(int64=1175305)
             -> cpu.logical_number: %!s(int64=8)
    Sample #3
        Values: []
        Attributes:
             -> thread.name: otelcol-ebpf-pr
             -> thread.id: %!s(int64=1175297)
             -> cpu.logical_number: %!s(int64=10)
    Sample #4
        Values: []
        Attributes:
             -> thread.name: otelcol-ebpf-pr
             -> thread.id: %!s(int64=1175307)
             -> cpu.logical_number: %!s(int64=4)
    Sample #5
        Values: []
        Attributes:
             -> thread.name: otelcol-ebpf-pr
             -> thread.id: %!s(int64=1175309)
             -> cpu.logical_number: %!s(int64=6)
    Sample #6
        Values: []
        Attributes:
             -> thread.name: otelcol-ebpf-pr
             -> thread.id: %!s(int64=1175301)
             -> cpu.logical_number: %!s(int64=3)
    Sample #7
        Values: []
        Attributes:
             -> thread.name: otelcol-ebpf-pr
             -> thread.id: %!s(int64=1175296)
             -> cpu.logical_number: %!s(int64=23)
    Sample #8
        Values: []
        Attributes:
             -> thread.name: otelcol-ebpf-pr
             -> thread.id: %!s(int64=1175296)
             -> cpu.logical_number: %!s(int64=23)
    Sample #9
        Values: []
        Attributes:
             -> thread.name: otelcol-ebpf-pr
             -> thread.id: %!s(int64=1175307)
             -> cpu.logical_number: %!s(int64=4)
    Sample #10
        Values: []
        Attributes:
             -> thread.name: otelcol-ebpf-pr
             -> thread.id: %!s(int64=1175309)
             -> cpu.logical_number: %!s(int64=6)
    Sample #11
        Values: []
        Attributes:
             -> thread.name: otelcol-ebpf-pr
             -> thread.id: %!s(int64=1175301)
             -> cpu.logical_number: %!s(int64=5)
    Sample #12
        Values: []
        Attributes:
             -> thread.name: otelcol-ebpf-pr
             -> thread.id: %!s(int64=1175297)
             -> cpu.logical_number: %!s(int64=4)
    Sample #13
        Values: []
        Attributes:
             -> thread.name: otelcol-ebpf-pr
             -> thread.id: %!s(int64=1175298)
             -> cpu.logical_number: %!s(int64=5)
    Sample #14
        Values: []
        Attributes:
             -> thread.name: otelcol-ebpf-pr
             -> thread.id: %!s(int64=1175307)
             -> cpu.logical_number: %!s(int64=11)
    Sample #15
        Values: []
        Attributes:
             -> thread.name: otelcol-ebpf-pr
             -> thread.id: %!s(int64=1175307)
             -> cpu.logical_number: %!s(int64=11)
    Sample #16
        Values: []
        Attributes:
             -> thread.name: otelcol-ebpf-pr
             -> thread.id: %!s(int64=1175307)
             -> cpu.logical_number: %!s(int64=3)
    Sample #17
        Values: []
        Attributes:
             -> thread.name: otelcol-ebpf-pr
             -> thread.id: %!s(int64=1175307)
             -> cpu.logical_number: %!s(int64=3)
    Sample #18
        Values: []
        Attributes:
             -> thread.name: otelcol-ebpf-pr
             -> thread.id: %!s(int64=1175307)
             -> cpu.logical_number: %!s(int64=9)
    Sample #19
        Values: []
        Attributes:
             -> thread.name: otelcol-ebpf-pr
             -> thread.id: %!s(int64=1175298)
             -> cpu.logical_number: %!s(int64=3)
ResourceProfiles #12
Resource SchemaURL: https://opentelemetry.io/schemas/1.37.0
Resource attributes:
     -> process.pid: Int(1175354)
     -> process.executable.path: Str(/usr/lib/llvm-18/bin/clang)
     -> process.executable.name: Str(clang)
ScopeProfiles #0
ScopeProfiles SchemaURL: https://opentelemetry.io/schemas/1.37.0
InstrumentationScope go.opentelemetry.io/ebpf-profiler v0.0.0
Profile #0
    Profile ID     : 
    Start time     : 2026-06-21 19:26:51.426767779 +0000 UTC
    DurationNano   : 5000294224
    Dropped attributes count: 0
    Sample #0
        Values: []
        Attributes:
             -> thread.name: clang
             -> thread.id: %!s(int64=1175354)
             -> cpu.logical_number: %!s(int64=2)
    Sample #1
        Values: []
        Attributes:
             -> thread.name: clang
             -> thread.id: %!s(int64=1175354)
             -> cpu.logical_number: %!s(int64=2)
    Sample #2
        Values: []
        Attributes:
             -> thread.name: clang
             -> thread.id: %!s(int64=1175354)
             -> cpu.logical_number: %!s(int64=2)
ResourceProfiles #13
Resource SchemaURL: https://opentelemetry.io/schemas/1.37.0
Resource attributes:
     -> process.pid: Int(1175322)
     -> process.executable.path: Str(/usr/lib/llvm-18/bin/clang)
     -> process.executable.name: Str(clang)
ScopeProfiles #0
ScopeProfiles SchemaURL: https://opentelemetry.io/schemas/1.37.0
InstrumentationScope go.opentelemetry.io/ebpf-profiler v0.0.0
Profile #0
    Profile ID     : 
    Start time     : 2026-06-21 19:26:51.426767779 +0000 UTC
    DurationNano   : 5000294224
    Dropped attributes count: 0
    Sample #0
        Values: []
        Attributes:
             -> thread.name: clang
             -> thread.id: %!s(int64=1175322)
             -> cpu.logical_number: %!s(int64=2)
    Sample #1
        Values: []
        Attributes:
             -> thread.name: clang
             -> thread.id: %!s(int64=1175322)
             -> cpu.logical_number: %!s(int64=2)
    Sample #2
        Values: []
        Attributes:
             -> thread.name: clang
             -> thread.id: %!s(int64=1175322)
             -> cpu.logical_number: %!s(int64=2)
    Sample #3
        Values: []
        Attributes:
             -> thread.name: clang
             -> thread.id: %!s(int64=1175322)
             -> cpu.logical_number: %!s(int64=2)
    Sample #4
        Values: []
        Attributes:
             -> thread.name: clang
             -> thread.id: %!s(int64=1175322)
             -> cpu.logical_number: %!s(int64=2)
    Sample #5
        Values: []
        Attributes:
             -> thread.name: clang
             -> thread.id: %!s(int64=1175322)
             -> cpu.logical_number: %!s(int64=2)
    Sample #6
        Values: []
        Attributes:
             -> thread.name: clang
             -> thread.id: %!s(int64=1175322)
             -> cpu.logical_number: %!s(int64=2)
    Sample #7
        Values: []
        Attributes:
             -> thread.name: clang
             -> thread.id: %!s(int64=1175322)
             -> cpu.logical_number: %!s(int64=2)
    Sample #8
        Values: []
        Attributes:
             -> thread.name: clang
             -> thread.id: %!s(int64=1175322)
             -> cpu.logical_number: %!s(int64=2)
    Sample #9
        Values: []
        Attributes:
             -> thread.name: clang
             -> thread.id: %!s(int64=1175322)
             -> cpu.logical_number: %!s(int64=2)
    Sample #10
        Values: []
        Attributes:
             -> thread.name: clang
             -> thread.id: %!s(int64=1175322)
             -> cpu.logical_number: %!s(int64=2)
    Sample #11
        Values: []
        Attributes:
             -> thread.name: clang
             -> thread.id: %!s(int64=1175322)
             -> cpu.logical_number: %!s(int64=2)
    Sample #12
        Values: []
        Attributes:
             -> thread.name: clang
             -> thread.id: %!s(int64=1175322)
             -> cpu.logical_number: %!s(int64=2)
    Sample #13
        Values: []
        Attributes:
             -> thread.name: clang
             -> thread.id: %!s(int64=1175322)
             -> cpu.logical_number: %!s(int64=2)
    Sample #14
        Values: []
        Attributes:
             -> thread.name: clang
             -> thread.id: %!s(int64=1175322)
             -> cpu.logical_number: %!s(int64=2)
    Sample #15
        Values: []
        Attributes:
             -> thread.name: clang
             -> thread.id: %!s(int64=1175322)
             -> cpu.logical_number: %!s(int64=2)
    Sample #16
        Values: []
        Attributes:
             -> thread.name: clang
             -> thread.id: %!s(int64=1175322)
             -> cpu.logical_number: %!s(int64=2)
    Sample #17
        Values: []
        Attributes:
             -> thread.name: clang
             -> thread.id: %!s(int64=1175322)
             -> cpu.logical_number: %!s(int64=2)
ResourceProfiles #14
Resource SchemaURL: https://opentelemetry.io/schemas/1.37.0
Resource attributes:
     -> process.pid: Int(1141525)
ScopeProfiles #0
ScopeProfiles SchemaURL: https://opentelemetry.io/schemas/1.37.0
InstrumentationScope go.opentelemetry.io/ebpf-profiler v0.0.0
Profile #0
    Profile ID     : 
    Start time     : 2026-06-21 19:26:51.426767779 +0000 UTC
    DurationNano   : 5000294224
    Dropped attributes count: 0
    Sample #0
        Values: []
        Attributes:
             -> thread.name: kworker/1:2
             -> thread.id: %!s(int64=1141525)
             -> cpu.logical_number: %!s(int64=1)
ResourceProfiles #15
Resource SchemaURL: https://opentelemetry.io/schemas/1.37.0
Resource attributes:
     -> process.pid: Int(1175343)
     -> process.executable.path: Str(/usr/lib/llvm-18/bin/clang)
     -> process.executable.name: Str(clang)
ScopeProfiles #0
ScopeProfiles SchemaURL: https://opentelemetry.io/schemas/1.37.0
InstrumentationScope go.opentelemetry.io/ebpf-profiler v0.0.0
Profile #0
    Profile ID     : 
    Start time     : 2026-06-21 19:26:51.426767779 +0000 UTC
    DurationNano   : 5000294224
    Dropped attributes count: 0
    Sample #0
        Values: []
        Attributes:
             -> thread.name: clang
             -> thread.id: %!s(int64=1175343)
             -> cpu.logical_number: %!s(int64=4)
    Sample #1
        Values: []
        Attributes:
             -> thread.name: clang
             -> thread.id: %!s(int64=1175343)
             -> cpu.logical_number: %!s(int64=4)
    Sample #2
        Values: []
        Attributes:
             -> thread.name: clang
             -> thread.id: %!s(int64=1175343)
             -> cpu.logical_number: %!s(int64=4)
    Sample #3
        Values: []
        Attributes:
             -> thread.name: clang
             -> thread.id: %!s(int64=1175343)
             -> cpu.logical_number: %!s(int64=4)
    Sample #4
        Values: []
        Attributes:
             -> thread.name: clang
             -> thread.id: %!s(int64=1175343)
             -> cpu.logical_number: %!s(int64=4)
    Sample #5
        Values: []
        Attributes:
             -> thread.name: clang
             -> thread.id: %!s(int64=1175343)
             -> cpu.logical_number: %!s(int64=4)
	{"resource": {"service.instance.id": "903ac269-c08f-48bc-97a3-93b738914f23", "service.name": "otelcol-ebpf-profiler", "service.version": "dev"}, "otelcol.component.id": "debug", "otelcol.component.kind": "exporter", "otelcol.signal": "profiles"}
2026-06-21T12:27:01.430-0700	info	Profiles	{"resource": {"service.instance.id": "903ac269-c08f-48bc-97a3-93b738914f23", "service.name": "otelcol-ebpf-profiler", "service.version": "dev"}, "otelcol.component.id": "debug", "otelcol.component.kind": "exporter", "otelcol.signal": "profiles", "resource profiles": 18, "sample records": 152}
2026-06-21T12:27:01.431-0700	info	Mapping #0
    Memory start: 0
    Memory limit: 0
    File offset: 0
    File name: 0
    Attributes: []
Mapping #1
    Memory start: 0
    Memory limit: 61755392
    File offset: 0
    File name: 5
    Attributes: [1]
Mapping #2
    Memory start: 0
    Memory limit: 135168
    File offset: 0
    File name: 8
    Attributes: [3]
Mapping #3
    Memory start: 0
    Memory limit: 117968896
    File offset: 0
    File name: 9
    Attributes: [4 5]
Mapping #4
    Memory start: 163840
    Memory limit: 1769472
    File offset: 163840
    File name: 11
    Attributes: [6]
Mapping #5
    Memory start: 0
    Memory limit: 0
    File offset: 0
    File name: 15
    Attributes: [10 11]
Mapping #6
    Memory start: 667648
    Memory limit: 2093056
    File offset: 667648
    File name: 29
    Attributes: [13]
Mapping #7
    Memory start: 4325376
    Memory limit: 7352320
    File offset: 131072
    File name: 35
    Attributes: [14]
Mapping #8
    Memory start: 14532608
    Memory limit: 21663744
    File offset: 14528512
    File name: 70
    Attributes: [28 29]
Mapping #9
    Memory start: 14893056
    Memory limit: 53129216
    File offset: 10698752
    File name: 99
    Attributes: [33 34]
Mapping #10
    Memory start: 0
    Memory limit: 0
    File offset: 0
    File name: 223
    Attributes: [50 51]
Mapping #11
    Memory start: 0
    Memory limit: 0
    File offset: 0
    File name: 244
    Attributes: [52 53]
Mapping #12
    Memory start: 4194304
    Memory limit: 19996672
    File offset: 0
    File name: 341
    Attributes: [65 66]
Mapping #13
    Memory start: 7925760
    Memory limit: 214024192
    File offset: 7925760
    File name: 459
    Attributes: [84]
Location #0
    Mapping index: 0
    Address: 0
    Attributes: []
Location #1
    Mapping index: 1
    Address: 34324948
    Attributes: [2]
Location #2
    Mapping index: 1
    Address: 33222027
    Attributes: [2]
Location #3
    Mapping index: 1
    Address: 33360877
    Attributes: [2]
Location #4
    Mapping index: 1
    Address: 33333387
    Attributes: [2]
Location #5
    Mapping index: 1
    Address: 33349508
    Attributes: [2]
Location #6
    Mapping index: 1
    Address: 33328612
    Attributes: [2]
Location #7
    Mapping index: 1
    Address: 33987563
    Attributes: [2]
Location #8
    Mapping index: 1
    Address: 33157180
    Attributes: [2]
Location #9
    Mapping index: 1
    Address: 12154008
    Attributes: [2]
Location #10
    Mapping index: 1
    Address: 44066347
    Attributes: [2]
Location #11
    Mapping index: 1
    Address: 43528371
    Attributes: [2]
Location #12
    Mapping index: 1
    Address: 44574268
    Attributes: [2]
Location #13
    Mapping index: 2
    Address: 82989
    Attributes: [2]
Location #14
    Mapping index: 2
    Address: 71827
    Attributes: [2]
Location #15
    Mapping index: 1
    Address: 40057201
    Attributes: [2]
Location #16
    Mapping index: 3
    Address: 13565814
    Attributes: [2]
Location #17
    Mapping index: 1
    Address: 40055350
    Attributes: [2]
Location #18
    Mapping index: 1
    Address: 39826711
    Attributes: [2]
Location #19
    Mapping index: 1
    Address: 39827326
    Attributes: [2]
Location #20
    Mapping index: 1
    Address: 39943199
    Attributes: [2]
Location #21
    Mapping index: 2
    Address: 70123
    Attributes: [2]
Location #22
    Mapping index: 2
    Address: 123778
    Attributes: [2]
Location #23
    Mapping index: 4
    Address: 172489
    Attributes: [2]
Location #24
    Mapping index: 4
    Address: 172682
    Attributes: [2]
Location #25
    Mapping index: 2
    Address: 57940
    Attributes: [2]
Location #26
    Mapping index: 3
    Address: 14652623
    Attributes: [2]
Location #27
    Mapping index: 3
    Address: 27519509
    Attributes: [2]
Location #28
    Mapping index: 3
    Address: 27504478
    Attributes: [2]
Location #29
    Mapping index: 3
    Address: 31503193
    Attributes: [2]
Location #30
    Mapping index: 3
    Address: 31501463
    Attributes: [2]
Location #31
    Mapping index: 3
    Address: 31497624
    Attributes: [2]
Location #32
    Mapping index: 3
    Address: 34801493
    Attributes: [2]
Location #33
    Mapping index: 3
    Address: 15922512
    Attributes: [2]
Location #34
    Mapping index: 3
    Address: 48840117
    Attributes: [2]
Location #35
    Mapping index: 3
    Address: 15936815
    Attributes: [2]
Location #36
    Mapping index: 3
    Address: 48839589
    Attributes: [2]
Location #37
    Mapping index: 3
    Address: 15917664
    Attributes: [2]
Location #38
    Mapping index: 1
    Address: 29488527
    Attributes: [2]
Location #39
    Mapping index: 1
    Address: 29454066
    Attributes: [2]
Location #40
    Mapping index: 1
    Address: 33159686
    Attributes: [2]
Location #41
    Mapping index: 1
    Address: 12153813
    Attributes: [2]
Location #42
    Mapping index: 3
    Address: 27265888
    Attributes: [2]
Location #43
    Mapping index: 3
    Address: 27262969
    Attributes: [2]
Location #44
    Mapping index: 3
    Address: 31179928
    Attributes: [2]
Location #45
    Mapping index: 3
    Address: 31175437
    Attributes: [2]
Location #46
    Mapping index: 3
    Address: 66351253
    Attributes: [2]
Location #47
    Mapping index: 3
    Address: 28733501
    Attributes: [2]
Location #48
    Mapping index: 3
    Address: 28741873
    Attributes: [2]
Location #49
    Mapping index: 3
    Address: 28740618
    Attributes: [2]
Location #50
    Mapping index: 1
    Address: 29517077
    Attributes: [2]
Location #51
    Mapping index: 3
    Address: 35279959
    Attributes: [2]
Location #52
    Mapping index: 3
    Address: 48847013
    Attributes: [2]
Location #53
    Mapping index: 3
    Address: 35267938
    Attributes: [2]
Location #54
    Mapping index: 3
    Address: 32603797
    Attributes: [2]
Location #55
    Mapping index: 3
    Address: 35275318
    Attributes: [2]
Location #56
    Mapping index: 3
    Address: 32605477
    Attributes: [2]
Location #57
    Mapping index: 3
    Address: 35273024
    Attributes: [2]
Location #58
    Mapping index: 3
    Address: 32604949
    Attributes: [2]
Location #59
    Mapping index: 3
    Address: 32593227
    Attributes: [2]
Location #60
    Mapping index: 3
    Address: 66211733
    Attributes: [2]
Location #61
    Mapping index: 3
    Address: 18536048
    Attributes: [2]
Location #62
    Mapping index: 3
    Address: 18418039
    Attributes: [2]
Location #63
    Mapping index: 3
    Address: 18185983
    Attributes: [2]
Location #64
    Mapping index: 3
    Address: 18171749
    Attributes: [2]
Location #65
    Mapping index: 3
    Address: 18359992
    Attributes: [2]
Location #66
    Mapping index: 3
    Address: 15693681
    Attributes: [2]
Location #67
    Mapping index: 3
    Address: 15717107
    Attributes: [2]
Location #68
    Mapping index: 3
    Address: 15695518
    Attributes: [2]
Location #69
    Mapping index: 1
    Address: 29455119
    Attributes: [2]
Location #70
    Mapping index: 5
    Address: 22329974
    Line #0
        Function index: 1
        Line: 0
        Column: 0
    Attributes: [12]
Location #71
    Mapping index: 5
    Address: 8029185
    Line #0
        Function index: 2
        Line: 0
        Column: 0
    Attributes: [12]
Location #72
    Mapping index: 5
    Address: 8034381
    Line #0
        Function index: 3
        Line: 0
        Column: 0
    Attributes: [12]
Location #73
    Mapping index: 5
    Address: 8276607
    Line #0
        Function index: 4
        Line: 0
        Column: 0
    Attributes: [12]
Location #74
    Mapping index: 5
    Address: 8289146
    Line #0
        Function index: 5
        Line: 0
        Column: 0
    Attributes: [12]
Location #75
    Mapping index: 5
    Address: 7805836
    Line #0
        Function index: 6
        Line: 0
        Column: 0
    Attributes: [12]
Location #76
    Mapping index: 5
    Address: 7806887
    Line #0
        Function index: 7
        Line: 0
        Column: 0
    Attributes: [12]
Location #77
    Mapping index: 5
    Address: 7812860
    Line #0
        Function index: 8
        Line: 0
        Column: 0
    Attributes: [12]
Location #78
    Mapping index: 5
    Address: 7813868
    Line #0
        Function index: 9
        Line: 0
        Column: 0
    Attributes: [12]
Location #79
    Mapping index: 5
    Address: 7815089
    Line #0
        Function index: 10
        Line: 0
        Column: 0
    Attributes: [12]
Location #80
    Mapping index: 5
    Address: 4005607
    Line #0
        Function index: 11
        Line: 0
        Column: 0
    Attributes: [12]
Location #81
    Mapping index: 5
    Address: 22379348
    Line #0
        Function index: 12
        Line: 0
        Column: 0
    Attributes: [12]
Location #82
    Mapping index: 5
    Address: 2998
    Line #0
        Function index: 13
        Line: 0
        Column: 0
    Attributes: [12]
Location #83
    Mapping index: 4
    Address: 705818
    Attributes: [2]
Location #84
    Mapping index: 4
    Address: 710673
    Attributes: [2]
Location #85
    Mapping index: 6
    Address: 801283
    Attributes: [2]
Location #86
    Mapping index: 1
    Address: 10657096
    Attributes: [2]
Location #87
    Mapping index: 1
    Address: 10635302
    Attributes: [2]
Location #88
    Mapping index: 1
    Address: 10635862
    Attributes: [2]
Location #89
    Mapping index: 1
    Address: 10662480
    Attributes: [2]
Location #90
    Mapping index: 1
    Address: 21432185
    Attributes: [2]
Location #91
    Mapping index: 1
    Address: 21420344
    Attributes: [2]
Location #92
    Mapping index: 1
    Address: 24095034
    Attributes: [2]
Location #93
    Mapping index: 1
    Address: 12482151
    Attributes: [2]
Location #94
    Mapping index: 1
    Address: 12473371
    Attributes: [2]
Location #95
    Mapping index: 1
    Address: 12449405
    Attributes: [2]
Location #96
    Mapping index: 1
    Address: 12446923
    Attributes: [2]
Location #97
    Mapping index: 1
    Address: 12446449
    Attributes: [2]
Location #98
    Mapping index: 1
    Address: 12849720
    Attributes: [2]
Location #99
    Mapping index: 1
    Address: 12842096
    Attributes: [2]
Location #100
    Mapping index: 1
    Address: 12840443
    Attributes: [2]
Location #101
    Mapping index: 1
    Address: 12852079
    Attributes: [2]
Location #102
    Mapping index: 1
    Address: 12845362
    Attributes: [2]
Location #103
    Mapping index: 1
    Address: 12876449
    Attributes: [2]
Location #104
    Mapping index: 1
    Address: 12845390
    Attributes: [2]
Location #105
    Mapping index: 1
    Address: 12857791
    Attributes: [2]
Location #106
    Mapping index: 1
    Address: 12843974
    Attributes: [2]
Location #107
    Mapping index: 1
    Address: 12855151
    Attributes: [2]
Location #108
    Mapping index: 1
    Address: 12846621
    Attributes: [2]
Location #109
    Mapping index: 1
    Address: 12855966
    Attributes: [2]
Location #110
    Mapping index: 1
    Address: 12859166
    Attributes: [2]
Location #111
    Mapping index: 1
    Address: 12846634
    Attributes: [2]
Location #112
    Mapping index: 1
    Address: 12849071
    Attributes: [2]
Location #113
    Mapping index: 1
    Address: 12842514
    Attributes: [2]
Location #114
    Mapping index: 1
    Address: 12880758
    Attributes: [2]
Location #115
    Mapping index: 1
    Address: 12992710
    Attributes: [2]
Location #116
    Mapping index: 1
    Address: 12243616
    Attributes: [2]
Location #117
    Mapping index: 1
    Address: 12988542
    Attributes: [2]
Location #118
    Mapping index: 1
    Address: 12986936
    Attributes: [2]
Location #119
    Mapping index: 1
    Address: 12983396
    Attributes: [2]
Location #120
    Mapping index: 1
    Address: 12975994
    Attributes: [2]
Location #121
    Mapping index: 1
    Address: 12153981
    Attributes: [2]
Location #122
    Mapping index: 1
    Address: 20634193
    Attributes: [2]
Location #123
    Mapping index: 1
    Address: 20634453
    Attributes: [2]
Location #124
    Mapping index: 1
    Address: 20626859
    Attributes: [2]
Location #125
    Mapping index: 1
    Address: 22667394
    Attributes: [2]
Location #126
    Mapping index: 1
    Address: 12880861
    Attributes: [2]
Location #127
    Mapping index: 5
    Address: 7421201
    Line #0
        Function index: 14
        Line: 0
        Column: 0
    Attributes: [12]
Location #128
    Mapping index: 5
    Address: 7421897
    Line #0
        Function index: 15
        Line: 0
        Column: 0
    Attributes: [12]
Location #129
    Mapping index: 5
    Address: 7422192
    Line #0
        Function index: 16
        Line: 0
        Column: 0
    Attributes: [12]
Location #130
    Mapping index: 5
    Address: 7422347
    Line #0
        Function index: 17
        Line: 0
        Column: 0
    Attributes: [12]
Location #131
    Mapping index: 5
    Address: 7424542
    Line #0
        Function index: 18
        Line: 0
        Column: 0
    Attributes: [12]
Location #132
    Mapping index: 5
    Address: 7807258
    Line #0
        Function index: 7
        Line: 0
        Column: 0
    Attributes: [12]
Location #133
    Mapping index: 1
    Address: 34555763
    Attributes: [2]
Location #134
    Mapping index: 1
    Address: 34525821
    Attributes: [2]
Location #135
    Mapping index: 1
    Address: 34543153
    Attributes: [2]
Location #136
    Mapping index: 1
    Address: 34562795
    Attributes: [2]
Location #137
    Mapping index: 1
    Address: 34525832
    Attributes: [2]
Location #138
    Mapping index: 1
    Address: 34529070
    Attributes: [2]
Location #139
    Mapping index: 1
    Address: 34530030
    Attributes: [2]
Location #140
    Mapping index: 1
    Address: 34530968
    Attributes: [2]
Location #141
    Mapping index: 1
    Address: 34552201
    Attributes: [2]
Location #142
    Mapping index: 1
    Address: 34530910
    Attributes: [2]
Location #143
    Mapping index: 1
    Address: 34542007
    Attributes: [2]
Location #144
    Mapping index: 1
    Address: 34541840
    Attributes: [2]
Location #145
    Mapping index: 1
    Address: 34538245
    Attributes: [2]
Location #146
    Mapping index: 1
    Address: 34543475
    Attributes: [2]
Location #147
    Mapping index: 1
    Address: 34500859
    Attributes: [2]
Location #148
    Mapping index: 1
    Address: 34328029
    Attributes: [2]
Location #149
    Mapping index: 1
    Address: 20281145
    Attributes: [2]
Location #150
    Mapping index: 1
    Address: 20924482
    Attributes: [2]
Location #151
    Mapping index: 1
    Address: 22667700
    Attributes: [2]
Location #152
    Mapping index: 7
    Address: 5783120
    Attributes: [2]
Location #153
    Mapping index: 7
    Address: 5838330
    Attributes: [2]
Location #154
    Mapping index: 7
    Address: 6257512
    Attributes: [2]
Location #155
    Mapping index: 7
    Address: 6174003
    Attributes: [2]
Location #156
    Mapping index: 0
    Address: 0
    Attributes: [15]
Location #157
    Mapping index: 7
    Address: 6125951
    Attributes: [2]
Location #158
    Mapping index: 7
    Address: 6117562
    Attributes: [2]
Location #159
    Mapping index: 7
    Address: 6327121
    Attributes: [2]
Location #160
    Mapping index: 7
    Address: 7033442
    Attributes: [2]
Location #161
    Mapping index: 7
    Address: 7032777
    Attributes: [2]
Location #162
    Mapping index: 7
    Address: 7032318
    Attributes: [2]
Location #163
    Mapping index: 7
    Address: 7065188
    Attributes: [2]
Location #164
    Mapping index: 7
    Address: 7063884
    Attributes: [2]
Location #165
    Mapping index: 7
    Address: 6650628
    Attributes: [2]
Location #166
    Mapping index: 7
    Address: 5741008
    Attributes: [2]
Location #167
    Mapping index: 7
    Address: 6161785
    Attributes: [2]
Location #168
    Mapping index: 3
    Address: 29515810
    Attributes: [2]
Location #169
    Mapping index: 3
    Address: 29491029
    Attributes: [2]
Location #170
    Mapping index: 3
    Address: 29508577
    Attributes: [2]
Location #171
    Mapping index: 3
    Address: 29496599
    Attributes: [2]
Location #172
    Mapping index: 3
    Address: 29490076
    Attributes: [2]
Location #173
    Mapping index: 3
    Address: 29485536
    Attributes: [2]
Location #174
    Mapping index: 3
    Address: 29508337
    Attributes: [2]
Location #175
    Mapping index: 3
    Address: 28860098
    Attributes: [2]
Location #176
    Mapping index: 3
    Address: 28734157
    Attributes: [2]
Location #177
    Mapping index: 5
    Address: 4005048
    Line #0
        Function index: 11
        Line: 0
        Column: 0
    Attributes: [12]
Location #178
    Mapping index: 6
    Address: 801340
    Attributes: [2]
Location #179
    Mapping index: 3
    Address: 13758267
    Attributes: [2]
Location #180
    Mapping index: 3
    Address: 13758579
    Attributes: [2]
Location #181
    Mapping index: 1
    Address: 12138730
    Attributes: [2]
Location #182
    Mapping index: 1
    Address: 12138456
    Attributes: [2]
Location #183
    Mapping index: 1
    Address: 12115249
    Attributes: [2]
Location #184
    Mapping index: 1
    Address: 12148818
    Attributes: [2]
Location #185
    Mapping index: 1
    Address: 12152107
    Attributes: [2]
Location #186
    Mapping index: 1
    Address: 12121580
    Attributes: [2]
Location #187
    Mapping index: 1
    Address: 12962171
    Attributes: [2]
Location #188
    Mapping index: 1
    Address: 12850257
    Attributes: [2]
Location #189
    Mapping index: 1
    Address: 21610160
    Attributes: [2]
Location #190
    Mapping index: 1
    Address: 21609214
    Attributes: [2]
Location #191
    Mapping index: 1
    Address: 21618928
    Attributes: [2]
Location #192
    Mapping index: 1
    Address: 25240858
    Attributes: [2]
Location #193
    Mapping index: 1
    Address: 27251010
    Attributes: [2]
Location #194
    Mapping index: 1
    Address: 21634498
    Attributes: [2]
Location #195
    Mapping index: 1
    Address: 24051962
    Attributes: [2]
Location #196
    Mapping index: 1
    Address: 24181660
    Attributes: [2]
Location #197
    Mapping index: 1
    Address: 23974377
    Attributes: [2]
Location #198
    Mapping index: 1
    Address: 12451436
    Attributes: [2]
Location #199
    Mapping index: 1
    Address: 15348706
    Attributes: [2]
Location #200
    Mapping index: 1
    Address: 15349224
    Attributes: [2]
Location #201
    Mapping index: 1
    Address: 15349616
    Attributes: [2]
Location #202
    Mapping index: 1
    Address: 15348236
    Attributes: [2]
Location #203
    Mapping index: 1
    Address: 15350806
    Attributes: [2]
Location #204
    Mapping index: 1
    Address: 21672713
    Attributes: [2]
Location #205
    Mapping index: 1
    Address: 21673445
    Attributes: [2]
Location #206
    Mapping index: 1
    Address: 21657934
    Attributes: [2]
Location #207
    Mapping index: 1
    Address: 21608286
    Attributes: [2]
Location #208
    Mapping index: 1
    Address: 21609817
    Attributes: [2]
Location #209
    Mapping index: 1
    Address: 15338896
    Attributes: [2]
Location #210
    Mapping index: 1
    Address: 15331552
    Attributes: [2]
Location #211
    Mapping index: 1
    Address: 15331321
    Attributes: [2]
Location #212
    Mapping index: 1
    Address: 33225087
    Attributes: [2]
Location #213
    Mapping index: 1
    Address: 33224884
    Attributes: [2]
Location #214
    Mapping index: 1
    Address: 31847286
    Attributes: [2]
Location #215
    Mapping index: 1
    Address: 31747180
    Attributes: [2]
Location #216
    Mapping index: 1
    Address: 31842849
    Attributes: [2]
Location #217
    Mapping index: 1
    Address: 31844920
    Attributes: [2]
Location #218
    Mapping index: 1
    Address: 31747072
    Attributes: [2]
Location #219
    Mapping index: 1
    Address: 31298069
    Attributes: [2]
Location #220
    Mapping index: 1
    Address: 31308892
    Attributes: [2]
Location #221
    Mapping index: 1
    Address: 31290785
    Attributes: [2]
Location #222
    Mapping index: 1
    Address: 31289746
    Attributes: [2]
Location #223
    Mapping index: 1
    Address: 32811994
    Attributes: [2]
Location #224
    Mapping index: 1
    Address: 32809074
    Attributes: [2]
Location #225
    Mapping index: 1
    Address: 32811472
    Attributes: [2]
Location #226
    Mapping index: 1
    Address: 32814261
    Attributes: [2]
Location #227
    Mapping index: 1
    Address: 32810192
    Attributes: [2]
Location #228
    Mapping index: 1
    Address: 32855947
    Attributes: [2]
Location #229
    Mapping index: 1
    Address: 32852145
    Attributes: [2]
Location #230
    Mapping index: 1
    Address: 31799348
    Attributes: [2]
Location #231
    Mapping index: 1
    Address: 31792376
    Attributes: [2]
Location #232
    Mapping index: 1
    Address: 31412916
    Attributes: [2]
Location #233
    Mapping index: 1
    Address: 32809296
    Attributes: [2]
Location #234
    Mapping index: 1
    Address: 32818003
    Attributes: [2]
Location #235
    Mapping index: 1
    Address: 32810000
    Attributes: [2]
Location #236
    Mapping index: 1
    Address: 32811934
    Attributes: [2]
Location #237
    Mapping index: 1
    Address: 33219907
    Attributes: [2]
Location #238
    Mapping index: 1
    Address: 33222747
    Attributes: [2]
Location #239
    Mapping index: 3
    Address: 27290893
    Attributes: [2]
Location #240
    Mapping index: 3
    Address: 27281197
    Attributes: [2]
Location #241
    Mapping index: 3
    Address: 27271210
    Attributes: [2]
Location #242
    Mapping index: 7
    Address: 5542664
    Attributes: [2]
Location #243
    Mapping index: 7
    Address: 6124424
    Attributes: [2]
Location #244
    Mapping index: 7
    Address: 6822861
    Attributes: [2]
Location #245
    Mapping index: 7
    Address: 5977629
    Attributes: [2]
Location #246
    Mapping index: 7
    Address: 6129175
    Attributes: [2]
Location #247
    Mapping index: 7
    Address: 7267666
    Attributes: [2]
Location #248
    Mapping index: 7
    Address: 5872722
    Attributes: [2]
Location #249
    Mapping index: 7
    Address: 5542781
    Attributes: [2]
Location #250
    Mapping index: 7
    Address: 5549001
    Attributes: [2]
Location #251
    Mapping index: 7
    Address: 5890414
    Attributes: [2]
Location #252
    Mapping index: 7
    Address: 5551195
    Attributes: [2]
Location #253
    Mapping index: 7
    Address: 6141233
    Attributes: [2]
Location #254
    Mapping index: 0
    Address: 0
    Line #0
        Function index: 19
        Line: 776
        Column: 0
    Attributes: [15]
Location #255
    Mapping index: 0
    Address: 0
    Line #0
        Function index: 20
        Line: 159
        Column: 0
    Attributes: [15]
Location #256
    Mapping index: 0
    Address: 0
    Line #0
        Function index: 21
        Line: 116
        Column: 0
    Attributes: [15]
Location #257
    Mapping index: 0
    Address: 0
    Line #0
        Function index: 22
        Line: 384
        Column: 0
    Attributes: [15]
Location #258
    Mapping index: 0
    Address: 0
    Line #0
        Function index: 23
        Line: 98
        Column: 0
    Attributes: [15]
Location #259
    Mapping index: 0
    Address: 0
    Line #0
        Function index: 24
        Line: 110
        Column: 0
    Attributes: [15]
Location #260
    Mapping index: 0
    Address: 0
    Line #0
        Function index: 25
        Line: 82
        Column: 0
    Attributes: [15]
Location #261
    Mapping index: 0
    Address: 0
    Line #0
        Function index: 26
        Line: 133
        Column: 0
    Attributes: [15]
Location #262
    Mapping index: 0
    Address: 0
    Line #0
        Function index: 25
        Line: 84
        Column: 0
    Attributes: [15]
Location #263
    Mapping index: 0
    Address: 0
    Line #0
        Function index: 27
        Line: 55
        Column: 0
    Attributes: [15]
Location #264
    Mapping index: 0
    Address: 0
    Line #0
        Function index: 28
        Line: 36
        Column: 0
    Attributes: [15]
Location #265
    Mapping index: 0
    Address: 0
    Line #0
        Function index: 29
        Line: 49
        Column: 0
    Attributes: [15]
Location #266
    Mapping index: 0
    Address: 0
    Line #0
        Function index: 30
        Line: 81
        Column: 0
    Attributes: [15]
Location #267
    Mapping index: 0
    Address: 0
    Line #0
        Function index: 31
        Line: 125
        Column: 0
    Attributes: [15]
Location #268
    Mapping index: 0
    Address: 0
    Line #0
        Function index: 32
        Line: 1150
        Column: 0
    Attributes: [15]
Location #269
    Mapping index: 0
    Address: 0
    Line #0
        Function index: 33
        Line: 1620
        Column: 0
    Attributes: [15]
Location #270
    Mapping index: 0
    Address: 0
    Line #0
        Function index: 34
        Line: 1632
        Column: 0
    Attributes: [15]
Location #271
    Mapping index: 0
    Address: 0
    Line #0
        Function index: 35
        Line: 1
        Column: 0
    Attributes: [15]
Location #272
    Mapping index: 7
    Address: 6125245
    Attributes: [2]
Location #273
    Mapping index: 7
    Address: 5487392
    Attributes: [2]
Location #274
    Mapping index: 7
    Address: 6128065
    Attributes: [2]
Location #275
    Mapping index: 5
    Address: 22447056
    Line #0
        Function index: 36
        Line: 0
        Column: 0
    Attributes: [12]
Location #276
    Mapping index: 5
    Address: 8002275
    Line #0
        Function index: 37
        Line: 0
        Column: 0
    Attributes: [12]
Location #277
    Mapping index: 5
    Address: 8022980
    Line #0
        Function index: 38
        Line: 0
        Column: 0
    Attributes: [12]
Location #278
    Mapping index: 5
    Address: 7582330
    Line #0
        Function index: 39
        Line: 0
        Column: 0
    Attributes: [12]
Location #279
    Mapping index: 5
    Address: 7587234
    Line #0
        Function index: 40
        Line: 0
        Column: 0
    Attributes: [12]
Location #280
    Mapping index: 5
    Address: 4411081
    Line #0
        Function index: 41
        Line: 0
        Column: 0
    Attributes: [12]
Location #281
    Mapping index: 5
    Address: 4412409
    Line #0
        Function index: 42
        Line: 0
        Column: 0
    Attributes: [12]
Location #282
    Mapping index: 5
    Address: 4461015
    Line #0
        Function index: 43
        Line: 0
        Column: 0
    Attributes: [12]
Location #283
    Mapping index: 5
    Address: 3573443
    Line #0
        Function index: 44
        Line: 0
        Column: 0
    Attributes: [12]
Location #284
    Mapping index: 5
    Address: 3163321
    Line #0
        Function index: 45
        Line: 0
        Column: 0
    Attributes: [12]
Location #285
    Mapping index: 1
    Address: 12152190
    Attributes: [2]
Location #286
    Mapping index: 1
    Address: 12847558
    Attributes: [2]
Location #287
    Mapping index: 1
    Address: 15356196
    Attributes: [2]
Location #288
    Mapping index: 1
    Address: 15705287
    Attributes: [2]
Location #289
    Mapping index: 1
    Address: 15719965
    Attributes: [2]
Location #290
    Mapping index: 1
    Address: 15356553
    Attributes: [2]
Location #291
    Mapping index: 1
    Address: 15346574
    Attributes: [2]
Location #292
    Mapping index: 1
    Address: 15329342
    Attributes: [2]
Location #293
    Mapping index: 1
    Address: 21671382
    Attributes: [2]
Location #294
    Mapping index: 1
    Address: 21716892
    Attributes: [2]
Location #295
    Mapping index: 1
    Address: 21608232
    Attributes: [2]
Location #296
    Mapping index: 1
    Address: 21716830
    Attributes: [2]
Location #297
    Mapping index: 1
    Address: 22628379
    Attributes: [2]
Location #298
    Mapping index: 1
    Address: 12251062
    Attributes: [2]
Location #299
    Mapping index: 1
    Address: 12240145
    Attributes: [2]
Location #300
    Mapping index: 1
    Address: 12237396
    Attributes: [2]
Location #301
    Mapping index: 1
    Address: 12236187
    Attributes: [2]
Location #302
    Mapping index: 1
    Address: 12843229
    Attributes: [2]
Location #303
    Mapping index: 1
    Address: 12853539
    Attributes: [2]
Location #304
    Mapping index: 1
    Address: 12478534
    Attributes: [2]
Location #305
    Mapping index: 4
    Address: 710435
    Attributes: [2]
Location #306
    Mapping index: 8
    Address: 21590191
    Attributes: [2]
Location #307
    Mapping index: 8
    Address: 15732979
    Attributes: [2]
Location #308
    Mapping index: 8
    Address: 15223352
    Attributes: [2]
Location #309
    Mapping index: 8
    Address: 15718939
    Attributes: [2]
Location #310
    Mapping index: 8
    Address: 16919821
    Attributes: [2]
Location #311
    Mapping index: 8
    Address: 15518371
    Attributes: [2]
Location #312
    Mapping index: 8
    Address: 15968003
    Attributes: [2]
Location #313
    Mapping index: 8
    Address: 15905384
    Attributes: [2]
Location #314
    Mapping index: 8
    Address: 16317066
    Attributes: [2]
Location #315
    Mapping index: 8
    Address: 15858770
    Attributes: [2]
Location #316
    Mapping index: 8
    Address: 16637480
    Attributes: [2]
Location #317
    Mapping index: 8
    Address: 21388591
    Attributes: [2]
Location #318
    Mapping index: 8
    Address: 16319364
    Attributes: [2]
Location #319
    Mapping index: 8
    Address: 14536356
    Attributes: [2]
Location #320
    Mapping index: 4
    Address: 695261
    Attributes: [2]
Location #321
    Mapping index: 4
    Address: 703119
    Attributes: [2]
Location #322
    Mapping index: 4
    Address: 710419
    Attributes: [2]
Location #323
    Mapping index: 4
    Address: 972299
    Attributes: [2]
Location #324
    Mapping index: 8
    Address: 21447154
    Attributes: [2]
Location #325
    Mapping index: 8
    Address: 15507576
    Attributes: [2]
Location #326
    Mapping index: 8
    Address: 15518022
    Attributes: [2]
Location #327
    Mapping index: 4
    Address: 695037
    Attributes: [2]
Location #328
    Mapping index: 4
    Address: 695594
    Attributes: [2]
Location #329
    Mapping index: 4
    Address: 708676
    Attributes: [2]
Location #330
    Mapping index: 4
    Address: 713221
    Attributes: [2]
Location #331
    Mapping index: 8
    Address: 18694380
    Attributes: [2]
Location #332
    Mapping index: 8
    Address: 18694973
    Attributes: [2]
Location #333
    Mapping index: 8
    Address: 15511252
    Attributes: [2]
Location #334
    Mapping index: 8
    Address: 15518572
    Attributes: [2]
Location #335
    Mapping index: 5
    Address: 12358246
    Line #0
        Function index: 46
        Line: 0
        Column: 0
    Attributes: [12]
Location #336
    Mapping index: 5
    Address: 8695904
    Line #0
        Function index: 47
        Line: 0
        Column: 0
    Attributes: [12]
Location #337
    Mapping index: 5
    Address: 8700115
    Line #0
        Function index: 48
        Line: 0
        Column: 0
    Attributes: [12]
Location #338
    Mapping index: 5
    Address: 8700164
    Line #0
        Function index: 49
        Line: 0
        Column: 0
    Attributes: [12]
Location #339
    Mapping index: 5
    Address: 3170820
    Line #0
        Function index: 50
        Line: 0
        Column: 0
    Attributes: [12]
Location #340
    Mapping index: 5
    Address: 22351549
    Line #0
        Function index: 51
        Line: 0
        Column: 0
    Attributes: [12]
Location #341
    Mapping index: 5
    Address: 298
    Line #0
        Function index: 52
        Line: 0
        Column: 0
    Attributes: [12]
Location #342
    Mapping index: 4
    Address: 1143738
    Attributes: [2]
Location #343
    Mapping index: 4
    Address: 972236
    Attributes: [2]
Location #344
    Mapping index: 8
    Address: 17067712
    Attributes: [2]
Location #345
    Mapping index: 8
    Address: 17068345
    Attributes: [2]
Location #346
    Mapping index: 8
    Address: 17033157
    Attributes: [2]
Location #347
    Mapping index: 8
    Address: 17029477
    Attributes: [2]
Location #348
    Mapping index: 8
    Address: 16919567
    Attributes: [2]
Location #349
    Mapping index: 5
    Address: 22303582
    Line #0
        Function index: 53
        Line: 0
        Column: 0
    Attributes: [12]
Location #350
    Mapping index: 5
    Address: 8927891
    Line #0
        Function index: 54
        Line: 0
        Column: 0
    Attributes: [12]
Location #351
    Mapping index: 5
    Address: 20475705
    Line #0
        Function index: 55
        Line: 0
        Column: 0
    Attributes: [12]
Location #352
    Mapping index: 5
    Address: 20475977
    Line #0
        Function index: 56
        Line: 0
        Column: 0
    Attributes: [12]
Location #353
    Mapping index: 5
    Address: 8929563
    Line #0
        Function index: 57
        Line: 0
        Column: 0
    Attributes: [12]
Location #354
    Mapping index: 5
    Address: 8930316
    Line #0
        Function index: 58
        Line: 0
        Column: 0
    Attributes: [12]
Location #355
    Mapping index: 5
    Address: 9508389
    Line #0
        Function index: 59
        Line: 0
        Column: 0
    Attributes: [12]
Location #356
    Mapping index: 5
    Address: 8662554
    Line #0
        Function index: 60
        Line: 0
        Column: 0
    Attributes: [12]
Location #357
    Mapping index: 5
    Address: 8666654
    Line #0
        Function index: 61
        Line: 0
        Column: 0
    Attributes: [12]
Location #358
    Mapping index: 5
    Address: 8666824
    Line #0
        Function index: 62
        Line: 0
        Column: 0
    Attributes: [12]
Location #359
    Mapping index: 5
    Address: 3171795
    Line #0
        Function index: 50
        Line: 0
        Column: 0
    Attributes: [12]
Location #360
    Mapping index: 4
    Address: 1161929
    Attributes: [2]
Location #361
    Mapping index: 8
    Address: 21423134
    Attributes: [2]
Location #362
    Mapping index: 8
    Address: 21405096
    Attributes: [2]
Location #363
    Mapping index: 8
    Address: 15470474
    Attributes: [2]
Location #364
    Mapping index: 8
    Address: 15968283
    Attributes: [2]
Location #365
    Mapping index: 5
    Address: 8124779
    Line #0
        Function index: 63
        Line: 0
        Column: 0
    Attributes: [12]
Location #366
    Mapping index: 5
    Address: 8605260
    Line #0
        Function index: 64
        Line: 0
        Column: 0
    Attributes: [12]
Location #367
    Mapping index: 5
    Address: 8605422
    Line #0
        Function index: 65
        Line: 0
        Column: 0
    Attributes: [12]
Location #368
    Mapping index: 5
    Address: 8605584
    Line #0
        Function index: 66
        Line: 0
        Column: 0
    Attributes: [12]
Location #369
    Mapping index: 5
    Address: 13207526
    Line #0
        Function index: 67
        Line: 0
        Column: 0
    Attributes: [12]
Location #370
    Mapping index: 5
    Address: 8737786
    Line #0
        Function index: 68
        Line: 0
        Column: 0
    Attributes: [12]
Location #371
    Mapping index: 5
    Address: 8765250
    Line #0
        Function index: 69
        Line: 0
        Column: 0
    Attributes: [12]
Location #372
    Mapping index: 5
    Address: 8703960
    Line #0
        Function index: 70
        Line: 0
        Column: 0
    Attributes: [12]
Location #373
    Mapping index: 5
    Address: 3166946
    Line #0
        Function index: 50
        Line: 0
        Column: 0
    Attributes: [12]
Location #374
    Mapping index: 4
    Address: 1163085
    Attributes: [2]
Location #375
    Mapping index: 8
    Address: 21478196
    Attributes: [2]
Location #376
    Mapping index: 8
    Address: 21448149
    Attributes: [2]
Location #377
    Mapping index: 8
    Address: 17068867
    Attributes: [2]
Location #378
    Mapping index: 7
    Address: 6257163
    Attributes: [2]
Location #379
    Mapping index: 7
    Address: 5976683
    Attributes: [2]
Location #380
    Mapping index: 0
    Address: 0
    Line #0
        Function index: 71
        Line: 1322
        Column: 0
    Attributes: [15]
Location #381
    Mapping index: 0
    Address: 0
    Line #0
        Function index: 72
        Line: 1305
        Column: 0
    Attributes: [15]
Location #382
    Mapping index: 0
    Address: 0
    Line #0
        Function index: 73
        Line: 679
        Column: 0
    Attributes: [15]
Location #383
    Mapping index: 0
    Address: 0
    Line #0
        Function index: 20
        Line: 255
        Column: 0
    Attributes: [15]
Location #384
    Mapping index: 0
    Address: 47494821
    Attributes: [2]
Location #385
    Mapping index: 0
    Address: 47496479
    Attributes: [2]
Location #386
    Mapping index: 0
    Address: 45224136
    Attributes: [2]
Location #387
    Mapping index: 0
    Address: 45252457
    Attributes: [2]
Location #388
    Mapping index: 0
    Address: 45256993
    Attributes: [2]
Location #389
    Mapping index: 0
    Address: 45306360
    Attributes: [2]
Location #390
    Mapping index: 0
    Address: 45312831
    Attributes: [2]
Location #391
    Mapping index: 9
    Address: 19660682
    Attributes: [2]
Location #392
    Mapping index: 9
    Address: 19919552
    Attributes: [2]
Location #393
    Mapping index: 9
    Address: 19920478
    Attributes: [2]
Location #394
    Mapping index: 0
    Address: 36980119
    Attributes: [2]
Location #395
    Mapping index: 9
    Address: 16935283
    Attributes: [2]
Location #396
    Mapping index: 4
    Address: 641699
    Attributes: [2]
Location #397
    Mapping index: 4
    Address: 1219691
    Attributes: [2]
Location #398
    Mapping index: 9
    Address: 22428007
    Attributes: [2]
Location #399
    Mapping index: 9
    Address: 22317542
    Attributes: [2]
Location #400
    Mapping index: 9
    Address: 22319050
    Attributes: [2]
Location #401
    Mapping index: 9
    Address: 22450668
    Attributes: [2]
Location #402
    Mapping index: 9
    Address: 22451090
    Attributes: [2]
Location #403
    Mapping index: 9
    Address: 19658491
    Attributes: [2]
Location #404
    Mapping index: 9
    Address: 19658710
    Attributes: [2]
Location #405
    Mapping index: 9
    Address: 19703113
    Attributes: [2]
Location #406
    Mapping index: 9
    Address: 19704123
    Attributes: [2]
Location #407
    Mapping index: 9
    Address: 19706189
    Attributes: [2]
Location #408
    Mapping index: 9
    Address: 19706926
    Attributes: [2]
Location #409
    Mapping index: 9
    Address: 19711212
    Attributes: [2]
Location #410
    Mapping index: 9
    Address: 18997854
    Attributes: [2]
Location #411
    Mapping index: 9
    Address: 18999310
    Attributes: [2]
Location #412
    Mapping index: 9
    Address: 15962226
    Attributes: [2]
Location #413
    Mapping index: 9
    Address: 15978729
    Attributes: [2]
Location #414
    Mapping index: 9
    Address: 19316633
    Attributes: [2]
Location #415
    Mapping index: 9
    Address: 19317481
    Attributes: [2]
Location #416
    Mapping index: 0
    Address: 0
    Line #0
        Function index: 74
        Line: 0
        Column: 0
    Attributes: [37]
Location #417
    Mapping index: 0
    Address: 0
    Line #0
        Function index: 75
        Line: 0
        Column: 0
    Attributes: [37]
Location #418
    Mapping index: 0
    Address: 0
    Line #0
        Function index: 76
        Line: 0
        Column: 0
    Attributes: [37]
Location #419
    Mapping index: 0
    Address: 0
    Line #0
        Function index: 77
        Line: 0
        Column: 0
    Attributes: [37]
Location #420
    Mapping index: 0
    Address: 0
    Line #0
        Function index: 78
        Line: 0
        Column: 0
    Attributes: [37]
Location #421
    Mapping index: 0
    Address: 0
    Attributes: [37]
Location #422
    Mapping index: 0
    Address: 0
    Line #0
        Function index: 79
        Line: 0
        Column: 0
    Attributes: [37]
Location #423
    Mapping index: 0
    Address: 0
    Line #0
        Function index: 80
        Line: 0
        Column: 0
    Attributes: [37]
Location #424
    Mapping index: 0
    Address: 0
    Line #0
        Function index: 81
        Line: 0
        Column: 0
    Attributes: [37]
Location #425
    Mapping index: 0
    Address: 0
    Line #0
        Function index: 82
        Line: 0
        Column: 0
    Attributes: [37]
Location #426
    Mapping index: 0
    Address: 0
    Line #0
        Function index: 83
        Line: 0
        Column: 0
    Attributes: [37]
Location #427
    Mapping index: 0
    Address: 0
    Line #0
        Function index: 84
        Line: 0
        Column: 0
    Attributes: [37]
Location #428
    Mapping index: 9
    Address: 20424196
    Attributes: [2]
Location #429
    Mapping index: 9
    Address: 20428857
    Attributes: [2]
Location #430
    Mapping index: 9
    Address: 20635384
    Attributes: [2]
Location #431
    Mapping index: 9
    Address: 20636338
    Attributes: [2]
Location #432
    Mapping index: 9
    Address: 15266858
    Attributes: [2]
Location #433
    Mapping index: 9
    Address: 15267424
    Attributes: [2]
Location #434
    Mapping index: 9
    Address: 16024100
    Attributes: [2]
Location #435
    Mapping index: 9
    Address: 15292437
    Attributes: [2]
Location #436
    Mapping index: 9
    Address: 16703983
    Attributes: [2]
Location #437
    Mapping index: 9
    Address: 16023210
    Attributes: [2]
Location #438
    Mapping index: 9
    Address: 15258461
    Attributes: [2]
Location #439
    Mapping index: 5
    Address: 8829705
    Line #0
        Function index: 85
        Line: 0
        Column: 0
    Attributes: [12]
Location #440
    Mapping index: 5
    Address: 8742495
    Line #0
        Function index: 86
        Line: 0
        Column: 0
    Attributes: [12]
Location #441
    Mapping index: 5
    Address: 8759131
    Line #0
        Function index: 87
        Line: 0
        Column: 0
    Attributes: [12]
Location #442
    Mapping index: 5
    Address: 8759932
    Line #0
        Function index: 88
        Line: 0
        Column: 0
    Attributes: [12]
Location #443
    Mapping index: 5
    Address: 8768674
    Line #0
        Function index: 89
        Line: 0
        Column: 0
    Attributes: [12]
Location #444
    Mapping index: 5
    Address: 8769506
    Line #0
        Function index: 90
        Line: 0
        Column: 0
    Attributes: [12]
Location #445
    Mapping index: 5
    Address: 8645642
    Line #0
        Function index: 91
        Line: 0
        Column: 0
    Attributes: [12]
Location #446
    Mapping index: 5
    Address: 8646977
    Line #0
        Function index: 92
        Line: 0
        Column: 0
    Attributes: [12]
Location #447
    Mapping index: 5
    Address: 3169995
    Line #0
        Function index: 50
        Line: 0
        Column: 0
    Attributes: [12]
Location #448
    Mapping index: 4
    Address: 1159700
    Attributes: [2]
Location #449
    Mapping index: 9
    Address: 30445115
    Attributes: [2]
Location #450
    Mapping index: 9
    Address: 30452156
    Attributes: [2]
Location #451
    Mapping index: 9
    Address: 16462971
    Attributes: [2]
Location #452
    Mapping index: 0
    Address: 0
    Line #0
        Function index: 93
        Line: 0
        Column: 0
    Attributes: [37]
Location #453
    Mapping index: 0
    Address: 0
    Line #0
        Function index: 94
        Line: 0
        Column: 0
    Attributes: [37]
Location #454
    Mapping index: 0
    Address: 0
    Line #0
        Function index: 95
        Line: 0
        Column: 0
    Attributes: [37]
Location #455
    Mapping index: 0
    Address: 0
    Line #0
        Function index: 96
        Line: 0
        Column: 0
    Attributes: [37]
Location #456
    Mapping index: 0
    Address: 0
    Line #0
        Function index: 97
        Line: 0
        Column: 0
    Attributes: [37]
Location #457
    Mapping index: 0
    Address: 0
    Line #0
        Function index: 98
        Line: 0
        Column: 0
    Attributes: [37]
Location #458
    Mapping index: 9
    Address: 24417182
    Attributes: [2]
Location #459
    Mapping index: 0
    Address: 0
    Line #0
        Function index: 99
        Line: 0
        Column: 0
    Attributes: [37]
Location #460
    Mapping index: 0
    Address: 0
    Line #0
        Function index: 100
        Line: 0
        Column: 0
    Attributes: [37]
Location #461
    Mapping index: 0
    Address: 0
    Line #0
        Function index: 101
        Line: 0
        Column: 0
    Attributes: [37]
Location #462
    Mapping index: 0
    Address: 0
    Line #0
        Function index: 102
        Line: 0
        Column: 0
    Attributes: [37]
Location #463
    Mapping index: 0
    Address: 0
    Line #0
        Function index: 103
        Line: 0
        Column: 0
    Attributes: [37]
Location #464
    Mapping index: 0
    Address: 0
    Line #0
        Function index: 104
        Line: 0
        Column: 0
    Attributes: [37]
Location #465
    Mapping index: 0
    Address: 0
    Line #0
        Function index: 105
        Line: 0
        Column: 0
    Attributes: [37]
Location #466
    Mapping index: 0
    Address: 0
    Line #0
        Function index: 106
        Line: 0
        Column: 0
    Attributes: [37]
Location #467
    Mapping index: 0
    Address: 0
    Line #0
        Function index: 107
        Line: 0
        Column: 0
    Attributes: [37]
Location #468
    Mapping index: 0
    Address: 0
    Line #0
        Function index: 108
        Line: 101
        Column: 0
    Attributes: [37]
Location #469
    Mapping index: 0
    Address: 0
    Line #0
        Function index: 109
        Line: 1
        Column: 27
    Attributes: [37]
Location #470
    Mapping index: 0
    Address: 0
    Line #0
        Function index: 110
        Line: 454
        Column: 0
    Attributes: [37]
Location #471
    Mapping index: 0
    Address: 0
    Line #0
        Function index: 111
        Line: 474
        Column: 0
    Attributes: [37]
Location #472
    Mapping index: 0
    Address: 0
    Line #0
        Function index: 112
        Line: 721
        Column: 0
    Attributes: [37]
Location #473
    Mapping index: 0
    Address: 0
    Line #0
        Function index: 113
        Line: 1
        Column: 10
    Attributes: [37]
Location #474
    Mapping index: 0
    Address: 0
    Line #0
        Function index: 114
        Line: 1386
        Column: 1073689790
    Attributes: [37]
Location #475
    Mapping index: 0
    Address: 0
    Line #0
        Function index: 115
        Line: 242
        Column: 0
    Attributes: [37]
Location #476
    Mapping index: 0
    Address: 0
    Line #0
        Function index: 116
        Line: 0
        Column: 0
    Attributes: [37]
Location #477
    Mapping index: 0
    Address: 0
    Line #0
        Function index: 117
        Line: 5
        Column: 0
    Attributes: [37]
Location #478
    Mapping index: 0
    Address: 0
    Line #0
        Function index: 118
        Line: 13
        Column: 0
    Attributes: [37]
Location #479
    Mapping index: 0
    Address: 0
    Line #0
        Function index: 119
        Line: 23
        Column: 0
    Attributes: [37]
Location #480
    Mapping index: 0
    Address: 0
    Line #0
        Function index: 120
        Line: 1
        Column: 49
    Attributes: [37]
Location #481
    Mapping index: 0
    Address: 0
    Line #0
        Function index: 121
        Line: 297
        Column: 0
    Attributes: [37]
Location #482
    Mapping index: 0
    Address: 0
    Line #0
        Function index: 122
        Line: 736
        Column: 0
    Attributes: [37]
Location #483
    Mapping index: 0
    Address: 0
    Line #0
        Function index: 123
        Line: 1049
        Column: 0
    Attributes: [37]
Location #484
    Mapping index: 0
    Address: 0
    Line #0
        Function index: 124
        Line: 1069
        Column: 0
    Attributes: [37]
Location #485
    Mapping index: 0
    Address: 0
    Line #0
        Function index: 125
        Line: 1224
        Column: 0
    Attributes: [37]
Location #486
    Mapping index: 0
    Address: 0
    Line #0
        Function index: 126
        Line: 1282
        Column: 0
    Attributes: [37]
Location #487
    Mapping index: 0
    Address: 0
    Line #0
        Function index: 127
        Line: 448
        Column: 0
    Attributes: [37]
Location #488
    Mapping index: 0
    Address: 0
    Line #0
        Function index: 128
        Line: 591
        Column: 0
    Attributes: [37]
Location #489
    Mapping index: 0
    Address: 0
    Line #0
        Function index: 129
        Line: 540
        Column: 0
    Attributes: [37]
Location #490
    Mapping index: 0
    Address: 0
    Line #0
        Function index: 130
        Line: 202
        Column: 0
    Attributes: [37]
Location #491
    Mapping index: 0
    Address: 0
    Line #0
        Function index: 131
        Line: 517
        Column: 0
    Attributes: [37]
Location #492
    Mapping index: 0
    Address: 0
    Line #0
        Function index: 132
        Line: 568
        Column: 0
    Attributes: [37]
Location #493
    Mapping index: 0
    Address: 0
    Line #0
        Function index: 133
        Line: 0
        Column: 0
    Attributes: [37]
Location #494
    Mapping index: 0
    Address: 0
    Line #0
        Function index: 134
        Line: 0
        Column: 0
    Attributes: [37]
Location #495
    Mapping index: 0
    Address: 0
    Line #0
        Function index: 135
        Line: 0
        Column: 0
    Attributes: [37]
Location #496
    Mapping index: 0
    Address: 0
    Line #0
        Function index: 136
        Line: 0
        Column: 0
    Attributes: [37]
Location #497
    Mapping index: 0
    Address: 0
    Line #0
        Function index: 137
        Line: 0
        Column: 0
    Attributes: [37]
Location #498
    Mapping index: 0
    Address: 47916624
    Attributes: [2]
Location #499
    Mapping index: 0
    Address: 45229658
    Attributes: [2]
Location #500
    Mapping index: 0
    Address: 45304728
    Attributes: [2]
Location #501
    Mapping index: 9
    Address: 19040214
    Attributes: [2]
Location #502
    Mapping index: 9
    Address: 15957925
    Attributes: [2]
Location #503
    Mapping index: 5
    Address: 7813635
    Line #0
        Function index: 9
        Line: 0
        Column: 0
    Attributes: [12]
Location #504
    Mapping index: 4
    Address: 1609095
    Attributes: [2]
Location #505
    Mapping index: 9
    Address: 21840098
    Attributes: [2]
Location #506
    Mapping index: 9
    Address: 21849979
    Attributes: [2]
Location #507
    Mapping index: 9
    Address: 21885809
    Attributes: [2]
Location #508
    Mapping index: 9
    Address: 21887322
    Attributes: [2]
Location #509
    Mapping index: 9
    Address: 21895534
    Attributes: [2]
Location #510
    Mapping index: 9
    Address: 21895803
    Attributes: [2]
Location #511
    Mapping index: 0
    Address: 37027548
    Attributes: [2]
Location #512
    Mapping index: 0
    Address: 37027954
    Attributes: [2]
Location #513
    Mapping index: 9
    Address: 21901819
    Attributes: [2]
Location #514
    Mapping index: 9
    Address: 21223921
    Attributes: [2]
Location #515
    Mapping index: 9
    Address: 21347289
    Attributes: [2]
Location #516
    Mapping index: 9
    Address: 21354168
    Attributes: [2]
Location #517
    Mapping index: 9
    Address: 21367623
    Attributes: [2]
Location #518
    Mapping index: 9
    Address: 30173616
    Attributes: [2]
Location #519
    Mapping index: 0
    Address: 45167260
    Attributes: [2]
Location #520
    Mapping index: 0
    Address: 45718586
    Attributes: [2]
Location #521
    Mapping index: 0
    Address: 45719445
    Attributes: [2]
Location #522
    Mapping index: 0
    Address: 44833130
    Attributes: [2]
Location #523
    Mapping index: 0
    Address: 45185518
    Attributes: [2]
Location #524
    Mapping index: 0
    Address: 44833344
    Attributes: [2]
Location #525
    Mapping index: 0
    Address: 44840947
    Attributes: [2]
Location #526
    Mapping index: 0
    Address: 44842008
    Attributes: [2]
Location #527
    Mapping index: 0
    Address: 45309450
    Attributes: [2]
Location #528
    Mapping index: 9
    Address: 24462918
    Attributes: [2]
Location #529
    Mapping index: 9
    Address: 24464264
    Attributes: [2]
Location #530
    Mapping index: 9
    Address: 24287218
    Attributes: [2]
Location #531
    Mapping index: 0
    Address: 47915266
    Attributes: [2]
Location #532
    Mapping index: 0
    Address: 45309672
    Attributes: [2]
Location #533
    Mapping index: 9
    Address: 19182190
    Attributes: [2]
Location #534
    Mapping index: 9
    Address: 24810107
    Attributes: [2]
Location #535
    Mapping index: 9
    Address: 24848692
    Attributes: [2]
Location #536
    Mapping index: 9
    Address: 24852164
    Attributes: [2]
Location #537
    Mapping index: 9
    Address: 24866343
    Attributes: [2]
Location #538
    Mapping index: 9
    Address: 24857207
    Attributes: [2]
Location #539
    Mapping index: 9
    Address: 24856946
    Attributes: [2]
Location #540
    Mapping index: 9
    Address: 24856495
    Attributes: [2]
Location #541
    Mapping index: 9
    Address: 24862877
    Attributes: [2]
Location #542
    Mapping index: 9
    Address: 24863213
    Attributes: [2]
Location #543
    Mapping index: 9
    Address: 24599593
    Attributes: [2]
Location #544
    Mapping index: 9
    Address: 24720949
    Attributes: [2]
Location #545
    Mapping index: 9
    Address: 24679709
    Attributes: [2]
Location #546
    Mapping index: 9
    Address: 24682620
    Attributes: [2]
Location #547
    Mapping index: 9
    Address: 24684471
    Attributes: [2]
Location #548
    Mapping index: 9
    Address: 24685711
    Attributes: [2]
Location #549
    Mapping index: 9
    Address: 24707678
    Attributes: [2]
Location #550
    Mapping index: 9
    Address: 24717510
    Attributes: [2]
Location #551
    Mapping index: 9
    Address: 24719959
    Attributes: [2]
Location #552
    Mapping index: 9
    Address: 24753550
    Attributes: [2]
Location #553
    Mapping index: 9
    Address: 24764858
    Attributes: [2]
Location #554
    Mapping index: 9
    Address: 24765638
    Attributes: [2]
Location #555
    Mapping index: 9
    Address: 24787094
    Attributes: [2]
Location #556
    Mapping index: 9
    Address: 19705047
    Attributes: [2]
Location #557
    Mapping index: 9
    Address: 19713706
    Attributes: [2]
Location #558
    Mapping index: 9
    Address: 19152435
    Attributes: [2]
Location #559
    Mapping index: 9
    Address: 19153158
    Attributes: [2]
Location #560
    Mapping index: 9
    Address: 16258194
    Attributes: [2]
Location #561
    Mapping index: 9
    Address: 16278569
    Attributes: [2]
Location #562
    Mapping index: 9
    Address: 24973028
    Attributes: [2]
Location #563
    Mapping index: 9
    Address: 24833672
    Attributes: [2]
Location #564
    Mapping index: 9
    Address: 24835687
    Attributes: [2]
Location #565
    Mapping index: 9
    Address: 24854646
    Attributes: [2]
Location #566
    Mapping index: 9
    Address: 24722392
    Attributes: [2]
Location #567
    Mapping index: 9
    Address: 24761819
    Attributes: [2]
Location #568
    Mapping index: 9
    Address: 24764184
    Attributes: [2]
Location #569
    Mapping index: 0
    Address: 0
    Line #0
        Function index: 138
        Line: 0
        Column: 0
    Attributes: [37]
Location #570
    Mapping index: 0
    Address: 0
    Line #0
        Function index: 139
        Line: 72
        Column: 0
    Attributes: [37]
Location #571
    Mapping index: 0
    Address: 0
    Line #0
        Function index: 140
        Line: 0
        Column: 0
    Attributes: [37]
Location #572
    Mapping index: 9
    Address: 20423650
    Attributes: [2]
Location #573
    Mapping index: 9
    Address: 20427604
    Attributes: [2]
Location #574
    Mapping index: 9
    Address: 19052805
    Attributes: [2]
Location #575
    Mapping index: 9
    Address: 15267290
    Attributes: [2]
Location #576
    Mapping index: 9
    Address: 16411541
    Attributes: [2]
Location #577
    Mapping index: 9
    Address: 16412425
    Attributes: [2]
Location #578
    Mapping index: 9
    Address: 16314762
    Attributes: [2]
Location #579
    Mapping index: 9
    Address: 30409788
    Attributes: [2]
Location #580
    Mapping index: 9
    Address: 30424754
    Attributes: [2]
Location #581
    Mapping index: 9
    Address: 30518099
    Attributes: [2]
Location #582
    Mapping index: 9
    Address: 30428182
    Attributes: [2]
Location #583
    Mapping index: 9
    Address: 15277125
    Attributes: [2]
Location #584
    Mapping index: 9
    Address: 16703920
    Attributes: [2]
Location #585
    Mapping index: 5
    Address: 7772927
    Line #0
        Function index: 141
        Line: 0
        Column: 0
    Attributes: [12]
Location #586
    Mapping index: 5
    Address: 7775178
    Line #0
        Function index: 142
        Line: 0
        Column: 0
    Attributes: [12]
Location #587
    Mapping index: 5
    Address: 7776501
    Line #0
        Function index: 143
        Line: 0
        Column: 0
    Attributes: [12]
Location #588
    Mapping index: 5
    Address: 7777002
    Line #0
        Function index: 144
        Line: 0
        Column: 0
    Attributes: [12]
Location #589
    Mapping index: 5
    Address: 7778573
    Line #0
        Function index: 145
        Line: 0
        Column: 0
    Attributes: [12]
Location #590
    Mapping index: 5
    Address: 7779061
    Line #0
        Function index: 146
        Line: 0
        Column: 0
    Attributes: [12]
Location #591
    Mapping index: 5
    Address: 7779369
    Line #0
        Function index: 147
        Line: 0
        Column: 0
    Attributes: [12]
Location #592
    Mapping index: 5
    Address: 7846654
    Line #0
        Function index: 148
        Line: 0
        Column: 0
    Attributes: [12]
Location #593
    Mapping index: 5
    Address: 4210438
    Line #0
        Function index: 149
        Line: 0
        Column: 0
    Attributes: [12]
Location #594
    Mapping index: 5
    Address: 4257399
    Line #0
        Function index: 150
        Line: 0
        Column: 0
    Attributes: [12]
Location #595
    Mapping index: 5
    Address: 4258076
    Line #0
        Function index: 151
        Line: 0
        Column: 0
    Attributes: [12]
Location #596
    Mapping index: 5
    Address: 4259043
    Line #0
        Function index: 152
        Line: 0
        Column: 0
    Attributes: [12]
Location #597
    Mapping index: 5
    Address: 4346454
    Line #0
        Function index: 153
        Line: 0
        Column: 0
    Attributes: [12]
Location #598
    Mapping index: 5
    Address: 3495015
    Line #0
        Function index: 154
        Line: 0
        Column: 0
    Attributes: [12]
Location #599
    Mapping index: 5
    Address: 22380821
    Line #0
        Function index: 155
        Line: 0
        Column: 0
    Attributes: [12]
Location #600
    Mapping index: 5
    Address: 22351561
    Line #0
        Function index: 51
        Line: 0
        Column: 0
    Attributes: [12]
Location #601
    Mapping index: 4
    Address: 626032
    Attributes: [2]
Location #602
    Mapping index: 9
    Address: 20922224
    Attributes: [2]
Location #603
    Mapping index: 9
    Address: 21022334
    Attributes: [2]
Location #604
    Mapping index: 9
    Address: 24074817
    Attributes: [2]
Location #605
    Mapping index: 9
    Address: 23631158
    Attributes: [2]
Location #606
    Mapping index: 9
    Address: 22047260
    Attributes: [2]
Location #607
    Mapping index: 9
    Address: 22051426
    Attributes: [2]
Location #608
    Mapping index: 0
    Address: 0
    Line #0
        Function index: 156
        Line: 0
        Column: 0
    Attributes: [37]
Location #609
    Mapping index: 4
    Address: 704940
    Attributes: [2]
Location #610
    Mapping index: 9
    Address: 26099229
    Attributes: [2]
Location #611
    Mapping index: 9
    Address: 26116691
    Attributes: [2]
Location #612
    Mapping index: 9
    Address: 26117456
    Attributes: [2]
Location #613
    Mapping index: 9
    Address: 19244640
    Attributes: [2]
Location #614
    Mapping index: 9
    Address: 24719579
    Attributes: [2]
Location #615
    Mapping index: 9
    Address: 24752613
    Attributes: [2]
Location #616
    Mapping index: 9
    Address: 24761927
    Attributes: [2]
Location #617
    Mapping index: 0
    Address: 47199521
    Attributes: [2]
Location #618
    Mapping index: 0
    Address: 47246028
    Attributes: [2]
Location #619
    Mapping index: 0
    Address: 47319248
    Attributes: [2]
Location #620
    Mapping index: 0
    Address: 47320629
    Attributes: [2]
Location #621
    Mapping index: 0
    Address: 50078008
    Attributes: [2]
Location #622
    Mapping index: 0
    Address: 45221127
    Attributes: [2]
Location #623
    Mapping index: 0
    Address: 45306197
    Attributes: [2]
Location #624
    Mapping index: 9
    Address: 24972852
    Attributes: [2]
Location #625
    Mapping index: 9
    Address: 24885661
    Attributes: [2]
Location #626
    Mapping index: 9
    Address: 24889045
    Attributes: [2]
Location #627
    Mapping index: 9
    Address: 24892449
    Attributes: [2]
Location #628
    Mapping index: 0
    Address: 47448509
    Attributes: [2]
Location #629
    Mapping index: 0
    Address: 47475595
    Attributes: [2]
Location #630
    Mapping index: 0
    Address: 45223776
    Attributes: [2]
Location #631
    Mapping index: 0
    Address: 45252117
    Attributes: [2]
Location #632
    Mapping index: 0
    Address: 0
    Line #0
        Function index: 157
        Line: 466
        Column: 0
    Attributes: [37]
Location #633
    Mapping index: 0
    Address: 0
    Line #0
        Function index: 158
        Line: 383
        Column: 0
    Attributes: [37]
Location #634
    Mapping index: 0
    Address: 0
    Line #0
        Function index: 159
        Line: 106
        Column: 0
    Attributes: [37]
Location #635
    Mapping index: 0
    Address: 0
    Line #0
        Function index: 160
        Line: 255
        Column: 0
    Attributes: [37]
Location #636
    Mapping index: 0
    Address: 0
    Line #0
        Function index: 161
        Line: 42
        Column: 0
    Attributes: [37]
Location #637
    Mapping index: 9
    Address: 24844670
    Attributes: [2]
Location #638
    Mapping index: 0
    Address: 44839023
    Attributes: [2]
Location #639
    Mapping index: 0
    Address: 44840267
    Attributes: [2]
Location #640
    Mapping index: 0
    Address: 48284849
    Attributes: [2]
Location #641
    Mapping index: 0
    Address: 48292978
    Attributes: [2]
Location #642
    Mapping index: 0
    Address: 48270779
    Attributes: [2]
Location #643
    Mapping index: 0
    Address: 48272756
    Attributes: [2]
Location #644
    Mapping index: 0
    Address: 44842141
    Attributes: [2]
Location #645
    Mapping index: 0
    Address: 45283603
    Attributes: [2]
Location #646
    Mapping index: 0
    Address: 45312717
    Attributes: [2]
Location #647
    Mapping index: 9
    Address: 24245480
    Attributes: [2]
Location #648
    Mapping index: 9
    Address: 24252420
    Attributes: [2]
Location #649
    Mapping index: 9
    Address: 24277577
    Attributes: [2]
Location #650
    Mapping index: 9
    Address: 24037481
    Attributes: [2]
Location #651
    Mapping index: 9
    Address: 24132916
    Attributes: [2]
Location #652
    Mapping index: 9
    Address: 23605453
    Attributes: [2]
Location #653
    Mapping index: 9
    Address: 22485746
    Attributes: [2]
Location #654
    Mapping index: 9
    Address: 22491086
    Attributes: [2]
Location #655
    Mapping index: 9
    Address: 22506483
    Attributes: [2]
Location #656
    Mapping index: 9
    Address: 22516348
    Attributes: [2]
Location #657
    Mapping index: 9
    Address: 19480344
    Attributes: [2]
Location #658
    Mapping index: 9
    Address: 24137666
    Attributes: [2]
Location #659
    Mapping index: 9
    Address: 25643165
    Attributes: [2]
Location #660
    Mapping index: 9
    Address: 23624076
    Attributes: [2]
Location #661
    Mapping index: 9
    Address: 25667457
    Attributes: [2]
Location #662
    Mapping index: 0
    Address: 0
    Line #0
        Function index: 162
        Line: 0
        Column: 0
    Attributes: [37]
Location #663
    Mapping index: 0
    Address: 0
    Line #0
        Function index: 163
        Line: 0
        Column: 0
    Attributes: [37]
Location #664
    Mapping index: 0
    Address: 0
    Line #0
        Function index: 164
        Line: 0
        Column: 0
    Attributes: [37]
Location #665
    Mapping index: 0
    Address: 0
    Line #0
        Function index: 165
        Line: 951
        Column: 0
    Attributes: [37]
Location #666
    Mapping index: 0
    Address: 0
    Line #0
        Function index: 166
        Line: 38
        Column: 0
    Attributes: [37]
Location #667
    Mapping index: 0
    Address: 0
    Line #0
        Function index: 167
        Line: 758
        Column: 0
    Attributes: [37]
Location #668
    Mapping index: 0
    Address: 0
    Line #0
        Function index: 165
        Line: 0
        Column: 0
    Attributes: [37]
Location #669
    Mapping index: 0
    Address: 0
    Line #0
        Function index: 168
        Line: 17
        Column: 0
    Attributes: [37]
Location #670
    Mapping index: 9
    Address: 24400044
    Attributes: [2]
Location #671
    Mapping index: 9
    Address: 19174698
    Attributes: [2]
Location #672
    Mapping index: 9
    Address: 19176749
    Attributes: [2]
Location #673
    Mapping index: 9
    Address: 24590325
    Attributes: [2]
Location #674
    Mapping index: 9
    Address: 24765676
    Attributes: [2]
Location #675
    Mapping index: 0
    Address: 47497683
    Attributes: [2]
Location #676
    Mapping index: 9
    Address: 22417191
    Attributes: [2]
Location #677
    Mapping index: 9
    Address: 22244517
    Attributes: [2]
Location #678
    Mapping index: 9
    Address: 22397948
    Attributes: [2]
Location #679
    Mapping index: 9
    Address: 22338502
    Attributes: [2]
Location #680
    Mapping index: 9
    Address: 22368296
    Attributes: [2]
Location #681
    Mapping index: 9
    Address: 22368511
    Attributes: [2]
Location #682
    Mapping index: 9
    Address: 22385797
    Attributes: [2]
Location #683
    Mapping index: 9
    Address: 22387156
    Attributes: [2]
Location #684
    Mapping index: 9
    Address: 22446742
    Attributes: [2]
Location #685
    Mapping index: 9
    Address: 19657950
    Attributes: [2]
Location #686
    Mapping index: 9
    Address: 19658359
    Attributes: [2]
Location #687
    Mapping index: 9
    Address: 19703069
    Attributes: [2]
Location #688
    Mapping index: 9
    Address: 19718485
    Attributes: [2]
Location #689
    Mapping index: 9
    Address: 19720193
    Attributes: [2]
Location #690
    Mapping index: 9
    Address: 25576878
    Attributes: [2]
Location #691
    Mapping index: 9
    Address: 24974945
    Attributes: [2]
Location #692
    Mapping index: 9
    Address: 24670404
    Attributes: [2]
Location #693
    Mapping index: 9
    Address: 24742548
    Attributes: [2]
Location #694
    Mapping index: 9
    Address: 24666607
    Attributes: [2]
Location #695
    Mapping index: 9
    Address: 24666987
    Attributes: [2]
Location #696
    Mapping index: 9
    Address: 24667817
    Attributes: [2]
Location #697
    Mapping index: 9
    Address: 24669605
    Attributes: [2]
Location #698
    Mapping index: 9
    Address: 24750349
    Attributes: [2]
Location #699
    Mapping index: 9
    Address: 24751956
    Attributes: [2]
Location #700
    Mapping index: 9
    Address: 24754100
    Attributes: [2]
Location #701
    Mapping index: 9
    Address: 24784932
    Attributes: [2]
Location #702
    Mapping index: 9
    Address: 24787908
    Attributes: [2]
Location #703
    Mapping index: 9
    Address: 19718179
    Attributes: [2]
Location #704
    Mapping index: 0
    Address: 0
    Line #0
        Function index: 169
        Line: 305
        Column: 0
    Attributes: [37]
Location #705
    Mapping index: 0
    Address: 0
    Line #0
        Function index: 170
        Line: 8
        Column: 0
    Attributes: [37]
Location #706
    Mapping index: 0
    Address: 0
    Line #0
        Function index: 171
        Line: 5
        Column: 37
    Attributes: [37]
Location #707
    Mapping index: 0
    Address: 0
    Line #0
        Function index: 172
        Line: 77
        Column: 0
    Attributes: [37]
Location #708
    Mapping index: 0
    Address: 0
    Line #0
        Function index: 173
        Line: 127
        Column: 0
    Attributes: [37]
Location #709
    Mapping index: 0
    Address: 0
    Line #0
        Function index: 174
        Line: 115
        Column: 0
    Attributes: [37]
Location #710
    Mapping index: 0
    Address: 0
    Line #0
        Function index: 175
        Line: 126
        Column: 0
    Attributes: [37]
Location #711
    Mapping index: 0
    Address: 0
    Line #0
        Function index: 176
        Line: 233
        Column: 0
    Attributes: [37]
Location #712
    Mapping index: 0
    Address: 0
    Line #0
        Function index: 177
        Line: 0
        Column: 0
    Attributes: [37]
Location #713
    Mapping index: 9
    Address: 21208778
    Attributes: [2]
Location #714
    Mapping index: 9
    Address: 21103873
    Attributes: [2]
Location #715
    Mapping index: 9
    Address: 21104737
    Attributes: [2]
Location #716
    Mapping index: 9
    Address: 25735949
    Attributes: [2]
Location #717
    Mapping index: 9
    Address: 21034894
    Attributes: [2]
Location #718
    Mapping index: 9
    Address: 21037807
    Attributes: [2]
Location #719
    Mapping index: 9
    Address: 25736756
    Attributes: [2]
Location #720
    Mapping index: 0
    Address: 0
    Line #0
        Function index: 178
        Line: 1266
        Column: 0
    Attributes: [37]
Location #721
    Mapping index: 1
    Address: 12144576
    Attributes: [2]
Location #722
    Mapping index: 1
    Address: 12141526
    Attributes: [2]
Location #723
    Mapping index: 1
    Address: 11964877
    Attributes: [2]
Location #724
    Mapping index: 1
    Address: 11992027
    Attributes: [2]
Location #725
    Mapping index: 1
    Address: 12120515
    Attributes: [2]
Location #726
    Mapping index: 1
    Address: 29324315
    Attributes: [2]
Location #727
    Mapping index: 1
    Address: 29363227
    Attributes: [2]
Location #728
    Mapping index: 1
    Address: 24094253
    Attributes: [2]
Location #729
    Mapping index: 1
    Address: 13384656
    Attributes: [2]
Location #730
    Mapping index: 3
    Address: 13646253
    Attributes: [2]
Location #731
    Mapping index: 1
    Address: 13113792
    Attributes: [2]
Location #732
    Mapping index: 1
    Address: 24107853
    Attributes: [2]
Location #733
    Mapping index: 1
    Address: 24099657
    Attributes: [2]
Location #734
    Mapping index: 1
    Address: 24058422
    Attributes: [2]
Location #735
    Mapping index: 1
    Address: 12451325
    Attributes: [2]
Location #736
    Mapping index: 1
    Address: 12450925
    Attributes: [2]
Location #737
    Mapping index: 1
    Address: 12497486
    Attributes: [2]
Location #738
    Mapping index: 1
    Address: 12479026
    Attributes: [2]
Location #739
    Mapping index: 1
    Address: 12453172
    Attributes: [2]
Location #740
    Mapping index: 1
    Address: 12482091
    Attributes: [2]
Location #741
    Mapping index: 1
    Address: 12446755
    Attributes: [2]
Location #742
    Mapping index: 1
    Address: 12479832
    Attributes: [2]
Location #743
    Mapping index: 1
    Address: 12496793
    Attributes: [2]
Location #744
    Mapping index: 1
    Address: 12458390
    Attributes: [2]
Location #745
    Mapping index: 1
    Address: 12472775
    Attributes: [2]
Location #746
    Mapping index: 1
    Address: 12251385
    Attributes: [2]
Location #747
    Mapping index: 1
    Address: 17663371
    Attributes: [2]
Location #748
    Mapping index: 1
    Address: 20634185
    Attributes: [2]
Location #749
    Mapping index: 1
    Address: 34628477
    Attributes: [2]
Location #750
    Mapping index: 1
    Address: 34627776
    Attributes: [2]
Location #751
    Mapping index: 1
    Address: 20281413
    Attributes: [2]
Location #752
    Mapping index: 1
    Address: 10881502
    Attributes: [2]
Location #753
    Mapping index: 1
    Address: 10881659
    Attributes: [2]
Location #754
    Mapping index: 1
    Address: 10662868
    Attributes: [2]
Location #755
    Mapping index: 1
    Address: 21634453
    Attributes: [2]
Location #756
    Mapping index: 6
    Address: 905844
    Attributes: [2]
Location #757
    Mapping index: 1
    Address: 10657241
    Attributes: [2]
Location #758
    Mapping index: 1
    Address: 10635383
    Attributes: [2]
Location #759
    Mapping index: 1
    Address: 13350497
    Attributes: [2]
Location #760
    Mapping index: 1
    Address: 31290553
    Attributes: [2]
Location #761
    Mapping index: 3
    Address: 27290852
    Attributes: [2]
Location #762
    Mapping index: 3
    Address: 13880678
    Attributes: [2]
Location #763
    Mapping index: 3
    Address: 27281373
    Attributes: [2]
Location #764
    Mapping index: 3
    Address: 29576289
    Attributes: [2]
Location #765
    Mapping index: 3
    Address: 66258693
    Attributes: [2]
Location #766
    Mapping index: 1
    Address: 15275548
    Attributes: [2]
Location #767
    Mapping index: 1
    Address: 15275262
    Attributes: [2]
Location #768
    Mapping index: 1
    Address: 20896375
    Attributes: [2]
Location #769
    Mapping index: 1
    Address: 24118219
    Attributes: [2]
Location #770
    Mapping index: 1
    Address: 24162728
    Attributes: [2]
Location #771
    Mapping index: 1
    Address: 24051792
    Attributes: [2]
Location #772
    Mapping index: 1
    Address: 24535157
    Attributes: [2]
Location #773
    Mapping index: 1
    Address: 24234593
    Attributes: [2]
Location #774
    Mapping index: 1
    Address: 24236339
    Attributes: [2]
Location #775
    Mapping index: 1
    Address: 23992209
    Attributes: [2]
Location #776
    Mapping index: 1
    Address: 23990549
    Attributes: [2]
Location #777
    Mapping index: 1
    Address: 23990276
    Attributes: [2]
Location #778
    Mapping index: 1
    Address: 24007483
    Attributes: [2]
Location #779
    Mapping index: 1
    Address: 23999947
    Attributes: [2]
Location #780
    Mapping index: 1
    Address: 22445551
    Attributes: [2]
Location #781
    Mapping index: 1
    Address: 12521211
    Attributes: [2]
Location #782
    Mapping index: 1
    Address: 12463831
    Attributes: [2]
Location #783
    Mapping index: 1
    Address: 12148197
    Attributes: [2]
Location #784
    Mapping index: 10
    Address: 1212510
    Line #0
        Function index: 179
        Line: 0
        Column: 0
    Attributes: [12]
Location #785
    Mapping index: 10
    Address: 2084926
    Line #0
        Function index: 180
        Line: 0
        Column: 0
    Attributes: [12]
Location #786
    Mapping index: 10
    Address: 3655742
    Line #0
        Function index: 181
        Line: 0
        Column: 0
    Attributes: [12]
Location #787
    Mapping index: 10
    Address: 3655927
    Line #0
        Function index: 182
        Line: 0
        Column: 0
    Attributes: [12]
Location #788
    Mapping index: 10
    Address: 2251423
    Line #0
        Function index: 183
        Line: 0
        Column: 0
    Attributes: [12]
Location #789
    Mapping index: 10
    Address: 2278901
    Line #0
        Function index: 184
        Line: 0
        Column: 0
    Attributes: [12]
Location #790
    Mapping index: 10
    Address: 2286898
    Line #0
        Function index: 185
        Line: 0
        Column: 0
    Attributes: [12]
Location #791
    Mapping index: 10
    Address: 3462881
    Line #0
        Function index: 186
        Line: 0
        Column: 0
    Attributes: [12]
Location #792
    Mapping index: 10
    Address: 3531854
    Line #0
        Function index: 187
        Line: 0
        Column: 0
    Attributes: [12]
Location #793
    Mapping index: 10
    Address: 2777330
    Line #0
        Function index: 188
        Line: 0
        Column: 0
    Attributes: [12]
Location #794
    Mapping index: 10
    Address: 2778785
    Line #0
        Function index: 189
        Line: 0
        Column: 0
    Attributes: [12]
Location #795
    Mapping index: 10
    Address: 2787302
    Line #0
        Function index: 190
        Line: 0
        Column: 0
    Attributes: [12]
Location #796
    Mapping index: 10
    Address: 3793480
    Line #0
        Function index: 191
        Line: 0
        Column: 0
    Attributes: [12]
Location #797
    Mapping index: 10
    Address: 3821165
    Line #0
        Function index: 192
        Line: 0
        Column: 0
    Attributes: [12]
Location #798
    Mapping index: 10
    Address: 3300401
    Line #0
        Function index: 193
        Line: 0
        Column: 0
    Attributes: [12]
Location #799
    Mapping index: 10
    Address: 3303032
    Line #0
        Function index: 194
        Line: 0
        Column: 0
    Attributes: [12]
Location #800
    Mapping index: 10
    Address: 3303550
    Line #0
        Function index: 195
        Line: 0
        Column: 0
    Attributes: [12]
Location #801
    Mapping index: 10
    Address: 3302883
    Line #0
        Function index: 196
        Line: 0
        Column: 0
    Attributes: [12]
Location #802
    Mapping index: 10
    Address: 3404510
    Line #0
        Function index: 197
        Line: 0
        Column: 0
    Attributes: [12]
Location #803
    Mapping index: 10
    Address: 143598
    Line #0
        Function index: 198
        Line: 0
        Column: 0
    Attributes: [12]
Location #804
    Mapping index: 11
    Address: 386631
    Line #0
        Function index: 199
        Line: 0
        Column: 0
    Attributes: [12]
Location #805
    Mapping index: 11
    Address: 111268
    Line #0
        Function index: 200
        Line: 0
        Column: 0
    Attributes: [12]
Location #806
    Mapping index: 11
    Address: 94491
    Line #0
        Function index: 201
        Line: 0
        Column: 0
    Attributes: [12]
Location #807
    Mapping index: 11
    Address: 128525
    Line #0
        Function index: 202
        Line: 0
        Column: 0
    Attributes: [12]
Location #808
    Mapping index: 11
    Address: 108959
    Line #0
        Function index: 203
        Line: 0
        Column: 0
    Attributes: [12]
Location #809
    Mapping index: 11
    Address: 11920
    Line #0
        Function index: 204
        Line: 0
        Column: 0
    Attributes: [12]
Location #810
    Mapping index: 11
    Address: 17403
    Line #0
        Function index: 205
        Line: 0
        Column: 0
    Attributes: [12]
Location #811
    Mapping index: 11
    Address: 17640
    Line #0
        Function index: 206
        Line: 0
        Column: 0
    Attributes: [12]
Location #812
    Mapping index: 5
    Address: 8793251
    Line #0
        Function index: 207
        Line: 0
        Column: 0
    Attributes: [12]
Location #813
    Mapping index: 5
    Address: 3167594
    Line #0
        Function index: 50
        Line: 0
        Column: 0
    Attributes: [12]
Location #814
    Mapping index: 10
    Address: 1212505
    Line #0
        Function index: 179
        Line: 0
        Column: 0
    Attributes: [12]
Location #815
    Mapping index: 10
    Address: 3532771
    Line #0
        Function index: 208
        Line: 0
        Column: 0
    Attributes: [12]
Location #816
    Mapping index: 10
    Address: 3259325
    Line #0
        Function index: 209
        Line: 0
        Column: 0
    Attributes: [12]
Location #817
    Mapping index: 10
    Address: 3802611
    Line #0
        Function index: 210
        Line: 0
        Column: 0
    Attributes: [12]
Location #818
    Mapping index: 10
    Address: 3261743
    Line #0
        Function index: 211
        Line: 0
        Column: 0
    Attributes: [12]
Location #819
    Mapping index: 10
    Address: 3263092
    Line #0
        Function index: 212
        Line: 0
        Column: 0
    Attributes: [12]
Location #820
    Mapping index: 10
    Address: 3314510
    Line #0
        Function index: 213
        Line: 0
        Column: 0
    Attributes: [12]
Location #821
    Mapping index: 10
    Address: 1197602
    Line #0
        Function index: 214
        Line: 0
        Column: 0
    Attributes: [12]
Location #822
    Mapping index: 10
    Address: 1229765
    Line #0
        Function index: 215
        Line: 0
        Column: 0
    Attributes: [12]
Location #823
    Mapping index: 10
    Address: 27551
    Line #0
        Function index: 216
        Line: 0
        Column: 0
    Attributes: [12]
Location #824
    Mapping index: 10
    Address: 3312284
    Line #0
        Function index: 217
        Line: 0
        Column: 0
    Attributes: [12]
Location #825
    Mapping index: 10
    Address: 1197162
    Line #0
        Function index: 214
        Line: 0
        Column: 0
    Attributes: [12]
Location #826
    Mapping index: 5
    Address: 22331909
    Line #0
        Function index: 218
        Line: 0
        Column: 0
    Attributes: [12]
Location #827
    Mapping index: 5
    Address: 7744127
    Line #0
        Function index: 219
        Line: 0
        Column: 0
    Attributes: [12]
Location #828
    Mapping index: 5
    Address: 7788926
    Line #0
        Function index: 220
        Line: 0
        Column: 0
    Attributes: [12]
Location #829
    Mapping index: 5
    Address: 7812671
    Line #0
        Function index: 8
        Line: 0
        Column: 0
    Attributes: [12]
Location #830
    Mapping index: 10
    Address: 3534442
    Line #0
        Function index: 221
        Line: 0
        Column: 0
    Attributes: [12]
Location #831
    Mapping index: 10
    Address: 3257779
    Line #0
        Function index: 222
        Line: 0
        Column: 0
    Attributes: [12]
Location #832
    Mapping index: 10
    Address: 3787016
    Line #0
        Function index: 223
        Line: 0
        Column: 0
    Attributes: [12]
Location #833
    Mapping index: 10
    Address: 3269438
    Line #0
        Function index: 224
        Line: 0
        Column: 0
    Attributes: [12]
Location #834
    Mapping index: 10
    Address: 3816183
    Line #0
        Function index: 225
        Line: 0
        Column: 0
    Attributes: [12]
Location #835
    Mapping index: 10
    Address: 3818402
    Line #0
        Function index: 226
        Line: 0
        Column: 0
    Attributes: [12]
Location #836
    Mapping index: 10
    Address: 3263482
    Line #0
        Function index: 227
        Line: 0
        Column: 0
    Attributes: [12]
Location #837
    Mapping index: 10
    Address: 3362057
    Line #0
        Function index: 228
        Line: 0
        Column: 0
    Attributes: [12]
Location #838
    Mapping index: 10
    Address: 3407757
    Line #0
        Function index: 229
        Line: 0
        Column: 0
    Attributes: [12]
Location #839
    Mapping index: 10
    Address: 142129
    Line #0
        Function index: 230
        Line: 0
        Column: 0
    Attributes: [12]
Location #840
    Mapping index: 11
    Address: 590129
    Line #0
        Function index: 231
        Line: 0
        Column: 0
    Attributes: [12]
Location #841
    Mapping index: 11
    Address: 131994
    Line #0
        Function index: 232
        Line: 0
        Column: 0
    Attributes: [12]
Location #842
    Mapping index: 11
    Address: 143906
    Line #0
        Function index: 233
        Line: 0
        Column: 0
    Attributes: [12]
Location #843
    Mapping index: 11
    Address: 144673
    Line #0
        Function index: 234
        Line: 0
        Column: 0
    Attributes: [12]
Location #844
    Mapping index: 11
    Address: 8756
    Line #0
        Function index: 235
        Line: 0
        Column: 0
    Attributes: [12]
Location #845
    Mapping index: 11
    Address: 8980
    Line #0
        Function index: 236
        Line: 0
        Column: 0
    Attributes: [12]
Location #846
    Mapping index: 11
    Address: 9117
    Line #0
        Function index: 237
        Line: 0
        Column: 0
    Attributes: [12]
Location #847
    Mapping index: 5
    Address: 8671657
    Line #0
        Function index: 238
        Line: 0
        Column: 0
    Attributes: [12]
Location #848
    Mapping index: 5
    Address: 8672292
    Line #0
        Function index: 239
        Line: 0
        Column: 0
    Attributes: [12]
Location #849
    Mapping index: 5
    Address: 4447452
    Line #0
        Function index: 240
        Line: 0
        Column: 0
    Attributes: [12]
Location #850
    Mapping index: 5
    Address: 4258140
    Line #0
        Function index: 151
        Line: 0
        Column: 0
    Attributes: [12]
Location #851
    Mapping index: 10
    Address: 2775963
    Line #0
        Function index: 241
        Line: 0
        Column: 0
    Attributes: [12]
Location #852
    Mapping index: 10
    Address: 2786218
    Line #0
        Function index: 242
        Line: 0
        Column: 0
    Attributes: [12]
Location #853
    Mapping index: 10
    Address: 439267
    Line #0
        Function index: 243
        Line: 0
        Column: 0
    Attributes: [12]
Location #854
    Mapping index: 10
    Address: 439730
    Line #0
        Function index: 244
        Line: 0
        Column: 0
    Attributes: [12]
Location #855
    Mapping index: 10
    Address: 3767033
    Line #0
        Function index: 245
        Line: 0
        Column: 0
    Attributes: [12]
Location #856
    Mapping index: 10
    Address: 3262612
    Line #0
        Function index: 246
        Line: 0
        Column: 0
    Attributes: [12]
Location #857
    Mapping index: 10
    Address: 3788265
    Line #0
        Function index: 247
        Line: 0
        Column: 0
    Attributes: [12]
Location #858
    Mapping index: 10
    Address: 3258906
    Line #0
        Function index: 209
        Line: 0
        Column: 0
    Attributes: [12]
Location #859
    Mapping index: 10
    Address: 3261161
    Line #0
        Function index: 248
        Line: 0
        Column: 0
    Attributes: [12]
Location #860
    Mapping index: 10
    Address: 3404198
    Line #0
        Function index: 197
        Line: 0
        Column: 0
    Attributes: [12]
Location #861
    Mapping index: 10
    Address: 1643591
    Line #0
        Function index: 249
        Line: 0
        Column: 0
    Attributes: [12]
Location #862
    Mapping index: 10
    Address: 1598117
    Line #0
        Function index: 250
        Line: 0
        Column: 0
    Attributes: [12]
Location #863
    Mapping index: 10
    Address: 2519695
    Line #0
        Function index: 251
        Line: 0
        Column: 0
    Attributes: [12]
Location #864
    Mapping index: 10
    Address: 2379396
    Line #0
        Function index: 252
        Line: 0
        Column: 0
    Attributes: [12]
Location #865
    Mapping index: 10
    Address: 3758537
    Line #0
        Function index: 253
        Line: 0
        Column: 0
    Attributes: [12]
Location #866
    Mapping index: 10
    Address: 3754077
    Line #0
        Function index: 254
        Line: 0
        Column: 0
    Attributes: [12]
Location #867
    Mapping index: 10
    Address: 3759115
    Line #0
        Function index: 255
        Line: 0
        Column: 0
    Attributes: [12]
Location #868
    Mapping index: 10
    Address: 3032122
    Line #0
        Function index: 256
        Line: 0
        Column: 0
    Attributes: [12]
Location #869
    Mapping index: 10
    Address: 2383337
    Line #0
        Function index: 257
        Line: 0
        Column: 0
    Attributes: [12]
Location #870
    Mapping index: 10
    Address: 2388767
    Line #0
        Function index: 258
        Line: 0
        Column: 0
    Attributes: [12]
Location #871
    Mapping index: 10
    Address: 1598391
    Line #0
        Function index: 259
        Line: 0
        Column: 0
    Attributes: [12]
Location #872
    Mapping index: 10
    Address: 1599097
    Line #0
        Function index: 260
        Line: 0
        Column: 0
    Attributes: [12]
Location #873
    Mapping index: 10
    Address: 3339493
    Line #0
        Function index: 261
        Line: 0
        Column: 0
    Attributes: [12]
Location #874
    Mapping index: 10
    Address: 3807721
    Line #0
        Function index: 262
        Line: 0
        Column: 0
    Attributes: [12]
Location #875
    Mapping index: 10
    Address: 3344293
    Line #0
        Function index: 263
        Line: 0
        Column: 0
    Attributes: [12]
Location #876
    Mapping index: 10
    Address: 3344693
    Line #0
        Function index: 264
        Line: 0
        Column: 0
    Attributes: [12]
Location #877
    Mapping index: 10
    Address: 3343844
    Line #0
        Function index: 265
        Line: 0
        Column: 0
    Attributes: [12]
Location #878
    Mapping index: 10
    Address: 3386281
    Line #0
        Function index: 266
        Line: 0
        Column: 0
    Attributes: [12]
Location #879
    Mapping index: 10
    Address: 3392966
    Line #0
        Function index: 267
        Line: 0
        Column: 0
    Attributes: [12]
Location #880
    Mapping index: 10
    Address: 134313
    Line #0
        Function index: 268
        Line: 0
        Column: 0
    Attributes: [12]
Location #881
    Mapping index: 11
    Address: 188347
    Line #0
        Function index: 269
        Line: 0
        Column: 0
    Attributes: [12]
Location #882
    Mapping index: 11
    Address: 199475
    Line #0
        Function index: 270
        Line: 0
        Column: 0
    Attributes: [12]
Location #883
    Mapping index: 11
    Address: 96489
    Line #0
        Function index: 201
        Line: 0
        Column: 0
    Attributes: [12]
Location #884
    Mapping index: 5
    Address: 7560898
    Line #0
        Function index: 271
        Line: 0
        Column: 0
    Attributes: [12]
Location #885
    Mapping index: 5
    Address: 7561481
    Line #0
        Function index: 272
        Line: 0
        Column: 0
    Attributes: [12]
Location #886
    Mapping index: 5
    Address: 7784825
    Line #0
        Function index: 273
        Line: 0
        Column: 0
    Attributes: [12]
Location #887
    Mapping index: 5
    Address: 7787983
    Line #0
        Function index: 274
        Line: 0
        Column: 0
    Attributes: [12]
Location #888
    Mapping index: 5
    Address: 7788988
    Line #0
        Function index: 220
        Line: 0
        Column: 0
    Attributes: [12]
Location #889
    Mapping index: 5
    Address: 7721184
    Line #0
        Function index: 275
        Line: 0
        Column: 0
    Attributes: [12]
Location #890
    Mapping index: 5
    Address: 7723117
    Line #0
        Function index: 276
        Line: 0
        Column: 0
    Attributes: [12]
Location #891
    Mapping index: 5
    Address: 7725392
    Line #0
        Function index: 277
        Line: 0
        Column: 0
    Attributes: [12]
Location #892
    Mapping index: 5
    Address: 7726169
    Line #0
        Function index: 278
        Line: 0
        Column: 0
    Attributes: [12]
Location #893
    Mapping index: 5
    Address: 7726633
    Line #0
        Function index: 279
        Line: 0
        Column: 0
    Attributes: [12]
Location #894
    Mapping index: 5
    Address: 7726944
    Line #0
        Function index: 280
        Line: 0
        Column: 0
    Attributes: [12]
Location #895
    Mapping index: 5
    Address: 7731997
    Line #0
        Function index: 281
        Line: 0
        Column: 0
    Attributes: [12]
Location #896
    Mapping index: 5
    Address: 7734809
    Line #0
        Function index: 282
        Line: 0
        Column: 0
    Attributes: [12]
Location #897
    Mapping index: 10
    Address: 109443
    Line #0
        Function index: 283
        Line: 0
        Column: 0
    Attributes: [12]
Location #898
    Mapping index: 10
    Address: 1194691
    Line #0
        Function index: 284
        Line: 0
        Column: 0
    Attributes: [12]
Location #899
    Mapping index: 10
    Address: 1197964
    Line #0
        Function index: 214
        Line: 0
        Column: 0
    Attributes: [12]
Location #900
    Mapping index: 5
    Address: 5534409
    Line #0
        Function index: 285
        Line: 0
        Column: 0
    Attributes: [12]
Location #901
    Mapping index: 5
    Address: 5150632
    Line #0
        Function index: 286
        Line: 0
        Column: 0
    Attributes: [12]
Location #902
    Mapping index: 5
    Address: 5151225
    Line #0
        Function index: 287
        Line: 0
        Column: 0
    Attributes: [12]
Location #903
    Mapping index: 5
    Address: 5146143
    Line #0
        Function index: 288
        Line: 0
        Column: 0
    Attributes: [12]
Location #904
    Mapping index: 5
    Address: 5149539
    Line #0
        Function index: 289
        Line: 0
        Column: 0
    Attributes: [12]
Location #905
    Mapping index: 5
    Address: 5149874
    Line #0
        Function index: 290
        Line: 0
        Column: 0
    Attributes: [12]
Location #906
    Mapping index: 1
    Address: 26051152
    Attributes: [2]
Location #907
    Mapping index: 1
    Address: 22435987
    Attributes: [2]
Location #908
    Mapping index: 1
    Address: 12997652
    Attributes: [2]
Location #909
    Mapping index: 1
    Address: 12841560
    Attributes: [2]
Location #910
    Mapping index: 1
    Address: 21719344
    Attributes: [2]
Location #911
    Mapping index: 1
    Address: 21731684
    Attributes: [2]
Location #912
    Mapping index: 1
    Address: 21732390
    Attributes: [2]
Location #913
    Mapping index: 1
    Address: 21722049
    Attributes: [2]
Location #914
    Mapping index: 1
    Address: 21618574
    Attributes: [2]
Location #915
    Mapping index: 1
    Address: 21618817
    Attributes: [2]
Location #916
    Mapping index: 5
    Address: 8500001
    Line #0
        Function index: 291
        Line: 0
        Column: 0
    Attributes: [12]
Location #917
    Mapping index: 5
    Address: 8501029
    Line #0
        Function index: 292
        Line: 0
        Column: 0
    Attributes: [12]
Location #918
    Mapping index: 5
    Address: 7893515
    Line #0
        Function index: 293
        Line: 0
        Column: 0
    Attributes: [12]
Location #919
    Mapping index: 5
    Address: 7901674
    Line #0
        Function index: 294
        Line: 0
        Column: 0
    Attributes: [12]
Location #920
    Mapping index: 5
    Address: 7807247
    Line #0
        Function index: 7
        Line: 0
        Column: 0
    Attributes: [12]
Location #921
    Mapping index: 3
    Address: 13883535
    Attributes: [2]
Location #922
    Mapping index: 1
    Address: 12145338
    Attributes: [2]
Location #923
    Mapping index: 1
    Address: 12249427
    Attributes: [2]
Location #924
    Mapping index: 1
    Address: 34628587
    Attributes: [2]
Location #925
    Mapping index: 3
    Address: 15288952
    Attributes: [2]
Location #926
    Mapping index: 3
    Address: 15288085
    Attributes: [2]
Location #927
    Mapping index: 3
    Address: 15287823
    Attributes: [2]
Location #928
    Mapping index: 3
    Address: 15238003
    Attributes: [2]
Location #929
    Mapping index: 3
    Address: 35630763
    Attributes: [2]
Location #930
    Mapping index: 3
    Address: 35630929
    Attributes: [2]
Location #931
    Mapping index: 3
    Address: 17230453
    Attributes: [2]
Location #932
    Mapping index: 3
    Address: 33408491
    Attributes: [2]
Location #933
    Mapping index: 3
    Address: 66251061
    Attributes: [2]
Location #934
    Mapping index: 3
    Address: 15805679
    Attributes: [2]
Location #935
    Mapping index: 3
    Address: 16756328
    Attributes: [2]
Location #936
    Mapping index: 3
    Address: 28734146
    Attributes: [2]
Location #937
    Mapping index: 4
    Address: 712057
    Attributes: [2]
Location #938
    Mapping index: 1
    Address: 12967173
    Attributes: [2]
Location #939
    Mapping index: 1
    Address: 12845401
    Attributes: [2]
Location #940
    Mapping index: 1
    Address: 11611871
    Attributes: [2]
Location #941
    Mapping index: 1
    Address: 11611527
    Attributes: [2]
Location #942
    Mapping index: 1
    Address: 12120371
    Attributes: [2]
Location #943
    Mapping index: 1
    Address: 11735394
    Attributes: [2]
Location #944
    Mapping index: 1
    Address: 12144409
    Attributes: [2]
Location #945
    Mapping index: 1
    Address: 12469465
    Attributes: [2]
Location #946
    Mapping index: 1
    Address: 12461151
    Attributes: [2]
Location #947
    Mapping index: 1
    Address: 12850623
    Attributes: [2]
Location #948
    Mapping index: 1
    Address: 15420496
    Attributes: [2]
Location #949
    Mapping index: 1
    Address: 15448504
    Attributes: [2]
Location #950
    Mapping index: 1
    Address: 15719702
    Attributes: [2]
Location #951
    Mapping index: 1
    Address: 15330131
    Attributes: [2]
Location #952
    Mapping index: 1
    Address: 21734427
    Attributes: [2]
Location #953
    Mapping index: 1
    Address: 21734535
    Attributes: [2]
Location #954
    Mapping index: 1
    Address: 20633901
    Attributes: [2]
Location #955
    Mapping index: 3
    Address: 13880652
    Attributes: [2]
Location #956
    Mapping index: 3
    Address: 35232061
    Attributes: [2]
Location #957
    Mapping index: 3
    Address: 31502723
    Attributes: [2]
Location #958
    Mapping index: 1
    Address: 21665481
    Attributes: [2]
Location #959
    Mapping index: 1
    Address: 21657625
    Attributes: [2]
Location #960
    Mapping index: 1
    Address: 20917083
    Attributes: [2]
Location #961
    Mapping index: 1
    Address: 23950596
    Attributes: [2]
Location #962
    Mapping index: 1
    Address: 24006589
    Attributes: [2]
Location #963
    Mapping index: 3
    Address: 35959096
    Attributes: [2]
Location #964
    Mapping index: 3
    Address: 27278033
    Attributes: [2]
Location #965
    Mapping index: 3
    Address: 28895464
    Attributes: [2]
Location #966
    Mapping index: 1
    Address: 11612027
    Attributes: [2]
Location #967
    Mapping index: 1
    Address: 23990386
    Attributes: [2]
Location #968
    Mapping index: 1
    Address: 24109539
    Attributes: [2]
Location #969
    Mapping index: 1
    Address: 24117986
    Attributes: [2]
Location #970
    Mapping index: 3
    Address: 15838716
    Attributes: [2]
Location #971
    Mapping index: 3
    Address: 15806474
    Attributes: [2]
Location #972
    Mapping index: 1
    Address: 31501455
    Attributes: [2]
Location #973
    Mapping index: 1
    Address: 31501938
    Attributes: [2]
Location #974
    Mapping index: 1
    Address: 31417566
    Attributes: [2]
Location #975
    Mapping index: 1
    Address: 31793583
    Attributes: [2]
Location #976
    Mapping index: 1
    Address: 32813810
    Attributes: [2]
Location #977
    Mapping index: 4
    Address: 301204
    Attributes: [2]
Location #978
    Mapping index: 4
    Address: 300836
    Attributes: [2]
Location #979
    Mapping index: 4
    Address: 300864
    Attributes: [2]
Location #980
    Mapping index: 4
    Address: 302108
    Attributes: [2]
Location #981
    Mapping index: 3
    Address: 17802387
    Attributes: [2]
Location #982
    Mapping index: 3
    Address: 17801534
    Attributes: [2]
Location #983
    Mapping index: 3
    Address: 17813017
    Attributes: [2]
Location #984
    Mapping index: 3
    Address: 17811834
    Attributes: [2]
Location #985
    Mapping index: 3
    Address: 17716926
    Attributes: [2]
Location #986
    Mapping index: 3
    Address: 17716223
    Attributes: [2]
Location #987
    Mapping index: 1
    Address: 21636673
    Attributes: [2]
Location #988
    Mapping index: 1
    Address: 24095008
    Attributes: [2]
Location #989
    Mapping index: 1
    Address: 10635135
    Attributes: [2]
Location #990
    Mapping index: 1
    Address: 10666412
    Attributes: [2]
Location #991
    Mapping index: 1
    Address: 10640523
    Attributes: [2]
Location #992
    Mapping index: 1
    Address: 20912966
    Attributes: [2]
Location #993
    Mapping index: 1
    Address: 20915805
    Attributes: [2]
Location #994
    Mapping index: 1
    Address: 20916175
    Attributes: [2]
Location #995
    Mapping index: 1
    Address: 22448802
    Attributes: [2]
Location #996
    Mapping index: 1
    Address: 22448380
    Attributes: [2]
Location #997
    Mapping index: 1
    Address: 22531575
    Attributes: [2]
Location #998
    Mapping index: 1
    Address: 22528699
    Attributes: [2]
Location #999
    Mapping index: 1
    Address: 12247618
    Attributes: [2]
Location #1000
    Mapping index: 1
    Address: 15249662
    Attributes: [2]
Location #1001
    Mapping index: 1
    Address: 15250531
    Attributes: [2]
Location #1002
    Mapping index: 1
    Address: 23990528
    Attributes: [2]
Location #1003
    Mapping index: 1
    Address: 23965947
    Attributes: [2]
Location #1004
    Mapping index: 1
    Address: 12476403
    Attributes: [2]
Location #1005
    Mapping index: 1
    Address: 12448257
    Attributes: [2]
Location #1006
    Mapping index: 3
    Address: 15543867
    Attributes: [2]
Location #1007
    Mapping index: 3
    Address: 35231999
    Attributes: [2]
Location #1008
    Mapping index: 3
    Address: 27270613
    Attributes: [2]
Location #1009
    Mapping index: 3
    Address: 27291215
    Attributes: [2]
Location #1010
    Mapping index: 3
    Address: 27281243
    Attributes: [2]
Location #1011
    Mapping index: 1
    Address: 20651168
    Attributes: [2]
Location #1012
    Mapping index: 1
    Address: 12840576
    Attributes: [2]
Location #1013
    Mapping index: 1
    Address: 27262965
    Attributes: [2]
Location #1014
    Mapping index: 1
    Address: 12856926
    Attributes: [2]
Location #1015
    Mapping index: 6
    Address: 906224
    Attributes: [2]
Location #1016
    Mapping index: 1
    Address: 10881240
    Attributes: [2]
Location #1017
    Mapping index: 1
    Address: 21665519
    Attributes: [2]
Location #1018
    Mapping index: 1
    Address: 20634376
    Attributes: [2]
Location #1019
    Mapping index: 1
    Address: 15670928
    Attributes: [2]
Location #1020
    Mapping index: 1
    Address: 34570938
    Attributes: [2]
Location #1021
    Mapping index: 1
    Address: 34567170
    Attributes: [2]
Location #1022
    Mapping index: 1
    Address: 34527997
    Attributes: [2]
Location #1023
    Mapping index: 1
    Address: 34527874
    Attributes: [2]
Location #1024
    Mapping index: 1
    Address: 34582638
    Attributes: [2]
Location #1025
    Mapping index: 3
    Address: 28735859
    Attributes: [2]
Location #1026
    Mapping index: 3
    Address: 28741862
    Attributes: [2]
Location #1027
    Mapping index: 3
    Address: 28932224
    Attributes: [2]
Location #1028
    Mapping index: 3
    Address: 28876378
    Attributes: [2]
Location #1029
    Mapping index: 3
    Address: 28865349
    Attributes: [2]
Location #1030
    Mapping index: 1
    Address: 12849714
    Attributes: [2]
Location #1031
    Mapping index: 7
    Address: 6161313
    Attributes: [2]
Location #1032
    Mapping index: 7
    Address: 6406992
    Attributes: [2]
Location #1033
    Mapping index: 7
    Address: 5864556
    Attributes: [2]
Location #1034
    Mapping index: 7
    Address: 5641872
    Attributes: [2]
Location #1035
    Mapping index: 7
    Address: 6138920
    Attributes: [2]
Location #1036
    Mapping index: 7
    Address: 6126029
    Attributes: [2]
Location #1037
    Mapping index: 12
    Address: 18907218
    Line #0
        Function index: 295
        Line: 219
        Column: 0
    Attributes: [67]
Location #1038
    Mapping index: 12
    Address: 18901419
    Line #0
        Function index: 296
        Line: 101
        Column: 0
    Attributes: [67]
Location #1039
    Mapping index: 12
    Address: 18902116
    Line #0
        Function index: 296
        Line: 124
        Column: 0
    Attributes: [67]
Location #1040
    Mapping index: 12
    Address: 18900932
    Line #0
        Function index: 297
        Line: 158
        Column: 0
    Attributes: [67]
Location #1041
    Mapping index: 12
    Address: 18958678
    Line #0
        Function index: 298
        Line: 230
        Column: 0
    Attributes: [67]
Location #1042
    Mapping index: 12
    Address: 18957892
    Line #0
        Function index: 299
        Line: 182
        Column: 0
    Attributes: [67]
Location #1043
    Mapping index: 12
    Address: 18959142
    Line #0
        Function index: 300
        Line: 37
        Column: 0
    Attributes: [67]
Location #1044
    Mapping index: 12
    Address: 19372701
    Line #0
        Function index: 301
        Line: 187
        Column: 0
    Attributes: [67]
Location #1045
    Mapping index: 12
    Address: 19422167
    Line #0
        Function index: 302
        Line: 384
        Column: 0
    Attributes: [67]
Location #1046
    Mapping index: 12
    Address: 19432468
    Line #0
        Function index: 303
        Line: 606
        Column: 0
    Attributes: [67]
Location #1047
    Mapping index: 12
    Address: 18445717
    Line #0
        Function index: 304
        Line: 403
        Column: 0
    Attributes: [67]
Location #1048
    Mapping index: 12
    Address: 18443691
    Line #0
        Function index: 305
        Line: 378
        Column: 0
    Attributes: [67]
Location #1049
    Mapping index: 12
    Address: 18444583
    Line #0
        Function index: 306
        Line: 407
        Column: 0
    Attributes: [67]
Location #1050
    Mapping index: 12
    Address: 19428093
    Line #0
        Function index: 307
        Line: 552
        Column: 0
    Attributes: [67]
Location #1051
    Mapping index: 12
    Address: 19501466
    Line #0
        Function index: 308
        Line: 57
        Column: 0
    Attributes: [67]
Location #1052
    Mapping index: 12
    Address: 19500935
    Line #0
        Function index: 309
        Line: 47
        Column: 0
    Attributes: [67]
Location #1053
    Mapping index: 12
    Address: 4740960
    Line #0
        Function index: 310
        Line: 1694
        Column: 0
    Attributes: [67]
Location #1054
    Mapping index: 12
    Address: 4554080
    Line #0
        Function index: 311
        Line: 6968
        Column: 0
    Attributes: [67]
Location #1055
    Mapping index: 12
    Address: 4534330
    Line #0
        Function index: 312
        Line: 4898
        Column: 0
    Attributes: [67]
Location #1056
    Mapping index: 12
    Address: 4733225
    Line #0
        Function index: 313
        Line: 517
        Column: 0
    Attributes: [67]
Location #1057
    Mapping index: 12
    Address: 4534102
    Line #0
        Function index: 314
        Line: 4897
        Column: 0
    Attributes: [67]
Location #1058
    Mapping index: 12
    Address: 4710009
    Line #0
        Function index: 315
        Line: 4798
        Column: 0
    Attributes: [67]
Location #1059
    Mapping index: 12
    Address: 4849309
    Line #0
        Function index: 316
        Line: 99
        Column: 0
    Attributes: [67]
Location #1060
    Mapping index: 12
    Address: 4853020
    Line #0
        Function index: 317
        Line: 1
        Column: 0
    Attributes: [67]
Location #1061
    Mapping index: 12
    Address: 10149358
    Line #0
        Function index: 318
        Line: 55
        Column: 0
    Attributes: [67]
Location #1062
    Mapping index: 12
    Address: 18479300
    Line #0
        Function index: 319
        Line: 119
        Column: 0
    Attributes: [67]
Location #1063
    Mapping index: 12
    Address: 18490198
    Line #0
        Function index: 320
        Line: 364
        Column: 0
    Attributes: [67]
Location #1064
    Mapping index: 12
    Address: 19502557
    Line #0
        Function index: 321
        Line: 120
        Column: 0
    Attributes: [67]
Location #1065
    Mapping index: 12
    Address: 18900387
    Line #0
        Function index: 322
        Line: 119
        Column: 0
    Attributes: [67]
Location #1066
    Mapping index: 12
    Address: 18933479
    Line #0
        Function index: 323
        Line: 1003
        Column: 0
    Attributes: [67]
Location #1067
    Mapping index: 12
    Address: 18935371
    Line #0
        Function index: 324
        Line: 1191
        Column: 0
    Attributes: [67]
Location #1068
    Mapping index: 12
    Address: 18936615
    Line #0
        Function index: 325
        Line: 1246
        Column: 0
    Attributes: [67]
Location #1069
    Mapping index: 12
    Address: 18958365
    Line #0
        Function index: 298
        Line: 209
        Column: 0
    Attributes: [67]
Location #1070
    Mapping index: 5
    Address: 5522743
    Line #0
        Function index: 326
        Line: 0
        Column: 0
    Attributes: [12]
Location #1071
    Mapping index: 5
    Address: 5523354
    Line #0
        Function index: 327
        Line: 0
        Column: 0
    Attributes: [12]
Location #1072
    Mapping index: 5
    Address: 5509021
    Line #0
        Function index: 328
        Line: 0
        Column: 0
    Attributes: [12]
Location #1073
    Mapping index: 5
    Address: 5510598
    Line #0
        Function index: 329
        Line: 0
        Column: 0
    Attributes: [12]
Location #1074
    Mapping index: 5
    Address: 3170865
    Line #0
        Function index: 50
        Line: 0
        Column: 0
    Attributes: [12]
Location #1075
    Mapping index: 12
    Address: 4748674
    Line #0
        Function index: 330
        Line: 558
        Column: 0
    Attributes: [67]
Location #1076
    Mapping index: 12
    Address: 4467567
    Line #0
        Function index: 331
        Line: 89
        Column: 0
    Attributes: [67]
Location #1077
    Mapping index: 12
    Address: 4303268
    Line #0
        Function index: 332
        Line: 33
        Column: 0
    Attributes: [67]
Location #1078
    Mapping index: 12
    Address: 4515400
    Line #0
        Function index: 333
        Line: 638
        Column: 0
    Attributes: [67]
Location #1079
    Mapping index: 12
    Address: 4709259
    Line #0
        Function index: 334
        Line: 638
        Column: 0
    Attributes: [67]
Location #1080
    Mapping index: 12
    Address: 4525309
    Line #0
        Function index: 335
        Line: 4009
        Column: 0
    Attributes: [67]
Location #1081
    Mapping index: 12
    Address: 4526601
    Line #0
        Function index: 336
        Line: 4128
        Column: 0
    Attributes: [67]
Location #1082
    Mapping index: 12
    Address: 4527652
    Line #0
        Function index: 337
        Line: 4267
        Column: 0
    Attributes: [67]
Location #1083
    Mapping index: 12
    Address: 4733108
    Line #0
        Function index: 338
        Line: 462
        Column: 0
    Attributes: [67]
Location #1084
    Mapping index: 12
    Address: 18907295
    Line #0
        Function index: 295
        Line: 219
        Column: 0
    Attributes: [67]
Location #1085
    Mapping index: 12
    Address: 18907320
    Line #0
        Function index: 295
        Line: 219
        Column: 0
    Attributes: [67]
Location #1086
    Mapping index: 12
    Address: 18906989
    Line #0
        Function index: 295
        Line: 222
        Column: 0
    Attributes: [67]
Location #1087
    Mapping index: 12
    Address: 18933262
    Line #0
        Function index: 323
        Line: 1010
        Column: 0
    Attributes: [67]
Location #1088
    Mapping index: 5
    Address: 8763482
    Line #0
        Function index: 339
        Line: 0
        Column: 0
    Attributes: [12]
Location #1089
    Mapping index: 5
    Address: 8766287
    Line #0
        Function index: 340
        Line: 0
        Column: 0
    Attributes: [12]
Location #1090
    Mapping index: 5
    Address: 8697196
    Line #0
        Function index: 341
        Line: 0
        Column: 0
    Attributes: [12]
Location #1091
    Mapping index: 5
    Address: 8697499
    Line #0
        Function index: 342
        Line: 0
        Column: 0
    Attributes: [12]
Location #1092
    Mapping index: 5
    Address: 3171570
    Line #0
        Function index: 50
        Line: 0
        Column: 0
    Attributes: [12]
Location #1093
    Mapping index: 12
    Address: 4224397
    Line #0
        Function index: 343
        Line: 36
        Column: 0
    Attributes: [67]
Location #1094
    Mapping index: 12
    Address: 4849036
    Line #0
        Function index: 344
        Line: 67
        Column: 0
    Attributes: [67]
Location #1095
    Mapping index: 12
    Address: 4849289
    Line #0
        Function index: 316
        Line: 97
        Column: 0
    Attributes: [67]
Location #1096
    Mapping index: 12
    Address: 4838700
    Line #0
        Function index: 345
        Line: 132
        Column: 0
    Attributes: [67]
Location #1097
    Mapping index: 12
    Address: 5293200
    Line #0
        Function index: 346
        Line: 311
        Column: 0
    Attributes: [67]
Location #1098
    Mapping index: 12
    Address: 18437234
    Line #0
        Function index: 347
        Line: 107
        Column: 0
    Attributes: [67]
Location #1099
    Mapping index: 12
    Address: 19426823
    Line #0
        Function index: 307
        Line: 504
        Column: 0
    Attributes: [67]
Location #1100
    Mapping index: 12
    Address: 4321675
    Line #0
        Function index: 348
        Line: 683
        Column: 0
    Attributes: [67]
Location #1101
    Mapping index: 12
    Address: 4313035
    Line #0
        Function index: 349
        Line: 1389
        Column: 0
    Attributes: [67]
Location #1102
    Mapping index: 12
    Address: 4699204
    Line #0
        Function index: 350
        Line: 1066
        Column: 0
    Attributes: [67]
Location #1103
    Mapping index: 12
    Address: 4315716
    Line #0
        Function index: 351
        Line: 1747
        Column: 0
    Attributes: [67]
Location #1104
    Mapping index: 12
    Address: 5290532
    Line #0
        Function index: 352
        Line: 146
        Column: 0
    Attributes: [67]
Location #1105
    Mapping index: 12
    Address: 5291324
    Line #0
        Function index: 353
        Line: 279
        Column: 0
    Attributes: [67]
Location #1106
    Mapping index: 12
    Address: 5285917
    Line #0
        Function index: 354
        Line: 412
        Column: 0
    Attributes: [67]
Location #1107
    Mapping index: 12
    Address: 5287561
    Line #0
        Function index: 355
        Line: 869
        Column: 0
    Attributes: [67]
Location #1108
    Mapping index: 12
    Address: 18437508
    Line #0
        Function index: 356
        Line: 116
        Column: 0
    Attributes: [67]
Location #1109
    Mapping index: 12
    Address: 19414066
    Line #0
        Function index: 357
        Line: 132
        Column: 0
    Attributes: [67]
Location #1110
    Mapping index: 12
    Address: 19426910
    Line #0
        Function index: 307
        Line: 511
        Column: 0
    Attributes: [67]
Location #1111
    Mapping index: 5
    Address: 12357811
    Line #0
        Function index: 358
        Line: 0
        Column: 0
    Attributes: [12]
Location #1112
    Mapping index: 5
    Address: 6564310
    Line #0
        Function index: 359
        Line: 0
        Column: 0
    Attributes: [12]
Location #1113
    Mapping index: 5
    Address: 6548654
    Line #0
        Function index: 360
        Line: 0
        Column: 0
    Attributes: [12]
Location #1114
    Mapping index: 5
    Address: 6574650
    Line #0
        Function index: 361
        Line: 0
        Column: 0
    Attributes: [12]
Location #1115
    Mapping index: 5
    Address: 6576780
    Line #0
        Function index: 362
        Line: 0
        Column: 0
    Attributes: [12]
Location #1116
    Mapping index: 5
    Address: 3172050
    Line #0
        Function index: 50
        Line: 0
        Column: 0
    Attributes: [12]
Location #1117
    Mapping index: 12
    Address: 4849125
    Line #0
        Function index: 363
        Line: 87
        Column: 0
    Attributes: [67]
Location #1118
    Mapping index: 12
    Address: 4852909
    Line #0
        Function index: 364
        Line: 1
        Column: 0
    Attributes: [67]
Location #1119
    Mapping index: 12
    Address: 17802355
    Line #0
        Function index: 365
        Line: 95
        Column: 0
    Attributes: [67]
Location #1120
    Mapping index: 12
    Address: 18185741
    Line #0
        Function index: 366
        Line: 1420
        Column: 0
    Attributes: [67]
Location #1121
    Mapping index: 12
    Address: 18185389
    Line #0
        Function index: 367
        Line: 1399
        Column: 0
    Attributes: [67]
Location #1122
    Mapping index: 12
    Address: 19489045
    Line #0
        Function index: 368
        Line: 547
        Column: 0
    Attributes: [67]
Location #1123
    Mapping index: 12
    Address: 19380040
    Line #0
        Function index: 369
        Line: 449
        Column: 0
    Attributes: [67]
Location #1124
    Mapping index: 12
    Address: 19373291
    Line #0
        Function index: 301
        Line: 222
        Column: 0
    Attributes: [67]
Location #1125
    Mapping index: 5
    Address: 22313233
    Line #0
        Function index: 370
        Line: 0
        Column: 0
    Attributes: [12]
Location #1126
    Mapping index: 5
    Address: 22316310
    Line #0
        Function index: 371
        Line: 0
        Column: 0
    Attributes: [12]
Location #1127
    Mapping index: 5
    Address: 22317896
    Line #0
        Function index: 372
        Line: 0
        Column: 0
    Attributes: [12]
Location #1128
    Mapping index: 5
    Address: 7341240
    Line #0
        Function index: 373
        Line: 0
        Column: 0
    Attributes: [12]
Location #1129
    Mapping index: 5
    Address: 7342124
    Line #0
        Function index: 374
        Line: 0
        Column: 0
    Attributes: [12]
Location #1130
    Mapping index: 5
    Address: 7787935
    Line #0
        Function index: 274
        Line: 0
        Column: 0
    Attributes: [12]
Location #1131
    Mapping index: 12
    Address: 9318112
    Line #0
        Function index: 375
        Line: 31
        Column: 0
    Attributes: [67]
Location #1132
    Mapping index: 12
    Address: 18461554
    Line #0
        Function index: 376
        Line: 95
        Column: 0
    Attributes: [67]
Location #1133
    Mapping index: 12
    Address: 18461054
    Line #0
        Function index: 377
        Line: 63
        Column: 0
    Attributes: [67]
Location #1134
    Mapping index: 12
    Address: 18462543
    Line #0
        Function index: 378
        Line: 35
        Column: 0
    Attributes: [67]
Location #1135
    Mapping index: 12
    Address: 18935262
    Line #0
        Function index: 324
        Line: 1186
        Column: 0
    Attributes: [67]
Location #1136
    Mapping index: 12
    Address: 18939767
    Line #0
        Function index: 379
        Line: 202
        Column: 0
    Attributes: [67]
Location #1137
    Mapping index: 12
    Address: 18929350
    Line #0
        Function index: 380
        Line: 858
        Column: 0
    Attributes: [67]
Location #1138
    Mapping index: 12
    Address: 18933592
    Line #0
        Function index: 323
        Line: 1021
        Column: 0
    Attributes: [67]
Location #1139
    Mapping index: 12
    Address: 18907210
    Line #0
        Function index: 295
        Line: 219
        Column: 0
    Attributes: [67]
Location #1140
    Mapping index: 13
    Address: 173441506
    Attributes: [2]
Location #1141
    Mapping index: 13
    Address: 148614399
    Attributes: [2]
Location #1142
    Mapping index: 13
    Address: 148900827
    Attributes: [2]
Location #1143
    Mapping index: 13
    Address: 148894325
    Attributes: [2]
Location #1144
    Mapping index: 13
    Address: 148660872
    Attributes: [2]
Location #1145
    Mapping index: 13
    Address: 148644513
    Attributes: [2]
Location #1146
    Mapping index: 13
    Address: 148643250
    Attributes: [2]
Location #1147
    Mapping index: 13
    Address: 148732715
    Attributes: [2]
Location #1148
    Mapping index: 13
    Address: 148816496
    Attributes: [2]
Location #1149
    Mapping index: 13
    Address: 177075946
    Attributes: [2]
Location #1150
    Mapping index: 13
    Address: 177068943
    Attributes: [2]
Location #1151
    Mapping index: 13
    Address: 176911476
    Attributes: [2]
Location #1152
    Mapping index: 13
    Address: 176942810
    Attributes: [2]
Location #1153
    Mapping index: 13
    Address: 177010934
    Attributes: [2]
Location #1154
    Mapping index: 13
    Address: 176925211
    Attributes: [2]
Location #1155
    Mapping index: 13
    Address: 176879057
    Attributes: [2]
Location #1156
    Mapping index: 13
    Address: 176398003
    Attributes: [2]
Location #1157
    Mapping index: 13
    Address: 213968242
    Attributes: [2]
Location #1158
    Mapping index: 13
    Address: 213961667
    Attributes: [2]
Location #1159
    Mapping index: 13
    Address: 181110245
    Attributes: [2]
Location #1160
    Mapping index: 13
    Address: 181303598
    Attributes: [2]
Location #1161
    Mapping index: 13
    Address: 181090943
    Attributes: [2]
Location #1162
    Mapping index: 13
    Address: 173355690
    Attributes: [2]
Location #1163
    Mapping index: 13
    Address: 173517285
    Attributes: [2]
Location #1164
    Mapping index: 13
    Address: 148867165
    Attributes: [2]
Location #1165
    Mapping index: 13
    Address: 181358262
    Attributes: [2]
Location #1166
    Mapping index: 13
    Address: 181311370
    Attributes: [2]
Location #1167
    Mapping index: 13
    Address: 181316971
    Attributes: [2]
Location #1168
    Mapping index: 13
    Address: 181244761
    Attributes: [2]
Location #1169
    Mapping index: 13
    Address: 181355071
    Attributes: [2]
Location #1170
    Mapping index: 13
    Address: 181308970
    Attributes: [2]
Location #1171
    Mapping index: 13
    Address: 213961663
    Attributes: [2]
Function #0
    Name: 0
    System name: 0
    Filename: 0
    Start line: 0
Function #1
    Name: 16
    System name: 0
    Filename: 0
    Start line: 0
Function #2
    Name: 17
    System name: 0
    Filename: 0
    Start line: 0
Function #3
    Name: 18
    System name: 0
    Filename: 0
    Start line: 0
Function #4
    Name: 19
    System name: 0
    Filename: 0
    Start line: 0
Function #5
    Name: 20
    System name: 0
    Filename: 0
    Start line: 0
Function #6
    Name: 21
    System name: 0
    Filename: 0
    Start line: 0
Function #7
    Name: 22
    System name: 0
    Filename: 0
    Start line: 0
Function #8
    Name: 23
    System name: 0
    Filename: 0
    Start line: 0
Function #9
    Name: 24
    System name: 0
    Filename: 0
    Start line: 0
Function #10
    Name: 25
    System name: 0
    Filename: 0
    Start line: 0
Function #11
    Name: 26
    System name: 0
    Filename: 0
    Start line: 0
Function #12
    Name: 27
    System name: 0
    Filename: 0
    Start line: 0
Function #13
    Name: 28
    System name: 0
    Filename: 0
    Start line: 0
Function #14
    Name: 30
    System name: 0
    Filename: 0
    Start line: 0
Function #15
    Name: 31
    System name: 0
    Filename: 0
    Start line: 0
Function #16
    Name: 32
    System name: 0
    Filename: 0
    Start line: 0
Function #17
    Name: 33
    System name: 0
    Filename: 0
    Start line: 0
Function #18
    Name: 34
    System name: 0
    Filename: 0
    Start line: 0
Function #19
    Name: 36
    System name: 0
    Filename: 37
    Start line: 0
Function #20
    Name: 38
    System name: 0
    Filename: 37
    Start line: 0
Function #21
    Name: 39
    System name: 0
    Filename: 37
    Start line: 0
Function #22
    Name: 40
    System name: 0
    Filename: 41
    Start line: 0
Function #23
    Name: 42
    System name: 0
    Filename: 41
    Start line: 0
Function #24
    Name: 43
    System name: 0
    Filename: 44
    Start line: 0
Function #25
    Name: 45
    System name: 0
    Filename: 44
    Start line: 0
Function #26
    Name: 46
    System name: 0
    Filename: 44
    Start line: 0
Function #27
    Name: 47
    System name: 0
    Filename: 44
    Start line: 0
Function #28
    Name: 48
    System name: 0
    Filename: 44
    Start line: 0
Function #29
    Name: 49
    System name: 0
    Filename: 50
    Start line: 0
Function #30
    Name: 51
    System name: 0
    Filename: 52
    Start line: 0
Function #31
    Name: 53
    System name: 0
    Filename: 52
    Start line: 0
Function #32
    Name: 54
    System name: 0
    Filename: 55
    Start line: 0
Function #33
    Name: 56
    System name: 0
    Filename: 55
    Start line: 0
Function #34
    Name: 57
    System name: 0
    Filename: 55
    Start line: 0
Function #35
    Name: 58
    System name: 0
    Filename: 59
    Start line: 0
Function #36
    Name: 60
    System name: 0
    Filename: 0
    Start line: 0
Function #37
    Name: 61
    System name: 0
    Filename: 0
    Start line: 0
Function #38
    Name: 62
    System name: 0
    Filename: 0
    Start line: 0
Function #39
    Name: 63
    System name: 0
    Filename: 0
    Start line: 0
Function #40
    Name: 64
    System name: 0
    Filename: 0
    Start line: 0
Function #41
    Name: 65
    System name: 0
    Filename: 0
    Start line: 0
Function #42
    Name: 66
    System name: 0
    Filename: 0
    Start line: 0
Function #43
    Name: 67
    System name: 0
    Filename: 0
    Start line: 0
Function #44
    Name: 68
    System name: 0
    Filename: 0
    Start line: 0
Function #45
    Name: 69
    System name: 0
    Filename: 0
    Start line: 0
Function #46
    Name: 71
    System name: 0
    Filename: 0
    Start line: 0
Function #47
    Name: 72
    System name: 0
    Filename: 0
    Start line: 0
Function #48
    Name: 73
    System name: 0
    Filename: 0
    Start line: 0
Function #49
    Name: 74
    System name: 0
    Filename: 0
    Start line: 0
Function #50
    Name: 75
    System name: 0
    Filename: 0
    Start line: 0
Function #51
    Name: 76
    System name: 0
    Filename: 0
    Start line: 0
Function #52
    Name: 77
    System name: 0
    Filename: 0
    Start line: 0
Function #53
    Name: 78
    System name: 0
    Filename: 0
    Start line: 0
Function #54
    Name: 79
    System name: 0
    Filename: 0
    Start line: 0
Function #55
    Name: 80
    System name: 0
    Filename: 0
    Start line: 0
Function #56
    Name: 81
    System name: 0
    Filename: 0
    Start line: 0
Function #57
    Name: 82
    System name: 0
    Filename: 0
    Start line: 0
Function #58
    Name: 83
    System name: 0
    Filename: 0
    Start line: 0
Function #59
    Name: 84
    System name: 0
    Filename: 0
    Start line: 0
Function #60
    Name: 85
    System name: 0
    Filename: 0
    Start line: 0
Function #61
    Name: 86
    System name: 0
    Filename: 0
    Start line: 0
Function #62
    Name: 87
    System name: 0
    Filename: 0
    Start line: 0
Function #63
    Name: 88
    System name: 0
    Filename: 0
    Start line: 0
Function #64
    Name: 89
    System name: 0
    Filename: 0
    Start line: 0
Function #65
    Name: 90
    System name: 0
    Filename: 0
    Start line: 0
Function #66
    Name: 91
    System name: 0
    Filename: 0
    Start line: 0
Function #67
    Name: 92
    System name: 0
    Filename: 0
    Start line: 0
Function #68
    Name: 93
    System name: 0
    Filename: 0
    Start line: 0
Function #69
    Name: 94
    System name: 0
    Filename: 0
    Start line: 0
Function #70
    Name: 95
    System name: 0
    Filename: 0
    Start line: 0
Function #71
    Name: 96
    System name: 0
    Filename: 37
    Start line: 0
Function #72
    Name: 97
    System name: 0
    Filename: 37
    Start line: 0
Function #73
    Name: 98
    System name: 0
    Filename: 37
    Start line: 0
Function #74
    Name: 100
    System name: 0
    Filename: 0
    Start line: 0
Function #75
    Name: 101
    System name: 0
    Filename: 0
    Start line: 0
Function #76
    Name: 102
    System name: 0
    Filename: 103
    Start line: 0
Function #77
    Name: 104
    System name: 0
    Filename: 105
    Start line: 0
Function #78
    Name: 106
    System name: 0
    Filename: 107
    Start line: 0
Function #79
    Name: 108
    System name: 0
    Filename: 107
    Start line: 0
Function #80
    Name: 109
    System name: 0
    Filename: 107
    Start line: 0
Function #81
    Name: 110
    System name: 0
    Filename: 107
    Start line: 0
Function #82
    Name: 111
    System name: 0
    Filename: 107
    Start line: 0
Function #83
    Name: 112
    System name: 0
    Filename: 0
    Start line: 0
Function #84
    Name: 113
    System name: 0
    Filename: 0
    Start line: 0
Function #85
    Name: 114
    System name: 0
    Filename: 0
    Start line: 0
Function #86
    Name: 115
    System name: 0
    Filename: 0
    Start line: 0
Function #87
    Name: 116
    System name: 0
    Filename: 0
    Start line: 0
Function #88
    Name: 117
    System name: 0
    Filename: 0
    Start line: 0
Function #89
    Name: 118
    System name: 0
    Filename: 0
    Start line: 0
Function #90
    Name: 119
    System name: 0
    Filename: 0
    Start line: 0
Function #91
    Name: 120
    System name: 0
    Filename: 0
    Start line: 0
Function #92
    Name: 121
    System name: 0
    Filename: 0
    Start line: 0
Function #93
    Name: 122
    System name: 0
    Filename: 0
    Start line: 0
Function #94
    Name: 123
    System name: 0
    Filename: 124
    Start line: 0
Function #95
    Name: 125
    System name: 0
    Filename: 124
    Start line: 0
Function #96
    Name: 126
    System name: 0
    Filename: 127
    Start line: 0
Function #97
    Name: 128
    System name: 0
    Filename: 127
    Start line: 0
Function #98
    Name: 51
    System name: 0
    Filename: 107
    Start line: 0
Function #99
    Name: 129
    System name: 0
    Filename: 130
    Start line: 0
Function #100
    Name: 131
    System name: 0
    Filename: 103
    Start line: 0
Function #101
    Name: 132
    System name: 0
    Filename: 103
    Start line: 0
Function #102
    Name: 133
    System name: 0
    Filename: 134
    Start line: 0
Function #103
    Name: 135
    System name: 0
    Filename: 107
    Start line: 0
Function #104
    Name: 136
    System name: 0
    Filename: 107
    Start line: 0
Function #105
    Name: 137
    System name: 0
    Filename: 138
    Start line: 0
Function #106
    Name: 139
    System name: 0
    Filename: 140
    Start line: 0
Function #107
    Name: 141
    System name: 0
    Filename: 124
    Start line: 0
Function #108
    Name: 142
    System name: 0
    Filename: 143
    Start line: 0
Function #109
    Name: 144
    System name: 0
    Filename: 145
    Start line: 0
Function #110
    Name: 146
    System name: 0
    Filename: 145
    Start line: 0
Function #111
    Name: 147
    System name: 0
    Filename: 145
    Start line: 0
Function #112
    Name: 148
    System name: 0
    Filename: 145
    Start line: 0
Function #113
    Name: 149
    System name: 0
    Filename: 145
    Start line: 0
Function #114
    Name: 150
    System name: 0
    Filename: 145
    Start line: 0
Function #115
    Name: 151
    System name: 0
    Filename: 145
    Start line: 0
Function #116
    Name: 139
    System name: 0
    Filename: 145
    Start line: 0
Function #117
    Name: 152
    System name: 0
    Filename: 153
    Start line: 0
Function #118
    Name: 154
    System name: 0
    Filename: 155
    Start line: 0
Function #119
    Name: 156
    System name: 0
    Filename: 155
    Start line: 0
Function #120
    Name: 157
    System name: 0
    Filename: 158
    Start line: 0
Function #121
    Name: 159
    System name: 0
    Filename: 158
    Start line: 0
Function #122
    Name: 160
    System name: 0
    Filename: 161
    Start line: 0
Function #123
    Name: 162
    System name: 0
    Filename: 161
    Start line: 0
Function #124
    Name: 163
    System name: 0
    Filename: 161
    Start line: 0
Function #125
    Name: 164
    System name: 0
    Filename: 161
    Start line: 0
Function #126
    Name: 136
    System name: 0
    Filename: 161
    Start line: 0
Function #127
    Name: 165
    System name: 0
    Filename: 166
    Start line: 0
Function #128
    Name: 167
    System name: 0
    Filename: 166
    Start line: 0
Function #129
    Name: 168
    System name: 0
    Filename: 166
    Start line: 0
Function #130
    Name: 169
    System name: 0
    Filename: 166
    Start line: 0
Function #131
    Name: 170
    System name: 0
    Filename: 166
    Start line: 0
Function #132
    Name: 171
    System name: 0
    Filename: 166
    Start line: 0
Function #133
    Name: 172
    System name: 0
    Filename: 173
    Start line: 0
Function #134
    Name: 139
    System name: 0
    Filename: 173
    Start line: 0
Function #135
    Name: 174
    System name: 0
    Filename: 173
    Start line: 0
Function #136
    Name: 175
    System name: 0
    Filename: 173
    Start line: 0
Function #137
    Name: 176
    System name: 0
    Filename: 173
    Start line: 0
Function #138
    Name: 177
    System name: 0
    Filename: 107
    Start line: 0
Function #139
    Name: 178
    System name: 0
    Filename: 179
    Start line: 0
Function #140
    Name: 180
    System name: 0
    Filename: 0
    Start line: 0
Function #141
    Name: 181
    System name: 0
    Filename: 0
    Start line: 0
Function #142
    Name: 182
    System name: 0
    Filename: 0
    Start line: 0
Function #143
    Name: 183
    System name: 0
    Filename: 0
    Start line: 0
Function #144
    Name: 184
    System name: 0
    Filename: 0
    Start line: 0
Function #145
    Name: 185
    System name: 0
    Filename: 0
    Start line: 0
Function #146
    Name: 186
    System name: 0
    Filename: 0
    Start line: 0
Function #147
    Name: 187
    System name: 0
    Filename: 0
    Start line: 0
Function #148
    Name: 188
    System name: 0
    Filename: 0
    Start line: 0
Function #149
    Name: 189
    System name: 0
    Filename: 0
    Start line: 0
Function #150
    Name: 190
    System name: 0
    Filename: 0
    Start line: 0
Function #151
    Name: 191
    System name: 0
    Filename: 0
    Start line: 0
Function #152
    Name: 192
    System name: 0
    Filename: 0
    Start line: 0
Function #153
    Name: 193
    System name: 0
    Filename: 0
    Start line: 0
Function #154
    Name: 194
    System name: 0
    Filename: 0
    Start line: 0
Function #155
    Name: 195
    System name: 0
    Filename: 0
    Start line: 0
Function #156
    Name: 196
    System name: 0
    Filename: 0
    Start line: 0
Function #157
    Name: 197
    System name: 0
    Filename: 198
    Start line: 0
Function #158
    Name: 199
    System name: 0
    Filename: 198
    Start line: 0
Function #159
    Name: 200
    System name: 0
    Filename: 198
    Start line: 0
Function #160
    Name: 201
    System name: 0
    Filename: 198
    Start line: 0
Function #161
    Name: 202
    System name: 0
    Filename: 198
    Start line: 0
Function #162
    Name: 203
    System name: 0
    Filename: 134
    Start line: 0
Function #163
    Name: 204
    System name: 0
    Filename: 134
    Start line: 0
Function #164
    Name: 205
    System name: 0
    Filename: 107
    Start line: 0
Function #165
    Name: 139
    System name: 0
    Filename: 206
    Start line: 0
Function #166
    Name: 207
    System name: 0
    Filename: 208
    Start line: 0
Function #167
    Name: 175
    System name: 0
    Filename: 206
    Start line: 0
Function #168
    Name: 139
    System name: 0
    Filename: 209
    Start line: 0
Function #169
    Name: 210
    System name: 0
    Filename: 211
    Start line: 0
Function #170
    Name: 212
    System name: 0
    Filename: 213
    Start line: 0
Function #171
    Name: 212
    System name: 0
    Filename: 214
    Start line: 0
Function #172
    Name: 212
    System name: 0
    Filename: 215
    Start line: 0
Function #173
    Name: 139
    System name: 0
    Filename: 216
    Start line: 0
Function #174
    Name: 217
    System name: 0
    Filename: 216
    Start line: 0
Function #175
    Name: 218
    System name: 0
    Filename: 216
    Start line: 0
Function #176
    Name: 219
    System name: 0
    Filename: 216
    Start line: 0
Function #177
    Name: 220
    System name: 0
    Filename: 221
    Start line: 0
Function #178
    Name: 222
    System name: 0
    Filename: 161
    Start line: 0
Function #179
    Name: 224
    System name: 0
    Filename: 0
    Start line: 0
Function #180
    Name: 225
    System name: 0
    Filename: 0
    Start line: 0
Function #181
    Name: 226
    System name: 0
    Filename: 0
    Start line: 0
Function #182
    Name: 227
    System name: 0
    Filename: 0
    Start line: 0
Function #183
    Name: 228
    System name: 0
    Filename: 0
    Start line: 0
Function #184
    Name: 229
    System name: 0
    Filename: 0
    Start line: 0
Function #185
    Name: 230
    System name: 0
    Filename: 0
    Start line: 0
Function #186
    Name: 231
    System name: 0
    Filename: 0
    Start line: 0
Function #187
    Name: 232
    System name: 0
    Filename: 0
    Start line: 0
Function #188
    Name: 233
    System name: 0
    Filename: 0
    Start line: 0
Function #189
    Name: 234
    System name: 0
    Filename: 0
    Start line: 0
Function #190
    Name: 235
    System name: 0
    Filename: 0
    Start line: 0
Function #191
    Name: 236
    System name: 0
    Filename: 0
    Start line: 0
Function #192
    Name: 237
    System name: 0
    Filename: 0
    Start line: 0
Function #193
    Name: 238
    System name: 0
    Filename: 0
    Start line: 0
Function #194
    Name: 239
    System name: 0
    Filename: 0
    Start line: 0
Function #195
    Name: 240
    System name: 0
    Filename: 0
    Start line: 0
Function #196
    Name: 241
    System name: 0
    Filename: 0
    Start line: 0
Function #197
    Name: 242
    System name: 0
    Filename: 0
    Start line: 0
Function #198
    Name: 243
    System name: 0
    Filename: 0
    Start line: 0
Function #199
    Name: 245
    System name: 0
    Filename: 0
    Start line: 0
Function #200
    Name: 246
    System name: 0
    Filename: 0
    Start line: 0
Function #201
    Name: 247
    System name: 0
    Filename: 0
    Start line: 0
Function #202
    Name: 248
    System name: 0
    Filename: 0
    Start line: 0
Function #203
    Name: 249
    System name: 0
    Filename: 0
    Start line: 0
Function #204
    Name: 250
    System name: 0
    Filename: 0
    Start line: 0
Function #205
    Name: 251
    System name: 0
    Filename: 0
    Start line: 0
Function #206
    Name: 252
    System name: 0
    Filename: 0
    Start line: 0
Function #207
    Name: 253
    System name: 0
    Filename: 0
    Start line: 0
Function #208
    Name: 254
    System name: 0
    Filename: 0
    Start line: 0
Function #209
    Name: 255
    System name: 0
    Filename: 0
    Start line: 0
Function #210
    Name: 256
    System name: 0
    Filename: 0
    Start line: 0
Function #211
    Name: 257
    System name: 0
    Filename: 0
    Start line: 0
Function #212
    Name: 258
    System name: 0
    Filename: 0
    Start line: 0
Function #213
    Name: 259
    System name: 0
    Filename: 0
    Start line: 0
Function #214
    Name: 260
    System name: 0
    Filename: 0
    Start line: 0
Function #215
    Name: 261
    System name: 0
    Filename: 0
    Start line: 0
Function #216
    Name: 262
    System name: 0
    Filename: 0
    Start line: 0
Function #217
    Name: 263
    System name: 0
    Filename: 0
    Start line: 0
Function #218
    Name: 264
    System name: 0
    Filename: 0
    Start line: 0
Function #219
    Name: 265
    System name: 0
    Filename: 0
    Start line: 0
Function #220
    Name: 266
    System name: 0
    Filename: 0
    Start line: 0
Function #221
    Name: 267
    System name: 0
    Filename: 0
    Start line: 0
Function #222
    Name: 268
    System name: 0
    Filename: 0
    Start line: 0
Function #223
    Name: 269
    System name: 0
    Filename: 0
    Start line: 0
Function #224
    Name: 270
    System name: 0
    Filename: 0
    Start line: 0
Function #225
    Name: 271
    System name: 0
    Filename: 0
    Start line: 0
Function #226
    Name: 272
    System name: 0
    Filename: 0
    Start line: 0
Function #227
    Name: 273
    System name: 0
    Filename: 0
    Start line: 0
Function #228
    Name: 274
    System name: 0
    Filename: 0
    Start line: 0
Function #229
    Name: 275
    System name: 0
    Filename: 0
    Start line: 0
Function #230
    Name: 276
    System name: 0
    Filename: 0
    Start line: 0
Function #231
    Name: 277
    System name: 0
    Filename: 0
    Start line: 0
Function #232
    Name: 278
    System name: 0
    Filename: 0
    Start line: 0
Function #233
    Name: 279
    System name: 0
    Filename: 0
    Start line: 0
Function #234
    Name: 280
    System name: 0
    Filename: 0
    Start line: 0
Function #235
    Name: 281
    System name: 0
    Filename: 0
    Start line: 0
Function #236
    Name: 282
    System name: 0
    Filename: 0
    Start line: 0
Function #237
    Name: 283
    System name: 0
    Filename: 0
    Start line: 0
Function #238
    Name: 284
    System name: 0
    Filename: 0
    Start line: 0
Function #239
    Name: 285
    System name: 0
    Filename: 0
    Start line: 0
Function #240
    Name: 286
    System name: 0
    Filename: 0
    Start line: 0
Function #241
    Name: 287
    System name: 0
    Filename: 0
    Start line: 0
Function #242
    Name: 288
    System name: 0
    Filename: 0
    Start line: 0
Function #243
    Name: 289
    System name: 0
    Filename: 0
    Start line: 0
Function #244
    Name: 290
    System name: 0
    Filename: 0
    Start line: 0
Function #245
    Name: 291
    System name: 0
    Filename: 0
    Start line: 0
Function #246
    Name: 292
    System name: 0
    Filename: 0
    Start line: 0
Function #247
    Name: 293
    System name: 0
    Filename: 0
    Start line: 0
Function #248
    Name: 294
    System name: 0
    Filename: 0
    Start line: 0
Function #249
    Name: 295
    System name: 0
    Filename: 0
    Start line: 0
Function #250
    Name: 296
    System name: 0
    Filename: 0
    Start line: 0
Function #251
    Name: 297
    System name: 0
    Filename: 0
    Start line: 0
Function #252
    Name: 298
    System name: 0
    Filename: 0
    Start line: 0
Function #253
    Name: 299
    System name: 0
    Filename: 0
    Start line: 0
Function #254
    Name: 300
    System name: 0
    Filename: 0
    Start line: 0
Function #255
    Name: 301
    System name: 0
    Filename: 0
    Start line: 0
Function #256
    Name: 302
    System name: 0
    Filename: 0
    Start line: 0
Function #257
    Name: 303
    System name: 0
    Filename: 0
    Start line: 0
Function #258
    Name: 304
    System name: 0
    Filename: 0
    Start line: 0
Function #259
    Name: 305
    System name: 0
    Filename: 0
    Start line: 0
Function #260
    Name: 306
    System name: 0
    Filename: 0
    Start line: 0
Function #261
    Name: 307
    System name: 0
    Filename: 0
    Start line: 0
Function #262
    Name: 308
    System name: 0
    Filename: 0
    Start line: 0
Function #263
    Name: 309
    System name: 0
    Filename: 0
    Start line: 0
Function #264
    Name: 310
    System name: 0
    Filename: 0
    Start line: 0
Function #265
    Name: 311
    System name: 0
    Filename: 0
    Start line: 0
Function #266
    Name: 312
    System name: 0
    Filename: 0
    Start line: 0
Function #267
    Name: 313
    System name: 0
    Filename: 0
    Start line: 0
Function #268
    Name: 314
    System name: 0
    Filename: 0
    Start line: 0
Function #269
    Name: 315
    System name: 0
    Filename: 0
    Start line: 0
Function #270
    Name: 316
    System name: 0
    Filename: 0
    Start line: 0
Function #271
    Name: 317
    System name: 0
    Filename: 0
    Start line: 0
Function #272
    Name: 318
    System name: 0
    Filename: 0
    Start line: 0
Function #273
    Name: 319
    System name: 0
    Filename: 0
    Start line: 0
Function #274
    Name: 320
    System name: 0
    Filename: 0
    Start line: 0
Function #275
    Name: 321
    System name: 0
    Filename: 0
    Start line: 0
Function #276
    Name: 322
    System name: 0
    Filename: 0
    Start line: 0
Function #277
    Name: 323
    System name: 0
    Filename: 0
    Start line: 0
Function #278
    Name: 324
    System name: 0
    Filename: 0
    Start line: 0
Function #279
    Name: 325
    System name: 0
    Filename: 0
    Start line: 0
Function #280
    Name: 326
    System name: 0
    Filename: 0
    Start line: 0
Function #281
    Name: 327
    System name: 0
    Filename: 0
    Start line: 0
Function #282
    Name: 328
    System name: 0
    Filename: 0
    Start line: 0
Function #283
    Name: 329
    System name: 0
    Filename: 0
    Start line: 0
Function #284
    Name: 330
    System name: 0
    Filename: 0
    Start line: 0
Function #285
    Name: 331
    System name: 0
    Filename: 0
    Start line: 0
Function #286
    Name: 332
    System name: 0
    Filename: 0
    Start line: 0
Function #287
    Name: 333
    System name: 0
    Filename: 0
    Start line: 0
Function #288
    Name: 334
    System name: 0
    Filename: 0
    Start line: 0
Function #289
    Name: 335
    System name: 0
    Filename: 0
    Start line: 0
Function #290
    Name: 336
    System name: 0
    Filename: 0
    Start line: 0
Function #291
    Name: 337
    System name: 0
    Filename: 0
    Start line: 0
Function #292
    Name: 338
    System name: 0
    Filename: 0
    Start line: 0
Function #293
    Name: 339
    System name: 0
    Filename: 0
    Start line: 0
Function #294
    Name: 340
    System name: 0
    Filename: 0
    Start line: 0
Function #295
    Name: 343
    System name: 0
    Filename: 344
    Start line: 0
Function #296
    Name: 345
    System name: 0
    Filename: 344
    Start line: 0
Function #297
    Name: 346
    System name: 0
    Filename: 347
    Start line: 0
Function #298
    Name: 348
    System name: 0
    Filename: 349
    Start line: 0
Function #299
    Name: 350
    System name: 0
    Filename: 349
    Start line: 0
Function #300
    Name: 351
    System name: 0
    Filename: 352
    Start line: 0
Function #301
    Name: 353
    System name: 0
    Filename: 354
    Start line: 0
Function #302
    Name: 355
    System name: 0
    Filename: 356
    Start line: 0
Function #303
    Name: 357
    System name: 0
    Filename: 356
    Start line: 0
Function #304
    Name: 358
    System name: 0
    Filename: 359
    Start line: 0
Function #305
    Name: 360
    System name: 0
    Filename: 359
    Start line: 0
Function #306
    Name: 361
    System name: 0
    Filename: 359
    Start line: 0
Function #307
    Name: 362
    System name: 0
    Filename: 356
    Start line: 0
Function #308
    Name: 363
    System name: 0
    Filename: 364
    Start line: 0
Function #309
    Name: 365
    System name: 0
    Filename: 364
    Start line: 0
Function #310
    Name: 366
    System name: 0
    Filename: 367
    Start line: 0
Function #311
    Name: 368
    System name: 0
    Filename: 369
    Start line: 0
Function #312
    Name: 370
    System name: 0
    Filename: 369
    Start line: 0
Function #313
    Name: 371
    System name: 0
    Filename: 367
    Start line: 0
Function #314
    Name: 372
    System name: 0
    Filename: 369
    Start line: 0
Function #315
    Name: 373
    System name: 0
    Filename: 369
    Start line: 0
Function #316
    Name: 374
    System name: 0
    Filename: 375
    Start line: 0
Function #317
    Name: 374
    System name: 0
    Filename: 376
    Start line: 0
Function #318
    Name: 377
    System name: 0
    Filename: 378
    Start line: 0
Function #319
    Name: 379
    System name: 0
    Filename: 380
    Start line: 0
Function #320
    Name: 381
    System name: 0
    Filename: 382
    Start line: 0
Function #321
    Name: 383
    System name: 0
    Filename: 364
    Start line: 0
Function #322
    Name: 384
    System name: 0
    Filename: 347
    Start line: 0
Function #323
    Name: 385
    System name: 0
    Filename: 386
    Start line: 0
Function #324
    Name: 387
    System name: 0
    Filename: 386
    Start line: 0
Function #325
    Name: 388
    System name: 0
    Filename: 386
    Start line: 0
Function #326
    Name: 389
    System name: 0
    Filename: 0
    Start line: 0
Function #327
    Name: 390
    System name: 0
    Filename: 0
    Start line: 0
Function #328
    Name: 391
    System name: 0
    Filename: 0
    Start line: 0
Function #329
    Name: 392
    System name: 0
    Filename: 0
    Start line: 0
Function #330
    Name: 393
    System name: 0
    Filename: 394
    Start line: 0
Function #331
    Name: 395
    System name: 0
    Filename: 396
    Start line: 0
Function #332
    Name: 397
    System name: 0
    Filename: 398
    Start line: 0
Function #333
    Name: 399
    System name: 0
    Filename: 400
    Start line: 0
Function #334
    Name: 401
    System name: 0
    Filename: 400
    Start line: 0
Function #335
    Name: 402
    System name: 0
    Filename: 369
    Start line: 0
Function #336
    Name: 403
    System name: 0
    Filename: 369
    Start line: 0
Function #337
    Name: 404
    System name: 0
    Filename: 369
    Start line: 0
Function #338
    Name: 405
    System name: 0
    Filename: 367
    Start line: 0
Function #339
    Name: 406
    System name: 0
    Filename: 0
    Start line: 0
Function #340
    Name: 407
    System name: 0
    Filename: 0
    Start line: 0
Function #341
    Name: 408
    System name: 0
    Filename: 0
    Start line: 0
Function #342
    Name: 409
    System name: 0
    Filename: 0
    Start line: 0
Function #343
    Name: 410
    System name: 0
    Filename: 411
    Start line: 0
Function #344
    Name: 412
    System name: 0
    Filename: 375
    Start line: 0
Function #345
    Name: 413
    System name: 0
    Filename: 414
    Start line: 0
Function #346
    Name: 415
    System name: 0
    Filename: 375
    Start line: 0
Function #347
    Name: 416
    System name: 0
    Filename: 359
    Start line: 0
Function #348
    Name: 417
    System name: 0
    Filename: 418
    Start line: 0
Function #349
    Name: 419
    System name: 0
    Filename: 420
    Start line: 0
Function #350
    Name: 421
    System name: 0
    Filename: 420
    Start line: 0
Function #351
    Name: 422
    System name: 0
    Filename: 420
    Start line: 0
Function #352
    Name: 423
    System name: 0
    Filename: 424
    Start line: 0
Function #353
    Name: 425
    System name: 0
    Filename: 424
    Start line: 0
Function #354
    Name: 426
    System name: 0
    Filename: 427
    Start line: 0
Function #355
    Name: 428
    System name: 0
    Filename: 427
    Start line: 0
Function #356
    Name: 429
    System name: 0
    Filename: 359
    Start line: 0
Function #357
    Name: 430
    System name: 0
    Filename: 356
    Start line: 0
Function #358
    Name: 431
    System name: 0
    Filename: 0
    Start line: 0
Function #359
    Name: 432
    System name: 0
    Filename: 0
    Start line: 0
Function #360
    Name: 433
    System name: 0
    Filename: 0
    Start line: 0
Function #361
    Name: 434
    System name: 0
    Filename: 0
    Start line: 0
Function #362
    Name: 435
    System name: 0
    Filename: 0
    Start line: 0
Function #363
    Name: 436
    System name: 0
    Filename: 375
    Start line: 0
Function #364
    Name: 436
    System name: 0
    Filename: 376
    Start line: 0
Function #365
    Name: 437
    System name: 0
    Filename: 380
    Start line: 0
Function #366
    Name: 438
    System name: 0
    Filename: 439
    Start line: 0
Function #367
    Name: 440
    System name: 0
    Filename: 439
    Start line: 0
Function #368
    Name: 441
    System name: 0
    Filename: 442
    Start line: 0
Function #369
    Name: 443
    System name: 0
    Filename: 354
    Start line: 0
Function #370
    Name: 444
    System name: 0
    Filename: 0
    Start line: 0
Function #371
    Name: 445
    System name: 0
    Filename: 0
    Start line: 0
Function #372
    Name: 446
    System name: 0
    Filename: 0
    Start line: 0
Function #373
    Name: 447
    System name: 0
    Filename: 0
    Start line: 0
Function #374
    Name: 448
    System name: 0
    Filename: 0
    Start line: 0
Function #375
    Name: 449
    System name: 0
    Filename: 450
    Start line: 0
Function #376
    Name: 451
    System name: 0
    Filename: 452
    Start line: 0
Function #377
    Name: 453
    System name: 0
    Filename: 452
    Start line: 0
Function #378
    Name: 454
    System name: 0
    Filename: 455
    Start line: 0
Function #379
    Name: 456
    System name: 0
    Filename: 457
    Start line: 0
Function #380
    Name: 458
    System name: 0
    Filename: 386
    Start line: 0
Attribute table:
     -> Key: Int(13)
     -> Value: Str(1162300)
     -> unit: Int(0)
Link table:
     -> Trace ID: Str()
     -> Span ID: Str()
String table:
    
    cpu
    nanoseconds
    samples
    count
    libclang-cpp.so.18.1
    process.executable.build_id.htlhash
    profile.frame.type
    clang
    libLLVM.so.1
    process.executable.build_id.gnu
    libc.so.6
    thread.name
    thread.id
    cpu.logical_number
    vmlinux
    clear_page_erms
    get_page_from_freelist
    __alloc_frozen_pages_noprof
    alloc_pages_mpol
    vma_alloc_folio_noprof
    alloc_anon_folio
    do_anonymous_page
    handle_pte_fault
    __handle_mm_fault
    handle_mm_fault
    do_user_addr_fault
    exc_page_fault
    asm_exc_page_fault
    libstdc++.so.6.0.35
    folios_put_refs
    folio_batch_move_lru
    __folio_batch_add_and_move
    folio_add_lru
    folio_add_lru_vma
    python3.12
    Scanner.scan_to_next_token
    /usr/lib/python3/dist-packages/yaml/scanner.py
    Scanner.fetch_more_tokens
    Scanner.check_token
    Parser.parse_block_sequence_entry
    /usr/lib/python3/dist-packages/yaml/parser.py
    Parser.check_event
    Composer.compose_sequence_node
    /usr/lib/python3/dist-packages/yaml/composer.py
    Composer.compose_node
    Composer.compose_mapping_node
    Composer.compose_document
    Composer.get_single_node
    BaseConstructor.get_single_data
    /usr/lib/python3/dist-packages/yaml/constructor.py
    load
    /usr/lib/python3/dist-packages/yaml/__init__.py
    safe_load
    load_benches
    /home/yunwei37/workspace/bpf-benchmark/native-sim/x86/micro-prog/generate_micro_sim_proofs.py
    main
    <module>
    <interpreter trampoline>
    <shim>
    _raw_spin_unlock_irqrestore
    free_pcppages_bulk
    decay_pcp_high
    refresh_cpu_vm_stats
    vmstat_update
    process_one_work
    worker_thread
    kthread
    ret_from_fork
    ret_from_fork_asm
    agentsight
    _copy_to_user
    cp_new_stat
    __do_sys_newfstat
    __x64_sys_newfstat
    x64_sys_call
    do_syscall_64
    entry_SYSCALL_64_after_hwframe
    vsnprintf
    seq_printf
    get_tcp4_sock
    tcp4_seq_show
    seq_read_iter
    seq_read
    proc_reg_read
    vfs_read
    ksys_read
    __x64_sys_read
    __check_heap_object
    check_heap_object
    __check_object_size.part.0
    __check_object_size
    strncpy_from_user
    getname_flags.part.0
    getname_flags
    __x64_sys_statx
    Scanner.scan_plain_spaces
    Scanner.scan_plain
    Scanner.fetch_plain
    node
    V8::BuiltinExitFrame
    V8::ConstructFrame
    compileSourceTextModule
    node:internal/modules/esm/utils
    moduleStrategy
    node:internal/modules/esm/translators
    #translate
    node:internal/modules/esm/loader
    loadAndTranslate
    #createModuleJob
    #getJobFromResolveResult
    getModuleJobForImport
    V8::StubFrame
    V8::EntryFrame
    __d_lookup_rcu
    lookup_fast
    walk_component
    link_path_walk.part.0.constprop.0
    path_openat
    do_filp_open
    do_sys_openat2
    __x64_sys_openat
    V8::UnknownFrame
    openSync
    node:fs
    readFileSync
    getSourceSync
    node:internal/modules/esm/load
    defaultLoad
    defaultGetFormatWithoutErrors
    node:internal/modules/esm/get_format
    getDefaultConditionsSet
    getConditionsSet
    defaultResolve
    node:internal/modules/esm/resolve
    #cachedDefaultResolve
    resolve
    _link
    node:internal/modules/esm/module_job
    <anonymous>
    <unknown>
    statSync
    safeStatSync
    file:///home/fishclaw/.nvm/versions/node/v22.22.0/lib/node_modules/openclaw/dist/path-BlG8lhgR.js
    checkPathStatAndPermissions
    file:///home/fishclaw/.nvm/versions/node/v22.22.0/lib/node_modules/openclaw/dist/discovery-BUQqFET8.js
    findCandidateBlockIssue
    isUnsafePluginCandidate
    addCandidate
    discoverInDirectory
    tracePluginLifecyclePhase.scope
    tracePluginLifecyclePhase
    listChannelCatalogEntries
    file:///home/fishclaw/.nvm/versions/node/v22.22.0/lib/node_modules/openclaw/dist/channel-catalog-registry-CoMZ7aLc.js
    listBundledChannelIdsForRoot
    file:///home/fishclaw/.nvm/versions/node/v22.22.0/lib/node_modules/openclaw/dist/bootstrap-registry-BBZtC4Up.js
    listBundledChannelIds
    listPotentialConfiguredChannelPresenceSignals
    file:///home/fishclaw/.nvm/versions/node/v22.22.0/lib/node_modules/openclaw/dist/channel-env-var-names-BB2Lxcdw.js
    listPotentialConfiguredChannelIds
    listPotentialEnabledChannelIds
    file:///home/fishclaw/.nvm/versions/node/v22.22.0/lib/node_modules/openclaw/dist/gateway-startup-plugin-ids-mVzqhEQT.js
    collectConfiguredStartupChannelIds
    collectConfigValidationChannelIds
    resolveConfigValidationMetadataPluginIds
    resolvePluginMetadataSnapshotPluginIds
    file:///home/fishclaw/.nvm/versions/node/v22.22.0/lib/node_modules/openclaw/dist/plugin-metadata-snapshot-DXKcDDxT.js
    loadPluginMetadataSnapshotImpl
    measureDiagnosticsTimelineSpanSync.phase
    measureDiagnosticsTimelineSpanSync
    loadPluginMetadataSnapshot
    resolvePluginMetadataSnapshot
    loadValidationPluginMetadataSnapshot
    file:///home/fishclaw/.nvm/versions/node/v22.22.0/lib/node_modules/openclaw/dist/io-fQmSDfK-.js
    validateConfigObjectWithPlugins
    measure
    readConfigFileSnapshotInternal
    afterLoad
    processTicksAndRejections
    node:internal/process/task_queues
    V8::InternalFrame
    zap_present_ptes.constprop.0
    zap_pte_range
    zap_pmd_range.isra.0
    zap_pud_range.isra.0
    unmap_page_range
    unmap_single_vma
    unmap_vmas
    exit_mmap
    mmput
    exit_mm
    do_exit
    do_group_exit
    get_signal
    arch_do_signal_or_restart
    syscall_exit_to_user_mode
    V8::ExitFrame
    relativeInsideRoot
    file:///home/fishclaw/.nvm/versions/node/v22.22.0/lib/node_modules/openclaw/dist/root-path-BgCKz8X4.js
    buildResolvedRootPath
    finalizeLexicalResolution
    resolveRootPathLexicalSync
    resolveRootPathSync
    finalizeResolution
    moduleResolve
    #resolveAndMaybeBlockOnLoaderThread
    file:///home/fishclaw/.nvm/versions/node/v22.22.0/lib/node_modules/openclaw/dist/run-ELm7DZny.js
    withDiagnosticPhase
    file:///home/fishclaw/.nvm/versions/node/v22.22.0/lib/node_modules/openclaw/dist/diagnostic-phase-DV0Fnc3U.js
    file:///home/fishclaw/.nvm/versions/node/v22.22.0/lib/node_modules/openclaw/dist/run-command-CJSWKiI9.js
    ErrorSchema
    file:///home/fishclaw/.nvm/versions/node/v22.22.0/lib/node_modules/openclaw/node_modules/typebox/build/schema/engine/schema.mjs
    Errors
    file:///home/fishclaw/.nvm/versions/node/v22.22.0/lib/node_modules/openclaw/node_modules/typebox/build/schema/errors.mjs
    file:///home/fishclaw/.nvm/versions/node/v22.22.0/lib/node_modules/openclaw/node_modules/typebox/build/value/errors/errors.mjs
    file:///home/fishclaw/.nvm/versions/node/v22.22.0/lib/node_modules/openclaw/node_modules/typebox/build/compile/validator.mjs
    file:///home/fishclaw/.nvm/versions/node/v22.22.0/lib/node_modules/openclaw/dist/schema-validator-BSHTSwuX.js
    withPluginFormatSemantics
    checkSchema
    validateJsonSchemaValue
    get search
    node:internal/url
    createConfigValidationMetadataPluginIdScope
    nvidia
    osDevReadReg032
    _regRead
    crashcatEngineLoadWayfinder_IMPL
    crashcatEngineGetNextCrashReport_IMPL
    kgspHealthCheck_TU102
    _kgspRpcDrainEvents
    _kgspRpcRecvPoll
    _issueRpcAndWait
    rpcRmApiControl_GSP
    kgmmuClientShadowFaultBufferRegister_IMPL
    kgmmuClientShadowFaultBufferAllocate_IMPL
    faultbufCtrlCmdMmuFaultBufferRegisterNonReplayBuf_IMPL
    resControl_IMPL
    serverControl
    _rmapiRmControl
    rmapiControlWithSecInfo
    rmapiControlWithSecInfoTls
    rmapiControl
    nvGpuOpsInitFaultInfo
    nvUvmInterfaceInitFaultInfo
    nvidia_uvm
    uvm_parent_gpu_fault_buffer_init
    uvm_parent_gpu_init_isr
    uvm_gpu_retain_by_uuid
    uvm_va_space_register_gpu
    uvm_api_register_gpu
    uvm_ioctl
    uvm_unlocked_ioctl_entry.part.0
    uvm_unlocked_ioctl_entry
    __x64_sys_ioctl
    rpcRmApiAlloc_GSP
    serverAllocResourceUnderLock
    serverAllocResource
    rmapiAllocWithSecInfo
    rmapiAllocWithSecInfoTls
    Nv04AllocWithAccessSecInfo
    RmIoctl
    rm_ioctl
    nvidia_unlocked_ioctl
    _nv04ControlWithSecInfo
    copy_mc_enhanced_fast_string
    copy_mc_user_highpage.isra.0
    do_fault
    rpcRmApiFree_GSP
    serverFreeResourceRpcUnderLock
    clientFreeResource_IMPL
    rmclientFreeResource_IMPL
    serverFreeResourceTreeUnderLock
    serverFreeResourceTree
    rmapiFreeWithSecInfo
    _nvGpuOpsReleaseChannel
    nvGpuOpsReleaseChannel
    nvUvmInterfaceReleaseChannel
    uvm_user_channel_destroy_detached
    uvm_deferred_free_object_list
    uvm_va_space_mm_shutdown
    uvm_va_space_mm_unregister
    uvm_release.isra.0
    uvm_release_entry.part.0.isra.0
    uvm_release_entry
    __fput
    ____fput
    task_work_run
    kgmmuFaultBufferReplayableAllocate_IMPL
    faultbufConstruct_IMPL
    __nvoc_ctor_MmuFaultBuffer
    __nvoc_objCreate_MmuFaultBuffer
    __nvoc_objCreateDynamic
    resservResourceFactory
    _clientAllocResourceHelper
    rmapiAlloc
    kbusFlushSingle_GV100
    kbusFlush_GM107
    memmgrMemEndTransfer_IMPL
    _gmmuWalkCBMapNextEntries_RmAperture
    _mmuWalkMap
    mmuWalkProcessPdes
    mmuWalkMap
    gvaspaceMap_IMPL
    dmaUpdateVASpace_GF100
    dmaAllocMapping_GM107
    _kbusMapAperture_GM107
    kbusMapFbAperture_GM107
    memMap_IMPL
    serverMap
    rmapiMapToCpuWithSecInfoV2
    rmapiMapToCpuWithSecInfoTls
    rmapiMapToCpu
    nvGpuOpsMemoryCpuMap
    nvGpuOpsChannelAllocate
    nvUvmInterfaceChannelAllocate
    channel_pool_add
    uvm_channel_manager_create
    shmem_get_folio_gfp
    shmem_fault
    __do_fault
    do_read_fault
    try_grab_folio
    follow_page_pte
    follow_pmd_mask.isra.0
    follow_pud_mask.isra.0
    follow_page_mask
    __get_user_pages
    __gup_longterm_locked
    pin_user_pages
    os_lock_user_pages
    RmCreateOsDescriptor
    smp_call_function_single
    trc_wait_for_one_reader.part.0
    check_all_holdout_tasks_trace
    rcu_tasks_wait_gp
    rcu_tasks_one_gp
    rcu_tasks_kthread
    __mod_memcg_lruvec_state
    __lruvec_stat_mod_folio
    __folio_mod_stat
    folio_add_new_anon_rmap
    otelcol-ebpf-profiler
    process.executable.build_id.go
    slices.partialInsertionSortCmpFunc[go.shape.struct { Address uint64; Hints uint8; Info go.opentelemetry.io/ebpf-profiler/support.UnwindInfo }]
    /home/yunwei37/go/pkg/mod/golang.org/toolchain@v0.0.1-go1.25.0.linux-amd64/src/slices/zsortanyfunc.go
    slices.pdqsortCmpFunc[go.shape.struct { Address uint64; Hints uint8; Info go.opentelemetry.io/ebpf-profiler/support.UnwindInfo }]
    go.opentelemetry.io/ebpf-profiler/nativeunwind/stackdeltatypes.(*StackDeltaArray).Sort
    /tmp/opentelemetry-ebpf-profiler/nativeunwind/stackdeltatypes/stackdeltatypes.go
    go.opentelemetry.io/ebpf-profiler/nativeunwind/elfunwindinfo.extractFile
    /tmp/opentelemetry-ebpf-profiler/nativeunwind/elfunwindinfo/stackdeltaextraction.go
    go.opentelemetry.io/ebpf-profiler/nativeunwind/elfunwindinfo.ExtractELF
    go.opentelemetry.io/ebpf-profiler/nativeunwind/elfunwindinfo.(*ELFStackDeltaProvider).GetIntervalStructuresForFile
    /tmp/opentelemetry-ebpf-profiler/nativeunwind/elfunwindinfo/stackdeltaprovider.go
    go.opentelemetry.io/ebpf-profiler/processmanager/execinfomanager.(*ExecutableInfoManager).AddOrIncRef
    /tmp/opentelemetry-ebpf-profiler/processmanager/execinfomanager/manager.go
    go.opentelemetry.io/ebpf-profiler/processmanager.(*ProcessManager).newFrameMapping
    /tmp/opentelemetry-ebpf-profiler/processmanager/processinfo.go
    go.opentelemetry.io/ebpf-profiler/processmanager.(*ProcessManager).SynchronizeProcess.func1
    go.opentelemetry.io/ebpf-profiler/process.(*systemProcess).IterateMappings.func1
    /tmp/opentelemetry-ebpf-profiler/process/process.go
    go.opentelemetry.io/ebpf-profiler/process.iterateMappings
    go.opentelemetry.io/ebpf-profiler/process.(*systemProcess).IterateMappings
    go.opentelemetry.io/ebpf-profiler/processmanager.(*ProcessManager).SynchronizeProcess
    go.opentelemetry.io/ebpf-profiler/tracer.(*Tracer).processPIDEvents
    /tmp/opentelemetry-ebpf-profiler/tracer/events.go
    go.opentelemetry.io/ebpf-profiler/tracer.(*Tracer).StartPIDEventProcessor.gowrap1
    runtime.goexit
    /home/yunwei37/go/pkg/mod/golang.org/toolchain@v0.0.1-go1.25.0.linux-amd64/src/runtime/asm_amd64.s
    runtime.pidleget
    /home/yunwei37/go/pkg/mod/golang.org/toolchain@v0.0.1-go1.25.0.linux-amd64/src/runtime/proc.go
    runtime.exitsyscallfast.func1
    runtime.systemstack
    runtime.exitsyscallfast
    runtime.exitsyscall
    syscall.Syscall6
    /home/yunwei37/go/pkg/mod/golang.org/toolchain@v0.0.1-go1.25.0.linux-amd64/src/syscall/syscall_linux.go
    <autogenerated>
    golang.org/x/sys/unix.EpollWait
    /home/yunwei37/go/pkg/mod/golang.org/x/sys@v0.46.0/unix/zsyscall_linux_amd64.go
    github.com/cilium/ebpf/internal/epoll.(*Poller).Wait
    /home/yunwei37/go/pkg/mod/github.com/cilium/ebpf@v0.21.0/internal/unix/types_linux.go
    github.com/cilium/ebpf/perf.(*Reader).ReadInto
    /home/yunwei37/go/pkg/mod/github.com/cilium/ebpf@v0.21.0/perf/reader.go
    go.opentelemetry.io/ebpf-profiler/tracer.startPerfEventMonitor.func1
    go.opentelemetry.io/ebpf-profiler/nativeunwind/stackdeltatypes.(*StackDeltaArray).AddEx
    go.opentelemetry.io/ebpf-profiler/nativeunwind/elfunwindinfo.(*elfExtractor).parseFDE
    /tmp/opentelemetry-ebpf-profiler/nativeunwind/elfunwindinfo/elfehframe.go
    go.opentelemetry.io/ebpf-profiler/nativeunwind/elfunwindinfo.(*elfExtractor).walkBinSearchTable
    go.opentelemetry.io/ebpf-profiler/nativeunwind/elfunwindinfo.(*elfExtractor).parseEHFrame
    futex_wake_mark
    futex_wake
    do_futex
    __x64_sys_futex
    runtime.futex
    /home/yunwei37/go/pkg/mod/golang.org/toolchain@v0.0.1-go1.25.0.linux-amd64/src/runtime/sys_linux_amd64.s
    runtime.futexwakeup
    /home/yunwei37/go/pkg/mod/golang.org/toolchain@v0.0.1-go1.25.0.linux-amd64/src/runtime/os_linux.go
    runtime.notewakeup
    /home/yunwei37/go/pkg/mod/golang.org/toolchain@v0.0.1-go1.25.0.linux-amd64/src/runtime/lock_futex.go
    runtime.startm
    /home/yunwei37/go/pkg/mod/golang.org/toolchain@v0.0.1-go1.25.0.linux-amd64/src/runtime/runtime1.go
    runtime.wakep
    runtime.resetspinning
    runtime.schedule
    runtime.park_m
    runtime.mcall
    path_lookupat
    filename_lookup
    do_readlinkat
    __x64_sys_readlinkat
    internal/runtime/syscall.Syscall6
    /home/yunwei37/go/pkg/mod/golang.org/toolchain@v0.0.1-go1.25.0.linux-amd64/src/internal/runtime/syscall/asm_linux_amd64.s
    syscall.RawSyscall6
    syscall.readlinkat
    /home/yunwei37/go/pkg/mod/golang.org/toolchain@v0.0.1-go1.25.0.linux-amd64/src/syscall/zsyscall_linux_amd64.go
    os.readlink
    go.opentelemetry.io/ebpf-profiler/process.(*systemProcess).GetExe
    runtime.(*mspan).writeHeapBitsSmall
    /home/yunwei37/go/pkg/mod/golang.org/toolchain@v0.0.1-go1.25.0.linux-amd64/src/runtime/mbitmap.go
    runtime.mallocgcSmallScanNoHeader
    /home/yunwei37/go/pkg/mod/golang.org/toolchain@v0.0.1-go1.25.0.linux-amd64/src/runtime/malloc.go
    runtime.mallocgc
    runtime.newobject
    os.newFile
    /home/yunwei37/go/pkg/mod/golang.org/toolchain@v0.0.1-go1.25.0.linux-amd64/src/os/file_unix.go
    os.openFileNolog
    os.OpenFile
    /home/yunwei37/go/pkg/mod/golang.org/toolchain@v0.0.1-go1.25.0.linux-amd64/src/os/file.go
    os.ReadFile
    go.opentelemetry.io/ebpf-profiler/process.(*systemProcess).GetProcessMeta
    go.opentelemetry.io/ebpf-profiler/processmanager.(*ProcessManager).getPidInformation
    _copy_from_user
    generic_map_update_batch
    bpf_map_do_batch
    __sys_bpf
    __x64_sys_bpf
    syscall.Syscall
    github.com/cilium/ebpf/internal/sys.BPF
    github.com/cilium/ebpf.(*Map).batchUpdate
    /home/yunwei37/go/pkg/mod/github.com/cilium/ebpf@v0.21.0/map.go
    github.com/cilium/ebpf.(*Map).BatchUpdate
    go.opentelemetry.io/ebpf-profiler/processmanager/ebpf.(*ebpfMapsImpl).UpdateExeIDToStackDeltas
    /tmp/opentelemetry-ebpf-profiler/processmanager/ebpf/ebpf.go
    go.opentelemetry.io/ebpf-profiler/processmanager/execinfomanager.(*executableInfoManagerState).loadDeltas
    xas_start
    xas_load
    xas_find
    next_uptodate_folio
    filemap_map_pages
    go.opentelemetry.io/collector/pdata/pprofile.NewProfiles
    /home/yunwei37/go/pkg/mod/go.opentelemetry.io/collector/pdata/pprofile@v0.154.0/generated_profiles.go
    go.opentelemetry.io/ebpf-profiler/reporter.(*CollectorReporter).reportProfile
    /tmp/opentelemetry-ebpf-profiler/reporter/collector_reporter.go
    go.opentelemetry.io/ebpf-profiler/reporter.(*CollectorReporter).Start.func1
    go.opentelemetry.io/ebpf-profiler/reporter.(*runLoop).Start.func1
    /tmp/opentelemetry-ebpf-profiler/reporter/runloop.go
    go.opentelemetry.io/ebpf-profiler/nativeunwind/elfunwindinfo.(*vmRegs).getUnwindInfoX86
    /tmp/opentelemetry-ebpf-profiler/nativeunwind/elfunwindinfo/elfehframe_x86.go
    go.opentelemetry.io/ebpf-profiler/nativeunwind/elfunwindinfo.(*vmRegs).getUnwindInfo
    codex
ResourceProfiles #0
Resource SchemaURL: https://opentelemetry.io/schemas/1.37.0
Resource attributes:
     -> process.pid: Int(1175382)
     -> process.executable.path: Str(/usr/lib/llvm-18/bin/clang)
     -> process.executable.name: Str(clang)
ScopeProfiles #0
ScopeProfiles SchemaURL: https://opentelemetry.io/schemas/1.37.0
InstrumentationScope go.opentelemetry.io/ebpf-profiler v0.0.0
Profile #0
    Profile ID     : 
    Start time     : 2026-06-21 19:26:56.277162291 +0000 UTC
    DurationNano   : 5152354145
    Dropped attributes count: 0
    Sample #0
        Values: []
        Attributes:
             -> thread.name: clang
             -> thread.id: %!s(int64=1175382)
             -> cpu.logical_number: %!s(int64=4)
    Sample #1
        Values: []
        Attributes:
             -> thread.name: clang
             -> thread.id: %!s(int64=1175382)
             -> cpu.logical_number: %!s(int64=4)
    Sample #2
        Values: []
        Attributes:
             -> thread.name: clang
             -> thread.id: %!s(int64=1175382)
             -> cpu.logical_number: %!s(int64=4)
    Sample #3
        Values: []
        Attributes:
             -> thread.name: clang
             -> thread.id: %!s(int64=1175382)
             -> cpu.logical_number: %!s(int64=4)
    Sample #4
        Values: []
        Attributes:
             -> thread.name: clang
             -> thread.id: %!s(int64=1175382)
             -> cpu.logical_number: %!s(int64=4)
    Sample #5
        Values: []
        Attributes:
             -> thread.name: clang
             -> thread.id: %!s(int64=1175382)
             -> cpu.logical_number: %!s(int64=4)
    Sample #6
        Values: []
        Attributes:
             -> thread.name: clang
             -> thread.id: %!s(int64=1175382)
             -> cpu.logical_number: %!s(int64=4)
    Sample #7
        Values: []
        Attributes:
             -> thread.name: clang
             -> thread.id: %!s(int64=1175382)
             -> cpu.logical_number: %!s(int64=4)
ResourceProfiles #1
Resource SchemaURL: https://opentelemetry.io/schemas/1.37.0
Resource attributes:
     -> process.pid: Int(1175408)
     -> process.executable.path: Str(/usr/bin/python3.12)
     -> process.executable.name: Str(python3.12)
ScopeProfiles #0
ScopeProfiles SchemaURL: https://opentelemetry.io/schemas/1.37.0
InstrumentationScope go.opentelemetry.io/ebpf-profiler v0.0.0
Profile #0
    Profile ID     : 
    Start time     : 2026-06-21 19:26:56.277162291 +0000 UTC
    DurationNano   : 5152354145
    Dropped attributes count: 0
    Sample #0
        Values: []
        Attributes:
             -> thread.name: python3
             -> thread.id: %!s(int64=1175408)
             -> cpu.logical_number: %!s(int64=4)
    Sample #1
        Values: []
        Attributes:
             -> thread.name: python3
             -> thread.id: %!s(int64=1175408)
             -> cpu.logical_number: %!s(int64=4)
ResourceProfiles #2
Resource SchemaURL: https://opentelemetry.io/schemas/1.37.0
Resource attributes:
     -> process.pid: Int(1175432)
     -> process.executable.path: Str(/usr/lib/llvm-18/bin/clang)
     -> process.executable.name: Str(clang)
ScopeProfiles #0
ScopeProfiles SchemaURL: https://opentelemetry.io/schemas/1.37.0
InstrumentationScope go.opentelemetry.io/ebpf-profiler v0.0.0
Profile #0
    Profile ID     : 
    Start time     : 2026-06-21 19:26:56.277162291 +0000 UTC
    DurationNano   : 5152354145
    Dropped attributes count: 0
    Sample #0
        Values: []
        Attributes:
             -> thread.name: clang
             -> thread.id: %!s(int64=1175432)
             -> cpu.logical_number: %!s(int64=1)
    Sample #1
        Values: []
        Attributes:
             -> thread.name: clang
             -> thread.id: %!s(int64=1175432)
             -> cpu.logical_number: %!s(int64=1)
    Sample #2
        Values: []
        Attributes:
             -> thread.name: clang
             -> thread.id: %!s(int64=1175432)
             -> cpu.logical_number: %!s(int64=1)
    Sample #3
        Values: []
        Attributes:
             -> thread.name: clang
             -> thread.id: %!s(int64=1175432)
             -> cpu.logical_number: %!s(int64=1)
    Sample #4
        Values: []
        Attributes:
             -> thread.name: clang
             -> thread.id: %!s(int64=1175432)
             -> cpu.logical_number: %!s(int64=1)
    Sample #5
        Values: []
        Attributes:
             -> thread.name: clang
             -> thread.id: %!s(int64=1175432)
             -> cpu.logical_number: %!s(int64=1)
    Sample #6
        Values: []
        Attributes:
             -> thread.name: clang
             -> thread.id: %!s(int64=1175432)
             -> cpu.logical_number: %!s(int64=1)
ResourceProfiles #3
Resource SchemaURL: https://opentelemetry.io/schemas/1.37.0
Resource attributes:
     -> process.pid: Int(1175435)
     -> process.executable.path: Str(/usr/bin/python3.12)
     -> process.executable.name: Str(python3.12)
ScopeProfiles #0
ScopeProfiles SchemaURL: https://opentelemetry.io/schemas/1.37.0
InstrumentationScope go.opentelemetry.io/ebpf-profiler v0.0.0
Profile #0
    Profile ID     : 
    Start time     : 2026-06-21 19:26:56.277162291 +0000 UTC
    DurationNano   : 5152354145
    Dropped attributes count: 0
    Sample #0
        Values: []
        Attributes:
             -> thread.name: python3
             -> thread.id: %!s(int64=1175435)
             -> cpu.logical_number: %!s(int64=3)
    Sample #1
        Values: []
        Attributes:
             -> thread.name: python3
             -> thread.id: %!s(int64=1175435)
             -> cpu.logical_number: %!s(int64=3)
    Sample #2
        Values: []
        Attributes:
             -> thread.name: python3
             -> thread.id: %!s(int64=1175435)
             -> cpu.logical_number: %!s(int64=0)
ResourceProfiles #4
Resource SchemaURL: https://opentelemetry.io/schemas/1.37.0
Resource attributes:
     -> process.pid: Int(1175488)
     -> process.executable.path: Str(/usr/bin/python3.12)
     -> process.executable.name: Str(python3.12)
ScopeProfiles #0
ScopeProfiles SchemaURL: https://opentelemetry.io/schemas/1.37.0
InstrumentationScope go.opentelemetry.io/ebpf-profiler v0.0.0
Profile #0
    Profile ID     : 
    Start time     : 2026-06-21 19:26:56.277162291 +0000 UTC
    DurationNano   : 5152354145
    Dropped attributes count: 0
    Sample #0
        Values: []
        Attributes:
             -> thread.name: python3
             -> thread.id: %!s(int64=1175488)
             -> cpu.logical_number: %!s(int64=0)
    Sample #1
        Values: []
        Attributes:
             -> thread.name: python3
             -> thread.id: %!s(int64=1175488)
             -> cpu.logical_number: %!s(int64=0)
ResourceProfiles #5
Resource SchemaURL: https://opentelemetry.io/schemas/1.37.0
Resource attributes:
     -> process.pid: Int(1092104)
ScopeProfiles #0
ScopeProfiles SchemaURL: https://opentelemetry.io/schemas/1.37.0
InstrumentationScope go.opentelemetry.io/ebpf-profiler v0.0.0
Profile #0
    Profile ID     : 
    Start time     : 2026-06-21 19:26:56.277162291 +0000 UTC
    DurationNano   : 5152354145
    Dropped attributes count: 0
    Sample #0
        Values: []
        Attributes:
             -> thread.name: kworker/4:1
             -> thread.id: %!s(int64=1092104)
             -> cpu.logical_number: %!s(int64=4)
ResourceProfiles #6
Resource SchemaURL: https://opentelemetry.io/schemas/1.37.0
Resource attributes:
     -> process.pid: Int(1175498)
     -> process.executable.path: Str(/usr/lib/llvm-18/bin/clang)
     -> process.executable.name: Str(clang)
ScopeProfiles #0
ScopeProfiles SchemaURL: https://opentelemetry.io/schemas/1.37.0
InstrumentationScope go.opentelemetry.io/ebpf-profiler v0.0.0
Profile #0
    Profile ID     : 
    Start time     : 2026-06-21 19:26:56.277162291 +0000 UTC
    DurationNano   : 5152354145
    Dropped attributes count: 0
    Sample #0
        Values: []
        Attributes:
             -> thread.name: clang
             -> thread.id: %!s(int64=1175498)
             -> cpu.logical_number: %!s(int64=2)
    Sample #1
        Values: []
        Attributes:
             -> thread.name: clang
             -> thread.id: %!s(int64=1175498)
             -> cpu.logical_number: %!s(int64=2)
ResourceProfiles #7
Resource SchemaURL: https://opentelemetry.io/schemas/1.37.0
Resource attributes:
     -> process.pid: Int(2711)
     -> process.executable.path: Str(/home/yunwei37/.cargo/bin/agentsight)
     -> process.executable.name: Str(agentsight)
ScopeProfiles #0
ScopeProfiles SchemaURL: https://opentelemetry.io/schemas/1.37.0
InstrumentationScope go.opentelemetry.io/ebpf-profiler v0.0.0
Profile #0
    Profile ID     : 
    Start time     : 2026-06-21 19:26:56.277162291 +0000 UTC
    DurationNano   : 5152354145
    Dropped attributes count: 0
    Sample #0
        Values: []
        Attributes:
             -> thread.name: agentsight
             -> thread.id: %!s(int64=2711)
             -> cpu.logical_number: %!s(int64=0)
    Sample #1
        Values: []
        Attributes:
             -> thread.name: agentsight
             -> thread.id: %!s(int64=2711)
             -> cpu.logical_number: %!s(int64=0)
    Sample #2
        Values: []
        Attributes:
             -> thread.name: agentsight
             -> thread.id: %!s(int64=2711)
             -> cpu.logical_number: %!s(int64=0)
    Sample #3
        Values: []
        Attributes:
             -> thread.name: agentsight
             -> thread.id: %!s(int64=2711)
             -> cpu.logical_number: %!s(int64=0)
    Sample #4
        Values: []
        Attributes:
             -> thread.name: agentsight
             -> thread.id: %!s(int64=2711)
             -> cpu.logical_number: %!s(int64=0)
    Sample #5
        Values: []
        Attributes:
             -> thread.name: agentsight
             -> thread.id: %!s(int64=2711)
             -> cpu.logical_number: %!s(int64=0)
ResourceProfiles #8
Resource SchemaURL: https://opentelemetry.io/schemas/1.37.0
Resource attributes:
     -> process.pid: Int(1175448)
     -> process.executable.path: Str(/usr/bin/python3.12)
     -> process.executable.name: Str(python3.12)
ScopeProfiles #0
ScopeProfiles SchemaURL: https://opentelemetry.io/schemas/1.37.0
InstrumentationScope go.opentelemetry.io/ebpf-profiler v0.0.0
Profile #0
    Profile ID     : 
    Start time     : 2026-06-21 19:26:56.277162291 +0000 UTC
    DurationNano   : 5152354145
    Dropped attributes count: 0
    Sample #0
        Values: []
        Attributes:
             -> thread.name: python3
             -> thread.id: %!s(int64=1175448)
             -> cpu.logical_number: %!s(int64=2)
    Sample #1
        Values: []
        Attributes:
             -> thread.name: python3
             -> thread.id: %!s(int64=1175448)
             -> cpu.logical_number: %!s(int64=2)
ResourceProfiles #9
Resource SchemaURL: https://opentelemetry.io/schemas/1.37.0
Resource attributes:
     -> process.pid: Int(1175457)
     -> process.executable.path: Str(/home/fishclaw/.nvm/versions/node/v22.22.0/bin/node)
     -> process.executable.name: Str(node)
ScopeProfiles #0
ScopeProfiles SchemaURL: https://opentelemetry.io/schemas/1.37.0
InstrumentationScope go.opentelemetry.io/ebpf-profiler v0.0.0
Profile #0
    Profile ID     : 
    Start time     : 2026-06-21 19:26:56.277162291 +0000 UTC
    DurationNano   : 5152354145
    Dropped attributes count: 0
    Sample #0
        Values: []
        Attributes:
             -> thread.name: node
             -> thread.id: %!s(int64=1175460)
             -> cpu.logical_number: %!s(int64=3)
    Sample #1
        Values: []
        Attributes:
             -> thread.name: node
             -> thread.id: %!s(int64=1175457)
             -> cpu.logical_number: %!s(int64=23)
    Sample #2
        Values: []
        Attributes:
             -> thread.name: node
             -> thread.id: %!s(int64=1175457)
             -> cpu.logical_number: %!s(int64=2)
    Sample #3
        Values: []
        Attributes:
             -> thread.name: node
             -> thread.id: %!s(int64=1175457)
             -> cpu.logical_number: %!s(int64=2)
    Sample #4
        Values: []
        Attributes:
             -> thread.name: node
             -> thread.id: %!s(int64=1175457)
             -> cpu.logical_number: %!s(int64=2)
    Sample #5
        Values: []
        Attributes:
             -> thread.name: node
             -> thread.id: %!s(int64=1175460)
             -> cpu.logical_number: %!s(int64=10)
    Sample #6
        Values: []
        Attributes:
             -> thread.name: node
             -> thread.id: %!s(int64=1175457)
             -> cpu.logical_number: %!s(int64=2)
    Sample #7
        Values: []
        Attributes:
             -> thread.name: node
             -> thread.id: %!s(int64=1175457)
             -> cpu.logical_number: %!s(int64=2)
    Sample #8
        Values: []
        Attributes:
             -> thread.name: node
             -> thread.id: %!s(int64=1175459)
             -> cpu.logical_number: %!s(int64=15)
    Sample #9
        Values: []
        Attributes:
             -> thread.name: node
             -> thread.id: %!s(int64=1175457)
             -> cpu.logical_number: %!s(int64=2)
    Sample #10
        Values: []
        Attributes:
             -> thread.name: node
             -> thread.id: %!s(int64=1175461)
             -> cpu.logical_number: %!s(int64=20)
    Sample #11
        Values: []
        Attributes:
             -> thread.name: node
             -> thread.id: %!s(int64=1175457)
             -> cpu.logical_number: %!s(int64=2)
    Sample #12
        Values: []
        Attributes:
             -> thread.name: node
             -> thread.id: %!s(int64=1175457)
             -> cpu.logical_number: %!s(int64=2)
    Sample #13
        Values: []
        Attributes:
             -> thread.name: node
             -> thread.id: %!s(int64=1175463)
             -> cpu.logical_number: %!s(int64=10)
    Sample #14
        Values: []
        Attributes:
             -> thread.name: node
             -> thread.id: %!s(int64=1175457)
             -> cpu.logical_number: %!s(int64=2)
    Sample #15
        Values: []
        Attributes:
             -> thread.name: node
             -> thread.id: %!s(int64=1175457)
             -> cpu.logical_number: %!s(int64=2)
    Sample #16
        Values: []
        Attributes:
             -> thread.name: node
             -> thread.id: %!s(int64=1175459)
             -> cpu.logical_number: %!s(int64=15)
    Sample #17
        Values: []
        Attributes:
             -> thread.name: node
             -> thread.id: %!s(int64=1175457)
             -> cpu.logical_number: %!s(int64=2)
    Sample #18
        Values: []
        Attributes:
             -> thread.name: node
             -> thread.id: %!s(int64=1175462)
             -> cpu.logical_number: %!s(int64=17)
    Sample #19
        Values: []
        Attributes:
             -> thread.name: node
             -> thread.id: %!s(int64=1175457)
             -> cpu.logical_number: %!s(int64=2)
    Sample #20
        Values: []
        Attributes:
             -> thread.name: node
             -> thread.id: %!s(int64=1175457)
             -> cpu.logical_number: %!s(int64=2)
    Sample #21
        Values: []
        Attributes:
             -> thread.name: node
             -> thread.id: %!s(int64=1175460)
             -> cpu.logical_number: %!s(int64=3)
    Sample #22
        Values: []
        Attributes:
             -> thread.name: node
             -> thread.id: %!s(int64=1175457)
             -> cpu.logical_number: %!s(int64=2)
    Sample #23
        Values: []
        Attributes:
             -> thread.name: node
             -> thread.id: %!s(int64=1175457)
             -> cpu.logical_number: %!s(int64=2)
    Sample #24
        Values: []
        Attributes:
             -> thread.name: node
             -> thread.id: %!s(int64=1175457)
             -> cpu.logical_number: %!s(int64=2)
    Sample #25
        Values: []
        Attributes:
             -> thread.name: node
             -> thread.id: %!s(int64=1175457)
             -> cpu.logical_number: %!s(int64=2)
    Sample #26
        Values: []
        Attributes:
             -> thread.name: node
             -> thread.id: %!s(int64=1175461)
             -> cpu.logical_number: %!s(int64=20)
    Sample #27
        Values: []
        Attributes:
             -> thread.name: node
             -> thread.id: %!s(int64=1175457)
             -> cpu.logical_number: %!s(int64=2)
    Sample #28
        Values: []
        Attributes:
             -> thread.name: node
             -> thread.id: %!s(int64=1175457)
             -> cpu.logical_number: %!s(int64=2)
    Sample #29
        Values: []
        Attributes:
             -> thread.name: node
             -> thread.id: %!s(int64=1175457)
             -> cpu.logical_number: %!s(int64=2)
    Sample #30
        Values: []
        Attributes:
             -> thread.name: node
             -> thread.id: %!s(int64=1175457)
             -> cpu.logical_number: %!s(int64=2)
    Sample #31
        Values: []
        Attributes:
             -> thread.name: node
             -> thread.id: %!s(int64=1175457)
             -> cpu.logical_number: %!s(int64=2)
ResourceProfiles #10
Resource SchemaURL: https://opentelemetry.io/schemas/1.37.0
Resource attributes:
     -> process.pid: Int(1175483)
     -> process.executable.path: Str(/usr/lib/llvm-18/bin/clang)
     -> process.executable.name: Str(clang)
ScopeProfiles #0
ScopeProfiles SchemaURL: https://opentelemetry.io/schemas/1.37.0
InstrumentationScope go.opentelemetry.io/ebpf-profiler v0.0.0
Profile #0
    Profile ID     : 
    Start time     : 2026-06-21 19:26:56.277162291 +0000 UTC
    DurationNano   : 5152354145
    Dropped attributes count: 0
    Sample #0
        Values: []
        Attributes:
             -> thread.name: clang
             -> thread.id: %!s(int64=1175483)
             -> cpu.logical_number: %!s(int64=6)
    Sample #1
        Values: []
        Attributes:
             -> thread.name: clang
             -> thread.id: %!s(int64=1175483)
             -> cpu.logical_number: %!s(int64=6)
    Sample #2
        Values: []
        Attributes:
             -> thread.name: clang
             -> thread.id: %!s(int64=1175483)
             -> cpu.logical_number: %!s(int64=6)
    Sample #3
        Values: []
        Attributes:
             -> thread.name: clang
             -> thread.id: %!s(int64=1175483)
             -> cpu.logical_number: %!s(int64=6)
    Sample #4
        Values: []
        Attributes:
             -> thread.name: clang
             -> thread.id: %!s(int64=1175483)
             -> cpu.logical_number: %!s(int64=6)
    Sample #5
        Values: []
        Attributes:
             -> thread.name: clang
             -> thread.id: %!s(int64=1175483)
             -> cpu.logical_number: %!s(int64=6)
    Sample #6
        Values: []
        Attributes:
             -> thread.name: clang
             -> thread.id: %!s(int64=1175483)
             -> cpu.logical_number: %!s(int64=6)
    Sample #7
        Values: []
        Attributes:
             -> thread.name: clang
             -> thread.id: %!s(int64=1175483)
             -> cpu.logical_number: %!s(int64=6)
    Sample #8
        Values: []
        Attributes:
             -> thread.name: clang
             -> thread.id: %!s(int64=1175483)
             -> cpu.logical_number: %!s(int64=6)
    Sample #9
        Values: []
        Attributes:
             -> thread.name: clang
             -> thread.id: %!s(int64=1175483)
             -> cpu.logical_number: %!s(int64=6)
    Sample #10
        Values: []
        Attributes:
             -> thread.name: clang
             -> thread.id: %!s(int64=1175483)
             -> cpu.logical_number: %!s(int64=6)
    Sample #11
        Values: []
        Attributes:
             -> thread.name: clang
             -> thread.id: %!s(int64=1175483)
             -> cpu.logical_number: %!s(int64=6)
    Sample #12
        Values: []
        Attributes:
             -> thread.name: clang
             -> thread.id: %!s(int64=1175483)
             -> cpu.logical_number: %!s(int64=6)
    Sample #13
        Values: []
        Attributes:
             -> thread.name: clang
             -> thread.id: %!s(int64=1175483)
             -> cpu.logical_number: %!s(int64=6)
ResourceProfiles #11
Resource SchemaURL: https://opentelemetry.io/schemas/1.37.0
Resource attributes:
     -> process.pid: Int(1175391)
     -> process.executable.path: Str(/home/yunwei37/workspace/gpu/bpftime/example/otel-ebpf-profiler/victim)
     -> process.executable.name: Str(victim)
ScopeProfiles #0
ScopeProfiles SchemaURL: https://opentelemetry.io/schemas/1.37.0
InstrumentationScope go.opentelemetry.io/ebpf-profiler v0.0.0
Profile #0
    Profile ID     : 
    Start time     : 2026-06-21 19:26:56.277162291 +0000 UTC
    DurationNano   : 5152354145
    Dropped attributes count: 0
    Sample #0
        Values: []
        Attributes:
             -> thread.name: victim
             -> thread.id: %!s(int64=1175391)
             -> cpu.logical_number: %!s(int64=13)
    Sample #1
        Values: []
        Attributes:
             -> thread.name: victim
             -> thread.id: %!s(int64=1175391)
             -> cpu.logical_number: %!s(int64=7)
    Sample #2
        Values: []
        Attributes:
             -> thread.name: victim
             -> thread.id: %!s(int64=1175391)
             -> cpu.logical_number: %!s(int64=7)
    Sample #3
        Values: []
        Attributes:
             -> thread.name: victim
             -> thread.id: %!s(int64=1175391)
             -> cpu.logical_number: %!s(int64=7)
    Sample #4
        Values: []
        Attributes:
             -> thread.name: victim
             -> thread.id: %!s(int64=1175407)
             -> cpu.logical_number: %!s(int64=13)
    Sample #5
        Values: []
        Attributes:
             -> thread.name: victim
             -> thread.id: %!s(int64=1175391)
             -> cpu.logical_number: %!s(int64=13)
    Sample #6
        Values: []
        Attributes:
             -> thread.name: victim
             -> thread.id: %!s(int64=1175391)
             -> cpu.logical_number: %!s(int64=7)
    Sample #7
        Values: []
        Attributes:
             -> thread.name: victim
             -> thread.id: %!s(int64=1175391)
             -> cpu.logical_number: %!s(int64=7)
    Sample #8
        Values: []
        Attributes:
             -> thread.name: victim
             -> thread.id: %!s(int64=1175391)
             -> cpu.logical_number: %!s(int64=7)
ResourceProfiles #12
Resource SchemaURL: https://opentelemetry.io/schemas/1.37.0
Resource attributes:
     -> process.pid: Int(164)
ScopeProfiles #0
ScopeProfiles SchemaURL: https://opentelemetry.io/schemas/1.37.0
InstrumentationScope go.opentelemetry.io/ebpf-profiler v0.0.0
Profile #0
    Profile ID     : 
    Start time     : 2026-06-21 19:26:56.277162291 +0000 UTC
    DurationNano   : 5152354145
    Dropped attributes count: 0
    Sample #0
        Values: []
        Attributes:
             -> thread.name: rcu_tasks_trace
             -> thread.id: %!s(int64=164)
             -> cpu.logical_number: %!s(int64=10)
ResourceProfiles #13
Resource SchemaURL: https://opentelemetry.io/schemas/1.37.0
Resource attributes:
     -> process.pid: Int(1175441)
     -> process.executable.path: Str(/usr/lib/llvm-18/bin/clang)
     -> process.executable.name: Str(clang)
ScopeProfiles #0
ScopeProfiles SchemaURL: https://opentelemetry.io/schemas/1.37.0
InstrumentationScope go.opentelemetry.io/ebpf-profiler v0.0.0
Profile #0
    Profile ID     : 
    Start time     : 2026-06-21 19:26:56.277162291 +0000 UTC
    DurationNano   : 5152354145
    Dropped attributes count: 0
    Sample #0
        Values: []
        Attributes:
             -> thread.name: clang
             -> thread.id: %!s(int64=1175441)
             -> cpu.logical_number: %!s(int64=5)
    Sample #1
        Values: []
        Attributes:
             -> thread.name: clang
             -> thread.id: %!s(int64=1175441)
             -> cpu.logical_number: %!s(int64=5)
    Sample #2
        Values: []
        Attributes:
             -> thread.name: clang
             -> thread.id: %!s(int64=1175441)
             -> cpu.logical_number: %!s(int64=5)
    Sample #3
        Values: []
        Attributes:
             -> thread.name: clang
             -> thread.id: %!s(int64=1175441)
             -> cpu.logical_number: %!s(int64=5)
    Sample #4
        Values: []
        Attributes:
             -> thread.name: clang
             -> thread.id: %!s(int64=1175441)
             -> cpu.logical_number: %!s(int64=5)
    Sample #5
        Values: []
        Attributes:
             -> thread.name: clang
             -> thread.id: %!s(int64=1175441)
             -> cpu.logical_number: %!s(int64=5)
    Sample #6
        Values: []
        Attributes:
             -> thread.name: clang
             -> thread.id: %!s(int64=1175441)
             -> cpu.logical_number: %!s(int64=5)
    Sample #7
        Values: []
        Attributes:
             -> thread.name: clang
             -> thread.id: %!s(int64=1175441)
             -> cpu.logical_number: %!s(int64=5)
    Sample #8
        Values: []
        Attributes:
             -> thread.name: clang
             -> thread.id: %!s(int64=1175441)
             -> cpu.logical_number: %!s(int64=5)
    Sample #9
        Values: []
        Attributes:
             -> thread.name: clang
             -> thread.id: %!s(int64=1175441)
             -> cpu.logical_number: %!s(int64=5)
    Sample #10
        Values: []
        Attributes:
             -> thread.name: clang
             -> thread.id: %!s(int64=1175441)
             -> cpu.logical_number: %!s(int64=5)
    Sample #11
        Values: []
        Attributes:
             -> thread.name: clang
             -> thread.id: %!s(int64=1175441)
             -> cpu.logical_number: %!s(int64=5)
ResourceProfiles #14
Resource SchemaURL: https://opentelemetry.io/schemas/1.37.0
Resource attributes:
     -> process.pid: Int(1175454)
     -> process.executable.path: Str(/usr/lib/llvm-18/bin/clang)
     -> process.executable.name: Str(clang)
ScopeProfiles #0
ScopeProfiles SchemaURL: https://opentelemetry.io/schemas/1.37.0
InstrumentationScope go.opentelemetry.io/ebpf-profiler v0.0.0
Profile #0
    Profile ID     : 
    Start time     : 2026-06-21 19:26:56.277162291 +0000 UTC
    DurationNano   : 5152354145
    Dropped attributes count: 0
    Sample #0
        Values: []
        Attributes:
             -> thread.name: clang
             -> thread.id: %!s(int64=1175454)
             -> cpu.logical_number: %!s(int64=1)
    Sample #1
        Values: []
        Attributes:
             -> thread.name: clang
             -> thread.id: %!s(int64=1175454)
             -> cpu.logical_number: %!s(int64=1)
    Sample #2
        Values: []
        Attributes:
             -> thread.name: clang
             -> thread.id: %!s(int64=1175454)
             -> cpu.logical_number: %!s(int64=1)
    Sample #3
        Values: []
        Attributes:
             -> thread.name: clang
             -> thread.id: %!s(int64=1175454)
             -> cpu.logical_number: %!s(int64=1)
    Sample #4
        Values: []
        Attributes:
             -> thread.name: clang
             -> thread.id: %!s(int64=1175454)
             -> cpu.logical_number: %!s(int64=1)
    Sample #5
        Values: []
        Attributes:
             -> thread.name: clang
             -> thread.id: %!s(int64=1175454)
             -> cpu.logical_number: %!s(int64=1)
    Sample #6
        Values: []
        Attributes:
             -> thread.name: clang
             -> thread.id: %!s(int64=1175454)
             -> cpu.logical_number: %!s(int64=1)
    Sample #7
        Values: []
        Attributes:
             -> thread.name: clang
             -> thread.id: %!s(int64=1175454)
             -> cpu.logical_number: %!s(int64=1)
    Sample #8
        Values: []
        Attributes:
             -> thread.name: clang
             -> thread.id: %!s(int64=1175454)
             -> cpu.logical_number: %!s(int64=1)
    Sample #9
        Values: []
        Attributes:
             -> thread.name: clang
             -> thread.id: %!s(int64=1175454)
             -> cpu.logical_number: %!s(int64=1)
    Sample #10
        Values: []
        Attributes:
             -> thread.name: clang
             -> thread.id: %!s(int64=1175454)
             -> cpu.logical_number: %!s(int64=1)
    Sample #11
        Values: []
        Attributes:
             -> thread.name: clang
             -> thread.id: %!s(int64=1175454)
             -> cpu.logical_number: %!s(int64=1)
    Sample #12
        Values: []
        Attributes:
             -> thread.name: clang
             -> thread.id: %!s(int64=1175454)
             -> cpu.logical_number: %!s(int64=1)
    Sample #13
        Values: []
        Attributes:
             -> thread.name: clang
             -> thread.id: %!s(int64=1175454)
             -> cpu.logical_number: %!s(int64=1)
    Sample #14
        Values: []
        Attributes:
             -> thread.name: clang
             -> thread.id: %!s(int64=1175454)
             -> cpu.logical_number: %!s(int64=1)
    Sample #15
        Values: []
        Attributes:
             -> thread.name: clang
             -> thread.id: %!s(int64=1175454)
             -> cpu.logical_number: %!s(int64=1)
    Sample #16
        Values: []
        Attributes:
             -> thread.name: clang
             -> thread.id: %!s(int64=1175454)
             -> cpu.logical_number: %!s(int64=1)
    Sample #17
        Values: []
        Attributes:
             -> thread.name: clang
             -> thread.id: %!s(int64=1175454)
             -> cpu.logical_number: %!s(int64=1)
    Sample #18
        Values: []
        Attributes:
             -> thread.name: clang
             -> thread.id: %!s(int64=1175454)
             -> cpu.logical_number: %!s(int64=1)
    Sample #19
        Values: []
        Attributes:
             -> thread.name: clang
             -> thread.id: %!s(int64=1175454)
             -> cpu.logical_number: %!s(int64=1)
    Sample #20
        Values: []
        Attributes:
             -> thread.name: clang
             -> thread.id: %!s(int64=1175454)
             -> cpu.logical_number: %!s(int64=1)
    Sample #21
        Values: []
        Attributes:
             -> thread.name: clang
             -> thread.id: %!s(int64=1175454)
             -> cpu.logical_number: %!s(int64=1)
    Sample #22
        Values: []
        Attributes:
             -> thread.name: clang
             -> thread.id: %!s(int64=1175454)
             -> cpu.logical_number: %!s(int64=1)
    Sample #23
        Values: []
        Attributes:
             -> thread.name: clang
             -> thread.id: %!s(int64=1175454)
             -> cpu.logical_number: %!s(int64=1)
    Sample #24
        Values: []
        Attributes:
             -> thread.name: clang
             -> thread.id: %!s(int64=1175454)
             -> cpu.logical_number: %!s(int64=1)
    Sample #25
        Values: []
        Attributes:
             -> thread.name: clang
             -> thread.id: %!s(int64=1175454)
             -> cpu.logical_number: %!s(int64=1)
ResourceProfiles #15
Resource SchemaURL: https://opentelemetry.io/schemas/1.37.0
Resource attributes:
     -> process.pid: Int(1175473)
     -> process.executable.path: Str(/usr/bin/python3.12)
     -> process.executable.name: Str(python3.12)
ScopeProfiles #0
ScopeProfiles SchemaURL: https://opentelemetry.io/schemas/1.37.0
InstrumentationScope go.opentelemetry.io/ebpf-profiler v0.0.0
Profile #0
    Profile ID     : 
    Start time     : 2026-06-21 19:26:56.277162291 +0000 UTC
    DurationNano   : 5152354145
    Dropped attributes count: 0
    Sample #0
        Values: []
        Attributes:
             -> thread.name: python3
             -> thread.id: %!s(int64=1175473)
             -> cpu.logical_number: %!s(int64=0)
    Sample #1
        Values: []
        Attributes:
             -> thread.name: python3
             -> thread.id: %!s(int64=1175473)
             -> cpu.logical_number: %!s(int64=0)
    Sample #2
        Values: []
        Attributes:
             -> thread.name: python3
             -> thread.id: %!s(int64=1175473)
             -> cpu.logical_number: %!s(int64=0)
ResourceProfiles #16
Resource SchemaURL: https://opentelemetry.io/schemas/1.37.0
Resource attributes:
     -> process.pid: Int(1175238)
     -> process.executable.path: Str(/tmp/opentelemetry-ebpf-profiler/otelcol-ebpf-profiler)
     -> process.executable.name: Str(otelcol-ebpf-profiler)
ScopeProfiles #0
ScopeProfiles SchemaURL: https://opentelemetry.io/schemas/1.37.0
InstrumentationScope go.opentelemetry.io/ebpf-profiler v0.0.0
Profile #0
    Profile ID     : 
    Start time     : 2026-06-21 19:26:56.277162291 +0000 UTC
    DurationNano   : 5152354145
    Dropped attributes count: 0
    Sample #0
        Values: []
        Attributes:
             -> thread.name: otelcol-ebpf-pr
             -> thread.id: %!s(int64=1175302)
             -> cpu.logical_number: %!s(int64=2)
    Sample #1
        Values: []
        Attributes:
             -> thread.name: otelcol-ebpf-pr
             -> thread.id: %!s(int64=1175307)
             -> cpu.logical_number: %!s(int64=6)
    Sample #2
        Values: []
        Attributes:
             -> thread.name: otelcol-ebpf-pr
             -> thread.id: %!s(int64=1175305)
             -> cpu.logical_number: %!s(int64=4)
    Sample #3
        Values: []
        Attributes:
             -> thread.name: otelcol-ebpf-pr
             -> thread.id: %!s(int64=1175294)
             -> cpu.logical_number: %!s(int64=5)
    Sample #4
        Values: []
        Attributes:
             -> thread.name: otelcol-ebpf-pr
             -> thread.id: %!s(int64=1175302)
             -> cpu.logical_number: %!s(int64=21)
    Sample #5
        Values: []
        Attributes:
             -> thread.name: otelcol-ebpf-pr
             -> thread.id: %!s(int64=1175302)
             -> cpu.logical_number: %!s(int64=2)
    Sample #6
        Values: []
        Attributes:
             -> thread.name: otelcol-ebpf-pr
             -> thread.id: %!s(int64=1175302)
             -> cpu.logical_number: %!s(int64=2)
    Sample #7
        Values: []
        Attributes:
             -> thread.name: otelcol-ebpf-pr
             -> thread.id: %!s(int64=1175413)
             -> cpu.logical_number: %!s(int64=22)
    Sample #8
        Values: []
        Attributes:
             -> thread.name: otelcol-ebpf-pr
             -> thread.id: %!s(int64=1175300)
             -> cpu.logical_number: %!s(int64=18)
    Sample #9
        Values: []
        Attributes:
             -> thread.name: otelcol-ebpf-pr
             -> thread.id: %!s(int64=1175409)
             -> cpu.logical_number: %!s(int64=16)
    Sample #10
        Values: []
        Attributes:
             -> thread.name: otelcol-ebpf-pr
             -> thread.id: %!s(int64=1175308)
             -> cpu.logical_number: %!s(int64=9)
    Sample #11
        Values: []
        Attributes:
             -> thread.name: otelcol-ebpf-pr
             -> thread.id: %!s(int64=1175305)
             -> cpu.logical_number: %!s(int64=3)
    Sample #12
        Values: []
        Attributes:
             -> thread.name: otelcol-ebpf-pr
             -> thread.id: %!s(int64=1175294)
             -> cpu.logical_number: %!s(int64=5)
    Sample #13
        Values: []
        Attributes:
             -> thread.name: otelcol-ebpf-pr
             -> thread.id: %!s(int64=1175299)
             -> cpu.logical_number: %!s(int64=8)
    Sample #14
        Values: []
        Attributes:
             -> thread.name: otelcol-ebpf-pr
             -> thread.id: %!s(int64=1175302)
             -> cpu.logical_number: %!s(int64=2)
ResourceProfiles #17
Resource SchemaURL: https://opentelemetry.io/schemas/1.37.0
Resource attributes:
     -> process.pid: Int(6917)
     -> process.executable.path: Str(/home/yunwei37/.nvm/versions/node/v22.22.0/lib/node_modules/@openai/codex/node_modules/@openai/codex-linux-x64/vendor/x86_64-unknown-linux-musl/bin/codex)
     -> process.executable.name: Str(codex)
ScopeProfiles #0
ScopeProfiles SchemaURL: https://opentelemetry.io/schemas/1.37.0
InstrumentationScope go.opentelemetry.io/ebpf-profiler v0.0.0
Profile #0
    Profile ID     : 
    Start time     : 2026-06-21 19:26:56.277162291 +0000 UTC
    DurationNano   : 5152354145
    Dropped attributes count: 0
    Sample #0
        Values: []
        Attributes:
             -> thread.name: tokio-rt-worker
             -> thread.id: %!s(int64=6937)
             -> cpu.logical_number: %!s(int64=19)
    Sample #1
        Values: []
        Attributes:
             -> thread.name: sqlx-sqlite-wor
             -> thread.id: %!s(int64=1166569)
             -> cpu.logical_number: %!s(int64=21)
    Sample #2
        Values: []
        Attributes:
             -> thread.name: sqlx-sqlite-wor
             -> thread.id: %!s(int64=1162300)
             -> cpu.logical_number: %!s(int64=20)
    Sample #3
        Values: []
        Attributes:
             -> thread.name: sqlx-sqlite-wor
             -> thread.id: %!s(int64=1162300)
             -> cpu.logical_number: %!s(int64=20)
    Sample #4
        Values: []
        Attributes:
             -> thread.name: sqlx-sqlite-wor
             -> thread.id: %!s(int64=1162300)
             -> cpu.logical_number: %!s(int64=9)
    Sample #5
        Values: []
        Attributes:
             -> thread.name: sqlx-sqlite-wor
             -> thread.id: %!s(int64=1162300)
             -> cpu.logical_number: %!s(int64=9)
    Sample #6
        Values: []
        Attributes:
             -> thread.name: sqlx-sqlite-wor
             -> thread.id: %!s(int64=1162300)
             -> cpu.logical_number: %!s(int64=9)
	{"resource": {"service.instance.id": "903ac269-c08f-48bc-97a3-93b738914f23", "service.name": "otelcol-ebpf-profiler", "service.version": "dev"}, "otelcol.component.id": "debug", "otelcol.component.kind": "exporter", "otelcol.signal": "profiles"}
2026-06-21T12:27:02.988-0700	info	otelcol@v0.154.0/collector.go:391	Received signal from OS	{"resource": {"service.instance.id": "903ac269-c08f-48bc-97a3-93b738914f23", "service.name": "otelcol-ebpf-profiler", "service.version": "dev"}, "signal": "terminated"}
2026-06-21T12:27:02.988-0700	info	service@v0.154.0/service.go:278	Starting shutdown...	{"resource": {"service.instance.id": "903ac269-c08f-48bc-97a3-93b738914f23", "service.name": "otelcol-ebpf-profiler", "service.version": "dev"}}
2026-06-21T12:27:02.989-0700	info	Stop processing ...	{"resource": {"service.instance.id": "903ac269-c08f-48bc-97a3-93b738914f23", "service.name": "otelcol-ebpf-profiler", "service.version": "dev"}, "otelcol.component.id": "profiling", "otelcol.component.kind": "receiver", "otelcol.signal": "profiles"}
2026-06-21T12:27:03.253-0700	info	extensions/extensions.go:69	Stopping extensions...	{"resource": {"service.instance.id": "903ac269-c08f-48bc-97a3-93b738914f23", "service.name": "otelcol-ebpf-profiler", "service.version": "dev"}}
2026-06-21T12:27:03.254-0700	info	service@v0.154.0/service.go:292	Shutdown complete.	{"resource": {"service.instance.id": "903ac269-c08f-48bc-97a3-93b738914f23", "service.name": "otelcol-ebpf-profiler", "service.version": "dev"}}
