2026-06-21T12:27:57.350-0700	info	otelconftelemetry/tracer.go:47	Internal trace telemetry disabled	{"resource": {"service.instance.id": "ac3e4197-ed26-47d2-a368-465bfdda8362", "service.name": "otelcol-ebpf-profiler", "service.version": "dev"}}
2026-06-21T12:27:57.351-0700	info	builders/builders.go:28	Development component. May change in the future.	{"resource": {"service.instance.id": "ac3e4197-ed26-47d2-a368-465bfdda8362", "service.name": "otelcol-ebpf-profiler", "service.version": "dev"}, "otelcol.component.id": "profiling", "otelcol.component.kind": "receiver", "otelcol.signal": "profiles"}
2026-06-21T12:27:57.353-0700	info	service@v0.154.0/service.go:241	Starting otelcol-ebpf-profiler...	{"resource": {"service.instance.id": "ac3e4197-ed26-47d2-a368-465bfdda8362", "service.name": "otelcol-ebpf-profiler", "service.version": "dev"}, "Version": "dev", "NumCPU": 24}
2026-06-21T12:27:57.353-0700	info	extensions/extensions.go:41	Starting extensions...	{"resource": {"service.instance.id": "ac3e4197-ed26-47d2-a368-465bfdda8362", "service.name": "otelcol-ebpf-profiler", "service.version": "dev"}}
2026-06-21T12:27:57.353-0700	info	Interpreter tracers: perl,php,python,hotspot,ruby,v8,dotnet,luajit,go,labels,beam	{"resource": {"service.instance.id": "ac3e4197-ed26-47d2-a368-465bfdda8362", "service.name": "otelcol-ebpf-profiler", "service.version": "dev"}, "otelcol.component.id": "profiling", "otelcol.component.kind": "receiver", "otelcol.signal": "profiles"}
2026-06-21T12:27:57.585-0700	info	Found offsets: task stack 0x20, pt_regs 0x3f48, tpbase 0x25a8	{"resource": {"service.instance.id": "ac3e4197-ed26-47d2-a368-465bfdda8362", "service.name": "otelcol-ebpf-profiler", "service.version": "dev"}, "otelcol.component.id": "profiling", "otelcol.component.kind": "receiver", "otelcol.signal": "profiles"}
2026-06-21T12:27:57.614-0700	info	Skip pinning eBPF map to share OTel span/trace IDs	{"resource": {"service.instance.id": "ac3e4197-ed26-47d2-a368-465bfdda8362", "service.name": "otelcol-ebpf-profiler", "service.version": "dev"}, "otelcol.component.id": "profiling", "otelcol.component.kind": "receiver", "otelcol.signal": "profiles"}
2026-06-21T12:27:58.409-0700	info	Supports LPM trie eBPF map batch operations	{"resource": {"service.instance.id": "ac3e4197-ed26-47d2-a368-465bfdda8362", "service.name": "otelcol-ebpf-profiler", "service.version": "dev"}, "otelcol.component.id": "profiling", "otelcol.component.kind": "receiver", "otelcol.signal": "profiles"}
2026-06-21T12:27:58.410-0700	info	eBPF tracer loaded	{"resource": {"service.instance.id": "ac3e4197-ed26-47d2-a368-465bfdda8362", "service.name": "otelcol-ebpf-profiler", "service.version": "dev"}, "otelcol.component.id": "profiling", "otelcol.component.kind": "receiver", "otelcol.signal": "profiles"}
2026-06-21T12:27:58.411-0700	info	Attached tracer program	{"resource": {"service.instance.id": "ac3e4197-ed26-47d2-a368-465bfdda8362", "service.name": "otelcol-ebpf-profiler", "service.version": "dev"}, "otelcol.component.id": "profiling", "otelcol.component.kind": "receiver", "otelcol.signal": "profiles"}
2026-06-21T12:27:58.428-0700	info	Attached probes	{"resource": {"service.instance.id": "ac3e4197-ed26-47d2-a368-465bfdda8362", "service.name": "otelcol-ebpf-profiler", "service.version": "dev"}, "otelcol.component.id": "profiling", "otelcol.component.kind": "receiver", "otelcol.signal": "profiles"}
2026-06-21T12:27:58.429-0700	info	Attached sched monitor	{"resource": {"service.instance.id": "ac3e4197-ed26-47d2-a368-465bfdda8362", "service.name": "otelcol-ebpf-profiler", "service.version": "dev"}, "otelcol.component.id": "profiling", "otelcol.component.kind": "receiver", "otelcol.signal": "profiles"}
2026-06-21T12:27:58.452-0700	info	service@v0.154.0/service.go:264	Everything is ready. Begin running and processing data.	{"resource": {"service.instance.id": "ac3e4197-ed26-47d2-a368-465bfdda8362", "service.name": "otelcol-ebpf-profiler", "service.version": "dev"}}
2026-06-21T12:28:02.354-0700	info	Profiles	{"resource": {"service.instance.id": "ac3e4197-ed26-47d2-a368-465bfdda8362", "service.name": "otelcol-ebpf-profiler", "service.version": "dev"}, "otelcol.component.id": "debug", "otelcol.component.kind": "exporter", "otelcol.signal": "profiles", "resource profiles": 5, "sample records": 91}
2026-06-21T12:28:02.355-0700	info	Mapping #0
    Memory start: 0
    Memory limit: 0
    File offset: 0
    File name: 0
    Attributes: []
Mapping #1
    Memory start: 0
    Memory limit: 61755392
    File offset: 0
    File name: 5
    Attributes: [1]
Mapping #2
    Memory start: 0
    Memory limit: 135168
    File offset: 0
    File name: 8
    Attributes: [3]
Mapping #3
    Memory start: 0
    Memory limit: 117968896
    File offset: 0
    File name: 9
    Attributes: [4 5]
Mapping #4
    Memory start: 163840
    Memory limit: 1769472
    File offset: 163840
    File name: 11
    Attributes: [6]
Mapping #5
    Memory start: 0
    Memory limit: 0
    File offset: 0
    File name: 15
    Attributes: [10 11]
Mapping #6
    Memory start: 667648
    Memory limit: 2093056
    File offset: 667648
    File name: 26
    Attributes: [13]
Mapping #7
    Memory start: 4194304
    Memory limit: 19996672
    File offset: 0
    File name: 36
    Attributes: [14 15]
Mapping #8
    Memory start: 0
    Memory limit: 8192
    File offset: 0
    File name: 105
    Attributes: [26 27]
Mapping #9
    Memory start: 0
    Memory limit: 0
    File offset: 0
    File name: 158
    Attributes: [38 39]
Mapping #10
    Memory start: 14532608
    Memory limit: 21663744
    File offset: 14528512
    File name: 176
    Attributes: [42 43]
Location #0
    Mapping index: 0
    Address: 0
    Attributes: []
Location #1
    Mapping index: 1
    Address: 24236273
    Attributes: [2]
Location #2
    Mapping index: 1
    Address: 23992209
    Attributes: [2]
Location #3
    Mapping index: 1
    Address: 23990549
    Attributes: [2]
Location #4
    Mapping index: 1
    Address: 23990276
    Attributes: [2]
Location #5
    Mapping index: 1
    Address: 24007483
    Attributes: [2]
Location #6
    Mapping index: 1
    Address: 23999947
    Attributes: [2]
Location #7
    Mapping index: 1
    Address: 23965947
    Attributes: [2]
Location #8
    Mapping index: 1
    Address: 12476403
    Attributes: [2]
Location #9
    Mapping index: 1
    Address: 12446755
    Attributes: [2]
Location #10
    Mapping index: 1
    Address: 12479832
    Attributes: [2]
Location #11
    Mapping index: 1
    Address: 12473371
    Attributes: [2]
Location #12
    Mapping index: 1
    Address: 12251385
    Attributes: [2]
Location #13
    Mapping index: 1
    Address: 12240145
    Attributes: [2]
Location #14
    Mapping index: 1
    Address: 12237396
    Attributes: [2]
Location #15
    Mapping index: 1
    Address: 12236187
    Attributes: [2]
Location #16
    Mapping index: 1
    Address: 12843229
    Attributes: [2]
Location #17
    Mapping index: 1
    Address: 12840443
    Attributes: [2]
Location #18
    Mapping index: 1
    Address: 12876449
    Attributes: [2]
Location #19
    Mapping index: 1
    Address: 12845390
    Attributes: [2]
Location #20
    Mapping index: 1
    Address: 12859166
    Attributes: [2]
Location #21
    Mapping index: 1
    Address: 12846634
    Attributes: [2]
Location #22
    Mapping index: 1
    Address: 12855151
    Attributes: [2]
Location #23
    Mapping index: 1
    Address: 12846621
    Attributes: [2]
Location #24
    Mapping index: 1
    Address: 12855966
    Attributes: [2]
Location #25
    Mapping index: 1
    Address: 12849071
    Attributes: [2]
Location #26
    Mapping index: 1
    Address: 12842514
    Attributes: [2]
Location #27
    Mapping index: 1
    Address: 12880758
    Attributes: [2]
Location #28
    Mapping index: 1
    Address: 12992710
    Attributes: [2]
Location #29
    Mapping index: 1
    Address: 12243616
    Attributes: [2]
Location #30
    Mapping index: 1
    Address: 12988542
    Attributes: [2]
Location #31
    Mapping index: 1
    Address: 12986936
    Attributes: [2]
Location #32
    Mapping index: 1
    Address: 12983396
    Attributes: [2]
Location #33
    Mapping index: 1
    Address: 12975994
    Attributes: [2]
Location #34
    Mapping index: 1
    Address: 12153981
    Attributes: [2]
Location #35
    Mapping index: 1
    Address: 44066347
    Attributes: [2]
Location #36
    Mapping index: 1
    Address: 43528371
    Attributes: [2]
Location #37
    Mapping index: 1
    Address: 44574268
    Attributes: [2]
Location #38
    Mapping index: 2
    Address: 82989
    Attributes: [2]
Location #39
    Mapping index: 2
    Address: 71827
    Attributes: [2]
Location #40
    Mapping index: 1
    Address: 40057201
    Attributes: [2]
Location #41
    Mapping index: 3
    Address: 13565814
    Attributes: [2]
Location #42
    Mapping index: 1
    Address: 40055350
    Attributes: [2]
Location #43
    Mapping index: 1
    Address: 39826711
    Attributes: [2]
Location #44
    Mapping index: 1
    Address: 39827326
    Attributes: [2]
Location #45
    Mapping index: 1
    Address: 39943199
    Attributes: [2]
Location #46
    Mapping index: 2
    Address: 70123
    Attributes: [2]
Location #47
    Mapping index: 2
    Address: 123778
    Attributes: [2]
Location #48
    Mapping index: 4
    Address: 172489
    Attributes: [2]
Location #49
    Mapping index: 4
    Address: 172682
    Attributes: [2]
Location #50
    Mapping index: 2
    Address: 57940
    Attributes: [2]
Location #51
    Mapping index: 1
    Address: 25715423
    Attributes: [2]
Location #52
    Mapping index: 1
    Address: 25714984
    Attributes: [2]
Location #53
    Mapping index: 1
    Address: 25712715
    Attributes: [2]
Location #54
    Mapping index: 1
    Address: 25701853
    Attributes: [2]
Location #55
    Mapping index: 1
    Address: 25716363
    Attributes: [2]
Location #56
    Mapping index: 1
    Address: 12457660
    Attributes: [2]
Location #57
    Mapping index: 1
    Address: 12472775
    Attributes: [2]
Location #58
    Mapping index: 1
    Address: 12446449
    Attributes: [2]
Location #59
    Mapping index: 1
    Address: 12849720
    Attributes: [2]
Location #60
    Mapping index: 1
    Address: 12842096
    Attributes: [2]
Location #61
    Mapping index: 1
    Address: 12852079
    Attributes: [2]
Location #62
    Mapping index: 1
    Address: 12845362
    Attributes: [2]
Location #63
    Mapping index: 1
    Address: 12857791
    Attributes: [2]
Location #64
    Mapping index: 1
    Address: 12843974
    Attributes: [2]
Location #65
    Mapping index: 1
    Address: 15329846
    Attributes: [2]
Location #66
    Mapping index: 1
    Address: 15329356
    Attributes: [2]
Location #67
    Mapping index: 1
    Address: 15330131
    Attributes: [2]
Location #68
    Mapping index: 1
    Address: 34570938
    Attributes: [2]
Location #69
    Mapping index: 1
    Address: 34567690
    Attributes: [2]
Location #70
    Mapping index: 1
    Address: 34568060
    Attributes: [2]
Location #71
    Mapping index: 1
    Address: 34567170
    Attributes: [2]
Location #72
    Mapping index: 1
    Address: 34566284
    Attributes: [2]
Location #73
    Mapping index: 1
    Address: 34566121
    Attributes: [2]
Location #74
    Mapping index: 1
    Address: 34528704
    Attributes: [2]
Location #75
    Mapping index: 1
    Address: 34543153
    Attributes: [2]
Location #76
    Mapping index: 1
    Address: 34529070
    Attributes: [2]
Location #77
    Mapping index: 1
    Address: 34530968
    Attributes: [2]
Location #78
    Mapping index: 1
    Address: 34538245
    Attributes: [2]
Location #79
    Mapping index: 1
    Address: 34542007
    Attributes: [2]
Location #80
    Mapping index: 1
    Address: 34541840
    Attributes: [2]
Location #81
    Mapping index: 1
    Address: 34530910
    Attributes: [2]
Location #82
    Mapping index: 1
    Address: 34543475
    Attributes: [2]
Location #83
    Mapping index: 1
    Address: 34500859
    Attributes: [2]
Location #84
    Mapping index: 1
    Address: 34328029
    Attributes: [2]
Location #85
    Mapping index: 1
    Address: 20281145
    Attributes: [2]
Location #86
    Mapping index: 1
    Address: 20924482
    Attributes: [2]
Location #87
    Mapping index: 1
    Address: 22667700
    Attributes: [2]
Location #88
    Mapping index: 1
    Address: 12880861
    Attributes: [2]
Location #89
    Mapping index: 1
    Address: 24094392
    Attributes: [2]
Location #90
    Mapping index: 1
    Address: 12482151
    Attributes: [2]
Location #91
    Mapping index: 1
    Address: 12449405
    Attributes: [2]
Location #92
    Mapping index: 1
    Address: 12446923
    Attributes: [2]
Location #93
    Mapping index: 1
    Address: 34542935
    Attributes: [2]
Location #94
    Mapping index: 1
    Address: 34562795
    Attributes: [2]
Location #95
    Mapping index: 1
    Address: 34525832
    Attributes: [2]
Location #96
    Mapping index: 1
    Address: 34529054
    Attributes: [2]
Location #97
    Mapping index: 1
    Address: 34530030
    Attributes: [2]
Location #98
    Mapping index: 1
    Address: 34552201
    Attributes: [2]
Location #99
    Mapping index: 1
    Address: 10878949
    Attributes: [2]
Location #100
    Mapping index: 1
    Address: 10869706
    Attributes: [2]
Location #101
    Mapping index: 1
    Address: 12150453
    Attributes: [2]
Location #102
    Mapping index: 1
    Address: 12152107
    Attributes: [2]
Location #103
    Mapping index: 1
    Address: 12121580
    Attributes: [2]
Location #104
    Mapping index: 1
    Address: 12962171
    Attributes: [2]
Location #105
    Mapping index: 1
    Address: 12850257
    Attributes: [2]
Location #106
    Mapping index: 5
    Address: 8500623
    Line #0
        Function index: 1
        Line: 0
        Column: 0
    Attributes: [12]
Location #107
    Mapping index: 5
    Address: 8523547
    Line #0
        Function index: 2
        Line: 0
        Column: 0
    Attributes: [12]
Location #108
    Mapping index: 5
    Address: 7805862
    Line #0
        Function index: 3
        Line: 0
        Column: 0
    Attributes: [12]
Location #109
    Mapping index: 5
    Address: 7806887
    Line #0
        Function index: 4
        Line: 0
        Column: 0
    Attributes: [12]
Location #110
    Mapping index: 5
    Address: 7812860
    Line #0
        Function index: 5
        Line: 0
        Column: 0
    Attributes: [12]
Location #111
    Mapping index: 5
    Address: 7813868
    Line #0
        Function index: 6
        Line: 0
        Column: 0
    Attributes: [12]
Location #112
    Mapping index: 5
    Address: 7815089
    Line #0
        Function index: 7
        Line: 0
        Column: 0
    Attributes: [12]
Location #113
    Mapping index: 5
    Address: 4005607
    Line #0
        Function index: 8
        Line: 0
        Column: 0
    Attributes: [12]
Location #114
    Mapping index: 5
    Address: 22379348
    Line #0
        Function index: 9
        Line: 0
        Column: 0
    Attributes: [12]
Location #115
    Mapping index: 5
    Address: 2998
    Line #0
        Function index: 10
        Line: 0
        Column: 0
    Attributes: [12]
Location #116
    Mapping index: 1
    Address: 15275369
    Attributes: [2]
Location #117
    Mapping index: 1
    Address: 15275262
    Attributes: [2]
Location #118
    Mapping index: 1
    Address: 20896375
    Attributes: [2]
Location #119
    Mapping index: 1
    Address: 24118219
    Attributes: [2]
Location #120
    Mapping index: 1
    Address: 24162728
    Attributes: [2]
Location #121
    Mapping index: 1
    Address: 24051792
    Attributes: [2]
Location #122
    Mapping index: 1
    Address: 24181660
    Attributes: [2]
Location #123
    Mapping index: 1
    Address: 23974377
    Attributes: [2]
Location #124
    Mapping index: 1
    Address: 12451436
    Attributes: [2]
Location #125
    Mapping index: 1
    Address: 18107701
    Attributes: [2]
Location #126
    Mapping index: 1
    Address: 18115391
    Attributes: [2]
Location #127
    Mapping index: 1
    Address: 15541544
    Attributes: [2]
Location #128
    Mapping index: 1
    Address: 15346306
    Attributes: [2]
Location #129
    Mapping index: 1
    Address: 15347685
    Attributes: [2]
Location #130
    Mapping index: 1
    Address: 21616507
    Attributes: [2]
Location #131
    Mapping index: 1
    Address: 21618848
    Attributes: [2]
Location #132
    Mapping index: 1
    Address: 25240858
    Attributes: [2]
Location #133
    Mapping index: 1
    Address: 27251010
    Attributes: [2]
Location #134
    Mapping index: 1
    Address: 22528383
    Attributes: [2]
Location #135
    Mapping index: 1
    Address: 23992601
    Attributes: [2]
Location #136
    Mapping index: 1
    Address: 23963894
    Attributes: [2]
Location #137
    Mapping index: 1
    Address: 12453172
    Attributes: [2]
Location #138
    Mapping index: 1
    Address: 12482091
    Attributes: [2]
Location #139
    Mapping index: 1
    Address: 10660443
    Attributes: [2]
Location #140
    Mapping index: 1
    Address: 10662622
    Attributes: [2]
Location #141
    Mapping index: 1
    Address: 27279620
    Attributes: [2]
Location #142
    Mapping index: 1
    Address: 24165991
    Attributes: [2]
Location #143
    Mapping index: 1
    Address: 24162369
    Attributes: [2]
Location #144
    Mapping index: 1
    Address: 14807888
    Attributes: [2]
Location #145
    Mapping index: 1
    Address: 13019551
    Attributes: [2]
Location #146
    Mapping index: 1
    Address: 15399847
    Attributes: [2]
Location #147
    Mapping index: 1
    Address: 15368723
    Attributes: [2]
Location #148
    Mapping index: 1
    Address: 15346715
    Attributes: [2]
Location #149
    Mapping index: 1
    Address: 15329342
    Attributes: [2]
Location #150
    Mapping index: 1
    Address: 21671382
    Attributes: [2]
Location #151
    Mapping index: 1
    Address: 21611235
    Attributes: [2]
Location #152
    Mapping index: 1
    Address: 21618928
    Attributes: [2]
Location #153
    Mapping index: 1
    Address: 24241131
    Attributes: [2]
Location #154
    Mapping index: 1
    Address: 12878783
    Attributes: [2]
Location #155
    Mapping index: 1
    Address: 12854687
    Attributes: [2]
Location #156
    Mapping index: 1
    Address: 12853539
    Attributes: [2]
Location #157
    Mapping index: 1
    Address: 12478534
    Attributes: [2]
Location #158
    Mapping index: 1
    Address: 20634376
    Attributes: [2]
Location #159
    Mapping index: 1
    Address: 20634453
    Attributes: [2]
Location #160
    Mapping index: 1
    Address: 20626859
    Attributes: [2]
Location #161
    Mapping index: 1
    Address: 22667394
    Attributes: [2]
Location #162
    Mapping index: 1
    Address: 21731618
    Attributes: [2]
Location #163
    Mapping index: 1
    Address: 21618574
    Attributes: [2]
Location #164
    Mapping index: 1
    Address: 21618817
    Attributes: [2]
Location #165
    Mapping index: 1
    Address: 27255811
    Attributes: [2]
Location #166
    Mapping index: 1
    Address: 12461182
    Attributes: [2]
Location #167
    Mapping index: 1
    Address: 12850623
    Attributes: [2]
Location #168
    Mapping index: 1
    Address: 15371277
    Attributes: [2]
Location #169
    Mapping index: 1
    Address: 17023277
    Attributes: [2]
Location #170
    Mapping index: 1
    Address: 15404221
    Attributes: [2]
Location #171
    Mapping index: 1
    Address: 15401496
    Attributes: [2]
Location #172
    Mapping index: 1
    Address: 15781038
    Attributes: [2]
Location #173
    Mapping index: 1
    Address: 15377062
    Attributes: [2]
Location #174
    Mapping index: 1
    Address: 15376793
    Attributes: [2]
Location #175
    Mapping index: 1
    Address: 15356336
    Attributes: [2]
Location #176
    Mapping index: 1
    Address: 15705287
    Attributes: [2]
Location #177
    Mapping index: 1
    Address: 15356553
    Attributes: [2]
Location #178
    Mapping index: 1
    Address: 15346574
    Attributes: [2]
Location #179
    Mapping index: 1
    Address: 12152132
    Attributes: [2]
Location #180
    Mapping index: 1
    Address: 12230231
    Attributes: [2]
Location #181
    Mapping index: 1
    Address: 12192055
    Attributes: [2]
Location #182
    Mapping index: 1
    Address: 12460068
    Attributes: [2]
Location #183
    Mapping index: 1
    Address: 10881499
    Attributes: [2]
Location #184
    Mapping index: 1
    Address: 10884014
    Attributes: [2]
Location #185
    Mapping index: 1
    Address: 27251738
    Attributes: [2]
Location #186
    Mapping index: 1
    Address: 25240794
    Attributes: [2]
Location #187
    Mapping index: 1
    Address: 15289456
    Attributes: [2]
Location #188
    Mapping index: 1
    Address: 34520566
    Attributes: [2]
Location #189
    Mapping index: 1
    Address: 23956316
    Attributes: [2]
Location #190
    Mapping index: 1
    Address: 21415662
    Attributes: [2]
Location #191
    Mapping index: 1
    Address: 24095034
    Attributes: [2]
Location #192
    Mapping index: 1
    Address: 34564212
    Attributes: [2]
Location #193
    Mapping index: 1
    Address: 34563022
    Attributes: [2]
Location #194
    Mapping index: 1
    Address: 34562731
    Attributes: [2]
Location #195
    Mapping index: 1
    Address: 10881451
    Attributes: [2]
Location #196
    Mapping index: 1
    Address: 10881659
    Attributes: [2]
Location #197
    Mapping index: 1
    Address: 10662868
    Attributes: [2]
Location #198
    Mapping index: 1
    Address: 21665519
    Attributes: [2]
Location #199
    Mapping index: 1
    Address: 21657625
    Attributes: [2]
Location #200
    Mapping index: 1
    Address: 21608286
    Attributes: [2]
Location #201
    Mapping index: 1
    Address: 21609817
    Attributes: [2]
Location #202
    Mapping index: 1
    Address: 13372343
    Attributes: [2]
Location #203
    Mapping index: 1
    Address: 13108274
    Attributes: [2]
Location #204
    Mapping index: 1
    Address: 24077852
    Attributes: [2]
Location #205
    Mapping index: 1
    Address: 23969978
    Attributes: [2]
Location #206
    Mapping index: 1
    Address: 24076448
    Attributes: [2]
Location #207
    Mapping index: 1
    Address: 12458814
    Attributes: [2]
Location #208
    Mapping index: 1
    Address: 21028773
    Attributes: [2]
Location #209
    Mapping index: 1
    Address: 23949115
    Attributes: [2]
Location #210
    Mapping index: 1
    Address: 24006589
    Attributes: [2]
Location #211
    Mapping index: 1
    Address: 10881410
    Attributes: [2]
Location #212
    Mapping index: 1
    Address: 21634453
    Attributes: [2]
Location #213
    Mapping index: 1
    Address: 24051962
    Attributes: [2]
Location #214
    Mapping index: 3
    Address: 13309227
    Attributes: [2]
Location #215
    Mapping index: 3
    Address: 13353683
    Attributes: [2]
Location #216
    Mapping index: 1
    Address: 21626691
    Attributes: [2]
Location #217
    Mapping index: 1
    Address: 21605638
    Attributes: [2]
Location #218
    Mapping index: 1
    Address: 24052924
    Attributes: [2]
Location #219
    Mapping index: 1
    Address: 10881068
    Attributes: [2]
Location #220
    Mapping index: 1
    Address: 13340400
    Attributes: [2]
Location #221
    Mapping index: 1
    Address: 21656596
    Attributes: [2]
Location #222
    Mapping index: 1
    Address: 20917420
    Attributes: [2]
Location #223
    Mapping index: 1
    Address: 23950596
    Attributes: [2]
Location #224
    Mapping index: 1
    Address: 24050289
    Attributes: [2]
Location #225
    Mapping index: 1
    Address: 10613808
    Attributes: [2]
Location #226
    Mapping index: 1
    Address: 15250471
    Attributes: [2]
Location #227
    Mapping index: 1
    Address: 23990528
    Attributes: [2]
Location #228
    Mapping index: 1
    Address: 13252711
    Attributes: [2]
Location #229
    Mapping index: 1
    Address: 15539202
    Attributes: [2]
Location #230
    Mapping index: 1
    Address: 15722758
    Attributes: [2]
Location #231
    Mapping index: 1
    Address: 15719965
    Attributes: [2]
Location #232
    Mapping index: 1
    Address: 12471716
    Attributes: [2]
Location #233
    Mapping index: 1
    Address: 12461151
    Attributes: [2]
Location #234
    Mapping index: 1
    Address: 10881472
    Attributes: [2]
Location #235
    Mapping index: 1
    Address: 10867037
    Attributes: [2]
Location #236
    Mapping index: 1
    Address: 10888869
    Attributes: [2]
Location #237
    Mapping index: 1
    Address: 10662882
    Attributes: [2]
Location #238
    Mapping index: 5
    Address: 7812445
    Line #0
        Function index: 5
        Line: 0
        Column: 0
    Attributes: [12]
Location #239
    Mapping index: 1
    Address: 15272555
    Attributes: [2]
Location #240
    Mapping index: 1
    Address: 15272889
    Attributes: [2]
Location #241
    Mapping index: 1
    Address: 25715404
    Attributes: [2]
Location #242
    Mapping index: 1
    Address: 15380298
    Attributes: [2]
Location #243
    Mapping index: 1
    Address: 15719702
    Attributes: [2]
Location #244
    Mapping index: 1
    Address: 15276058
    Attributes: [2]
Location #245
    Mapping index: 1
    Address: 15275895
    Attributes: [2]
Location #246
    Mapping index: 1
    Address: 21415247
    Attributes: [2]
Location #247
    Mapping index: 1
    Address: 15539417
    Attributes: [2]
Location #248
    Mapping index: 1
    Address: 11975457
    Attributes: [2]
Location #249
    Mapping index: 1
    Address: 11856624
    Attributes: [2]
Location #250
    Mapping index: 1
    Address: 11857532
    Attributes: [2]
Location #251
    Mapping index: 1
    Address: 12191095
    Attributes: [2]
Location #252
    Mapping index: 1
    Address: 12480824
    Attributes: [2]
Location #253
    Mapping index: 1
    Address: 20919544
    Attributes: [2]
Location #254
    Mapping index: 1
    Address: 20917542
    Attributes: [2]
Location #255
    Mapping index: 1
    Address: 12849392
    Attributes: [2]
Location #256
    Mapping index: 1
    Address: 12841628
    Attributes: [2]
Location #257
    Mapping index: 1
    Address: 21609942
    Attributes: [2]
Location #258
    Mapping index: 1
    Address: 21609214
    Attributes: [2]
Location #259
    Mapping index: 6
    Address: 1537405
    Attributes: [2]
Location #260
    Mapping index: 1
    Address: 14858620
    Attributes: [2]
Location #261
    Mapping index: 1
    Address: 21029564
    Attributes: [2]
Location #262
    Mapping index: 1
    Address: 21028867
    Attributes: [2]
Location #263
    Mapping index: 1
    Address: 10404080
    Attributes: [2]
Location #264
    Mapping index: 1
    Address: 12148529
    Attributes: [2]
Location #265
    Mapping index: 1
    Address: 14816935
    Attributes: [2]
Location #266
    Mapping index: 1
    Address: 25701252
    Attributes: [2]
Location #267
    Mapping index: 1
    Address: 17670280
    Attributes: [2]
Location #268
    Mapping index: 1
    Address: 22623650
    Attributes: [2]
Location #269
    Mapping index: 1
    Address: 22627245
    Attributes: [2]
Location #270
    Mapping index: 1
    Address: 12251062
    Attributes: [2]
Location #271
    Mapping index: 1
    Address: 10890110
    Attributes: [2]
Location #272
    Mapping index: 1
    Address: 12151102
    Attributes: [2]
Location #273
    Mapping index: 1
    Address: 12144907
    Attributes: [2]
Location #274
    Mapping index: 1
    Address: 12141526
    Attributes: [2]
Location #275
    Mapping index: 1
    Address: 11964877
    Attributes: [2]
Location #276
    Mapping index: 1
    Address: 11992027
    Attributes: [2]
Location #277
    Mapping index: 1
    Address: 12120515
    Attributes: [2]
Location #278
    Mapping index: 1
    Address: 11856635
    Attributes: [2]
Location #279
    Mapping index: 1
    Address: 12447178
    Attributes: [2]
Location #280
    Mapping index: 1
    Address: 13224067
    Attributes: [2]
Location #281
    Mapping index: 1
    Address: 13223448
    Attributes: [2]
Location #282
    Mapping index: 1
    Address: 22431041
    Attributes: [2]
Location #283
    Mapping index: 1
    Address: 22429068
    Attributes: [2]
Location #284
    Mapping index: 1
    Address: 12999004
    Attributes: [2]
Location #285
    Mapping index: 1
    Address: 13000887
    Attributes: [2]
Location #286
    Mapping index: 1
    Address: 12300096
    Attributes: [2]
Location #287
    Mapping index: 1
    Address: 12477842
    Attributes: [2]
Location #288
    Mapping index: 1
    Address: 21666128
    Attributes: [2]
Location #289
    Mapping index: 1
    Address: 21657695
    Attributes: [2]
Location #290
    Mapping index: 1
    Address: 24240668
    Attributes: [2]
Location #291
    Mapping index: 1
    Address: 24240874
    Attributes: [2]
Location #292
    Mapping index: 1
    Address: 34498358
    Attributes: [2]
Location #293
    Mapping index: 1
    Address: 34498120
    Attributes: [2]
Location #294
    Mapping index: 1
    Address: 34551847
    Attributes: [2]
Location #295
    Mapping index: 1
    Address: 34551567
    Attributes: [2]
Location #296
    Mapping index: 1
    Address: 34582638
    Attributes: [2]
Location #297
    Mapping index: 1
    Address: 10881228
    Attributes: [2]
Location #298
    Mapping index: 1
    Address: 21616096
    Attributes: [2]
Location #299
    Mapping index: 1
    Address: 21716830
    Attributes: [2]
Location #300
    Mapping index: 1
    Address: 21716922
    Attributes: [2]
Location #301
    Mapping index: 1
    Address: 21608232
    Attributes: [2]
Location #302
    Mapping index: 1
    Address: 22628379
    Attributes: [2]
Location #303
    Mapping index: 1
    Address: 10613886
    Attributes: [2]
Location #304
    Mapping index: 1
    Address: 34498094
    Attributes: [2]
Location #305
    Mapping index: 1
    Address: 34529558
    Attributes: [2]
Location #306
    Mapping index: 1
    Address: 15269216
    Attributes: [2]
Location #307
    Mapping index: 1
    Address: 21606222
    Attributes: [2]
Location #308
    Mapping index: 1
    Address: 12857198
    Attributes: [2]
Location #309
    Mapping index: 1
    Address: 24226632
    Attributes: [2]
Location #310
    Mapping index: 1
    Address: 24008105
    Attributes: [2]
Location #311
    Mapping index: 1
    Address: 24006874
    Attributes: [2]
Location #312
    Mapping index: 1
    Address: 34530950
    Attributes: [2]
Location #313
    Mapping index: 1
    Address: 12876363
    Attributes: [2]
Location #314
    Mapping index: 1
    Address: 15259664
    Attributes: [2]
Location #315
    Mapping index: 1
    Address: 15259989
    Attributes: [2]
Location #316
    Mapping index: 1
    Address: 24018623
    Attributes: [2]
Location #317
    Mapping index: 1
    Address: 12469500
    Attributes: [2]
Location #318
    Mapping index: 1
    Address: 12138478
    Attributes: [2]
Location #319
    Mapping index: 1
    Address: 12115249
    Attributes: [2]
Location #320
    Mapping index: 1
    Address: 12148818
    Attributes: [2]
Location #321
    Mapping index: 1
    Address: 11611943
    Attributes: [2]
Location #322
    Mapping index: 1
    Address: 11611527
    Attributes: [2]
Location #323
    Mapping index: 1
    Address: 12120371
    Attributes: [2]
Location #324
    Mapping index: 1
    Address: 11997287
    Attributes: [2]
Location #325
    Mapping index: 1
    Address: 11989376
    Attributes: [2]
Location #326
    Mapping index: 1
    Address: 12847558
    Attributes: [2]
Location #327
    Mapping index: 1
    Address: 18098547
    Attributes: [2]
Location #328
    Mapping index: 1
    Address: 24117509
    Attributes: [2]
Location #329
    Mapping index: 1
    Address: 25855075
    Attributes: [2]
Location #330
    Mapping index: 1
    Address: 22627381
    Attributes: [2]
Location #331
    Mapping index: 1
    Address: 20917555
    Attributes: [2]
Location #332
    Mapping index: 1
    Address: 25711721
    Attributes: [2]
Location #333
    Mapping index: 1
    Address: 10890291
    Attributes: [2]
Location #334
    Mapping index: 1
    Address: 21721457
    Attributes: [2]
Location #335
    Mapping index: 1
    Address: 15329867
    Attributes: [2]
Location #336
    Mapping index: 1
    Address: 21657934
    Attributes: [2]
Location #337
    Mapping index: 1
    Address: 25776549
    Attributes: [2]
Location #338
    Mapping index: 1
    Address: 25783921
    Attributes: [2]
Location #339
    Mapping index: 1
    Address: 24094994
    Attributes: [2]
Location #340
    Mapping index: 1
    Address: 34628587
    Attributes: [2]
Location #341
    Mapping index: 1
    Address: 34627776
    Attributes: [2]
Location #342
    Mapping index: 1
    Address: 20281413
    Attributes: [2]
Location #343
    Mapping index: 1
    Address: 24088692
    Attributes: [2]
Location #344
    Mapping index: 1
    Address: 24111582
    Attributes: [2]
Location #345
    Mapping index: 1
    Address: 24117986
    Attributes: [2]
Location #346
    Mapping index: 1
    Address: 10881475
    Attributes: [2]
Location #347
    Mapping index: 1
    Address: 24060241
    Attributes: [2]
Location #348
    Mapping index: 1
    Address: 12451325
    Attributes: [2]
Location #349
    Mapping index: 1
    Address: 12878660
    Attributes: [2]
Location #350
    Mapping index: 1
    Address: 18124917
    Attributes: [2]
Location #351
    Mapping index: 1
    Address: 24006708
    Attributes: [2]
Location #352
    Mapping index: 5
    Address: 4005048
    Line #0
        Function index: 8
        Line: 0
        Column: 0
    Attributes: [12]
Location #353
    Mapping index: 1
    Address: 15311134
    Attributes: [2]
Location #354
    Mapping index: 1
    Address: 15311783
    Attributes: [2]
Location #355
    Mapping index: 1
    Address: 24054087
    Attributes: [2]
Location #356
    Mapping index: 5
    Address: 8605369
    Line #0
        Function index: 11
        Line: 0
        Column: 0
    Attributes: [12]
Location #357
    Mapping index: 5
    Address: 8605584
    Line #0
        Function index: 12
        Line: 0
        Column: 0
    Attributes: [12]
Location #358
    Mapping index: 5
    Address: 6564296
    Line #0
        Function index: 13
        Line: 0
        Column: 0
    Attributes: [12]
Location #359
    Mapping index: 5
    Address: 6548654
    Line #0
        Function index: 14
        Line: 0
        Column: 0
    Attributes: [12]
Location #360
    Mapping index: 5
    Address: 6574650
    Line #0
        Function index: 15
        Line: 0
        Column: 0
    Attributes: [12]
Location #361
    Mapping index: 5
    Address: 6576780
    Line #0
        Function index: 16
        Line: 0
        Column: 0
    Attributes: [12]
Location #362
    Mapping index: 5
    Address: 3172050
    Line #0
        Function index: 17
        Line: 0
        Column: 0
    Attributes: [12]
Location #363
    Mapping index: 5
    Address: 22351549
    Line #0
        Function index: 18
        Line: 0
        Column: 0
    Attributes: [12]
Location #364
    Mapping index: 5
    Address: 298
    Line #0
        Function index: 19
        Line: 0
        Column: 0
    Attributes: [12]
Location #365
    Mapping index: 7
    Address: 4224397
    Line #0
        Function index: 20
        Line: 36
        Column: 0
    Attributes: [16]
Location #366
    Mapping index: 7
    Address: 4849036
    Line #0
        Function index: 21
        Line: 67
        Column: 0
    Attributes: [16]
Location #367
    Mapping index: 7
    Address: 4849125
    Line #0
        Function index: 22
        Line: 87
        Column: 0
    Attributes: [16]
Location #368
    Mapping index: 7
    Address: 4852909
    Line #0
        Function index: 23
        Line: 1
        Column: 0
    Attributes: [16]
Location #369
    Mapping index: 7
    Address: 17802355
    Line #0
        Function index: 24
        Line: 95
        Column: 0
    Attributes: [16]
Location #370
    Mapping index: 7
    Address: 18185741
    Line #0
        Function index: 25
        Line: 1420
        Column: 0
    Attributes: [16]
Location #371
    Mapping index: 7
    Address: 18185389
    Line #0
        Function index: 26
        Line: 1399
        Column: 0
    Attributes: [16]
Location #372
    Mapping index: 7
    Address: 19489045
    Line #0
        Function index: 27
        Line: 547
        Column: 0
    Attributes: [16]
Location #373
    Mapping index: 7
    Address: 19380040
    Line #0
        Function index: 28
        Line: 449
        Column: 0
    Attributes: [16]
Location #374
    Mapping index: 7
    Address: 19373291
    Line #0
        Function index: 29
        Line: 222
        Column: 0
    Attributes: [16]
Location #375
    Mapping index: 7
    Address: 19422167
    Line #0
        Function index: 30
        Line: 384
        Column: 0
    Attributes: [16]
Location #376
    Mapping index: 7
    Address: 19432468
    Line #0
        Function index: 31
        Line: 606
        Column: 0
    Attributes: [16]
Location #377
    Mapping index: 7
    Address: 18445717
    Line #0
        Function index: 32
        Line: 403
        Column: 0
    Attributes: [16]
Location #378
    Mapping index: 7
    Address: 18443691
    Line #0
        Function index: 33
        Line: 378
        Column: 0
    Attributes: [16]
Location #379
    Mapping index: 7
    Address: 18444583
    Line #0
        Function index: 34
        Line: 407
        Column: 0
    Attributes: [16]
Location #380
    Mapping index: 7
    Address: 19428093
    Line #0
        Function index: 35
        Line: 552
        Column: 0
    Attributes: [16]
Location #381
    Mapping index: 7
    Address: 19501466
    Line #0
        Function index: 36
        Line: 57
        Column: 0
    Attributes: [16]
Location #382
    Mapping index: 7
    Address: 19500935
    Line #0
        Function index: 37
        Line: 47
        Column: 0
    Attributes: [16]
Location #383
    Mapping index: 7
    Address: 4740960
    Line #0
        Function index: 38
        Line: 1694
        Column: 0
    Attributes: [16]
Location #384
    Mapping index: 5
    Address: 12357811
    Line #0
        Function index: 39
        Line: 0
        Column: 0
    Attributes: [12]
Location #385
    Mapping index: 5
    Address: 6564251
    Line #0
        Function index: 13
        Line: 0
        Column: 0
    Attributes: [12]
Location #386
    Mapping index: 7
    Address: 4740294
    Line #0
        Function index: 40
        Line: 806
        Column: 0
    Attributes: [16]
Location #387
    Mapping index: 7
    Address: 4488209
    Line #0
        Function index: 41
        Line: 248
        Column: 0
    Attributes: [16]
Location #388
    Mapping index: 7
    Address: 4370116
    Line #0
        Function index: 42
        Line: 240
        Column: 0
    Attributes: [16]
Location #389
    Mapping index: 7
    Address: 4369220
    Line #0
        Function index: 43
        Line: 222
        Column: 0
    Attributes: [16]
Location #390
    Mapping index: 7
    Address: 4378642
    Line #0
        Function index: 44
        Line: 1207
        Column: 0
    Attributes: [16]
Location #391
    Mapping index: 7
    Address: 4362713
    Line #0
        Function index: 45
        Line: 1542
        Column: 0
    Attributes: [16]
Location #392
    Mapping index: 7
    Address: 4733225
    Line #0
        Function index: 46
        Line: 517
        Column: 0
    Attributes: [16]
Location #393
    Mapping index: 7
    Address: 4361840
    Line #0
        Function index: 47
        Line: 1523
        Column: 0
    Attributes: [16]
Location #394
    Mapping index: 7
    Address: 4361284
    Line #0
        Function index: 48
        Line: 1373
        Column: 0
    Attributes: [16]
Location #395
    Mapping index: 7
    Address: 4729670
    Line #0
        Function index: 49
        Line: 1262
        Column: 0
    Attributes: [16]
Location #396
    Mapping index: 7
    Address: 4271091
    Line #0
        Function index: 50
        Line: 41
        Column: 0
    Attributes: [16]
Location #397
    Mapping index: 7
    Address: 4261744
    Line #0
        Function index: 51
        Line: 141
        Column: 0
    Attributes: [16]
Location #398
    Mapping index: 7
    Address: 19380920
    Line #0
        Function index: 52
        Line: 506
        Column: 0
    Attributes: [16]
Location #399
    Mapping index: 7
    Address: 19379752
    Line #0
        Function index: 28
        Line: 437
        Column: 0
    Attributes: [16]
Location #400
    Mapping index: 7
    Address: 4262016
    Line #0
        Function index: 53
        Line: 154
        Column: 0
    Attributes: [16]
Location #401
    Mapping index: 7
    Address: 4744725
    Line #0
        Function index: 54
        Line: 122
        Column: 0
    Attributes: [16]
Location #402
    Mapping index: 7
    Address: 4719229
    Line #0
        Function index: 55
        Line: 285
        Column: 0
    Attributes: [16]
Location #403
    Mapping index: 7
    Address: 18900310
    Line #0
        Function index: 56
        Line: 119
        Column: 0
    Attributes: [16]
Location #404
    Mapping index: 7
    Address: 18933479
    Line #0
        Function index: 57
        Line: 1003
        Column: 0
    Attributes: [16]
Location #405
    Mapping index: 7
    Address: 18935371
    Line #0
        Function index: 58
        Line: 1191
        Column: 0
    Attributes: [16]
Location #406
    Mapping index: 7
    Address: 18936615
    Line #0
        Function index: 59
        Line: 1246
        Column: 0
    Attributes: [16]
Location #407
    Mapping index: 7
    Address: 18958365
    Line #0
        Function index: 60
        Line: 209
        Column: 0
    Attributes: [16]
Location #408
    Mapping index: 7
    Address: 18957892
    Line #0
        Function index: 61
        Line: 182
        Column: 0
    Attributes: [16]
Location #409
    Mapping index: 7
    Address: 18959142
    Line #0
        Function index: 62
        Line: 37
        Column: 0
    Attributes: [16]
Location #410
    Mapping index: 7
    Address: 19372701
    Line #0
        Function index: 29
        Line: 187
        Column: 0
    Attributes: [16]
Location #411
    Mapping index: 5
    Address: 7792350
    Line #0
        Function index: 63
        Line: 0
        Column: 0
    Attributes: [12]
Location #412
    Mapping index: 5
    Address: 4005465
    Line #0
        Function index: 8
        Line: 0
        Column: 0
    Attributes: [12]
Location #413
    Mapping index: 7
    Address: 4744153
    Line #0
        Function index: 64
        Line: 127
        Column: 0
    Attributes: [16]
Location #414
    Mapping index: 7
    Address: 4719204
    Line #0
        Function index: 55
        Line: 283
        Column: 0
    Attributes: [16]
Location #415
    Mapping index: 7
    Address: 18933379
    Line #0
        Function index: 57
        Line: 1012
        Column: 0
    Attributes: [16]
Location #416
    Mapping index: 8
    Address: 3397
    Attributes: [2]
Location #417
    Mapping index: 7
    Address: 4747628
    Line #0
        Function index: 65
        Line: 265
        Column: 0
    Attributes: [16]
Location #418
    Mapping index: 5
    Address: 22409899
    Line #0
        Function index: 66
        Line: 0
        Column: 0
    Attributes: [12]
Location #419
    Mapping index: 5
    Address: 12325482
    Line #0
        Function index: 67
        Line: 0
        Column: 0
    Attributes: [12]
Location #420
    Mapping index: 5
    Address: 7334450
    Line #0
        Function index: 68
        Line: 0
        Column: 0
    Attributes: [12]
Location #421
    Mapping index: 5
    Address: 7348730
    Line #0
        Function index: 69
        Line: 0
        Column: 0
    Attributes: [12]
Location #422
    Mapping index: 5
    Address: 9745311
    Line #0
        Function index: 70
        Line: 0
        Column: 0
    Attributes: [12]
Location #423
    Mapping index: 5
    Address: 8662904
    Line #0
        Function index: 71
        Line: 0
        Column: 0
    Attributes: [12]
Location #424
    Mapping index: 5
    Address: 8663398
    Line #0
        Function index: 72
        Line: 0
        Column: 0
    Attributes: [12]
Location #425
    Mapping index: 5
    Address: 3170940
    Line #0
        Function index: 17
        Line: 0
        Column: 0
    Attributes: [12]
Location #426
    Mapping index: 7
    Address: 4849289
    Line #0
        Function index: 73
        Line: 97
        Column: 0
    Attributes: [16]
Location #427
    Mapping index: 7
    Address: 4843876
    Line #0
        Function index: 74
        Line: 1231
        Column: 0
    Attributes: [16]
Location #428
    Mapping index: 7
    Address: 5236495
    Line #0
        Function index: 75
        Line: 226
        Column: 0
    Attributes: [16]
Location #429
    Mapping index: 7
    Address: 5283499
    Line #0
        Function index: 76
        Line: 163
        Column: 0
    Attributes: [16]
Location #430
    Mapping index: 7
    Address: 18407621
    Line #0
        Function index: 77
        Line: 246
        Column: 0
    Attributes: [16]
Location #431
    Mapping index: 7
    Address: 18449967
    Line #0
        Function index: 78
        Line: 572
        Column: 0
    Attributes: [16]
Location #432
    Mapping index: 7
    Address: 19423806
    Line #0
        Function index: 79
        Line: 360
        Column: 0
    Attributes: [16]
Location #433
    Mapping index: 7
    Address: 18430807
    Line #0
        Function index: 80
        Line: 53
        Column: 0
    Attributes: [16]
Location #434
    Mapping index: 7
    Address: 19417076
    Line #0
        Function index: 81
        Line: 232
        Column: 0
    Attributes: [16]
Location #435
    Mapping index: 7
    Address: 19421394
    Line #0
        Function index: 30
        Line: 364
        Column: 0
    Attributes: [16]
Location #436
    Mapping index: 7
    Address: 4362893
    Line #0
        Function index: 45
        Line: 1562
        Column: 0
    Attributes: [16]
Location #437
    Mapping index: 7
    Address: 18939748
    Line #0
        Function index: 82
        Line: 202
        Column: 0
    Attributes: [16]
Location #438
    Mapping index: 7
    Address: 18929350
    Line #0
        Function index: 83
        Line: 858
        Column: 0
    Attributes: [16]
Location #439
    Mapping index: 7
    Address: 18933225
    Line #0
        Function index: 57
        Line: 1010
        Column: 0
    Attributes: [16]
Location #440
    Mapping index: 5
    Address: 4020127
    Line #0
        Function index: 84
        Line: 0
        Column: 0
    Attributes: [12]
Location #441
    Mapping index: 5
    Address: 7775178
    Line #0
        Function index: 85
        Line: 0
        Column: 0
    Attributes: [12]
Location #442
    Mapping index: 5
    Address: 7776501
    Line #0
        Function index: 86
        Line: 0
        Column: 0
    Attributes: [12]
Location #443
    Mapping index: 5
    Address: 7777002
    Line #0
        Function index: 87
        Line: 0
        Column: 0
    Attributes: [12]
Location #444
    Mapping index: 5
    Address: 7778573
    Line #0
        Function index: 88
        Line: 0
        Column: 0
    Attributes: [12]
Location #445
    Mapping index: 5
    Address: 7779061
    Line #0
        Function index: 89
        Line: 0
        Column: 0
    Attributes: [12]
Location #446
    Mapping index: 5
    Address: 7779877
    Line #0
        Function index: 90
        Line: 0
        Column: 0
    Attributes: [12]
Location #447
    Mapping index: 5
    Address: 8142889
    Line #0
        Function index: 91
        Line: 0
        Column: 0
    Attributes: [12]
Location #448
    Mapping index: 5
    Address: 8126690
    Line #0
        Function index: 92
        Line: 0
        Column: 0
    Attributes: [12]
Location #449
    Mapping index: 5
    Address: 8130409
    Line #0
        Function index: 93
        Line: 0
        Column: 0
    Attributes: [12]
Location #450
    Mapping index: 5
    Address: 8143476
    Line #0
        Function index: 94
        Line: 0
        Column: 0
    Attributes: [12]
Location #451
    Mapping index: 5
    Address: 8143594
    Line #0
        Function index: 95
        Line: 0
        Column: 0
    Attributes: [12]
Location #452
    Mapping index: 5
    Address: 3169800
    Line #0
        Function index: 17
        Line: 0
        Column: 0
    Attributes: [12]
Location #453
    Mapping index: 7
    Address: 4748630
    Line #0
        Function index: 96
        Line: 544
        Column: 0
    Attributes: [16]
Location #454
    Mapping index: 7
    Address: 4337013
    Line #0
        Function index: 97
        Line: 64
        Column: 0
    Attributes: [16]
Location #455
    Mapping index: 7
    Address: 4394116
    Line #0
        Function index: 98
        Line: 783
        Column: 0
    Attributes: [16]
Location #456
    Mapping index: 7
    Address: 4393038
    Line #0
        Function index: 99
        Line: 683
        Column: 0
    Attributes: [16]
Location #457
    Mapping index: 7
    Address: 4392870
    Line #0
        Function index: 100
        Line: 682
        Column: 0
    Attributes: [16]
Location #458
    Mapping index: 7
    Address: 4688967
    Line #0
        Function index: 101
        Line: 395
        Column: 0
    Attributes: [16]
Location #459
    Mapping index: 7
    Address: 4392236
    Line #0
        Function index: 102
        Line: 612
        Column: 0
    Attributes: [16]
Location #460
    Mapping index: 7
    Address: 4392615
    Line #0
        Function index: 103
        Line: 657
        Column: 0
    Attributes: [16]
Location #461
    Mapping index: 7
    Address: 4351524
    Line #0
        Function index: 104
        Line: 213
        Column: 0
    Attributes: [16]
Location #462
    Mapping index: 7
    Address: 18933257
    Line #0
        Function index: 57
        Line: 1010
        Column: 0
    Attributes: [16]
Location #463
    Mapping index: 7
    Address: 4262034
    Line #0
        Function index: 53
        Line: 154
        Column: 0
    Attributes: [16]
Location #464
    Mapping index: 5
    Address: 11982245
    Line #0
        Function index: 105
        Line: 0
        Column: 0
    Attributes: [12]
Location #465
    Mapping index: 5
    Address: 8188183
    Line #0
        Function index: 106
        Line: 0
        Column: 0
    Attributes: [12]
Location #466
    Mapping index: 5
    Address: 7805937
    Line #0
        Function index: 3
        Line: 0
        Column: 0
    Attributes: [12]
Location #467
    Mapping index: 5
    Address: 22447056
    Line #0
        Function index: 107
        Line: 0
        Column: 0
    Attributes: [12]
Location #468
    Mapping index: 9
    Address: 70001
    Line #0
        Function index: 108
        Line: 0
        Column: 0
    Attributes: [12]
Location #469
    Mapping index: 9
    Address: 1605753
    Line #0
        Function index: 109
        Line: 0
        Column: 0
    Attributes: [12]
Location #470
    Mapping index: 9
    Address: 1597709
    Line #0
        Function index: 110
        Line: 0
        Column: 0
    Attributes: [12]
Location #471
    Mapping index: 9
    Address: 1613276
    Line #0
        Function index: 111
        Line: 0
        Column: 0
    Attributes: [12]
Location #472
    Mapping index: 9
    Address: 2035174
    Line #0
        Function index: 112
        Line: 0
        Column: 0
    Attributes: [12]
Location #473
    Mapping index: 9
    Address: 2035354
    Line #0
        Function index: 113
        Line: 0
        Column: 0
    Attributes: [12]
Location #474
    Mapping index: 9
    Address: 2035719
    Line #0
        Function index: 114
        Line: 0
        Column: 0
    Attributes: [12]
Location #475
    Mapping index: 5
    Address: 16090173
    Line #0
        Function index: 115
        Line: 0
        Column: 0
    Attributes: [12]
Location #476
    Mapping index: 5
    Address: 16090372
    Line #0
        Function index: 116
        Line: 0
        Column: 0
    Attributes: [12]
Location #477
    Mapping index: 5
    Address: 16091159
    Line #0
        Function index: 117
        Line: 0
        Column: 0
    Attributes: [12]
Location #478
    Mapping index: 9
    Address: 1452762
    Line #0
        Function index: 118
        Line: 0
        Column: 0
    Attributes: [12]
Location #479
    Mapping index: 9
    Address: 1455001
    Line #0
        Function index: 119
        Line: 0
        Column: 0
    Attributes: [12]
Location #480
    Mapping index: 5
    Address: 4411081
    Line #0
        Function index: 120
        Line: 0
        Column: 0
    Attributes: [12]
Location #481
    Mapping index: 5
    Address: 4412409
    Line #0
        Function index: 121
        Line: 0
        Column: 0
    Attributes: [12]
Location #482
    Mapping index: 5
    Address: 4461015
    Line #0
        Function index: 122
        Line: 0
        Column: 0
    Attributes: [12]
Location #483
    Mapping index: 5
    Address: 3573443
    Line #0
        Function index: 123
        Line: 0
        Column: 0
    Attributes: [12]
Location #484
    Mapping index: 5
    Address: 3163321
    Line #0
        Function index: 124
        Line: 0
        Column: 0
    Attributes: [12]
Location #485
    Mapping index: 4
    Address: 701197
    Attributes: [2]
Location #486
    Mapping index: 4
    Address: 712141
    Attributes: [2]
Location #487
    Mapping index: 10
    Address: 16722263
    Attributes: [2]
Location #488
    Mapping index: 10
    Address: 15885686
    Attributes: [2]
Location #489
    Mapping index: 10
    Address: 15967978
    Attributes: [2]
Location #490
    Mapping index: 10
    Address: 15905384
    Attributes: [2]
Location #491
    Mapping index: 10
    Address: 16317066
    Attributes: [2]
Location #492
    Mapping index: 10
    Address: 15858770
    Attributes: [2]
Location #493
    Mapping index: 10
    Address: 16637480
    Attributes: [2]
Location #494
    Mapping index: 10
    Address: 21388591
    Attributes: [2]
Location #495
    Mapping index: 10
    Address: 16319364
    Attributes: [2]
Location #496
    Mapping index: 10
    Address: 14536356
    Attributes: [2]
Location #497
    Mapping index: 4
    Address: 1607050
    Attributes: [2]
Location #498
    Mapping index: 10
    Address: 15712643
    Attributes: [2]
Location #499
    Mapping index: 10
    Address: 16925696
    Attributes: [2]
Location #500
    Mapping index: 10
    Address: 16919781
    Attributes: [2]
Location #501
    Mapping index: 10
    Address: 15518371
    Attributes: [2]
Location #502
    Mapping index: 10
    Address: 15968003
    Attributes: [2]
Location #503
    Mapping index: 5
    Address: 8002275
    Line #0
        Function index: 125
        Line: 0
        Column: 0
    Attributes: [12]
Location #504
    Mapping index: 5
    Address: 8022980
    Line #0
        Function index: 126
        Line: 0
        Column: 0
    Attributes: [12]
Location #505
    Mapping index: 5
    Address: 7582330
    Line #0
        Function index: 127
        Line: 0
        Column: 0
    Attributes: [12]
Location #506
    Mapping index: 5
    Address: 7587234
    Line #0
        Function index: 128
        Line: 0
        Column: 0
    Attributes: [12]
Function #0
    Name: 0
    System name: 0
    Filename: 0
    Start line: 0
Function #1
    Name: 16
    System name: 0
    Filename: 0
    Start line: 0
Function #2
    Name: 17
    System name: 0
    Filename: 0
    Start line: 0
Function #3
    Name: 18
    System name: 0
    Filename: 0
    Start line: 0
Function #4
    Name: 19
    System name: 0
    Filename: 0
    Start line: 0
Function #5
    Name: 20
    System name: 0
    Filename: 0
    Start line: 0
Function #6
    Name: 21
    System name: 0
    Filename: 0
    Start line: 0
Function #7
    Name: 22
    System name: 0
    Filename: 0
    Start line: 0
Function #8
    Name: 23
    System name: 0
    Filename: 0
    Start line: 0
Function #9
    Name: 24
    System name: 0
    Filename: 0
    Start line: 0
Function #10
    Name: 25
    System name: 0
    Filename: 0
    Start line: 0
Function #11
    Name: 27
    System name: 0
    Filename: 0
    Start line: 0
Function #12
    Name: 28
    System name: 0
    Filename: 0
    Start line: 0
Function #13
    Name: 29
    System name: 0
    Filename: 0
    Start line: 0
Function #14
    Name: 30
    System name: 0
    Filename: 0
    Start line: 0
Function #15
    Name: 31
    System name: 0
    Filename: 0
    Start line: 0
Function #16
    Name: 32
    System name: 0
    Filename: 0
    Start line: 0
Function #17
    Name: 33
    System name: 0
    Filename: 0
    Start line: 0
Function #18
    Name: 34
    System name: 0
    Filename: 0
    Start line: 0
Function #19
    Name: 35
    System name: 0
    Filename: 0
    Start line: 0
Function #20
    Name: 38
    System name: 0
    Filename: 39
    Start line: 0
Function #21
    Name: 40
    System name: 0
    Filename: 41
    Start line: 0
Function #22
    Name: 42
    System name: 0
    Filename: 41
    Start line: 0
Function #23
    Name: 42
    System name: 0
    Filename: 43
    Start line: 0
Function #24
    Name: 44
    System name: 0
    Filename: 45
    Start line: 0
Function #25
    Name: 46
    System name: 0
    Filename: 47
    Start line: 0
Function #26
    Name: 48
    System name: 0
    Filename: 47
    Start line: 0
Function #27
    Name: 49
    System name: 0
    Filename: 50
    Start line: 0
Function #28
    Name: 51
    System name: 0
    Filename: 52
    Start line: 0
Function #29
    Name: 53
    System name: 0
    Filename: 52
    Start line: 0
Function #30
    Name: 54
    System name: 0
    Filename: 55
    Start line: 0
Function #31
    Name: 56
    System name: 0
    Filename: 55
    Start line: 0
Function #32
    Name: 57
    System name: 0
    Filename: 58
    Start line: 0
Function #33
    Name: 59
    System name: 0
    Filename: 58
    Start line: 0
Function #34
    Name: 60
    System name: 0
    Filename: 58
    Start line: 0
Function #35
    Name: 61
    System name: 0
    Filename: 55
    Start line: 0
Function #36
    Name: 62
    System name: 0
    Filename: 63
    Start line: 0
Function #37
    Name: 64
    System name: 0
    Filename: 63
    Start line: 0
Function #38
    Name: 65
    System name: 0
    Filename: 66
    Start line: 0
Function #39
    Name: 67
    System name: 0
    Filename: 0
    Start line: 0
Function #40
    Name: 68
    System name: 0
    Filename: 66
    Start line: 0
Function #41
    Name: 69
    System name: 0
    Filename: 70
    Start line: 0
Function #42
    Name: 71
    System name: 0
    Filename: 72
    Start line: 0
Function #43
    Name: 73
    System name: 0
    Filename: 72
    Start line: 0
Function #44
    Name: 74
    System name: 0
    Filename: 72
    Start line: 0
Function #45
    Name: 75
    System name: 0
    Filename: 76
    Start line: 0
Function #46
    Name: 77
    System name: 0
    Filename: 66
    Start line: 0
Function #47
    Name: 78
    System name: 0
    Filename: 76
    Start line: 0
Function #48
    Name: 79
    System name: 0
    Filename: 76
    Start line: 0
Function #49
    Name: 80
    System name: 0
    Filename: 66
    Start line: 0
Function #50
    Name: 81
    System name: 0
    Filename: 82
    Start line: 0
Function #51
    Name: 83
    System name: 0
    Filename: 84
    Start line: 0
Function #52
    Name: 85
    System name: 0
    Filename: 52
    Start line: 0
Function #53
    Name: 83
    System name: 0
    Filename: 86
    Start line: 0
Function #54
    Name: 87
    System name: 0
    Filename: 88
    Start line: 0
Function #55
    Name: 89
    System name: 0
    Filename: 90
    Start line: 0
Function #56
    Name: 91
    System name: 0
    Filename: 92
    Start line: 0
Function #57
    Name: 93
    System name: 0
    Filename: 94
    Start line: 0
Function #58
    Name: 95
    System name: 0
    Filename: 94
    Start line: 0
Function #59
    Name: 96
    System name: 0
    Filename: 94
    Start line: 0
Function #60
    Name: 97
    System name: 0
    Filename: 98
    Start line: 0
Function #61
    Name: 99
    System name: 0
    Filename: 98
    Start line: 0
Function #62
    Name: 100
    System name: 0
    Filename: 101
    Start line: 0
Function #63
    Name: 102
    System name: 0
    Filename: 0
    Start line: 0
Function #64
    Name: 103
    System name: 0
    Filename: 104
    Start line: 0
Function #65
    Name: 106
    System name: 0
    Filename: 107
    Start line: 0
Function #66
    Name: 108
    System name: 0
    Filename: 0
    Start line: 0
Function #67
    Name: 109
    System name: 0
    Filename: 0
    Start line: 0
Function #68
    Name: 110
    System name: 0
    Filename: 0
    Start line: 0
Function #69
    Name: 111
    System name: 0
    Filename: 0
    Start line: 0
Function #70
    Name: 112
    System name: 0
    Filename: 0
    Start line: 0
Function #71
    Name: 113
    System name: 0
    Filename: 0
    Start line: 0
Function #72
    Name: 114
    System name: 0
    Filename: 0
    Start line: 0
Function #73
    Name: 115
    System name: 0
    Filename: 41
    Start line: 0
Function #74
    Name: 116
    System name: 0
    Filename: 117
    Start line: 0
Function #75
    Name: 118
    System name: 0
    Filename: 119
    Start line: 0
Function #76
    Name: 120
    System name: 0
    Filename: 121
    Start line: 0
Function #77
    Name: 122
    System name: 0
    Filename: 123
    Start line: 0
Function #78
    Name: 124
    System name: 0
    Filename: 58
    Start line: 0
Function #79
    Name: 125
    System name: 0
    Filename: 55
    Start line: 0
Function #80
    Name: 126
    System name: 0
    Filename: 127
    Start line: 0
Function #81
    Name: 128
    System name: 0
    Filename: 55
    Start line: 0
Function #82
    Name: 129
    System name: 0
    Filename: 130
    Start line: 0
Function #83
    Name: 131
    System name: 0
    Filename: 94
    Start line: 0
Function #84
    Name: 132
    System name: 0
    Filename: 0
    Start line: 0
Function #85
    Name: 133
    System name: 0
    Filename: 0
    Start line: 0
Function #86
    Name: 134
    System name: 0
    Filename: 0
    Start line: 0
Function #87
    Name: 135
    System name: 0
    Filename: 0
    Start line: 0
Function #88
    Name: 136
    System name: 0
    Filename: 0
    Start line: 0
Function #89
    Name: 137
    System name: 0
    Filename: 0
    Start line: 0
Function #90
    Name: 138
    System name: 0
    Filename: 0
    Start line: 0
Function #91
    Name: 139
    System name: 0
    Filename: 0
    Start line: 0
Function #92
    Name: 140
    System name: 0
    Filename: 0
    Start line: 0
Function #93
    Name: 141
    System name: 0
    Filename: 0
    Start line: 0
Function #94
    Name: 142
    System name: 0
    Filename: 0
    Start line: 0
Function #95
    Name: 143
    System name: 0
    Filename: 0
    Start line: 0
Function #96
    Name: 144
    System name: 0
    Filename: 107
    Start line: 0
Function #97
    Name: 145
    System name: 0
    Filename: 146
    Start line: 0
Function #98
    Name: 147
    System name: 0
    Filename: 148
    Start line: 0
Function #99
    Name: 149
    System name: 0
    Filename: 148
    Start line: 0
Function #100
    Name: 150
    System name: 0
    Filename: 148
    Start line: 0
Function #101
    Name: 151
    System name: 0
    Filename: 148
    Start line: 0
Function #102
    Name: 152
    System name: 0
    Filename: 148
    Start line: 0
Function #103
    Name: 153
    System name: 0
    Filename: 148
    Start line: 0
Function #104
    Name: 154
    System name: 0
    Filename: 76
    Start line: 0
Function #105
    Name: 155
    System name: 0
    Filename: 0
    Start line: 0
Function #106
    Name: 156
    System name: 0
    Filename: 0
    Start line: 0
Function #107
    Name: 157
    System name: 0
    Filename: 0
    Start line: 0
Function #108
    Name: 159
    System name: 0
    Filename: 0
    Start line: 0
Function #109
    Name: 160
    System name: 0
    Filename: 0
    Start line: 0
Function #110
    Name: 161
    System name: 0
    Filename: 0
    Start line: 0
Function #111
    Name: 162
    System name: 0
    Filename: 0
    Start line: 0
Function #112
    Name: 163
    System name: 0
    Filename: 0
    Start line: 0
Function #113
    Name: 164
    System name: 0
    Filename: 0
    Start line: 0
Function #114
    Name: 165
    System name: 0
    Filename: 0
    Start line: 0
Function #115
    Name: 166
    System name: 0
    Filename: 0
    Start line: 0
Function #116
    Name: 167
    System name: 0
    Filename: 0
    Start line: 0
Function #117
    Name: 168
    System name: 0
    Filename: 0
    Start line: 0
Function #118
    Name: 169
    System name: 0
    Filename: 0
    Start line: 0
Function #119
    Name: 170
    System name: 0
    Filename: 0
    Start line: 0
Function #120
    Name: 171
    System name: 0
    Filename: 0
    Start line: 0
Function #121
    Name: 172
    System name: 0
    Filename: 0
    Start line: 0
Function #122
    Name: 173
    System name: 0
    Filename: 0
    Start line: 0
Function #123
    Name: 174
    System name: 0
    Filename: 0
    Start line: 0
Function #124
    Name: 175
    System name: 0
    Filename: 0
    Start line: 0
Function #125
    Name: 177
    System name: 0
    Filename: 0
    Start line: 0
Function #126
    Name: 178
    System name: 0
    Filename: 0
    Start line: 0
Function #127
    Name: 179
    System name: 0
    Filename: 0
    Start line: 0
Function #128
    Name: 180
    System name: 0
    Filename: 0
    Start line: 0
Attribute table:
     -> Key: Int(13)
     -> Value: Str(1175197)
     -> unit: Int(0)
Link table:
     -> Trace ID: Str()
     -> Span ID: Str()
String table:
    
    cpu
    nanoseconds
    samples
    count
    libclang-cpp.so.18.1
    process.executable.build_id.htlhash
    profile.frame.type
    clang
    libLLVM.so.1
    process.executable.build_id.gnu
    libc.so.6
    thread.name
    thread.id
    cpu.logical_number
    vmlinux
    get_mem_cgroup_from_mm
    __mem_cgroup_charge
    alloc_anon_folio
    do_anonymous_page
    handle_pte_fault
    __handle_mm_fault
    handle_mm_fault
    do_user_addr_fault
    exc_page_fault
    asm_exc_page_fault
    libstdc++.so.6.0.35
    __check_object_size.part.0
    __check_object_size
    generic_map_update_batch
    bpf_map_do_batch
    __sys_bpf
    __x64_sys_bpf
    x64_sys_call
    do_syscall_64
    entry_SYSCALL_64_after_hwframe
    otelcol-ebpf-profiler
    process.executable.build_id.go
    internal/runtime/syscall.Syscall6
    /home/yunwei37/go/pkg/mod/golang.org/toolchain@v0.0.1-go1.25.0.linux-amd64/src/internal/runtime/syscall/asm_linux_amd64.s
    syscall.RawSyscall6
    /home/yunwei37/go/pkg/mod/golang.org/toolchain@v0.0.1-go1.25.0.linux-amd64/src/syscall/syscall_linux.go
    syscall.Syscall
    <autogenerated>
    github.com/cilium/ebpf/internal/sys.BPF
    /home/yunwei37/go/pkg/mod/github.com/cilium/ebpf@v0.21.0/internal/unix/types_linux.go
    github.com/cilium/ebpf.(*Map).batchUpdate
    /home/yunwei37/go/pkg/mod/github.com/cilium/ebpf@v0.21.0/map.go
    github.com/cilium/ebpf.(*Map).BatchUpdate
    go.opentelemetry.io/ebpf-profiler/processmanager/ebpf.(*ebpfMapsImpl).UpdateExeIDToStackDeltas
    /tmp/opentelemetry-ebpf-profiler/processmanager/ebpf/ebpf.go
    go.opentelemetry.io/ebpf-profiler/processmanager/execinfomanager.(*executableInfoManagerState).loadDeltas
    /tmp/opentelemetry-ebpf-profiler/processmanager/execinfomanager/manager.go
    go.opentelemetry.io/ebpf-profiler/processmanager/execinfomanager.(*ExecutableInfoManager).AddOrIncRef
    go.opentelemetry.io/ebpf-profiler/processmanager.(*ProcessManager).newFrameMapping
    /tmp/opentelemetry-ebpf-profiler/processmanager/processinfo.go
    go.opentelemetry.io/ebpf-profiler/processmanager.(*ProcessManager).SynchronizeProcess.func1
    go.opentelemetry.io/ebpf-profiler/process.(*systemProcess).IterateMappings.func1
    /tmp/opentelemetry-ebpf-profiler/process/process.go
    go.opentelemetry.io/ebpf-profiler/process.iterateMappings
    go.opentelemetry.io/ebpf-profiler/process.(*systemProcess).IterateMappings
    go.opentelemetry.io/ebpf-profiler/processmanager.(*ProcessManager).SynchronizeProcess
    go.opentelemetry.io/ebpf-profiler/tracer.(*Tracer).processPIDEvents
    /tmp/opentelemetry-ebpf-profiler/tracer/events.go
    go.opentelemetry.io/ebpf-profiler/tracer.(*Tracer).StartPIDEventProcessor.gowrap1
    runtime.goexit
    /home/yunwei37/go/pkg/mod/golang.org/toolchain@v0.0.1-go1.25.0.linux-amd64/src/runtime/asm_amd64.s
    _copy_from_user
    runtime.procyield
    runtime.suspendG
    /home/yunwei37/go/pkg/mod/golang.org/toolchain@v0.0.1-go1.25.0.linux-amd64/src/runtime/preempt.go
    runtime.markroot.func1
    /home/yunwei37/go/pkg/mod/golang.org/toolchain@v0.0.1-go1.25.0.linux-amd64/src/runtime/mgcmark.go
    runtime.markroot
    runtime.gcDrain
    runtime.gcBgMarkWorker.func2
    /home/yunwei37/go/pkg/mod/golang.org/toolchain@v0.0.1-go1.25.0.linux-amd64/src/runtime/mgc.go
    runtime.systemstack
    runtime.gcBgMarkWorker
    runtime.gcBgMarkStartWorkers.gowrap1
    aeshashbody
    runtime.memhash_varlen
    /home/yunwei37/go/pkg/mod/golang.org/toolchain@v0.0.1-go1.25.0.linux-amd64/src/runtime/alg.go
    runtime.mapaccess2
    /home/yunwei37/go/pkg/mod/golang.org/toolchain@v0.0.1-go1.25.0.linux-amd64/src/internal/runtime/maps/runtime_swiss.go
    go.opentelemetry.io/ebpf-profiler/processmanager/execinfomanager.(*executableInfoManagerState).getUnwindInfoIndex
    /home/yunwei37/go/pkg/mod/golang.org/toolchain@v0.0.1-go1.25.0.linux-amd64/src/internal/runtime/maps/group.go
    runtime.memmove
    /home/yunwei37/go/pkg/mod/golang.org/toolchain@v0.0.1-go1.25.0.linux-amd64/src/runtime/memmove_amd64.s
    runtime.growslice
    /home/yunwei37/go/pkg/mod/golang.org/toolchain@v0.0.1-go1.25.0.linux-amd64/src/runtime/slice.go
    go.opentelemetry.io/ebpf-profiler/nativeunwind/stackdeltatypes.(*StackDeltaArray).AddEx
    /tmp/opentelemetry-ebpf-profiler/nativeunwind/stackdeltatypes/stackdeltatypes.go
    go.opentelemetry.io/ebpf-profiler/nativeunwind/elfunwindinfo.(*elfExtractor).parseFDE
    /tmp/opentelemetry-ebpf-profiler/nativeunwind/elfunwindinfo/elfehframe.go
    go.opentelemetry.io/ebpf-profiler/nativeunwind/elfunwindinfo.(*elfExtractor).walkBinSearchTable
    go.opentelemetry.io/ebpf-profiler/nativeunwind/elfunwindinfo.(*elfExtractor).parseEHFrame
    go.opentelemetry.io/ebpf-profiler/nativeunwind/elfunwindinfo.extractFile
    /tmp/opentelemetry-ebpf-profiler/nativeunwind/elfunwindinfo/stackdeltaextraction.go
    go.opentelemetry.io/ebpf-profiler/nativeunwind/elfunwindinfo.ExtractELF
    go.opentelemetry.io/ebpf-profiler/nativeunwind/elfunwindinfo.(*ELFStackDeltaProvider).GetIntervalStructuresForFile
    /tmp/opentelemetry-ebpf-profiler/nativeunwind/elfunwindinfo/stackdeltaprovider.go
    lock_vma_under_rcu
    runtime.memclrNoHeapPointers
    /home/yunwei37/go/pkg/mod/golang.org/toolchain@v0.0.1-go1.25.0.linux-amd64/src/runtime/memclr_amd64.s
    linux-vdso.1.so
    runtime.nanotime1
    /home/yunwei37/go/pkg/mod/golang.org/toolchain@v0.0.1-go1.25.0.linux-amd64/src/runtime/sys_linux_amd64.s
    __cond_resched
    copy_page_to_iter
    filemap_read
    generic_file_read_iter
    ext4_file_read_iter
    vfs_read
    __x64_sys_pread64
    syscall.Syscall6
    syscall.pread
    /home/yunwei37/go/pkg/mod/golang.org/toolchain@v0.0.1-go1.25.0.linux-amd64/src/syscall/zsyscall_linux_amd64.go
    internal/poll.(*FD).Pread
    /home/yunwei37/go/pkg/mod/golang.org/toolchain@v0.0.1-go1.25.0.linux-amd64/src/syscall/syscall_unix.go
    os.(*File).ReadAt
    /home/yunwei37/go/pkg/mod/golang.org/toolchain@v0.0.1-go1.25.0.linux-amd64/src/os/file.go
    go.opentelemetry.io/ebpf-profiler/libpf/pfelf.newFile
    /tmp/opentelemetry-ebpf-profiler/libpf/pfelf/file.go
    go.opentelemetry.io/ebpf-profiler/process.OpenELFMapping
    go.opentelemetry.io/ebpf-profiler/processmanager.(*ProcessManager).newFrameMapping.func1
    go.opentelemetry.io/ebpf-profiler/libpf/pfelf.(*Reference).GetELF
    /tmp/opentelemetry-ebpf-profiler/libpf/pfelf/reference.go
    go.opentelemetry.io/ebpf-profiler/processmanager.(*ProcessManager).getELFInfo
    go.opentelemetry.io/ebpf-profiler/nativeunwind/elfunwindinfo.(*vmRegs).getUnwindInfoX86
    /tmp/opentelemetry-ebpf-profiler/nativeunwind/elfunwindinfo/elfehframe_x86.go
    go.opentelemetry.io/ebpf-profiler/nativeunwind/elfunwindinfo.(*vmRegs).getUnwindInfo
    arch_check_zapped_pte
    zap_pte_range
    zap_pmd_range.isra.0
    zap_pud_range.isra.0
    unmap_page_range
    unmap_single_vma
    zap_page_range_single
    madvise_vma_behavior
    madvise_walk_vmas
    madvise_do_behavior
    do_madvise
    __x64_sys_madvise
    runtime.madvise
    runtime.sysUnusedOS
    /home/yunwei37/go/pkg/mod/golang.org/toolchain@v0.0.1-go1.25.0.linux-amd64/src/runtime/mem_linux.go
    runtime.(*pageAlloc).scavengeOne
    /home/yunwei37/go/pkg/mod/golang.org/toolchain@v0.0.1-go1.25.0.linux-amd64/src/runtime/mgcscavenge.go
    runtime.(*pageAlloc).scavenge.func1
    runtime.(*pageAlloc).scavenge
    runtime.(*scavengerState).init.func2
    runtime.(*scavengerState).run
    runtime.bgscavenge
    runtime.gcenable.gowrap2
    blk_cgroup_congested
    __folio_throttle_swaprate
    _raw_spin_unlock_irqrestore
    i915
    fwtable_read32
    xelpdp_tc_phy_hpd_live_status
    tc_phy_hpd_live_status
    intel_tc_port_connected
    intel_digital_port_connected_locked
    intel_digital_port_connected
    intel_dp_detect
    detect_connector_status
    drm_helper_probe_detect_ctx
    drm_helper_probe_detect
    intel_hotplug_detect_connector
    i915_hpd_poll_init_work
    process_one_work
    worker_thread
    kthread
    ret_from_fork
    ret_from_fork_asm
    agentsight
    free_pcppages_bulk
    decay_pcp_high
    refresh_cpu_vm_stats
    vmstat_update
ResourceProfiles #0
Resource SchemaURL: https://opentelemetry.io/schemas/1.37.0
Resource attributes:
     -> process.pid: Int(1176215)
     -> process.executable.path: Str(/usr/lib/llvm-18/bin/clang)
     -> process.executable.name: Str(clang)
ScopeProfiles #0
ScopeProfiles SchemaURL: https://opentelemetry.io/schemas/1.37.0
InstrumentationScope go.opentelemetry.io/ebpf-profiler v0.0.0
Profile #0
    Profile ID     : 
    Start time     : 2026-06-21 19:27:57.353733786 +0000 UTC
    DurationNano   : 5000260623
    Dropped attributes count: 0
    Sample #0
        Values: []
        Attributes:
             -> thread.name: clang
             -> thread.id: %!s(int64=1176215)
             -> cpu.logical_number: %!s(int64=1)
    Sample #1
        Values: []
        Attributes:
             -> thread.name: clang
             -> thread.id: %!s(int64=1176215)
             -> cpu.logical_number: %!s(int64=1)
    Sample #2
        Values: []
        Attributes:
             -> thread.name: clang
             -> thread.id: %!s(int64=1176215)
             -> cpu.logical_number: %!s(int64=1)
    Sample #3
        Values: []
        Attributes:
             -> thread.name: clang
             -> thread.id: %!s(int64=1176215)
             -> cpu.logical_number: %!s(int64=1)
    Sample #4
        Values: []
        Attributes:
             -> thread.name: clang
             -> thread.id: %!s(int64=1176215)
             -> cpu.logical_number: %!s(int64=1)
    Sample #5
        Values: []
        Attributes:
             -> thread.name: clang
             -> thread.id: %!s(int64=1176215)
             -> cpu.logical_number: %!s(int64=1)
    Sample #6
        Values: []
        Attributes:
             -> thread.name: clang
             -> thread.id: %!s(int64=1176215)
             -> cpu.logical_number: %!s(int64=1)
    Sample #7
        Values: []
        Attributes:
             -> thread.name: clang
             -> thread.id: %!s(int64=1176215)
             -> cpu.logical_number: %!s(int64=1)
    Sample #8
        Values: []
        Attributes:
             -> thread.name: clang
             -> thread.id: %!s(int64=1176215)
             -> cpu.logical_number: %!s(int64=1)
    Sample #9
        Values: []
        Attributes:
             -> thread.name: clang
             -> thread.id: %!s(int64=1176215)
             -> cpu.logical_number: %!s(int64=1)
    Sample #10
        Values: []
        Attributes:
             -> thread.name: clang
             -> thread.id: %!s(int64=1176215)
             -> cpu.logical_number: %!s(int64=1)
    Sample #11
        Values: []
        Attributes:
             -> thread.name: clang
             -> thread.id: %!s(int64=1176215)
             -> cpu.logical_number: %!s(int64=1)
    Sample #12
        Values: []
        Attributes:
             -> thread.name: clang
             -> thread.id: %!s(int64=1176215)
             -> cpu.logical_number: %!s(int64=1)
    Sample #13
        Values: []
        Attributes:
             -> thread.name: clang
             -> thread.id: %!s(int64=1176215)
             -> cpu.logical_number: %!s(int64=1)
    Sample #14
        Values: []
        Attributes:
             -> thread.name: clang
             -> thread.id: %!s(int64=1176215)
             -> cpu.logical_number: %!s(int64=1)
    Sample #15
        Values: []
        Attributes:
             -> thread.name: clang
             -> thread.id: %!s(int64=1176215)
             -> cpu.logical_number: %!s(int64=1)
    Sample #16
        Values: []
        Attributes:
             -> thread.name: clang
             -> thread.id: %!s(int64=1176215)
             -> cpu.logical_number: %!s(int64=1)
    Sample #17
        Values: []
        Attributes:
             -> thread.name: clang
             -> thread.id: %!s(int64=1176215)
             -> cpu.logical_number: %!s(int64=1)
    Sample #18
        Values: []
        Attributes:
             -> thread.name: clang
             -> thread.id: %!s(int64=1176215)
             -> cpu.logical_number: %!s(int64=1)
    Sample #19
        Values: []
        Attributes:
             -> thread.name: clang
             -> thread.id: %!s(int64=1176215)
             -> cpu.logical_number: %!s(int64=1)
    Sample #20
        Values: []
        Attributes:
             -> thread.name: clang
             -> thread.id: %!s(int64=1176215)
             -> cpu.logical_number: %!s(int64=1)
    Sample #21
        Values: []
        Attributes:
             -> thread.name: clang
             -> thread.id: %!s(int64=1176215)
             -> cpu.logical_number: %!s(int64=1)
    Sample #22
        Values: []
        Attributes:
             -> thread.name: clang
             -> thread.id: %!s(int64=1176215)
             -> cpu.logical_number: %!s(int64=1)
    Sample #23
        Values: []
        Attributes:
             -> thread.name: clang
             -> thread.id: %!s(int64=1176215)
             -> cpu.logical_number: %!s(int64=1)
    Sample #24
        Values: []
        Attributes:
             -> thread.name: clang
             -> thread.id: %!s(int64=1176215)
             -> cpu.logical_number: %!s(int64=1)
    Sample #25
        Values: []
        Attributes:
             -> thread.name: clang
             -> thread.id: %!s(int64=1176215)
             -> cpu.logical_number: %!s(int64=1)
    Sample #26
        Values: []
        Attributes:
             -> thread.name: clang
             -> thread.id: %!s(int64=1176215)
             -> cpu.logical_number: %!s(int64=1)
    Sample #27
        Values: []
        Attributes:
             -> thread.name: clang
             -> thread.id: %!s(int64=1176215)
             -> cpu.logical_number: %!s(int64=1)
    Sample #28
        Values: []
        Attributes:
             -> thread.name: clang
             -> thread.id: %!s(int64=1176215)
             -> cpu.logical_number: %!s(int64=1)
    Sample #29
        Values: []
        Attributes:
             -> thread.name: clang
             -> thread.id: %!s(int64=1176215)
             -> cpu.logical_number: %!s(int64=1)
    Sample #30
        Values: []
        Attributes:
             -> thread.name: clang
             -> thread.id: %!s(int64=1176215)
             -> cpu.logical_number: %!s(int64=1)
    Sample #31
        Values: []
        Attributes:
             -> thread.name: clang
             -> thread.id: %!s(int64=1176215)
             -> cpu.logical_number: %!s(int64=1)
    Sample #32
        Values: []
        Attributes:
             -> thread.name: clang
             -> thread.id: %!s(int64=1176215)
             -> cpu.logical_number: %!s(int64=1)
    Sample #33
        Values: []
        Attributes:
             -> thread.name: clang
             -> thread.id: %!s(int64=1176215)
             -> cpu.logical_number: %!s(int64=1)
    Sample #34
        Values: []
        Attributes:
             -> thread.name: clang
             -> thread.id: %!s(int64=1176215)
             -> cpu.logical_number: %!s(int64=1)
    Sample #35
        Values: []
        Attributes:
             -> thread.name: clang
             -> thread.id: %!s(int64=1176215)
             -> cpu.logical_number: %!s(int64=1)
    Sample #36
        Values: []
        Attributes:
             -> thread.name: clang
             -> thread.id: %!s(int64=1176215)
             -> cpu.logical_number: %!s(int64=1)
    Sample #37
        Values: []
        Attributes:
             -> thread.name: clang
             -> thread.id: %!s(int64=1176215)
             -> cpu.logical_number: %!s(int64=1)
    Sample #38
        Values: []
        Attributes:
             -> thread.name: clang
             -> thread.id: %!s(int64=1176215)
             -> cpu.logical_number: %!s(int64=1)
    Sample #39
        Values: []
        Attributes:
             -> thread.name: clang
             -> thread.id: %!s(int64=1176215)
             -> cpu.logical_number: %!s(int64=1)
    Sample #40
        Values: []
        Attributes:
             -> thread.name: clang
             -> thread.id: %!s(int64=1176215)
             -> cpu.logical_number: %!s(int64=1)
    Sample #41
        Values: []
        Attributes:
             -> thread.name: clang
             -> thread.id: %!s(int64=1176215)
             -> cpu.logical_number: %!s(int64=1)
    Sample #42
        Values: []
        Attributes:
             -> thread.name: clang
             -> thread.id: %!s(int64=1176215)
             -> cpu.logical_number: %!s(int64=1)
    Sample #43
        Values: []
        Attributes:
             -> thread.name: clang
             -> thread.id: %!s(int64=1176215)
             -> cpu.logical_number: %!s(int64=1)
    Sample #44
        Values: []
        Attributes:
             -> thread.name: clang
             -> thread.id: %!s(int64=1176215)
             -> cpu.logical_number: %!s(int64=1)
    Sample #45
        Values: []
        Attributes:
             -> thread.name: clang
             -> thread.id: %!s(int64=1176215)
             -> cpu.logical_number: %!s(int64=1)
    Sample #46
        Values: []
        Attributes:
             -> thread.name: clang
             -> thread.id: %!s(int64=1176215)
             -> cpu.logical_number: %!s(int64=1)
    Sample #47
        Values: []
        Attributes:
             -> thread.name: clang
             -> thread.id: %!s(int64=1176215)
             -> cpu.logical_number: %!s(int64=1)
    Sample #48
        Values: []
        Attributes:
             -> thread.name: clang
             -> thread.id: %!s(int64=1176215)
             -> cpu.logical_number: %!s(int64=1)
    Sample #49
        Values: []
        Attributes:
             -> thread.name: clang
             -> thread.id: %!s(int64=1176215)
             -> cpu.logical_number: %!s(int64=1)
    Sample #50
        Values: []
        Attributes:
             -> thread.name: clang
             -> thread.id: %!s(int64=1176215)
             -> cpu.logical_number: %!s(int64=1)
    Sample #51
        Values: []
        Attributes:
             -> thread.name: clang
             -> thread.id: %!s(int64=1176215)
             -> cpu.logical_number: %!s(int64=1)
    Sample #52
        Values: []
        Attributes:
             -> thread.name: clang
             -> thread.id: %!s(int64=1176215)
             -> cpu.logical_number: %!s(int64=1)
    Sample #53
        Values: []
        Attributes:
             -> thread.name: clang
             -> thread.id: %!s(int64=1176215)
             -> cpu.logical_number: %!s(int64=1)
    Sample #54
        Values: []
        Attributes:
             -> thread.name: clang
             -> thread.id: %!s(int64=1176215)
             -> cpu.logical_number: %!s(int64=1)
    Sample #55
        Values: []
        Attributes:
             -> thread.name: clang
             -> thread.id: %!s(int64=1176215)
             -> cpu.logical_number: %!s(int64=1)
    Sample #56
        Values: []
        Attributes:
             -> thread.name: clang
             -> thread.id: %!s(int64=1176215)
             -> cpu.logical_number: %!s(int64=1)
    Sample #57
        Values: []
        Attributes:
             -> thread.name: clang
             -> thread.id: %!s(int64=1176215)
             -> cpu.logical_number: %!s(int64=1)
    Sample #58
        Values: []
        Attributes:
             -> thread.name: clang
             -> thread.id: %!s(int64=1176215)
             -> cpu.logical_number: %!s(int64=1)
    Sample #59
        Values: []
        Attributes:
             -> thread.name: clang
             -> thread.id: %!s(int64=1176215)
             -> cpu.logical_number: %!s(int64=1)
    Sample #60
        Values: []
        Attributes:
             -> thread.name: clang
             -> thread.id: %!s(int64=1176215)
             -> cpu.logical_number: %!s(int64=1)
    Sample #61
        Values: []
        Attributes:
             -> thread.name: clang
             -> thread.id: %!s(int64=1176215)
             -> cpu.logical_number: %!s(int64=1)
    Sample #62
        Values: []
        Attributes:
             -> thread.name: clang
             -> thread.id: %!s(int64=1176215)
             -> cpu.logical_number: %!s(int64=1)
    Sample #63
        Values: []
        Attributes:
             -> thread.name: clang
             -> thread.id: %!s(int64=1176215)
             -> cpu.logical_number: %!s(int64=1)
    Sample #64
        Values: []
        Attributes:
             -> thread.name: clang
             -> thread.id: %!s(int64=1176215)
             -> cpu.logical_number: %!s(int64=1)
    Sample #65
        Values: []
        Attributes:
             -> thread.name: clang
             -> thread.id: %!s(int64=1176215)
             -> cpu.logical_number: %!s(int64=1)
    Sample #66
        Values: []
        Attributes:
             -> thread.name: clang
             -> thread.id: %!s(int64=1176215)
             -> cpu.logical_number: %!s(int64=1)
    Sample #67
        Values: []
        Attributes:
             -> thread.name: clang
             -> thread.id: %!s(int64=1176215)
             -> cpu.logical_number: %!s(int64=1)
    Sample #68
        Values: []
        Attributes:
             -> thread.name: clang
             -> thread.id: %!s(int64=1176215)
             -> cpu.logical_number: %!s(int64=1)
ResourceProfiles #1
Resource SchemaURL: https://opentelemetry.io/schemas/1.37.0
Resource attributes:
     -> process.pid: Int(1176377)
     -> process.executable.path: Str(/tmp/opentelemetry-ebpf-profiler/otelcol-ebpf-profiler)
     -> process.executable.name: Str(otelcol-ebpf-profiler)
ScopeProfiles #0
ScopeProfiles SchemaURL: https://opentelemetry.io/schemas/1.37.0
InstrumentationScope go.opentelemetry.io/ebpf-profiler v0.0.0
Profile #0
    Profile ID     : 
    Start time     : 2026-06-21 19:27:57.353733786 +0000 UTC
    DurationNano   : 5000260623
    Dropped attributes count: 0
    Sample #0
        Values: []
        Attributes:
             -> thread.name: otelcol-ebpf-pr
             -> thread.id: %!s(int64=1176436)
             -> cpu.logical_number: %!s(int64=15)
    Sample #1
        Values: []
        Attributes:
             -> thread.name: otelcol-ebpf-pr
             -> thread.id: %!s(int64=1176436)
             -> cpu.logical_number: %!s(int64=15)
    Sample #2
        Values: []
        Attributes:
             -> thread.name: otelcol-ebpf-pr
             -> thread.id: %!s(int64=1176437)
             -> cpu.logical_number: %!s(int64=10)
    Sample #3
        Values: []
        Attributes:
             -> thread.name: otelcol-ebpf-pr
             -> thread.id: %!s(int64=1176427)
             -> cpu.logical_number: %!s(int64=5)
    Sample #4
        Values: []
        Attributes:
             -> thread.name: otelcol-ebpf-pr
             -> thread.id: %!s(int64=1176427)
             -> cpu.logical_number: %!s(int64=5)
    Sample #5
        Values: []
        Attributes:
             -> thread.name: otelcol-ebpf-pr
             -> thread.id: %!s(int64=1176437)
             -> cpu.logical_number: %!s(int64=10)
    Sample #6
        Values: []
        Attributes:
             -> thread.name: otelcol-ebpf-pr
             -> thread.id: %!s(int64=1176432)
             -> cpu.logical_number: %!s(int64=14)
    Sample #7
        Values: []
        Attributes:
             -> thread.name: otelcol-ebpf-pr
             -> thread.id: %!s(int64=1176437)
             -> cpu.logical_number: %!s(int64=10)
    Sample #8
        Values: []
        Attributes:
             -> thread.name: otelcol-ebpf-pr
             -> thread.id: %!s(int64=1176434)
             -> cpu.logical_number: %!s(int64=7)
    Sample #9
        Values: []
        Attributes:
             -> thread.name: otelcol-ebpf-pr
             -> thread.id: %!s(int64=1176436)
             -> cpu.logical_number: %!s(int64=2)
    Sample #10
        Values: []
        Attributes:
             -> thread.name: otelcol-ebpf-pr
             -> thread.id: %!s(int64=1176433)
             -> cpu.logical_number: %!s(int64=18)
    Sample #11
        Values: []
        Attributes:
             -> thread.name: otelcol-ebpf-pr
             -> thread.id: %!s(int64=1176432)
             -> cpu.logical_number: %!s(int64=14)
    Sample #12
        Values: []
        Attributes:
             -> thread.name: otelcol-ebpf-pr
             -> thread.id: %!s(int64=1176428)
             -> cpu.logical_number: %!s(int64=13)
    Sample #13
        Values: []
        Attributes:
             -> thread.name: otelcol-ebpf-pr
             -> thread.id: %!s(int64=1176426)
             -> cpu.logical_number: %!s(int64=6)
    Sample #14
        Values: []
        Attributes:
             -> thread.name: otelcol-ebpf-pr
             -> thread.id: %!s(int64=1176429)
             -> cpu.logical_number: %!s(int64=6)
    Sample #15
        Values: []
        Attributes:
             -> thread.name: otelcol-ebpf-pr
             -> thread.id: %!s(int64=1176437)
             -> cpu.logical_number: %!s(int64=10)
    Sample #16
        Values: []
        Attributes:
             -> thread.name: otelcol-ebpf-pr
             -> thread.id: %!s(int64=1176437)
             -> cpu.logical_number: %!s(int64=10)
    Sample #17
        Values: []
        Attributes:
             -> thread.name: otelcol-ebpf-pr
             -> thread.id: %!s(int64=1176437)
             -> cpu.logical_number: %!s(int64=2)
ResourceProfiles #2
Resource SchemaURL: https://opentelemetry.io/schemas/1.37.0
Resource attributes:
     -> process.pid: Int(1165987)
ScopeProfiles #0
ScopeProfiles SchemaURL: https://opentelemetry.io/schemas/1.37.0
InstrumentationScope go.opentelemetry.io/ebpf-profiler v0.0.0
Profile #0
    Profile ID     : 
    Start time     : 2026-06-21 19:27:57.353733786 +0000 UTC
    DurationNano   : 5000260623
    Dropped attributes count: 0
    Sample #0
        Values: []
        Attributes:
             -> thread.name: kworker/7:2
             -> thread.id: %!s(int64=1165987)
             -> cpu.logical_number: %!s(int64=7)
ResourceProfiles #3
Resource SchemaURL: https://opentelemetry.io/schemas/1.37.0
Resource attributes:
     -> process.pid: Int(2711)
     -> process.executable.path: Str(/home/yunwei37/.cargo/bin/agentsight)
     -> process.executable.name: Str(agentsight)
ScopeProfiles #0
ScopeProfiles SchemaURL: https://opentelemetry.io/schemas/1.37.0
InstrumentationScope go.opentelemetry.io/ebpf-profiler v0.0.0
Profile #0
    Profile ID     : 
    Start time     : 2026-06-21 19:27:57.353733786 +0000 UTC
    DurationNano   : 5000260623
    Dropped attributes count: 0
    Sample #0
        Values: []
        Attributes:
             -> thread.name: agentsight
             -> thread.id: %!s(int64=2711)
             -> cpu.logical_number: %!s(int64=0)
    Sample #1
        Values: []
        Attributes:
             -> thread.name: agentsight
             -> thread.id: %!s(int64=2711)
             -> cpu.logical_number: %!s(int64=0)
ResourceProfiles #4
Resource SchemaURL: https://opentelemetry.io/schemas/1.37.0
Resource attributes:
     -> process.pid: Int(1175197)
ScopeProfiles #0
ScopeProfiles SchemaURL: https://opentelemetry.io/schemas/1.37.0
InstrumentationScope go.opentelemetry.io/ebpf-profiler v0.0.0
Profile #0
    Profile ID     : 
    Start time     : 2026-06-21 19:27:57.353733786 +0000 UTC
    DurationNano   : 5000260623
    Dropped attributes count: 0
    Sample #0
        Values: []
        Attributes:
             -> thread.name: kworker/0:0
             -> thread.id: %!s(int64=1175197)
             -> cpu.logical_number: %!s(int64=0)
	{"resource": {"service.instance.id": "ac3e4197-ed26-47d2-a368-465bfdda8362", "service.name": "otelcol-ebpf-profiler", "service.version": "dev"}, "otelcol.component.id": "debug", "otelcol.component.kind": "exporter", "otelcol.signal": "profiles"}
2026-06-21T12:28:07.357-0700	info	Profiles	{"resource": {"service.instance.id": "ac3e4197-ed26-47d2-a368-465bfdda8362", "service.name": "otelcol-ebpf-profiler", "service.version": "dev"}, "otelcol.component.id": "debug", "otelcol.component.kind": "exporter", "otelcol.signal": "profiles", "resource profiles": 6, "sample records": 168}
2026-06-21T12:28:07.358-0700	info	Mapping #0
    Memory start: 0
    Memory limit: 0
    File offset: 0
    File name: 0
    Attributes: []
Mapping #1
    Memory start: 0
    Memory limit: 0
    File offset: 0
    File name: 5
    Attributes: [1 2]
Mapping #2
    Memory start: 4194304
    Memory limit: 19996672
    File offset: 0
    File name: 18
    Attributes: [4 5]
Mapping #3
    Memory start: 0
    Memory limit: 0
    File offset: 0
    File name: 116
    Attributes: [21 22]
Mapping #4
    Memory start: 163840
    Memory limit: 1769472
    File offset: 163840
    File name: 131
    Attributes: [23]
Mapping #5
    Memory start: 0
    Memory limit: 0
    File offset: 0
    File name: 132
    Attributes: [28 29]
Mapping #6
    Memory start: 14532608
    Memory limit: 21663744
    File offset: 14528512
    File name: 210
    Attributes: [32 33]
Mapping #7
    Memory start: 14893056
    Memory limit: 53129216
    File offset: 10698752
    File name: 218
    Attributes: [37 38]
Mapping #8
    Memory start: 0
    Memory limit: 61755392
    File offset: 0
    File name: 375
    Attributes: [52]
Mapping #9
    Memory start: 0
    Memory limit: 135168
    File offset: 0
    File name: 376
    Attributes: [53]
Mapping #10
    Memory start: 0
    Memory limit: 117968896
    File offset: 0
    File name: 377
    Attributes: [54 55]
Mapping #11
    Memory start: 667648
    Memory limit: 2093056
    File offset: 667648
    File name: 390
    Attributes: [59]
Location #0
    Mapping index: 0
    Address: 0
    Attributes: []
Location #1
    Mapping index: 1
    Address: 22447056
    Line #0
        Function index: 1
        Line: 0
        Column: 0
    Attributes: [3]
Location #2
    Mapping index: 1
    Address: 4619420
    Line #0
        Function index: 2
        Line: 0
        Column: 0
    Attributes: [3]
Location #3
    Mapping index: 1
    Address: 4620655
    Line #0
        Function index: 3
        Line: 0
        Column: 0
    Attributes: [3]
Location #4
    Mapping index: 1
    Address: 5523380
    Line #0
        Function index: 4
        Line: 0
        Column: 0
    Attributes: [3]
Location #5
    Mapping index: 1
    Address: 5509021
    Line #0
        Function index: 5
        Line: 0
        Column: 0
    Attributes: [3]
Location #6
    Mapping index: 1
    Address: 5510598
    Line #0
        Function index: 6
        Line: 0
        Column: 0
    Attributes: [3]
Location #7
    Mapping index: 1
    Address: 3170865
    Line #0
        Function index: 7
        Line: 0
        Column: 0
    Attributes: [3]
Location #8
    Mapping index: 1
    Address: 22351549
    Line #0
        Function index: 8
        Line: 0
        Column: 0
    Attributes: [3]
Location #9
    Mapping index: 1
    Address: 298
    Line #0
        Function index: 9
        Line: 0
        Column: 0
    Attributes: [3]
Location #10
    Mapping index: 2
    Address: 4748674
    Line #0
        Function index: 10
        Line: 558
        Column: 0
    Attributes: [6]
Location #11
    Mapping index: 2
    Address: 4467567
    Line #0
        Function index: 11
        Line: 89
        Column: 0
    Attributes: [6]
Location #12
    Mapping index: 2
    Address: 4303268
    Line #0
        Function index: 12
        Line: 33
        Column: 0
    Attributes: [6]
Location #13
    Mapping index: 2
    Address: 4515400
    Line #0
        Function index: 13
        Line: 638
        Column: 0
    Attributes: [6]
Location #14
    Mapping index: 2
    Address: 4709259
    Line #0
        Function index: 14
        Line: 638
        Column: 0
    Attributes: [6]
Location #15
    Mapping index: 2
    Address: 4525309
    Line #0
        Function index: 15
        Line: 4009
        Column: 0
    Attributes: [6]
Location #16
    Mapping index: 2
    Address: 4526601
    Line #0
        Function index: 16
        Line: 4128
        Column: 0
    Attributes: [6]
Location #17
    Mapping index: 2
    Address: 4527652
    Line #0
        Function index: 17
        Line: 4267
        Column: 0
    Attributes: [6]
Location #18
    Mapping index: 2
    Address: 4733108
    Line #0
        Function index: 18
        Line: 462
        Column: 0
    Attributes: [6]
Location #19
    Mapping index: 2
    Address: 18929382
    Line #0
        Function index: 19
        Line: 858
        Column: 0
    Attributes: [6]
Location #20
    Mapping index: 2
    Address: 18933225
    Line #0
        Function index: 20
        Line: 1010
        Column: 0
    Attributes: [6]
Location #21
    Mapping index: 2
    Address: 18935371
    Line #0
        Function index: 21
        Line: 1191
        Column: 0
    Attributes: [6]
Location #22
    Mapping index: 2
    Address: 18936615
    Line #0
        Function index: 22
        Line: 1246
        Column: 0
    Attributes: [6]
Location #23
    Mapping index: 2
    Address: 18958365
    Line #0
        Function index: 23
        Line: 209
        Column: 0
    Attributes: [6]
Location #24
    Mapping index: 2
    Address: 18957892
    Line #0
        Function index: 24
        Line: 182
        Column: 0
    Attributes: [6]
Location #25
    Mapping index: 2
    Address: 18959142
    Line #0
        Function index: 25
        Line: 37
        Column: 0
    Attributes: [6]
Location #26
    Mapping index: 2
    Address: 19372701
    Line #0
        Function index: 26
        Line: 187
        Column: 0
    Attributes: [6]
Location #27
    Mapping index: 2
    Address: 19422167
    Line #0
        Function index: 27
        Line: 384
        Column: 0
    Attributes: [6]
Location #28
    Mapping index: 2
    Address: 19432468
    Line #0
        Function index: 28
        Line: 606
        Column: 0
    Attributes: [6]
Location #29
    Mapping index: 2
    Address: 18445717
    Line #0
        Function index: 29
        Line: 403
        Column: 0
    Attributes: [6]
Location #30
    Mapping index: 2
    Address: 18443691
    Line #0
        Function index: 30
        Line: 378
        Column: 0
    Attributes: [6]
Location #31
    Mapping index: 2
    Address: 18444583
    Line #0
        Function index: 31
        Line: 407
        Column: 0
    Attributes: [6]
Location #32
    Mapping index: 2
    Address: 19428093
    Line #0
        Function index: 32
        Line: 552
        Column: 0
    Attributes: [6]
Location #33
    Mapping index: 2
    Address: 19501466
    Line #0
        Function index: 33
        Line: 57
        Column: 0
    Attributes: [6]
Location #34
    Mapping index: 2
    Address: 19500935
    Line #0
        Function index: 34
        Line: 47
        Column: 0
    Attributes: [6]
Location #35
    Mapping index: 2
    Address: 4740960
    Line #0
        Function index: 35
        Line: 1694
        Column: 0
    Attributes: [6]
Location #36
    Mapping index: 2
    Address: 18907076
    Line #0
        Function index: 36
        Line: 219
        Column: 0
    Attributes: [6]
Location #37
    Mapping index: 2
    Address: 18901419
    Line #0
        Function index: 37
        Line: 101
        Column: 0
    Attributes: [6]
Location #38
    Mapping index: 2
    Address: 18900932
    Line #0
        Function index: 38
        Line: 158
        Column: 0
    Attributes: [6]
Location #39
    Mapping index: 2
    Address: 18958678
    Line #0
        Function index: 23
        Line: 230
        Column: 0
    Attributes: [6]
Location #40
    Mapping index: 2
    Address: 18900713
    Line #0
        Function index: 39
        Line: 132
        Column: 0
    Attributes: [6]
Location #41
    Mapping index: 2
    Address: 18902116
    Line #0
        Function index: 37
        Line: 124
        Column: 0
    Attributes: [6]
Location #42
    Mapping index: 2
    Address: 4729704
    Line #0
        Function index: 40
        Line: 1270
        Column: 0
    Attributes: [6]
Location #43
    Mapping index: 2
    Address: 4271091
    Line #0
        Function index: 41
        Line: 41
        Column: 0
    Attributes: [6]
Location #44
    Mapping index: 2
    Address: 4261744
    Line #0
        Function index: 42
        Line: 141
        Column: 0
    Attributes: [6]
Location #45
    Mapping index: 2
    Address: 19380920
    Line #0
        Function index: 43
        Line: 506
        Column: 0
    Attributes: [6]
Location #46
    Mapping index: 2
    Address: 19379752
    Line #0
        Function index: 44
        Line: 437
        Column: 0
    Attributes: [6]
Location #47
    Mapping index: 2
    Address: 19373291
    Line #0
        Function index: 26
        Line: 222
        Column: 0
    Attributes: [6]
Location #48
    Mapping index: 1
    Address: 4571313
    Line #0
        Function index: 45
        Line: 0
        Column: 0
    Attributes: [3]
Location #49
    Mapping index: 1
    Address: 22408079
    Line #0
        Function index: 46
        Line: 0
        Column: 0
    Attributes: [3]
Location #50
    Mapping index: 1
    Address: 22409334
    Line #0
        Function index: 47
        Line: 0
        Column: 0
    Attributes: [3]
Location #51
    Mapping index: 1
    Address: 5524522
    Line #0
        Function index: 48
        Line: 0
        Column: 0
    Attributes: [3]
Location #52
    Mapping index: 1
    Address: 5526601
    Line #0
        Function index: 49
        Line: 0
        Column: 0
    Attributes: [3]
Location #53
    Mapping index: 1
    Address: 5526849
    Line #0
        Function index: 50
        Line: 0
        Column: 0
    Attributes: [3]
Location #54
    Mapping index: 1
    Address: 5508884
    Line #0
        Function index: 5
        Line: 0
        Column: 0
    Attributes: [3]
Location #55
    Mapping index: 2
    Address: 4467486
    Line #0
        Function index: 51
        Line: 82
        Column: 0
    Attributes: [6]
Location #56
    Mapping index: 2
    Address: 4303826
    Line #0
        Function index: 52
        Line: 90
        Column: 0
    Attributes: [6]
Location #57
    Mapping index: 2
    Address: 4304136
    Line #0
        Function index: 53
        Line: 112
        Column: 0
    Attributes: [6]
Location #58
    Mapping index: 2
    Address: 4547857
    Line #0
        Function index: 54
        Line: 6270
        Column: 0
    Attributes: [6]
Location #59
    Mapping index: 2
    Address: 4508466
    Line #0
        Function index: 55
        Line: 1928
        Column: 0
    Attributes: [6]
Location #60
    Mapping index: 2
    Address: 4508276
    Line #0
        Function index: 56
        Line: 1890
        Column: 0
    Attributes: [6]
Location #61
    Mapping index: 2
    Address: 4732964
    Line #0
        Function index: 57
        Line: 396
        Column: 0
    Attributes: [6]
Location #62
    Mapping index: 2
    Address: 18929429
    Line #0
        Function index: 19
        Line: 865
        Column: 0
    Attributes: [6]
Location #63
    Mapping index: 2
    Address: 18921650
    Line #0
        Function index: 58
        Line: 185
        Column: 0
    Attributes: [6]
Location #64
    Mapping index: 2
    Address: 18933545
    Line #0
        Function index: 20
        Line: 1004
        Column: 0
    Attributes: [6]
Location #65
    Mapping index: 2
    Address: 18907337
    Line #0
        Function index: 36
        Line: 219
        Column: 0
    Attributes: [6]
Location #66
    Mapping index: 2
    Address: 18907271
    Line #0
        Function index: 36
        Line: 219
        Column: 0
    Attributes: [6]
Location #67
    Mapping index: 2
    Address: 18907304
    Line #0
        Function index: 36
        Line: 219
        Column: 0
    Attributes: [6]
Location #68
    Mapping index: 1
    Address: 9176324
    Line #0
        Function index: 59
        Line: 0
        Column: 0
    Attributes: [3]
Location #69
    Mapping index: 1
    Address: 9177190
    Line #0
        Function index: 60
        Line: 0
        Column: 0
    Attributes: [3]
Location #70
    Mapping index: 1
    Address: 9179707
    Line #0
        Function index: 61
        Line: 0
        Column: 0
    Attributes: [3]
Location #71
    Mapping index: 1
    Address: 3169980
    Line #0
        Function index: 7
        Line: 0
        Column: 0
    Attributes: [3]
Location #72
    Mapping index: 2
    Address: 4224397
    Line #0
        Function index: 62
        Line: 36
        Column: 0
    Attributes: [6]
Location #73
    Mapping index: 2
    Address: 4849036
    Line #0
        Function index: 63
        Line: 67
        Column: 0
    Attributes: [6]
Location #74
    Mapping index: 2
    Address: 4849289
    Line #0
        Function index: 64
        Line: 97
        Column: 0
    Attributes: [6]
Location #75
    Mapping index: 2
    Address: 4853020
    Line #0
        Function index: 65
        Line: 1
        Column: 0
    Attributes: [6]
Location #76
    Mapping index: 2
    Address: 10149358
    Line #0
        Function index: 66
        Line: 55
        Column: 0
    Attributes: [6]
Location #77
    Mapping index: 2
    Address: 18479300
    Line #0
        Function index: 67
        Line: 119
        Column: 0
    Attributes: [6]
Location #78
    Mapping index: 2
    Address: 18490198
    Line #0
        Function index: 68
        Line: 364
        Column: 0
    Attributes: [6]
Location #79
    Mapping index: 2
    Address: 19502557
    Line #0
        Function index: 69
        Line: 120
        Column: 0
    Attributes: [6]
Location #80
    Mapping index: 1
    Address: 6541439
    Line #0
        Function index: 70
        Line: 0
        Column: 0
    Attributes: [3]
Location #81
    Mapping index: 1
    Address: 6548654
    Line #0
        Function index: 71
        Line: 0
        Column: 0
    Attributes: [3]
Location #82
    Mapping index: 1
    Address: 6574650
    Line #0
        Function index: 72
        Line: 0
        Column: 0
    Attributes: [3]
Location #83
    Mapping index: 1
    Address: 6576780
    Line #0
        Function index: 73
        Line: 0
        Column: 0
    Attributes: [3]
Location #84
    Mapping index: 1
    Address: 3172050
    Line #0
        Function index: 7
        Line: 0
        Column: 0
    Attributes: [3]
Location #85
    Mapping index: 2
    Address: 4849125
    Line #0
        Function index: 74
        Line: 87
        Column: 0
    Attributes: [6]
Location #86
    Mapping index: 2
    Address: 4852909
    Line #0
        Function index: 75
        Line: 1
        Column: 0
    Attributes: [6]
Location #87
    Mapping index: 2
    Address: 17802355
    Line #0
        Function index: 76
        Line: 95
        Column: 0
    Attributes: [6]
Location #88
    Mapping index: 2
    Address: 18185741
    Line #0
        Function index: 77
        Line: 1420
        Column: 0
    Attributes: [6]
Location #89
    Mapping index: 2
    Address: 18185389
    Line #0
        Function index: 78
        Line: 1399
        Column: 0
    Attributes: [6]
Location #90
    Mapping index: 2
    Address: 19489045
    Line #0
        Function index: 79
        Line: 547
        Column: 0
    Attributes: [6]
Location #91
    Mapping index: 2
    Address: 19380040
    Line #0
        Function index: 44
        Line: 449
        Column: 0
    Attributes: [6]
Location #92
    Mapping index: 3
    Address: 548690
    Line #0
        Function index: 80
        Line: 0
        Column: 0
    Attributes: [3]
Location #93
    Mapping index: 3
    Address: 127155
    Line #0
        Function index: 81
        Line: 0
        Column: 0
    Attributes: [3]
Location #94
    Mapping index: 3
    Address: 132711
    Line #0
        Function index: 82
        Line: 0
        Column: 0
    Attributes: [3]
Location #95
    Mapping index: 3
    Address: 8615
    Line #0
        Function index: 83
        Line: 0
        Column: 0
    Attributes: [3]
Location #96
    Mapping index: 3
    Address: 8980
    Line #0
        Function index: 84
        Line: 0
        Column: 0
    Attributes: [3]
Location #97
    Mapping index: 3
    Address: 9117
    Line #0
        Function index: 85
        Line: 0
        Column: 0
    Attributes: [3]
Location #98
    Mapping index: 1
    Address: 8671657
    Line #0
        Function index: 86
        Line: 0
        Column: 0
    Attributes: [3]
Location #99
    Mapping index: 1
    Address: 8672292
    Line #0
        Function index: 87
        Line: 0
        Column: 0
    Attributes: [3]
Location #100
    Mapping index: 1
    Address: 4447452
    Line #0
        Function index: 88
        Line: 0
        Column: 0
    Attributes: [3]
Location #101
    Mapping index: 1
    Address: 4258140
    Line #0
        Function index: 89
        Line: 0
        Column: 0
    Attributes: [3]
Location #102
    Mapping index: 1
    Address: 4259043
    Line #0
        Function index: 90
        Line: 0
        Column: 0
    Attributes: [3]
Location #103
    Mapping index: 1
    Address: 4346454
    Line #0
        Function index: 91
        Line: 0
        Column: 0
    Attributes: [3]
Location #104
    Mapping index: 1
    Address: 3495015
    Line #0
        Function index: 92
        Line: 0
        Column: 0
    Attributes: [3]
Location #105
    Mapping index: 1
    Address: 22380821
    Line #0
        Function index: 93
        Line: 0
        Column: 0
    Attributes: [3]
Location #106
    Mapping index: 1
    Address: 22351561
    Line #0
        Function index: 8
        Line: 0
        Column: 0
    Attributes: [3]
Location #107
    Mapping index: 4
    Address: 1227027
    Attributes: [24]
Location #108
    Mapping index: 5
    Address: 1212510
    Line #0
        Function index: 94
        Line: 0
        Column: 0
    Attributes: [3]
Location #109
    Mapping index: 5
    Address: 2084926
    Line #0
        Function index: 95
        Line: 0
        Column: 0
    Attributes: [3]
Location #110
    Mapping index: 5
    Address: 3655742
    Line #0
        Function index: 96
        Line: 0
        Column: 0
    Attributes: [3]
Location #111
    Mapping index: 5
    Address: 3655927
    Line #0
        Function index: 97
        Line: 0
        Column: 0
    Attributes: [3]
Location #112
    Mapping index: 5
    Address: 2251423
    Line #0
        Function index: 98
        Line: 0
        Column: 0
    Attributes: [3]
Location #113
    Mapping index: 5
    Address: 2278901
    Line #0
        Function index: 99
        Line: 0
        Column: 0
    Attributes: [3]
Location #114
    Mapping index: 5
    Address: 2286898
    Line #0
        Function index: 100
        Line: 0
        Column: 0
    Attributes: [3]
Location #115
    Mapping index: 5
    Address: 3462881
    Line #0
        Function index: 101
        Line: 0
        Column: 0
    Attributes: [3]
Location #116
    Mapping index: 5
    Address: 3534442
    Line #0
        Function index: 102
        Line: 0
        Column: 0
    Attributes: [3]
Location #117
    Mapping index: 5
    Address: 1948152
    Line #0
        Function index: 103
        Line: 0
        Column: 0
    Attributes: [3]
Location #118
    Mapping index: 5
    Address: 343620
    Line #0
        Function index: 104
        Line: 0
        Column: 0
    Attributes: [3]
Location #119
    Mapping index: 5
    Address: 3767396
    Line #0
        Function index: 105
        Line: 0
        Column: 0
    Attributes: [3]
Location #120
    Mapping index: 5
    Address: 3787042
    Line #0
        Function index: 106
        Line: 0
        Column: 0
    Attributes: [3]
Location #121
    Mapping index: 5
    Address: 3269438
    Line #0
        Function index: 107
        Line: 0
        Column: 0
    Attributes: [3]
Location #122
    Mapping index: 5
    Address: 3816183
    Line #0
        Function index: 108
        Line: 0
        Column: 0
    Attributes: [3]
Location #123
    Mapping index: 5
    Address: 3817394
    Line #0
        Function index: 109
        Line: 0
        Column: 0
    Attributes: [3]
Location #124
    Mapping index: 5
    Address: 3819289
    Line #0
        Function index: 110
        Line: 0
        Column: 0
    Attributes: [3]
Location #125
    Mapping index: 5
    Address: 1231298
    Line #0
        Function index: 111
        Line: 0
        Column: 0
    Attributes: [3]
Location #126
    Mapping index: 5
    Address: 25862
    Line #0
        Function index: 112
        Line: 0
        Column: 0
    Attributes: [3]
Location #127
    Mapping index: 5
    Address: 3531854
    Line #0
        Function index: 113
        Line: 0
        Column: 0
    Attributes: [3]
Location #128
    Mapping index: 5
    Address: 2777330
    Line #0
        Function index: 114
        Line: 0
        Column: 0
    Attributes: [3]
Location #129
    Mapping index: 5
    Address: 2778785
    Line #0
        Function index: 115
        Line: 0
        Column: 0
    Attributes: [3]
Location #130
    Mapping index: 5
    Address: 2787302
    Line #0
        Function index: 116
        Line: 0
        Column: 0
    Attributes: [3]
Location #131
    Mapping index: 5
    Address: 3793480
    Line #0
        Function index: 117
        Line: 0
        Column: 0
    Attributes: [3]
Location #132
    Mapping index: 5
    Address: 3821165
    Line #0
        Function index: 118
        Line: 0
        Column: 0
    Attributes: [3]
Location #133
    Mapping index: 5
    Address: 3300401
    Line #0
        Function index: 119
        Line: 0
        Column: 0
    Attributes: [3]
Location #134
    Mapping index: 5
    Address: 3303032
    Line #0
        Function index: 120
        Line: 0
        Column: 0
    Attributes: [3]
Location #135
    Mapping index: 5
    Address: 3303550
    Line #0
        Function index: 121
        Line: 0
        Column: 0
    Attributes: [3]
Location #136
    Mapping index: 5
    Address: 3302883
    Line #0
        Function index: 122
        Line: 0
        Column: 0
    Attributes: [3]
Location #137
    Mapping index: 5
    Address: 3404510
    Line #0
        Function index: 123
        Line: 0
        Column: 0
    Attributes: [3]
Location #138
    Mapping index: 5
    Address: 143598
    Line #0
        Function index: 124
        Line: 0
        Column: 0
    Attributes: [3]
Location #139
    Mapping index: 3
    Address: 386631
    Line #0
        Function index: 125
        Line: 0
        Column: 0
    Attributes: [3]
Location #140
    Mapping index: 3
    Address: 111268
    Line #0
        Function index: 126
        Line: 0
        Column: 0
    Attributes: [3]
Location #141
    Mapping index: 3
    Address: 94491
    Line #0
        Function index: 127
        Line: 0
        Column: 0
    Attributes: [3]
Location #142
    Mapping index: 3
    Address: 128525
    Line #0
        Function index: 128
        Line: 0
        Column: 0
    Attributes: [3]
Location #143
    Mapping index: 3
    Address: 108959
    Line #0
        Function index: 129
        Line: 0
        Column: 0
    Attributes: [3]
Location #144
    Mapping index: 3
    Address: 11920
    Line #0
        Function index: 130
        Line: 0
        Column: 0
    Attributes: [3]
Location #145
    Mapping index: 3
    Address: 17403
    Line #0
        Function index: 131
        Line: 0
        Column: 0
    Attributes: [3]
Location #146
    Mapping index: 3
    Address: 17640
    Line #0
        Function index: 132
        Line: 0
        Column: 0
    Attributes: [3]
Location #147
    Mapping index: 1
    Address: 8793251
    Line #0
        Function index: 133
        Line: 0
        Column: 0
    Attributes: [3]
Location #148
    Mapping index: 1
    Address: 3167594
    Line #0
        Function index: 7
        Line: 0
        Column: 0
    Attributes: [3]
Location #149
    Mapping index: 5
    Address: 1212505
    Line #0
        Function index: 94
        Line: 0
        Column: 0
    Attributes: [3]
Location #150
    Mapping index: 5
    Address: 3391098
    Line #0
        Function index: 134
        Line: 0
        Column: 0
    Attributes: [3]
Location #151
    Mapping index: 5
    Address: 134313
    Line #0
        Function index: 135
        Line: 0
        Column: 0
    Attributes: [3]
Location #152
    Mapping index: 3
    Address: 188347
    Line #0
        Function index: 136
        Line: 0
        Column: 0
    Attributes: [3]
Location #153
    Mapping index: 3
    Address: 199475
    Line #0
        Function index: 137
        Line: 0
        Column: 0
    Attributes: [3]
Location #154
    Mapping index: 3
    Address: 96489
    Line #0
        Function index: 127
        Line: 0
        Column: 0
    Attributes: [3]
Location #155
    Mapping index: 5
    Address: 3423907
    Line #0
        Function index: 138
        Line: 0
        Column: 0
    Attributes: [3]
Location #156
    Mapping index: 5
    Address: 3793269
    Line #0
        Function index: 117
        Line: 0
        Column: 0
    Attributes: [3]
Location #157
    Mapping index: 5
    Address: 3300483
    Line #0
        Function index: 119
        Line: 0
        Column: 0
    Attributes: [3]
Location #158
    Mapping index: 5
    Address: 3415014
    Line #0
        Function index: 139
        Line: 0
        Column: 0
    Attributes: [3]
Location #159
    Mapping index: 5
    Address: 131817
    Line #0
        Function index: 140
        Line: 0
        Column: 0
    Attributes: [3]
Location #160
    Mapping index: 3
    Address: 593024
    Line #0
        Function index: 141
        Line: 0
        Column: 0
    Attributes: [3]
Location #161
    Mapping index: 3
    Address: 15407
    Line #0
        Function index: 130
        Line: 0
        Column: 0
    Attributes: [3]
Location #162
    Mapping index: 1
    Address: 7341296
    Line #0
        Function index: 142
        Line: 0
        Column: 0
    Attributes: [3]
Location #163
    Mapping index: 1
    Address: 7342124
    Line #0
        Function index: 143
        Line: 0
        Column: 0
    Attributes: [3]
Location #164
    Mapping index: 1
    Address: 7787935
    Line #0
        Function index: 144
        Line: 0
        Column: 0
    Attributes: [3]
Location #165
    Mapping index: 1
    Address: 7788988
    Line #0
        Function index: 145
        Line: 0
        Column: 0
    Attributes: [3]
Location #166
    Mapping index: 1
    Address: 7812671
    Line #0
        Function index: 146
        Line: 0
        Column: 0
    Attributes: [3]
Location #167
    Mapping index: 1
    Address: 7813868
    Line #0
        Function index: 147
        Line: 0
        Column: 0
    Attributes: [3]
Location #168
    Mapping index: 1
    Address: 7815089
    Line #0
        Function index: 148
        Line: 0
        Column: 0
    Attributes: [3]
Location #169
    Mapping index: 1
    Address: 4005607
    Line #0
        Function index: 149
        Line: 0
        Column: 0
    Attributes: [3]
Location #170
    Mapping index: 1
    Address: 22379348
    Line #0
        Function index: 150
        Line: 0
        Column: 0
    Attributes: [3]
Location #171
    Mapping index: 1
    Address: 2998
    Line #0
        Function index: 151
        Line: 0
        Column: 0
    Attributes: [3]
Location #172
    Mapping index: 1
    Address: 22408626
    Line #0
        Function index: 46
        Line: 0
        Column: 0
    Attributes: [3]
Location #173
    Mapping index: 3
    Address: 619
    Line #0
        Function index: 152
        Line: 0
        Column: 0
    Attributes: [3]
Location #174
    Mapping index: 3
    Address: 460578
    Line #0
        Function index: 153
        Line: 0
        Column: 0
    Attributes: [3]
Location #175
    Mapping index: 3
    Address: 434336
    Line #0
        Function index: 154
        Line: 0
        Column: 0
    Attributes: [3]
Location #176
    Mapping index: 3
    Address: 580645
    Line #0
        Function index: 155
        Line: 0
        Column: 0
    Attributes: [3]
Location #177
    Mapping index: 3
    Address: 584931
    Line #0
        Function index: 156
        Line: 0
        Column: 0
    Attributes: [3]
Location #178
    Mapping index: 3
    Address: 586926
    Line #0
        Function index: 157
        Line: 0
        Column: 0
    Attributes: [3]
Location #179
    Mapping index: 3
    Address: 15054
    Line #0
        Function index: 130
        Line: 0
        Column: 0
    Attributes: [3]
Location #180
    Mapping index: 1
    Address: 7850648
    Line #0
        Function index: 158
        Line: 0
        Column: 0
    Attributes: [3]
Location #181
    Mapping index: 1
    Address: 7775178
    Line #0
        Function index: 159
        Line: 0
        Column: 0
    Attributes: [3]
Location #182
    Mapping index: 1
    Address: 7776501
    Line #0
        Function index: 160
        Line: 0
        Column: 0
    Attributes: [3]
Location #183
    Mapping index: 1
    Address: 7777002
    Line #0
        Function index: 161
        Line: 0
        Column: 0
    Attributes: [3]
Location #184
    Mapping index: 1
    Address: 7778573
    Line #0
        Function index: 162
        Line: 0
        Column: 0
    Attributes: [3]
Location #185
    Mapping index: 1
    Address: 7779061
    Line #0
        Function index: 163
        Line: 0
        Column: 0
    Attributes: [3]
Location #186
    Mapping index: 1
    Address: 7779369
    Line #0
        Function index: 164
        Line: 0
        Column: 0
    Attributes: [3]
Location #187
    Mapping index: 1
    Address: 7959195
    Line #0
        Function index: 165
        Line: 0
        Column: 0
    Attributes: [3]
Location #188
    Mapping index: 1
    Address: 7965346
    Line #0
        Function index: 166
        Line: 0
        Column: 0
    Attributes: [3]
Location #189
    Mapping index: 1
    Address: 7971274
    Line #0
        Function index: 167
        Line: 0
        Column: 0
    Attributes: [3]
Location #190
    Mapping index: 1
    Address: 7971650
    Line #0
        Function index: 168
        Line: 0
        Column: 0
    Attributes: [3]
Location #191
    Mapping index: 1
    Address: 7980074
    Line #0
        Function index: 169
        Line: 0
        Column: 0
    Attributes: [3]
Location #192
    Mapping index: 1
    Address: 7836874
    Line #0
        Function index: 170
        Line: 0
        Column: 0
    Attributes: [3]
Location #193
    Mapping index: 1
    Address: 3169500
    Line #0
        Function index: 7
        Line: 0
        Column: 0
    Attributes: [3]
Location #194
    Mapping index: 6
    Address: 21438822
    Attributes: [24]
Location #195
    Mapping index: 6
    Address: 17068770
    Attributes: [24]
Location #196
    Mapping index: 6
    Address: 17068345
    Attributes: [24]
Location #197
    Mapping index: 6
    Address: 17033157
    Attributes: [24]
Location #198
    Mapping index: 6
    Address: 17029477
    Attributes: [24]
Location #199
    Mapping index: 6
    Address: 16919567
    Attributes: [24]
Location #200
    Mapping index: 6
    Address: 15518371
    Attributes: [24]
Location #201
    Mapping index: 6
    Address: 15968003
    Attributes: [24]
Location #202
    Mapping index: 6
    Address: 15905384
    Attributes: [24]
Location #203
    Mapping index: 6
    Address: 16317066
    Attributes: [24]
Location #204
    Mapping index: 6
    Address: 15858770
    Attributes: [24]
Location #205
    Mapping index: 6
    Address: 16637480
    Attributes: [24]
Location #206
    Mapping index: 6
    Address: 21388591
    Attributes: [24]
Location #207
    Mapping index: 6
    Address: 16319364
    Attributes: [24]
Location #208
    Mapping index: 4
    Address: 172489
    Attributes: [24]
Location #209
    Mapping index: 4
    Address: 172682
    Attributes: [24]
Location #210
    Mapping index: 6
    Address: 14536356
    Attributes: [24]
Location #211
    Mapping index: 4
    Address: 701197
    Attributes: [24]
Location #212
    Mapping index: 4
    Address: 712141
    Attributes: [24]
Location #213
    Mapping index: 6
    Address: 15154191
    Attributes: [24]
Location #214
    Mapping index: 6
    Address: 15417860
    Attributes: [24]
Location #215
    Mapping index: 6
    Address: 15523653
    Attributes: [24]
Location #216
    Mapping index: 1
    Address: 9534496
    Line #0
        Function index: 171
        Line: 0
        Column: 0
    Attributes: [3]
Location #217
    Mapping index: 1
    Address: 8742552
    Line #0
        Function index: 172
        Line: 0
        Column: 0
    Attributes: [3]
Location #218
    Mapping index: 1
    Address: 8764147
    Line #0
        Function index: 173
        Line: 0
        Column: 0
    Attributes: [3]
Location #219
    Mapping index: 1
    Address: 8768692
    Line #0
        Function index: 174
        Line: 0
        Column: 0
    Attributes: [3]
Location #220
    Mapping index: 1
    Address: 8769506
    Line #0
        Function index: 175
        Line: 0
        Column: 0
    Attributes: [3]
Location #221
    Mapping index: 1
    Address: 8645642
    Line #0
        Function index: 176
        Line: 0
        Column: 0
    Attributes: [3]
Location #222
    Mapping index: 1
    Address: 8646977
    Line #0
        Function index: 177
        Line: 0
        Column: 0
    Attributes: [3]
Location #223
    Mapping index: 1
    Address: 3169995
    Line #0
        Function index: 7
        Line: 0
        Column: 0
    Attributes: [3]
Location #224
    Mapping index: 4
    Address: 1159700
    Attributes: [24]
Location #225
    Mapping index: 6
    Address: 21407709
    Attributes: [24]
Location #226
    Mapping index: 6
    Address: 21404792
    Attributes: [24]
Location #227
    Mapping index: 6
    Address: 15506780
    Attributes: [24]
Location #228
    Mapping index: 6
    Address: 15518022
    Attributes: [24]
Location #229
    Mapping index: 4
    Address: 710403
    Attributes: [24]
Location #230
    Mapping index: 6
    Address: 21590191
    Attributes: [24]
Location #231
    Mapping index: 6
    Address: 15732505
    Attributes: [24]
Location #232
    Mapping index: 6
    Address: 15223352
    Attributes: [24]
Location #233
    Mapping index: 6
    Address: 15718939
    Attributes: [24]
Location #234
    Mapping index: 6
    Address: 16919821
    Attributes: [24]
Location #235
    Mapping index: 0
    Address: 47248486
    Attributes: [24]
Location #236
    Mapping index: 0
    Address: 47250099
    Attributes: [24]
Location #237
    Mapping index: 0
    Address: 47250196
    Attributes: [24]
Location #238
    Mapping index: 0
    Address: 46256177
    Attributes: [24]
Location #239
    Mapping index: 0
    Address: 47260893
    Attributes: [24]
Location #240
    Mapping index: 0
    Address: 47317925
    Attributes: [24]
Location #241
    Mapping index: 0
    Address: 47318625
    Attributes: [24]
Location #242
    Mapping index: 0
    Address: 47320629
    Attributes: [24]
Location #243
    Mapping index: 0
    Address: 50078008
    Attributes: [24]
Location #244
    Mapping index: 0
    Address: 45221127
    Attributes: [24]
Location #245
    Mapping index: 0
    Address: 45306197
    Attributes: [24]
Location #246
    Mapping index: 0
    Address: 45312831
    Attributes: [24]
Location #247
    Mapping index: 7
    Address: 19660682
    Attributes: [24]
Location #248
    Mapping index: 7
    Address: 19919552
    Attributes: [24]
Location #249
    Mapping index: 7
    Address: 19920478
    Attributes: [24]
Location #250
    Mapping index: 0
    Address: 36980119
    Attributes: [24]
Location #251
    Mapping index: 7
    Address: 16935283
    Attributes: [24]
Location #252
    Mapping index: 4
    Address: 641699
    Attributes: [24]
Location #253
    Mapping index: 4
    Address: 1219691
    Attributes: [24]
Location #254
    Mapping index: 0
    Address: 0
    Line #0
        Function index: 178
        Line: 143
        Column: 0
    Attributes: [42]
Location #255
    Mapping index: 0
    Address: 0
    Line #0
        Function index: 179
        Line: 255
        Column: 0
    Attributes: [42]
Location #256
    Mapping index: 0
    Address: 0
    Line #0
        Function index: 180
        Line: 42
        Column: 0
    Attributes: [42]
Location #257
    Mapping index: 0
    Address: 0
    Attributes: [42]
Location #258
    Mapping index: 0
    Address: 0
    Line #0
        Function index: 181
        Line: 103
        Column: 0
    Attributes: [42]
Location #259
    Mapping index: 0
    Address: 0
    Line #0
        Function index: 182
        Line: 9
        Column: 0
    Attributes: [42]
Location #260
    Mapping index: 0
    Address: 0
    Line #0
        Function index: 183
        Line: 293
        Column: 0
    Attributes: [42]
Location #261
    Mapping index: 0
    Address: 0
    Line #0
        Function index: 184
        Line: 346
        Column: 0
    Attributes: [42]
Location #262
    Mapping index: 0
    Address: 0
    Line #0
        Function index: 185
        Line: 391
        Column: 0
    Attributes: [42]
Location #263
    Mapping index: 0
    Address: 0
    Line #0
        Function index: 186
        Line: 0
        Column: 0
    Attributes: [42]
Location #264
    Mapping index: 0
    Address: 0
    Line #0
        Function index: 187
        Line: 492
        Column: 0
    Attributes: [42]
Location #265
    Mapping index: 0
    Address: 0
    Line #0
        Function index: 188
        Line: 1
        Column: 10
    Attributes: [42]
Location #266
    Mapping index: 0
    Address: 0
    Line #0
        Function index: 189
        Line: 1386
        Column: 1073689790
    Attributes: [42]
Location #267
    Mapping index: 0
    Address: 0
    Line #0
        Function index: 190
        Line: 242
        Column: 0
    Attributes: [42]
Location #268
    Mapping index: 0
    Address: 0
    Line #0
        Function index: 191
        Line: 0
        Column: 0
    Attributes: [42]
Location #269
    Mapping index: 0
    Address: 0
    Line #0
        Function index: 192
        Line: 5
        Column: 0
    Attributes: [42]
Location #270
    Mapping index: 0
    Address: 0
    Line #0
        Function index: 193
        Line: 13
        Column: 0
    Attributes: [42]
Location #271
    Mapping index: 0
    Address: 0
    Line #0
        Function index: 194
        Line: 23
        Column: 0
    Attributes: [42]
Location #272
    Mapping index: 0
    Address: 0
    Line #0
        Function index: 195
        Line: 1
        Column: 49
    Attributes: [42]
Location #273
    Mapping index: 0
    Address: 0
    Line #0
        Function index: 196
        Line: 297
        Column: 0
    Attributes: [42]
Location #274
    Mapping index: 0
    Address: 0
    Line #0
        Function index: 197
        Line: 736
        Column: 0
    Attributes: [42]
Location #275
    Mapping index: 0
    Address: 0
    Line #0
        Function index: 198
        Line: 1049
        Column: 0
    Attributes: [42]
Location #276
    Mapping index: 0
    Address: 0
    Line #0
        Function index: 199
        Line: 1069
        Column: 0
    Attributes: [42]
Location #277
    Mapping index: 0
    Address: 0
    Line #0
        Function index: 200
        Line: 1224
        Column: 0
    Attributes: [42]
Location #278
    Mapping index: 0
    Address: 0
    Line #0
        Function index: 201
        Line: 1282
        Column: 0
    Attributes: [42]
Location #279
    Mapping index: 0
    Address: 0
    Line #0
        Function index: 202
        Line: 448
        Column: 0
    Attributes: [42]
Location #280
    Mapping index: 0
    Address: 0
    Line #0
        Function index: 203
        Line: 591
        Column: 0
    Attributes: [42]
Location #281
    Mapping index: 0
    Address: 0
    Line #0
        Function index: 204
        Line: 540
        Column: 0
    Attributes: [42]
Location #282
    Mapping index: 0
    Address: 0
    Line #0
        Function index: 205
        Line: 202
        Column: 0
    Attributes: [42]
Location #283
    Mapping index: 0
    Address: 0
    Line #0
        Function index: 206
        Line: 517
        Column: 0
    Attributes: [42]
Location #284
    Mapping index: 0
    Address: 0
    Line #0
        Function index: 207
        Line: 568
        Column: 0
    Attributes: [42]
Location #285
    Mapping index: 0
    Address: 0
    Line #0
        Function index: 208
        Line: 0
        Column: 0
    Attributes: [42]
Location #286
    Mapping index: 0
    Address: 0
    Line #0
        Function index: 209
        Line: 0
        Column: 0
    Attributes: [42]
Location #287
    Mapping index: 0
    Address: 0
    Line #0
        Function index: 210
        Line: 0
        Column: 0
    Attributes: [42]
Location #288
    Mapping index: 0
    Address: 0
    Line #0
        Function index: 211
        Line: 0
        Column: 0
    Attributes: [42]
Location #289
    Mapping index: 0
    Address: 0
    Line #0
        Function index: 212
        Line: 0
        Column: 0
    Attributes: [42]
Location #290
    Mapping index: 0
    Address: 0
    Line #0
        Function index: 213
        Line: 0
        Column: 0
    Attributes: [42]
Location #291
    Mapping index: 0
    Address: 0
    Line #0
        Function index: 214
        Line: 0
        Column: 0
    Attributes: [42]
Location #292
    Mapping index: 7
    Address: 20424196
    Attributes: [24]
Location #293
    Mapping index: 7
    Address: 20428857
    Attributes: [24]
Location #294
    Mapping index: 7
    Address: 20635384
    Attributes: [24]
Location #295
    Mapping index: 7
    Address: 20636338
    Attributes: [24]
Location #296
    Mapping index: 7
    Address: 15266858
    Attributes: [24]
Location #297
    Mapping index: 7
    Address: 15267424
    Attributes: [24]
Location #298
    Mapping index: 7
    Address: 16024100
    Attributes: [24]
Location #299
    Mapping index: 7
    Address: 15292437
    Attributes: [24]
Location #300
    Mapping index: 7
    Address: 16703983
    Attributes: [24]
Location #301
    Mapping index: 7
    Address: 16023210
    Attributes: [24]
Location #302
    Mapping index: 7
    Address: 15258461
    Attributes: [24]
Location #303
    Mapping index: 0
    Address: 39179330
    Attributes: [24]
Location #304
    Mapping index: 0
    Address: 39209799
    Attributes: [24]
Location #305
    Mapping index: 0
    Address: 39217301
    Attributes: [24]
Location #306
    Mapping index: 7
    Address: 17453205
    Attributes: [24]
Location #307
    Mapping index: 0
    Address: 0
    Line #0
        Function index: 215
        Line: 0
        Column: 0
    Attributes: [42]
Location #308
    Mapping index: 0
    Address: 0
    Line #0
        Function index: 216
        Line: 0
        Column: 0
    Attributes: [42]
Location #309
    Mapping index: 0
    Address: 0
    Line #0
        Function index: 217
        Line: 0
        Column: 0
    Attributes: [42]
Location #310
    Mapping index: 0
    Address: 43205117
    Attributes: [24]
Location #311
    Mapping index: 0
    Address: 43567376
    Attributes: [24]
Location #312
    Mapping index: 7
    Address: 25473726
    Attributes: [24]
Location #313
    Mapping index: 7
    Address: 25495686
    Attributes: [24]
Location #314
    Mapping index: 7
    Address: 25508694
    Attributes: [24]
Location #315
    Mapping index: 7
    Address: 25511809
    Attributes: [24]
Location #316
    Mapping index: 7
    Address: 25521544
    Attributes: [24]
Location #317
    Mapping index: 7
    Address: 24819045
    Attributes: [24]
Location #318
    Mapping index: 7
    Address: 24822590
    Attributes: [24]
Location #319
    Mapping index: 7
    Address: 24823191
    Attributes: [24]
Location #320
    Mapping index: 7
    Address: 24824586
    Attributes: [24]
Location #321
    Mapping index: 7
    Address: 24846287
    Attributes: [24]
Location #322
    Mapping index: 7
    Address: 24822943
    Attributes: [24]
Location #323
    Mapping index: 7
    Address: 24843441
    Attributes: [24]
Location #324
    Mapping index: 7
    Address: 24844961
    Attributes: [24]
Location #325
    Mapping index: 7
    Address: 24862877
    Attributes: [24]
Location #326
    Mapping index: 7
    Address: 24863213
    Attributes: [24]
Location #327
    Mapping index: 7
    Address: 24599593
    Attributes: [24]
Location #328
    Mapping index: 7
    Address: 24720949
    Attributes: [24]
Location #329
    Mapping index: 7
    Address: 24722392
    Attributes: [24]
Location #330
    Mapping index: 7
    Address: 24761819
    Attributes: [24]
Location #331
    Mapping index: 7
    Address: 24764184
    Attributes: [24]
Location #332
    Mapping index: 7
    Address: 24765638
    Attributes: [24]
Location #333
    Mapping index: 7
    Address: 24787094
    Attributes: [24]
Location #334
    Mapping index: 7
    Address: 19705047
    Attributes: [24]
Location #335
    Mapping index: 7
    Address: 19706189
    Attributes: [24]
Location #336
    Mapping index: 7
    Address: 19706926
    Attributes: [24]
Location #337
    Mapping index: 7
    Address: 19711212
    Attributes: [24]
Location #338
    Mapping index: 7
    Address: 18997854
    Attributes: [24]
Location #339
    Mapping index: 7
    Address: 18999310
    Attributes: [24]
Location #340
    Mapping index: 7
    Address: 15962226
    Attributes: [24]
Location #341
    Mapping index: 7
    Address: 15978729
    Attributes: [24]
Location #342
    Mapping index: 7
    Address: 19316633
    Attributes: [24]
Location #343
    Mapping index: 7
    Address: 19317481
    Attributes: [24]
Location #344
    Mapping index: 0
    Address: 0
    Line #0
        Function index: 218
        Line: 0
        Column: 0
    Attributes: [42]
Location #345
    Mapping index: 0
    Address: 0
    Line #0
        Function index: 219
        Line: 0
        Column: 0
    Attributes: [42]
Location #346
    Mapping index: 0
    Address: 0
    Line #0
        Function index: 220
        Line: 0
        Column: 0
    Attributes: [42]
Location #347
    Mapping index: 0
    Address: 0
    Line #0
        Function index: 221
        Line: 0
        Column: 0
    Attributes: [42]
Location #348
    Mapping index: 0
    Address: 0
    Line #0
        Function index: 222
        Line: 0
        Column: 0
    Attributes: [42]
Location #349
    Mapping index: 0
    Address: 0
    Line #0
        Function index: 223
        Line: 0
        Column: 0
    Attributes: [42]
Location #350
    Mapping index: 0
    Address: 0
    Line #0
        Function index: 224
        Line: 0
        Column: 0
    Attributes: [42]
Location #351
    Mapping index: 0
    Address: 0
    Line #0
        Function index: 225
        Line: 0
        Column: 0
    Attributes: [42]
Location #352
    Mapping index: 0
    Address: 0
    Line #0
        Function index: 226
        Line: 0
        Column: 0
    Attributes: [42]
Location #353
    Mapping index: 0
    Address: 0
    Line #0
        Function index: 227
        Line: 0
        Column: 0
    Attributes: [42]
Location #354
    Mapping index: 0
    Address: 0
    Line #0
        Function index: 228
        Line: 72
        Column: 0
    Attributes: [42]
Location #355
    Mapping index: 0
    Address: 0
    Line #0
        Function index: 229
        Line: 0
        Column: 0
    Attributes: [42]
Location #356
    Mapping index: 7
    Address: 20423650
    Attributes: [24]
Location #357
    Mapping index: 7
    Address: 20427604
    Attributes: [24]
Location #358
    Mapping index: 7
    Address: 19052805
    Attributes: [24]
Location #359
    Mapping index: 7
    Address: 15267290
    Attributes: [24]
Location #360
    Mapping index: 7
    Address: 16411541
    Attributes: [24]
Location #361
    Mapping index: 7
    Address: 16412425
    Attributes: [24]
Location #362
    Mapping index: 7
    Address: 16314762
    Attributes: [24]
Location #363
    Mapping index: 7
    Address: 30409788
    Attributes: [24]
Location #364
    Mapping index: 7
    Address: 30424754
    Attributes: [24]
Location #365
    Mapping index: 7
    Address: 30518099
    Attributes: [24]
Location #366
    Mapping index: 7
    Address: 30428182
    Attributes: [24]
Location #367
    Mapping index: 7
    Address: 15277125
    Attributes: [24]
Location #368
    Mapping index: 7
    Address: 16703920
    Attributes: [24]
Location #369
    Mapping index: 7
    Address: 24462906
    Attributes: [24]
Location #370
    Mapping index: 7
    Address: 24464264
    Attributes: [24]
Location #371
    Mapping index: 7
    Address: 22794821
    Attributes: [24]
Location #372
    Mapping index: 7
    Address: 22796717
    Attributes: [24]
Location #373
    Mapping index: 7
    Address: 19649584
    Attributes: [24]
Location #374
    Mapping index: 7
    Address: 19652356
    Attributes: [24]
Location #375
    Mapping index: 7
    Address: 19707379
    Attributes: [24]
Location #376
    Mapping index: 7
    Address: 20835843
    Attributes: [24]
Location #377
    Mapping index: 7
    Address: 20847478
    Attributes: [24]
Location #378
    Mapping index: 7
    Address: 20860545
    Attributes: [24]
Location #379
    Mapping index: 7
    Address: 24658717
    Attributes: [24]
Location #380
    Mapping index: 7
    Address: 24666443
    Attributes: [24]
Location #381
    Mapping index: 7
    Address: 24669444
    Attributes: [24]
Location #382
    Mapping index: 7
    Address: 24734643
    Attributes: [24]
Location #383
    Mapping index: 7
    Address: 24776557
    Attributes: [24]
Location #384
    Mapping index: 7
    Address: 24757080
    Attributes: [24]
Location #385
    Mapping index: 7
    Address: 24767784
    Attributes: [24]
Location #386
    Mapping index: 7
    Address: 24768613
    Attributes: [24]
Location #387
    Mapping index: 7
    Address: 24770851
    Attributes: [24]
Location #388
    Mapping index: 7
    Address: 24707678
    Attributes: [24]
Location #389
    Mapping index: 7
    Address: 24717510
    Attributes: [24]
Location #390
    Mapping index: 7
    Address: 24719959
    Attributes: [24]
Location #391
    Mapping index: 7
    Address: 24754100
    Attributes: [24]
Location #392
    Mapping index: 7
    Address: 24784932
    Attributes: [24]
Location #393
    Mapping index: 7
    Address: 24787908
    Attributes: [24]
Location #394
    Mapping index: 7
    Address: 19718179
    Attributes: [24]
Location #395
    Mapping index: 7
    Address: 19720193
    Attributes: [24]
Location #396
    Mapping index: 7
    Address: 25576878
    Attributes: [24]
Location #397
    Mapping index: 0
    Address: 0
    Line #0
        Function index: 230
        Line: 0
        Column: 0
    Attributes: [42]
Location #398
    Mapping index: 0
    Address: 0
    Line #0
        Function index: 231
        Line: 0
        Column: 0
    Attributes: [42]
Location #399
    Mapping index: 0
    Address: 0
    Line #0
        Function index: 232
        Line: 0
        Column: 0
    Attributes: [42]
Location #400
    Mapping index: 0
    Address: 0
    Line #0
        Function index: 233
        Line: 0
        Column: 0
    Attributes: [42]
Location #401
    Mapping index: 0
    Address: 0
    Line #0
        Function index: 234
        Line: 0
        Column: 0
    Attributes: [42]
Location #402
    Mapping index: 0
    Address: 0
    Line #0
        Function index: 235
        Line: 0
        Column: 0
    Attributes: [42]
Location #403
    Mapping index: 7
    Address: 21028791
    Attributes: [24]
Location #404
    Mapping index: 7
    Address: 22485913
    Attributes: [24]
Location #405
    Mapping index: 7
    Address: 22491086
    Attributes: [24]
Location #406
    Mapping index: 7
    Address: 22506483
    Attributes: [24]
Location #407
    Mapping index: 7
    Address: 22516348
    Attributes: [24]
Location #408
    Mapping index: 7
    Address: 19480344
    Attributes: [24]
Location #409
    Mapping index: 7
    Address: 24137666
    Attributes: [24]
Location #410
    Mapping index: 7
    Address: 25643165
    Attributes: [24]
Location #411
    Mapping index: 7
    Address: 23624076
    Attributes: [24]
Location #412
    Mapping index: 7
    Address: 25667457
    Attributes: [24]
Location #413
    Mapping index: 0
    Address: 0
    Line #0
        Function index: 236
        Line: 0
        Column: 0
    Attributes: [42]
Location #414
    Mapping index: 0
    Address: 0
    Line #0
        Function index: 237
        Line: 0
        Column: 0
    Attributes: [42]
Location #415
    Mapping index: 0
    Address: 0
    Line #0
        Function index: 238
        Line: 0
        Column: 0
    Attributes: [42]
Location #416
    Mapping index: 0
    Address: 0
    Line #0
        Function index: 239
        Line: 0
        Column: 0
    Attributes: [42]
Location #417
    Mapping index: 0
    Address: 0
    Line #0
        Function index: 240
        Line: 0
        Column: 0
    Attributes: [42]
Location #418
    Mapping index: 0
    Address: 0
    Line #0
        Function index: 241
        Line: 0
        Column: 0
    Attributes: [42]
Location #419
    Mapping index: 0
    Address: 0
    Line #0
        Function index: 242
        Line: 0
        Column: 0
    Attributes: [42]
Location #420
    Mapping index: 0
    Address: 0
    Line #0
        Function index: 243
        Line: 0
        Column: 0
    Attributes: [42]
Location #421
    Mapping index: 0
    Address: 44840690
    Attributes: [24]
Location #422
    Mapping index: 0
    Address: 44842008
    Attributes: [24]
Location #423
    Mapping index: 0
    Address: 45717908
    Attributes: [24]
Location #424
    Mapping index: 0
    Address: 45229200
    Attributes: [24]
Location #425
    Mapping index: 0
    Address: 45304855
    Attributes: [24]
Location #426
    Mapping index: 7
    Address: 24509572
    Attributes: [24]
Location #427
    Mapping index: 7
    Address: 24070879
    Attributes: [24]
Location #428
    Mapping index: 7
    Address: 24079901
    Attributes: [24]
Location #429
    Mapping index: 7
    Address: 24080729
    Attributes: [24]
Location #430
    Mapping index: 7
    Address: 24089484
    Attributes: [24]
Location #431
    Mapping index: 7
    Address: 24020021
    Attributes: [24]
Location #432
    Mapping index: 7
    Address: 24132905
    Attributes: [24]
Location #433
    Mapping index: 7
    Address: 23612928
    Attributes: [24]
Location #434
    Mapping index: 7
    Address: 25670904
    Attributes: [24]
Location #435
    Mapping index: 0
    Address: 0
    Line #0
        Function index: 244
        Line: 1301
        Column: 0
    Attributes: [42]
Location #436
    Mapping index: 0
    Address: 0
    Line #0
        Function index: 245
        Line: 1450
        Column: 0
    Attributes: [42]
Location #437
    Mapping index: 0
    Address: 0
    Line #0
        Function index: 246
        Line: 404
        Column: 0
    Attributes: [42]
Location #438
    Mapping index: 0
    Address: 0
    Line #0
        Function index: 247
        Line: 414
        Column: 0
    Attributes: [42]
Location #439
    Mapping index: 0
    Address: 0
    Line #0
        Function index: 248
        Line: 495
        Column: 0
    Attributes: [42]
Location #440
    Mapping index: 0
    Address: 0
    Line #0
        Function index: 249
        Line: 65
        Column: 0
    Attributes: [42]
Location #441
    Mapping index: 0
    Address: 0
    Line #0
        Function index: 250
        Line: 74
        Column: 0
    Attributes: [42]
Location #442
    Mapping index: 0
    Address: 0
    Line #0
        Function index: 251
        Line: 112
        Column: 1073737037
    Attributes: [42]
Location #443
    Mapping index: 0
    Address: 0
    Line #0
        Function index: 252
        Line: 0
        Column: 0
    Attributes: [42]
Location #444
    Mapping index: 0
    Address: 0
    Line #0
        Function index: 253
        Line: 34
        Column: 0
    Attributes: [42]
Location #445
    Mapping index: 0
    Address: 0
    Line #0
        Function index: 254
        Line: 122
        Column: 0
    Attributes: [42]
Location #446
    Mapping index: 0
    Address: 0
    Line #0
        Function index: 255
        Line: 0
        Column: 0
    Attributes: [42]
Location #447
    Mapping index: 1
    Address: 22180307
    Line #0
        Function index: 256
        Line: 0
        Column: 0
    Attributes: [3]
Location #448
    Mapping index: 1
    Address: 22232132
    Line #0
        Function index: 257
        Line: 0
        Column: 0
    Attributes: [3]
Location #449
    Mapping index: 1
    Address: 22233812
    Line #0
        Function index: 258
        Line: 0
        Column: 0
    Attributes: [3]
Location #450
    Mapping index: 1
    Address: 7961781
    Line #0
        Function index: 259
        Line: 0
        Column: 0
    Attributes: [3]
Location #451
    Mapping index: 1
    Address: 7964173
    Line #0
        Function index: 260
        Line: 0
        Column: 0
    Attributes: [3]
Location #452
    Mapping index: 1
    Address: 7964899
    Line #0
        Function index: 261
        Line: 0
        Column: 0
    Attributes: [3]
Location #453
    Mapping index: 1
    Address: 7972038
    Line #0
        Function index: 262
        Line: 0
        Column: 0
    Attributes: [3]
Location #454
    Mapping index: 1
    Address: 7860461
    Line #0
        Function index: 263
        Line: 0
        Column: 0
    Attributes: [3]
Location #455
    Mapping index: 1
    Address: 7861860
    Line #0
        Function index: 264
        Line: 0
        Column: 0
    Attributes: [3]
Location #456
    Mapping index: 1
    Address: 7862558
    Line #0
        Function index: 265
        Line: 0
        Column: 0
    Attributes: [3]
Location #457
    Mapping index: 1
    Address: 3168497
    Line #0
        Function index: 7
        Line: 0
        Column: 0
    Attributes: [3]
Location #458
    Mapping index: 4
    Address: 1203274
    Attributes: [24]
Location #459
    Mapping index: 4
    Address: 706453
    Attributes: [24]
Location #460
    Mapping index: 4
    Address: 710419
    Attributes: [24]
Location #461
    Mapping index: 7
    Address: 26099229
    Attributes: [24]
Location #462
    Mapping index: 7
    Address: 26116691
    Attributes: [24]
Location #463
    Mapping index: 7
    Address: 26117456
    Attributes: [24]
Location #464
    Mapping index: 7
    Address: 20182446
    Attributes: [24]
Location #465
    Mapping index: 0
    Address: 47259278
    Attributes: [24]
Location #466
    Mapping index: 0
    Address: 47319248
    Attributes: [24]
Location #467
    Mapping index: 7
    Address: 24950815
    Attributes: [24]
Location #468
    Mapping index: 7
    Address: 24973960
    Attributes: [24]
Location #469
    Mapping index: 7
    Address: 24861044
    Attributes: [24]
Location #470
    Mapping index: 7
    Address: 22464141
    Attributes: [24]
Location #471
    Mapping index: 7
    Address: 22506735
    Attributes: [24]
Location #472
    Mapping index: 7
    Address: 24950795
    Attributes: [24]
Location #473
    Mapping index: 7
    Address: 24737739
    Attributes: [24]
Location #474
    Mapping index: 7
    Address: 24666987
    Attributes: [24]
Location #475
    Mapping index: 7
    Address: 24667817
    Attributes: [24]
Location #476
    Mapping index: 7
    Address: 24669605
    Attributes: [24]
Location #477
    Mapping index: 7
    Address: 24750349
    Attributes: [24]
Location #478
    Mapping index: 7
    Address: 24751956
    Attributes: [24]
Location #479
    Mapping index: 7
    Address: 24712748
    Attributes: [24]
Location #480
    Mapping index: 7
    Address: 24715443
    Attributes: [24]
Location #481
    Mapping index: 7
    Address: 24669549
    Attributes: [24]
Location #482
    Mapping index: 0
    Address: 0
    Line #0
        Function index: 266
        Line: 148
        Column: 0
    Attributes: [42]
Location #483
    Mapping index: 0
    Address: 0
    Line #0
        Function index: 267
        Line: 0
        Column: 0
    Attributes: [42]
Location #484
    Mapping index: 7
    Address: 20427421
    Attributes: [24]
Location #485
    Mapping index: 7
    Address: 20428609
    Attributes: [24]
Location #486
    Mapping index: 7
    Address: 24368411
    Attributes: [24]
Location #487
    Mapping index: 7
    Address: 24369939
    Attributes: [24]
Location #488
    Mapping index: 7
    Address: 24368961
    Attributes: [24]
Location #489
    Mapping index: 7
    Address: 24370492
    Attributes: [24]
Location #490
    Mapping index: 7
    Address: 18995569
    Attributes: [24]
Location #491
    Mapping index: 7
    Address: 15983390
    Attributes: [24]
Location #492
    Mapping index: 0
    Address: 0
    Line #0
        Function index: 268
        Line: 0
        Column: 0
    Attributes: [42]
Location #493
    Mapping index: 7
    Address: 24504913
    Attributes: [24]
Location #494
    Mapping index: 7
    Address: 24505080
    Attributes: [24]
Location #495
    Mapping index: 7
    Address: 24089337
    Attributes: [24]
Location #496
    Mapping index: 7
    Address: 23606213
    Attributes: [24]
Location #497
    Mapping index: 7
    Address: 25624081
    Attributes: [24]
Location #498
    Mapping index: 7
    Address: 25635796
    Attributes: [24]
Location #499
    Mapping index: 0
    Address: 0
    Line #0
        Function index: 269
        Line: 0
        Column: 0
    Attributes: [42]
Location #500
    Mapping index: 0
    Address: 47900687
    Attributes: [24]
Location #501
    Mapping index: 0
    Address: 47910384
    Attributes: [24]
Location #502
    Mapping index: 0
    Address: 47915092
    Attributes: [24]
Location #503
    Mapping index: 0
    Address: 45309672
    Attributes: [24]
Location #504
    Mapping index: 0
    Address: 44833322
    Attributes: [24]
Location #505
    Mapping index: 0
    Address: 44840947
    Attributes: [24]
Location #506
    Mapping index: 0
    Address: 45307272
    Attributes: [24]
Location #507
    Mapping index: 7
    Address: 24422380
    Attributes: [24]
Location #508
    Mapping index: 7
    Address: 21028742
    Attributes: [24]
Location #509
    Mapping index: 0
    Address: 0
    Line #0
        Function index: 270
        Line: 0
        Column: 0
    Attributes: [42]
Location #510
    Mapping index: 7
    Address: 20840593
    Attributes: [24]
Location #511
    Mapping index: 7
    Address: 20840600
    Attributes: [24]
Location #512
    Mapping index: 7
    Address: 20857626
    Attributes: [24]
Location #513
    Mapping index: 0
    Address: 50595614
    Attributes: [24]
Location #514
    Mapping index: 0
    Address: 50654089
    Attributes: [24]
Location #515
    Mapping index: 0
    Address: 50770073
    Attributes: [24]
Location #516
    Mapping index: 0
    Address: 50787205
    Attributes: [24]
Location #517
    Mapping index: 0
    Address: 50855947
    Attributes: [24]
Location #518
    Mapping index: 0
    Address: 50862603
    Attributes: [24]
Location #519
    Mapping index: 0
    Address: 50870825
    Attributes: [24]
Location #520
    Mapping index: 0
    Address: 45212371
    Attributes: [24]
Location #521
    Mapping index: 0
    Address: 45306080
    Attributes: [24]
Location #522
    Mapping index: 7
    Address: 22251627
    Attributes: [24]
Location #523
    Mapping index: 7
    Address: 22293754
    Attributes: [24]
Location #524
    Mapping index: 7
    Address: 22340426
    Attributes: [24]
Location #525
    Mapping index: 7
    Address: 22338502
    Attributes: [24]
Location #526
    Mapping index: 7
    Address: 22385797
    Attributes: [24]
Location #527
    Mapping index: 7
    Address: 22386866
    Attributes: [24]
Location #528
    Mapping index: 7
    Address: 22446742
    Attributes: [24]
Location #529
    Mapping index: 7
    Address: 19657950
    Attributes: [24]
Location #530
    Mapping index: 7
    Address: 19658359
    Attributes: [24]
Location #531
    Mapping index: 7
    Address: 19703069
    Attributes: [24]
Location #532
    Mapping index: 7
    Address: 19704123
    Attributes: [24]
Location #533
    Mapping index: 7
    Address: 19713706
    Attributes: [24]
Location #534
    Mapping index: 7
    Address: 19152435
    Attributes: [24]
Location #535
    Mapping index: 7
    Address: 19153158
    Attributes: [24]
Location #536
    Mapping index: 7
    Address: 16258194
    Attributes: [24]
Location #537
    Mapping index: 7
    Address: 16278569
    Attributes: [24]
Location #538
    Mapping index: 0
    Address: 47354182
    Attributes: [24]
Location #539
    Mapping index: 0
    Address: 47354681
    Attributes: [24]
Location #540
    Mapping index: 0
    Address: 47319605
    Attributes: [24]
Location #541
    Mapping index: 7
    Address: 24735270
    Attributes: [24]
Location #542
    Mapping index: 0
    Address: 0
    Line #0
        Function index: 271
        Line: 9
        Column: 0
    Attributes: [42]
Location #543
    Mapping index: 0
    Address: 0
    Line #0
        Function index: 272
        Line: 126
        Column: 0
    Attributes: [42]
Location #544
    Mapping index: 0
    Address: 0
    Line #0
        Function index: 273
        Line: 18
        Column: 0
    Attributes: [42]
Location #545
    Mapping index: 0
    Address: 0
    Line #0
        Function index: 274
        Line: 39
        Column: 0
    Attributes: [42]
Location #546
    Mapping index: 0
    Address: 0
    Line #0
        Function index: 275
        Line: 4
        Column: 15
    Attributes: [42]
Location #547
    Mapping index: 0
    Address: 0
    Line #0
        Function index: 276
        Line: 5
        Column: 73
    Attributes: [42]
Location #548
    Mapping index: 0
    Address: 0
    Line #0
        Function index: 277
        Line: 6
        Column: 0
    Attributes: [42]
Location #549
    Mapping index: 0
    Address: 0
    Line #0
        Function index: 278
        Line: 107
        Column: 0
    Attributes: [42]
Location #550
    Mapping index: 0
    Address: 0
    Line #0
        Function index: 279
        Line: 233
        Column: 0
    Attributes: [42]
Location #551
    Mapping index: 7
    Address: 21887062
    Attributes: [24]
Location #552
    Mapping index: 7
    Address: 21895534
    Attributes: [24]
Location #553
    Mapping index: 7
    Address: 21895897
    Attributes: [24]
Location #554
    Mapping index: 0
    Address: 47890550
    Attributes: [24]
Location #555
    Mapping index: 0
    Address: 47896936
    Attributes: [24]
Location #556
    Mapping index: 0
    Address: 47910664
    Attributes: [24]
Location #557
    Mapping index: 7
    Address: 22485216
    Attributes: [24]
Location #558
    Mapping index: 7
    Address: 16317598
    Attributes: [24]
Location #559
    Mapping index: 7
    Address: 16417175
    Attributes: [24]
Location #560
    Mapping index: 1
    Address: 7779350
    Line #0
        Function index: 164
        Line: 0
        Column: 0
    Attributes: [3]
Location #561
    Mapping index: 1
    Address: 7846654
    Line #0
        Function index: 280
        Line: 0
        Column: 0
    Attributes: [3]
Location #562
    Mapping index: 1
    Address: 4210438
    Line #0
        Function index: 281
        Line: 0
        Column: 0
    Attributes: [3]
Location #563
    Mapping index: 1
    Address: 4257399
    Line #0
        Function index: 282
        Line: 0
        Column: 0
    Attributes: [3]
Location #564
    Mapping index: 1
    Address: 4258076
    Line #0
        Function index: 89
        Line: 0
        Column: 0
    Attributes: [3]
Location #565
    Mapping index: 4
    Address: 626032
    Attributes: [24]
Location #566
    Mapping index: 7
    Address: 21421009
    Attributes: [24]
Location #567
    Mapping index: 7
    Address: 21422251
    Attributes: [24]
Location #568
    Mapping index: 7
    Address: 21415288
    Attributes: [24]
Location #569
    Mapping index: 7
    Address: 21841466
    Attributes: [24]
Location #570
    Mapping index: 7
    Address: 21846304
    Attributes: [24]
Location #571
    Mapping index: 7
    Address: 21849574
    Attributes: [24]
Location #572
    Mapping index: 7
    Address: 21895523
    Attributes: [24]
Location #573
    Mapping index: 7
    Address: 26117513
    Attributes: [24]
Location #574
    Mapping index: 0
    Address: 44805694
    Attributes: [24]
Location #575
    Mapping index: 0
    Address: 47631779
    Attributes: [24]
Location #576
    Mapping index: 0
    Address: 44898773
    Attributes: [24]
Location #577
    Mapping index: 0
    Address: 45228720
    Attributes: [24]
Location #578
    Mapping index: 0
    Address: 47894192
    Attributes: [24]
Location #579
    Mapping index: 0
    Address: 47911102
    Attributes: [24]
Location #580
    Mapping index: 7
    Address: 22464303
    Attributes: [24]
Location #581
    Mapping index: 7
    Address: 22506004
    Attributes: [24]
Location #582
    Mapping index: 1
    Address: 8698141
    Line #0
        Function index: 283
        Line: 0
        Column: 0
    Attributes: [3]
Location #583
    Mapping index: 1
    Address: 9834602
    Line #0
        Function index: 284
        Line: 0
        Column: 0
    Attributes: [3]
Location #584
    Mapping index: 1
    Address: 8698688
    Line #0
        Function index: 285
        Line: 0
        Column: 0
    Attributes: [3]
Location #585
    Mapping index: 1
    Address: 8699433
    Line #0
        Function index: 286
        Line: 0
        Column: 0
    Attributes: [3]
Location #586
    Mapping index: 1
    Address: 8702914
    Line #0
        Function index: 287
        Line: 0
        Column: 0
    Attributes: [3]
Location #587
    Mapping index: 1
    Address: 8703900
    Line #0
        Function index: 288
        Line: 0
        Column: 0
    Attributes: [3]
Location #588
    Mapping index: 1
    Address: 3166946
    Line #0
        Function index: 7
        Line: 0
        Column: 0
    Attributes: [3]
Location #589
    Mapping index: 4
    Address: 1208972
    Attributes: [24]
Location #590
    Mapping index: 7
    Address: 30510018
    Attributes: [24]
Location #591
    Mapping index: 7
    Address: 30438483
    Attributes: [24]
Location #592
    Mapping index: 7
    Address: 30443937
    Attributes: [24]
Location #593
    Mapping index: 7
    Address: 30450751
    Attributes: [24]
Location #594
    Mapping index: 7
    Address: 16392392
    Attributes: [24]
Location #595
    Mapping index: 7
    Address: 16466177
    Attributes: [24]
Location #596
    Mapping index: 0
    Address: 0
    Line #0
        Function index: 289
        Line: 0
        Column: 0
    Attributes: [42]
Location #597
    Mapping index: 0
    Address: 0
    Line #0
        Function index: 290
        Line: 82
        Column: 0
    Attributes: [42]
Location #598
    Mapping index: 0
    Address: 0
    Line #0
        Function index: 291
        Line: 1266
        Column: 0
    Attributes: [42]
Location #599
    Mapping index: 7
    Address: 24972850
    Attributes: [24]
Location #600
    Mapping index: 7
    Address: 24840173
    Attributes: [24]
Location #601
    Mapping index: 7
    Address: 24849888
    Attributes: [24]
Location #602
    Mapping index: 7
    Address: 24852164
    Attributes: [24]
Location #603
    Mapping index: 7
    Address: 24834061
    Attributes: [24]
Location #604
    Mapping index: 7
    Address: 24896010
    Attributes: [24]
Location #605
    Mapping index: 7
    Address: 24897534
    Attributes: [24]
Location #606
    Mapping index: 0
    Address: 47448757
    Attributes: [24]
Location #607
    Mapping index: 0
    Address: 47475595
    Attributes: [24]
Location #608
    Mapping index: 0
    Address: 45223776
    Attributes: [24]
Location #609
    Mapping index: 0
    Address: 45252117
    Attributes: [24]
Location #610
    Mapping index: 0
    Address: 45256993
    Attributes: [24]
Location #611
    Mapping index: 0
    Address: 45306360
    Attributes: [24]
Location #612
    Mapping index: 0
    Address: 48789015
    Attributes: [24]
Location #613
    Mapping index: 0
    Address: 47618177
    Attributes: [24]
Location #614
    Mapping index: 0
    Address: 47628037
    Attributes: [24]
Location #615
    Mapping index: 0
    Address: 45226312
    Attributes: [24]
Location #616
    Mapping index: 0
    Address: 45282390
    Attributes: [24]
Location #617
    Mapping index: 0
    Address: 45312717
    Attributes: [24]
Location #618
    Mapping index: 0
    Address: 47437244
    Attributes: [24]
Location #619
    Mapping index: 0
    Address: 45254646
    Attributes: [24]
Location #620
    Mapping index: 7
    Address: 20960728
    Attributes: [24]
Location #621
    Mapping index: 7
    Address: 20960817
    Attributes: [24]
Location #622
    Mapping index: 7
    Address: 24327016
    Attributes: [24]
Location #623
    Mapping index: 7
    Address: 24328811
    Attributes: [24]
Location #624
    Mapping index: 7
    Address: 24333307
    Attributes: [24]
Location #625
    Mapping index: 7
    Address: 19257473
    Attributes: [24]
Location #626
    Mapping index: 7
    Address: 19257931
    Attributes: [24]
Location #627
    Mapping index: 7
    Address: 19702876
    Attributes: [24]
Location #628
    Mapping index: 7
    Address: 21028784
    Attributes: [24]
Location #629
    Mapping index: 1
    Address: 8002275
    Line #0
        Function index: 292
        Line: 0
        Column: 0
    Attributes: [3]
Location #630
    Mapping index: 1
    Address: 8022980
    Line #0
        Function index: 293
        Line: 0
        Column: 0
    Attributes: [3]
Location #631
    Mapping index: 1
    Address: 7582330
    Line #0
        Function index: 294
        Line: 0
        Column: 0
    Attributes: [3]
Location #632
    Mapping index: 1
    Address: 7587234
    Line #0
        Function index: 295
        Line: 0
        Column: 0
    Attributes: [3]
Location #633
    Mapping index: 1
    Address: 4411081
    Line #0
        Function index: 296
        Line: 0
        Column: 0
    Attributes: [3]
Location #634
    Mapping index: 1
    Address: 4412409
    Line #0
        Function index: 297
        Line: 0
        Column: 0
    Attributes: [3]
Location #635
    Mapping index: 1
    Address: 4461015
    Line #0
        Function index: 298
        Line: 0
        Column: 0
    Attributes: [3]
Location #636
    Mapping index: 1
    Address: 3573443
    Line #0
        Function index: 299
        Line: 0
        Column: 0
    Attributes: [3]
Location #637
    Mapping index: 1
    Address: 3163321
    Line #0
        Function index: 300
        Line: 0
        Column: 0
    Attributes: [3]
Location #638
    Mapping index: 8
    Address: 22448818
    Attributes: [24]
Location #639
    Mapping index: 8
    Address: 22448380
    Attributes: [24]
Location #640
    Mapping index: 8
    Address: 22531575
    Attributes: [24]
Location #641
    Mapping index: 8
    Address: 22528699
    Attributes: [24]
Location #642
    Mapping index: 8
    Address: 12247618
    Attributes: [24]
Location #643
    Mapping index: 8
    Address: 12240145
    Attributes: [24]
Location #644
    Mapping index: 8
    Address: 12237396
    Attributes: [24]
Location #645
    Mapping index: 8
    Address: 12236187
    Attributes: [24]
Location #646
    Mapping index: 8
    Address: 12843229
    Attributes: [24]
Location #647
    Mapping index: 8
    Address: 12840443
    Attributes: [24]
Location #648
    Mapping index: 8
    Address: 12876449
    Attributes: [24]
Location #649
    Mapping index: 8
    Address: 12845390
    Attributes: [24]
Location #650
    Mapping index: 8
    Address: 12859166
    Attributes: [24]
Location #651
    Mapping index: 8
    Address: 12846634
    Attributes: [24]
Location #652
    Mapping index: 8
    Address: 12855151
    Attributes: [24]
Location #653
    Mapping index: 8
    Address: 12846621
    Attributes: [24]
Location #654
    Mapping index: 8
    Address: 12855966
    Attributes: [24]
Location #655
    Mapping index: 8
    Address: 12849071
    Attributes: [24]
Location #656
    Mapping index: 8
    Address: 12842514
    Attributes: [24]
Location #657
    Mapping index: 8
    Address: 12880758
    Attributes: [24]
Location #658
    Mapping index: 8
    Address: 12992710
    Attributes: [24]
Location #659
    Mapping index: 8
    Address: 12243616
    Attributes: [24]
Location #660
    Mapping index: 8
    Address: 12988542
    Attributes: [24]
Location #661
    Mapping index: 8
    Address: 12986936
    Attributes: [24]
Location #662
    Mapping index: 8
    Address: 12983396
    Attributes: [24]
Location #663
    Mapping index: 8
    Address: 12975994
    Attributes: [24]
Location #664
    Mapping index: 8
    Address: 12153981
    Attributes: [24]
Location #665
    Mapping index: 8
    Address: 44066347
    Attributes: [24]
Location #666
    Mapping index: 8
    Address: 43528371
    Attributes: [24]
Location #667
    Mapping index: 8
    Address: 44574268
    Attributes: [24]
Location #668
    Mapping index: 9
    Address: 82989
    Attributes: [24]
Location #669
    Mapping index: 9
    Address: 71827
    Attributes: [24]
Location #670
    Mapping index: 8
    Address: 40057201
    Attributes: [24]
Location #671
    Mapping index: 10
    Address: 13565814
    Attributes: [24]
Location #672
    Mapping index: 8
    Address: 40055350
    Attributes: [24]
Location #673
    Mapping index: 8
    Address: 39826711
    Attributes: [24]
Location #674
    Mapping index: 8
    Address: 39827326
    Attributes: [24]
Location #675
    Mapping index: 8
    Address: 39943199
    Attributes: [24]
Location #676
    Mapping index: 9
    Address: 70123
    Attributes: [24]
Location #677
    Mapping index: 9
    Address: 123778
    Attributes: [24]
Location #678
    Mapping index: 9
    Address: 57940
    Attributes: [24]
Location #679
    Mapping index: 8
    Address: 29336827
    Attributes: [24]
Location #680
    Mapping index: 8
    Address: 29363412
    Attributes: [24]
Location #681
    Mapping index: 8
    Address: 24094253
    Attributes: [24]
Location #682
    Mapping index: 8
    Address: 12482151
    Attributes: [24]
Location #683
    Mapping index: 8
    Address: 12473371
    Attributes: [24]
Location #684
    Mapping index: 8
    Address: 12449405
    Attributes: [24]
Location #685
    Mapping index: 8
    Address: 12446923
    Attributes: [24]
Location #686
    Mapping index: 8
    Address: 12446449
    Attributes: [24]
Location #687
    Mapping index: 8
    Address: 12849720
    Attributes: [24]
Location #688
    Mapping index: 8
    Address: 12842096
    Attributes: [24]
Location #689
    Mapping index: 8
    Address: 12852079
    Attributes: [24]
Location #690
    Mapping index: 8
    Address: 12845362
    Attributes: [24]
Location #691
    Mapping index: 8
    Address: 12857791
    Attributes: [24]
Location #692
    Mapping index: 8
    Address: 12843974
    Attributes: [24]
Location #693
    Mapping index: 8
    Address: 20634376
    Attributes: [24]
Location #694
    Mapping index: 8
    Address: 20634453
    Attributes: [24]
Location #695
    Mapping index: 8
    Address: 20626859
    Attributes: [24]
Location #696
    Mapping index: 8
    Address: 22667394
    Attributes: [24]
Location #697
    Mapping index: 8
    Address: 12880861
    Attributes: [24]
Location #698
    Mapping index: 8
    Address: 34562673
    Attributes: [24]
Location #699
    Mapping index: 8
    Address: 34525832
    Attributes: [24]
Location #700
    Mapping index: 8
    Address: 34543153
    Attributes: [24]
Location #701
    Mapping index: 8
    Address: 34545054
    Attributes: [24]
Location #702
    Mapping index: 8
    Address: 34529054
    Attributes: [24]
Location #703
    Mapping index: 8
    Address: 34530968
    Attributes: [24]
Location #704
    Mapping index: 8
    Address: 34552201
    Attributes: [24]
Location #705
    Mapping index: 8
    Address: 34530910
    Attributes: [24]
Location #706
    Mapping index: 8
    Address: 34542007
    Attributes: [24]
Location #707
    Mapping index: 8
    Address: 34538245
    Attributes: [24]
Location #708
    Mapping index: 8
    Address: 34543475
    Attributes: [24]
Location #709
    Mapping index: 8
    Address: 34500859
    Attributes: [24]
Location #710
    Mapping index: 8
    Address: 34328029
    Attributes: [24]
Location #711
    Mapping index: 8
    Address: 20281145
    Attributes: [24]
Location #712
    Mapping index: 8
    Address: 20924482
    Attributes: [24]
Location #713
    Mapping index: 8
    Address: 22667700
    Attributes: [24]
Location #714
    Mapping index: 8
    Address: 18106617
    Attributes: [24]
Location #715
    Mapping index: 8
    Address: 24110788
    Attributes: [24]
Location #716
    Mapping index: 8
    Address: 24117986
    Attributes: [24]
Location #717
    Mapping index: 8
    Address: 24162728
    Attributes: [24]
Location #718
    Mapping index: 8
    Address: 24051792
    Attributes: [24]
Location #719
    Mapping index: 8
    Address: 24181660
    Attributes: [24]
Location #720
    Mapping index: 8
    Address: 23974377
    Attributes: [24]
Location #721
    Mapping index: 8
    Address: 12451436
    Attributes: [24]
Location #722
    Mapping index: 8
    Address: 20627509
    Attributes: [24]
Location #723
    Mapping index: 8
    Address: 32825085
    Attributes: [24]
Location #724
    Mapping index: 8
    Address: 32809930
    Attributes: [24]
Location #725
    Mapping index: 8
    Address: 32811472
    Attributes: [24]
Location #726
    Mapping index: 8
    Address: 32809074
    Attributes: [24]
Location #727
    Mapping index: 8
    Address: 32814261
    Attributes: [24]
Location #728
    Mapping index: 8
    Address: 32810192
    Attributes: [24]
Location #729
    Mapping index: 8
    Address: 32814493
    Attributes: [24]
Location #730
    Mapping index: 8
    Address: 32818003
    Attributes: [24]
Location #731
    Mapping index: 8
    Address: 32810000
    Attributes: [24]
Location #732
    Mapping index: 8
    Address: 32811934
    Attributes: [24]
Location #733
    Mapping index: 8
    Address: 32855947
    Attributes: [24]
Location #734
    Mapping index: 8
    Address: 33219907
    Attributes: [24]
Location #735
    Mapping index: 8
    Address: 33222747
    Attributes: [24]
Location #736
    Mapping index: 8
    Address: 33360877
    Attributes: [24]
Location #737
    Mapping index: 8
    Address: 33333387
    Attributes: [24]
Location #738
    Mapping index: 8
    Address: 33279570
    Attributes: [24]
Location #739
    Mapping index: 8
    Address: 33270252
    Attributes: [24]
Location #740
    Mapping index: 8
    Address: 33987851
    Attributes: [24]
Location #741
    Mapping index: 8
    Address: 33158374
    Attributes: [24]
Location #742
    Mapping index: 8
    Address: 12153813
    Attributes: [24]
Location #743
    Mapping index: 8
    Address: 31428723
    Attributes: [24]
Location #744
    Mapping index: 8
    Address: 31451921
    Attributes: [24]
Location #745
    Mapping index: 8
    Address: 31467129
    Attributes: [24]
Location #746
    Mapping index: 8
    Address: 31467860
    Attributes: [24]
Location #747
    Mapping index: 8
    Address: 31458516
    Attributes: [24]
Location #748
    Mapping index: 8
    Address: 31792418
    Attributes: [24]
Location #749
    Mapping index: 8
    Address: 31747072
    Attributes: [24]
Location #750
    Mapping index: 8
    Address: 31412916
    Attributes: [24]
Location #751
    Mapping index: 8
    Address: 32809296
    Attributes: [24]
Location #752
    Mapping index: 8
    Address: 32826406
    Attributes: [24]
Location #753
    Mapping index: 8
    Address: 11268896
    Attributes: [24]
Location #754
    Mapping index: 8
    Address: 12152409
    Attributes: [24]
Location #755
    Mapping index: 8
    Address: 12121580
    Attributes: [24]
Location #756
    Mapping index: 8
    Address: 12471715
    Attributes: [24]
Location #757
    Mapping index: 1
    Address: 22181633
    Line #0
        Function index: 301
        Line: 0
        Column: 0
    Attributes: [3]
Location #758
    Mapping index: 1
    Address: 7792358
    Line #0
        Function index: 302
        Line: 0
        Column: 0
    Attributes: [3]
Location #759
    Mapping index: 1
    Address: 4005465
    Line #0
        Function index: 149
        Line: 0
        Column: 0
    Attributes: [3]
Location #760
    Mapping index: 8
    Address: 10878941
    Attributes: [24]
Location #761
    Mapping index: 8
    Address: 10878803
    Attributes: [24]
Location #762
    Mapping index: 8
    Address: 12151822
    Attributes: [24]
Location #763
    Mapping index: 8
    Address: 12144501
    Attributes: [24]
Location #764
    Mapping index: 8
    Address: 12141526
    Attributes: [24]
Location #765
    Mapping index: 8
    Address: 11964877
    Attributes: [24]
Location #766
    Mapping index: 8
    Address: 11992027
    Attributes: [24]
Location #767
    Mapping index: 8
    Address: 12120515
    Attributes: [24]
Location #768
    Mapping index: 8
    Address: 12875132
    Attributes: [24]
Location #769
    Mapping index: 8
    Address: 26051873
    Attributes: [24]
Location #770
    Mapping index: 8
    Address: 22426149
    Attributes: [24]
Location #771
    Mapping index: 8
    Address: 12999004
    Attributes: [24]
Location #772
    Mapping index: 8
    Address: 13000887
    Attributes: [24]
Location #773
    Mapping index: 8
    Address: 12300096
    Attributes: [24]
Location #774
    Mapping index: 8
    Address: 12477842
    Attributes: [24]
Location #775
    Mapping index: 8
    Address: 12446755
    Attributes: [24]
Location #776
    Mapping index: 8
    Address: 14851340
    Attributes: [24]
Location #777
    Mapping index: 8
    Address: 24234391
    Attributes: [24]
Location #778
    Mapping index: 8
    Address: 24236339
    Attributes: [24]
Location #779
    Mapping index: 8
    Address: 23992209
    Attributes: [24]
Location #780
    Mapping index: 8
    Address: 23990549
    Attributes: [24]
Location #781
    Mapping index: 8
    Address: 23990276
    Attributes: [24]
Location #782
    Mapping index: 8
    Address: 24007483
    Attributes: [24]
Location #783
    Mapping index: 8
    Address: 23999947
    Attributes: [24]
Location #784
    Mapping index: 8
    Address: 23965947
    Attributes: [24]
Location #785
    Mapping index: 8
    Address: 12476403
    Attributes: [24]
Location #786
    Mapping index: 8
    Address: 12479832
    Attributes: [24]
Location #787
    Mapping index: 8
    Address: 31494316
    Attributes: [24]
Location #788
    Mapping index: 8
    Address: 31761988
    Attributes: [24]
Location #789
    Mapping index: 8
    Address: 31838354
    Attributes: [24]
Location #790
    Mapping index: 8
    Address: 32852145
    Attributes: [24]
Location #791
    Mapping index: 8
    Address: 31799348
    Attributes: [24]
Location #792
    Mapping index: 8
    Address: 31792376
    Attributes: [24]
Location #793
    Mapping index: 8
    Address: 32813810
    Attributes: [24]
Location #794
    Mapping index: 8
    Address: 34324190
    Attributes: [24]
Location #795
    Mapping index: 8
    Address: 34324385
    Attributes: [24]
Location #796
    Mapping index: 8
    Address: 34323732
    Attributes: [24]
Location #797
    Mapping index: 8
    Address: 33222027
    Attributes: [24]
Location #798
    Mapping index: 8
    Address: 34520559
    Attributes: [24]
Location #799
    Mapping index: 8
    Address: 34530030
    Attributes: [24]
Location #800
    Mapping index: 8
    Address: 34541840
    Attributes: [24]
Location #801
    Mapping index: 8
    Address: 11998519
    Attributes: [24]
Location #802
    Mapping index: 8
    Address: 11989376
    Attributes: [24]
Location #803
    Mapping index: 8
    Address: 12847558
    Attributes: [24]
Location #804
    Mapping index: 8
    Address: 23952637
    Attributes: [24]
Location #805
    Mapping index: 8
    Address: 24117792
    Attributes: [24]
Location #806
    Mapping index: 8
    Address: 10635680
    Attributes: [24]
Location #807
    Mapping index: 8
    Address: 10662480
    Attributes: [24]
Location #808
    Mapping index: 8
    Address: 21634453
    Attributes: [24]
Location #809
    Mapping index: 8
    Address: 24051962
    Attributes: [24]
Location #810
    Mapping index: 1
    Address: 8014899
    Line #0
        Function index: 303
        Line: 0
        Column: 0
    Attributes: [3]
Location #811
    Mapping index: 1
    Address: 8017302
    Line #0
        Function index: 304
        Line: 0
        Column: 0
    Attributes: [3]
Location #812
    Mapping index: 1
    Address: 8017681
    Line #0
        Function index: 305
        Line: 0
        Column: 0
    Attributes: [3]
Location #813
    Mapping index: 1
    Address: 8021496
    Line #0
        Function index: 306
        Line: 0
        Column: 0
    Attributes: [3]
Location #814
    Mapping index: 1
    Address: 8028738
    Line #0
        Function index: 307
        Line: 0
        Column: 0
    Attributes: [3]
Location #815
    Mapping index: 1
    Address: 8034381
    Line #0
        Function index: 308
        Line: 0
        Column: 0
    Attributes: [3]
Location #816
    Mapping index: 1
    Address: 8276607
    Line #0
        Function index: 309
        Line: 0
        Column: 0
    Attributes: [3]
Location #817
    Mapping index: 1
    Address: 8289146
    Line #0
        Function index: 310
        Line: 0
        Column: 0
    Attributes: [3]
Location #818
    Mapping index: 1
    Address: 7805836
    Line #0
        Function index: 311
        Line: 0
        Column: 0
    Attributes: [3]
Location #819
    Mapping index: 1
    Address: 7806887
    Line #0
        Function index: 312
        Line: 0
        Column: 0
    Attributes: [3]
Location #820
    Mapping index: 1
    Address: 7812860
    Line #0
        Function index: 146
        Line: 0
        Column: 0
    Attributes: [3]
Location #821
    Mapping index: 4
    Address: 705818
    Attributes: [24]
Location #822
    Mapping index: 4
    Address: 710673
    Attributes: [24]
Location #823
    Mapping index: 11
    Address: 801283
    Attributes: [24]
Location #824
    Mapping index: 10
    Address: 16048075
    Attributes: [24]
Location #825
    Mapping index: 8
    Address: 29449994
    Attributes: [24]
Location #826
    Mapping index: 8
    Address: 31496009
    Attributes: [24]
Location #827
    Mapping index: 8
    Address: 31494365
    Attributes: [24]
Location #828
    Mapping index: 8
    Address: 31813083
    Attributes: [24]
Location #829
    Mapping index: 8
    Address: 31747180
    Attributes: [24]
Location #830
    Mapping index: 8
    Address: 31843594
    Attributes: [24]
Location #831
    Mapping index: 8
    Address: 31456209
    Attributes: [24]
Location #832
    Mapping index: 8
    Address: 31451157
    Attributes: [24]
Location #833
    Mapping index: 8
    Address: 14761948
    Attributes: [24]
Location #834
    Mapping index: 8
    Address: 14763666
    Attributes: [24]
Location #835
    Mapping index: 8
    Address: 24532851
    Attributes: [24]
Location #836
    Mapping index: 8
    Address: 24231018
    Attributes: [24]
Location #837
    Mapping index: 8
    Address: 24230743
    Attributes: [24]
Location #838
    Mapping index: 8
    Address: 23959212
    Attributes: [24]
Location #839
    Mapping index: 8
    Address: 23956380
    Attributes: [24]
Location #840
    Mapping index: 8
    Address: 23959533
    Attributes: [24]
Location #841
    Mapping index: 8
    Address: 23974867
    Attributes: [24]
Location #842
    Mapping index: 8
    Address: 24176982
    Attributes: [24]
Location #843
    Mapping index: 8
    Address: 24052268
    Attributes: [24]
Location #844
    Mapping index: 8
    Address: 12251385
    Attributes: [24]
Location #845
    Mapping index: 8
    Address: 11611871
    Attributes: [24]
Location #846
    Mapping index: 8
    Address: 11611527
    Attributes: [24]
Location #847
    Mapping index: 8
    Address: 12120371
    Attributes: [24]
Location #848
    Mapping index: 8
    Address: 12447178
    Attributes: [24]
Location #849
    Mapping index: 8
    Address: 15419050
    Attributes: [24]
Location #850
    Mapping index: 8
    Address: 15346690
    Attributes: [24]
Location #851
    Mapping index: 8
    Address: 15329342
    Attributes: [24]
Location #852
    Mapping index: 8
    Address: 21671382
    Attributes: [24]
Location #853
    Mapping index: 8
    Address: 21657934
    Attributes: [24]
Location #854
    Mapping index: 8
    Address: 21608286
    Attributes: [24]
Location #855
    Mapping index: 8
    Address: 21616096
    Attributes: [24]
Location #856
    Mapping index: 8
    Address: 21618928
    Attributes: [24]
Location #857
    Mapping index: 8
    Address: 25240858
    Attributes: [24]
Location #858
    Mapping index: 8
    Address: 24241131
    Attributes: [24]
Location #859
    Mapping index: 8
    Address: 12878783
    Attributes: [24]
Location #860
    Mapping index: 8
    Address: 12854687
    Attributes: [24]
Location #861
    Mapping index: 8
    Address: 14874334
    Attributes: [24]
Location #862
    Mapping index: 8
    Address: 26052100
    Attributes: [24]
Location #863
    Mapping index: 8
    Address: 26040190
    Attributes: [24]
Location #864
    Mapping index: 8
    Address: 25702382
    Attributes: [24]
Location #865
    Mapping index: 8
    Address: 25704184
    Attributes: [24]
Location #866
    Mapping index: 8
    Address: 25701744
    Attributes: [24]
Location #867
    Mapping index: 8
    Address: 25716363
    Attributes: [24]
Location #868
    Mapping index: 8
    Address: 12457660
    Attributes: [24]
Location #869
    Mapping index: 8
    Address: 12472775
    Attributes: [24]
Location #870
    Mapping index: 8
    Address: 10662631
    Attributes: [24]
Location #871
    Mapping index: 8
    Address: 12879674
    Attributes: [24]
Location #872
    Mapping index: 8
    Address: 12855240
    Attributes: [24]
Location #873
    Mapping index: 8
    Address: 12853539
    Attributes: [24]
Location #874
    Mapping index: 8
    Address: 12478534
    Attributes: [24]
Location #875
    Mapping index: 8
    Address: 11611911
    Attributes: [24]
Location #876
    Mapping index: 8
    Address: 11964763
    Attributes: [24]
Location #877
    Mapping index: 8
    Address: 34324186
    Attributes: [24]
Location #878
    Mapping index: 8
    Address: 26051101
    Attributes: [24]
Location #879
    Mapping index: 8
    Address: 15275534
    Attributes: [24]
Location #880
    Mapping index: 8
    Address: 15275262
    Attributes: [24]
Location #881
    Mapping index: 8
    Address: 23956598
    Attributes: [24]
Location #882
    Mapping index: 8
    Address: 25703519
    Attributes: [24]
Location #883
    Mapping index: 8
    Address: 34325269
    Attributes: [24]
Location #884
    Mapping index: 8
    Address: 34324546
    Attributes: [24]
Location #885
    Mapping index: 8
    Address: 33224555
    Attributes: [24]
Location #886
    Mapping index: 8
    Address: 33224724
    Attributes: [24]
Location #887
    Mapping index: 8
    Address: 32873582
    Attributes: [24]
Location #888
    Mapping index: 8
    Address: 32825266
    Attributes: [24]
Location #889
    Mapping index: 8
    Address: 31793164
    Attributes: [24]
Location #890
    Mapping index: 8
    Address: 15739453
    Attributes: [24]
Location #891
    Mapping index: 8
    Address: 15705654
    Attributes: [24]
Location #892
    Mapping index: 8
    Address: 15719965
    Attributes: [24]
Location #893
    Mapping index: 8
    Address: 15356553
    Attributes: [24]
Location #894
    Mapping index: 8
    Address: 15705287
    Attributes: [24]
Location #895
    Mapping index: 8
    Address: 15346574
    Attributes: [24]
Location #896
    Mapping index: 8
    Address: 15347685
    Attributes: [24]
Location #897
    Mapping index: 8
    Address: 21616507
    Attributes: [24]
Location #898
    Mapping index: 8
    Address: 21618848
    Attributes: [24]
Location #899
    Mapping index: 8
    Address: 27251010
    Attributes: [24]
Location #900
    Mapping index: 8
    Address: 10672224
    Attributes: [24]
Location #901
    Mapping index: 8
    Address: 21840565
    Attributes: [24]
Location #902
    Mapping index: 8
    Address: 25843732
    Attributes: [24]
Location #903
    Mapping index: 8
    Address: 22627933
    Attributes: [24]
Location #904
    Mapping index: 8
    Address: 12251062
    Attributes: [24]
Location #905
    Mapping index: 8
    Address: 20634197
    Attributes: [24]
Location #906
    Mapping index: 8
    Address: 20633726
    Attributes: [24]
Location #907
    Mapping index: 8
    Address: 20633901
    Attributes: [24]
Location #908
    Mapping index: 8
    Address: 15289132
    Attributes: [24]
Location #909
    Mapping index: 8
    Address: 27251849
    Attributes: [24]
Location #910
    Mapping index: 8
    Address: 25240794
    Attributes: [24]
Location #911
    Mapping index: 8
    Address: 12143234
    Attributes: [24]
Location #912
    Mapping index: 8
    Address: 12191095
    Attributes: [24]
Location #913
    Mapping index: 8
    Address: 12192055
    Attributes: [24]
Location #914
    Mapping index: 8
    Address: 12480824
    Attributes: [24]
Location #915
    Mapping index: 8
    Address: 12453172
    Attributes: [24]
Location #916
    Mapping index: 8
    Address: 12482091
    Attributes: [24]
Location #917
    Mapping index: 8
    Address: 11641141
    Attributes: [24]
Location #918
    Mapping index: 8
    Address: 12115096
    Attributes: [24]
Location #919
    Mapping index: 8
    Address: 24012828
    Attributes: [24]
Location #920
    Mapping index: 8
    Address: 12469500
    Attributes: [24]
Location #921
    Mapping index: 8
    Address: 12461151
    Attributes: [24]
Location #922
    Mapping index: 8
    Address: 12850623
    Attributes: [24]
Location #923
    Mapping index: 8
    Address: 21719381
    Attributes: [24]
Location #924
    Mapping index: 8
    Address: 21731684
    Attributes: [24]
Location #925
    Mapping index: 8
    Address: 21732390
    Attributes: [24]
Location #926
    Mapping index: 8
    Address: 21722049
    Attributes: [24]
Location #927
    Mapping index: 8
    Address: 21618574
    Attributes: [24]
Location #928
    Mapping index: 8
    Address: 21618817
    Attributes: [24]
Location #929
    Mapping index: 8
    Address: 10881499
    Attributes: [24]
Location #930
    Mapping index: 8
    Address: 10881659
    Attributes: [24]
Location #931
    Mapping index: 8
    Address: 10662868
    Attributes: [24]
Location #932
    Mapping index: 11
    Address: 1537417
    Attributes: [24]
Location #933
    Mapping index: 8
    Address: 14858620
    Attributes: [24]
Location #934
    Mapping index: 8
    Address: 21029564
    Attributes: [24]
Location #935
    Mapping index: 8
    Address: 21028867
    Attributes: [24]
Location #936
    Mapping index: 8
    Address: 23949115
    Attributes: [24]
Location #937
    Mapping index: 8
    Address: 24006589
    Attributes: [24]
Location #938
    Mapping index: 1
    Address: 22448870
    Line #0
        Function index: 313
        Line: 0
        Column: 0
    Attributes: [3]
Location #939
    Mapping index: 1
    Address: 7807025
    Line #0
        Function index: 312
        Line: 0
        Column: 0
    Attributes: [3]
Location #940
    Mapping index: 8
    Address: 34555763
    Attributes: [24]
Location #941
    Mapping index: 8
    Address: 34529194
    Attributes: [24]
Location #942
    Mapping index: 8
    Address: 34529273
    Attributes: [24]
Location #943
    Mapping index: 8
    Address: 34562795
    Attributes: [24]
Location #944
    Mapping index: 8
    Address: 34528186
    Attributes: [24]
Location #945
    Mapping index: 8
    Address: 34527820
    Attributes: [24]
Location #946
    Mapping index: 8
    Address: 34566520
    Attributes: [24]
Location #947
    Mapping index: 8
    Address: 34542216
    Attributes: [24]
Location #948
    Mapping index: 8
    Address: 34551567
    Attributes: [24]
Location #949
    Mapping index: 8
    Address: 34529070
    Attributes: [24]
Location #950
    Mapping index: 8
    Address: 23957266
    Attributes: [24]
Location #951
    Mapping index: 8
    Address: 23955687
    Attributes: [24]
Location #952
    Mapping index: 8
    Address: 21415662
    Attributes: [24]
Location #953
    Mapping index: 8
    Address: 24095034
    Attributes: [24]
Location #954
    Mapping index: 8
    Address: 23992614
    Attributes: [24]
Location #955
    Mapping index: 8
    Address: 23963894
    Attributes: [24]
Location #956
    Mapping index: 8
    Address: 34628563
    Attributes: [24]
Location #957
    Mapping index: 8
    Address: 34627776
    Attributes: [24]
Location #958
    Mapping index: 8
    Address: 20281413
    Attributes: [24]
Location #959
    Mapping index: 8
    Address: 33739178
    Attributes: [24]
Location #960
    Mapping index: 8
    Address: 33739596
    Attributes: [24]
Location #961
    Mapping index: 8
    Address: 33291459
    Attributes: [24]
Location #962
    Mapping index: 8
    Address: 33340581
    Attributes: [24]
Location #963
    Mapping index: 8
    Address: 31456163
    Attributes: [24]
Location #964
    Mapping index: 8
    Address: 31450940
    Attributes: [24]
Location #965
    Mapping index: 8
    Address: 31806717
    Attributes: [24]
Location #966
    Mapping index: 8
    Address: 31849829
    Attributes: [24]
Location #967
    Mapping index: 8
    Address: 31850091
    Attributes: [24]
Location #968
    Mapping index: 8
    Address: 31842849
    Attributes: [24]
Location #969
    Mapping index: 8
    Address: 31844920
    Attributes: [24]
Location #970
    Mapping index: 8
    Address: 31298069
    Attributes: [24]
Location #971
    Mapping index: 8
    Address: 31308892
    Attributes: [24]
Location #972
    Mapping index: 8
    Address: 31290785
    Attributes: [24]
Location #973
    Mapping index: 8
    Address: 31289746
    Attributes: [24]
Location #974
    Mapping index: 8
    Address: 32811994
    Attributes: [24]
Location #975
    Mapping index: 1
    Address: 4005048
    Line #0
        Function index: 149
        Line: 0
        Column: 0
    Attributes: [3]
Location #976
    Mapping index: 10
    Address: 15839440
    Attributes: [24]
Location #977
    Mapping index: 10
    Address: 15839276
    Attributes: [24]
Location #978
    Mapping index: 10
    Address: 15838940
    Attributes: [24]
Location #979
    Mapping index: 10
    Address: 15806474
    Attributes: [24]
Location #980
    Mapping index: 8
    Address: 31496156
    Attributes: [24]
Location #981
    Mapping index: 8
    Address: 31844278
    Attributes: [24]
Location #982
    Mapping index: 8
    Address: 31425760
    Attributes: [24]
Location #983
    Mapping index: 8
    Address: 31464944
    Attributes: [24]
Location #984
    Mapping index: 8
    Address: 31466585
    Attributes: [24]
Location #985
    Mapping index: 8
    Address: 20922890
    Attributes: [24]
Location #986
    Mapping index: 8
    Address: 25240871
    Attributes: [24]
Location #987
    Mapping index: 8
    Address: 27255811
    Attributes: [24]
Location #988
    Mapping index: 8
    Address: 12461182
    Attributes: [24]
Location #989
    Mapping index: 8
    Address: 20919595
    Attributes: [24]
Location #990
    Mapping index: 8
    Address: 20917542
    Attributes: [24]
Location #991
    Mapping index: 8
    Address: 23950596
    Attributes: [24]
Location #992
    Mapping index: 8
    Address: 34324311
    Attributes: [24]
Location #993
    Mapping index: 8
    Address: 33224587
    Attributes: [24]
Location #994
    Mapping index: 8
    Address: 33750260
    Attributes: [24]
Location #995
    Mapping index: 8
    Address: 31428568
    Attributes: [24]
Location #996
    Mapping index: 8
    Address: 15275457
    Attributes: [24]
Location #997
    Mapping index: 8
    Address: 20294615
    Attributes: [24]
Location #998
    Mapping index: 8
    Address: 10881475
    Attributes: [24]
Location #999
    Mapping index: 8
    Address: 10660492
    Attributes: [24]
Location #1000
    Mapping index: 8
    Address: 10662622
    Attributes: [24]
Location #1001
    Mapping index: 8
    Address: 25844371
    Attributes: [24]
Location #1002
    Mapping index: 8
    Address: 25860962
    Attributes: [24]
Location #1003
    Mapping index: 8
    Address: 22627381
    Attributes: [24]
Location #1004
    Mapping index: 8
    Address: 24532481
    Attributes: [24]
Location #1005
    Mapping index: 8
    Address: 11611572
    Attributes: [24]
Location #1006
    Mapping index: 8
    Address: 12962171
    Attributes: [24]
Location #1007
    Mapping index: 8
    Address: 12850257
    Attributes: [24]
Location #1008
    Mapping index: 8
    Address: 13035826
    Attributes: [24]
Location #1009
    Mapping index: 8
    Address: 24006802
    Attributes: [24]
Location #1010
    Mapping index: 8
    Address: 34498318
    Attributes: [24]
Location #1011
    Mapping index: 8
    Address: 34498120
    Attributes: [24]
Location #1012
    Mapping index: 8
    Address: 34529558
    Attributes: [24]
Location #1013
    Mapping index: 8
    Address: 10881472
    Attributes: [24]
Location #1014
    Mapping index: 8
    Address: 12138478
    Attributes: [24]
Location #1015
    Mapping index: 8
    Address: 12115249
    Attributes: [24]
Location #1016
    Mapping index: 8
    Address: 12148818
    Attributes: [24]
Location #1017
    Mapping index: 8
    Address: 12152107
    Attributes: [24]
Location #1018
    Mapping index: 8
    Address: 20917519
    Attributes: [24]
Location #1019
    Mapping index: 8
    Address: 25711721
    Attributes: [24]
Location #1020
    Mapping index: 8
    Address: 25701853
    Attributes: [24]
Location #1021
    Mapping index: 8
    Address: 12448257
    Attributes: [24]
Location #1022
    Mapping index: 8
    Address: 12450925
    Attributes: [24]
Location #1023
    Mapping index: 8
    Address: 18086629
    Attributes: [24]
Location #1024
    Mapping index: 8
    Address: 13114206
    Attributes: [24]
Location #1025
    Mapping index: 8
    Address: 22633942
    Attributes: [24]
Location #1026
    Mapping index: 8
    Address: 22629413
    Attributes: [24]
Location #1027
    Mapping index: 1
    Address: 7807578
    Line #0
        Function index: 312
        Line: 0
        Column: 0
    Attributes: [3]
Location #1028
    Mapping index: 8
    Address: 34498616
    Attributes: [24]
Location #1029
    Mapping index: 8
    Address: 34528970
    Attributes: [24]
Location #1030
    Mapping index: 8
    Address: 18163810
    Attributes: [24]
Location #1031
    Mapping index: 8
    Address: 18163924
    Attributes: [24]
Location #1032
    Mapping index: 8
    Address: 13133519
    Attributes: [24]
Location #1033
    Mapping index: 8
    Address: 29358833
    Attributes: [24]
Location #1034
    Mapping index: 8
    Address: 29324157
    Attributes: [24]
Location #1035
    Mapping index: 8
    Address: 22529899
    Attributes: [24]
Location #1036
    Mapping index: 1
    Address: 7813773
    Line #0
        Function index: 147
        Line: 0
        Column: 0
    Attributes: [3]
Location #1037
    Mapping index: 8
    Address: 29449344
    Attributes: [24]
Location #1038
    Mapping index: 8
    Address: 29585889
    Attributes: [24]
Location #1039
    Mapping index: 8
    Address: 31527727
    Attributes: [24]
Location #1040
    Mapping index: 8
    Address: 31427938
    Attributes: [24]
Location #1041
    Mapping index: 8
    Address: 33224016
    Attributes: [24]
Location #1042
    Mapping index: 8
    Address: 33224023
    Attributes: [24]
Location #1043
    Mapping index: 8
    Address: 32874050
    Attributes: [24]
Location #1044
    Mapping index: 8
    Address: 23948768
    Attributes: [24]
Location #1045
    Mapping index: 8
    Address: 15781707
    Attributes: [24]
Location #1046
    Mapping index: 8
    Address: 15377062
    Attributes: [24]
Location #1047
    Mapping index: 8
    Address: 15356336
    Attributes: [24]
Location #1048
    Mapping index: 8
    Address: 22628379
    Attributes: [24]
Location #1049
    Mapping index: 8
    Address: 34562999
    Attributes: [24]
Location #1050
    Mapping index: 8
    Address: 34562731
    Attributes: [24]
Location #1051
    Mapping index: 8
    Address: 34582638
    Attributes: [24]
Location #1052
    Mapping index: 8
    Address: 18142005
    Attributes: [24]
Location #1053
    Mapping index: 8
    Address: 23956461
    Attributes: [24]
Location #1054
    Mapping index: 8
    Address: 12150074
    Attributes: [24]
Location #1055
    Mapping index: 8
    Address: 12851117
    Attributes: [24]
Location #1056
    Mapping index: 8
    Address: 11734785
    Attributes: [24]
Location #1057
    Mapping index: 8
    Address: 12141305
    Attributes: [24]
Location #1058
    Mapping index: 8
    Address: 12855307
    Attributes: [24]
Location #1059
    Mapping index: 8
    Address: 33292219
    Attributes: [24]
Location #1060
    Mapping index: 8
    Address: 31501455
    Attributes: [24]
Location #1061
    Mapping index: 8
    Address: 31501938
    Attributes: [24]
Location #1062
    Mapping index: 8
    Address: 31417566
    Attributes: [24]
Location #1063
    Mapping index: 8
    Address: 31298444
    Attributes: [24]
Location #1064
    Mapping index: 8
    Address: 33223866
    Attributes: [24]
Location #1065
    Mapping index: 8
    Address: 32813169
    Attributes: [24]
Location #1066
    Mapping index: 8
    Address: 10881479
    Attributes: [24]
Location #1067
    Mapping index: 8
    Address: 10867165
    Attributes: [24]
Location #1068
    Mapping index: 8
    Address: 10888869
    Attributes: [24]
Location #1069
    Mapping index: 8
    Address: 22448702
    Attributes: [24]
Location #1070
    Mapping index: 8
    Address: 20919573
    Attributes: [24]
Location #1071
    Mapping index: 8
    Address: 18142120
    Attributes: [24]
Location #1072
    Mapping index: 8
    Address: 10881516
    Attributes: [24]
Location #1073
    Mapping index: 8
    Address: 21665519
    Attributes: [24]
Location #1074
    Mapping index: 8
    Address: 21657625
    Attributes: [24]
Location #1075
    Mapping index: 8
    Address: 21609817
    Attributes: [24]
Location #1076
    Mapping index: 8
    Address: 29653472
    Attributes: [24]
Location #1077
    Mapping index: 8
    Address: 29653136
    Attributes: [24]
Location #1078
    Mapping index: 8
    Address: 31305485
    Attributes: [24]
Location #1079
    Mapping index: 8
    Address: 31290774
    Attributes: [24]
Location #1080
    Mapping index: 8
    Address: 34324432
    Attributes: [24]
Location #1081
    Mapping index: 8
    Address: 34324170
    Attributes: [24]
Location #1082
    Mapping index: 8
    Address: 20917424
    Attributes: [24]
Location #1083
    Mapping index: 8
    Address: 24050277
    Attributes: [24]
Location #1084
    Mapping index: 8
    Address: 12496793
    Attributes: [24]
Location #1085
    Mapping index: 8
    Address: 12458390
    Attributes: [24]
Location #1086
    Mapping index: 8
    Address: 24234365
    Attributes: [24]
Location #1087
    Mapping index: 8
    Address: 18109098
    Attributes: [24]
Location #1088
    Mapping index: 8
    Address: 20920835
    Attributes: [24]
Location #1089
    Mapping index: 8
    Address: 24050308
    Attributes: [24]
Location #1090
    Mapping index: 8
    Address: 17663481
    Attributes: [24]
Location #1091
    Mapping index: 8
    Address: 20634185
    Attributes: [24]
Location #1092
    Mapping index: 8
    Address: 26051097
    Attributes: [24]
Location #1093
    Mapping index: 8
    Address: 10878832
    Attributes: [24]
Location #1094
    Mapping index: 8
    Address: 10869706
    Attributes: [24]
Location #1095
    Mapping index: 8
    Address: 12141492
    Attributes: [24]
Location #1096
    Mapping index: 8
    Address: 20600660
    Attributes: [24]
Location #1097
    Mapping index: 8
    Address: 12273394
    Attributes: [24]
Location #1098
    Mapping index: 8
    Address: 12252634
    Attributes: [24]
Location #1099
    Mapping index: 8
    Address: 12480459
    Attributes: [24]
Location #1100
    Mapping index: 8
    Address: 12497486
    Attributes: [24]
Location #1101
    Mapping index: 8
    Address: 12479026
    Attributes: [24]
Location #1102
    Mapping index: 8
    Address: 32818731
    Attributes: [24]
Location #1103
    Mapping index: 8
    Address: 12121589
    Attributes: [24]
Location #1104
    Mapping index: 8
    Address: 11997020
    Attributes: [24]
Location #1105
    Mapping index: 8
    Address: 10881228
    Attributes: [24]
Location #1106
    Mapping index: 8
    Address: 10867037
    Attributes: [24]
Location #1107
    Mapping index: 8
    Address: 10662882
    Attributes: [24]
Location #1108
    Mapping index: 8
    Address: 21731618
    Attributes: [24]
Location #1109
    Mapping index: 8
    Address: 21725600
    Attributes: [24]
Location #1110
    Mapping index: 8
    Address: 21721786
    Attributes: [24]
Location #1111
    Mapping index: 8
    Address: 33750465
    Attributes: [24]
Location #1112
    Mapping index: 8
    Address: 31748130
    Attributes: [24]
Location #1113
    Mapping index: 8
    Address: 31844992
    Attributes: [24]
Location #1114
    Mapping index: 8
    Address: 31826106
    Attributes: [24]
Location #1115
    Mapping index: 8
    Address: 31828191
    Attributes: [24]
Location #1116
    Mapping index: 8
    Address: 31412588
    Attributes: [24]
Location #1117
    Mapping index: 8
    Address: 33226865
    Attributes: [24]
Location #1118
    Mapping index: 8
    Address: 32813965
    Attributes: [24]
Function #0
    Name: 0
    System name: 0
    Filename: 0
    Start line: 0
Function #1
    Name: 8
    System name: 0
    Filename: 0
    Start line: 0
Function #2
    Name: 10
    System name: 0
    Filename: 0
    Start line: 0
Function #3
    Name: 11
    System name: 0
    Filename: 0
    Start line: 0
Function #4
    Name: 12
    System name: 0
    Filename: 0
    Start line: 0
Function #5
    Name: 13
    System name: 0
    Filename: 0
    Start line: 0
Function #6
    Name: 14
    System name: 0
    Filename: 0
    Start line: 0
Function #7
    Name: 15
    System name: 0
    Filename: 0
    Start line: 0
Function #8
    Name: 16
    System name: 0
    Filename: 0
    Start line: 0
Function #9
    Name: 17
    System name: 0
    Filename: 0
    Start line: 0
Function #10
    Name: 20
    System name: 0
    Filename: 21
    Start line: 0
Function #11
    Name: 22
    System name: 0
    Filename: 23
    Start line: 0
Function #12
    Name: 24
    System name: 0
    Filename: 25
    Start line: 0
Function #13
    Name: 26
    System name: 0
    Filename: 27
    Start line: 0
Function #14
    Name: 28
    System name: 0
    Filename: 27
    Start line: 0
Function #15
    Name: 29
    System name: 0
    Filename: 30
    Start line: 0
Function #16
    Name: 31
    System name: 0
    Filename: 30
    Start line: 0
Function #17
    Name: 32
    System name: 0
    Filename: 30
    Start line: 0
Function #18
    Name: 33
    System name: 0
    Filename: 34
    Start line: 0
Function #19
    Name: 38
    System name: 0
    Filename: 39
    Start line: 0
Function #20
    Name: 40
    System name: 0
    Filename: 39
    Start line: 0
Function #21
    Name: 41
    System name: 0
    Filename: 39
    Start line: 0
Function #22
    Name: 42
    System name: 0
    Filename: 39
    Start line: 0
Function #23
    Name: 43
    System name: 0
    Filename: 44
    Start line: 0
Function #24
    Name: 45
    System name: 0
    Filename: 44
    Start line: 0
Function #25
    Name: 46
    System name: 0
    Filename: 47
    Start line: 0
Function #26
    Name: 48
    System name: 0
    Filename: 49
    Start line: 0
Function #27
    Name: 50
    System name: 0
    Filename: 51
    Start line: 0
Function #28
    Name: 52
    System name: 0
    Filename: 51
    Start line: 0
Function #29
    Name: 53
    System name: 0
    Filename: 54
    Start line: 0
Function #30
    Name: 55
    System name: 0
    Filename: 54
    Start line: 0
Function #31
    Name: 56
    System name: 0
    Filename: 54
    Start line: 0
Function #32
    Name: 57
    System name: 0
    Filename: 51
    Start line: 0
Function #33
    Name: 58
    System name: 0
    Filename: 59
    Start line: 0
Function #34
    Name: 60
    System name: 0
    Filename: 59
    Start line: 0
Function #35
    Name: 61
    System name: 0
    Filename: 34
    Start line: 0
Function #36
    Name: 62
    System name: 0
    Filename: 63
    Start line: 0
Function #37
    Name: 64
    System name: 0
    Filename: 63
    Start line: 0
Function #38
    Name: 65
    System name: 0
    Filename: 66
    Start line: 0
Function #39
    Name: 67
    System name: 0
    Filename: 66
    Start line: 0
Function #40
    Name: 68
    System name: 0
    Filename: 34
    Start line: 0
Function #41
    Name: 69
    System name: 0
    Filename: 70
    Start line: 0
Function #42
    Name: 71
    System name: 0
    Filename: 72
    Start line: 0
Function #43
    Name: 73
    System name: 0
    Filename: 49
    Start line: 0
Function #44
    Name: 74
    System name: 0
    Filename: 49
    Start line: 0
Function #45
    Name: 75
    System name: 0
    Filename: 0
    Start line: 0
Function #46
    Name: 76
    System name: 0
    Filename: 0
    Start line: 0
Function #47
    Name: 77
    System name: 0
    Filename: 0
    Start line: 0
Function #48
    Name: 78
    System name: 0
    Filename: 0
    Start line: 0
Function #49
    Name: 79
    System name: 0
    Filename: 0
    Start line: 0
Function #50
    Name: 80
    System name: 0
    Filename: 0
    Start line: 0
Function #51
    Name: 81
    System name: 0
    Filename: 23
    Start line: 0
Function #52
    Name: 82
    System name: 0
    Filename: 25
    Start line: 0
Function #53
    Name: 83
    System name: 0
    Filename: 25
    Start line: 0
Function #54
    Name: 84
    System name: 0
    Filename: 30
    Start line: 0
Function #55
    Name: 85
    System name: 0
    Filename: 30
    Start line: 0
Function #56
    Name: 86
    System name: 0
    Filename: 30
    Start line: 0
Function #57
    Name: 87
    System name: 0
    Filename: 34
    Start line: 0
Function #58
    Name: 88
    System name: 0
    Filename: 39
    Start line: 0
Function #59
    Name: 89
    System name: 0
    Filename: 0
    Start line: 0
Function #60
    Name: 90
    System name: 0
    Filename: 0
    Start line: 0
Function #61
    Name: 91
    System name: 0
    Filename: 0
    Start line: 0
Function #62
    Name: 92
    System name: 0
    Filename: 93
    Start line: 0
Function #63
    Name: 94
    System name: 0
    Filename: 95
    Start line: 0
Function #64
    Name: 96
    System name: 0
    Filename: 95
    Start line: 0
Function #65
    Name: 96
    System name: 0
    Filename: 97
    Start line: 0
Function #66
    Name: 98
    System name: 0
    Filename: 99
    Start line: 0
Function #67
    Name: 100
    System name: 0
    Filename: 101
    Start line: 0
Function #68
    Name: 102
    System name: 0
    Filename: 103
    Start line: 0
Function #69
    Name: 104
    System name: 0
    Filename: 59
    Start line: 0
Function #70
    Name: 105
    System name: 0
    Filename: 0
    Start line: 0
Function #71
    Name: 106
    System name: 0
    Filename: 0
    Start line: 0
Function #72
    Name: 107
    System name: 0
    Filename: 0
    Start line: 0
Function #73
    Name: 108
    System name: 0
    Filename: 0
    Start line: 0
Function #74
    Name: 109
    System name: 0
    Filename: 95
    Start line: 0
Function #75
    Name: 109
    System name: 0
    Filename: 97
    Start line: 0
Function #76
    Name: 110
    System name: 0
    Filename: 101
    Start line: 0
Function #77
    Name: 111
    System name: 0
    Filename: 112
    Start line: 0
Function #78
    Name: 113
    System name: 0
    Filename: 112
    Start line: 0
Function #79
    Name: 114
    System name: 0
    Filename: 115
    Start line: 0
Function #80
    Name: 117
    System name: 0
    Filename: 0
    Start line: 0
Function #81
    Name: 118
    System name: 0
    Filename: 0
    Start line: 0
Function #82
    Name: 119
    System name: 0
    Filename: 0
    Start line: 0
Function #83
    Name: 120
    System name: 0
    Filename: 0
    Start line: 0
Function #84
    Name: 121
    System name: 0
    Filename: 0
    Start line: 0
Function #85
    Name: 122
    System name: 0
    Filename: 0
    Start line: 0
Function #86
    Name: 123
    System name: 0
    Filename: 0
    Start line: 0
Function #87
    Name: 124
    System name: 0
    Filename: 0
    Start line: 0
Function #88
    Name: 125
    System name: 0
    Filename: 0
    Start line: 0
Function #89
    Name: 126
    System name: 0
    Filename: 0
    Start line: 0
Function #90
    Name: 127
    System name: 0
    Filename: 0
    Start line: 0
Function #91
    Name: 128
    System name: 0
    Filename: 0
    Start line: 0
Function #92
    Name: 129
    System name: 0
    Filename: 0
    Start line: 0
Function #93
    Name: 130
    System name: 0
    Filename: 0
    Start line: 0
Function #94
    Name: 133
    System name: 0
    Filename: 0
    Start line: 0
Function #95
    Name: 134
    System name: 0
    Filename: 0
    Start line: 0
Function #96
    Name: 135
    System name: 0
    Filename: 0
    Start line: 0
Function #97
    Name: 136
    System name: 0
    Filename: 0
    Start line: 0
Function #98
    Name: 137
    System name: 0
    Filename: 0
    Start line: 0
Function #99
    Name: 138
    System name: 0
    Filename: 0
    Start line: 0
Function #100
    Name: 139
    System name: 0
    Filename: 0
    Start line: 0
Function #101
    Name: 140
    System name: 0
    Filename: 0
    Start line: 0
Function #102
    Name: 141
    System name: 0
    Filename: 0
    Start line: 0
Function #103
    Name: 142
    System name: 0
    Filename: 0
    Start line: 0
Function #104
    Name: 143
    System name: 0
    Filename: 0
    Start line: 0
Function #105
    Name: 144
    System name: 0
    Filename: 0
    Start line: 0
Function #106
    Name: 145
    System name: 0
    Filename: 0
    Start line: 0
Function #107
    Name: 146
    System name: 0
    Filename: 0
    Start line: 0
Function #108
    Name: 147
    System name: 0
    Filename: 0
    Start line: 0
Function #109
    Name: 148
    System name: 0
    Filename: 0
    Start line: 0
Function #110
    Name: 149
    System name: 0
    Filename: 0
    Start line: 0
Function #111
    Name: 150
    System name: 0
    Filename: 0
    Start line: 0
Function #112
    Name: 151
    System name: 0
    Filename: 0
    Start line: 0
Function #113
    Name: 152
    System name: 0
    Filename: 0
    Start line: 0
Function #114
    Name: 153
    System name: 0
    Filename: 0
    Start line: 0
Function #115
    Name: 154
    System name: 0
    Filename: 0
    Start line: 0
Function #116
    Name: 155
    System name: 0
    Filename: 0
    Start line: 0
Function #117
    Name: 156
    System name: 0
    Filename: 0
    Start line: 0
Function #118
    Name: 157
    System name: 0
    Filename: 0
    Start line: 0
Function #119
    Name: 158
    System name: 0
    Filename: 0
    Start line: 0
Function #120
    Name: 159
    System name: 0
    Filename: 0
    Start line: 0
Function #121
    Name: 160
    System name: 0
    Filename: 0
    Start line: 0
Function #122
    Name: 161
    System name: 0
    Filename: 0
    Start line: 0
Function #123
    Name: 162
    System name: 0
    Filename: 0
    Start line: 0
Function #124
    Name: 163
    System name: 0
    Filename: 0
    Start line: 0
Function #125
    Name: 164
    System name: 0
    Filename: 0
    Start line: 0
Function #126
    Name: 165
    System name: 0
    Filename: 0
    Start line: 0
Function #127
    Name: 166
    System name: 0
    Filename: 0
    Start line: 0
Function #128
    Name: 167
    System name: 0
    Filename: 0
    Start line: 0
Function #129
    Name: 168
    System name: 0
    Filename: 0
    Start line: 0
Function #130
    Name: 169
    System name: 0
    Filename: 0
    Start line: 0
Function #131
    Name: 170
    System name: 0
    Filename: 0
    Start line: 0
Function #132
    Name: 171
    System name: 0
    Filename: 0
    Start line: 0
Function #133
    Name: 172
    System name: 0
    Filename: 0
    Start line: 0
Function #134
    Name: 173
    System name: 0
    Filename: 0
    Start line: 0
Function #135
    Name: 174
    System name: 0
    Filename: 0
    Start line: 0
Function #136
    Name: 175
    System name: 0
    Filename: 0
    Start line: 0
Function #137
    Name: 176
    System name: 0
    Filename: 0
    Start line: 0
Function #138
    Name: 177
    System name: 0
    Filename: 0
    Start line: 0
Function #139
    Name: 178
    System name: 0
    Filename: 0
    Start line: 0
Function #140
    Name: 179
    System name: 0
    Filename: 0
    Start line: 0
Function #141
    Name: 180
    System name: 0
    Filename: 0
    Start line: 0
Function #142
    Name: 181
    System name: 0
    Filename: 0
    Start line: 0
Function #143
    Name: 182
    System name: 0
    Filename: 0
    Start line: 0
Function #144
    Name: 183
    System name: 0
    Filename: 0
    Start line: 0
Function #145
    Name: 184
    System name: 0
    Filename: 0
    Start line: 0
Function #146
    Name: 185
    System name: 0
    Filename: 0
    Start line: 0
Function #147
    Name: 186
    System name: 0
    Filename: 0
    Start line: 0
Function #148
    Name: 187
    System name: 0
    Filename: 0
    Start line: 0
Function #149
    Name: 188
    System name: 0
    Filename: 0
    Start line: 0
Function #150
    Name: 189
    System name: 0
    Filename: 0
    Start line: 0
Function #151
    Name: 190
    System name: 0
    Filename: 0
    Start line: 0
Function #152
    Name: 191
    System name: 0
    Filename: 0
    Start line: 0
Function #153
    Name: 192
    System name: 0
    Filename: 0
    Start line: 0
Function #154
    Name: 193
    System name: 0
    Filename: 0
    Start line: 0
Function #155
    Name: 194
    System name: 0
    Filename: 0
    Start line: 0
Function #156
    Name: 195
    System name: 0
    Filename: 0
    Start line: 0
Function #157
    Name: 196
    System name: 0
    Filename: 0
    Start line: 0
Function #158
    Name: 197
    System name: 0
    Filename: 0
    Start line: 0
Function #159
    Name: 198
    System name: 0
    Filename: 0
    Start line: 0
Function #160
    Name: 199
    System name: 0
    Filename: 0
    Start line: 0
Function #161
    Name: 200
    System name: 0
    Filename: 0
    Start line: 0
Function #162
    Name: 201
    System name: 0
    Filename: 0
    Start line: 0
Function #163
    Name: 202
    System name: 0
    Filename: 0
    Start line: 0
Function #164
    Name: 203
    System name: 0
    Filename: 0
    Start line: 0
Function #165
    Name: 204
    System name: 0
    Filename: 0
    Start line: 0
Function #166
    Name: 205
    System name: 0
    Filename: 0
    Start line: 0
Function #167
    Name: 206
    System name: 0
    Filename: 0
    Start line: 0
Function #168
    Name: 207
    System name: 0
    Filename: 0
    Start line: 0
Function #169
    Name: 208
    System name: 0
    Filename: 0
    Start line: 0
Function #170
    Name: 209
    System name: 0
    Filename: 0
    Start line: 0
Function #171
    Name: 211
    System name: 0
    Filename: 0
    Start line: 0
Function #172
    Name: 212
    System name: 0
    Filename: 0
    Start line: 0
Function #173
    Name: 213
    System name: 0
    Filename: 0
    Start line: 0
Function #174
    Name: 214
    System name: 0
    Filename: 0
    Start line: 0
Function #175
    Name: 215
    System name: 0
    Filename: 0
    Start line: 0
Function #176
    Name: 216
    System name: 0
    Filename: 0
    Start line: 0
Function #177
    Name: 217
    System name: 0
    Filename: 0
    Start line: 0
Function #178
    Name: 219
    System name: 0
    Filename: 220
    Start line: 0
Function #179
    Name: 221
    System name: 0
    Filename: 220
    Start line: 0
Function #180
    Name: 222
    System name: 0
    Filename: 220
    Start line: 0
Function #181
    Name: 223
    System name: 0
    Filename: 224
    Start line: 0
Function #182
    Name: 225
    System name: 0
    Filename: 224
    Start line: 0
Function #183
    Name: 226
    System name: 0
    Filename: 227
    Start line: 0
Function #184
    Name: 228
    System name: 0
    Filename: 227
    Start line: 0
Function #185
    Name: 229
    System name: 0
    Filename: 227
    Start line: 0
Function #186
    Name: 230
    System name: 0
    Filename: 0
    Start line: 0
Function #187
    Name: 231
    System name: 0
    Filename: 227
    Start line: 0
Function #188
    Name: 232
    System name: 0
    Filename: 233
    Start line: 0
Function #189
    Name: 234
    System name: 0
    Filename: 233
    Start line: 0
Function #190
    Name: 235
    System name: 0
    Filename: 233
    Start line: 0
Function #191
    Name: 236
    System name: 0
    Filename: 233
    Start line: 0
Function #192
    Name: 237
    System name: 0
    Filename: 238
    Start line: 0
Function #193
    Name: 239
    System name: 0
    Filename: 240
    Start line: 0
Function #194
    Name: 241
    System name: 0
    Filename: 240
    Start line: 0
Function #195
    Name: 242
    System name: 0
    Filename: 243
    Start line: 0
Function #196
    Name: 244
    System name: 0
    Filename: 243
    Start line: 0
Function #197
    Name: 245
    System name: 0
    Filename: 246
    Start line: 0
Function #198
    Name: 247
    System name: 0
    Filename: 246
    Start line: 0
Function #199
    Name: 248
    System name: 0
    Filename: 246
    Start line: 0
Function #200
    Name: 249
    System name: 0
    Filename: 246
    Start line: 0
Function #201
    Name: 250
    System name: 0
    Filename: 246
    Start line: 0
Function #202
    Name: 251
    System name: 0
    Filename: 252
    Start line: 0
Function #203
    Name: 253
    System name: 0
    Filename: 252
    Start line: 0
Function #204
    Name: 254
    System name: 0
    Filename: 252
    Start line: 0
Function #205
    Name: 255
    System name: 0
    Filename: 252
    Start line: 0
Function #206
    Name: 256
    System name: 0
    Filename: 252
    Start line: 0
Function #207
    Name: 257
    System name: 0
    Filename: 252
    Start line: 0
Function #208
    Name: 258
    System name: 0
    Filename: 259
    Start line: 0
Function #209
    Name: 236
    System name: 0
    Filename: 259
    Start line: 0
Function #210
    Name: 260
    System name: 0
    Filename: 259
    Start line: 0
Function #211
    Name: 261
    System name: 0
    Filename: 259
    Start line: 0
Function #212
    Name: 262
    System name: 0
    Filename: 259
    Start line: 0
Function #213
    Name: 236
    System name: 0
    Filename: 263
    Start line: 0
Function #214
    Name: 264
    System name: 0
    Filename: 0
    Start line: 0
Function #215
    Name: 265
    System name: 0
    Filename: 0
    Start line: 0
Function #216
    Name: 266
    System name: 0
    Filename: 267
    Start line: 0
Function #217
    Name: 268
    System name: 0
    Filename: 0
    Start line: 0
Function #218
    Name: 269
    System name: 0
    Filename: 0
    Start line: 0
Function #219
    Name: 270
    System name: 0
    Filename: 271
    Start line: 0
Function #220
    Name: 272
    System name: 0
    Filename: 273
    Start line: 0
Function #221
    Name: 274
    System name: 0
    Filename: 275
    Start line: 0
Function #222
    Name: 276
    System name: 0
    Filename: 275
    Start line: 0
Function #223
    Name: 277
    System name: 0
    Filename: 275
    Start line: 0
Function #224
    Name: 278
    System name: 0
    Filename: 275
    Start line: 0
Function #225
    Name: 279
    System name: 0
    Filename: 275
    Start line: 0
Function #226
    Name: 280
    System name: 0
    Filename: 275
    Start line: 0
Function #227
    Name: 281
    System name: 0
    Filename: 0
    Start line: 0
Function #228
    Name: 282
    System name: 0
    Filename: 283
    Start line: 0
Function #229
    Name: 284
    System name: 0
    Filename: 0
    Start line: 0
Function #230
    Name: 285
    System name: 0
    Filename: 286
    Start line: 0
Function #231
    Name: 287
    System name: 0
    Filename: 286
    Start line: 0
Function #232
    Name: 288
    System name: 0
    Filename: 273
    Start line: 0
Function #233
    Name: 289
    System name: 0
    Filename: 273
    Start line: 0
Function #234
    Name: 290
    System name: 0
    Filename: 273
    Start line: 0
Function #235
    Name: 291
    System name: 0
    Filename: 292
    Start line: 0
Function #236
    Name: 293
    System name: 0
    Filename: 294
    Start line: 0
Function #237
    Name: 295
    System name: 0
    Filename: 294
    Start line: 0
Function #238
    Name: 296
    System name: 0
    Filename: 297
    Start line: 0
Function #239
    Name: 298
    System name: 0
    Filename: 297
    Start line: 0
Function #240
    Name: 299
    System name: 0
    Filename: 300
    Start line: 0
Function #241
    Name: 301
    System name: 0
    Filename: 275
    Start line: 0
Function #242
    Name: 250
    System name: 0
    Filename: 275
    Start line: 0
Function #243
    Name: 302
    System name: 0
    Filename: 303
    Start line: 0
Function #244
    Name: 304
    System name: 0
    Filename: 305
    Start line: 0
Function #245
    Name: 306
    System name: 0
    Filename: 305
    Start line: 0
Function #246
    Name: 307
    System name: 0
    Filename: 308
    Start line: 0
Function #247
    Name: 309
    System name: 0
    Filename: 308
    Start line: 0
Function #248
    Name: 310
    System name: 0
    Filename: 308
    Start line: 0
Function #249
    Name: 311
    System name: 0
    Filename: 312
    Start line: 0
Function #250
    Name: 313
    System name: 0
    Filename: 312
    Start line: 0
Function #251
    Name: 314
    System name: 0
    Filename: 312
    Start line: 0
Function #252
    Name: 315
    System name: 0
    Filename: 316
    Start line: 0
Function #253
    Name: 317
    System name: 0
    Filename: 318
    Start line: 0
Function #254
    Name: 319
    System name: 0
    Filename: 318
    Start line: 0
Function #255
    Name: 320
    System name: 0
    Filename: 259
    Start line: 0
Function #256
    Name: 321
    System name: 0
    Filename: 0
    Start line: 0
Function #257
    Name: 322
    System name: 0
    Filename: 0
    Start line: 0
Function #258
    Name: 323
    System name: 0
    Filename: 0
    Start line: 0
Function #259
    Name: 324
    System name: 0
    Filename: 0
    Start line: 0
Function #260
    Name: 325
    System name: 0
    Filename: 0
    Start line: 0
Function #261
    Name: 326
    System name: 0
    Filename: 0
    Start line: 0
Function #262
    Name: 327
    System name: 0
    Filename: 0
    Start line: 0
Function #263
    Name: 328
    System name: 0
    Filename: 0
    Start line: 0
Function #264
    Name: 329
    System name: 0
    Filename: 0
    Start line: 0
Function #265
    Name: 330
    System name: 0
    Filename: 0
    Start line: 0
Function #266
    Name: 331
    System name: 0
    Filename: 332
    Start line: 0
Function #267
    Name: 236
    System name: 0
    Filename: 332
    Start line: 0
Function #268
    Name: 333
    System name: 0
    Filename: 303
    Start line: 0
Function #269
    Name: 236
    System name: 0
    Filename: 334
    Start line: 0
Function #270
    Name: 335
    System name: 0
    Filename: 294
    Start line: 0
Function #271
    Name: 336
    System name: 0
    Filename: 337
    Start line: 0
Function #272
    Name: 338
    System name: 0
    Filename: 339
    Start line: 0
Function #273
    Name: 340
    System name: 0
    Filename: 341
    Start line: 0
Function #274
    Name: 342
    System name: 0
    Filename: 341
    Start line: 0
Function #275
    Name: 343
    System name: 0
    Filename: 344
    Start line: 0
Function #276
    Name: 345
    System name: 0
    Filename: 346
    Start line: 0
Function #277
    Name: 347
    System name: 0
    Filename: 348
    Start line: 0
Function #278
    Name: 349
    System name: 0
    Filename: 350
    Start line: 0
Function #279
    Name: 351
    System name: 0
    Filename: 350
    Start line: 0
Function #280
    Name: 352
    System name: 0
    Filename: 0
    Start line: 0
Function #281
    Name: 353
    System name: 0
    Filename: 0
    Start line: 0
Function #282
    Name: 354
    System name: 0
    Filename: 0
    Start line: 0
Function #283
    Name: 355
    System name: 0
    Filename: 0
    Start line: 0
Function #284
    Name: 356
    System name: 0
    Filename: 0
    Start line: 0
Function #285
    Name: 357
    System name: 0
    Filename: 0
    Start line: 0
Function #286
    Name: 358
    System name: 0
    Filename: 0
    Start line: 0
Function #287
    Name: 359
    System name: 0
    Filename: 0
    Start line: 0
Function #288
    Name: 360
    System name: 0
    Filename: 0
    Start line: 0
Function #289
    Name: 361
    System name: 0
    Filename: 362
    Start line: 0
Function #290
    Name: 363
    System name: 0
    Filename: 364
    Start line: 0
Function #291
    Name: 365
    System name: 0
    Filename: 246
    Start line: 0
Function #292
    Name: 366
    System name: 0
    Filename: 0
    Start line: 0
Function #293
    Name: 367
    System name: 0
    Filename: 0
    Start line: 0
Function #294
    Name: 368
    System name: 0
    Filename: 0
    Start line: 0
Function #295
    Name: 369
    System name: 0
    Filename: 0
    Start line: 0
Function #296
    Name: 370
    System name: 0
    Filename: 0
    Start line: 0
Function #297
    Name: 371
    System name: 0
    Filename: 0
    Start line: 0
Function #298
    Name: 372
    System name: 0
    Filename: 0
    Start line: 0
Function #299
    Name: 373
    System name: 0
    Filename: 0
    Start line: 0
Function #300
    Name: 374
    System name: 0
    Filename: 0
    Start line: 0
Function #301
    Name: 378
    System name: 0
    Filename: 0
    Start line: 0
Function #302
    Name: 379
    System name: 0
    Filename: 0
    Start line: 0
Function #303
    Name: 380
    System name: 0
    Filename: 0
    Start line: 0
Function #304
    Name: 381
    System name: 0
    Filename: 0
    Start line: 0
Function #305
    Name: 382
    System name: 0
    Filename: 0
    Start line: 0
Function #306
    Name: 383
    System name: 0
    Filename: 0
    Start line: 0
Function #307
    Name: 384
    System name: 0
    Filename: 0
    Start line: 0
Function #308
    Name: 385
    System name: 0
    Filename: 0
    Start line: 0
Function #309
    Name: 386
    System name: 0
    Filename: 0
    Start line: 0
Function #310
    Name: 387
    System name: 0
    Filename: 0
    Start line: 0
Function #311
    Name: 388
    System name: 0
    Filename: 0
    Start line: 0
Function #312
    Name: 389
    System name: 0
    Filename: 0
    Start line: 0
Function #313
    Name: 391
    System name: 0
    Filename: 0
    Start line: 0
Attribute table:
     -> Key: Int(7)
     -> Value: Str(384c11c9414a58c0ea6edc74f53e127b)
     -> unit: Int(0)
Link table:
     -> Trace ID: Str()
     -> Span ID: Str()
String table:
    
    cpu
    nanoseconds
    samples
    count
    vmlinux
    process.executable.build_id.gnu
    process.executable.build_id.htlhash
    _raw_spin_unlock_irqrestore
    profile.frame.type
    try_to_wake_up
    wake_up_q
    futex_wake
    do_futex
    __x64_sys_futex
    x64_sys_call
    do_syscall_64
    entry_SYSCALL_64_after_hwframe
    otelcol-ebpf-profiler
    process.executable.build_id.go
    runtime.futex
    /home/yunwei37/go/pkg/mod/golang.org/toolchain@v0.0.1-go1.25.0.linux-amd64/src/runtime/sys_linux_amd64.s
    runtime.futexwakeup
    /home/yunwei37/go/pkg/mod/golang.org/toolchain@v0.0.1-go1.25.0.linux-amd64/src/runtime/os_linux.go
    runtime.notewakeup
    /home/yunwei37/go/pkg/mod/golang.org/toolchain@v0.0.1-go1.25.0.linux-amd64/src/runtime/lock_futex.go
    runtime.startm
    /home/yunwei37/go/pkg/mod/golang.org/toolchain@v0.0.1-go1.25.0.linux-amd64/src/runtime/runtime1.go
    runtime.wakep
    runtime.resetspinning
    /home/yunwei37/go/pkg/mod/golang.org/toolchain@v0.0.1-go1.25.0.linux-amd64/src/runtime/proc.go
    runtime.schedule
    runtime.park_m
    runtime.mcall
    /home/yunwei37/go/pkg/mod/golang.org/toolchain@v0.0.1-go1.25.0.linux-amd64/src/runtime/asm_amd64.s
    thread.name
    thread.id
    cpu.logical_number
    go.opentelemetry.io/ebpf-profiler/nativeunwind/elfunwindinfo.(*vmRegs).getUnwindInfo
    /tmp/opentelemetry-ebpf-profiler/nativeunwind/elfunwindinfo/elfehframe.go
    go.opentelemetry.io/ebpf-profiler/nativeunwind/elfunwindinfo.(*elfExtractor).parseFDE
    go.opentelemetry.io/ebpf-profiler/nativeunwind/elfunwindinfo.(*elfExtractor).walkBinSearchTable
    go.opentelemetry.io/ebpf-profiler/nativeunwind/elfunwindinfo.(*elfExtractor).parseEHFrame
    go.opentelemetry.io/ebpf-profiler/nativeunwind/elfunwindinfo.extractFile
    /tmp/opentelemetry-ebpf-profiler/nativeunwind/elfunwindinfo/stackdeltaextraction.go
    go.opentelemetry.io/ebpf-profiler/nativeunwind/elfunwindinfo.ExtractELF
    go.opentelemetry.io/ebpf-profiler/nativeunwind/elfunwindinfo.(*ELFStackDeltaProvider).GetIntervalStructuresForFile
    /tmp/opentelemetry-ebpf-profiler/nativeunwind/elfunwindinfo/stackdeltaprovider.go
    go.opentelemetry.io/ebpf-profiler/processmanager/execinfomanager.(*ExecutableInfoManager).AddOrIncRef
    /tmp/opentelemetry-ebpf-profiler/processmanager/execinfomanager/manager.go
    go.opentelemetry.io/ebpf-profiler/processmanager.(*ProcessManager).newFrameMapping
    /tmp/opentelemetry-ebpf-profiler/processmanager/processinfo.go
    go.opentelemetry.io/ebpf-profiler/processmanager.(*ProcessManager).SynchronizeProcess.func1
    go.opentelemetry.io/ebpf-profiler/process.(*systemProcess).IterateMappings.func1
    /tmp/opentelemetry-ebpf-profiler/process/process.go
    go.opentelemetry.io/ebpf-profiler/process.iterateMappings
    go.opentelemetry.io/ebpf-profiler/process.(*systemProcess).IterateMappings
    go.opentelemetry.io/ebpf-profiler/processmanager.(*ProcessManager).SynchronizeProcess
    go.opentelemetry.io/ebpf-profiler/tracer.(*Tracer).processPIDEvents
    /tmp/opentelemetry-ebpf-profiler/tracer/events.go
    go.opentelemetry.io/ebpf-profiler/tracer.(*Tracer).StartPIDEventProcessor.gowrap1
    runtime.goexit
    slices.partialInsertionSortCmpFunc[go.shape.struct { Address uint64; Hints uint8; Info go.opentelemetry.io/ebpf-profiler/support.UnwindInfo }]
    /home/yunwei37/go/pkg/mod/golang.org/toolchain@v0.0.1-go1.25.0.linux-amd64/src/slices/zsortanyfunc.go
    slices.pdqsortCmpFunc[go.shape.struct { Address uint64; Hints uint8; Info go.opentelemetry.io/ebpf-profiler/support.UnwindInfo }]
    go.opentelemetry.io/ebpf-profiler/nativeunwind/stackdeltatypes.(*StackDeltaArray).Sort
    /tmp/opentelemetry-ebpf-profiler/nativeunwind/stackdeltatypes/stackdeltatypes.go
    go.opentelemetry.io/ebpf-profiler/nativeunwind/stackdeltatypes.compareStackDelta
    aeshashbody
    runtime.memhash_varlen
    /home/yunwei37/go/pkg/mod/golang.org/toolchain@v0.0.1-go1.25.0.linux-amd64/src/runtime/alg.go
    runtime.mapaccess2
    /home/yunwei37/go/pkg/mod/golang.org/toolchain@v0.0.1-go1.25.0.linux-amd64/src/internal/runtime/maps/runtime_swiss.go
    go.opentelemetry.io/ebpf-profiler/processmanager/execinfomanager.(*executableInfoManagerState).getUnwindInfoIndex
    go.opentelemetry.io/ebpf-profiler/processmanager/execinfomanager.(*executableInfoManagerState).loadDeltas
    finish_task_switch.isra.0
    __schedule
    schedule
    futex_wait_queue
    __futex_wait
    futex_wait
    runtime.futexsleep
    runtime.notetsleep_internal
    runtime.notetsleep
    runtime.sysmon
    runtime.mstart1
    runtime.mstart0
    runtime.mstart
    go.opentelemetry.io/ebpf-profiler/nativeunwind/elfunwindinfo.(*state).step
    ep_poll
    do_epoll_wait
    __x64_sys_epoll_wait
    internal/runtime/syscall.Syscall6
    /home/yunwei37/go/pkg/mod/golang.org/toolchain@v0.0.1-go1.25.0.linux-amd64/src/internal/runtime/syscall/asm_linux_amd64.s
    syscall.RawSyscall6
    /home/yunwei37/go/pkg/mod/golang.org/toolchain@v0.0.1-go1.25.0.linux-amd64/src/syscall/syscall_linux.go
    syscall.Syscall6
    <autogenerated>
    golang.org/x/sys/unix.EpollWait
    /home/yunwei37/go/pkg/mod/golang.org/x/sys@v0.46.0/unix/zsyscall_linux_amd64.go
    github.com/cilium/ebpf/internal/epoll.(*Poller).Wait
    /home/yunwei37/go/pkg/mod/github.com/cilium/ebpf@v0.21.0/internal/unix/types_linux.go
    github.com/cilium/ebpf/perf.(*Reader).ReadInto
    /home/yunwei37/go/pkg/mod/github.com/cilium/ebpf@v0.21.0/perf/reader.go
    go.opentelemetry.io/ebpf-profiler/tracer.startPerfEventMonitor.func1
    bpf_map_update_value
    bpf_map_do_batch
    __sys_bpf
    __x64_sys_bpf
    syscall.Syscall
    github.com/cilium/ebpf/internal/sys.BPF
    github.com/cilium/ebpf.(*Map).batchUpdate
    /home/yunwei37/go/pkg/mod/github.com/cilium/ebpf@v0.21.0/map.go
    github.com/cilium/ebpf.(*Map).BatchUpdate
    go.opentelemetry.io/ebpf-profiler/processmanager/ebpf.(*ebpfMapsImpl).UpdateExeIDToStackDeltas
    /tmp/opentelemetry-ebpf-profiler/processmanager/ebpf/ebpf.go
    nvidia_uvm
    uvm_pmm_devmem_page_to_va_space
    unregister_gpu
    uvm_va_space_destroy
    uvm_release.isra.0
    uvm_release_entry.part.0.isra.0
    uvm_release_entry
    __fput
    ____fput
    task_work_run
    do_exit
    do_group_exit
    get_signal
    arch_do_signal_or_restart
    syscall_exit_to_user_mode
    libc.so.6
    nvidia
    osDevReadReg032
    _regRead
    crashcatEngineLoadWayfinder_IMPL
    crashcatEngineGetNextCrashReport_IMPL
    kgspHealthCheck_TU102
    _kgspRpcDrainEvents
    _kgspRpcRecvPoll
    _issueRpcAndWait
    rpcRmApiFree_GSP
    kchannelDestruct_IMPL
    __nvoc_dtor_KernelChannel
    __nvoc_objDelete
    clientFreeResource_IMPL
    rmclientFreeResource_IMPL
    serverFreeResourceTreeUnderLock
    serverFreeResourceTree
    serverFreeDisabledClients
    rm_cleanup_file_private
    nvidia_close
    rpcRmApiControl_GSP
    kgmmuClientShadowFaultBufferRegister_IMPL
    kgmmuClientShadowFaultBufferAllocate_IMPL
    faultbufCtrlCmdMmuFaultBufferRegisterNonReplayBuf_IMPL
    resControl_IMPL
    serverControl
    _rmapiRmControl
    rmapiControlWithSecInfo
    rmapiControlWithSecInfoTls
    rmapiControl
    nvGpuOpsInitFaultInfo
    nvUvmInterfaceInitFaultInfo
    uvm_parent_gpu_fault_buffer_init
    uvm_parent_gpu_init_isr
    uvm_gpu_retain_by_uuid
    uvm_va_space_register_gpu
    uvm_api_register_gpu
    uvm_ioctl
    uvm_unlocked_ioctl_entry.part.0
    uvm_unlocked_ioctl_entry
    __x64_sys_ioctl
    nvGpuOpsChannelAllocate
    nvUvmInterfaceChannelAllocate
    channel_pool_add
    uvm_channel_manager_create
    rmresControl_Prologue_IMPL
    nvGpuOpsBindChannelResources
    nvUvmInterfaceBindChannelResources
    uvm_api_register_channel
    next_uptodate_folio
    filemap_map_pages
    do_read_fault
    do_fault
    handle_pte_fault
    __handle_mm_fault
    handle_mm_fault
    do_user_addr_fault
    exc_page_fault
    asm_exc_page_fault
    uvm_spin_loop
    uvm_tracker_wait
    uvm_page_table_range_vec_init
    uvm_va_range_map_rm_allocation
    uvm_map_external_allocation_on_gpu
    uvm_api_map_external_allocation
    __tlb_remove_folio_pages
    zap_pte_range
    zap_pmd_range.isra.0
    zap_pud_range.isra.0
    unmap_page_range
    unmap_single_vma
    unmap_vmas
    vms_clear_ptes
    vms_complete_munmap_vmas
    do_vmi_align_munmap
    do_vmi_munmap
    __vm_munmap
    __x64_sys_munmap
    agentsight
    pid_revalidate
    lookup_fast
    open_last_lookups
    path_openat
    do_filp_open
    do_sys_openat2
    __x64_sys_openat
    node
    handleLexicalStatDisposition
    file:///home/fishclaw/.nvm/versions/node/v22.22.0/lib/node_modules/openclaw/dist/root-path-BgCKz8X4.js
    resolveRootPathLexicalSync
    resolveRootPathSync
    resolveRootFilePathGeneric
    file:///home/fishclaw/.nvm/versions/node/v22.22.0/lib/node_modules/openclaw/dist/root-file-jRMCpJW4.js
    openRootFileSync
    resolvePackageEntrySource
    file:///home/fishclaw/.nvm/versions/node/v22.22.0/lib/node_modules/openclaw/dist/package-entry-resolution-zMT5Eueo.js
    resolveSafePackageEntry
    resolvePackageRuntimeEntrySource
    V8::StubFrame
    resolvePackageRuntimeExtensionSources
    discoverInDirectory
    file:///home/fishclaw/.nvm/versions/node/v22.22.0/lib/node_modules/openclaw/dist/discovery-BUQqFET8.js
    tracePluginLifecyclePhase.scope
    tracePluginLifecyclePhase
    <anonymous>
    listChannelCatalogEntries
    file:///home/fishclaw/.nvm/versions/node/v22.22.0/lib/node_modules/openclaw/dist/channel-catalog-registry-CoMZ7aLc.js
    listBundledChannelIdsForRoot
    file:///home/fishclaw/.nvm/versions/node/v22.22.0/lib/node_modules/openclaw/dist/bootstrap-registry-BBZtC4Up.js
    listBundledChannelIds
    listPotentialConfiguredChannelPresenceSignals
    file:///home/fishclaw/.nvm/versions/node/v22.22.0/lib/node_modules/openclaw/dist/channel-env-var-names-BB2Lxcdw.js
    listPotentialConfiguredChannelIds
    listPotentialEnabledChannelIds
    file:///home/fishclaw/.nvm/versions/node/v22.22.0/lib/node_modules/openclaw/dist/gateway-startup-plugin-ids-mVzqhEQT.js
    collectConfiguredStartupChannelIds
    collectConfigValidationChannelIds
    resolveConfigValidationMetadataPluginIds
    resolve
    resolvePluginMetadataSnapshotPluginIds
    file:///home/fishclaw/.nvm/versions/node/v22.22.0/lib/node_modules/openclaw/dist/plugin-metadata-snapshot-DXKcDDxT.js
    loadPluginMetadataSnapshotImpl
    measureDiagnosticsTimelineSpanSync.phase
    measureDiagnosticsTimelineSpanSync
    loadPluginMetadataSnapshot
    resolvePluginMetadataSnapshot
    loadValidationPluginMetadataSnapshot
    file:///home/fishclaw/.nvm/versions/node/v22.22.0/lib/node_modules/openclaw/dist/io-fQmSDfK-.js
    validateConfigObjectWithPlugins
    measure
    readConfigFileSnapshotInternal
    <unknown>
    V8::EntryFrame
    V8::ExitFrame
    URL
    node:internal/url
    V8::ConstructFrame
    V8::BuiltinExitFrame
    compileSourceTextModule
    node:internal/modules/esm/utils
    moduleStrategy
    node:internal/modules/esm/translators
    #translate
    node:internal/modules/esm/loader
    afterLoad
    loadAndTranslate
    #createModuleJob
    #getJobFromResolveResult
    getModuleJobForImport
    V8::UnknownFrame
    processTicksAndRejections
    node:internal/process/task_queues
    V8::InternalFrame
    parseSource
    node:internal/deps/cjs-module-lexer/lexer
    parseCJS
    cjsPreparseModuleExports
    createCJSModuleWrap
    commonjsStrategy
    get
    node:internal/modules/esm/module_map
    deserializePackageJSON
    node:internal/modules/package_json_reader
    getPackageScopeConfig
    getFileProtocolModuleFormat
    node:internal/modules/esm/get_format
    defaultGetFormatWithoutErrors
    defaultResolve
    node:internal/modules/esm/resolve
    #cachedDefaultResolve
    _link
    node:internal/modules/esm/module_job
    buildPluginLoaderAliasMap
    file:///home/fishclaw/.nvm/versions/node/v22.22.0/lib/node_modules/openclaw/dist/sdk-alias-ZgondhPg.js
    resolvePluginLoaderModuleConfig
    resolveDefaultPluginModuleLoaderConfig
    file:///home/fishclaw/.nvm/versions/node/v22.22.0/lib/node_modules/openclaw/dist/plugin-module-loader-cache-lz0qhu-X.js
    resolvePluginModuleLoaderCacheEntry
    getCachedPluginModuleLoader
    getModuleLoader
    file:///home/fishclaw/.nvm/versions/node/v22.22.0/lib/node_modules/openclaw/dist/public-surface-loader-CqBVRQ-t.js
    loadPublicSurfaceModule
    loadBundledPluginPublicArtifactModuleSync
    loadBundledChannelDoctorContractApi
    file:///home/fishclaw/.nvm/versions/node/v22.22.0/lib/node_modules/openclaw/dist/legacy-config-migrations-DGNBoJQP.js
    collectChannelLegacyConfigRules
    file:///home/fishclaw/.nvm/versions/node/v22.22.0/lib/node_modules/openclaw/dist/legacy-config-issues-S00NaeKY.js
    findDoctorLegacyConfigIssues
    collectInvalidConfigLegacyIssues
    mas_wr_slot_store
    mas_wr_store_entry
    mas_store_prealloc
    commit_merge
    vma_merge_existing_range
    vma_modify
    vma_modify_flags
    mprotect_fixup
    do_mprotect_pkey
    __x64_sys_mprotect
    resolveDefaultLogDir
    file:///home/fishclaw/.nvm/versions/node/v22.22.0/lib/node_modules/openclaw/dist/logger-563BnNMV.js
    run
    file:///home/fishclaw/.nvm/versions/node/v22.22.0/lib/node_modules/openclaw/dist/zod-schema-DgKx6Dne.js
    get exports
    BuildProperties
    file:///home/fishclaw/.nvm/versions/node/v22.22.0/lib/node_modules/openclaw/node_modules/typebox/build/schema/engine/properties.mjs
    BuildSchema
    file:///home/fishclaw/.nvm/versions/node/v22.22.0/lib/node_modules/openclaw/node_modules/typebox/build/schema/engine/schema.mjs
    CreateFunctionExpression
    file:///home/fishclaw/.nvm/versions/node/v22.22.0/lib/node_modules/openclaw/node_modules/typebox/build/schema/engine/_functions.mjs
    CreateFunction
    Build
    file:///home/fishclaw/.nvm/versions/node/v22.22.0/lib/node_modules/openclaw/node_modules/typebox/build/schema/build.mjs
    Validator
    file:///home/fishclaw/.nvm/versions/node/v22.22.0/lib/node_modules/openclaw/node_modules/typebox/build/compile/validator.mjs
    Compile
    file:///home/fishclaw/.nvm/versions/node/v22.22.0/lib/node_modules/openclaw/node_modules/typebox/build/compile/compile.mjs
    compileSchema
    file:///home/fishclaw/.nvm/versions/node/v22.22.0/lib/node_modules/openclaw/dist/schema-validator-BSHTSwuX.js
    validateJsonSchemaValue
    exit_mmap
    mmput
    exit_mm
    generic_fillattr
    ext4_getattr
    vfs_getattr_nosec
    vfs_statx
    do_statx
    __x64_sys_statx
    realpathSync
    node:fs
    safeRealpathSync
    file:///home/fishclaw/.nvm/versions/node/v22.22.0/lib/node_modules/openclaw/dist/path-BlG8lhgR.js
    createConfigValidationMetadataPluginIdScope
    free_pcppages_bulk
    decay_pcp_high
    refresh_cpu_vm_stats
    vmstat_update
    process_one_work
    worker_thread
    kthread
    ret_from_fork
    ret_from_fork_asm
    libclang-cpp.so.18.1
    clang
    libLLVM.so.1
    mas_walk
    lock_vma_under_rcu
    rmqueue_bulk
    __rmqueue_pcplist
    rmqueue_pcplist
    rmqueue.isra.0
    get_page_from_freelist
    __alloc_frozen_pages_noprof
    alloc_pages_mpol
    vma_alloc_folio_noprof
    alloc_anon_folio
    do_anonymous_page
    libstdc++.so.6.0.35
    _raw_spin_lock
ResourceProfiles #0
Resource SchemaURL: https://opentelemetry.io/schemas/1.37.0
Resource attributes:
     -> process.pid: Int(1176377)
     -> process.executable.path: Str(/tmp/opentelemetry-ebpf-profiler/otelcol-ebpf-profiler)
     -> process.executable.name: Str(otelcol-ebpf-profiler)
ScopeProfiles #0
ScopeProfiles SchemaURL: https://opentelemetry.io/schemas/1.37.0
InstrumentationScope go.opentelemetry.io/ebpf-profiler v0.0.0
Profile #0
    Profile ID     : 
    Start time     : 2026-06-21 19:28:02.210229868 +0000 UTC
    DurationNano   : 5145343977
    Dropped attributes count: 0
    Sample #0
        Values: []
        Attributes:
             -> thread.name: otelcol-ebpf-pr
             -> thread.id: %!s(int64=1176433)
             -> cpu.logical_number: %!s(int64=18)
    Sample #1
        Values: []
        Attributes:
             -> thread.name: otelcol-ebpf-pr
             -> thread.id: %!s(int64=1176436)
             -> cpu.logical_number: %!s(int64=2)
    Sample #2
        Values: []
        Attributes:
             -> thread.name: otelcol-ebpf-pr
             -> thread.id: %!s(int64=1176429)
             -> cpu.logical_number: %!s(int64=10)
    Sample #3
        Values: []
        Attributes:
             -> thread.name: otelcol-ebpf-pr
             -> thread.id: %!s(int64=1176429)
             -> cpu.logical_number: %!s(int64=4)
    Sample #4
        Values: []
        Attributes:
             -> thread.name: otelcol-ebpf-pr
             -> thread.id: %!s(int64=1176429)
             -> cpu.logical_number: %!s(int64=4)
    Sample #5
        Values: []
        Attributes:
             -> thread.name: otelcol-ebpf-pr
             -> thread.id: %!s(int64=1176378)
             -> cpu.logical_number: %!s(int64=6)
    Sample #6
        Values: []
        Attributes:
             -> thread.name: otelcol-ebpf-pr
             -> thread.id: %!s(int64=1176428)
             -> cpu.logical_number: %!s(int64=5)
    Sample #7
        Values: []
        Attributes:
             -> thread.name: otelcol-ebpf-pr
             -> thread.id: %!s(int64=1176433)
             -> cpu.logical_number: %!s(int64=18)
    Sample #8
        Values: []
        Attributes:
             -> thread.name: otelcol-ebpf-pr
             -> thread.id: %!s(int64=1176429)
             -> cpu.logical_number: %!s(int64=4)
    Sample #9
        Values: []
        Attributes:
             -> thread.name: otelcol-ebpf-pr
             -> thread.id: %!s(int64=1176429)
             -> cpu.logical_number: %!s(int64=4)
    Sample #10
        Values: []
        Attributes:
             -> thread.name: otelcol-ebpf-pr
             -> thread.id: %!s(int64=1176429)
             -> cpu.logical_number: %!s(int64=4)
    Sample #11
        Values: []
        Attributes:
             -> thread.name: otelcol-ebpf-pr
             -> thread.id: %!s(int64=1176377)
             -> cpu.logical_number: %!s(int64=3)
    Sample #12
        Values: []
        Attributes:
             -> thread.name: otelcol-ebpf-pr
             -> thread.id: %!s(int64=1176429)
             -> cpu.logical_number: %!s(int64=4)
ResourceProfiles #1
Resource SchemaURL: https://opentelemetry.io/schemas/1.37.0
Resource attributes:
     -> process.pid: Int(1176465)
     -> process.executable.path: Str(/home/yunwei37/workspace/gpu/bpftime/example/otel-ebpf-profiler/victim)
     -> process.executable.name: Str(victim)
ScopeProfiles #0
ScopeProfiles SchemaURL: https://opentelemetry.io/schemas/1.37.0
InstrumentationScope go.opentelemetry.io/ebpf-profiler v0.0.0
Profile #0
    Profile ID     : 
    Start time     : 2026-06-21 19:28:02.210229868 +0000 UTC
    DurationNano   : 5145343977
    Dropped attributes count: 0
    Sample #0
        Values: []
        Attributes:
             -> thread.name: victim
             -> thread.id: %!s(int64=1176476)
             -> cpu.logical_number: %!s(int64=15)
    Sample #1
        Values: []
        Attributes:
             -> thread.name: victim
             -> thread.id: %!s(int64=1176476)
             -> cpu.logical_number: %!s(int64=15)
    Sample #2
        Values: []
        Attributes:
             -> thread.name: victim
             -> thread.id: %!s(int64=1176465)
             -> cpu.logical_number: %!s(int64=16)
    Sample #3
        Values: []
        Attributes:
             -> thread.name: victim
             -> thread.id: %!s(int64=1176465)
             -> cpu.logical_number: %!s(int64=2)
    Sample #4
        Values: []
        Attributes:
             -> thread.name: victim
             -> thread.id: %!s(int64=1176465)
             -> cpu.logical_number: %!s(int64=2)
    Sample #5
        Values: []
        Attributes:
             -> thread.name: victim
             -> thread.id: %!s(int64=1176465)
             -> cpu.logical_number: %!s(int64=2)
    Sample #6
        Values: []
        Attributes:
             -> thread.name: victim
             -> thread.id: %!s(int64=1176465)
             -> cpu.logical_number: %!s(int64=2)
    Sample #7
        Values: []
        Attributes:
             -> thread.name: victim
             -> thread.id: %!s(int64=1176465)
             -> cpu.logical_number: %!s(int64=2)
ResourceProfiles #2
Resource SchemaURL: https://opentelemetry.io/schemas/1.37.0
Resource attributes:
     -> process.pid: Int(2711)
     -> process.executable.path: Str(/home/yunwei37/.cargo/bin/agentsight)
     -> process.executable.name: Str(agentsight)
ScopeProfiles #0
ScopeProfiles SchemaURL: https://opentelemetry.io/schemas/1.37.0
InstrumentationScope go.opentelemetry.io/ebpf-profiler v0.0.0
Profile #0
    Profile ID     : 
    Start time     : 2026-06-21 19:28:02.210229868 +0000 UTC
    DurationNano   : 5145343977
    Dropped attributes count: 0
    Sample #0
        Values: []
        Attributes:
             -> thread.name: agentsight
             -> thread.id: %!s(int64=2711)
             -> cpu.logical_number: %!s(int64=0)
    Sample #1
        Values: []
        Attributes:
             -> thread.name: agentsight
             -> thread.id: %!s(int64=2711)
             -> cpu.logical_number: %!s(int64=0)
    Sample #2
        Values: []
        Attributes:
             -> thread.name: agentsight
             -> thread.id: %!s(int64=2711)
             -> cpu.logical_number: %!s(int64=0)
    Sample #3
        Values: []
        Attributes:
             -> thread.name: agentsight
             -> thread.id: %!s(int64=2711)
             -> cpu.logical_number: %!s(int64=0)
ResourceProfiles #3
Resource SchemaURL: https://opentelemetry.io/schemas/1.37.0
Resource attributes:
     -> process.pid: Int(1176486)
     -> process.executable.path: Str(/home/fishclaw/.nvm/versions/node/v22.22.0/bin/node)
     -> process.executable.name: Str(node)
ScopeProfiles #0
ScopeProfiles SchemaURL: https://opentelemetry.io/schemas/1.37.0
InstrumentationScope go.opentelemetry.io/ebpf-profiler v0.0.0
Profile #0
    Profile ID     : 
    Start time     : 2026-06-21 19:28:02.210229868 +0000 UTC
    DurationNano   : 5145343977
    Dropped attributes count: 0
    Sample #0
        Values: []
        Attributes:
             -> thread.name: node
             -> thread.id: %!s(int64=1176491)
             -> cpu.logical_number: %!s(int64=12)
    Sample #1
        Values: []
        Attributes:
             -> thread.name: node
             -> thread.id: %!s(int64=1176486)
             -> cpu.logical_number: %!s(int64=2)
    Sample #2
        Values: []
        Attributes:
             -> thread.name: node
             -> thread.id: %!s(int64=1176486)
             -> cpu.logical_number: %!s(int64=2)
    Sample #3
        Values: []
        Attributes:
             -> thread.name: node
             -> thread.id: %!s(int64=1176486)
             -> cpu.logical_number: %!s(int64=2)
    Sample #4
        Values: []
        Attributes:
             -> thread.name: node
             -> thread.id: %!s(int64=1176486)
             -> cpu.logical_number: %!s(int64=2)
    Sample #5
        Values: []
        Attributes:
             -> thread.name: node
             -> thread.id: %!s(int64=1176490)
             -> cpu.logical_number: %!s(int64=0)
    Sample #6
        Values: []
        Attributes:
             -> thread.name: node
             -> thread.id: %!s(int64=1176486)
             -> cpu.logical_number: %!s(int64=2)
    Sample #7
        Values: []
        Attributes:
             -> thread.name: node
             -> thread.id: %!s(int64=1176486)
             -> cpu.logical_number: %!s(int64=2)
    Sample #8
        Values: []
        Attributes:
             -> thread.name: node
             -> thread.id: %!s(int64=1176488)
             -> cpu.logical_number: %!s(int64=9)
    Sample #9
        Values: []
        Attributes:
             -> thread.name: node
             -> thread.id: %!s(int64=1176486)
             -> cpu.logical_number: %!s(int64=2)
    Sample #10
        Values: []
        Attributes:
             -> thread.name: node
             -> thread.id: %!s(int64=1176488)
             -> cpu.logical_number: %!s(int64=9)
    Sample #11
        Values: []
        Attributes:
             -> thread.name: node
             -> thread.id: %!s(int64=1176486)
             -> cpu.logical_number: %!s(int64=2)
    Sample #12
        Values: []
        Attributes:
             -> thread.name: node
             -> thread.id: %!s(int64=1176486)
             -> cpu.logical_number: %!s(int64=15)
    Sample #13
        Values: []
        Attributes:
             -> thread.name: node
             -> thread.id: %!s(int64=1176486)
             -> cpu.logical_number: %!s(int64=2)
    Sample #14
        Values: []
        Attributes:
             -> thread.name: node
             -> thread.id: %!s(int64=1176486)
             -> cpu.logical_number: %!s(int64=2)
    Sample #15
        Values: []
        Attributes:
             -> thread.name: node
             -> thread.id: %!s(int64=1176489)
             -> cpu.logical_number: %!s(int64=17)
    Sample #16
        Values: []
        Attributes:
             -> thread.name: node
             -> thread.id: %!s(int64=1176491)
             -> cpu.logical_number: %!s(int64=12)
    Sample #17
        Values: []
        Attributes:
             -> thread.name: node
             -> thread.id: %!s(int64=1176486)
             -> cpu.logical_number: %!s(int64=2)
    Sample #18
        Values: []
        Attributes:
             -> thread.name: node
             -> thread.id: %!s(int64=1176488)
             -> cpu.logical_number: %!s(int64=9)
    Sample #19
        Values: []
        Attributes:
             -> thread.name: node
             -> thread.id: %!s(int64=1176491)
             -> cpu.logical_number: %!s(int64=12)
    Sample #20
        Values: []
        Attributes:
             -> thread.name: node
             -> thread.id: %!s(int64=1176489)
             -> cpu.logical_number: %!s(int64=17)
    Sample #21
        Values: []
        Attributes:
             -> thread.name: node
             -> thread.id: %!s(int64=1176486)
             -> cpu.logical_number: %!s(int64=2)
    Sample #22
        Values: []
        Attributes:
             -> thread.name: node
             -> thread.id: %!s(int64=1176489)
             -> cpu.logical_number: %!s(int64=17)
    Sample #23
        Values: []
        Attributes:
             -> thread.name: node
             -> thread.id: %!s(int64=1176486)
             -> cpu.logical_number: %!s(int64=2)
    Sample #24
        Values: []
        Attributes:
             -> thread.name: node
             -> thread.id: %!s(int64=1176488)
             -> cpu.logical_number: %!s(int64=9)
    Sample #25
        Values: []
        Attributes:
             -> thread.name: node
             -> thread.id: %!s(int64=1176486)
             -> cpu.logical_number: %!s(int64=2)
    Sample #26
        Values: []
        Attributes:
             -> thread.name: node
             -> thread.id: %!s(int64=1176491)
             -> cpu.logical_number: %!s(int64=12)
    Sample #27
        Values: []
        Attributes:
             -> thread.name: node
             -> thread.id: %!s(int64=1176489)
             -> cpu.logical_number: %!s(int64=18)
    Sample #28
        Values: []
        Attributes:
             -> thread.name: node
             -> thread.id: %!s(int64=1176486)
             -> cpu.logical_number: %!s(int64=2)
    Sample #29
        Values: []
        Attributes:
             -> thread.name: node
             -> thread.id: %!s(int64=1176486)
             -> cpu.logical_number: %!s(int64=2)
    Sample #30
        Values: []
        Attributes:
             -> thread.name: node
             -> thread.id: %!s(int64=1176492)
             -> cpu.logical_number: %!s(int64=16)
    Sample #31
        Values: []
        Attributes:
             -> thread.name: node
             -> thread.id: %!s(int64=1176489)
             -> cpu.logical_number: %!s(int64=17)
    Sample #32
        Values: []
        Attributes:
             -> thread.name: node
             -> thread.id: %!s(int64=1176490)
             -> cpu.logical_number: %!s(int64=0)
    Sample #33
        Values: []
        Attributes:
             -> thread.name: node
             -> thread.id: %!s(int64=1176491)
             -> cpu.logical_number: %!s(int64=12)
    Sample #34
        Values: []
        Attributes:
             -> thread.name: node
             -> thread.id: %!s(int64=1176486)
             -> cpu.logical_number: %!s(int64=2)
    Sample #35
        Values: []
        Attributes:
             -> thread.name: node
             -> thread.id: %!s(int64=1176486)
             -> cpu.logical_number: %!s(int64=2)
    Sample #36
        Values: []
        Attributes:
             -> thread.name: node
             -> thread.id: %!s(int64=1176486)
             -> cpu.logical_number: %!s(int64=2)
    Sample #37
        Values: []
        Attributes:
             -> thread.name: node
             -> thread.id: %!s(int64=1176489)
             -> cpu.logical_number: %!s(int64=18)
    Sample #38
        Values: []
        Attributes:
             -> thread.name: node
             -> thread.id: %!s(int64=1176490)
             -> cpu.logical_number: %!s(int64=0)
    Sample #39
        Values: []
        Attributes:
             -> thread.name: node
             -> thread.id: %!s(int64=1176490)
             -> cpu.logical_number: %!s(int64=0)
    Sample #40
        Values: []
        Attributes:
             -> thread.name: node
             -> thread.id: %!s(int64=1176486)
             -> cpu.logical_number: %!s(int64=2)
    Sample #41
        Values: []
        Attributes:
             -> thread.name: node
             -> thread.id: %!s(int64=1176486)
             -> cpu.logical_number: %!s(int64=2)
ResourceProfiles #4
Resource SchemaURL: https://opentelemetry.io/schemas/1.37.0
Resource attributes:
     -> process.pid: Int(1061031)
ScopeProfiles #0
ScopeProfiles SchemaURL: https://opentelemetry.io/schemas/1.37.0
InstrumentationScope go.opentelemetry.io/ebpf-profiler v0.0.0
Profile #0
    Profile ID     : 
    Start time     : 2026-06-21 19:28:02.210229868 +0000 UTC
    DurationNano   : 5145343977
    Dropped attributes count: 0
    Sample #0
        Values: []
        Attributes:
             -> thread.name: kworker/16:2
             -> thread.id: %!s(int64=1061031)
             -> cpu.logical_number: %!s(int64=16)
ResourceProfiles #5
Resource SchemaURL: https://opentelemetry.io/schemas/1.37.0
Resource attributes:
     -> process.pid: Int(1176215)
     -> process.executable.path: Str(/usr/lib/llvm-18/bin/clang)
     -> process.executable.name: Str(clang)
ScopeProfiles #0
ScopeProfiles SchemaURL: https://opentelemetry.io/schemas/1.37.0
InstrumentationScope go.opentelemetry.io/ebpf-profiler v0.0.0
Profile #0
    Profile ID     : 
    Start time     : 2026-06-21 19:28:02.210229868 +0000 UTC
    DurationNano   : 5145343977
    Dropped attributes count: 0
    Sample #0
        Values: []
        Attributes:
             -> thread.name: clang
             -> thread.id: %!s(int64=1176215)
             -> cpu.logical_number: %!s(int64=1)
    Sample #1
        Values: []
        Attributes:
             -> thread.name: clang
             -> thread.id: %!s(int64=1176215)
             -> cpu.logical_number: %!s(int64=1)
    Sample #2
        Values: []
        Attributes:
             -> thread.name: clang
             -> thread.id: %!s(int64=1176215)
             -> cpu.logical_number: %!s(int64=1)
    Sample #3
        Values: []
        Attributes:
             -> thread.name: clang
             -> thread.id: %!s(int64=1176215)
             -> cpu.logical_number: %!s(int64=1)
    Sample #4
        Values: []
        Attributes:
             -> thread.name: clang
             -> thread.id: %!s(int64=1176215)
             -> cpu.logical_number: %!s(int64=1)
    Sample #5
        Values: []
        Attributes:
             -> thread.name: clang
             -> thread.id: %!s(int64=1176215)
             -> cpu.logical_number: %!s(int64=1)
    Sample #6
        Values: []
        Attributes:
             -> thread.name: clang
             -> thread.id: %!s(int64=1176215)
             -> cpu.logical_number: %!s(int64=1)
    Sample #7
        Values: []
        Attributes:
             -> thread.name: clang
             -> thread.id: %!s(int64=1176215)
             -> cpu.logical_number: %!s(int64=1)
    Sample #8
        Values: []
        Attributes:
             -> thread.name: clang
             -> thread.id: %!s(int64=1176215)
             -> cpu.logical_number: %!s(int64=1)
    Sample #9
        Values: []
        Attributes:
             -> thread.name: clang
             -> thread.id: %!s(int64=1176215)
             -> cpu.logical_number: %!s(int64=1)
    Sample #10
        Values: []
        Attributes:
             -> thread.name: clang
             -> thread.id: %!s(int64=1176215)
             -> cpu.logical_number: %!s(int64=1)
    Sample #11
        Values: []
        Attributes:
             -> thread.name: clang
             -> thread.id: %!s(int64=1176215)
             -> cpu.logical_number: %!s(int64=1)
    Sample #12
        Values: []
        Attributes:
             -> thread.name: clang
             -> thread.id: %!s(int64=1176215)
             -> cpu.logical_number: %!s(int64=1)
    Sample #13
        Values: []
        Attributes:
             -> thread.name: clang
             -> thread.id: %!s(int64=1176215)
             -> cpu.logical_number: %!s(int64=1)
    Sample #14
        Values: []
        Attributes:
             -> thread.name: clang
             -> thread.id: %!s(int64=1176215)
             -> cpu.logical_number: %!s(int64=1)
    Sample #15
        Values: []
        Attributes:
             -> thread.name: clang
             -> thread.id: %!s(int64=1176215)
             -> cpu.logical_number: %!s(int64=1)
    Sample #16
        Values: []
        Attributes:
             -> thread.name: clang
             -> thread.id: %!s(int64=1176215)
             -> cpu.logical_number: %!s(int64=1)
    Sample #17
        Values: []
        Attributes:
             -> thread.name: clang
             -> thread.id: %!s(int64=1176215)
             -> cpu.logical_number: %!s(int64=1)
    Sample #18
        Values: []
        Attributes:
             -> thread.name: clang
             -> thread.id: %!s(int64=1176215)
             -> cpu.logical_number: %!s(int64=1)
    Sample #19
        Values: []
        Attributes:
             -> thread.name: clang
             -> thread.id: %!s(int64=1176215)
             -> cpu.logical_number: %!s(int64=1)
    Sample #20
        Values: []
        Attributes:
             -> thread.name: clang
             -> thread.id: %!s(int64=1176215)
             -> cpu.logical_number: %!s(int64=1)
    Sample #21
        Values: []
        Attributes:
             -> thread.name: clang
             -> thread.id: %!s(int64=1176215)
             -> cpu.logical_number: %!s(int64=1)
    Sample #22
        Values: []
        Attributes:
             -> thread.name: clang
             -> thread.id: %!s(int64=1176215)
             -> cpu.logical_number: %!s(int64=1)
    Sample #23
        Values: []
        Attributes:
             -> thread.name: clang
             -> thread.id: %!s(int64=1176215)
             -> cpu.logical_number: %!s(int64=1)
    Sample #24
        Values: []
        Attributes:
             -> thread.name: clang
             -> thread.id: %!s(int64=1176215)
             -> cpu.logical_number: %!s(int64=1)
    Sample #25
        Values: []
        Attributes:
             -> thread.name: clang
             -> thread.id: %!s(int64=1176215)
             -> cpu.logical_number: %!s(int64=1)
    Sample #26
        Values: []
        Attributes:
             -> thread.name: clang
             -> thread.id: %!s(int64=1176215)
             -> cpu.logical_number: %!s(int64=1)
    Sample #27
        Values: []
        Attributes:
             -> thread.name: clang
             -> thread.id: %!s(int64=1176215)
             -> cpu.logical_number: %!s(int64=1)
    Sample #28
        Values: []
        Attributes:
             -> thread.name: clang
             -> thread.id: %!s(int64=1176215)
             -> cpu.logical_number: %!s(int64=1)
    Sample #29
        Values: []
        Attributes:
             -> thread.name: clang
             -> thread.id: %!s(int64=1176215)
             -> cpu.logical_number: %!s(int64=1)
    Sample #30
        Values: []
        Attributes:
             -> thread.name: clang
             -> thread.id: %!s(int64=1176215)
             -> cpu.logical_number: %!s(int64=1)
    Sample #31
        Values: []
        Attributes:
             -> thread.name: clang
             -> thread.id: %!s(int64=1176215)
             -> cpu.logical_number: %!s(int64=1)
    Sample #32
        Values: []
        Attributes:
             -> thread.name: clang
             -> thread.id: %!s(int64=1176215)
             -> cpu.logical_number: %!s(int64=1)
    Sample #33
        Values: []
        Attributes:
             -> thread.name: clang
             -> thread.id: %!s(int64=1176215)
             -> cpu.logical_number: %!s(int64=1)
    Sample #34
        Values: []
        Attributes:
             -> thread.name: clang
             -> thread.id: %!s(int64=1176215)
             -> cpu.logical_number: %!s(int64=1)
    Sample #35
        Values: []
        Attributes:
             -> thread.name: clang
             -> thread.id: %!s(int64=1176215)
             -> cpu.logical_number: %!s(int64=1)
    Sample #36
        Values: []
        Attributes:
             -> thread.name: clang
             -> thread.id: %!s(int64=1176215)
             -> cpu.logical_number: %!s(int64=1)
    Sample #37
        Values: []
        Attributes:
             -> thread.name: clang
             -> thread.id: %!s(int64=1176215)
             -> cpu.logical_number: %!s(int64=1)
    Sample #38
        Values: []
        Attributes:
             -> thread.name: clang
             -> thread.id: %!s(int64=1176215)
             -> cpu.logical_number: %!s(int64=1)
    Sample #39
        Values: []
        Attributes:
             -> thread.name: clang
             -> thread.id: %!s(int64=1176215)
             -> cpu.logical_number: %!s(int64=1)
    Sample #40
        Values: []
        Attributes:
             -> thread.name: clang
             -> thread.id: %!s(int64=1176215)
             -> cpu.logical_number: %!s(int64=1)
    Sample #41
        Values: []
        Attributes:
             -> thread.name: clang
             -> thread.id: %!s(int64=1176215)
             -> cpu.logical_number: %!s(int64=1)
    Sample #42
        Values: []
        Attributes:
             -> thread.name: clang
             -> thread.id: %!s(int64=1176215)
             -> cpu.logical_number: %!s(int64=1)
    Sample #43
        Values: []
        Attributes:
             -> thread.name: clang
             -> thread.id: %!s(int64=1176215)
             -> cpu.logical_number: %!s(int64=1)
    Sample #44
        Values: []
        Attributes:
             -> thread.name: clang
             -> thread.id: %!s(int64=1176215)
             -> cpu.logical_number: %!s(int64=1)
    Sample #45
        Values: []
        Attributes:
             -> thread.name: clang
             -> thread.id: %!s(int64=1176215)
             -> cpu.logical_number: %!s(int64=1)
    Sample #46
        Values: []
        Attributes:
             -> thread.name: clang
             -> thread.id: %!s(int64=1176215)
             -> cpu.logical_number: %!s(int64=1)
    Sample #47
        Values: []
        Attributes:
             -> thread.name: clang
             -> thread.id: %!s(int64=1176215)
             -> cpu.logical_number: %!s(int64=1)
    Sample #48
        Values: []
        Attributes:
             -> thread.name: clang
             -> thread.id: %!s(int64=1176215)
             -> cpu.logical_number: %!s(int64=1)
    Sample #49
        Values: []
        Attributes:
             -> thread.name: clang
             -> thread.id: %!s(int64=1176215)
             -> cpu.logical_number: %!s(int64=1)
    Sample #50
        Values: []
        Attributes:
             -> thread.name: clang
             -> thread.id: %!s(int64=1176215)
             -> cpu.logical_number: %!s(int64=1)
    Sample #51
        Values: []
        Attributes:
             -> thread.name: clang
             -> thread.id: %!s(int64=1176215)
             -> cpu.logical_number: %!s(int64=1)
    Sample #52
        Values: []
        Attributes:
             -> thread.name: clang
             -> thread.id: %!s(int64=1176215)
             -> cpu.logical_number: %!s(int64=1)
    Sample #53
        Values: []
        Attributes:
             -> thread.name: clang
             -> thread.id: %!s(int64=1176215)
             -> cpu.logical_number: %!s(int64=1)
    Sample #54
        Values: []
        Attributes:
             -> thread.name: clang
             -> thread.id: %!s(int64=1176215)
             -> cpu.logical_number: %!s(int64=1)
    Sample #55
        Values: []
        Attributes:
             -> thread.name: clang
             -> thread.id: %!s(int64=1176215)
             -> cpu.logical_number: %!s(int64=1)
    Sample #56
        Values: []
        Attributes:
             -> thread.name: clang
             -> thread.id: %!s(int64=1176215)
             -> cpu.logical_number: %!s(int64=1)
    Sample #57
        Values: []
        Attributes:
             -> thread.name: clang
             -> thread.id: %!s(int64=1176215)
             -> cpu.logical_number: %!s(int64=1)
    Sample #58
        Values: []
        Attributes:
             -> thread.name: clang
             -> thread.id: %!s(int64=1176215)
             -> cpu.logical_number: %!s(int64=1)
    Sample #59
        Values: []
        Attributes:
             -> thread.name: clang
             -> thread.id: %!s(int64=1176215)
             -> cpu.logical_number: %!s(int64=1)
    Sample #60
        Values: []
        Attributes:
             -> thread.name: clang
             -> thread.id: %!s(int64=1176215)
             -> cpu.logical_number: %!s(int64=1)
    Sample #61
        Values: []
        Attributes:
             -> thread.name: clang
             -> thread.id: %!s(int64=1176215)
             -> cpu.logical_number: %!s(int64=1)
    Sample #62
        Values: []
        Attributes:
             -> thread.name: clang
             -> thread.id: %!s(int64=1176215)
             -> cpu.logical_number: %!s(int64=1)
    Sample #63
        Values: []
        Attributes:
             -> thread.name: clang
             -> thread.id: %!s(int64=1176215)
             -> cpu.logical_number: %!s(int64=1)
    Sample #64
        Values: []
        Attributes:
             -> thread.name: clang
             -> thread.id: %!s(int64=1176215)
             -> cpu.logical_number: %!s(int64=1)
    Sample #65
        Values: []
        Attributes:
             -> thread.name: clang
             -> thread.id: %!s(int64=1176215)
             -> cpu.logical_number: %!s(int64=1)
    Sample #66
        Values: []
        Attributes:
             -> thread.name: clang
             -> thread.id: %!s(int64=1176215)
             -> cpu.logical_number: %!s(int64=1)
    Sample #67
        Values: []
        Attributes:
             -> thread.name: clang
             -> thread.id: %!s(int64=1176215)
             -> cpu.logical_number: %!s(int64=1)
    Sample #68
        Values: []
        Attributes:
             -> thread.name: clang
             -> thread.id: %!s(int64=1176215)
             -> cpu.logical_number: %!s(int64=1)
    Sample #69
        Values: []
        Attributes:
             -> thread.name: clang
             -> thread.id: %!s(int64=1176215)
             -> cpu.logical_number: %!s(int64=1)
    Sample #70
        Values: []
        Attributes:
             -> thread.name: clang
             -> thread.id: %!s(int64=1176215)
             -> cpu.logical_number: %!s(int64=1)
    Sample #71
        Values: []
        Attributes:
             -> thread.name: clang
             -> thread.id: %!s(int64=1176215)
             -> cpu.logical_number: %!s(int64=1)
    Sample #72
        Values: []
        Attributes:
             -> thread.name: clang
             -> thread.id: %!s(int64=1176215)
             -> cpu.logical_number: %!s(int64=1)
    Sample #73
        Values: []
        Attributes:
             -> thread.name: clang
             -> thread.id: %!s(int64=1176215)
             -> cpu.logical_number: %!s(int64=1)
    Sample #74
        Values: []
        Attributes:
             -> thread.name: clang
             -> thread.id: %!s(int64=1176215)
             -> cpu.logical_number: %!s(int64=1)
    Sample #75
        Values: []
        Attributes:
             -> thread.name: clang
             -> thread.id: %!s(int64=1176215)
             -> cpu.logical_number: %!s(int64=1)
    Sample #76
        Values: []
        Attributes:
             -> thread.name: clang
             -> thread.id: %!s(int64=1176215)
             -> cpu.logical_number: %!s(int64=1)
    Sample #77
        Values: []
        Attributes:
             -> thread.name: clang
             -> thread.id: %!s(int64=1176215)
             -> cpu.logical_number: %!s(int64=1)
    Sample #78
        Values: []
        Attributes:
             -> thread.name: clang
             -> thread.id: %!s(int64=1176215)
             -> cpu.logical_number: %!s(int64=1)
    Sample #79
        Values: []
        Attributes:
             -> thread.name: clang
             -> thread.id: %!s(int64=1176215)
             -> cpu.logical_number: %!s(int64=1)
    Sample #80
        Values: []
        Attributes:
             -> thread.name: clang
             -> thread.id: %!s(int64=1176215)
             -> cpu.logical_number: %!s(int64=1)
    Sample #81
        Values: []
        Attributes:
             -> thread.name: clang
             -> thread.id: %!s(int64=1176215)
             -> cpu.logical_number: %!s(int64=1)
    Sample #82
        Values: []
        Attributes:
             -> thread.name: clang
             -> thread.id: %!s(int64=1176215)
             -> cpu.logical_number: %!s(int64=1)
    Sample #83
        Values: []
        Attributes:
             -> thread.name: clang
             -> thread.id: %!s(int64=1176215)
             -> cpu.logical_number: %!s(int64=1)
    Sample #84
        Values: []
        Attributes:
             -> thread.name: clang
             -> thread.id: %!s(int64=1176215)
             -> cpu.logical_number: %!s(int64=1)
    Sample #85
        Values: []
        Attributes:
             -> thread.name: clang
             -> thread.id: %!s(int64=1176215)
             -> cpu.logical_number: %!s(int64=1)
    Sample #86
        Values: []
        Attributes:
             -> thread.name: clang
             -> thread.id: %!s(int64=1176215)
             -> cpu.logical_number: %!s(int64=1)
    Sample #87
        Values: []
        Attributes:
             -> thread.name: clang
             -> thread.id: %!s(int64=1176215)
             -> cpu.logical_number: %!s(int64=1)
    Sample #88
        Values: []
        Attributes:
             -> thread.name: clang
             -> thread.id: %!s(int64=1176215)
             -> cpu.logical_number: %!s(int64=1)
    Sample #89
        Values: []
        Attributes:
             -> thread.name: clang
             -> thread.id: %!s(int64=1176215)
             -> cpu.logical_number: %!s(int64=1)
    Sample #90
        Values: []
        Attributes:
             -> thread.name: clang
             -> thread.id: %!s(int64=1176215)
             -> cpu.logical_number: %!s(int64=1)
    Sample #91
        Values: []
        Attributes:
             -> thread.name: clang
             -> thread.id: %!s(int64=1176215)
             -> cpu.logical_number: %!s(int64=1)
    Sample #92
        Values: []
        Attributes:
             -> thread.name: clang
             -> thread.id: %!s(int64=1176215)
             -> cpu.logical_number: %!s(int64=1)
    Sample #93
        Values: []
        Attributes:
             -> thread.name: clang
             -> thread.id: %!s(int64=1176215)
             -> cpu.logical_number: %!s(int64=1)
    Sample #94
        Values: []
        Attributes:
             -> thread.name: clang
             -> thread.id: %!s(int64=1176215)
             -> cpu.logical_number: %!s(int64=1)
    Sample #95
        Values: []
        Attributes:
             -> thread.name: clang
             -> thread.id: %!s(int64=1176215)
             -> cpu.logical_number: %!s(int64=1)
    Sample #96
        Values: []
        Attributes:
             -> thread.name: clang
             -> thread.id: %!s(int64=1176215)
             -> cpu.logical_number: %!s(int64=1)
    Sample #97
        Values: []
        Attributes:
             -> thread.name: clang
             -> thread.id: %!s(int64=1176215)
             -> cpu.logical_number: %!s(int64=1)
    Sample #98
        Values: []
        Attributes:
             -> thread.name: clang
             -> thread.id: %!s(int64=1176215)
             -> cpu.logical_number: %!s(int64=1)
    Sample #99
        Values: []
        Attributes:
             -> thread.name: clang
             -> thread.id: %!s(int64=1176215)
             -> cpu.logical_number: %!s(int64=1)
	{"resource": {"service.instance.id": "ac3e4197-ed26-47d2-a368-465bfdda8362", "service.name": "otelcol-ebpf-profiler", "service.version": "dev"}, "otelcol.component.id": "debug", "otelcol.component.kind": "exporter", "otelcol.signal": "profiles"}
2026-06-21T12:28:08.943-0700	info	otelcol@v0.154.0/collector.go:391	Received signal from OS	{"resource": {"service.instance.id": "ac3e4197-ed26-47d2-a368-465bfdda8362", "service.name": "otelcol-ebpf-profiler", "service.version": "dev"}, "signal": "terminated"}
2026-06-21T12:28:08.943-0700	info	service@v0.154.0/service.go:278	Starting shutdown...	{"resource": {"service.instance.id": "ac3e4197-ed26-47d2-a368-465bfdda8362", "service.name": "otelcol-ebpf-profiler", "service.version": "dev"}}
2026-06-21T12:28:08.943-0700	info	Stop processing ...	{"resource": {"service.instance.id": "ac3e4197-ed26-47d2-a368-465bfdda8362", "service.name": "otelcol-ebpf-profiler", "service.version": "dev"}, "otelcol.component.id": "profiling", "otelcol.component.kind": "receiver", "otelcol.signal": "profiles"}
2026-06-21T12:28:09.218-0700	info	extensions/extensions.go:69	Stopping extensions...	{"resource": {"service.instance.id": "ac3e4197-ed26-47d2-a368-465bfdda8362", "service.name": "otelcol-ebpf-profiler", "service.version": "dev"}}
2026-06-21T12:28:09.218-0700	info	service@v0.154.0/service.go:292	Shutdown complete.	{"resource": {"service.instance.id": "ac3e4197-ed26-47d2-a368-465bfdda8362", "service.name": "otelcol-ebpf-profiler", "service.version": "dev"}}
