2026-06-21T16:48:19.024-0700	info	otelconftelemetry/tracer.go:47	Internal trace telemetry disabled	{"resource": {"service.instance.id": "f5326ab8-88e9-4e94-91b5-b957030f4cef", "service.name": "otelcol-ebpf-profiler", "service.version": "dev"}}
2026-06-21T16:48:19.025-0700	info	builders/builders.go:28	Development component. May change in the future.	{"resource": {"service.instance.id": "f5326ab8-88e9-4e94-91b5-b957030f4cef", "service.name": "otelcol-ebpf-profiler", "service.version": "dev"}, "otelcol.component.id": "profiling", "otelcol.component.kind": "receiver", "otelcol.signal": "profiles"}
2026-06-21T16:48:19.028-0700	info	service@v0.154.0/service.go:241	Starting otelcol-ebpf-profiler...	{"resource": {"service.instance.id": "f5326ab8-88e9-4e94-91b5-b957030f4cef", "service.name": "otelcol-ebpf-profiler", "service.version": "dev"}, "Version": "dev", "NumCPU": 24}
2026-06-21T16:48:19.028-0700	info	extensions/extensions.go:41	Starting extensions...	{"resource": {"service.instance.id": "f5326ab8-88e9-4e94-91b5-b957030f4cef", "service.name": "otelcol-ebpf-profiler", "service.version": "dev"}}
2026-06-21T16:48:19.028-0700	info	Interpreter tracers: perl,php,python,hotspot,ruby,v8,dotnet,luajit,go,labels,beam	{"resource": {"service.instance.id": "f5326ab8-88e9-4e94-91b5-b957030f4cef", "service.name": "otelcol-ebpf-profiler", "service.version": "dev"}, "otelcol.component.id": "profiling", "otelcol.component.kind": "receiver", "otelcol.signal": "profiles"}
2026-06-21T16:48:19.255-0700	info	Found offsets: task stack 0x20, pt_regs 0x3f48, tpbase 0x25a8	{"resource": {"service.instance.id": "f5326ab8-88e9-4e94-91b5-b957030f4cef", "service.name": "otelcol-ebpf-profiler", "service.version": "dev"}, "otelcol.component.id": "profiling", "otelcol.component.kind": "receiver", "otelcol.signal": "profiles"}
2026-06-21T16:48:19.258-0700	info	Skip pinning eBPF map to share OTel span/trace IDs	{"resource": {"service.instance.id": "f5326ab8-88e9-4e94-91b5-b957030f4cef", "service.name": "otelcol-ebpf-profiler", "service.version": "dev"}, "otelcol.component.id": "profiling", "otelcol.component.kind": "receiver", "otelcol.signal": "profiles"}
2026-06-21T16:48:20.076-0700	info	Supports LPM trie eBPF map batch operations	{"resource": {"service.instance.id": "f5326ab8-88e9-4e94-91b5-b957030f4cef", "service.name": "otelcol-ebpf-profiler", "service.version": "dev"}, "otelcol.component.id": "profiling", "otelcol.component.kind": "receiver", "otelcol.signal": "profiles"}
2026-06-21T16:48:20.077-0700	info	eBPF tracer loaded	{"resource": {"service.instance.id": "f5326ab8-88e9-4e94-91b5-b957030f4cef", "service.name": "otelcol-ebpf-profiler", "service.version": "dev"}, "otelcol.component.id": "profiling", "otelcol.component.kind": "receiver", "otelcol.signal": "profiles"}
2026-06-21T16:48:20.079-0700	info	Attached tracer program	{"resource": {"service.instance.id": "f5326ab8-88e9-4e94-91b5-b957030f4cef", "service.name": "otelcol-ebpf-profiler", "service.version": "dev"}, "otelcol.component.id": "profiling", "otelcol.component.kind": "receiver", "otelcol.signal": "profiles"}
2026-06-21T16:48:20.092-0700	info	Attached probes	{"resource": {"service.instance.id": "f5326ab8-88e9-4e94-91b5-b957030f4cef", "service.name": "otelcol-ebpf-profiler", "service.version": "dev"}, "otelcol.component.id": "profiling", "otelcol.component.kind": "receiver", "otelcol.signal": "profiles"}
2026-06-21T16:48:20.094-0700	info	Attached sched monitor	{"resource": {"service.instance.id": "f5326ab8-88e9-4e94-91b5-b957030f4cef", "service.name": "otelcol-ebpf-profiler", "service.version": "dev"}, "otelcol.component.id": "profiling", "otelcol.component.kind": "receiver", "otelcol.signal": "profiles"}
2026-06-21T16:48:20.121-0700	info	service@v0.154.0/service.go:264	Everything is ready. Begin running and processing data.	{"resource": {"service.instance.id": "f5326ab8-88e9-4e94-91b5-b957030f4cef", "service.name": "otelcol-ebpf-profiler", "service.version": "dev"}}
2026-06-21T16:48:26.793-0700	warn	In /usr/bin/containerd: symbol 'runtime.stackcheck': failed to decode symbol	{"resource": {"service.instance.id": "f5326ab8-88e9-4e94-91b5-b957030f4cef", "service.name": "otelcol-ebpf-profiler", "service.version": "dev"}, "otelcol.component.id": "profiling", "otelcol.component.kind": "receiver", "otelcol.signal": "profiles"}
2026-06-21T16:48:29.032-0700	info	Profiles	{"resource": {"service.instance.id": "f5326ab8-88e9-4e94-91b5-b957030f4cef", "service.name": "otelcol-ebpf-profiler", "service.version": "dev"}, "otelcol.component.id": "debug", "otelcol.component.kind": "exporter", "otelcol.signal": "profiles", "resource profiles": 8, "sample records": 587}
2026-06-21T16:48:29.033-0700	info	Mapping #0
    Memory start: 0
    Memory limit: 0
    File offset: 0
    File name: 0
    Attributes: []
Mapping #1
    Memory start: 163840
    Memory limit: 1769472
    File offset: 163840
    File name: 3
    Attributes: [1]
Mapping #2
    Memory start: 4325376
    Memory limit: 7352320
    File offset: 131072
    File name: 6
    Attributes: [3]
Mapping #3
    Memory start: 4194304
    Memory limit: 19996672
    File offset: 0
    File name: 13
    Attributes: [8 9]
Mapping #4
    Memory start: 0
    Memory limit: 0
    File offset: 0
    File name: 21
    Attributes: [14 15]
Mapping #5
    Memory start: 14532608
    Memory limit: 21663744
    File offset: 14528512
    File name: 27
    Attributes: [21 22]
Mapping #6
    Memory start: 233472
    Memory limit: 1376256
    File offset: 233472
    File name: 45
    Attributes: [28]
Mapping #7
    Memory start: 122880
    Memory limit: 778240
    File offset: 122880
    File name: 46
    Attributes: [29]
Mapping #8
    Memory start: 4096
    Memory limit: 8192
    File offset: 4096
    File name: 54
    Attributes: [33]
Location #0
    Mapping index: 0
    Address: 0
    Attributes: []
Location #1
    Mapping index: 1
    Address: 710256
    Attributes: [2]
Location #2
    Mapping index: 2
    Address: 4977474
    Attributes: [2]
Location #3
    Mapping index: 2
    Address: 5932780
    Attributes: [2]
Location #4
    Mapping index: 2
    Address: 7221524
    Attributes: [2]
Location #5
    Mapping index: 0
    Address: 0
    Attributes: [4]
Location #6
    Mapping index: 2
    Address: 6137947
    Attributes: [2]
Location #7
    Mapping index: 2
    Address: 5546118
    Attributes: [2]
Location #8
    Mapping index: 2
    Address: 5552386
    Attributes: [2]
Location #9
    Mapping index: 2
    Address: 6282532
    Attributes: [2]
Location #10
    Mapping index: 2
    Address: 6109683
    Attributes: [2]
Location #11
    Mapping index: 2
    Address: 5775468
    Attributes: [2]
Location #12
    Mapping index: 2
    Address: 6141233
    Attributes: [2]
Location #13
    Mapping index: 2
    Address: 6283130
    Attributes: [2]
Location #14
    Mapping index: 2
    Address: 6145757
    Attributes: [2]
Location #15
    Mapping index: 2
    Address: 6117562
    Attributes: [2]
Location #16
    Mapping index: 2
    Address: 6108843
    Attributes: [2]
Location #17
    Mapping index: 2
    Address: 5540869
    Attributes: [2]
Location #18
    Mapping index: 2
    Address: 6286343
    Attributes: [2]
Location #19
    Mapping index: 2
    Address: 6982931
    Attributes: [2]
Location #20
    Mapping index: 2
    Address: 6936366
    Attributes: [2]
Location #21
    Mapping index: 2
    Address: 6177661
    Attributes: [2]
Location #22
    Mapping index: 2
    Address: 6811606
    Attributes: [2]
Location #23
    Mapping index: 2
    Address: 6811279
    Attributes: [2]
Location #24
    Mapping index: 2
    Address: 7015620
    Attributes: [2]
Location #25
    Mapping index: 2
    Address: 7015363
    Attributes: [2]
Location #26
    Mapping index: 2
    Address: 7012941
    Attributes: [2]
Location #27
    Mapping index: 2
    Address: 7064116
    Attributes: [2]
Location #28
    Mapping index: 2
    Address: 7063908
    Attributes: [2]
Location #29
    Mapping index: 2
    Address: 7063884
    Attributes: [2]
Location #30
    Mapping index: 1
    Address: 172489
    Attributes: [2]
Location #31
    Mapping index: 1
    Address: 172682
    Attributes: [2]
Location #32
    Mapping index: 2
    Address: 6650628
    Attributes: [2]
Location #33
    Mapping index: 2
    Address: 6405548
    Attributes: [2]
Location #34
    Mapping index: 2
    Address: 6004897
    Attributes: [2]
Location #35
    Mapping index: 2
    Address: 6004422
    Attributes: [2]
Location #36
    Mapping index: 2
    Address: 6506355
    Attributes: [2]
Location #37
    Mapping index: 2
    Address: 6505350
    Attributes: [2]
Location #38
    Mapping index: 2
    Address: 7221285
    Attributes: [2]
Location #39
    Mapping index: 1
    Address: 972299
    Attributes: [2]
Location #40
    Mapping index: 2
    Address: 7221438
    Attributes: [2]
Location #41
    Mapping index: 1
    Address: 712016
    Attributes: [2]
Location #42
    Mapping index: 2
    Address: 5932813
    Attributes: [2]
Location #43
    Mapping index: 3
    Address: 19541097
    Line #0
        Function index: 1
        Line: 1027
        Column: 0
    Attributes: [10]
Location #44
    Mapping index: 3
    Address: 19504580
    Line #0
        Function index: 2
        Line: 229
        Column: 0
    Attributes: [10]
Location #45
    Mapping index: 3
    Address: 4740960
    Line #0
        Function index: 3
        Line: 1694
        Column: 0
    Attributes: [10]
Location #46
    Mapping index: 4
    Address: 22381284
    Line #0
        Function index: 4
        Line: 0
        Column: 0
    Attributes: [16]
Location #47
    Mapping index: 4
    Address: 22358519
    Line #0
        Function index: 5
        Line: 0
        Column: 0
    Attributes: [16]
Location #48
    Mapping index: 4
    Address: 22362942
    Line #0
        Function index: 6
        Line: 0
        Column: 0
    Attributes: [16]
Location #49
    Mapping index: 4
    Address: 3251
    Line #0
        Function index: 7
        Line: 0
        Column: 0
    Attributes: [16]
Location #50
    Mapping index: 2
    Address: 5795478
    Attributes: [2]
Location #51
    Mapping index: 2
    Address: 5717603
    Attributes: [2]
Location #52
    Mapping index: 2
    Address: 5716202
    Attributes: [2]
Location #53
    Mapping index: 2
    Address: 5721267
    Attributes: [2]
Location #54
    Mapping index: 2
    Address: 7347720
    Attributes: [2]
Location #55
    Mapping index: 2
    Address: 6994107
    Attributes: [2]
Location #56
    Mapping index: 2
    Address: 6995030
    Attributes: [2]
Location #57
    Mapping index: 2
    Address: 7015498
    Attributes: [2]
Location #58
    Mapping index: 2
    Address: 5548801
    Attributes: [2]
Location #59
    Mapping index: 2
    Address: 5890414
    Attributes: [2]
Location #60
    Mapping index: 2
    Address: 5872722
    Attributes: [2]
Location #61
    Mapping index: 2
    Address: 5542580
    Attributes: [2]
Location #62
    Mapping index: 2
    Address: 6124424
    Attributes: [2]
Location #63
    Mapping index: 2
    Address: 5797766
    Attributes: [2]
Location #64
    Mapping index: 2
    Address: 5778665
    Attributes: [2]
Location #65
    Mapping index: 2
    Address: 6281510
    Attributes: [2]
Location #66
    Mapping index: 2
    Address: 5775617
    Attributes: [2]
Location #67
    Mapping index: 2
    Address: 5545140
    Attributes: [2]
Location #68
    Mapping index: 2
    Address: 5548035
    Attributes: [2]
Location #69
    Mapping index: 2
    Address: 6982166
    Attributes: [2]
Location #70
    Mapping index: 2
    Address: 7015547
    Attributes: [2]
Location #71
    Mapping index: 2
    Address: 5799262
    Attributes: [2]
Location #72
    Mapping index: 2
    Address: 5618694
    Attributes: [2]
Location #73
    Mapping index: 2
    Address: 6257532
    Attributes: [2]
Location #74
    Mapping index: 2
    Address: 6174003
    Attributes: [2]
Location #75
    Mapping index: 2
    Address: 6125951
    Attributes: [2]
Location #76
    Mapping index: 2
    Address: 6004936
    Attributes: [2]
Location #77
    Mapping index: 2
    Address: 4977994
    Attributes: [2]
Location #78
    Mapping index: 2
    Address: 5988485
    Attributes: [2]
Location #79
    Mapping index: 2
    Address: 6236065
    Attributes: [2]
Location #80
    Mapping index: 2
    Address: 6505966
    Attributes: [2]
Location #81
    Mapping index: 2
    Address: 6404502
    Attributes: [2]
Location #82
    Mapping index: 2
    Address: 7061189
    Attributes: [2]
Location #83
    Mapping index: 2
    Address: 7061007
    Attributes: [2]
Location #84
    Mapping index: 2
    Address: 7349193
    Attributes: [2]
Location #85
    Mapping index: 2
    Address: 5775887
    Attributes: [2]
Location #86
    Mapping index: 2
    Address: 7347924
    Attributes: [2]
Location #87
    Mapping index: 2
    Address: 6280674
    Attributes: [2]
Location #88
    Mapping index: 2
    Address: 6281098
    Attributes: [2]
Location #89
    Mapping index: 2
    Address: 6285984
    Attributes: [2]
Location #90
    Mapping index: 2
    Address: 6982228
    Attributes: [2]
Location #91
    Mapping index: 2
    Address: 5989022
    Attributes: [2]
Location #92
    Mapping index: 2
    Address: 6811805
    Attributes: [2]
Location #93
    Mapping index: 2
    Address: 6811586
    Attributes: [2]
Location #94
    Mapping index: 2
    Address: 5795822
    Attributes: [2]
Location #95
    Mapping index: 2
    Address: 5802861
    Attributes: [2]
Location #96
    Mapping index: 2
    Address: 5619046
    Attributes: [2]
Location #97
    Mapping index: 2
    Address: 6303360
    Attributes: [2]
Location #98
    Mapping index: 2
    Address: 6303758
    Attributes: [2]
Location #99
    Mapping index: 2
    Address: 6304570
    Attributes: [2]
Location #100
    Mapping index: 2
    Address: 6302904
    Attributes: [2]
Location #101
    Mapping index: 2
    Address: 7006040
    Attributes: [2]
Location #102
    Mapping index: 2
    Address: 7347133
    Attributes: [2]
Location #103
    Mapping index: 2
    Address: 5865656
    Attributes: [2]
Location #104
    Mapping index: 2
    Address: 5834642
    Attributes: [2]
Location #105
    Mapping index: 2
    Address: 6504504
    Attributes: [2]
Location #106
    Mapping index: 2
    Address: 5778772
    Attributes: [2]
Location #107
    Mapping index: 1
    Address: 250192
    Attributes: [2]
Location #108
    Mapping index: 1
    Address: 738321
    Attributes: [2]
Location #109
    Mapping index: 2
    Address: 6236052
    Attributes: [2]
Location #110
    Mapping index: 2
    Address: 6133399
    Attributes: [2]
Location #111
    Mapping index: 2
    Address: 4977075
    Attributes: [2]
Location #112
    Mapping index: 2
    Address: 7348547
    Attributes: [2]
Location #113
    Mapping index: 2
    Address: 7347474
    Attributes: [2]
Location #114
    Mapping index: 2
    Address: 5926177
    Attributes: [2]
Location #115
    Mapping index: 2
    Address: 5853927
    Attributes: [2]
Location #116
    Mapping index: 2
    Address: 5866214
    Attributes: [2]
Location #117
    Mapping index: 2
    Address: 7256184
    Attributes: [2]
Location #118
    Mapping index: 2
    Address: 6609533
    Attributes: [2]
Location #119
    Mapping index: 2
    Address: 5742305
    Attributes: [2]
Location #120
    Mapping index: 2
    Address: 5894536
    Attributes: [2]
Location #121
    Mapping index: 2
    Address: 5557492
    Attributes: [2]
Location #122
    Mapping index: 2
    Address: 6161225
    Attributes: [2]
Location #123
    Mapping index: 2
    Address: 7061273
    Attributes: [2]
Location #124
    Mapping index: 2
    Address: 7349736
    Attributes: [2]
Location #125
    Mapping index: 2
    Address: 5802078
    Attributes: [2]
Location #126
    Mapping index: 2
    Address: 5717487
    Attributes: [2]
Location #127
    Mapping index: 2
    Address: 5720066
    Attributes: [2]
Location #128
    Mapping index: 2
    Address: 5925451
    Attributes: [2]
Location #129
    Mapping index: 2
    Address: 5721170
    Attributes: [2]
Location #130
    Mapping index: 2
    Address: 6318855
    Attributes: [2]
Location #131
    Mapping index: 2
    Address: 6502483
    Attributes: [2]
Location #132
    Mapping index: 2
    Address: 6609430
    Attributes: [2]
Location #133
    Mapping index: 2
    Address: 5742273
    Attributes: [2]
Location #134
    Mapping index: 2
    Address: 5874021
    Attributes: [2]
Location #135
    Mapping index: 2
    Address: 5872662
    Attributes: [2]
Location #136
    Mapping index: 2
    Address: 5543399
    Attributes: [2]
Location #137
    Mapping index: 2
    Address: 6105802
    Attributes: [2]
Location #138
    Mapping index: 1
    Address: 302121
    Attributes: [2]
Location #139
    Mapping index: 2
    Address: 6504812
    Attributes: [2]
Location #140
    Mapping index: 2
    Address: 6504027
    Attributes: [2]
Location #141
    Mapping index: 2
    Address: 6504891
    Attributes: [2]
Location #142
    Mapping index: 2
    Address: 6503996
    Attributes: [2]
Location #143
    Mapping index: 2
    Address: 5720982
    Attributes: [2]
Location #144
    Mapping index: 2
    Address: 5852155
    Attributes: [2]
Location #145
    Mapping index: 2
    Address: 5875225
    Attributes: [2]
Location #146
    Mapping index: 2
    Address: 7061307
    Attributes: [2]
Location #147
    Mapping index: 2
    Address: 5592389
    Attributes: [2]
Location #148
    Mapping index: 2
    Address: 6108373
    Attributes: [2]
Location #149
    Mapping index: 2
    Address: 6127098
    Attributes: [2]
Location #150
    Mapping index: 2
    Address: 6235621
    Attributes: [2]
Location #151
    Mapping index: 2
    Address: 7349213
    Attributes: [2]
Location #152
    Mapping index: 2
    Address: 5813547
    Attributes: [2]
Location #153
    Mapping index: 2
    Address: 5810752
    Attributes: [2]
Location #154
    Mapping index: 2
    Address: 5814396
    Attributes: [2]
Location #155
    Mapping index: 2
    Address: 6235608
    Attributes: [2]
Location #156
    Mapping index: 2
    Address: 7310931
    Attributes: [2]
Location #157
    Mapping index: 2
    Address: 7348157
    Attributes: [2]
Location #158
    Mapping index: 2
    Address: 7347330
    Attributes: [2]
Location #159
    Mapping index: 1
    Address: 916984
    Attributes: [2]
Location #160
    Mapping index: 1
    Address: 925403
    Attributes: [2]
Location #161
    Mapping index: 1
    Address: 919451
    Attributes: [2]
Location #162
    Mapping index: 1
    Address: 921994
    Attributes: [2]
Location #163
    Mapping index: 2
    Address: 6328559
    Attributes: [2]
Location #164
    Mapping index: 2
    Address: 7311059
    Attributes: [2]
Location #165
    Mapping index: 2
    Address: 7310726
    Attributes: [2]
Location #166
    Mapping index: 1
    Address: 548478
    Attributes: [2]
Location #167
    Mapping index: 2
    Address: 7061031
    Attributes: [2]
Location #168
    Mapping index: 2
    Address: 5988518
    Attributes: [2]
Location #169
    Mapping index: 2
    Address: 7348122
    Attributes: [2]
Location #170
    Mapping index: 1
    Address: 548679
    Attributes: [2]
Location #171
    Mapping index: 2
    Address: 6357872
    Attributes: [2]
Location #172
    Mapping index: 2
    Address: 6608501
    Attributes: [2]
Location #173
    Mapping index: 2
    Address: 5557841
    Attributes: [2]
Location #174
    Mapping index: 2
    Address: 6143450
    Attributes: [2]
Location #175
    Mapping index: 2
    Address: 6277311
    Attributes: [2]
Location #176
    Mapping index: 2
    Address: 5925585
    Attributes: [2]
Location #177
    Mapping index: 2
    Address: 5559529
    Attributes: [2]
Location #178
    Mapping index: 2
    Address: 7328717
    Attributes: [2]
Location #179
    Mapping index: 2
    Address: 7014631
    Attributes: [2]
Location #180
    Mapping index: 2
    Address: 7013545
    Attributes: [2]
Location #181
    Mapping index: 2
    Address: 7012896
    Attributes: [2]
Location #182
    Mapping index: 2
    Address: 5559336
    Attributes: [2]
Location #183
    Mapping index: 2
    Address: 7334207
    Attributes: [2]
Location #184
    Mapping index: 2
    Address: 5559677
    Attributes: [2]
Location #185
    Mapping index: 2
    Address: 7335899
    Attributes: [2]
Location #186
    Mapping index: 2
    Address: 5558674
    Attributes: [2]
Location #187
    Mapping index: 2
    Address: 7326971
    Attributes: [2]
Location #188
    Mapping index: 2
    Address: 5925015
    Attributes: [2]
Location #189
    Mapping index: 2
    Address: 6808795
    Attributes: [2]
Location #190
    Mapping index: 2
    Address: 7014580
    Attributes: [2]
Location #191
    Mapping index: 2
    Address: 7326665
    Attributes: [2]
Location #192
    Mapping index: 2
    Address: 6802415
    Attributes: [2]
Location #193
    Mapping index: 2
    Address: 6808935
    Attributes: [2]
Location #194
    Mapping index: 2
    Address: 6809295
    Attributes: [2]
Location #195
    Mapping index: 2
    Address: 5558926
    Attributes: [2]
Location #196
    Mapping index: 2
    Address: 7324991
    Attributes: [2]
Location #197
    Mapping index: 2
    Address: 7326809
    Attributes: [2]
Location #198
    Mapping index: 2
    Address: 5558627
    Attributes: [2]
Location #199
    Mapping index: 2
    Address: 7335791
    Attributes: [2]
Location #200
    Mapping index: 2
    Address: 6806475
    Attributes: [2]
Location #201
    Mapping index: 2
    Address: 6808035
    Attributes: [2]
Location #202
    Mapping index: 2
    Address: 7337015
    Attributes: [2]
Location #203
    Mapping index: 2
    Address: 7337501
    Attributes: [2]
Location #204
    Mapping index: 2
    Address: 7331255
    Attributes: [2]
Location #205
    Mapping index: 2
    Address: 6807755
    Attributes: [2]
Location #206
    Mapping index: 2
    Address: 7327403
    Attributes: [2]
Location #207
    Mapping index: 2
    Address: 5559736
    Attributes: [2]
Location #208
    Mapping index: 2
    Address: 7328501
    Attributes: [2]
Location #209
    Mapping index: 2
    Address: 5558820
    Attributes: [2]
Location #210
    Mapping index: 2
    Address: 7336547
    Attributes: [2]
Location #211
    Mapping index: 2
    Address: 7337771
    Attributes: [2]
Location #212
    Mapping index: 2
    Address: 7324955
    Attributes: [2]
Location #213
    Mapping index: 2
    Address: 7325063
    Attributes: [2]
Location #214
    Mapping index: 2
    Address: 7327025
    Attributes: [2]
Location #215
    Mapping index: 2
    Address: 7330751
    Attributes: [2]
Location #216
    Mapping index: 2
    Address: 5558867
    Attributes: [2]
Location #217
    Mapping index: 2
    Address: 7326827
    Attributes: [2]
Location #218
    Mapping index: 2
    Address: 5559583
    Attributes: [2]
Location #219
    Mapping index: 2
    Address: 7328591
    Attributes: [2]
Location #220
    Mapping index: 2
    Address: 7329581
    Attributes: [2]
Location #221
    Mapping index: 2
    Address: 5558720
    Attributes: [2]
Location #222
    Mapping index: 2
    Address: 7334819
    Attributes: [2]
Location #223
    Mapping index: 2
    Address: 5559483
    Attributes: [2]
Location #224
    Mapping index: 2
    Address: 7330283
    Attributes: [2]
Location #225
    Mapping index: 2
    Address: 7331525
    Attributes: [2]
Location #226
    Mapping index: 2
    Address: 7334477
    Attributes: [2]
Location #227
    Mapping index: 2
    Address: 5558773
    Attributes: [2]
Location #228
    Mapping index: 2
    Address: 7334603
    Attributes: [2]
Location #229
    Mapping index: 2
    Address: 7336979
    Attributes: [2]
Location #230
    Mapping index: 2
    Address: 7327007
    Attributes: [2]
Location #231
    Mapping index: 2
    Address: 7331201
    Attributes: [2]
Location #232
    Mapping index: 2
    Address: 7331291
    Attributes: [2]
Location #233
    Mapping index: 2
    Address: 5559436
    Attributes: [2]
Location #234
    Mapping index: 2
    Address: 7338329
    Attributes: [2]
Location #235
    Mapping index: 2
    Address: 6803935
    Attributes: [2]
Location #236
    Mapping index: 2
    Address: 6807395
    Attributes: [2]
Location #237
    Mapping index: 2
    Address: 6804455
    Attributes: [2]
Location #238
    Mapping index: 2
    Address: 7326845
    Attributes: [2]
Location #239
    Mapping index: 2
    Address: 7331111
    Attributes: [2]
Location #240
    Mapping index: 2
    Address: 7334135
    Attributes: [2]
Location #241
    Mapping index: 2
    Address: 7337699
    Attributes: [2]
Location #242
    Mapping index: 2
    Address: 7329455
    Attributes: [2]
Location #243
    Mapping index: 2
    Address: 7334441
    Attributes: [2]
Location #244
    Mapping index: 2
    Address: 7335773
    Attributes: [2]
Location #245
    Mapping index: 2
    Address: 6803355
    Attributes: [2]
Location #246
    Mapping index: 2
    Address: 7326989
    Attributes: [2]
Location #247
    Mapping index: 2
    Address: 7327097
    Attributes: [2]
Location #248
    Mapping index: 2
    Address: 6808615
    Attributes: [2]
Location #249
    Mapping index: 2
    Address: 7337789
    Attributes: [2]
Location #250
    Mapping index: 2
    Address: 6803215
    Attributes: [2]
Location #251
    Mapping index: 2
    Address: 6803235
    Attributes: [2]
Location #252
    Mapping index: 2
    Address: 6805095
    Attributes: [2]
Location #253
    Mapping index: 2
    Address: 7331903
    Attributes: [2]
Location #254
    Mapping index: 2
    Address: 6802335
    Attributes: [2]
Location #255
    Mapping index: 2
    Address: 6802915
    Attributes: [2]
Location #256
    Mapping index: 2
    Address: 6806395
    Attributes: [2]
Location #257
    Mapping index: 2
    Address: 7325081
    Attributes: [2]
Location #258
    Mapping index: 2
    Address: 7327493
    Attributes: [2]
Location #259
    Mapping index: 2
    Address: 7328645
    Attributes: [2]
Location #260
    Mapping index: 2
    Address: 7336907
    Attributes: [2]
Location #261
    Mapping index: 2
    Address: 6803495
    Attributes: [2]
Location #262
    Mapping index: 2
    Address: 6804955
    Attributes: [2]
Location #263
    Mapping index: 2
    Address: 7330139
    Attributes: [2]
Location #264
    Mapping index: 2
    Address: 7334315
    Attributes: [2]
Location #265
    Mapping index: 2
    Address: 6803755
    Attributes: [2]
Location #266
    Mapping index: 2
    Address: 6804635
    Attributes: [2]
Location #267
    Mapping index: 2
    Address: 6808215
    Attributes: [2]
Location #268
    Mapping index: 2
    Address: 6807595
    Attributes: [2]
Location #269
    Mapping index: 2
    Address: 6807975
    Attributes: [2]
Location #270
    Mapping index: 2
    Address: 7333775
    Attributes: [2]
Location #271
    Mapping index: 2
    Address: 6806635
    Attributes: [2]
Location #272
    Mapping index: 2
    Address: 6807855
    Attributes: [2]
Location #273
    Mapping index: 2
    Address: 7325999
    Attributes: [2]
Location #274
    Mapping index: 2
    Address: 7329221
    Attributes: [2]
Location #275
    Mapping index: 2
    Address: 7330247
    Attributes: [2]
Location #276
    Mapping index: 2
    Address: 7334027
    Attributes: [2]
Location #277
    Mapping index: 2
    Address: 7336781
    Attributes: [2]
Location #278
    Mapping index: 2
    Address: 6809555
    Attributes: [2]
Location #279
    Mapping index: 2
    Address: 7327133
    Attributes: [2]
Location #280
    Mapping index: 2
    Address: 7334531
    Attributes: [2]
Location #281
    Mapping index: 2
    Address: 7335755
    Attributes: [2]
Location #282
    Mapping index: 2
    Address: 7336385
    Attributes: [2]
Location #283
    Mapping index: 2
    Address: 6803655
    Attributes: [2]
Location #284
    Mapping index: 2
    Address: 7337897
    Attributes: [2]
Location #285
    Mapping index: 2
    Address: 5559630
    Attributes: [2]
Location #286
    Mapping index: 2
    Address: 7334693
    Attributes: [2]
Location #287
    Mapping index: 2
    Address: 6809695
    Attributes: [2]
Location #288
    Mapping index: 2
    Address: 7331435
    Attributes: [2]
Location #289
    Mapping index: 2
    Address: 7337735
    Attributes: [2]
Location #290
    Mapping index: 2
    Address: 6804435
    Attributes: [2]
Location #291
    Mapping index: 2
    Address: 6805155
    Attributes: [2]
Location #292
    Mapping index: 2
    Address: 7329203
    Attributes: [2]
Location #293
    Mapping index: 2
    Address: 7329365
    Attributes: [2]
Location #294
    Mapping index: 2
    Address: 7328393
    Attributes: [2]
Location #295
    Mapping index: 2
    Address: 7328429
    Attributes: [2]
Location #296
    Mapping index: 2
    Address: 7328969
    Attributes: [2]
Location #297
    Mapping index: 2
    Address: 7337393
    Attributes: [2]
Location #298
    Mapping index: 2
    Address: 7337537
    Attributes: [2]
Location #299
    Mapping index: 2
    Address: 6804615
    Attributes: [2]
Location #300
    Mapping index: 2
    Address: 7327331
    Attributes: [2]
Location #301
    Mapping index: 2
    Address: 7331273
    Attributes: [2]
Location #302
    Mapping index: 2
    Address: 7334495
    Attributes: [2]
Location #303
    Mapping index: 2
    Address: 6802755
    Attributes: [2]
Location #304
    Mapping index: 2
    Address: 6805255
    Attributes: [2]
Location #305
    Mapping index: 2
    Address: 7327547
    Attributes: [2]
Location #306
    Mapping index: 2
    Address: 7329689
    Attributes: [2]
Location #307
    Mapping index: 2
    Address: 7334459
    Attributes: [2]
Location #308
    Mapping index: 2
    Address: 6809095
    Attributes: [2]
Location #309
    Mapping index: 2
    Address: 7334513
    Attributes: [2]
Location #310
    Mapping index: 2
    Address: 6803255
    Attributes: [2]
Location #311
    Mapping index: 2
    Address: 6804335
    Attributes: [2]
Location #312
    Mapping index: 2
    Address: 6806235
    Attributes: [2]
Location #313
    Mapping index: 2
    Address: 7334873
    Attributes: [2]
Location #314
    Mapping index: 2
    Address: 7328375
    Attributes: [2]
Location #315
    Mapping index: 2
    Address: 6808575
    Attributes: [2]
Location #316
    Mapping index: 2
    Address: 6809235
    Attributes: [2]
Location #317
    Mapping index: 2
    Address: 7326701
    Attributes: [2]
Location #318
    Mapping index: 2
    Address: 7329437
    Attributes: [2]
Location #319
    Mapping index: 2
    Address: 6803975
    Attributes: [2]
Location #320
    Mapping index: 2
    Address: 7327529
    Attributes: [2]
Location #321
    Mapping index: 2
    Address: 7335737
    Attributes: [2]
Location #322
    Mapping index: 2
    Address: 7329167
    Attributes: [2]
Location #323
    Mapping index: 2
    Address: 6805355
    Attributes: [2]
Location #324
    Mapping index: 2
    Address: 6808515
    Attributes: [2]
Location #325
    Mapping index: 2
    Address: 7328663
    Attributes: [2]
Location #326
    Mapping index: 2
    Address: 7328735
    Attributes: [2]
Location #327
    Mapping index: 2
    Address: 5560392
    Attributes: [2]
Location #328
    Mapping index: 2
    Address: 5559897
    Attributes: [2]
Location #329
    Mapping index: 2
    Address: 7327619
    Attributes: [2]
Location #330
    Mapping index: 2
    Address: 7329419
    Attributes: [2]
Location #331
    Mapping index: 2
    Address: 7329977
    Attributes: [2]
Location #332
    Mapping index: 2
    Address: 6802395
    Attributes: [2]
Location #333
    Mapping index: 2
    Address: 6808535
    Attributes: [2]
Location #334
    Mapping index: 2
    Address: 6808815
    Attributes: [2]
Location #335
    Mapping index: 2
    Address: 7336961
    Attributes: [2]
Location #336
    Mapping index: 2
    Address: 6808595
    Attributes: [2]
Location #337
    Mapping index: 2
    Address: 7338293
    Attributes: [2]
Location #338
    Mapping index: 2
    Address: 7329185
    Attributes: [2]
Location #339
    Mapping index: 2
    Address: 7331669
    Attributes: [2]
Location #340
    Mapping index: 2
    Address: 7336493
    Attributes: [2]
Location #341
    Mapping index: 2
    Address: 6803535
    Attributes: [2]
Location #342
    Mapping index: 2
    Address: 6808015
    Attributes: [2]
Location #343
    Mapping index: 2
    Address: 7326071
    Attributes: [2]
Location #344
    Mapping index: 2
    Address: 7326323
    Attributes: [2]
Location #345
    Mapping index: 2
    Address: 7331345
    Attributes: [2]
Location #346
    Mapping index: 2
    Address: 6805275
    Attributes: [2]
Location #347
    Mapping index: 2
    Address: 7330481
    Attributes: [2]
Location #348
    Mapping index: 2
    Address: 7331039
    Attributes: [2]
Location #349
    Mapping index: 2
    Address: 6802895
    Attributes: [2]
Location #350
    Mapping index: 2
    Address: 6804995
    Attributes: [2]
Location #351
    Mapping index: 2
    Address: 6805295
    Attributes: [2]
Location #352
    Mapping index: 2
    Address: 6807995
    Attributes: [2]
Location #353
    Mapping index: 2
    Address: 7336529
    Attributes: [2]
Location #354
    Mapping index: 2
    Address: 6807575
    Attributes: [2]
Location #355
    Mapping index: 2
    Address: 7328699
    Attributes: [2]
Location #356
    Mapping index: 2
    Address: 7330229
    Attributes: [2]
Location #357
    Mapping index: 2
    Address: 6809115
    Attributes: [2]
Location #358
    Mapping index: 2
    Address: 6806895
    Attributes: [2]
Location #359
    Mapping index: 2
    Address: 6809435
    Attributes: [2]
Location #360
    Mapping index: 2
    Address: 7326413
    Attributes: [2]
Location #361
    Mapping index: 2
    Address: 7327583
    Attributes: [2]
Location #362
    Mapping index: 2
    Address: 6804055
    Attributes: [2]
Location #363
    Mapping index: 2
    Address: 6807135
    Attributes: [2]
Location #364
    Mapping index: 2
    Address: 6804575
    Attributes: [2]
Location #365
    Mapping index: 2
    Address: 6806255
    Attributes: [2]
Location #366
    Mapping index: 2
    Address: 7331183
    Attributes: [2]
Location #367
    Mapping index: 2
    Address: 7331615
    Attributes: [2]
Location #368
    Mapping index: 2
    Address: 7331705
    Attributes: [2]
Location #369
    Mapping index: 2
    Address: 7328753
    Attributes: [2]
Location #370
    Mapping index: 2
    Address: 6802275
    Attributes: [2]
Location #371
    Mapping index: 2
    Address: 6805315
    Attributes: [2]
Location #372
    Mapping index: 2
    Address: 6808915
    Attributes: [2]
Location #373
    Mapping index: 2
    Address: 7326017
    Attributes: [2]
Location #374
    Mapping index: 2
    Address: 7336259
    Attributes: [2]
Location #375
    Mapping index: 2
    Address: 6803475
    Attributes: [2]
Location #376
    Mapping index: 2
    Address: 6806835
    Attributes: [2]
Location #377
    Mapping index: 2
    Address: 6809515
    Attributes: [2]
Location #378
    Mapping index: 2
    Address: 7328609
    Attributes: [2]
Location #379
    Mapping index: 2
    Address: 6804815
    Attributes: [2]
Location #380
    Mapping index: 2
    Address: 7326719
    Attributes: [2]
Location #381
    Mapping index: 2
    Address: 6805335
    Attributes: [2]
Location #382
    Mapping index: 2
    Address: 7337447
    Attributes: [2]
Location #383
    Mapping index: 2
    Address: 6802315
    Attributes: [2]
Location #384
    Mapping index: 2
    Address: 6806975
    Attributes: [2]
Location #385
    Mapping index: 2
    Address: 7326035
    Attributes: [2]
Location #386
    Mapping index: 2
    Address: 7331309
    Attributes: [2]
Location #387
    Mapping index: 2
    Address: 7334639
    Attributes: [2]
Location #388
    Mapping index: 2
    Address: 6802295
    Attributes: [2]
Location #389
    Mapping index: 2
    Address: 6803395
    Attributes: [2]
Location #390
    Mapping index: 2
    Address: 6806995
    Attributes: [2]
Location #391
    Mapping index: 2
    Address: 6804255
    Attributes: [2]
Location #392
    Mapping index: 2
    Address: 7327385
    Attributes: [2]
Location #393
    Mapping index: 2
    Address: 6804155
    Attributes: [2]
Location #394
    Mapping index: 2
    Address: 7327151
    Attributes: [2]
Location #395
    Mapping index: 2
    Address: 7327601
    Attributes: [2]
Location #396
    Mapping index: 2
    Address: 6804035
    Attributes: [2]
Location #397
    Mapping index: 2
    Address: 6804135
    Attributes: [2]
Location #398
    Mapping index: 2
    Address: 7328789
    Attributes: [2]
Location #399
    Mapping index: 2
    Address: 7334099
    Attributes: [2]
Location #400
    Mapping index: 2
    Address: 7337519
    Attributes: [2]
Location #401
    Mapping index: 2
    Address: 6804415
    Attributes: [2]
Location #402
    Mapping index: 2
    Address: 7326377
    Attributes: [2]
Location #403
    Mapping index: 2
    Address: 7338185
    Attributes: [2]
Location #404
    Mapping index: 2
    Address: 7338347
    Attributes: [2]
Location #405
    Mapping index: 2
    Address: 7331849
    Attributes: [2]
Location #406
    Mapping index: 2
    Address: 7337879
    Attributes: [2]
Location #407
    Mapping index: 2
    Address: 7336709
    Attributes: [2]
Location #408
    Mapping index: 2
    Address: 7338167
    Attributes: [2]
Location #409
    Mapping index: 2
    Address: 6806955
    Attributes: [2]
Location #410
    Mapping index: 2
    Address: 7334891
    Attributes: [2]
Location #411
    Mapping index: 2
    Address: 6808555
    Attributes: [2]
Location #412
    Mapping index: 2
    Address: 7334045
    Attributes: [2]
Location #413
    Mapping index: 2
    Address: 6803775
    Attributes: [2]
Location #414
    Mapping index: 2
    Address: 6804895
    Attributes: [2]
Location #415
    Mapping index: 2
    Address: 6807895
    Attributes: [2]
Location #416
    Mapping index: 2
    Address: 6803815
    Attributes: [2]
Location #417
    Mapping index: 2
    Address: 6806495
    Attributes: [2]
Location #418
    Mapping index: 2
    Address: 7331219
    Attributes: [2]
Location #419
    Mapping index: 2
    Address: 7338239
    Attributes: [2]
Location #420
    Mapping index: 2
    Address: 7336475
    Attributes: [2]
Location #421
    Mapping index: 2
    Address: 7324973
    Attributes: [2]
Location #422
    Mapping index: 2
    Address: 7326683
    Attributes: [2]
Location #423
    Mapping index: 2
    Address: 7326737
    Attributes: [2]
Location #424
    Mapping index: 2
    Address: 7330301
    Attributes: [2]
Location #425
    Mapping index: 2
    Address: 7334261
    Attributes: [2]
Location #426
    Mapping index: 2
    Address: 6809575
    Attributes: [2]
Location #427
    Mapping index: 2
    Address: 7327079
    Attributes: [2]
Location #428
    Mapping index: 2
    Address: 7337429
    Attributes: [2]
Location #429
    Mapping index: 2
    Address: 6804235
    Attributes: [2]
Location #430
    Mapping index: 2
    Address: 6805235
    Attributes: [2]
Location #431
    Mapping index: 2
    Address: 6978451
    Attributes: [2]
Location #432
    Mapping index: 2
    Address: 6277506
    Attributes: [2]
Location #433
    Mapping index: 2
    Address: 6806275
    Attributes: [2]
Location #434
    Mapping index: 2
    Address: 6806915
    Attributes: [2]
Location #435
    Mapping index: 2
    Address: 7325099
    Attributes: [2]
Location #436
    Mapping index: 2
    Address: 7326791
    Attributes: [2]
Location #437
    Mapping index: 2
    Address: 7329491
    Attributes: [2]
Location #438
    Mapping index: 2
    Address: 6807775
    Attributes: [2]
Location #439
    Mapping index: 2
    Address: 6809635
    Attributes: [2]
Location #440
    Mapping index: 2
    Address: 6808155
    Attributes: [2]
Location #441
    Mapping index: 2
    Address: 7327367
    Attributes: [2]
Location #442
    Mapping index: 2
    Address: 7329257
    Attributes: [2]
Location #443
    Mapping index: 2
    Address: 7334243
    Attributes: [2]
Location #444
    Mapping index: 2
    Address: 6806875
    Attributes: [2]
Location #445
    Mapping index: 2
    Address: 6808495
    Attributes: [2]
Location #446
    Mapping index: 2
    Address: 7328681
    Attributes: [2]
Location #447
    Mapping index: 2
    Address: 7330877
    Attributes: [2]
Location #448
    Mapping index: 2
    Address: 7331471
    Attributes: [2]
Location #449
    Mapping index: 2
    Address: 7338311
    Attributes: [2]
Location #450
    Mapping index: 2
    Address: 6805115
    Attributes: [2]
Location #451
    Mapping index: 2
    Address: 6808835
    Attributes: [2]
Location #452
    Mapping index: 2
    Address: 7337969
    Attributes: [2]
Location #453
    Mapping index: 2
    Address: 6805055
    Attributes: [2]
Location #454
    Mapping index: 2
    Address: 7333559
    Attributes: [2]
Location #455
    Mapping index: 2
    Address: 6803995
    Attributes: [2]
Location #456
    Mapping index: 2
    Address: 6807555
    Attributes: [2]
Location #457
    Mapping index: 2
    Address: 6803415
    Attributes: [2]
Location #458
    Mapping index: 2
    Address: 6804215
    Attributes: [2]
Location #459
    Mapping index: 2
    Address: 7336997
    Attributes: [2]
Location #460
    Mapping index: 2
    Address: 6807015
    Attributes: [2]
Location #461
    Mapping index: 2
    Address: 7334657
    Attributes: [2]
Location #462
    Mapping index: 2
    Address: 6802935
    Attributes: [2]
Location #463
    Mapping index: 2
    Address: 6804855
    Attributes: [2]
Location #464
    Mapping index: 2
    Address: 7328987
    Attributes: [2]
Location #465
    Mapping index: 2
    Address: 7329527
    Attributes: [2]
Location #466
    Mapping index: 2
    Address: 7330499
    Attributes: [2]
Location #467
    Mapping index: 2
    Address: 6804555
    Attributes: [2]
Location #468
    Mapping index: 2
    Address: 6809315
    Attributes: [2]
Location #469
    Mapping index: 2
    Address: 6804195
    Attributes: [2]
Location #470
    Mapping index: 2
    Address: 6806935
    Attributes: [2]
Location #471
    Mapping index: 2
    Address: 6807035
    Attributes: [2]
Location #472
    Mapping index: 2
    Address: 7326881
    Attributes: [2]
Location #473
    Mapping index: 2
    Address: 6807535
    Attributes: [2]
Location #474
    Mapping index: 2
    Address: 7326953
    Attributes: [2]
Location #475
    Mapping index: 2
    Address: 7330193
    Attributes: [2]
Location #476
    Mapping index: 2
    Address: 6808875
    Attributes: [2]
Location #477
    Mapping index: 2
    Address: 6809455
    Attributes: [2]
Location #478
    Mapping index: 2
    Address: 7326341
    Attributes: [2]
Location #479
    Mapping index: 2
    Address: 7328573
    Attributes: [2]
Location #480
    Mapping index: 2
    Address: 7331777
    Attributes: [2]
Location #481
    Mapping index: 2
    Address: 7331021
    Attributes: [2]
Location #482
    Mapping index: 2
    Address: 7338113
    Attributes: [2]
Location #483
    Mapping index: 2
    Address: 6802815
    Attributes: [2]
Location #484
    Mapping index: 2
    Address: 6805135
    Attributes: [2]
Location #485
    Mapping index: 2
    Address: 7336745
    Attributes: [2]
Location #486
    Mapping index: 2
    Address: 6804175
    Attributes: [2]
Location #487
    Mapping index: 2
    Address: 6804755
    Attributes: [2]
Location #488
    Mapping index: 2
    Address: 7338041
    Attributes: [2]
Location #489
    Mapping index: 2
    Address: 6807055
    Attributes: [2]
Location #490
    Mapping index: 2
    Address: 6803955
    Attributes: [2]
Location #491
    Mapping index: 2
    Address: 7329149
    Attributes: [2]
Location #492
    Mapping index: 2
    Address: 7336583
    Attributes: [2]
Location #493
    Mapping index: 2
    Address: 6803295
    Attributes: [2]
Location #494
    Mapping index: 2
    Address: 6804355
    Attributes: [2]
Location #495
    Mapping index: 2
    Address: 6803515
    Attributes: [2]
Location #496
    Mapping index: 2
    Address: 6806295
    Attributes: [2]
Location #497
    Mapping index: 2
    Address: 6806455
    Attributes: [2]
Location #498
    Mapping index: 2
    Address: 6807515
    Attributes: [2]
Location #499
    Mapping index: 2
    Address: 6804875
    Attributes: [2]
Location #500
    Mapping index: 2
    Address: 6809075
    Attributes: [2]
Location #501
    Mapping index: 2
    Address: 6803275
    Attributes: [2]
Location #502
    Mapping index: 2
    Address: 7334189
    Attributes: [2]
Location #503
    Mapping index: 2
    Address: 7334585
    Attributes: [2]
Location #504
    Mapping index: 2
    Address: 7334675
    Attributes: [2]
Location #505
    Mapping index: 2
    Address: 7327475
    Attributes: [2]
Location #506
    Mapping index: 2
    Address: 6803195
    Attributes: [2]
Location #507
    Mapping index: 2
    Address: 6804595
    Attributes: [2]
Location #508
    Mapping index: 2
    Address: 6807795
    Attributes: [2]
Location #509
    Mapping index: 2
    Address: 7334711
    Attributes: [2]
Location #510
    Mapping index: 2
    Address: 7335917
    Attributes: [2]
Location #511
    Mapping index: 2
    Address: 6804835
    Attributes: [2]
Location #512
    Mapping index: 2
    Address: 6807875
    Attributes: [2]
Location #513
    Mapping index: 2
    Address: 7334171
    Attributes: [2]
Location #514
    Mapping index: 2
    Address: 7330049
    Attributes: [2]
Location #515
    Mapping index: 2
    Address: 7338095
    Attributes: [2]
Location #516
    Mapping index: 2
    Address: 7338275
    Attributes: [2]
Location #517
    Mapping index: 2
    Address: 6803635
    Attributes: [2]
Location #518
    Mapping index: 2
    Address: 6802735
    Attributes: [2]
Location #519
    Mapping index: 2
    Address: 6806375
    Attributes: [2]
Location #520
    Mapping index: 2
    Address: 7330067
    Attributes: [2]
Location #521
    Mapping index: 2
    Address: 6802435
    Attributes: [2]
Location #522
    Mapping index: 2
    Address: 7331327
    Attributes: [2]
Location #523
    Mapping index: 2
    Address: 6806535
    Attributes: [2]
Location #524
    Mapping index: 2
    Address: 7336169
    Attributes: [2]
Location #525
    Mapping index: 2
    Address: 6806435
    Attributes: [2]
Location #526
    Mapping index: 2
    Address: 7336061
    Attributes: [2]
Location #527
    Mapping index: 2
    Address: 6807075
    Attributes: [2]
Location #528
    Mapping index: 2
    Address: 7335863
    Attributes: [2]
Location #529
    Mapping index: 2
    Address: 7338257
    Attributes: [2]
Location #530
    Mapping index: 2
    Address: 6805075
    Attributes: [2]
Location #531
    Mapping index: 2
    Address: 6807375
    Attributes: [2]
Location #532
    Mapping index: 2
    Address: 6803615
    Attributes: [2]
Location #533
    Mapping index: 2
    Address: 6805035
    Attributes: [2]
Location #534
    Mapping index: 5
    Address: 17128614
    Attributes: [2]
Location #535
    Mapping index: 5
    Address: 17162628
    Attributes: [2]
Location #536
    Mapping index: 5
    Address: 17128201
    Attributes: [2]
Location #537
    Mapping index: 5
    Address: 17124740
    Attributes: [2]
Location #538
    Mapping index: 5
    Address: 17035412
    Attributes: [2]
Location #539
    Mapping index: 5
    Address: 17034239
    Attributes: [2]
Location #540
    Mapping index: 5
    Address: 17030501
    Attributes: [2]
Location #541
    Mapping index: 5
    Address: 16919567
    Attributes: [2]
Location #542
    Mapping index: 5
    Address: 15518371
    Attributes: [2]
Location #543
    Mapping index: 5
    Address: 15968003
    Attributes: [2]
Location #544
    Mapping index: 5
    Address: 15905384
    Attributes: [2]
Location #545
    Mapping index: 5
    Address: 16317066
    Attributes: [2]
Location #546
    Mapping index: 5
    Address: 15858770
    Attributes: [2]
Location #547
    Mapping index: 5
    Address: 16637480
    Attributes: [2]
Location #548
    Mapping index: 5
    Address: 21388591
    Attributes: [2]
Location #549
    Mapping index: 5
    Address: 16319364
    Attributes: [2]
Location #550
    Mapping index: 5
    Address: 14536356
    Attributes: [2]
Location #551
    Mapping index: 5
    Address: 17143749
    Attributes: [2]
Location #552
    Mapping index: 5
    Address: 17022337
    Attributes: [2]
Location #553
    Mapping index: 5
    Address: 17037126
    Attributes: [2]
Location #554
    Mapping index: 5
    Address: 17150325
    Attributes: [2]
Location #555
    Mapping index: 5
    Address: 17143760
    Attributes: [2]
Location #556
    Mapping index: 5
    Address: 17165758
    Attributes: [2]
Location #557
    Mapping index: 5
    Address: 17162091
    Attributes: [2]
Location #558
    Mapping index: 5
    Address: 17068096
    Attributes: [2]
Location #559
    Mapping index: 5
    Address: 17068345
    Attributes: [2]
Location #560
    Mapping index: 5
    Address: 17033298
    Attributes: [2]
Location #561
    Mapping index: 5
    Address: 17029477
    Attributes: [2]
Location #562
    Mapping index: 5
    Address: 17139739
    Attributes: [2]
Location #563
    Mapping index: 5
    Address: 17146316
    Attributes: [2]
Location #564
    Mapping index: 5
    Address: 17162456
    Attributes: [2]
Location #565
    Mapping index: 5
    Address: 21439015
    Attributes: [2]
Location #566
    Mapping index: 5
    Address: 21407991
    Attributes: [2]
Location #567
    Mapping index: 5
    Address: 17068288
    Attributes: [2]
Location #568
    Mapping index: 5
    Address: 17069080
    Attributes: [2]
Location #569
    Mapping index: 5
    Address: 17144311
    Attributes: [2]
Location #570
    Mapping index: 5
    Address: 21457562
    Attributes: [2]
Location #571
    Mapping index: 5
    Address: 17033734
    Attributes: [2]
Location #572
    Mapping index: 5
    Address: 17068982
    Attributes: [2]
Location #573
    Mapping index: 1
    Address: 972680
    Attributes: [2]
Location #574
    Mapping index: 5
    Address: 21475117
    Attributes: [2]
Location #575
    Mapping index: 5
    Address: 21338035
    Attributes: [2]
Location #576
    Mapping index: 5
    Address: 21585206
    Attributes: [2]
Location #577
    Mapping index: 5
    Address: 21474968
    Attributes: [2]
Location #578
    Mapping index: 5
    Address: 21407861
    Attributes: [2]
Location #579
    Mapping index: 5
    Address: 17068008
    Attributes: [2]
Location #580
    Mapping index: 5
    Address: 21447360
    Attributes: [2]
Location #581
    Mapping index: 5
    Address: 17067712
    Attributes: [2]
Location #582
    Mapping index: 5
    Address: 21338059
    Attributes: [2]
Location #583
    Mapping index: 5
    Address: 20676165
    Attributes: [2]
Location #584
    Mapping index: 5
    Address: 20676592
    Attributes: [2]
Location #585
    Mapping index: 5
    Address: 20679663
    Attributes: [2]
Location #586
    Mapping index: 5
    Address: 17128412
    Attributes: [2]
Location #587
    Mapping index: 5
    Address: 20667396
    Attributes: [2]
Location #588
    Mapping index: 5
    Address: 17035797
    Attributes: [2]
Location #589
    Mapping index: 5
    Address: 17069021
    Attributes: [2]
Location #590
    Mapping index: 5
    Address: 21447154
    Attributes: [2]
Location #591
    Mapping index: 5
    Address: 21447253
    Attributes: [2]
Location #592
    Mapping index: 5
    Address: 17162316
    Attributes: [2]
Location #593
    Mapping index: 5
    Address: 20667914
    Attributes: [2]
Location #594
    Mapping index: 5
    Address: 17144326
    Attributes: [2]
Location #595
    Mapping index: 5
    Address: 17130598
    Attributes: [2]
Location #596
    Mapping index: 5
    Address: 17162482
    Attributes: [2]
Location #597
    Mapping index: 5
    Address: 20665452
    Attributes: [2]
Location #598
    Mapping index: 5
    Address: 20667335
    Attributes: [2]
Location #599
    Mapping index: 5
    Address: 20667372
    Attributes: [2]
Location #600
    Mapping index: 5
    Address: 17035839
    Attributes: [2]
Location #601
    Mapping index: 5
    Address: 17143734
    Attributes: [2]
Location #602
    Mapping index: 4
    Address: 7772927
    Line #0
        Function index: 8
        Line: 0
        Column: 0
    Attributes: [16]
Location #603
    Mapping index: 4
    Address: 7775178
    Line #0
        Function index: 9
        Line: 0
        Column: 0
    Attributes: [16]
Location #604
    Mapping index: 4
    Address: 7776501
    Line #0
        Function index: 10
        Line: 0
        Column: 0
    Attributes: [16]
Location #605
    Mapping index: 4
    Address: 7777002
    Line #0
        Function index: 11
        Line: 0
        Column: 0
    Attributes: [16]
Location #606
    Mapping index: 4
    Address: 7778573
    Line #0
        Function index: 12
        Line: 0
        Column: 0
    Attributes: [16]
Location #607
    Mapping index: 4
    Address: 7779061
    Line #0
        Function index: 13
        Line: 0
        Column: 0
    Attributes: [16]
Location #608
    Mapping index: 4
    Address: 7779369
    Line #0
        Function index: 14
        Line: 0
        Column: 0
    Attributes: [16]
Location #609
    Mapping index: 4
    Address: 7846654
    Line #0
        Function index: 15
        Line: 0
        Column: 0
    Attributes: [16]
Location #610
    Mapping index: 4
    Address: 4210438
    Line #0
        Function index: 16
        Line: 0
        Column: 0
    Attributes: [16]
Location #611
    Mapping index: 4
    Address: 4257399
    Line #0
        Function index: 17
        Line: 0
        Column: 0
    Attributes: [16]
Location #612
    Mapping index: 4
    Address: 4258076
    Line #0
        Function index: 18
        Line: 0
        Column: 0
    Attributes: [16]
Location #613
    Mapping index: 4
    Address: 4259043
    Line #0
        Function index: 19
        Line: 0
        Column: 0
    Attributes: [16]
Location #614
    Mapping index: 4
    Address: 4346454
    Line #0
        Function index: 20
        Line: 0
        Column: 0
    Attributes: [16]
Location #615
    Mapping index: 4
    Address: 3495015
    Line #0
        Function index: 21
        Line: 0
        Column: 0
    Attributes: [16]
Location #616
    Mapping index: 4
    Address: 22380821
    Line #0
        Function index: 22
        Line: 0
        Column: 0
    Attributes: [16]
Location #617
    Mapping index: 4
    Address: 22351561
    Line #0
        Function index: 23
        Line: 0
        Column: 0
    Attributes: [16]
Location #618
    Mapping index: 4
    Address: 298
    Line #0
        Function index: 24
        Line: 0
        Column: 0
    Attributes: [16]
Location #619
    Mapping index: 6
    Address: 1340410
    Attributes: [2]
Location #620
    Mapping index: 6
    Address: 1336056
    Attributes: [2]
Location #621
    Mapping index: 7
    Address: 382045
    Attributes: [2]
Location #622
    Mapping index: 7
    Address: 772470
    Attributes: [2]
Location #623
    Mapping index: 7
    Address: 379426
    Attributes: [2]
Location #624
    Mapping index: 7
    Address: 379512
    Attributes: [2]
Location #625
    Mapping index: 7
    Address: 573025
    Attributes: [2]
Location #626
    Mapping index: 1
    Address: 641699
    Attributes: [2]
Location #627
    Mapping index: 1
    Address: 1219171
    Attributes: [2]
Location #628
    Mapping index: 7
    Address: 404169
    Attributes: [2]
Location #629
    Mapping index: 7
    Address: 367199
    Attributes: [2]
Location #630
    Mapping index: 7
    Address: 368095
    Attributes: [2]
Location #631
    Mapping index: 7
    Address: 382407
    Attributes: [2]
Location #632
    Mapping index: 7
    Address: 368635
    Attributes: [2]
Location #633
    Mapping index: 7
    Address: 368732
    Attributes: [2]
Location #634
    Mapping index: 7
    Address: 382375
    Attributes: [2]
Location #635
    Mapping index: 7
    Address: 492696
    Attributes: [2]
Location #636
    Mapping index: 6
    Address: 1335680
    Attributes: [2]
Location #637
    Mapping index: 7
    Address: 359920
    Attributes: [2]
Location #638
    Mapping index: 7
    Address: 473901
    Attributes: [2]
Location #639
    Mapping index: 6
    Address: 1335726
    Attributes: [2]
Location #640
    Mapping index: 7
    Address: 474150
    Attributes: [2]
Location #641
    Mapping index: 6
    Address: 1336016
    Attributes: [2]
Location #642
    Mapping index: 6
    Address: 1340402
    Attributes: [2]
Location #643
    Mapping index: 0
    Address: 3296
    Line #0
        Function index: 25
        Line: 0
        Column: 0
    Attributes: [16]
Location #644
    Mapping index: 4
    Address: 6450231
    Line #0
        Function index: 26
        Line: 0
        Column: 0
    Attributes: [16]
Location #645
    Mapping index: 4
    Address: 6455623
    Line #0
        Function index: 27
        Line: 0
        Column: 0
    Attributes: [16]
Location #646
    Mapping index: 4
    Address: 7289594
    Line #0
        Function index: 28
        Line: 0
        Column: 0
    Attributes: [16]
Location #647
    Mapping index: 4
    Address: 7290720
    Line #0
        Function index: 29
        Line: 0
        Column: 0
    Attributes: [16]
Location #648
    Mapping index: 4
    Address: 22381429
    Line #0
        Function index: 4
        Line: 0
        Column: 0
    Attributes: [16]
Location #649
    Mapping index: 4
    Address: 22362343
    Line #0
        Function index: 30
        Line: 0
        Column: 0
    Attributes: [16]
Location #650
    Mapping index: 4
    Address: 2953
    Line #0
        Function index: 31
        Line: 0
        Column: 0
    Attributes: [16]
Location #651
    Mapping index: 8
    Address: 4736
    Attributes: [2]
Location #652
    Mapping index: 8
    Address: 5076
    Attributes: [2]
Location #653
    Mapping index: 4
    Address: 6875984
    Line #0
        Function index: 32
        Line: 0
        Column: 0
    Attributes: [16]
Location #654
    Mapping index: 0
    Address: 2427
    Line #0
        Function index: 25
        Line: 0
        Column: 0
    Attributes: [16]
Location #655
    Mapping index: 4
    Address: 6891454
    Line #0
        Function index: 33
        Line: 0
        Column: 0
    Attributes: [16]
Location #656
    Mapping index: 4
    Address: 6892454
    Line #0
        Function index: 34
        Line: 0
        Column: 0
    Attributes: [16]
Location #657
    Mapping index: 0
    Address: 3099
    Line #0
        Function index: 35
        Line: 0
        Column: 0
    Attributes: [16]
Location #658
    Mapping index: 8
    Address: 4791
    Attributes: [2]
Location #659
    Mapping index: 4
    Address: 6876067
    Line #0
        Function index: 32
        Line: 0
        Column: 0
    Attributes: [16]
Location #660
    Mapping index: 4
    Address: 7290846
    Line #0
        Function index: 29
        Line: 0
        Column: 0
    Attributes: [16]
Location #661
    Mapping index: 4
    Address: 4029679
    Line #0
        Function index: 36
        Line: 0
        Column: 0
    Attributes: [16]
Location #662
    Mapping index: 4
    Address: 6358012
    Line #0
        Function index: 37
        Line: 0
        Column: 0
    Attributes: [16]
Location #663
    Mapping index: 0
    Address: 2150
    Line #0
        Function index: 25
        Line: 0
        Column: 0
    Attributes: [16]
Location #664
    Mapping index: 4
    Address: 7273906
    Line #0
        Function index: 38
        Line: 0
        Column: 0
    Attributes: [16]
Location #665
    Mapping index: 4
    Address: 7290395
    Line #0
        Function index: 29
        Line: 0
        Column: 0
    Attributes: [16]
Location #666
    Mapping index: 1
    Address: 710260
    Attributes: [2]
Function #0
    Name: 0
    System name: 0
    Filename: 0
    Start line: 0
Function #1
    Name: 15
    System name: 0
    Filename: 16
    Start line: 0
Function #2
    Name: 17
    System name: 0
    Filename: 18
    Start line: 0
Function #3
    Name: 19
    System name: 0
    Filename: 20
    Start line: 0
Function #4
    Name: 23
    System name: 0
    Filename: 0
    Start line: 0
Function #5
    Name: 24
    System name: 0
    Filename: 0
    Start line: 0
Function #6
    Name: 25
    System name: 0
    Filename: 0
    Start line: 0
Function #7
    Name: 26
    System name: 0
    Filename: 0
    Start line: 0
Function #8
    Name: 28
    System name: 0
    Filename: 0
    Start line: 0
Function #9
    Name: 29
    System name: 0
    Filename: 0
    Start line: 0
Function #10
    Name: 30
    System name: 0
    Filename: 0
    Start line: 0
Function #11
    Name: 31
    System name: 0
    Filename: 0
    Start line: 0
Function #12
    Name: 32
    System name: 0
    Filename: 0
    Start line: 0
Function #13
    Name: 33
    System name: 0
    Filename: 0
    Start line: 0
Function #14
    Name: 34
    System name: 0
    Filename: 0
    Start line: 0
Function #15
    Name: 35
    System name: 0
    Filename: 0
    Start line: 0
Function #16
    Name: 36
    System name: 0
    Filename: 0
    Start line: 0
Function #17
    Name: 37
    System name: 0
    Filename: 0
    Start line: 0
Function #18
    Name: 38
    System name: 0
    Filename: 0
    Start line: 0
Function #19
    Name: 39
    System name: 0
    Filename: 0
    Start line: 0
Function #20
    Name: 40
    System name: 0
    Filename: 0
    Start line: 0
Function #21
    Name: 41
    System name: 0
    Filename: 0
    Start line: 0
Function #22
    Name: 42
    System name: 0
    Filename: 0
    Start line: 0
Function #23
    Name: 43
    System name: 0
    Filename: 0
    Start line: 0
Function #24
    Name: 44
    System name: 0
    Filename: 0
    Start line: 0
Function #25
    Name: 47
    System name: 0
    Filename: 0
    Start line: 0
Function #26
    Name: 48
    System name: 0
    Filename: 0
    Start line: 0
Function #27
    Name: 49
    System name: 0
    Filename: 0
    Start line: 0
Function #28
    Name: 50
    System name: 0
    Filename: 0
    Start line: 0
Function #29
    Name: 51
    System name: 0
    Filename: 0
    Start line: 0
Function #30
    Name: 52
    System name: 0
    Filename: 0
    Start line: 0
Function #31
    Name: 53
    System name: 0
    Filename: 0
    Start line: 0
Function #32
    Name: 55
    System name: 0
    Filename: 0
    Start line: 0
Function #33
    Name: 56
    System name: 0
    Filename: 0
    Start line: 0
Function #34
    Name: 57
    System name: 0
    Filename: 0
    Start line: 0
Function #35
    Name: 58
    System name: 0
    Filename: 0
    Start line: 0
Function #36
    Name: 59
    System name: 0
    Filename: 0
    Start line: 0
Function #37
    Name: 60
    System name: 0
    Filename: 0
    Start line: 0
Function #38
    Name: 61
    System name: 0
    Filename: 0
    Start line: 0
Attribute table:
     -> Key: Int(9)
     -> Value: Str(1)
     -> unit: Int(0)
Link table:
     -> Trace ID: Str()
     -> Span ID: Str()
String table:
    
    events
    count
    libc.so.6
    process.executable.build_id.htlhash
    profile.frame.type
    python3.12
    thread.name
    thread.id
    cpu.logical_number
    cpu
    nanoseconds
    samples
    otelcol-ebpf-profiler
    process.executable.build_id.go
    go.opentelemetry.io/ebpf-profiler/tracer.(*Tracer).loadBpfTrace
    /tmp/opentelemetry-ebpf-profiler/tracer/tracer.go
    go.opentelemetry.io/ebpf-profiler/tracer.(*Tracer).startTraceEventMonitor.func1
    /tmp/opentelemetry-ebpf-profiler/tracer/events.go
    runtime.goexit
    /home/yunwei37/go/pkg/mod/golang.org/toolchain@v0.0.1-go1.25.0.linux-amd64/src/runtime/asm_amd64.s
    vmlinux
    process.executable.build_id.gnu
    irqentry_exit_to_user_mode
    exc_debug_user
    noist_exc_debug
    asm_exc_debug
    agentsight
    zap_present_ptes.constprop.0
    zap_pte_range
    zap_pmd_range.isra.0
    zap_pud_range.isra.0
    unmap_page_range
    unmap_single_vma
    unmap_vmas
    exit_mmap
    mmput
    exit_mm
    do_exit
    do_group_exit
    get_signal
    arch_do_signal_or_restart
    syscall_exit_to_user_mode
    do_syscall_64
    entry_SYSCALL_64_after_hwframe
    libgio-2.0.so.0.8000.0
    libglib-2.0.so.0.8000.0
    bpf_prog_c156138784c9b453_kprobe_unwind_native
    __uprobe_perf_func
    uprobe_dispatcher
    handler_chain
    uprobe_notify_resume
    exc_int3
    asm_exc_int3
    victim
    trie_lookup_elem
    bpf_ringbuf_commit
    bpf_ringbuf_output
    bpf_prog_ea5fb13caa812a73_kprobe_unwind_stop
    nmi_uaccess_okay
    bpf_probe_read_user
    put_uprobe
ResourceProfiles #0
Resource SchemaURL: https://opentelemetry.io/schemas/1.37.0
Resource attributes:
     -> process.pid: Int(1483636)
     -> process.executable.path: Str(/usr/bin/python3.12)
     -> process.executable.name: Str(python3.12)
ScopeProfiles #0
ScopeProfiles SchemaURL: https://opentelemetry.io/schemas/1.37.0
InstrumentationScope go.opentelemetry.io/ebpf-profiler v0.0.0
Profile #0
    Profile ID     : 
    Start time     : 2026-06-21 23:48:24.028817665 +0000 UTC
    DurationNano   : 5001177908
    Dropped attributes count: 0
    Sample #0
        Values: []
        Attributes:
             -> thread.name: python3
             -> thread.id: %!s(int64=1483636)
             -> cpu.logical_number: %!s(int64=15)
    Sample #1
        Values: []
        Attributes:
             -> thread.name: python3
             -> thread.id: %!s(int64=1483636)
             -> cpu.logical_number: %!s(int64=15)
    Sample #2
        Values: []
        Attributes:
             -> thread.name: python3
             -> thread.id: %!s(int64=1483636)
             -> cpu.logical_number: %!s(int64=15)
    Sample #3
        Values: []
        Attributes:
             -> thread.name: python3
             -> thread.id: %!s(int64=1483636)
             -> cpu.logical_number: %!s(int64=15)
    Sample #4
        Values: []
        Attributes:
             -> thread.name: python3
             -> thread.id: %!s(int64=1483636)
             -> cpu.logical_number: %!s(int64=15)
ResourceProfiles #1
Resource SchemaURL: https://opentelemetry.io/schemas/1.37.0
Resource attributes:
     -> process.pid: Int(1483421)
     -> process.executable.path: Str(/tmp/opentelemetry-ebpf-profiler/otelcol-ebpf-profiler)
     -> process.executable.name: Str(otelcol-ebpf-profiler)
ScopeProfiles #0
ScopeProfiles SchemaURL: https://opentelemetry.io/schemas/1.37.0
InstrumentationScope go.opentelemetry.io/ebpf-profiler v0.0.0
Profile #0
    Profile ID     : 
    Start time     : 2026-06-21 23:48:24.028817665 +0000 UTC
    DurationNano   : 5001177908
    Dropped attributes count: 0
    Sample #0
        Values: []
        Attributes:
             -> thread.name: otelcol-ebpf-pr
             -> thread.id: %!s(int64=1483634)
             -> cpu.logical_number: %!s(int64=0)
ResourceProfiles #2
Resource SchemaURL: https://opentelemetry.io/schemas/1.37.0
Resource attributes:
     -> process.pid: Int(1483640)
     -> process.executable.path: Str(/usr/bin/python3.12)
     -> process.executable.name: Str(python3.12)
ScopeProfiles #0
ScopeProfiles SchemaURL: https://opentelemetry.io/schemas/1.37.0
InstrumentationScope go.opentelemetry.io/ebpf-profiler v0.0.0
Profile #0
    Profile ID     : 
    Start time     : 2026-06-21 23:48:24.028817665 +0000 UTC
    DurationNano   : 5001177908
    Dropped attributes count: 0
    Sample #0
        Values: []
        Attributes:
             -> thread.name: python3
             -> thread.id: %!s(int64=1483640)
             -> cpu.logical_number: %!s(int64=17)
Profile #1
    Profile ID     : 
    Start time     : 2026-06-21 23:48:24.028817665 +0000 UTC
    DurationNano   : 5001177908
    Dropped attributes count: 0
    Sample #0
        Values: []
        Attributes:
             -> thread.name: python3
             -> thread.id: %!s(int64=1483640)
             -> cpu.logical_number: %!s(int64=17)
    Sample #1
        Values: []
        Attributes:
             -> thread.name: python3
             -> thread.id: %!s(int64=1483640)
             -> cpu.logical_number: %!s(int64=17)
    Sample #2
        Values: []
        Attributes:
             -> thread.name: python3
             -> thread.id: %!s(int64=1483640)
             -> cpu.logical_number: %!s(int64=17)
    Sample #3
        Values: []
        Attributes:
             -> thread.name: python3
             -> thread.id: %!s(int64=1483640)
             -> cpu.logical_number: %!s(int64=17)
    Sample #4
        Values: []
        Attributes:
             -> thread.name: python3
             -> thread.id: %!s(int64=1483640)
             -> cpu.logical_number: %!s(int64=17)
    Sample #5
        Values: []
        Attributes:
             -> thread.name: python3
             -> thread.id: %!s(int64=1483640)
             -> cpu.logical_number: %!s(int64=17)
    Sample #6
        Values: []
        Attributes:
             -> thread.name: python3
             -> thread.id: %!s(int64=1483640)
             -> cpu.logical_number: %!s(int64=17)
    Sample #7
        Values: []
        Attributes:
             -> thread.name: python3
             -> thread.id: %!s(int64=1483640)
             -> cpu.logical_number: %!s(int64=17)
    Sample #8
        Values: []
        Attributes:
             -> thread.name: python3
             -> thread.id: %!s(int64=1483640)
             -> cpu.logical_number: %!s(int64=17)
    Sample #9
        Values: []
        Attributes:
             -> thread.name: python3
             -> thread.id: %!s(int64=1483640)
             -> cpu.logical_number: %!s(int64=17)
    Sample #10
        Values: []
        Attributes:
             -> thread.name: python3
             -> thread.id: %!s(int64=1483640)
             -> cpu.logical_number: %!s(int64=17)
    Sample #11
        Values: []
        Attributes:
             -> thread.name: python3
             -> thread.id: %!s(int64=1483640)
             -> cpu.logical_number: %!s(int64=17)
    Sample #12
        Values: []
        Attributes:
             -> thread.name: python3
             -> thread.id: %!s(int64=1483640)
             -> cpu.logical_number: %!s(int64=17)
    Sample #13
        Values: []
        Attributes:
             -> thread.name: python3
             -> thread.id: %!s(int64=1483640)
             -> cpu.logical_number: %!s(int64=17)
    Sample #14
        Values: []
        Attributes:
             -> thread.name: python3
             -> thread.id: %!s(int64=1483640)
             -> cpu.logical_number: %!s(int64=17)
    Sample #15
        Values: []
        Attributes:
             -> thread.name: python3
             -> thread.id: %!s(int64=1483640)
             -> cpu.logical_number: %!s(int64=17)
    Sample #16
        Values: []
        Attributes:
             -> thread.name: python3
             -> thread.id: %!s(int64=1483640)
             -> cpu.logical_number: %!s(int64=17)
    Sample #17
        Values: []
        Attributes:
             -> thread.name: python3
             -> thread.id: %!s(int64=1483640)
             -> cpu.logical_number: %!s(int64=17)
    Sample #18
        Values: []
        Attributes:
             -> thread.name: python3
             -> thread.id: %!s(int64=1483640)
             -> cpu.logical_number: %!s(int64=17)
    Sample #19
        Values: []
        Attributes:
             -> thread.name: python3
             -> thread.id: %!s(int64=1483640)
             -> cpu.logical_number: %!s(int64=17)
    Sample #20
        Values: []
        Attributes:
             -> thread.name: python3
             -> thread.id: %!s(int64=1483640)
             -> cpu.logical_number: %!s(int64=17)
    Sample #21
        Values: []
        Attributes:
             -> thread.name: python3
             -> thread.id: %!s(int64=1483640)
             -> cpu.logical_number: %!s(int64=17)
    Sample #22
        Values: []
        Attributes:
             -> thread.name: python3
             -> thread.id: %!s(int64=1483640)
             -> cpu.logical_number: %!s(int64=17)
    Sample #23
        Values: []
        Attributes:
             -> thread.name: python3
             -> thread.id: %!s(int64=1483640)
             -> cpu.logical_number: %!s(int64=17)
    Sample #24
        Values: []
        Attributes:
             -> thread.name: python3
             -> thread.id: %!s(int64=1483640)
             -> cpu.logical_number: %!s(int64=17)
    Sample #25
        Values: []
        Attributes:
             -> thread.name: python3
             -> thread.id: %!s(int64=1483640)
             -> cpu.logical_number: %!s(int64=17)
    Sample #26
        Values: []
        Attributes:
             -> thread.name: python3
             -> thread.id: %!s(int64=1483640)
             -> cpu.logical_number: %!s(int64=17)
    Sample #27
        Values: []
        Attributes:
             -> thread.name: python3
             -> thread.id: %!s(int64=1483640)
             -> cpu.logical_number: %!s(int64=17)
    Sample #28
        Values: []
        Attributes:
             -> thread.name: python3
             -> thread.id: %!s(int64=1483640)
             -> cpu.logical_number: %!s(int64=17)
    Sample #29
        Values: []
        Attributes:
             -> thread.name: python3
             -> thread.id: %!s(int64=1483640)
             -> cpu.logical_number: %!s(int64=17)
    Sample #30
        Values: []
        Attributes:
             -> thread.name: python3
             -> thread.id: %!s(int64=1483640)
             -> cpu.logical_number: %!s(int64=17)
    Sample #31
        Values: []
        Attributes:
             -> thread.name: python3
             -> thread.id: %!s(int64=1483640)
             -> cpu.logical_number: %!s(int64=17)
    Sample #32
        Values: []
        Attributes:
             -> thread.name: python3
             -> thread.id: %!s(int64=1483640)
             -> cpu.logical_number: %!s(int64=17)
    Sample #33
        Values: []
        Attributes:
             -> thread.name: python3
             -> thread.id: %!s(int64=1483640)
             -> cpu.logical_number: %!s(int64=17)
    Sample #34
        Values: []
        Attributes:
             -> thread.name: python3
             -> thread.id: %!s(int64=1483640)
             -> cpu.logical_number: %!s(int64=17)
    Sample #35
        Values: []
        Attributes:
             -> thread.name: python3
             -> thread.id: %!s(int64=1483640)
             -> cpu.logical_number: %!s(int64=17)
    Sample #36
        Values: []
        Attributes:
             -> thread.name: python3
             -> thread.id: %!s(int64=1483640)
             -> cpu.logical_number: %!s(int64=17)
    Sample #37
        Values: []
        Attributes:
             -> thread.name: python3
             -> thread.id: %!s(int64=1483640)
             -> cpu.logical_number: %!s(int64=17)
    Sample #38
        Values: []
        Attributes:
             -> thread.name: python3
             -> thread.id: %!s(int64=1483640)
             -> cpu.logical_number: %!s(int64=17)
    Sample #39
        Values: []
        Attributes:
             -> thread.name: python3
             -> thread.id: %!s(int64=1483640)
             -> cpu.logical_number: %!s(int64=17)
    Sample #40
        Values: []
        Attributes:
             -> thread.name: python3
             -> thread.id: %!s(int64=1483640)
             -> cpu.logical_number: %!s(int64=17)
    Sample #41
        Values: []
        Attributes:
             -> thread.name: python3
             -> thread.id: %!s(int64=1483640)
             -> cpu.logical_number: %!s(int64=17)
    Sample #42
        Values: []
        Attributes:
             -> thread.name: python3
             -> thread.id: %!s(int64=1483640)
             -> cpu.logical_number: %!s(int64=17)
    Sample #43
        Values: []
        Attributes:
             -> thread.name: python3
             -> thread.id: %!s(int64=1483640)
             -> cpu.logical_number: %!s(int64=17)
    Sample #44
        Values: []
        Attributes:
             -> thread.name: python3
             -> thread.id: %!s(int64=1483640)
             -> cpu.logical_number: %!s(int64=17)
    Sample #45
        Values: []
        Attributes:
             -> thread.name: python3
             -> thread.id: %!s(int64=1483640)
             -> cpu.logical_number: %!s(int64=17)
    Sample #46
        Values: []
        Attributes:
             -> thread.name: python3
             -> thread.id: %!s(int64=1483640)
             -> cpu.logical_number: %!s(int64=17)
    Sample #47
        Values: []
        Attributes:
             -> thread.name: python3
             -> thread.id: %!s(int64=1483640)
             -> cpu.logical_number: %!s(int64=17)
    Sample #48
        Values: []
        Attributes:
             -> thread.name: python3
             -> thread.id: %!s(int64=1483640)
             -> cpu.logical_number: %!s(int64=17)
    Sample #49
        Values: []
        Attributes:
             -> thread.name: python3
             -> thread.id: %!s(int64=1483640)
             -> cpu.logical_number: %!s(int64=17)
    Sample #50
        Values: []
        Attributes:
             -> thread.name: python3
             -> thread.id: %!s(int64=1483640)
             -> cpu.logical_number: %!s(int64=17)
    Sample #51
        Values: []
        Attributes:
             -> thread.name: python3
             -> thread.id: %!s(int64=1483640)
             -> cpu.logical_number: %!s(int64=17)
    Sample #52
        Values: []
        Attributes:
             -> thread.name: python3
             -> thread.id: %!s(int64=1483640)
             -> cpu.logical_number: %!s(int64=17)
    Sample #53
        Values: []
        Attributes:
             -> thread.name: python3
             -> thread.id: %!s(int64=1483640)
             -> cpu.logical_number: %!s(int64=17)
    Sample #54
        Values: []
        Attributes:
             -> thread.name: python3
             -> thread.id: %!s(int64=1483640)
             -> cpu.logical_number: %!s(int64=17)
    Sample #55
        Values: []
        Attributes:
             -> thread.name: python3
             -> thread.id: %!s(int64=1483640)
             -> cpu.logical_number: %!s(int64=17)
    Sample #56
        Values: []
        Attributes:
             -> thread.name: python3
             -> thread.id: %!s(int64=1483640)
             -> cpu.logical_number: %!s(int64=17)
    Sample #57
        Values: []
        Attributes:
             -> thread.name: python3
             -> thread.id: %!s(int64=1483640)
             -> cpu.logical_number: %!s(int64=17)
    Sample #58
        Values: []
        Attributes:
             -> thread.name: python3
             -> thread.id: %!s(int64=1483640)
             -> cpu.logical_number: %!s(int64=17)
    Sample #59
        Values: []
        Attributes:
             -> thread.name: python3
             -> thread.id: %!s(int64=1483640)
             -> cpu.logical_number: %!s(int64=17)
ResourceProfiles #3
Resource SchemaURL: https://opentelemetry.io/schemas/1.37.0
Resource attributes:
     -> process.pid: Int(1483642)
     -> process.executable.path: Str(/usr/bin/python3.12)
     -> process.executable.name: Str(python3.12)
ScopeProfiles #0
ScopeProfiles SchemaURL: https://opentelemetry.io/schemas/1.37.0
InstrumentationScope go.opentelemetry.io/ebpf-profiler v0.0.0
Profile #0
    Profile ID     : 
    Start time     : 2026-06-21 23:48:24.028817665 +0000 UTC
    DurationNano   : 5001177908
    Dropped attributes count: 0
    Sample #0
        Values: []
        Attributes:
             -> thread.name: python3
             -> thread.id: %!s(int64=1483642)
             -> cpu.logical_number: %!s(int64=11)
    Sample #1
        Values: []
        Attributes:
             -> thread.name: python3
             -> thread.id: %!s(int64=1483642)
             -> cpu.logical_number: %!s(int64=11)
    Sample #2
        Values: []
        Attributes:
             -> thread.name: python3
             -> thread.id: %!s(int64=1483642)
             -> cpu.logical_number: %!s(int64=11)
    Sample #3
        Values: []
        Attributes:
             -> thread.name: python3
             -> thread.id: %!s(int64=1483642)
             -> cpu.logical_number: %!s(int64=11)
    Sample #4
        Values: []
        Attributes:
             -> thread.name: python3
             -> thread.id: %!s(int64=1483642)
             -> cpu.logical_number: %!s(int64=11)
    Sample #5
        Values: []
        Attributes:
             -> thread.name: python3
             -> thread.id: %!s(int64=1483642)
             -> cpu.logical_number: %!s(int64=11)
    Sample #6
        Values: []
        Attributes:
             -> thread.name: python3
             -> thread.id: %!s(int64=1483642)
             -> cpu.logical_number: %!s(int64=11)
    Sample #7
        Values: []
        Attributes:
             -> thread.name: python3
             -> thread.id: %!s(int64=1483642)
             -> cpu.logical_number: %!s(int64=11)
    Sample #8
        Values: []
        Attributes:
             -> thread.name: python3
             -> thread.id: %!s(int64=1483642)
             -> cpu.logical_number: %!s(int64=11)
    Sample #9
        Values: []
        Attributes:
             -> thread.name: python3
             -> thread.id: %!s(int64=1483642)
             -> cpu.logical_number: %!s(int64=11)
    Sample #10
        Values: []
        Attributes:
             -> thread.name: python3
             -> thread.id: %!s(int64=1483642)
             -> cpu.logical_number: %!s(int64=11)
    Sample #11
        Values: []
        Attributes:
             -> thread.name: python3
             -> thread.id: %!s(int64=1483642)
             -> cpu.logical_number: %!s(int64=11)
    Sample #12
        Values: []
        Attributes:
             -> thread.name: python3
             -> thread.id: %!s(int64=1483642)
             -> cpu.logical_number: %!s(int64=11)
    Sample #13
        Values: []
        Attributes:
             -> thread.name: python3
             -> thread.id: %!s(int64=1483642)
             -> cpu.logical_number: %!s(int64=11)
    Sample #14
        Values: []
        Attributes:
             -> thread.name: python3
             -> thread.id: %!s(int64=1483642)
             -> cpu.logical_number: %!s(int64=11)
    Sample #15
        Values: []
        Attributes:
             -> thread.name: python3
             -> thread.id: %!s(int64=1483642)
             -> cpu.logical_number: %!s(int64=11)
    Sample #16
        Values: []
        Attributes:
             -> thread.name: python3
             -> thread.id: %!s(int64=1483642)
             -> cpu.logical_number: %!s(int64=11)
    Sample #17
        Values: []
        Attributes:
             -> thread.name: python3
             -> thread.id: %!s(int64=1483642)
             -> cpu.logical_number: %!s(int64=11)
    Sample #18
        Values: []
        Attributes:
             -> thread.name: python3
             -> thread.id: %!s(int64=1483642)
             -> cpu.logical_number: %!s(int64=11)
    Sample #19
        Values: []
        Attributes:
             -> thread.name: python3
             -> thread.id: %!s(int64=1483642)
             -> cpu.logical_number: %!s(int64=11)
    Sample #20
        Values: []
        Attributes:
             -> thread.name: python3
             -> thread.id: %!s(int64=1483642)
             -> cpu.logical_number: %!s(int64=11)
    Sample #21
        Values: []
        Attributes:
             -> thread.name: python3
             -> thread.id: %!s(int64=1483642)
             -> cpu.logical_number: %!s(int64=11)
    Sample #22
        Values: []
        Attributes:
             -> thread.name: python3
             -> thread.id: %!s(int64=1483642)
             -> cpu.logical_number: %!s(int64=11)
    Sample #23
        Values: []
        Attributes:
             -> thread.name: python3
             -> thread.id: %!s(int64=1483642)
             -> cpu.logical_number: %!s(int64=11)
    Sample #24
        Values: []
        Attributes:
             -> thread.name: python3
             -> thread.id: %!s(int64=1483642)
             -> cpu.logical_number: %!s(int64=11)
    Sample #25
        Values: []
        Attributes:
             -> thread.name: python3
             -> thread.id: %!s(int64=1483642)
             -> cpu.logical_number: %!s(int64=11)
    Sample #26
        Values: []
        Attributes:
             -> thread.name: python3
             -> thread.id: %!s(int64=1483642)
             -> cpu.logical_number: %!s(int64=11)
    Sample #27
        Values: []
        Attributes:
             -> thread.name: python3
             -> thread.id: %!s(int64=1483642)
             -> cpu.logical_number: %!s(int64=11)
    Sample #28
        Values: []
        Attributes:
             -> thread.name: python3
             -> thread.id: %!s(int64=1483642)
             -> cpu.logical_number: %!s(int64=11)
    Sample #29
        Values: []
        Attributes:
             -> thread.name: python3
             -> thread.id: %!s(int64=1483642)
             -> cpu.logical_number: %!s(int64=11)
    Sample #30
        Values: []
        Attributes:
             -> thread.name: python3
             -> thread.id: %!s(int64=1483642)
             -> cpu.logical_number: %!s(int64=11)
    Sample #31
        Values: []
        Attributes:
             -> thread.name: python3
             -> thread.id: %!s(int64=1483642)
             -> cpu.logical_number: %!s(int64=11)
    Sample #32
        Values: []
        Attributes:
             -> thread.name: python3
             -> thread.id: %!s(int64=1483642)
             -> cpu.logical_number: %!s(int64=11)
    Sample #33
        Values: []
        Attributes:
             -> thread.name: python3
             -> thread.id: %!s(int64=1483642)
             -> cpu.logical_number: %!s(int64=11)
    Sample #34
        Values: []
        Attributes:
             -> thread.name: python3
             -> thread.id: %!s(int64=1483642)
             -> cpu.logical_number: %!s(int64=11)
    Sample #35
        Values: []
        Attributes:
             -> thread.name: python3
             -> thread.id: %!s(int64=1483642)
             -> cpu.logical_number: %!s(int64=11)
    Sample #36
        Values: []
        Attributes:
             -> thread.name: python3
             -> thread.id: %!s(int64=1483642)
             -> cpu.logical_number: %!s(int64=11)
    Sample #37
        Values: []
        Attributes:
             -> thread.name: python3
             -> thread.id: %!s(int64=1483642)
             -> cpu.logical_number: %!s(int64=11)
    Sample #38
        Values: []
        Attributes:
             -> thread.name: python3
             -> thread.id: %!s(int64=1483642)
             -> cpu.logical_number: %!s(int64=11)
    Sample #39
        Values: []
        Attributes:
             -> thread.name: python3
             -> thread.id: %!s(int64=1483642)
             -> cpu.logical_number: %!s(int64=11)
    Sample #40
        Values: []
        Attributes:
             -> thread.name: python3
             -> thread.id: %!s(int64=1483642)
             -> cpu.logical_number: %!s(int64=11)
    Sample #41
        Values: []
        Attributes:
             -> thread.name: python3
             -> thread.id: %!s(int64=1483642)
             -> cpu.logical_number: %!s(int64=11)
    Sample #42
        Values: []
        Attributes:
             -> thread.name: python3
             -> thread.id: %!s(int64=1483642)
             -> cpu.logical_number: %!s(int64=11)
    Sample #43
        Values: []
        Attributes:
             -> thread.name: python3
             -> thread.id: %!s(int64=1483642)
             -> cpu.logical_number: %!s(int64=11)
    Sample #44
        Values: []
        Attributes:
             -> thread.name: python3
             -> thread.id: %!s(int64=1483642)
             -> cpu.logical_number: %!s(int64=11)
    Sample #45
        Values: []
        Attributes:
             -> thread.name: python3
             -> thread.id: %!s(int64=1483642)
             -> cpu.logical_number: %!s(int64=11)
    Sample #46
        Values: []
        Attributes:
             -> thread.name: python3
             -> thread.id: %!s(int64=1483642)
             -> cpu.logical_number: %!s(int64=11)
    Sample #47
        Values: []
        Attributes:
             -> thread.name: python3
             -> thread.id: %!s(int64=1483642)
             -> cpu.logical_number: %!s(int64=11)
    Sample #48
        Values: []
        Attributes:
             -> thread.name: python3
             -> thread.id: %!s(int64=1483642)
             -> cpu.logical_number: %!s(int64=11)
    Sample #49
        Values: []
        Attributes:
             -> thread.name: python3
             -> thread.id: %!s(int64=1483642)
             -> cpu.logical_number: %!s(int64=11)
    Sample #50
        Values: []
        Attributes:
             -> thread.name: python3
             -> thread.id: %!s(int64=1483642)
             -> cpu.logical_number: %!s(int64=11)
    Sample #51
        Values: []
        Attributes:
             -> thread.name: python3
             -> thread.id: %!s(int64=1483642)
             -> cpu.logical_number: %!s(int64=11)
    Sample #52
        Values: []
        Attributes:
             -> thread.name: python3
             -> thread.id: %!s(int64=1483642)
             -> cpu.logical_number: %!s(int64=11)
    Sample #53
        Values: []
        Attributes:
             -> thread.name: python3
             -> thread.id: %!s(int64=1483642)
             -> cpu.logical_number: %!s(int64=11)
    Sample #54
        Values: []
        Attributes:
             -> thread.name: python3
             -> thread.id: %!s(int64=1483642)
             -> cpu.logical_number: %!s(int64=11)
    Sample #55
        Values: []
        Attributes:
             -> thread.name: python3
             -> thread.id: %!s(int64=1483642)
             -> cpu.logical_number: %!s(int64=11)
    Sample #56
        Values: []
        Attributes:
             -> thread.name: python3
             -> thread.id: %!s(int64=1483642)
             -> cpu.logical_number: %!s(int64=11)
    Sample #57
        Values: []
        Attributes:
             -> thread.name: python3
             -> thread.id: %!s(int64=1483642)
             -> cpu.logical_number: %!s(int64=11)
    Sample #58
        Values: []
        Attributes:
             -> thread.name: python3
             -> thread.id: %!s(int64=1483642)
             -> cpu.logical_number: %!s(int64=11)
    Sample #59
        Values: []
        Attributes:
             -> thread.name: python3
             -> thread.id: %!s(int64=1483642)
             -> cpu.logical_number: %!s(int64=11)
    Sample #60
        Values: []
        Attributes:
             -> thread.name: python3
             -> thread.id: %!s(int64=1483642)
             -> cpu.logical_number: %!s(int64=11)
    Sample #61
        Values: []
        Attributes:
             -> thread.name: python3
             -> thread.id: %!s(int64=1483642)
             -> cpu.logical_number: %!s(int64=11)
    Sample #62
        Values: []
        Attributes:
             -> thread.name: python3
             -> thread.id: %!s(int64=1483642)
             -> cpu.logical_number: %!s(int64=11)
    Sample #63
        Values: []
        Attributes:
             -> thread.name: python3
             -> thread.id: %!s(int64=1483642)
             -> cpu.logical_number: %!s(int64=11)
    Sample #64
        Values: []
        Attributes:
             -> thread.name: python3
             -> thread.id: %!s(int64=1483642)
             -> cpu.logical_number: %!s(int64=11)
    Sample #65
        Values: []
        Attributes:
             -> thread.name: python3
             -> thread.id: %!s(int64=1483642)
             -> cpu.logical_number: %!s(int64=11)
    Sample #66
        Values: []
        Attributes:
             -> thread.name: python3
             -> thread.id: %!s(int64=1483642)
             -> cpu.logical_number: %!s(int64=11)
    Sample #67
        Values: []
        Attributes:
             -> thread.name: python3
             -> thread.id: %!s(int64=1483642)
             -> cpu.logical_number: %!s(int64=11)
    Sample #68
        Values: []
        Attributes:
             -> thread.name: python3
             -> thread.id: %!s(int64=1483642)
             -> cpu.logical_number: %!s(int64=11)
    Sample #69
        Values: []
        Attributes:
             -> thread.name: python3
             -> thread.id: %!s(int64=1483642)
             -> cpu.logical_number: %!s(int64=11)
    Sample #70
        Values: []
        Attributes:
             -> thread.name: python3
             -> thread.id: %!s(int64=1483642)
             -> cpu.logical_number: %!s(int64=11)
    Sample #71
        Values: []
        Attributes:
             -> thread.name: python3
             -> thread.id: %!s(int64=1483642)
             -> cpu.logical_number: %!s(int64=11)
    Sample #72
        Values: []
        Attributes:
             -> thread.name: python3
             -> thread.id: %!s(int64=1483642)
             -> cpu.logical_number: %!s(int64=11)
    Sample #73
        Values: []
        Attributes:
             -> thread.name: python3
             -> thread.id: %!s(int64=1483642)
             -> cpu.logical_number: %!s(int64=11)
    Sample #74
        Values: []
        Attributes:
             -> thread.name: python3
             -> thread.id: %!s(int64=1483642)
             -> cpu.logical_number: %!s(int64=11)
    Sample #75
        Values: []
        Attributes:
             -> thread.name: python3
             -> thread.id: %!s(int64=1483642)
             -> cpu.logical_number: %!s(int64=11)
    Sample #76
        Values: []
        Attributes:
             -> thread.name: python3
             -> thread.id: %!s(int64=1483642)
             -> cpu.logical_number: %!s(int64=11)
    Sample #77
        Values: []
        Attributes:
             -> thread.name: python3
             -> thread.id: %!s(int64=1483642)
             -> cpu.logical_number: %!s(int64=11)
    Sample #78
        Values: []
        Attributes:
             -> thread.name: python3
             -> thread.id: %!s(int64=1483642)
             -> cpu.logical_number: %!s(int64=11)
    Sample #79
        Values: []
        Attributes:
             -> thread.name: python3
             -> thread.id: %!s(int64=1483642)
             -> cpu.logical_number: %!s(int64=11)
    Sample #80
        Values: []
        Attributes:
             -> thread.name: python3
             -> thread.id: %!s(int64=1483642)
             -> cpu.logical_number: %!s(int64=11)
    Sample #81
        Values: []
        Attributes:
             -> thread.name: python3
             -> thread.id: %!s(int64=1483642)
             -> cpu.logical_number: %!s(int64=11)
    Sample #82
        Values: []
        Attributes:
             -> thread.name: python3
             -> thread.id: %!s(int64=1483642)
             -> cpu.logical_number: %!s(int64=11)
    Sample #83
        Values: []
        Attributes:
             -> thread.name: python3
             -> thread.id: %!s(int64=1483642)
             -> cpu.logical_number: %!s(int64=11)
    Sample #84
        Values: []
        Attributes:
             -> thread.name: python3
             -> thread.id: %!s(int64=1483642)
             -> cpu.logical_number: %!s(int64=11)
    Sample #85
        Values: []
        Attributes:
             -> thread.name: python3
             -> thread.id: %!s(int64=1483642)
             -> cpu.logical_number: %!s(int64=11)
    Sample #86
        Values: []
        Attributes:
             -> thread.name: python3
             -> thread.id: %!s(int64=1483642)
             -> cpu.logical_number: %!s(int64=11)
    Sample #87
        Values: []
        Attributes:
             -> thread.name: python3
             -> thread.id: %!s(int64=1483642)
             -> cpu.logical_number: %!s(int64=11)
    Sample #88
        Values: []
        Attributes:
             -> thread.name: python3
             -> thread.id: %!s(int64=1483642)
             -> cpu.logical_number: %!s(int64=11)
    Sample #89
        Values: []
        Attributes:
             -> thread.name: python3
             -> thread.id: %!s(int64=1483642)
             -> cpu.logical_number: %!s(int64=11)
    Sample #90
        Values: []
        Attributes:
             -> thread.name: python3
             -> thread.id: %!s(int64=1483642)
             -> cpu.logical_number: %!s(int64=11)
    Sample #91
        Values: []
        Attributes:
             -> thread.name: python3
             -> thread.id: %!s(int64=1483642)
             -> cpu.logical_number: %!s(int64=11)
    Sample #92
        Values: []
        Attributes:
             -> thread.name: python3
             -> thread.id: %!s(int64=1483642)
             -> cpu.logical_number: %!s(int64=11)
    Sample #93
        Values: []
        Attributes:
             -> thread.name: python3
             -> thread.id: %!s(int64=1483642)
             -> cpu.logical_number: %!s(int64=11)
    Sample #94
        Values: []
        Attributes:
             -> thread.name: python3
             -> thread.id: %!s(int64=1483642)
             -> cpu.logical_number: %!s(int64=11)
    Sample #95
        Values: []
        Attributes:
             -> thread.name: python3
             -> thread.id: %!s(int64=1483642)
             -> cpu.logical_number: %!s(int64=11)
    Sample #96
        Values: []
        Attributes:
             -> thread.name: python3
             -> thread.id: %!s(int64=1483642)
             -> cpu.logical_number: %!s(int64=11)
    Sample #97
        Values: []
        Attributes:
             -> thread.name: python3
             -> thread.id: %!s(int64=1483642)
             -> cpu.logical_number: %!s(int64=11)
    Sample #98
        Values: []
        Attributes:
             -> thread.name: python3
             -> thread.id: %!s(int64=1483642)
             -> cpu.logical_number: %!s(int64=11)
    Sample #99
        Values: []
        Attributes:
             -> thread.name: python3
             -> thread.id: %!s(int64=1483642)
             -> cpu.logical_number: %!s(int64=11)
    Sample #100
        Values: []
        Attributes:
             -> thread.name: python3
             -> thread.id: %!s(int64=1483642)
             -> cpu.logical_number: %!s(int64=11)
    Sample #101
        Values: []
        Attributes:
             -> thread.name: python3
             -> thread.id: %!s(int64=1483642)
             -> cpu.logical_number: %!s(int64=11)
    Sample #102
        Values: []
        Attributes:
             -> thread.name: python3
             -> thread.id: %!s(int64=1483642)
             -> cpu.logical_number: %!s(int64=11)
    Sample #103
        Values: []
        Attributes:
             -> thread.name: python3
             -> thread.id: %!s(int64=1483642)
             -> cpu.logical_number: %!s(int64=11)
    Sample #104
        Values: []
        Attributes:
             -> thread.name: python3
             -> thread.id: %!s(int64=1483642)
             -> cpu.logical_number: %!s(int64=11)
    Sample #105
        Values: []
        Attributes:
             -> thread.name: python3
             -> thread.id: %!s(int64=1483642)
             -> cpu.logical_number: %!s(int64=11)
    Sample #106
        Values: []
        Attributes:
             -> thread.name: python3
             -> thread.id: %!s(int64=1483642)
             -> cpu.logical_number: %!s(int64=11)
    Sample #107
        Values: []
        Attributes:
             -> thread.name: python3
             -> thread.id: %!s(int64=1483642)
             -> cpu.logical_number: %!s(int64=11)
    Sample #108
        Values: []
        Attributes:
             -> thread.name: python3
             -> thread.id: %!s(int64=1483642)
             -> cpu.logical_number: %!s(int64=11)
    Sample #109
        Values: []
        Attributes:
             -> thread.name: python3
             -> thread.id: %!s(int64=1483642)
             -> cpu.logical_number: %!s(int64=11)
    Sample #110
        Values: []
        Attributes:
             -> thread.name: python3
             -> thread.id: %!s(int64=1483642)
             -> cpu.logical_number: %!s(int64=11)
    Sample #111
        Values: []
        Attributes:
             -> thread.name: python3
             -> thread.id: %!s(int64=1483642)
             -> cpu.logical_number: %!s(int64=11)
    Sample #112
        Values: []
        Attributes:
             -> thread.name: python3
             -> thread.id: %!s(int64=1483642)
             -> cpu.logical_number: %!s(int64=11)
    Sample #113
        Values: []
        Attributes:
             -> thread.name: python3
             -> thread.id: %!s(int64=1483642)
             -> cpu.logical_number: %!s(int64=11)
    Sample #114
        Values: []
        Attributes:
             -> thread.name: python3
             -> thread.id: %!s(int64=1483642)
             -> cpu.logical_number: %!s(int64=11)
    Sample #115
        Values: []
        Attributes:
             -> thread.name: python3
             -> thread.id: %!s(int64=1483642)
             -> cpu.logical_number: %!s(int64=11)
    Sample #116
        Values: []
        Attributes:
             -> thread.name: python3
             -> thread.id: %!s(int64=1483642)
             -> cpu.logical_number: %!s(int64=11)
    Sample #117
        Values: []
        Attributes:
             -> thread.name: python3
             -> thread.id: %!s(int64=1483642)
             -> cpu.logical_number: %!s(int64=11)
    Sample #118
        Values: []
        Attributes:
             -> thread.name: python3
             -> thread.id: %!s(int64=1483642)
             -> cpu.logical_number: %!s(int64=11)
    Sample #119
        Values: []
        Attributes:
             -> thread.name: python3
             -> thread.id: %!s(int64=1483642)
             -> cpu.logical_number: %!s(int64=11)
    Sample #120
        Values: []
        Attributes:
             -> thread.name: python3
             -> thread.id: %!s(int64=1483642)
             -> cpu.logical_number: %!s(int64=11)
    Sample #121
        Values: []
        Attributes:
             -> thread.name: python3
             -> thread.id: %!s(int64=1483642)
             -> cpu.logical_number: %!s(int64=11)
    Sample #122
        Values: []
        Attributes:
             -> thread.name: python3
             -> thread.id: %!s(int64=1483642)
             -> cpu.logical_number: %!s(int64=11)
    Sample #123
        Values: []
        Attributes:
             -> thread.name: python3
             -> thread.id: %!s(int64=1483642)
             -> cpu.logical_number: %!s(int64=11)
    Sample #124
        Values: []
        Attributes:
             -> thread.name: python3
             -> thread.id: %!s(int64=1483642)
             -> cpu.logical_number: %!s(int64=11)
    Sample #125
        Values: []
        Attributes:
             -> thread.name: python3
             -> thread.id: %!s(int64=1483642)
             -> cpu.logical_number: %!s(int64=11)
    Sample #126
        Values: []
        Attributes:
             -> thread.name: python3
             -> thread.id: %!s(int64=1483642)
             -> cpu.logical_number: %!s(int64=11)
    Sample #127
        Values: []
        Attributes:
             -> thread.name: python3
             -> thread.id: %!s(int64=1483642)
             -> cpu.logical_number: %!s(int64=11)
    Sample #128
        Values: []
        Attributes:
             -> thread.name: python3
             -> thread.id: %!s(int64=1483642)
             -> cpu.logical_number: %!s(int64=11)
    Sample #129
        Values: []
        Attributes:
             -> thread.name: python3
             -> thread.id: %!s(int64=1483642)
             -> cpu.logical_number: %!s(int64=11)
    Sample #130
        Values: []
        Attributes:
             -> thread.name: python3
             -> thread.id: %!s(int64=1483642)
             -> cpu.logical_number: %!s(int64=11)
    Sample #131
        Values: []
        Attributes:
             -> thread.name: python3
             -> thread.id: %!s(int64=1483642)
             -> cpu.logical_number: %!s(int64=11)
    Sample #132
        Values: []
        Attributes:
             -> thread.name: python3
             -> thread.id: %!s(int64=1483642)
             -> cpu.logical_number: %!s(int64=11)
    Sample #133
        Values: []
        Attributes:
             -> thread.name: python3
             -> thread.id: %!s(int64=1483642)
             -> cpu.logical_number: %!s(int64=11)
    Sample #134
        Values: []
        Attributes:
             -> thread.name: python3
             -> thread.id: %!s(int64=1483642)
             -> cpu.logical_number: %!s(int64=11)
    Sample #135
        Values: []
        Attributes:
             -> thread.name: python3
             -> thread.id: %!s(int64=1483642)
             -> cpu.logical_number: %!s(int64=11)
    Sample #136
        Values: []
        Attributes:
             -> thread.name: python3
             -> thread.id: %!s(int64=1483642)
             -> cpu.logical_number: %!s(int64=11)
    Sample #137
        Values: []
        Attributes:
             -> thread.name: python3
             -> thread.id: %!s(int64=1483642)
             -> cpu.logical_number: %!s(int64=11)
    Sample #138
        Values: []
        Attributes:
             -> thread.name: python3
             -> thread.id: %!s(int64=1483642)
             -> cpu.logical_number: %!s(int64=11)
    Sample #139
        Values: []
        Attributes:
             -> thread.name: python3
             -> thread.id: %!s(int64=1483642)
             -> cpu.logical_number: %!s(int64=11)
    Sample #140
        Values: []
        Attributes:
             -> thread.name: python3
             -> thread.id: %!s(int64=1483642)
             -> cpu.logical_number: %!s(int64=11)
    Sample #141
        Values: []
        Attributes:
             -> thread.name: python3
             -> thread.id: %!s(int64=1483642)
             -> cpu.logical_number: %!s(int64=11)
    Sample #142
        Values: []
        Attributes:
             -> thread.name: python3
             -> thread.id: %!s(int64=1483642)
             -> cpu.logical_number: %!s(int64=11)
    Sample #143
        Values: []
        Attributes:
             -> thread.name: python3
             -> thread.id: %!s(int64=1483642)
             -> cpu.logical_number: %!s(int64=11)
    Sample #144
        Values: []
        Attributes:
             -> thread.name: python3
             -> thread.id: %!s(int64=1483642)
             -> cpu.logical_number: %!s(int64=11)
    Sample #145
        Values: []
        Attributes:
             -> thread.name: python3
             -> thread.id: %!s(int64=1483642)
             -> cpu.logical_number: %!s(int64=11)
    Sample #146
        Values: []
        Attributes:
             -> thread.name: python3
             -> thread.id: %!s(int64=1483642)
             -> cpu.logical_number: %!s(int64=11)
    Sample #147
        Values: []
        Attributes:
             -> thread.name: python3
             -> thread.id: %!s(int64=1483642)
             -> cpu.logical_number: %!s(int64=11)
    Sample #148
        Values: []
        Attributes:
             -> thread.name: python3
             -> thread.id: %!s(int64=1483642)
             -> cpu.logical_number: %!s(int64=11)
    Sample #149
        Values: []
        Attributes:
             -> thread.name: python3
             -> thread.id: %!s(int64=1483642)
             -> cpu.logical_number: %!s(int64=11)
    Sample #150
        Values: []
        Attributes:
             -> thread.name: python3
             -> thread.id: %!s(int64=1483642)
             -> cpu.logical_number: %!s(int64=11)
    Sample #151
        Values: []
        Attributes:
             -> thread.name: python3
             -> thread.id: %!s(int64=1483642)
             -> cpu.logical_number: %!s(int64=11)
    Sample #152
        Values: []
        Attributes:
             -> thread.name: python3
             -> thread.id: %!s(int64=1483642)
             -> cpu.logical_number: %!s(int64=11)
    Sample #153
        Values: []
        Attributes:
             -> thread.name: python3
             -> thread.id: %!s(int64=1483642)
             -> cpu.logical_number: %!s(int64=11)
    Sample #154
        Values: []
        Attributes:
             -> thread.name: python3
             -> thread.id: %!s(int64=1483642)
             -> cpu.logical_number: %!s(int64=11)
    Sample #155
        Values: []
        Attributes:
             -> thread.name: python3
             -> thread.id: %!s(int64=1483642)
             -> cpu.logical_number: %!s(int64=11)
    Sample #156
        Values: []
        Attributes:
             -> thread.name: python3
             -> thread.id: %!s(int64=1483642)
             -> cpu.logical_number: %!s(int64=11)
    Sample #157
        Values: []
        Attributes:
             -> thread.name: python3
             -> thread.id: %!s(int64=1483642)
             -> cpu.logical_number: %!s(int64=11)
    Sample #158
        Values: []
        Attributes:
             -> thread.name: python3
             -> thread.id: %!s(int64=1483642)
             -> cpu.logical_number: %!s(int64=11)
    Sample #159
        Values: []
        Attributes:
             -> thread.name: python3
             -> thread.id: %!s(int64=1483642)
             -> cpu.logical_number: %!s(int64=11)
    Sample #160
        Values: []
        Attributes:
             -> thread.name: python3
             -> thread.id: %!s(int64=1483642)
             -> cpu.logical_number: %!s(int64=11)
    Sample #161
        Values: []
        Attributes:
             -> thread.name: python3
             -> thread.id: %!s(int64=1483642)
             -> cpu.logical_number: %!s(int64=11)
    Sample #162
        Values: []
        Attributes:
             -> thread.name: python3
             -> thread.id: %!s(int64=1483642)
             -> cpu.logical_number: %!s(int64=11)
    Sample #163
        Values: []
        Attributes:
             -> thread.name: python3
             -> thread.id: %!s(int64=1483642)
             -> cpu.logical_number: %!s(int64=11)
    Sample #164
        Values: []
        Attributes:
             -> thread.name: python3
             -> thread.id: %!s(int64=1483642)
             -> cpu.logical_number: %!s(int64=11)
    Sample #165
        Values: []
        Attributes:
             -> thread.name: python3
             -> thread.id: %!s(int64=1483642)
             -> cpu.logical_number: %!s(int64=11)
    Sample #166
        Values: []
        Attributes:
             -> thread.name: python3
             -> thread.id: %!s(int64=1483642)
             -> cpu.logical_number: %!s(int64=11)
    Sample #167
        Values: []
        Attributes:
             -> thread.name: python3
             -> thread.id: %!s(int64=1483642)
             -> cpu.logical_number: %!s(int64=11)
    Sample #168
        Values: []
        Attributes:
             -> thread.name: python3
             -> thread.id: %!s(int64=1483642)
             -> cpu.logical_number: %!s(int64=11)
    Sample #169
        Values: []
        Attributes:
             -> thread.name: python3
             -> thread.id: %!s(int64=1483642)
             -> cpu.logical_number: %!s(int64=11)
    Sample #170
        Values: []
        Attributes:
             -> thread.name: python3
             -> thread.id: %!s(int64=1483642)
             -> cpu.logical_number: %!s(int64=11)
    Sample #171
        Values: []
        Attributes:
             -> thread.name: python3
             -> thread.id: %!s(int64=1483642)
             -> cpu.logical_number: %!s(int64=11)
    Sample #172
        Values: []
        Attributes:
             -> thread.name: python3
             -> thread.id: %!s(int64=1483642)
             -> cpu.logical_number: %!s(int64=11)
    Sample #173
        Values: []
        Attributes:
             -> thread.name: python3
             -> thread.id: %!s(int64=1483642)
             -> cpu.logical_number: %!s(int64=11)
    Sample #174
        Values: []
        Attributes:
             -> thread.name: python3
             -> thread.id: %!s(int64=1483642)
             -> cpu.logical_number: %!s(int64=11)
    Sample #175
        Values: []
        Attributes:
             -> thread.name: python3
             -> thread.id: %!s(int64=1483642)
             -> cpu.logical_number: %!s(int64=11)
    Sample #176
        Values: []
        Attributes:
             -> thread.name: python3
             -> thread.id: %!s(int64=1483642)
             -> cpu.logical_number: %!s(int64=11)
    Sample #177
        Values: []
        Attributes:
             -> thread.name: python3
             -> thread.id: %!s(int64=1483642)
             -> cpu.logical_number: %!s(int64=11)
    Sample #178
        Values: []
        Attributes:
             -> thread.name: python3
             -> thread.id: %!s(int64=1483642)
             -> cpu.logical_number: %!s(int64=11)
    Sample #179
        Values: []
        Attributes:
             -> thread.name: python3
             -> thread.id: %!s(int64=1483642)
             -> cpu.logical_number: %!s(int64=11)
    Sample #180
        Values: []
        Attributes:
             -> thread.name: python3
             -> thread.id: %!s(int64=1483642)
             -> cpu.logical_number: %!s(int64=11)
    Sample #181
        Values: []
        Attributes:
             -> thread.name: python3
             -> thread.id: %!s(int64=1483642)
             -> cpu.logical_number: %!s(int64=11)
    Sample #182
        Values: []
        Attributes:
             -> thread.name: python3
             -> thread.id: %!s(int64=1483642)
             -> cpu.logical_number: %!s(int64=11)
    Sample #183
        Values: []
        Attributes:
             -> thread.name: python3
             -> thread.id: %!s(int64=1483642)
             -> cpu.logical_number: %!s(int64=11)
    Sample #184
        Values: []
        Attributes:
             -> thread.name: python3
             -> thread.id: %!s(int64=1483642)
             -> cpu.logical_number: %!s(int64=11)
    Sample #185
        Values: []
        Attributes:
             -> thread.name: python3
             -> thread.id: %!s(int64=1483642)
             -> cpu.logical_number: %!s(int64=11)
    Sample #186
        Values: []
        Attributes:
             -> thread.name: python3
             -> thread.id: %!s(int64=1483642)
             -> cpu.logical_number: %!s(int64=11)
    Sample #187
        Values: []
        Attributes:
             -> thread.name: python3
             -> thread.id: %!s(int64=1483642)
             -> cpu.logical_number: %!s(int64=11)
    Sample #188
        Values: []
        Attributes:
             -> thread.name: python3
             -> thread.id: %!s(int64=1483642)
             -> cpu.logical_number: %!s(int64=11)
    Sample #189
        Values: []
        Attributes:
             -> thread.name: python3
             -> thread.id: %!s(int64=1483642)
             -> cpu.logical_number: %!s(int64=11)
    Sample #190
        Values: []
        Attributes:
             -> thread.name: python3
             -> thread.id: %!s(int64=1483642)
             -> cpu.logical_number: %!s(int64=11)
    Sample #191
        Values: []
        Attributes:
             -> thread.name: python3
             -> thread.id: %!s(int64=1483642)
             -> cpu.logical_number: %!s(int64=11)
    Sample #192
        Values: []
        Attributes:
             -> thread.name: python3
             -> thread.id: %!s(int64=1483642)
             -> cpu.logical_number: %!s(int64=11)
    Sample #193
        Values: []
        Attributes:
             -> thread.name: python3
             -> thread.id: %!s(int64=1483642)
             -> cpu.logical_number: %!s(int64=11)
    Sample #194
        Values: []
        Attributes:
             -> thread.name: python3
             -> thread.id: %!s(int64=1483642)
             -> cpu.logical_number: %!s(int64=11)
    Sample #195
        Values: []
        Attributes:
             -> thread.name: python3
             -> thread.id: %!s(int64=1483642)
             -> cpu.logical_number: %!s(int64=11)
    Sample #196
        Values: []
        Attributes:
             -> thread.name: python3
             -> thread.id: %!s(int64=1483642)
             -> cpu.logical_number: %!s(int64=11)
    Sample #197
        Values: []
        Attributes:
             -> thread.name: python3
             -> thread.id: %!s(int64=1483642)
             -> cpu.logical_number: %!s(int64=11)
    Sample #198
        Values: []
        Attributes:
             -> thread.name: python3
             -> thread.id: %!s(int64=1483642)
             -> cpu.logical_number: %!s(int64=11)
    Sample #199
        Values: []
        Attributes:
             -> thread.name: python3
             -> thread.id: %!s(int64=1483642)
             -> cpu.logical_number: %!s(int64=11)
    Sample #200
        Values: []
        Attributes:
             -> thread.name: python3
             -> thread.id: %!s(int64=1483642)
             -> cpu.logical_number: %!s(int64=11)
    Sample #201
        Values: []
        Attributes:
             -> thread.name: python3
             -> thread.id: %!s(int64=1483642)
             -> cpu.logical_number: %!s(int64=11)
    Sample #202
        Values: []
        Attributes:
             -> thread.name: python3
             -> thread.id: %!s(int64=1483642)
             -> cpu.logical_number: %!s(int64=11)
    Sample #203
        Values: []
        Attributes:
             -> thread.name: python3
             -> thread.id: %!s(int64=1483642)
             -> cpu.logical_number: %!s(int64=11)
    Sample #204
        Values: []
        Attributes:
             -> thread.name: python3
             -> thread.id: %!s(int64=1483642)
             -> cpu.logical_number: %!s(int64=11)
    Sample #205
        Values: []
        Attributes:
             -> thread.name: python3
             -> thread.id: %!s(int64=1483642)
             -> cpu.logical_number: %!s(int64=11)
    Sample #206
        Values: []
        Attributes:
             -> thread.name: python3
             -> thread.id: %!s(int64=1483642)
             -> cpu.logical_number: %!s(int64=11)
    Sample #207
        Values: []
        Attributes:
             -> thread.name: python3
             -> thread.id: %!s(int64=1483642)
             -> cpu.logical_number: %!s(int64=11)
    Sample #208
        Values: []
        Attributes:
             -> thread.name: python3
             -> thread.id: %!s(int64=1483642)
             -> cpu.logical_number: %!s(int64=11)
    Sample #209
        Values: []
        Attributes:
             -> thread.name: python3
             -> thread.id: %!s(int64=1483642)
             -> cpu.logical_number: %!s(int64=11)
    Sample #210
        Values: []
        Attributes:
             -> thread.name: python3
             -> thread.id: %!s(int64=1483642)
             -> cpu.logical_number: %!s(int64=11)
    Sample #211
        Values: []
        Attributes:
             -> thread.name: python3
             -> thread.id: %!s(int64=1483642)
             -> cpu.logical_number: %!s(int64=11)
    Sample #212
        Values: []
        Attributes:
             -> thread.name: python3
             -> thread.id: %!s(int64=1483642)
             -> cpu.logical_number: %!s(int64=11)
    Sample #213
        Values: []
        Attributes:
             -> thread.name: python3
             -> thread.id: %!s(int64=1483642)
             -> cpu.logical_number: %!s(int64=11)
    Sample #214
        Values: []
        Attributes:
             -> thread.name: python3
             -> thread.id: %!s(int64=1483642)
             -> cpu.logical_number: %!s(int64=11)
    Sample #215
        Values: []
        Attributes:
             -> thread.name: python3
             -> thread.id: %!s(int64=1483642)
             -> cpu.logical_number: %!s(int64=11)
    Sample #216
        Values: []
        Attributes:
             -> thread.name: python3
             -> thread.id: %!s(int64=1483642)
             -> cpu.logical_number: %!s(int64=11)
    Sample #217
        Values: []
        Attributes:
             -> thread.name: python3
             -> thread.id: %!s(int64=1483642)
             -> cpu.logical_number: %!s(int64=11)
    Sample #218
        Values: []
        Attributes:
             -> thread.name: python3
             -> thread.id: %!s(int64=1483642)
             -> cpu.logical_number: %!s(int64=11)
    Sample #219
        Values: []
        Attributes:
             -> thread.name: python3
             -> thread.id: %!s(int64=1483642)
             -> cpu.logical_number: %!s(int64=11)
    Sample #220
        Values: []
        Attributes:
             -> thread.name: python3
             -> thread.id: %!s(int64=1483642)
             -> cpu.logical_number: %!s(int64=11)
    Sample #221
        Values: []
        Attributes:
             -> thread.name: python3
             -> thread.id: %!s(int64=1483642)
             -> cpu.logical_number: %!s(int64=11)
    Sample #222
        Values: []
        Attributes:
             -> thread.name: python3
             -> thread.id: %!s(int64=1483642)
             -> cpu.logical_number: %!s(int64=11)
    Sample #223
        Values: []
        Attributes:
             -> thread.name: python3
             -> thread.id: %!s(int64=1483642)
             -> cpu.logical_number: %!s(int64=11)
    Sample #224
        Values: []
        Attributes:
             -> thread.name: python3
             -> thread.id: %!s(int64=1483642)
             -> cpu.logical_number: %!s(int64=11)
    Sample #225
        Values: []
        Attributes:
             -> thread.name: python3
             -> thread.id: %!s(int64=1483642)
             -> cpu.logical_number: %!s(int64=11)
    Sample #226
        Values: []
        Attributes:
             -> thread.name: python3
             -> thread.id: %!s(int64=1483642)
             -> cpu.logical_number: %!s(int64=11)
    Sample #227
        Values: []
        Attributes:
             -> thread.name: python3
             -> thread.id: %!s(int64=1483642)
             -> cpu.logical_number: %!s(int64=11)
    Sample #228
        Values: []
        Attributes:
             -> thread.name: python3
             -> thread.id: %!s(int64=1483642)
             -> cpu.logical_number: %!s(int64=11)
    Sample #229
        Values: []
        Attributes:
             -> thread.name: python3
             -> thread.id: %!s(int64=1483642)
             -> cpu.logical_number: %!s(int64=11)
    Sample #230
        Values: []
        Attributes:
             -> thread.name: python3
             -> thread.id: %!s(int64=1483642)
             -> cpu.logical_number: %!s(int64=11)
    Sample #231
        Values: []
        Attributes:
             -> thread.name: python3
             -> thread.id: %!s(int64=1483642)
             -> cpu.logical_number: %!s(int64=11)
    Sample #232
        Values: []
        Attributes:
             -> thread.name: python3
             -> thread.id: %!s(int64=1483642)
             -> cpu.logical_number: %!s(int64=11)
    Sample #233
        Values: []
        Attributes:
             -> thread.name: python3
             -> thread.id: %!s(int64=1483642)
             -> cpu.logical_number: %!s(int64=11)
    Sample #234
        Values: []
        Attributes:
             -> thread.name: python3
             -> thread.id: %!s(int64=1483642)
             -> cpu.logical_number: %!s(int64=11)
    Sample #235
        Values: []
        Attributes:
             -> thread.name: python3
             -> thread.id: %!s(int64=1483642)
             -> cpu.logical_number: %!s(int64=11)
    Sample #236
        Values: []
        Attributes:
             -> thread.name: python3
             -> thread.id: %!s(int64=1483642)
             -> cpu.logical_number: %!s(int64=11)
    Sample #237
        Values: []
        Attributes:
             -> thread.name: python3
             -> thread.id: %!s(int64=1483642)
             -> cpu.logical_number: %!s(int64=11)
    Sample #238
        Values: []
        Attributes:
             -> thread.name: python3
             -> thread.id: %!s(int64=1483642)
             -> cpu.logical_number: %!s(int64=11)
    Sample #239
        Values: []
        Attributes:
             -> thread.name: python3
             -> thread.id: %!s(int64=1483642)
             -> cpu.logical_number: %!s(int64=11)
    Sample #240
        Values: []
        Attributes:
             -> thread.name: python3
             -> thread.id: %!s(int64=1483642)
             -> cpu.logical_number: %!s(int64=11)
    Sample #241
        Values: []
        Attributes:
             -> thread.name: python3
             -> thread.id: %!s(int64=1483642)
             -> cpu.logical_number: %!s(int64=11)
    Sample #242
        Values: []
        Attributes:
             -> thread.name: python3
             -> thread.id: %!s(int64=1483642)
             -> cpu.logical_number: %!s(int64=11)
    Sample #243
        Values: []
        Attributes:
             -> thread.name: python3
             -> thread.id: %!s(int64=1483642)
             -> cpu.logical_number: %!s(int64=11)
    Sample #244
        Values: []
        Attributes:
             -> thread.name: python3
             -> thread.id: %!s(int64=1483642)
             -> cpu.logical_number: %!s(int64=11)
    Sample #245
        Values: []
        Attributes:
             -> thread.name: python3
             -> thread.id: %!s(int64=1483642)
             -> cpu.logical_number: %!s(int64=11)
    Sample #246
        Values: []
        Attributes:
             -> thread.name: python3
             -> thread.id: %!s(int64=1483642)
             -> cpu.logical_number: %!s(int64=11)
    Sample #247
        Values: []
        Attributes:
             -> thread.name: python3
             -> thread.id: %!s(int64=1483642)
             -> cpu.logical_number: %!s(int64=11)
    Sample #248
        Values: []
        Attributes:
             -> thread.name: python3
             -> thread.id: %!s(int64=1483642)
             -> cpu.logical_number: %!s(int64=11)
    Sample #249
        Values: []
        Attributes:
             -> thread.name: python3
             -> thread.id: %!s(int64=1483642)
             -> cpu.logical_number: %!s(int64=11)
    Sample #250
        Values: []
        Attributes:
             -> thread.name: python3
             -> thread.id: %!s(int64=1483642)
             -> cpu.logical_number: %!s(int64=11)
    Sample #251
        Values: []
        Attributes:
             -> thread.name: python3
             -> thread.id: %!s(int64=1483642)
             -> cpu.logical_number: %!s(int64=11)
    Sample #252
        Values: []
        Attributes:
             -> thread.name: python3
             -> thread.id: %!s(int64=1483642)
             -> cpu.logical_number: %!s(int64=11)
    Sample #253
        Values: []
        Attributes:
             -> thread.name: python3
             -> thread.id: %!s(int64=1483642)
             -> cpu.logical_number: %!s(int64=11)
    Sample #254
        Values: []
        Attributes:
             -> thread.name: python3
             -> thread.id: %!s(int64=1483642)
             -> cpu.logical_number: %!s(int64=11)
    Sample #255
        Values: []
        Attributes:
             -> thread.name: python3
             -> thread.id: %!s(int64=1483642)
             -> cpu.logical_number: %!s(int64=11)
    Sample #256
        Values: []
        Attributes:
             -> thread.name: python3
             -> thread.id: %!s(int64=1483642)
             -> cpu.logical_number: %!s(int64=11)
    Sample #257
        Values: []
        Attributes:
             -> thread.name: python3
             -> thread.id: %!s(int64=1483642)
             -> cpu.logical_number: %!s(int64=11)
    Sample #258
        Values: []
        Attributes:
             -> thread.name: python3
             -> thread.id: %!s(int64=1483642)
             -> cpu.logical_number: %!s(int64=11)
    Sample #259
        Values: []
        Attributes:
             -> thread.name: python3
             -> thread.id: %!s(int64=1483642)
             -> cpu.logical_number: %!s(int64=11)
    Sample #260
        Values: []
        Attributes:
             -> thread.name: python3
             -> thread.id: %!s(int64=1483642)
             -> cpu.logical_number: %!s(int64=11)
    Sample #261
        Values: []
        Attributes:
             -> thread.name: python3
             -> thread.id: %!s(int64=1483642)
             -> cpu.logical_number: %!s(int64=11)
    Sample #262
        Values: []
        Attributes:
             -> thread.name: python3
             -> thread.id: %!s(int64=1483642)
             -> cpu.logical_number: %!s(int64=11)
    Sample #263
        Values: []
        Attributes:
             -> thread.name: python3
             -> thread.id: %!s(int64=1483642)
             -> cpu.logical_number: %!s(int64=11)
    Sample #264
        Values: []
        Attributes:
             -> thread.name: python3
             -> thread.id: %!s(int64=1483642)
             -> cpu.logical_number: %!s(int64=11)
    Sample #265
        Values: []
        Attributes:
             -> thread.name: python3
             -> thread.id: %!s(int64=1483642)
             -> cpu.logical_number: %!s(int64=11)
    Sample #266
        Values: []
        Attributes:
             -> thread.name: python3
             -> thread.id: %!s(int64=1483642)
             -> cpu.logical_number: %!s(int64=11)
    Sample #267
        Values: []
        Attributes:
             -> thread.name: python3
             -> thread.id: %!s(int64=1483642)
             -> cpu.logical_number: %!s(int64=11)
    Sample #268
        Values: []
        Attributes:
             -> thread.name: python3
             -> thread.id: %!s(int64=1483642)
             -> cpu.logical_number: %!s(int64=11)
    Sample #269
        Values: []
        Attributes:
             -> thread.name: python3
             -> thread.id: %!s(int64=1483642)
             -> cpu.logical_number: %!s(int64=11)
    Sample #270
        Values: []
        Attributes:
             -> thread.name: python3
             -> thread.id: %!s(int64=1483642)
             -> cpu.logical_number: %!s(int64=11)
    Sample #271
        Values: []
        Attributes:
             -> thread.name: python3
             -> thread.id: %!s(int64=1483642)
             -> cpu.logical_number: %!s(int64=11)
    Sample #272
        Values: []
        Attributes:
             -> thread.name: python3
             -> thread.id: %!s(int64=1483642)
             -> cpu.logical_number: %!s(int64=11)
    Sample #273
        Values: []
        Attributes:
             -> thread.name: python3
             -> thread.id: %!s(int64=1483642)
             -> cpu.logical_number: %!s(int64=11)
    Sample #274
        Values: []
        Attributes:
             -> thread.name: python3
             -> thread.id: %!s(int64=1483642)
             -> cpu.logical_number: %!s(int64=11)
    Sample #275
        Values: []
        Attributes:
             -> thread.name: python3
             -> thread.id: %!s(int64=1483642)
             -> cpu.logical_number: %!s(int64=11)
    Sample #276
        Values: []
        Attributes:
             -> thread.name: python3
             -> thread.id: %!s(int64=1483642)
             -> cpu.logical_number: %!s(int64=11)
    Sample #277
        Values: []
        Attributes:
             -> thread.name: python3
             -> thread.id: %!s(int64=1483642)
             -> cpu.logical_number: %!s(int64=11)
    Sample #278
        Values: []
        Attributes:
             -> thread.name: python3
             -> thread.id: %!s(int64=1483642)
             -> cpu.logical_number: %!s(int64=11)
    Sample #279
        Values: []
        Attributes:
             -> thread.name: python3
             -> thread.id: %!s(int64=1483642)
             -> cpu.logical_number: %!s(int64=11)
    Sample #280
        Values: []
        Attributes:
             -> thread.name: python3
             -> thread.id: %!s(int64=1483642)
             -> cpu.logical_number: %!s(int64=11)
    Sample #281
        Values: []
        Attributes:
             -> thread.name: python3
             -> thread.id: %!s(int64=1483642)
             -> cpu.logical_number: %!s(int64=11)
    Sample #282
        Values: []
        Attributes:
             -> thread.name: python3
             -> thread.id: %!s(int64=1483642)
             -> cpu.logical_number: %!s(int64=11)
    Sample #283
        Values: []
        Attributes:
             -> thread.name: python3
             -> thread.id: %!s(int64=1483642)
             -> cpu.logical_number: %!s(int64=11)
    Sample #284
        Values: []
        Attributes:
             -> thread.name: python3
             -> thread.id: %!s(int64=1483642)
             -> cpu.logical_number: %!s(int64=11)
    Sample #285
        Values: []
        Attributes:
             -> thread.name: python3
             -> thread.id: %!s(int64=1483642)
             -> cpu.logical_number: %!s(int64=11)
    Sample #286
        Values: []
        Attributes:
             -> thread.name: python3
             -> thread.id: %!s(int64=1483642)
             -> cpu.logical_number: %!s(int64=11)
    Sample #287
        Values: []
        Attributes:
             -> thread.name: python3
             -> thread.id: %!s(int64=1483642)
             -> cpu.logical_number: %!s(int64=11)
    Sample #288
        Values: []
        Attributes:
             -> thread.name: python3
             -> thread.id: %!s(int64=1483642)
             -> cpu.logical_number: %!s(int64=11)
    Sample #289
        Values: []
        Attributes:
             -> thread.name: python3
             -> thread.id: %!s(int64=1483642)
             -> cpu.logical_number: %!s(int64=11)
    Sample #290
        Values: []
        Attributes:
             -> thread.name: python3
             -> thread.id: %!s(int64=1483642)
             -> cpu.logical_number: %!s(int64=11)
    Sample #291
        Values: []
        Attributes:
             -> thread.name: python3
             -> thread.id: %!s(int64=1483642)
             -> cpu.logical_number: %!s(int64=11)
    Sample #292
        Values: []
        Attributes:
             -> thread.name: python3
             -> thread.id: %!s(int64=1483642)
             -> cpu.logical_number: %!s(int64=11)
    Sample #293
        Values: []
        Attributes:
             -> thread.name: python3
             -> thread.id: %!s(int64=1483642)
             -> cpu.logical_number: %!s(int64=11)
    Sample #294
        Values: []
        Attributes:
             -> thread.name: python3
             -> thread.id: %!s(int64=1483642)
             -> cpu.logical_number: %!s(int64=11)
    Sample #295
        Values: []
        Attributes:
             -> thread.name: python3
             -> thread.id: %!s(int64=1483642)
             -> cpu.logical_number: %!s(int64=11)
    Sample #296
        Values: []
        Attributes:
             -> thread.name: python3
             -> thread.id: %!s(int64=1483642)
             -> cpu.logical_number: %!s(int64=11)
    Sample #297
        Values: []
        Attributes:
             -> thread.name: python3
             -> thread.id: %!s(int64=1483642)
             -> cpu.logical_number: %!s(int64=11)
    Sample #298
        Values: []
        Attributes:
             -> thread.name: python3
             -> thread.id: %!s(int64=1483642)
             -> cpu.logical_number: %!s(int64=11)
    Sample #299
        Values: []
        Attributes:
             -> thread.name: python3
             -> thread.id: %!s(int64=1483642)
             -> cpu.logical_number: %!s(int64=11)
    Sample #300
        Values: []
        Attributes:
             -> thread.name: python3
             -> thread.id: %!s(int64=1483642)
             -> cpu.logical_number: %!s(int64=11)
    Sample #301
        Values: []
        Attributes:
             -> thread.name: python3
             -> thread.id: %!s(int64=1483642)
             -> cpu.logical_number: %!s(int64=11)
    Sample #302
        Values: []
        Attributes:
             -> thread.name: python3
             -> thread.id: %!s(int64=1483642)
             -> cpu.logical_number: %!s(int64=11)
    Sample #303
        Values: []
        Attributes:
             -> thread.name: python3
             -> thread.id: %!s(int64=1483642)
             -> cpu.logical_number: %!s(int64=11)
    Sample #304
        Values: []
        Attributes:
             -> thread.name: python3
             -> thread.id: %!s(int64=1483642)
             -> cpu.logical_number: %!s(int64=11)
    Sample #305
        Values: []
        Attributes:
             -> thread.name: python3
             -> thread.id: %!s(int64=1483642)
             -> cpu.logical_number: %!s(int64=11)
    Sample #306
        Values: []
        Attributes:
             -> thread.name: python3
             -> thread.id: %!s(int64=1483642)
             -> cpu.logical_number: %!s(int64=11)
    Sample #307
        Values: []
        Attributes:
             -> thread.name: python3
             -> thread.id: %!s(int64=1483642)
             -> cpu.logical_number: %!s(int64=11)
    Sample #308
        Values: []
        Attributes:
             -> thread.name: python3
             -> thread.id: %!s(int64=1483642)
             -> cpu.logical_number: %!s(int64=11)
    Sample #309
        Values: []
        Attributes:
             -> thread.name: python3
             -> thread.id: %!s(int64=1483642)
             -> cpu.logical_number: %!s(int64=11)
    Sample #310
        Values: []
        Attributes:
             -> thread.name: python3
             -> thread.id: %!s(int64=1483642)
             -> cpu.logical_number: %!s(int64=11)
    Sample #311
        Values: []
        Attributes:
             -> thread.name: python3
             -> thread.id: %!s(int64=1483642)
             -> cpu.logical_number: %!s(int64=11)
    Sample #312
        Values: []
        Attributes:
             -> thread.name: python3
             -> thread.id: %!s(int64=1483642)
             -> cpu.logical_number: %!s(int64=11)
    Sample #313
        Values: []
        Attributes:
             -> thread.name: python3
             -> thread.id: %!s(int64=1483642)
             -> cpu.logical_number: %!s(int64=11)
    Sample #314
        Values: []
        Attributes:
             -> thread.name: python3
             -> thread.id: %!s(int64=1483642)
             -> cpu.logical_number: %!s(int64=11)
    Sample #315
        Values: []
        Attributes:
             -> thread.name: python3
             -> thread.id: %!s(int64=1483642)
             -> cpu.logical_number: %!s(int64=11)
    Sample #316
        Values: []
        Attributes:
             -> thread.name: python3
             -> thread.id: %!s(int64=1483642)
             -> cpu.logical_number: %!s(int64=11)
    Sample #317
        Values: []
        Attributes:
             -> thread.name: python3
             -> thread.id: %!s(int64=1483642)
             -> cpu.logical_number: %!s(int64=11)
    Sample #318
        Values: []
        Attributes:
             -> thread.name: python3
             -> thread.id: %!s(int64=1483642)
             -> cpu.logical_number: %!s(int64=11)
    Sample #319
        Values: []
        Attributes:
             -> thread.name: python3
             -> thread.id: %!s(int64=1483642)
             -> cpu.logical_number: %!s(int64=11)
    Sample #320
        Values: []
        Attributes:
             -> thread.name: python3
             -> thread.id: %!s(int64=1483642)
             -> cpu.logical_number: %!s(int64=11)
    Sample #321
        Values: []
        Attributes:
             -> thread.name: python3
             -> thread.id: %!s(int64=1483642)
             -> cpu.logical_number: %!s(int64=11)
    Sample #322
        Values: []
        Attributes:
             -> thread.name: python3
             -> thread.id: %!s(int64=1483642)
             -> cpu.logical_number: %!s(int64=11)
    Sample #323
        Values: []
        Attributes:
             -> thread.name: python3
             -> thread.id: %!s(int64=1483642)
             -> cpu.logical_number: %!s(int64=11)
    Sample #324
        Values: []
        Attributes:
             -> thread.name: python3
             -> thread.id: %!s(int64=1483642)
             -> cpu.logical_number: %!s(int64=11)
    Sample #325
        Values: []
        Attributes:
             -> thread.name: python3
             -> thread.id: %!s(int64=1483642)
             -> cpu.logical_number: %!s(int64=11)
    Sample #326
        Values: []
        Attributes:
             -> thread.name: python3
             -> thread.id: %!s(int64=1483642)
             -> cpu.logical_number: %!s(int64=11)
    Sample #327
        Values: []
        Attributes:
             -> thread.name: python3
             -> thread.id: %!s(int64=1483642)
             -> cpu.logical_number: %!s(int64=11)
    Sample #328
        Values: []
        Attributes:
             -> thread.name: python3
             -> thread.id: %!s(int64=1483642)
             -> cpu.logical_number: %!s(int64=11)
    Sample #329
        Values: []
        Attributes:
             -> thread.name: python3
             -> thread.id: %!s(int64=1483642)
             -> cpu.logical_number: %!s(int64=11)
    Sample #330
        Values: []
        Attributes:
             -> thread.name: python3
             -> thread.id: %!s(int64=1483642)
             -> cpu.logical_number: %!s(int64=11)
    Sample #331
        Values: []
        Attributes:
             -> thread.name: python3
             -> thread.id: %!s(int64=1483642)
             -> cpu.logical_number: %!s(int64=11)
    Sample #332
        Values: []
        Attributes:
             -> thread.name: python3
             -> thread.id: %!s(int64=1483642)
             -> cpu.logical_number: %!s(int64=11)
    Sample #333
        Values: []
        Attributes:
             -> thread.name: python3
             -> thread.id: %!s(int64=1483642)
             -> cpu.logical_number: %!s(int64=11)
    Sample #334
        Values: []
        Attributes:
             -> thread.name: python3
             -> thread.id: %!s(int64=1483642)
             -> cpu.logical_number: %!s(int64=11)
    Sample #335
        Values: []
        Attributes:
             -> thread.name: python3
             -> thread.id: %!s(int64=1483642)
             -> cpu.logical_number: %!s(int64=11)
    Sample #336
        Values: []
        Attributes:
             -> thread.name: python3
             -> thread.id: %!s(int64=1483642)
             -> cpu.logical_number: %!s(int64=11)
    Sample #337
        Values: []
        Attributes:
             -> thread.name: python3
             -> thread.id: %!s(int64=1483642)
             -> cpu.logical_number: %!s(int64=11)
    Sample #338
        Values: []
        Attributes:
             -> thread.name: python3
             -> thread.id: %!s(int64=1483642)
             -> cpu.logical_number: %!s(int64=11)
    Sample #339
        Values: []
        Attributes:
             -> thread.name: python3
             -> thread.id: %!s(int64=1483642)
             -> cpu.logical_number: %!s(int64=11)
    Sample #340
        Values: []
        Attributes:
             -> thread.name: python3
             -> thread.id: %!s(int64=1483642)
             -> cpu.logical_number: %!s(int64=11)
    Sample #341
        Values: []
        Attributes:
             -> thread.name: python3
             -> thread.id: %!s(int64=1483642)
             -> cpu.logical_number: %!s(int64=11)
    Sample #342
        Values: []
        Attributes:
             -> thread.name: python3
             -> thread.id: %!s(int64=1483642)
             -> cpu.logical_number: %!s(int64=11)
    Sample #343
        Values: []
        Attributes:
             -> thread.name: python3
             -> thread.id: %!s(int64=1483642)
             -> cpu.logical_number: %!s(int64=11)
    Sample #344
        Values: []
        Attributes:
             -> thread.name: python3
             -> thread.id: %!s(int64=1483642)
             -> cpu.logical_number: %!s(int64=11)
    Sample #345
        Values: []
        Attributes:
             -> thread.name: python3
             -> thread.id: %!s(int64=1483642)
             -> cpu.logical_number: %!s(int64=11)
    Sample #346
        Values: []
        Attributes:
             -> thread.name: python3
             -> thread.id: %!s(int64=1483642)
             -> cpu.logical_number: %!s(int64=11)
    Sample #347
        Values: []
        Attributes:
             -> thread.name: python3
             -> thread.id: %!s(int64=1483642)
             -> cpu.logical_number: %!s(int64=11)
    Sample #348
        Values: []
        Attributes:
             -> thread.name: python3
             -> thread.id: %!s(int64=1483642)
             -> cpu.logical_number: %!s(int64=11)
    Sample #349
        Values: []
        Attributes:
             -> thread.name: python3
             -> thread.id: %!s(int64=1483642)
             -> cpu.logical_number: %!s(int64=11)
    Sample #350
        Values: []
        Attributes:
             -> thread.name: python3
             -> thread.id: %!s(int64=1483642)
             -> cpu.logical_number: %!s(int64=11)
    Sample #351
        Values: []
        Attributes:
             -> thread.name: python3
             -> thread.id: %!s(int64=1483642)
             -> cpu.logical_number: %!s(int64=11)
    Sample #352
        Values: []
        Attributes:
             -> thread.name: python3
             -> thread.id: %!s(int64=1483642)
             -> cpu.logical_number: %!s(int64=11)
    Sample #353
        Values: []
        Attributes:
             -> thread.name: python3
             -> thread.id: %!s(int64=1483642)
             -> cpu.logical_number: %!s(int64=11)
    Sample #354
        Values: []
        Attributes:
             -> thread.name: python3
             -> thread.id: %!s(int64=1483642)
             -> cpu.logical_number: %!s(int64=11)
    Sample #355
        Values: []
        Attributes:
             -> thread.name: python3
             -> thread.id: %!s(int64=1483642)
             -> cpu.logical_number: %!s(int64=11)
    Sample #356
        Values: []
        Attributes:
             -> thread.name: python3
             -> thread.id: %!s(int64=1483642)
             -> cpu.logical_number: %!s(int64=11)
    Sample #357
        Values: []
        Attributes:
             -> thread.name: python3
             -> thread.id: %!s(int64=1483642)
             -> cpu.logical_number: %!s(int64=11)
    Sample #358
        Values: []
        Attributes:
             -> thread.name: python3
             -> thread.id: %!s(int64=1483642)
             -> cpu.logical_number: %!s(int64=11)
    Sample #359
        Values: []
        Attributes:
             -> thread.name: python3
             -> thread.id: %!s(int64=1483642)
             -> cpu.logical_number: %!s(int64=11)
    Sample #360
        Values: []
        Attributes:
             -> thread.name: python3
             -> thread.id: %!s(int64=1483642)
             -> cpu.logical_number: %!s(int64=11)
    Sample #361
        Values: []
        Attributes:
             -> thread.name: python3
             -> thread.id: %!s(int64=1483642)
             -> cpu.logical_number: %!s(int64=11)
    Sample #362
        Values: []
        Attributes:
             -> thread.name: python3
             -> thread.id: %!s(int64=1483642)
             -> cpu.logical_number: %!s(int64=11)
    Sample #363
        Values: []
        Attributes:
             -> thread.name: python3
             -> thread.id: %!s(int64=1483642)
             -> cpu.logical_number: %!s(int64=11)
    Sample #364
        Values: []
        Attributes:
             -> thread.name: python3
             -> thread.id: %!s(int64=1483642)
             -> cpu.logical_number: %!s(int64=11)
    Sample #365
        Values: []
        Attributes:
             -> thread.name: python3
             -> thread.id: %!s(int64=1483642)
             -> cpu.logical_number: %!s(int64=11)
    Sample #366
        Values: []
        Attributes:
             -> thread.name: python3
             -> thread.id: %!s(int64=1483642)
             -> cpu.logical_number: %!s(int64=11)
    Sample #367
        Values: []
        Attributes:
             -> thread.name: python3
             -> thread.id: %!s(int64=1483642)
             -> cpu.logical_number: %!s(int64=11)
    Sample #368
        Values: []
        Attributes:
             -> thread.name: python3
             -> thread.id: %!s(int64=1483642)
             -> cpu.logical_number: %!s(int64=11)
    Sample #369
        Values: []
        Attributes:
             -> thread.name: python3
             -> thread.id: %!s(int64=1483642)
             -> cpu.logical_number: %!s(int64=11)
    Sample #370
        Values: []
        Attributes:
             -> thread.name: python3
             -> thread.id: %!s(int64=1483642)
             -> cpu.logical_number: %!s(int64=11)
    Sample #371
        Values: []
        Attributes:
             -> thread.name: python3
             -> thread.id: %!s(int64=1483642)
             -> cpu.logical_number: %!s(int64=11)
    Sample #372
        Values: []
        Attributes:
             -> thread.name: python3
             -> thread.id: %!s(int64=1483642)
             -> cpu.logical_number: %!s(int64=11)
    Sample #373
        Values: []
        Attributes:
             -> thread.name: python3
             -> thread.id: %!s(int64=1483642)
             -> cpu.logical_number: %!s(int64=11)
    Sample #374
        Values: []
        Attributes:
             -> thread.name: python3
             -> thread.id: %!s(int64=1483642)
             -> cpu.logical_number: %!s(int64=11)
    Sample #375
        Values: []
        Attributes:
             -> thread.name: python3
             -> thread.id: %!s(int64=1483642)
             -> cpu.logical_number: %!s(int64=11)
    Sample #376
        Values: []
        Attributes:
             -> thread.name: python3
             -> thread.id: %!s(int64=1483642)
             -> cpu.logical_number: %!s(int64=11)
    Sample #377
        Values: []
        Attributes:
             -> thread.name: python3
             -> thread.id: %!s(int64=1483642)
             -> cpu.logical_number: %!s(int64=11)
    Sample #378
        Values: []
        Attributes:
             -> thread.name: python3
             -> thread.id: %!s(int64=1483642)
             -> cpu.logical_number: %!s(int64=11)
    Sample #379
        Values: []
        Attributes:
             -> thread.name: python3
             -> thread.id: %!s(int64=1483642)
             -> cpu.logical_number: %!s(int64=11)
    Sample #380
        Values: []
        Attributes:
             -> thread.name: python3
             -> thread.id: %!s(int64=1483642)
             -> cpu.logical_number: %!s(int64=11)
    Sample #381
        Values: []
        Attributes:
             -> thread.name: python3
             -> thread.id: %!s(int64=1483642)
             -> cpu.logical_number: %!s(int64=11)
    Sample #382
        Values: []
        Attributes:
             -> thread.name: python3
             -> thread.id: %!s(int64=1483642)
             -> cpu.logical_number: %!s(int64=11)
    Sample #383
        Values: []
        Attributes:
             -> thread.name: python3
             -> thread.id: %!s(int64=1483642)
             -> cpu.logical_number: %!s(int64=11)
    Sample #384
        Values: []
        Attributes:
             -> thread.name: python3
             -> thread.id: %!s(int64=1483642)
             -> cpu.logical_number: %!s(int64=11)
    Sample #385
        Values: []
        Attributes:
             -> thread.name: python3
             -> thread.id: %!s(int64=1483642)
             -> cpu.logical_number: %!s(int64=11)
    Sample #386
        Values: []
        Attributes:
             -> thread.name: python3
             -> thread.id: %!s(int64=1483642)
             -> cpu.logical_number: %!s(int64=11)
    Sample #387
        Values: []
        Attributes:
             -> thread.name: python3
             -> thread.id: %!s(int64=1483642)
             -> cpu.logical_number: %!s(int64=11)
    Sample #388
        Values: []
        Attributes:
             -> thread.name: python3
             -> thread.id: %!s(int64=1483642)
             -> cpu.logical_number: %!s(int64=11)
    Sample #389
        Values: []
        Attributes:
             -> thread.name: python3
             -> thread.id: %!s(int64=1483642)
             -> cpu.logical_number: %!s(int64=11)
    Sample #390
        Values: []
        Attributes:
             -> thread.name: python3
             -> thread.id: %!s(int64=1483642)
             -> cpu.logical_number: %!s(int64=11)
    Sample #391
        Values: []
        Attributes:
             -> thread.name: python3
             -> thread.id: %!s(int64=1483642)
             -> cpu.logical_number: %!s(int64=11)
    Sample #392
        Values: []
        Attributes:
             -> thread.name: python3
             -> thread.id: %!s(int64=1483642)
             -> cpu.logical_number: %!s(int64=11)
    Sample #393
        Values: []
        Attributes:
             -> thread.name: python3
             -> thread.id: %!s(int64=1483642)
             -> cpu.logical_number: %!s(int64=11)
    Sample #394
        Values: []
        Attributes:
             -> thread.name: python3
             -> thread.id: %!s(int64=1483642)
             -> cpu.logical_number: %!s(int64=11)
    Sample #395
        Values: []
        Attributes:
             -> thread.name: python3
             -> thread.id: %!s(int64=1483642)
             -> cpu.logical_number: %!s(int64=11)
    Sample #396
        Values: []
        Attributes:
             -> thread.name: python3
             -> thread.id: %!s(int64=1483642)
             -> cpu.logical_number: %!s(int64=11)
    Sample #397
        Values: []
        Attributes:
             -> thread.name: python3
             -> thread.id: %!s(int64=1483642)
             -> cpu.logical_number: %!s(int64=11)
    Sample #398
        Values: []
        Attributes:
             -> thread.name: python3
             -> thread.id: %!s(int64=1483642)
             -> cpu.logical_number: %!s(int64=11)
    Sample #399
        Values: []
        Attributes:
             -> thread.name: python3
             -> thread.id: %!s(int64=1483642)
             -> cpu.logical_number: %!s(int64=11)
    Sample #400
        Values: []
        Attributes:
             -> thread.name: python3
             -> thread.id: %!s(int64=1483642)
             -> cpu.logical_number: %!s(int64=11)
    Sample #401
        Values: []
        Attributes:
             -> thread.name: python3
             -> thread.id: %!s(int64=1483642)
             -> cpu.logical_number: %!s(int64=11)
    Sample #402
        Values: []
        Attributes:
             -> thread.name: python3
             -> thread.id: %!s(int64=1483642)
             -> cpu.logical_number: %!s(int64=11)
    Sample #403
        Values: []
        Attributes:
             -> thread.name: python3
             -> thread.id: %!s(int64=1483642)
             -> cpu.logical_number: %!s(int64=11)
    Sample #404
        Values: []
        Attributes:
             -> thread.name: python3
             -> thread.id: %!s(int64=1483642)
             -> cpu.logical_number: %!s(int64=11)
    Sample #405
        Values: []
        Attributes:
             -> thread.name: python3
             -> thread.id: %!s(int64=1483642)
             -> cpu.logical_number: %!s(int64=11)
    Sample #406
        Values: []
        Attributes:
             -> thread.name: python3
             -> thread.id: %!s(int64=1483642)
             -> cpu.logical_number: %!s(int64=11)
    Sample #407
        Values: []
        Attributes:
             -> thread.name: python3
             -> thread.id: %!s(int64=1483642)
             -> cpu.logical_number: %!s(int64=11)
    Sample #408
        Values: []
        Attributes:
             -> thread.name: python3
             -> thread.id: %!s(int64=1483642)
             -> cpu.logical_number: %!s(int64=11)
    Sample #409
        Values: []
        Attributes:
             -> thread.name: python3
             -> thread.id: %!s(int64=1483642)
             -> cpu.logical_number: %!s(int64=11)
    Sample #410
        Values: []
        Attributes:
             -> thread.name: python3
             -> thread.id: %!s(int64=1483642)
             -> cpu.logical_number: %!s(int64=11)
    Sample #411
        Values: []
        Attributes:
             -> thread.name: python3
             -> thread.id: %!s(int64=1483642)
             -> cpu.logical_number: %!s(int64=11)
    Sample #412
        Values: []
        Attributes:
             -> thread.name: python3
             -> thread.id: %!s(int64=1483642)
             -> cpu.logical_number: %!s(int64=11)
    Sample #413
        Values: []
        Attributes:
             -> thread.name: python3
             -> thread.id: %!s(int64=1483642)
             -> cpu.logical_number: %!s(int64=11)
    Sample #414
        Values: []
        Attributes:
             -> thread.name: python3
             -> thread.id: %!s(int64=1483642)
             -> cpu.logical_number: %!s(int64=11)
    Sample #415
        Values: []
        Attributes:
             -> thread.name: python3
             -> thread.id: %!s(int64=1483642)
             -> cpu.logical_number: %!s(int64=11)
    Sample #416
        Values: []
        Attributes:
             -> thread.name: python3
             -> thread.id: %!s(int64=1483642)
             -> cpu.logical_number: %!s(int64=11)
    Sample #417
        Values: []
        Attributes:
             -> thread.name: python3
             -> thread.id: %!s(int64=1483642)
             -> cpu.logical_number: %!s(int64=11)
    Sample #418
        Values: []
        Attributes:
             -> thread.name: python3
             -> thread.id: %!s(int64=1483642)
             -> cpu.logical_number: %!s(int64=11)
    Sample #419
        Values: []
        Attributes:
             -> thread.name: python3
             -> thread.id: %!s(int64=1483642)
             -> cpu.logical_number: %!s(int64=11)
    Sample #420
        Values: []
        Attributes:
             -> thread.name: python3
             -> thread.id: %!s(int64=1483642)
             -> cpu.logical_number: %!s(int64=11)
    Sample #421
        Values: []
        Attributes:
             -> thread.name: python3
             -> thread.id: %!s(int64=1483642)
             -> cpu.logical_number: %!s(int64=11)
    Sample #422
        Values: []
        Attributes:
             -> thread.name: python3
             -> thread.id: %!s(int64=1483642)
             -> cpu.logical_number: %!s(int64=11)
    Sample #423
        Values: []
        Attributes:
             -> thread.name: python3
             -> thread.id: %!s(int64=1483642)
             -> cpu.logical_number: %!s(int64=11)
    Sample #424
        Values: []
        Attributes:
             -> thread.name: python3
             -> thread.id: %!s(int64=1483642)
             -> cpu.logical_number: %!s(int64=11)
    Sample #425
        Values: []
        Attributes:
             -> thread.name: python3
             -> thread.id: %!s(int64=1483642)
             -> cpu.logical_number: %!s(int64=11)
    Sample #426
        Values: []
        Attributes:
             -> thread.name: python3
             -> thread.id: %!s(int64=1483642)
             -> cpu.logical_number: %!s(int64=11)
    Sample #427
        Values: []
        Attributes:
             -> thread.name: python3
             -> thread.id: %!s(int64=1483642)
             -> cpu.logical_number: %!s(int64=11)
    Sample #428
        Values: []
        Attributes:
             -> thread.name: python3
             -> thread.id: %!s(int64=1483642)
             -> cpu.logical_number: %!s(int64=11)
    Sample #429
        Values: []
        Attributes:
             -> thread.name: python3
             -> thread.id: %!s(int64=1483642)
             -> cpu.logical_number: %!s(int64=11)
    Sample #430
        Values: []
        Attributes:
             -> thread.name: python3
             -> thread.id: %!s(int64=1483642)
             -> cpu.logical_number: %!s(int64=11)
    Sample #431
        Values: []
        Attributes:
             -> thread.name: python3
             -> thread.id: %!s(int64=1483642)
             -> cpu.logical_number: %!s(int64=11)
    Sample #432
        Values: []
        Attributes:
             -> thread.name: python3
             -> thread.id: %!s(int64=1483642)
             -> cpu.logical_number: %!s(int64=11)
    Sample #433
        Values: []
        Attributes:
             -> thread.name: python3
             -> thread.id: %!s(int64=1483642)
             -> cpu.logical_number: %!s(int64=11)
    Sample #434
        Values: []
        Attributes:
             -> thread.name: python3
             -> thread.id: %!s(int64=1483642)
             -> cpu.logical_number: %!s(int64=11)
    Sample #435
        Values: []
        Attributes:
             -> thread.name: python3
             -> thread.id: %!s(int64=1483642)
             -> cpu.logical_number: %!s(int64=11)
    Sample #436
        Values: []
        Attributes:
             -> thread.name: python3
             -> thread.id: %!s(int64=1483642)
             -> cpu.logical_number: %!s(int64=11)
    Sample #437
        Values: []
        Attributes:
             -> thread.name: python3
             -> thread.id: %!s(int64=1483642)
             -> cpu.logical_number: %!s(int64=11)
    Sample #438
        Values: []
        Attributes:
             -> thread.name: python3
             -> thread.id: %!s(int64=1483642)
             -> cpu.logical_number: %!s(int64=11)
    Sample #439
        Values: []
        Attributes:
             -> thread.name: python3
             -> thread.id: %!s(int64=1483642)
             -> cpu.logical_number: %!s(int64=11)
    Sample #440
        Values: []
        Attributes:
             -> thread.name: python3
             -> thread.id: %!s(int64=1483642)
             -> cpu.logical_number: %!s(int64=11)
    Sample #441
        Values: []
        Attributes:
             -> thread.name: python3
             -> thread.id: %!s(int64=1483642)
             -> cpu.logical_number: %!s(int64=11)
    Sample #442
        Values: []
        Attributes:
             -> thread.name: python3
             -> thread.id: %!s(int64=1483642)
             -> cpu.logical_number: %!s(int64=11)
    Sample #443
        Values: []
        Attributes:
             -> thread.name: python3
             -> thread.id: %!s(int64=1483642)
             -> cpu.logical_number: %!s(int64=11)
    Sample #444
        Values: []
        Attributes:
             -> thread.name: python3
             -> thread.id: %!s(int64=1483642)
             -> cpu.logical_number: %!s(int64=11)
    Sample #445
        Values: []
        Attributes:
             -> thread.name: python3
             -> thread.id: %!s(int64=1483642)
             -> cpu.logical_number: %!s(int64=11)
    Sample #446
        Values: []
        Attributes:
             -> thread.name: python3
             -> thread.id: %!s(int64=1483642)
             -> cpu.logical_number: %!s(int64=11)
    Sample #447
        Values: []
        Attributes:
             -> thread.name: python3
             -> thread.id: %!s(int64=1483642)
             -> cpu.logical_number: %!s(int64=11)
    Sample #448
        Values: []
        Attributes:
             -> thread.name: python3
             -> thread.id: %!s(int64=1483642)
             -> cpu.logical_number: %!s(int64=11)
    Sample #449
        Values: []
        Attributes:
             -> thread.name: python3
             -> thread.id: %!s(int64=1483642)
             -> cpu.logical_number: %!s(int64=11)
    Sample #450
        Values: []
        Attributes:
             -> thread.name: python3
             -> thread.id: %!s(int64=1483642)
             -> cpu.logical_number: %!s(int64=11)
    Sample #451
        Values: []
        Attributes:
             -> thread.name: python3
             -> thread.id: %!s(int64=1483642)
             -> cpu.logical_number: %!s(int64=11)
    Sample #452
        Values: []
        Attributes:
             -> thread.name: python3
             -> thread.id: %!s(int64=1483642)
             -> cpu.logical_number: %!s(int64=11)
    Sample #453
        Values: []
        Attributes:
             -> thread.name: python3
             -> thread.id: %!s(int64=1483642)
             -> cpu.logical_number: %!s(int64=11)
    Sample #454
        Values: []
        Attributes:
             -> thread.name: python3
             -> thread.id: %!s(int64=1483642)
             -> cpu.logical_number: %!s(int64=11)
    Sample #455
        Values: []
        Attributes:
             -> thread.name: python3
             -> thread.id: %!s(int64=1483642)
             -> cpu.logical_number: %!s(int64=11)
    Sample #456
        Values: []
        Attributes:
             -> thread.name: python3
             -> thread.id: %!s(int64=1483642)
             -> cpu.logical_number: %!s(int64=11)
    Sample #457
        Values: []
        Attributes:
             -> thread.name: python3
             -> thread.id: %!s(int64=1483642)
             -> cpu.logical_number: %!s(int64=11)
    Sample #458
        Values: []
        Attributes:
             -> thread.name: python3
             -> thread.id: %!s(int64=1483642)
             -> cpu.logical_number: %!s(int64=11)
    Sample #459
        Values: []
        Attributes:
             -> thread.name: python3
             -> thread.id: %!s(int64=1483642)
             -> cpu.logical_number: %!s(int64=11)
    Sample #460
        Values: []
        Attributes:
             -> thread.name: python3
             -> thread.id: %!s(int64=1483642)
             -> cpu.logical_number: %!s(int64=11)
    Sample #461
        Values: []
        Attributes:
             -> thread.name: python3
             -> thread.id: %!s(int64=1483642)
             -> cpu.logical_number: %!s(int64=11)
    Sample #462
        Values: []
        Attributes:
             -> thread.name: python3
             -> thread.id: %!s(int64=1483642)
             -> cpu.logical_number: %!s(int64=11)
    Sample #463
        Values: []
        Attributes:
             -> thread.name: python3
             -> thread.id: %!s(int64=1483642)
             -> cpu.logical_number: %!s(int64=11)
    Sample #464
        Values: []
        Attributes:
             -> thread.name: python3
             -> thread.id: %!s(int64=1483642)
             -> cpu.logical_number: %!s(int64=11)
    Sample #465
        Values: []
        Attributes:
             -> thread.name: python3
             -> thread.id: %!s(int64=1483642)
             -> cpu.logical_number: %!s(int64=11)
    Sample #466
        Values: []
        Attributes:
             -> thread.name: python3
             -> thread.id: %!s(int64=1483642)
             -> cpu.logical_number: %!s(int64=11)
    Sample #467
        Values: []
        Attributes:
             -> thread.name: python3
             -> thread.id: %!s(int64=1483642)
             -> cpu.logical_number: %!s(int64=11)
ResourceProfiles #4
Resource SchemaURL: https://opentelemetry.io/schemas/1.37.0
Resource attributes:
     -> process.pid: Int(2711)
     -> process.executable.path: Str(/home/yunwei37/.cargo/bin/agentsight)
     -> process.executable.name: Str(agentsight)
ScopeProfiles #0
ScopeProfiles SchemaURL: https://opentelemetry.io/schemas/1.37.0
InstrumentationScope go.opentelemetry.io/ebpf-profiler v0.0.0
Profile #0
    Profile ID     : 
    Start time     : 2026-06-21 23:48:24.028817665 +0000 UTC
    DurationNano   : 5001177908
    Dropped attributes count: 0
    Sample #0
        Values: []
        Attributes:
             -> thread.name: agentsight
             -> thread.id: %!s(int64=2711)
             -> cpu.logical_number: %!s(int64=0)
    Sample #1
        Values: []
        Attributes:
             -> thread.name: agentsight
             -> thread.id: %!s(int64=2711)
             -> cpu.logical_number: %!s(int64=0)
    Sample #2
        Values: []
        Attributes:
             -> thread.name: agentsight
             -> thread.id: %!s(int64=2711)
             -> cpu.logical_number: %!s(int64=0)
    Sample #3
        Values: []
        Attributes:
             -> thread.name: agentsight
             -> thread.id: %!s(int64=2711)
             -> cpu.logical_number: %!s(int64=0)
    Sample #4
        Values: []
        Attributes:
             -> thread.name: agentsight
             -> thread.id: %!s(int64=2711)
             -> cpu.logical_number: %!s(int64=0)
    Sample #5
        Values: []
        Attributes:
             -> thread.name: agentsight
             -> thread.id: %!s(int64=2711)
             -> cpu.logical_number: %!s(int64=0)
    Sample #6
        Values: []
        Attributes:
             -> thread.name: agentsight
             -> thread.id: %!s(int64=2711)
             -> cpu.logical_number: %!s(int64=0)
    Sample #7
        Values: []
        Attributes:
             -> thread.name: agentsight
             -> thread.id: %!s(int64=2711)
             -> cpu.logical_number: %!s(int64=0)
    Sample #8
        Values: []
        Attributes:
             -> thread.name: agentsight
             -> thread.id: %!s(int64=2711)
             -> cpu.logical_number: %!s(int64=0)
    Sample #9
        Values: []
        Attributes:
             -> thread.name: agentsight
             -> thread.id: %!s(int64=2711)
             -> cpu.logical_number: %!s(int64=0)
    Sample #10
        Values: []
        Attributes:
             -> thread.name: agentsight
             -> thread.id: %!s(int64=2711)
             -> cpu.logical_number: %!s(int64=0)
    Sample #11
        Values: []
        Attributes:
             -> thread.name: agentsight
             -> thread.id: %!s(int64=2711)
             -> cpu.logical_number: %!s(int64=0)
    Sample #12
        Values: []
        Attributes:
             -> thread.name: agentsight
             -> thread.id: %!s(int64=2711)
             -> cpu.logical_number: %!s(int64=0)
    Sample #13
        Values: []
        Attributes:
             -> thread.name: agentsight
             -> thread.id: %!s(int64=2711)
             -> cpu.logical_number: %!s(int64=0)
    Sample #14
        Values: []
        Attributes:
             -> thread.name: agentsight
             -> thread.id: %!s(int64=2711)
             -> cpu.logical_number: %!s(int64=0)
    Sample #15
        Values: []
        Attributes:
             -> thread.name: agentsight
             -> thread.id: %!s(int64=2711)
             -> cpu.logical_number: %!s(int64=0)
    Sample #16
        Values: []
        Attributes:
             -> thread.name: agentsight
             -> thread.id: %!s(int64=2711)
             -> cpu.logical_number: %!s(int64=0)
    Sample #17
        Values: []
        Attributes:
             -> thread.name: agentsight
             -> thread.id: %!s(int64=2711)
             -> cpu.logical_number: %!s(int64=0)
    Sample #18
        Values: []
        Attributes:
             -> thread.name: agentsight
             -> thread.id: %!s(int64=2711)
             -> cpu.logical_number: %!s(int64=0)
    Sample #19
        Values: []
        Attributes:
             -> thread.name: agentsight
             -> thread.id: %!s(int64=2711)
             -> cpu.logical_number: %!s(int64=0)
    Sample #20
        Values: []
        Attributes:
             -> thread.name: agentsight
             -> thread.id: %!s(int64=2711)
             -> cpu.logical_number: %!s(int64=0)
    Sample #21
        Values: []
        Attributes:
             -> thread.name: agentsight
             -> thread.id: %!s(int64=2711)
             -> cpu.logical_number: %!s(int64=0)
    Sample #22
        Values: []
        Attributes:
             -> thread.name: agentsight
             -> thread.id: %!s(int64=2711)
             -> cpu.logical_number: %!s(int64=0)
    Sample #23
        Values: []
        Attributes:
             -> thread.name: agentsight
             -> thread.id: %!s(int64=2711)
             -> cpu.logical_number: %!s(int64=0)
    Sample #24
        Values: []
        Attributes:
             -> thread.name: agentsight
             -> thread.id: %!s(int64=2711)
             -> cpu.logical_number: %!s(int64=0)
    Sample #25
        Values: []
        Attributes:
             -> thread.name: agentsight
             -> thread.id: %!s(int64=2711)
             -> cpu.logical_number: %!s(int64=0)
    Sample #26
        Values: []
        Attributes:
             -> thread.name: agentsight
             -> thread.id: %!s(int64=2711)
             -> cpu.logical_number: %!s(int64=0)
    Sample #27
        Values: []
        Attributes:
             -> thread.name: agentsight
             -> thread.id: %!s(int64=2711)
             -> cpu.logical_number: %!s(int64=0)
    Sample #28
        Values: []
        Attributes:
             -> thread.name: agentsight
             -> thread.id: %!s(int64=2711)
             -> cpu.logical_number: %!s(int64=0)
    Sample #29
        Values: []
        Attributes:
             -> thread.name: agentsight
             -> thread.id: %!s(int64=2711)
             -> cpu.logical_number: %!s(int64=0)
    Sample #30
        Values: []
        Attributes:
             -> thread.name: agentsight
             -> thread.id: %!s(int64=2711)
             -> cpu.logical_number: %!s(int64=0)
    Sample #31
        Values: []
        Attributes:
             -> thread.name: agentsight
             -> thread.id: %!s(int64=2711)
             -> cpu.logical_number: %!s(int64=0)
    Sample #32
        Values: []
        Attributes:
             -> thread.name: agentsight
             -> thread.id: %!s(int64=2711)
             -> cpu.logical_number: %!s(int64=0)
ResourceProfiles #5
Resource SchemaURL: https://opentelemetry.io/schemas/1.37.0
Resource attributes:
     -> process.pid: Int(1483475)
     -> process.executable.path: Str(/home/fishclaw/.nvm/versions/node/v22.22.0/bin/node)
     -> process.executable.name: Str(node)
ScopeProfiles #0
ScopeProfiles SchemaURL: https://opentelemetry.io/schemas/1.37.0
InstrumentationScope go.opentelemetry.io/ebpf-profiler v0.0.0
Profile #0
    Profile ID     : 
    Start time     : 2026-06-21 23:48:24.028817665 +0000 UTC
    DurationNano   : 5001177908
    Dropped attributes count: 0
    Sample #0
        Values: []
        Attributes:
             -> thread.name: node
             -> thread.id: %!s(int64=1483481)
             -> cpu.logical_number: %!s(int64=13)
ResourceProfiles #6
Resource SchemaURL: https://opentelemetry.io/schemas/1.37.0
Resource attributes:
     -> process.pid: Int(1507)
     -> process.executable.path: Str(/usr/libexec/accounts-daemon)
     -> process.executable.name: Str(accounts-daemon)
ScopeProfiles #0
ScopeProfiles SchemaURL: https://opentelemetry.io/schemas/1.37.0
InstrumentationScope go.opentelemetry.io/ebpf-profiler v0.0.0
Profile #0
    Profile ID     : 
    Start time     : 2026-06-21 23:48:24.028817665 +0000 UTC
    DurationNano   : 5001177908
    Dropped attributes count: 0
    Sample #0
        Values: []
        Attributes:
             -> thread.name: gmain
             -> thread.id: %!s(int64=1581)
             -> cpu.logical_number: %!s(int64=7)
    Sample #1
        Values: []
        Attributes:
             -> thread.name: gmain
             -> thread.id: %!s(int64=1581)
             -> cpu.logical_number: %!s(int64=7)
    Sample #2
        Values: []
        Attributes:
             -> thread.name: gmain
             -> thread.id: %!s(int64=1581)
             -> cpu.logical_number: %!s(int64=7)
    Sample #3
        Values: []
        Attributes:
             -> thread.name: gmain
             -> thread.id: %!s(int64=1581)
             -> cpu.logical_number: %!s(int64=7)
    Sample #4
        Values: []
        Attributes:
             -> thread.name: gmain
             -> thread.id: %!s(int64=1581)
             -> cpu.logical_number: %!s(int64=7)
    Sample #5
        Values: []
        Attributes:
             -> thread.name: gmain
             -> thread.id: %!s(int64=1581)
             -> cpu.logical_number: %!s(int64=7)
    Sample #6
        Values: []
        Attributes:
             -> thread.name: gmain
             -> thread.id: %!s(int64=1581)
             -> cpu.logical_number: %!s(int64=7)
ResourceProfiles #7
Resource SchemaURL: https://opentelemetry.io/schemas/1.37.0
Resource attributes:
     -> process.pid: Int(1483496)
     -> process.executable.path: Str(/home/yunwei37/workspace/gpu/bpftime/example/otel-ebpf-profiler/victim)
     -> process.executable.name: Str(victim)
ScopeProfiles #0
ScopeProfiles SchemaURL: https://opentelemetry.io/schemas/1.37.0
InstrumentationScope go.opentelemetry.io/ebpf-profiler v0.0.0
Profile #0
    Profile ID     : 
    Start time     : 2026-06-21 23:48:24.028817665 +0000 UTC
    DurationNano   : 5001177908
    Dropped attributes count: 0
    Sample #0
        Values: []
        Attributes:
             -> thread.name: victim
             -> thread.id: %!s(int64=1483496)
             -> cpu.logical_number: %!s(int64=1)
    Sample #1
        Values: []
        Attributes:
             -> thread.name: victim
             -> thread.id: %!s(int64=1483496)
             -> cpu.logical_number: %!s(int64=1)
    Sample #2
        Values: []
        Attributes:
             -> thread.name: victim
             -> thread.id: %!s(int64=1483496)
             -> cpu.logical_number: %!s(int64=1)
    Sample #3
        Values: []
        Attributes:
             -> thread.name: victim
             -> thread.id: %!s(int64=1483496)
             -> cpu.logical_number: %!s(int64=1)
    Sample #4
        Values: []
        Attributes:
             -> thread.name: victim
             -> thread.id: %!s(int64=1483496)
             -> cpu.logical_number: %!s(int64=1)
    Sample #5
        Values: []
        Attributes:
             -> thread.name: victim
             -> thread.id: %!s(int64=1483496)
             -> cpu.logical_number: %!s(int64=1)
    Sample #6
        Values: []
        Attributes:
             -> thread.name: victim
             -> thread.id: %!s(int64=1483496)
             -> cpu.logical_number: %!s(int64=1)
    Sample #7
        Values: []
        Attributes:
             -> thread.name: victim
             -> thread.id: %!s(int64=1483496)
             -> cpu.logical_number: %!s(int64=1)
    Sample #8
        Values: []
        Attributes:
             -> thread.name: victim
             -> thread.id: %!s(int64=1483496)
             -> cpu.logical_number: %!s(int64=1)
Profile #1
    Profile ID     : 
    Start time     : 2026-06-21 23:48:24.028817665 +0000 UTC
    DurationNano   : 5001177908
    Dropped attributes count: 0
    Sample #0
        Values: []
        Attributes:
             -> thread.name: victim
             -> thread.id: %!s(int64=1483496)
             -> cpu.logical_number: %!s(int64=1)
    Sample #1
        Values: []
        Attributes:
             -> thread.name: victim
             -> thread.id: %!s(int64=1483496)
             -> cpu.logical_number: %!s(int64=1)
	{"resource": {"service.instance.id": "f5326ab8-88e9-4e94-91b5-b957030f4cef", "service.name": "otelcol-ebpf-profiler", "service.version": "dev"}, "otelcol.component.id": "debug", "otelcol.component.kind": "exporter", "otelcol.signal": "profiles"}
2026-06-21T16:48:34.041-0700	info	Profiles	{"resource": {"service.instance.id": "f5326ab8-88e9-4e94-91b5-b957030f4cef", "service.name": "otelcol-ebpf-profiler", "service.version": "dev"}, "otelcol.component.id": "debug", "otelcol.component.kind": "exporter", "otelcol.signal": "profiles", "resource profiles": 24, "sample records": 2850}
2026-06-21T16:48:34.047-0700	info	Mapping #0
    Memory start: 0
    Memory limit: 0
    File offset: 0
    File name: 0
    Attributes: []
Mapping #1
    Memory start: 4194304
    Memory limit: 19996672
    File offset: 0
    File name: 5
    Attributes: [1 2]
Mapping #2
    Memory start: 163840
    Memory limit: 1769472
    File offset: 163840
    File name: 20
    Attributes: [7]
Mapping #3
    Memory start: 4325376
    Memory limit: 7352320
    File offset: 131072
    File name: 21
    Attributes: [9]
Mapping #4
    Memory start: 8192
    Memory limit: 32768
    File offset: 8192
    File name: 22
    Attributes: [16]
Mapping #5
    Memory start: 0
    Memory limit: 0
    File offset: 0
    File name: 23
    Attributes: [20 21]
Mapping #6
    Memory start: 16384
    Memory limit: 102400
    File offset: 16384
    File name: 35
    Attributes: [27]
Mapping #7
    Memory start: 7925760
    Memory limit: 214024192
    File offset: 7925760
    File name: 48
    Attributes: [34]
Mapping #8
    Memory start: 12288
    Memory limit: 36864
    File offset: 12288
    File name: 49
    Attributes: [43]
Mapping #9
    Memory start: 28672
    Memory limit: 163840
    File offset: 28672
    File name: 50
    Attributes: [44]
Mapping #10
    Memory start: 24576
    Memory limit: 106496
    File offset: 24576
    File name: 51
    Attributes: [45]
Mapping #11
    Memory start: 14893056
    Memory limit: 53129216
    File offset: 10698752
    File name: 52
    Attributes: [48 49]
Mapping #12
    Memory start: 667648
    Memory limit: 2093056
    File offset: 667648
    File name: 67
    Attributes: [54]
Mapping #13
    Memory start: 4096
    Memory limit: 8192
    File offset: 4096
    File name: 117
    Attributes: [59]
Mapping #14
    Memory start: 14532608
    Memory limit: 21663744
    File offset: 14528512
    File name: 125
    Attributes: [68 69]
Mapping #15
    Memory start: 8192
    Memory limit: 16384
    File offset: 8192
    File name: 133
    Attributes: [74]
Mapping #16
    Memory start: 8192
    Memory limit: 28672
    File offset: 8192
    File name: 134
    Attributes: [79]
Location #0
    Mapping index: 0
    Address: 0
    Attributes: []
Location #1
    Mapping index: 1
    Address: 4553898
    Line #0
        Function index: 1
        Line: 6955
        Column: 0
    Attributes: [3]
Location #2
    Mapping index: 1
    Address: 4519965
    Line #0
        Function index: 2
        Line: 3593
        Column: 0
    Attributes: [3]
Location #3
    Mapping index: 1
    Address: 4526512
    Line #0
        Function index: 3
        Line: 4138
        Column: 0
    Attributes: [3]
Location #4
    Mapping index: 1
    Address: 4527652
    Line #0
        Function index: 4
        Line: 4267
        Column: 0
    Attributes: [3]
Location #5
    Mapping index: 1
    Address: 4733108
    Line #0
        Function index: 5
        Line: 462
        Column: 0
    Attributes: [3]
Location #6
    Mapping index: 2
    Address: 710256
    Attributes: [8]
Location #7
    Mapping index: 3
    Address: 4977075
    Attributes: [8]
Location #8
    Mapping index: 3
    Address: 4978807
    Attributes: [8]
Location #9
    Mapping index: 3
    Address: 7349058
    Attributes: [8]
Location #10
    Mapping index: 3
    Address: 5775887
    Attributes: [8]
Location #11
    Mapping index: 3
    Address: 5542580
    Attributes: [8]
Location #12
    Mapping index: 0
    Address: 0
    Attributes: [10]
Location #13
    Mapping index: 3
    Address: 6124424
    Attributes: [8]
Location #14
    Mapping index: 3
    Address: 6117562
    Attributes: [8]
Location #15
    Mapping index: 3
    Address: 7347924
    Attributes: [8]
Location #16
    Mapping index: 3
    Address: 6994107
    Attributes: [8]
Location #17
    Mapping index: 3
    Address: 6995030
    Attributes: [8]
Location #18
    Mapping index: 3
    Address: 7015498
    Attributes: [8]
Location #19
    Mapping index: 3
    Address: 7015363
    Attributes: [8]
Location #20
    Mapping index: 3
    Address: 7012941
    Attributes: [8]
Location #21
    Mapping index: 3
    Address: 7064116
    Attributes: [8]
Location #22
    Mapping index: 3
    Address: 7063908
    Attributes: [8]
Location #23
    Mapping index: 3
    Address: 7063884
    Attributes: [8]
Location #24
    Mapping index: 2
    Address: 172489
    Attributes: [8]
Location #25
    Mapping index: 2
    Address: 172682
    Attributes: [8]
Location #26
    Mapping index: 3
    Address: 6650628
    Attributes: [8]
Location #27
    Mapping index: 3
    Address: 5795478
    Attributes: [8]
Location #28
    Mapping index: 3
    Address: 5717603
    Attributes: [8]
Location #29
    Mapping index: 3
    Address: 5716202
    Attributes: [8]
Location #30
    Mapping index: 3
    Address: 5721267
    Attributes: [8]
Location #31
    Mapping index: 3
    Address: 7044216
    Attributes: [8]
Location #32
    Mapping index: 3
    Address: 7017150
    Attributes: [8]
Location #33
    Mapping index: 3
    Address: 7015524
    Attributes: [8]
Location #34
    Mapping index: 3
    Address: 5792443
    Attributes: [8]
Location #35
    Mapping index: 3
    Address: 7008750
    Attributes: [8]
Location #36
    Mapping index: 3
    Address: 7017114
    Attributes: [8]
Location #37
    Mapping index: 3
    Address: 7348547
    Attributes: [8]
Location #38
    Mapping index: 3
    Address: 7347474
    Attributes: [8]
Location #39
    Mapping index: 2
    Address: 712016
    Attributes: [8]
Location #40
    Mapping index: 3
    Address: 6287698
    Attributes: [8]
Location #41
    Mapping index: 3
    Address: 6287598
    Attributes: [8]
Location #42
    Mapping index: 3
    Address: 6288651
    Attributes: [8]
Location #43
    Mapping index: 3
    Address: 7000566
    Attributes: [8]
Location #44
    Mapping index: 3
    Address: 7347989
    Attributes: [8]
Location #45
    Mapping index: 3
    Address: 6288552
    Attributes: [8]
Location #46
    Mapping index: 3
    Address: 7001580
    Attributes: [8]
Location #47
    Mapping index: 3
    Address: 6287405
    Attributes: [8]
Location #48
    Mapping index: 3
    Address: 6288340
    Attributes: [8]
Location #49
    Mapping index: 3
    Address: 7001673
    Attributes: [8]
Location #50
    Mapping index: 3
    Address: 7061307
    Attributes: [8]
Location #51
    Mapping index: 3
    Address: 7349736
    Attributes: [8]
Location #52
    Mapping index: 3
    Address: 5592389
    Attributes: [8]
Location #53
    Mapping index: 3
    Address: 6108373
    Attributes: [8]
Location #54
    Mapping index: 3
    Address: 6127098
    Attributes: [8]
Location #55
    Mapping index: 3
    Address: 6287779
    Attributes: [8]
Location #56
    Mapping index: 3
    Address: 6288667
    Attributes: [8]
Location #57
    Mapping index: 3
    Address: 7000594
    Attributes: [8]
Location #58
    Mapping index: 3
    Address: 7001259
    Attributes: [8]
Location #59
    Mapping index: 3
    Address: 5783791
    Attributes: [8]
Location #60
    Mapping index: 3
    Address: 5783482
    Attributes: [8]
Location #61
    Mapping index: 3
    Address: 5777956
    Attributes: [8]
Location #62
    Mapping index: 3
    Address: 6281229
    Attributes: [8]
Location #63
    Mapping index: 3
    Address: 5775617
    Attributes: [8]
Location #64
    Mapping index: 3
    Address: 6141233
    Attributes: [8]
Location #65
    Mapping index: 3
    Address: 5546118
    Attributes: [8]
Location #66
    Mapping index: 3
    Address: 5552386
    Attributes: [8]
Location #67
    Mapping index: 3
    Address: 6282532
    Attributes: [8]
Location #68
    Mapping index: 3
    Address: 6145757
    Attributes: [8]
Location #69
    Mapping index: 3
    Address: 6108843
    Attributes: [8]
Location #70
    Mapping index: 3
    Address: 5775468
    Attributes: [8]
Location #71
    Mapping index: 3
    Address: 5545140
    Attributes: [8]
Location #72
    Mapping index: 3
    Address: 5548035
    Attributes: [8]
Location #73
    Mapping index: 3
    Address: 6982166
    Attributes: [8]
Location #74
    Mapping index: 3
    Address: 7015547
    Attributes: [8]
Location #75
    Mapping index: 3
    Address: 5874021
    Attributes: [8]
Location #76
    Mapping index: 3
    Address: 5872662
    Attributes: [8]
Location #77
    Mapping index: 3
    Address: 5543399
    Attributes: [8]
Location #78
    Mapping index: 3
    Address: 6105802
    Attributes: [8]
Location #79
    Mapping index: 3
    Address: 5548801
    Attributes: [8]
Location #80
    Mapping index: 3
    Address: 5890414
    Attributes: [8]
Location #81
    Mapping index: 3
    Address: 5872722
    Attributes: [8]
Location #82
    Mapping index: 3
    Address: 5547513
    Attributes: [8]
Location #83
    Mapping index: 3
    Address: 6980554
    Attributes: [8]
Location #84
    Mapping index: 3
    Address: 7015229
    Attributes: [8]
Location #85
    Mapping index: 3
    Address: 7013545
    Attributes: [8]
Location #86
    Mapping index: 3
    Address: 7012896
    Attributes: [8]
Location #87
    Mapping index: 3
    Address: 7008814
    Attributes: [8]
Location #88
    Mapping index: 2
    Address: 923426
    Attributes: [8]
Location #89
    Mapping index: 2
    Address: 919451
    Attributes: [8]
Location #90
    Mapping index: 2
    Address: 921994
    Attributes: [8]
Location #91
    Mapping index: 3
    Address: 6328559
    Attributes: [8]
Location #92
    Mapping index: 3
    Address: 7311059
    Attributes: [8]
Location #93
    Mapping index: 3
    Address: 7310726
    Attributes: [8]
Location #94
    Mapping index: 3
    Address: 5778772
    Attributes: [8]
Location #95
    Mapping index: 3
    Address: 6281510
    Attributes: [8]
Location #96
    Mapping index: 3
    Address: 6137947
    Attributes: [8]
Location #97
    Mapping index: 3
    Address: 6109683
    Attributes: [8]
Location #98
    Mapping index: 3
    Address: 5540869
    Attributes: [8]
Location #99
    Mapping index: 3
    Address: 6286343
    Attributes: [8]
Location #100
    Mapping index: 3
    Address: 6285984
    Attributes: [8]
Location #101
    Mapping index: 3
    Address: 6982228
    Attributes: [8]
Location #102
    Mapping index: 3
    Address: 6988576
    Attributes: [8]
Location #103
    Mapping index: 3
    Address: 7013612
    Attributes: [8]
Location #104
    Mapping index: 3
    Address: 6988798
    Attributes: [8]
Location #105
    Mapping index: 3
    Address: 6287447
    Attributes: [8]
Location #106
    Mapping index: 3
    Address: 7000467
    Attributes: [8]
Location #107
    Mapping index: 3
    Address: 7001642
    Attributes: [8]
Location #108
    Mapping index: 3
    Address: 5802078
    Attributes: [8]
Location #109
    Mapping index: 3
    Address: 5838803
    Attributes: [8]
Location #110
    Mapping index: 3
    Address: 5565054
    Attributes: [8]
Location #111
    Mapping index: 3
    Address: 7347952
    Attributes: [8]
Location #112
    Mapping index: 3
    Address: 6288389
    Attributes: [8]
Location #113
    Mapping index: 3
    Address: 7000506
    Attributes: [8]
Location #114
    Mapping index: 3
    Address: 6609430
    Attributes: [8]
Location #115
    Mapping index: 3
    Address: 5742273
    Attributes: [8]
Location #116
    Mapping index: 3
    Address: 5894536
    Attributes: [8]
Location #117
    Mapping index: 3
    Address: 5742305
    Attributes: [8]
Location #118
    Mapping index: 3
    Address: 5557492
    Attributes: [8]
Location #119
    Mapping index: 3
    Address: 6161225
    Attributes: [8]
Location #120
    Mapping index: 3
    Address: 7008949
    Attributes: [8]
Location #121
    Mapping index: 3
    Address: 5717487
    Attributes: [8]
Location #122
    Mapping index: 3
    Address: 4977474
    Attributes: [8]
Location #123
    Mapping index: 3
    Address: 5932780
    Attributes: [8]
Location #124
    Mapping index: 3
    Address: 7221524
    Attributes: [8]
Location #125
    Mapping index: 3
    Address: 6982931
    Attributes: [8]
Location #126
    Mapping index: 3
    Address: 6936366
    Attributes: [8]
Location #127
    Mapping index: 3
    Address: 6177661
    Attributes: [8]
Location #128
    Mapping index: 3
    Address: 6811606
    Attributes: [8]
Location #129
    Mapping index: 3
    Address: 6811279
    Attributes: [8]
Location #130
    Mapping index: 3
    Address: 7015620
    Attributes: [8]
Location #131
    Mapping index: 3
    Address: 6280674
    Attributes: [8]
Location #132
    Mapping index: 3
    Address: 6281098
    Attributes: [8]
Location #133
    Mapping index: 3
    Address: 7348122
    Attributes: [8]
Location #134
    Mapping index: 3
    Address: 7347252
    Attributes: [8]
Location #135
    Mapping index: 2
    Address: 548478
    Attributes: [8]
Location #136
    Mapping index: 3
    Address: 7061031
    Attributes: [8]
Location #137
    Mapping index: 3
    Address: 7349193
    Attributes: [8]
Location #138
    Mapping index: 3
    Address: 5797766
    Attributes: [8]
Location #139
    Mapping index: 3
    Address: 5778665
    Attributes: [8]
Location #140
    Mapping index: 3
    Address: 7061045
    Attributes: [8]
Location #141
    Mapping index: 3
    Address: 5340578
    Attributes: [8]
Location #142
    Mapping index: 3
    Address: 6287564
    Attributes: [8]
Location #143
    Mapping index: 3
    Address: 5720066
    Attributes: [8]
Location #144
    Mapping index: 3
    Address: 6499954
    Attributes: [8]
Location #145
    Mapping index: 2
    Address: 922929
    Attributes: [8]
Location #146
    Mapping index: 3
    Address: 5932813
    Attributes: [8]
Location #147
    Mapping index: 3
    Address: 7008650
    Attributes: [8]
Location #148
    Mapping index: 3
    Address: 6287679
    Attributes: [8]
Location #149
    Mapping index: 3
    Address: 7000622
    Attributes: [8]
Location #150
    Mapping index: 3
    Address: 6283130
    Attributes: [8]
Location #151
    Mapping index: 3
    Address: 7001214
    Attributes: [8]
Location #152
    Mapping index: 3
    Address: 6287717
    Attributes: [8]
Location #153
    Mapping index: 3
    Address: 7001797
    Attributes: [8]
Location #154
    Mapping index: 3
    Address: 6288585
    Attributes: [8]
Location #155
    Mapping index: 3
    Address: 7001390
    Attributes: [8]
Location #156
    Mapping index: 3
    Address: 7001435
    Attributes: [8]
Location #157
    Mapping index: 3
    Address: 7001497
    Attributes: [8]
Location #158
    Mapping index: 3
    Address: 5526072
    Attributes: [8]
Location #159
    Mapping index: 3
    Address: 6303408
    Attributes: [8]
Location #160
    Mapping index: 3
    Address: 6304522
    Attributes: [8]
Location #161
    Mapping index: 3
    Address: 6303936
    Attributes: [8]
Location #162
    Mapping index: 3
    Address: 6304546
    Attributes: [8]
Location #163
    Mapping index: 3
    Address: 6314339
    Attributes: [8]
Location #164
    Mapping index: 3
    Address: 4977994
    Attributes: [8]
Location #165
    Mapping index: 3
    Address: 5988485
    Attributes: [8]
Location #166
    Mapping index: 3
    Address: 6235621
    Attributes: [8]
Location #167
    Mapping index: 3
    Address: 7349213
    Attributes: [8]
Location #168
    Mapping index: 3
    Address: 7001611
    Attributes: [8]
Location #169
    Mapping index: 3
    Address: 6609533
    Attributes: [8]
Location #170
    Mapping index: 2
    Address: 916984
    Attributes: [8]
Location #171
    Mapping index: 2
    Address: 925403
    Attributes: [8]
Location #172
    Mapping index: 3
    Address: 6407252
    Attributes: [8]
Location #173
    Mapping index: 3
    Address: 5835407
    Attributes: [8]
Location #174
    Mapping index: 3
    Address: 6303562
    Attributes: [8]
Location #175
    Mapping index: 3
    Address: 6304570
    Attributes: [8]
Location #176
    Mapping index: 3
    Address: 6302904
    Attributes: [8]
Location #177
    Mapping index: 3
    Address: 7006040
    Attributes: [8]
Location #178
    Mapping index: 3
    Address: 7347133
    Attributes: [8]
Location #179
    Mapping index: 3
    Address: 6277311
    Attributes: [8]
Location #180
    Mapping index: 3
    Address: 5925585
    Attributes: [8]
Location #181
    Mapping index: 3
    Address: 5558926
    Attributes: [8]
Location #182
    Mapping index: 3
    Address: 7338329
    Attributes: [8]
Location #183
    Mapping index: 3
    Address: 7014631
    Attributes: [8]
Location #184
    Mapping index: 3
    Address: 5925015
    Attributes: [8]
Location #185
    Mapping index: 3
    Address: 6804595
    Attributes: [8]
Location #186
    Mapping index: 3
    Address: 7014580
    Attributes: [8]
Location #187
    Mapping index: 3
    Address: 6805615
    Attributes: [8]
Location #188
    Mapping index: 3
    Address: 6805895
    Attributes: [8]
Location #189
    Mapping index: 3
    Address: 5558820
    Attributes: [8]
Location #190
    Mapping index: 3
    Address: 7328321
    Attributes: [8]
Location #191
    Mapping index: 3
    Address: 5559483
    Attributes: [8]
Location #192
    Mapping index: 3
    Address: 7334135
    Attributes: [8]
Location #193
    Mapping index: 3
    Address: 5558674
    Attributes: [8]
Location #194
    Mapping index: 3
    Address: 7336565
    Attributes: [8]
Location #195
    Mapping index: 3
    Address: 5559630
    Attributes: [8]
Location #196
    Mapping index: 3
    Address: 7337177
    Attributes: [8]
Location #197
    Mapping index: 3
    Address: 6979553
    Attributes: [8]
Location #198
    Mapping index: 3
    Address: 6979246
    Attributes: [8]
Location #199
    Mapping index: 3
    Address: 7042644
    Attributes: [8]
Location #200
    Mapping index: 3
    Address: 7014893
    Attributes: [8]
Location #201
    Mapping index: 3
    Address: 5865656
    Attributes: [8]
Location #202
    Mapping index: 3
    Address: 7255929
    Attributes: [8]
Location #203
    Mapping index: 3
    Address: 6805015
    Attributes: [8]
Location #204
    Mapping index: 3
    Address: 6807095
    Attributes: [8]
Location #205
    Mapping index: 3
    Address: 7325981
    Attributes: [8]
Location #206
    Mapping index: 3
    Address: 5559736
    Attributes: [8]
Location #207
    Mapping index: 3
    Address: 7326035
    Attributes: [8]
Location #208
    Mapping index: 3
    Address: 5559336
    Attributes: [8]
Location #209
    Mapping index: 3
    Address: 7326215
    Attributes: [8]
Location #210
    Mapping index: 3
    Address: 7328303
    Attributes: [8]
Location #211
    Mapping index: 3
    Address: 5559583
    Attributes: [8]
Location #212
    Mapping index: 3
    Address: 7328429
    Attributes: [8]
Location #213
    Mapping index: 3
    Address: 7328969
    Attributes: [8]
Location #214
    Mapping index: 3
    Address: 7326161
    Attributes: [8]
Location #215
    Mapping index: 3
    Address: 7336385
    Attributes: [8]
Location #216
    Mapping index: 3
    Address: 5558773
    Attributes: [8]
Location #217
    Mapping index: 3
    Address: 7337339
    Attributes: [8]
Location #218
    Mapping index: 3
    Address: 5558627
    Attributes: [8]
Location #219
    Mapping index: 3
    Address: 7338185
    Attributes: [8]
Location #220
    Mapping index: 3
    Address: 7338293
    Attributes: [8]
Location #221
    Mapping index: 3
    Address: 6799835
    Attributes: [8]
Location #222
    Mapping index: 3
    Address: 6801855
    Attributes: [8]
Location #223
    Mapping index: 3
    Address: 7325729
    Attributes: [8]
Location #224
    Mapping index: 3
    Address: 7326845
    Attributes: [8]
Location #225
    Mapping index: 3
    Address: 7327115
    Attributes: [8]
Location #226
    Mapping index: 3
    Address: 7332371
    Attributes: [8]
Location #227
    Mapping index: 3
    Address: 5558867
    Attributes: [8]
Location #228
    Mapping index: 3
    Address: 7332479
    Attributes: [8]
Location #229
    Mapping index: 3
    Address: 5559436
    Attributes: [8]
Location #230
    Mapping index: 3
    Address: 7332749
    Attributes: [8]
Location #231
    Mapping index: 3
    Address: 6803855
    Attributes: [8]
Location #232
    Mapping index: 3
    Address: 5559529
    Attributes: [8]
Location #233
    Mapping index: 3
    Address: 7326341
    Attributes: [8]
Location #234
    Mapping index: 3
    Address: 7329419
    Attributes: [8]
Location #235
    Mapping index: 3
    Address: 7332407
    Attributes: [8]
Location #236
    Mapping index: 3
    Address: 7334243
    Attributes: [8]
Location #237
    Mapping index: 3
    Address: 7334909
    Attributes: [8]
Location #238
    Mapping index: 3
    Address: 7307340
    Attributes: [8]
Location #239
    Mapping index: 3
    Address: 6803035
    Attributes: [8]
Location #240
    Mapping index: 3
    Address: 6804935
    Attributes: [8]
Location #241
    Mapping index: 3
    Address: 7326971
    Attributes: [8]
Location #242
    Mapping index: 3
    Address: 7327403
    Attributes: [8]
Location #243
    Mapping index: 3
    Address: 5558720
    Attributes: [8]
Location #244
    Mapping index: 3
    Address: 7336547
    Attributes: [8]
Location #245
    Mapping index: 3
    Address: 7337591
    Attributes: [8]
Location #246
    Mapping index: 3
    Address: 5799262
    Attributes: [8]
Location #247
    Mapping index: 3
    Address: 5813547
    Attributes: [8]
Location #248
    Mapping index: 3
    Address: 5810752
    Attributes: [8]
Location #249
    Mapping index: 3
    Address: 5809627
    Attributes: [8]
Location #250
    Mapping index: 3
    Address: 5542260
    Attributes: [8]
Location #251
    Mapping index: 3
    Address: 5541321
    Attributes: [8]
Location #252
    Mapping index: 3
    Address: 7041283
    Attributes: [8]
Location #253
    Mapping index: 3
    Address: 6803835
    Attributes: [8]
Location #254
    Mapping index: 3
    Address: 6807615
    Attributes: [8]
Location #255
    Mapping index: 3
    Address: 7326413
    Attributes: [8]
Location #256
    Mapping index: 3
    Address: 7328609
    Attributes: [8]
Location #257
    Mapping index: 3
    Address: 6988437
    Attributes: [8]
Location #258
    Mapping index: 3
    Address: 6800755
    Attributes: [8]
Location #259
    Mapping index: 3
    Address: 6801315
    Attributes: [8]
Location #260
    Mapping index: 3
    Address: 6805375
    Attributes: [8]
Location #261
    Mapping index: 3
    Address: 7325081
    Attributes: [8]
Location #262
    Mapping index: 3
    Address: 7331057
    Attributes: [8]
Location #263
    Mapping index: 3
    Address: 6988642
    Attributes: [8]
Location #264
    Mapping index: 3
    Address: 6804555
    Attributes: [8]
Location #265
    Mapping index: 3
    Address: 6807915
    Attributes: [8]
Location #266
    Mapping index: 3
    Address: 7325693
    Attributes: [8]
Location #267
    Mapping index: 3
    Address: 7328573
    Attributes: [8]
Location #268
    Mapping index: 3
    Address: 7337429
    Attributes: [8]
Location #269
    Mapping index: 3
    Address: 6977935
    Attributes: [8]
Location #270
    Mapping index: 3
    Address: 6979647
    Attributes: [8]
Location #271
    Mapping index: 3
    Address: 6799755
    Attributes: [8]
Location #272
    Mapping index: 3
    Address: 7324883
    Attributes: [8]
Location #273
    Mapping index: 3
    Address: 7327277
    Attributes: [8]
Location #274
    Mapping index: 3
    Address: 7330283
    Attributes: [8]
Location #275
    Mapping index: 3
    Address: 5559677
    Attributes: [8]
Location #276
    Mapping index: 3
    Address: 7334513
    Attributes: [8]
Location #277
    Mapping index: 3
    Address: 6809855
    Attributes: [8]
Location #278
    Mapping index: 3
    Address: 7325801
    Attributes: [8]
Location #279
    Mapping index: 3
    Address: 7327187
    Attributes: [8]
Location #280
    Mapping index: 3
    Address: 7328699
    Attributes: [8]
Location #281
    Mapping index: 3
    Address: 7331183
    Attributes: [8]
Location #282
    Mapping index: 3
    Address: 7334099
    Attributes: [8]
Location #283
    Mapping index: 3
    Address: 6807275
    Attributes: [8]
Location #284
    Mapping index: 3
    Address: 7335665
    Attributes: [8]
Location #285
    Mapping index: 3
    Address: 7335719
    Attributes: [8]
Location #286
    Mapping index: 3
    Address: 7336907
    Attributes: [8]
Location #287
    Mapping index: 3
    Address: 6806535
    Attributes: [8]
Location #288
    Mapping index: 3
    Address: 6808675
    Attributes: [8]
Location #289
    Mapping index: 3
    Address: 7329293
    Attributes: [8]
Location #290
    Mapping index: 3
    Address: 6800875
    Attributes: [8]
Location #291
    Mapping index: 3
    Address: 6806775
    Attributes: [8]
Location #292
    Mapping index: 3
    Address: 7337105
    Attributes: [8]
Location #293
    Mapping index: 3
    Address: 7001766
    Attributes: [8]
Location #294
    Mapping index: 3
    Address: 6800255
    Attributes: [8]
Location #295
    Mapping index: 3
    Address: 6806895
    Attributes: [8]
Location #296
    Mapping index: 3
    Address: 6809115
    Attributes: [8]
Location #297
    Mapping index: 3
    Address: 7327529
    Attributes: [8]
Location #298
    Mapping index: 3
    Address: 6800235
    Attributes: [8]
Location #299
    Mapping index: 3
    Address: 6804255
    Attributes: [8]
Location #300
    Mapping index: 3
    Address: 7326017
    Attributes: [8]
Location #301
    Mapping index: 3
    Address: 7326611
    Attributes: [8]
Location #302
    Mapping index: 3
    Address: 7328663
    Attributes: [8]
Location #303
    Mapping index: 3
    Address: 7331903
    Attributes: [8]
Location #304
    Mapping index: 3
    Address: 7334153
    Attributes: [8]
Location #305
    Mapping index: 3
    Address: 7334675
    Attributes: [8]
Location #306
    Mapping index: 3
    Address: 6802915
    Attributes: [8]
Location #307
    Mapping index: 3
    Address: 7326071
    Attributes: [8]
Location #308
    Mapping index: 3
    Address: 7326791
    Attributes: [8]
Location #309
    Mapping index: 3
    Address: 7327007
    Attributes: [8]
Location #310
    Mapping index: 3
    Address: 7327151
    Attributes: [8]
Location #311
    Mapping index: 3
    Address: 7337393
    Attributes: [8]
Location #312
    Mapping index: 3
    Address: 7337555
    Attributes: [8]
Location #313
    Mapping index: 3
    Address: 6804895
    Attributes: [8]
Location #314
    Mapping index: 3
    Address: 6806315
    Attributes: [8]
Location #315
    Mapping index: 3
    Address: 7325279
    Attributes: [8]
Location #316
    Mapping index: 3
    Address: 7326539
    Attributes: [8]
Location #317
    Mapping index: 3
    Address: 7327691
    Attributes: [8]
Location #318
    Mapping index: 3
    Address: 7331201
    Attributes: [8]
Location #319
    Mapping index: 3
    Address: 7334117
    Attributes: [8]
Location #320
    Mapping index: 3
    Address: 6801695
    Attributes: [8]
Location #321
    Mapping index: 3
    Address: 6803655
    Attributes: [8]
Location #322
    Mapping index: 3
    Address: 6804795
    Attributes: [8]
Location #323
    Mapping index: 3
    Address: 6806755
    Attributes: [8]
Location #324
    Mapping index: 3
    Address: 7328933
    Attributes: [8]
Location #325
    Mapping index: 3
    Address: 7335773
    Attributes: [8]
Location #326
    Mapping index: 3
    Address: 6805495
    Attributes: [8]
Location #327
    Mapping index: 3
    Address: 6808715
    Attributes: [8]
Location #328
    Mapping index: 3
    Address: 5560392
    Attributes: [8]
Location #329
    Mapping index: 3
    Address: 5559897
    Attributes: [8]
Location #330
    Mapping index: 3
    Address: 7325063
    Attributes: [8]
Location #331
    Mapping index: 3
    Address: 7329149
    Attributes: [8]
Location #332
    Mapping index: 3
    Address: 7334045
    Attributes: [8]
Location #333
    Mapping index: 3
    Address: 7334729
    Attributes: [8]
Location #334
    Mapping index: 3
    Address: 6799295
    Attributes: [8]
Location #335
    Mapping index: 3
    Address: 6802055
    Attributes: [8]
Location #336
    Mapping index: 3
    Address: 7325585
    Attributes: [8]
Location #337
    Mapping index: 3
    Address: 5852037
    Attributes: [8]
Location #338
    Mapping index: 3
    Address: 5846427
    Attributes: [8]
Location #339
    Mapping index: 3
    Address: 5581682
    Attributes: [8]
Location #340
    Mapping index: 3
    Address: 7014739
    Attributes: [8]
Location #341
    Mapping index: 3
    Address: 7041312
    Attributes: [8]
Location #342
    Mapping index: 3
    Address: 6799775
    Attributes: [8]
Location #343
    Mapping index: 3
    Address: 7325513
    Attributes: [8]
Location #344
    Mapping index: 3
    Address: 7327079
    Attributes: [8]
Location #345
    Mapping index: 3
    Address: 7331237
    Attributes: [8]
Location #346
    Mapping index: 3
    Address: 7334441
    Attributes: [8]
Location #347
    Mapping index: 3
    Address: 7334693
    Attributes: [8]
Location #348
    Mapping index: 3
    Address: 6804395
    Attributes: [8]
Location #349
    Mapping index: 3
    Address: 7331021
    Attributes: [8]
Location #350
    Mapping index: 3
    Address: 7335413
    Attributes: [8]
Location #351
    Mapping index: 3
    Address: 7335899
    Attributes: [8]
Location #352
    Mapping index: 3
    Address: 6287519
    Attributes: [8]
Location #353
    Mapping index: 3
    Address: 6800275
    Attributes: [8]
Location #354
    Mapping index: 3
    Address: 7325603
    Attributes: [8]
Location #355
    Mapping index: 3
    Address: 7336979
    Attributes: [8]
Location #356
    Mapping index: 3
    Address: 7337123
    Attributes: [8]
Location #357
    Mapping index: 3
    Address: 5854395
    Attributes: [8]
Location #358
    Mapping index: 3
    Address: 5783039
    Attributes: [8]
Location #359
    Mapping index: 3
    Address: 7014651
    Attributes: [8]
Location #360
    Mapping index: 3
    Address: 6799955
    Attributes: [8]
Location #361
    Mapping index: 3
    Address: 6809215
    Attributes: [8]
Location #362
    Mapping index: 3
    Address: 7327043
    Attributes: [8]
Location #363
    Mapping index: 3
    Address: 7328483
    Attributes: [8]
Location #364
    Mapping index: 3
    Address: 7335017
    Attributes: [8]
Location #365
    Mapping index: 3
    Address: 7337897
    Attributes: [8]
Location #366
    Mapping index: 3
    Address: 7338113
    Attributes: [8]
Location #367
    Mapping index: 3
    Address: 7338401
    Attributes: [8]
Location #368
    Mapping index: 3
    Address: 6799615
    Attributes: [8]
Location #369
    Mapping index: 3
    Address: 6806455
    Attributes: [8]
Location #370
    Mapping index: 3
    Address: 7325999
    Attributes: [8]
Location #371
    Mapping index: 3
    Address: 7329113
    Attributes: [8]
Location #372
    Mapping index: 3
    Address: 7329221
    Attributes: [8]
Location #373
    Mapping index: 3
    Address: 7334261
    Attributes: [8]
Location #374
    Mapping index: 3
    Address: 7334819
    Attributes: [8]
Location #375
    Mapping index: 3
    Address: 7335089
    Attributes: [8]
Location #376
    Mapping index: 3
    Address: 6803795
    Attributes: [8]
Location #377
    Mapping index: 3
    Address: 7326827
    Attributes: [8]
Location #378
    Mapping index: 3
    Address: 7327331
    Attributes: [8]
Location #379
    Mapping index: 3
    Address: 7334603
    Attributes: [8]
Location #380
    Mapping index: 3
    Address: 7335107
    Attributes: [8]
Location #381
    Mapping index: 3
    Address: 7336529
    Attributes: [8]
Location #382
    Mapping index: 3
    Address: 7337771
    Attributes: [8]
Location #383
    Mapping index: 3
    Address: 6807655
    Attributes: [8]
Location #384
    Mapping index: 3
    Address: 6809275
    Attributes: [8]
Location #385
    Mapping index: 3
    Address: 7329923
    Attributes: [8]
Location #386
    Mapping index: 3
    Address: 7334063
    Attributes: [8]
Location #387
    Mapping index: 3
    Address: 7338419
    Attributes: [8]
Location #388
    Mapping index: 3
    Address: 6981543
    Attributes: [8]
Location #389
    Mapping index: 3
    Address: 6980938
    Attributes: [8]
Location #390
    Mapping index: 3
    Address: 6980773
    Attributes: [8]
Location #391
    Mapping index: 3
    Address: 6980091
    Attributes: [8]
Location #392
    Mapping index: 3
    Address: 5720982
    Attributes: [8]
Location #393
    Mapping index: 3
    Address: 5852155
    Attributes: [8]
Location #394
    Mapping index: 3
    Address: 5875225
    Attributes: [8]
Location #395
    Mapping index: 3
    Address: 6808355
    Attributes: [8]
Location #396
    Mapping index: 3
    Address: 7331273
    Attributes: [8]
Location #397
    Mapping index: 3
    Address: 7338455
    Attributes: [8]
Location #398
    Mapping index: 3
    Address: 5926177
    Attributes: [8]
Location #399
    Mapping index: 3
    Address: 5853927
    Attributes: [8]
Location #400
    Mapping index: 3
    Address: 6988497
    Attributes: [8]
Location #401
    Mapping index: 3
    Address: 7329203
    Attributes: [8]
Location #402
    Mapping index: 3
    Address: 7335737
    Attributes: [8]
Location #403
    Mapping index: 3
    Address: 5850049
    Attributes: [8]
Location #404
    Mapping index: 3
    Address: 6988705
    Attributes: [8]
Location #405
    Mapping index: 3
    Address: 6809035
    Attributes: [8]
Location #406
    Mapping index: 3
    Address: 7329437
    Attributes: [8]
Location #407
    Mapping index: 3
    Address: 7331309
    Attributes: [8]
Location #408
    Mapping index: 3
    Address: 7337285
    Attributes: [8]
Location #409
    Mapping index: 3
    Address: 6799975
    Attributes: [8]
Location #410
    Mapping index: 3
    Address: 6803195
    Attributes: [8]
Location #411
    Mapping index: 3
    Address: 6808415
    Attributes: [8]
Location #412
    Mapping index: 3
    Address: 7327781
    Attributes: [8]
Location #413
    Mapping index: 3
    Address: 7334981
    Attributes: [8]
Location #414
    Mapping index: 3
    Address: 7338347
    Attributes: [8]
Location #415
    Mapping index: 3
    Address: 6799675
    Attributes: [8]
Location #416
    Mapping index: 3
    Address: 6808875
    Attributes: [8]
Location #417
    Mapping index: 3
    Address: 7326467
    Attributes: [8]
Location #418
    Mapping index: 3
    Address: 7337879
    Attributes: [8]
Location #419
    Mapping index: 3
    Address: 5812927
    Attributes: [8]
Location #420
    Mapping index: 3
    Address: 7337015
    Attributes: [8]
Location #421
    Mapping index: 3
    Address: 6977903
    Attributes: [8]
Location #422
    Mapping index: 3
    Address: 7008638
    Attributes: [8]
Location #423
    Mapping index: 3
    Address: 6799275
    Attributes: [8]
Location #424
    Mapping index: 3
    Address: 6801775
    Attributes: [8]
Location #425
    Mapping index: 3
    Address: 6978451
    Attributes: [8]
Location #426
    Mapping index: 3
    Address: 6277506
    Attributes: [8]
Location #427
    Mapping index: 3
    Address: 6806415
    Attributes: [8]
Location #428
    Mapping index: 3
    Address: 6808095
    Attributes: [8]
Location #429
    Mapping index: 3
    Address: 7324829
    Attributes: [8]
Location #430
    Mapping index: 3
    Address: 7328789
    Attributes: [8]
Location #431
    Mapping index: 3
    Address: 7332389
    Attributes: [8]
Location #432
    Mapping index: 3
    Address: 6801935
    Attributes: [8]
Location #433
    Mapping index: 3
    Address: 7335161
    Attributes: [8]
Location #434
    Mapping index: 3
    Address: 6988518
    Attributes: [8]
Location #435
    Mapping index: 3
    Address: 6133399
    Attributes: [8]
Location #436
    Mapping index: 3
    Address: 6801595
    Attributes: [8]
Location #437
    Mapping index: 3
    Address: 6804815
    Attributes: [8]
Location #438
    Mapping index: 3
    Address: 7324757
    Attributes: [8]
Location #439
    Mapping index: 3
    Address: 7337519
    Attributes: [8]
Location #440
    Mapping index: 3
    Address: 4978846
    Attributes: [8]
Location #441
    Mapping index: 3
    Address: 7001704
    Attributes: [8]
Location #442
    Mapping index: 3
    Address: 7331255
    Attributes: [8]
Location #443
    Mapping index: 3
    Address: 7332245
    Attributes: [8]
Location #444
    Mapping index: 3
    Address: 7334477
    Attributes: [8]
Location #445
    Mapping index: 3
    Address: 7335791
    Attributes: [8]
Location #446
    Mapping index: 3
    Address: 7337033
    Attributes: [8]
Location #447
    Mapping index: 3
    Address: 7324973
    Attributes: [8]
Location #448
    Mapping index: 3
    Address: 7325423
    Attributes: [8]
Location #449
    Mapping index: 3
    Address: 6799735
    Attributes: [8]
Location #450
    Mapping index: 3
    Address: 6800155
    Attributes: [8]
Location #451
    Mapping index: 3
    Address: 6801995
    Attributes: [8]
Location #452
    Mapping index: 3
    Address: 6804855
    Attributes: [8]
Location #453
    Mapping index: 3
    Address: 6805455
    Attributes: [8]
Location #454
    Mapping index: 3
    Address: 7328591
    Attributes: [8]
Location #455
    Mapping index: 3
    Address: 6808535
    Attributes: [8]
Location #456
    Mapping index: 3
    Address: 7335917
    Attributes: [8]
Location #457
    Mapping index: 3
    Address: 7338383
    Attributes: [8]
Location #458
    Mapping index: 3
    Address: 7338473
    Attributes: [8]
Location #459
    Mapping index: 3
    Address: 6807815
    Attributes: [8]
Location #460
    Mapping index: 3
    Address: 7324793
    Attributes: [8]
Location #461
    Mapping index: 3
    Address: 7329815
    Attributes: [8]
Location #462
    Mapping index: 3
    Address: 7332695
    Attributes: [8]
Location #463
    Mapping index: 3
    Address: 7337051
    Attributes: [8]
Location #464
    Mapping index: 3
    Address: 7327943
    Attributes: [8]
Location #465
    Mapping index: 3
    Address: 7332857
    Attributes: [8]
Location #466
    Mapping index: 3
    Address: 7333055
    Attributes: [8]
Location #467
    Mapping index: 3
    Address: 5866214
    Attributes: [8]
Location #468
    Mapping index: 3
    Address: 6791648
    Attributes: [8]
Location #469
    Mapping index: 3
    Address: 5783065
    Attributes: [8]
Location #470
    Mapping index: 3
    Address: 6803135
    Attributes: [8]
Location #471
    Mapping index: 3
    Address: 6808735
    Attributes: [8]
Location #472
    Mapping index: 3
    Address: 7327097
    Attributes: [8]
Location #473
    Mapping index: 3
    Address: 7330877
    Attributes: [8]
Location #474
    Mapping index: 3
    Address: 7335683
    Attributes: [8]
Location #475
    Mapping index: 3
    Address: 7336583
    Attributes: [8]
Location #476
    Mapping index: 3
    Address: 7001735
    Attributes: [8]
Location #477
    Mapping index: 3
    Address: 7327205
    Attributes: [8]
Location #478
    Mapping index: 3
    Address: 7001304
    Attributes: [8]
Location #479
    Mapping index: 3
    Address: 6808055
    Attributes: [8]
Location #480
    Mapping index: 3
    Address: 7327619
    Attributes: [8]
Location #481
    Mapping index: 3
    Address: 5854831
    Attributes: [8]
Location #482
    Mapping index: 3
    Address: 6800395
    Attributes: [8]
Location #483
    Mapping index: 3
    Address: 7328285
    Attributes: [8]
Location #484
    Mapping index: 3
    Address: 7337699
    Attributes: [8]
Location #485
    Mapping index: 3
    Address: 6802315
    Attributes: [8]
Location #486
    Mapping index: 3
    Address: 6802595
    Attributes: [8]
Location #487
    Mapping index: 3
    Address: 7324865
    Attributes: [8]
Location #488
    Mapping index: 3
    Address: 7325099
    Attributes: [8]
Location #489
    Mapping index: 3
    Address: 6997863
    Attributes: [8]
Location #490
    Mapping index: 3
    Address: 7347039
    Attributes: [8]
Location #491
    Mapping index: 3
    Address: 6404502
    Attributes: [8]
Location #492
    Mapping index: 3
    Address: 7061189
    Attributes: [8]
Location #493
    Mapping index: 3
    Address: 7061007
    Attributes: [8]
Location #494
    Mapping index: 3
    Address: 7335863
    Attributes: [8]
Location #495
    Mapping index: 3
    Address: 7008738
    Attributes: [8]
Location #496
    Mapping index: 3
    Address: 7326233
    Attributes: [8]
Location #497
    Mapping index: 3
    Address: 7326863
    Attributes: [8]
Location #498
    Mapping index: 3
    Address: 7337087
    Attributes: [8]
Location #499
    Mapping index: 3
    Address: 7325351
    Attributes: [8]
Location #500
    Mapping index: 3
    Address: 7326503
    Attributes: [8]
Location #501
    Mapping index: 3
    Address: 7338257
    Attributes: [8]
Location #502
    Mapping index: 3
    Address: 7001869
    Attributes: [8]
Location #503
    Mapping index: 3
    Address: 6799395
    Attributes: [8]
Location #504
    Mapping index: 3
    Address: 6800975
    Attributes: [8]
Location #505
    Mapping index: 3
    Address: 6805255
    Attributes: [8]
Location #506
    Mapping index: 3
    Address: 6806595
    Attributes: [8]
Location #507
    Mapping index: 3
    Address: 6808975
    Attributes: [8]
Location #508
    Mapping index: 3
    Address: 7326251
    Attributes: [8]
Location #509
    Mapping index: 3
    Address: 6809815
    Attributes: [8]
Location #510
    Mapping index: 3
    Address: 7324991
    Attributes: [8]
Location #511
    Mapping index: 3
    Address: 7326665
    Attributes: [8]
Location #512
    Mapping index: 3
    Address: 7337141
    Attributes: [8]
Location #513
    Mapping index: 3
    Address: 6791674
    Attributes: [8]
Location #514
    Mapping index: 2
    Address: 250192
    Attributes: [8]
Location #515
    Mapping index: 2
    Address: 738321
    Attributes: [8]
Location #516
    Mapping index: 3
    Address: 6235608
    Attributes: [8]
Location #517
    Mapping index: 3
    Address: 6802935
    Attributes: [8]
Location #518
    Mapping index: 3
    Address: 6808615
    Attributes: [8]
Location #519
    Mapping index: 3
    Address: 7326737
    Attributes: [8]
Location #520
    Mapping index: 3
    Address: 7334459
    Attributes: [8]
Location #521
    Mapping index: 3
    Address: 6808775
    Attributes: [8]
Location #522
    Mapping index: 3
    Address: 7327169
    Attributes: [8]
Location #523
    Mapping index: 3
    Address: 7328735
    Attributes: [8]
Location #524
    Mapping index: 3
    Address: 7329275
    Attributes: [8]
Location #525
    Mapping index: 3
    Address: 7330499
    Attributes: [8]
Location #526
    Mapping index: 3
    Address: 7333217
    Attributes: [8]
Location #527
    Mapping index: 3
    Address: 7337447
    Attributes: [8]
Location #528
    Mapping index: 3
    Address: 5582150
    Attributes: [8]
Location #529
    Mapping index: 3
    Address: 7015127
    Attributes: [8]
Location #530
    Mapping index: 3
    Address: 6804535
    Attributes: [8]
Location #531
    Mapping index: 3
    Address: 7334657
    Attributes: [8]
Location #532
    Mapping index: 3
    Address: 6803715
    Attributes: [8]
Location #533
    Mapping index: 3
    Address: 7325459
    Attributes: [8]
Location #534
    Mapping index: 3
    Address: 7337267
    Attributes: [8]
Location #535
    Mapping index: 3
    Address: 7337321
    Attributes: [8]
Location #536
    Mapping index: 3
    Address: 7008888
    Attributes: [8]
Location #537
    Mapping index: 3
    Address: 6801295
    Attributes: [8]
Location #538
    Mapping index: 3
    Address: 6806055
    Attributes: [8]
Location #539
    Mapping index: 3
    Address: 6806495
    Attributes: [8]
Location #540
    Mapping index: 3
    Address: 6799595
    Attributes: [8]
Location #541
    Mapping index: 3
    Address: 6803695
    Attributes: [8]
Location #542
    Mapping index: 3
    Address: 6805335
    Attributes: [8]
Location #543
    Mapping index: 3
    Address: 7325711
    Attributes: [8]
Location #544
    Mapping index: 3
    Address: 7332281
    Attributes: [8]
Location #545
    Mapping index: 3
    Address: 7335827
    Attributes: [8]
Location #546
    Mapping index: 2
    Address: 264333
    Attributes: [8]
Location #547
    Mapping index: 2
    Address: 264988
    Attributes: [8]
Location #548
    Mapping index: 2
    Address: 227774
    Attributes: [8]
Location #549
    Mapping index: 2
    Address: 239604
    Attributes: [8]
Location #550
    Mapping index: 4
    Address: 10170
    Attributes: [8]
Location #551
    Mapping index: 4
    Address: 14548
    Attributes: [8]
Location #552
    Mapping index: 2
    Address: 265367
    Attributes: [8]
Location #553
    Mapping index: 2
    Address: 265696
    Attributes: [8]
Location #554
    Mapping index: 2
    Address: 266255
    Attributes: [8]
Location #555
    Mapping index: 2
    Address: 226432
    Attributes: [8]
Location #556
    Mapping index: 2
    Address: 226531
    Attributes: [8]
Location #557
    Mapping index: 2
    Address: 230723
    Attributes: [8]
Location #558
    Mapping index: 2
    Address: 233302
    Attributes: [8]
Location #559
    Mapping index: 2
    Address: 227630
    Attributes: [8]
Location #560
    Mapping index: 2
    Address: 227560
    Attributes: [8]
Location #561
    Mapping index: 2
    Address: 264729
    Attributes: [8]
Location #562
    Mapping index: 2
    Address: 741431
    Attributes: [8]
Location #563
    Mapping index: 2
    Address: 227716
    Attributes: [8]
Location #564
    Mapping index: 2
    Address: 738174
    Attributes: [8]
Location #565
    Mapping index: 2
    Address: 240383
    Attributes: [8]
Location #566
    Mapping index: 2
    Address: 229780
    Attributes: [8]
Location #567
    Mapping index: 2
    Address: 225980
    Attributes: [8]
Location #568
    Mapping index: 2
    Address: 230010
    Attributes: [8]
Location #569
    Mapping index: 5
    Address: 7383010
    Line #0
        Function index: 6
        Line: 0
        Column: 0
    Attributes: [22]
Location #570
    Mapping index: 5
    Address: 6358012
    Line #0
        Function index: 7
        Line: 0
        Column: 0
    Attributes: [22]
Location #571
    Mapping index: 0
    Address: 3022
    Line #0
        Function index: 8
        Line: 0
        Column: 0
    Attributes: [22]
Location #572
    Mapping index: 5
    Address: 6450231
    Line #0
        Function index: 9
        Line: 0
        Column: 0
    Attributes: [22]
Location #573
    Mapping index: 5
    Address: 6455623
    Line #0
        Function index: 10
        Line: 0
        Column: 0
    Attributes: [22]
Location #574
    Mapping index: 5
    Address: 7289594
    Line #0
        Function index: 11
        Line: 0
        Column: 0
    Attributes: [22]
Location #575
    Mapping index: 5
    Address: 7290720
    Line #0
        Function index: 12
        Line: 0
        Column: 0
    Attributes: [22]
Location #576
    Mapping index: 5
    Address: 22381429
    Line #0
        Function index: 13
        Line: 0
        Column: 0
    Attributes: [22]
Location #577
    Mapping index: 5
    Address: 22362343
    Line #0
        Function index: 14
        Line: 0
        Column: 0
    Attributes: [22]
Location #578
    Mapping index: 5
    Address: 2953
    Line #0
        Function index: 15
        Line: 0
        Column: 0
    Attributes: [22]
Location #579
    Mapping index: 3
    Address: 7335215
    Attributes: [8]
Location #580
    Mapping index: 3
    Address: 6807475
    Attributes: [8]
Location #581
    Mapping index: 3
    Address: 7328339
    Attributes: [8]
Location #582
    Mapping index: 3
    Address: 6801575
    Attributes: [8]
Location #583
    Mapping index: 3
    Address: 6807455
    Attributes: [8]
Location #584
    Mapping index: 3
    Address: 7327025
    Attributes: [8]
Location #585
    Mapping index: 3
    Address: 7337789
    Attributes: [8]
Location #586
    Mapping index: 3
    Address: 7338059
    Attributes: [8]
Location #587
    Mapping index: 3
    Address: 6806395
    Attributes: [8]
Location #588
    Mapping index: 3
    Address: 6807355
    Attributes: [8]
Location #589
    Mapping index: 3
    Address: 6803675
    Attributes: [8]
Location #590
    Mapping index: 3
    Address: 7327313
    Attributes: [8]
Location #591
    Mapping index: 3
    Address: 7325549
    Attributes: [8]
Location #592
    Mapping index: 3
    Address: 7333685
    Attributes: [8]
Location #593
    Mapping index: 3
    Address: 6807015
    Attributes: [8]
Location #594
    Mapping index: 3
    Address: 7331651
    Attributes: [8]
Location #595
    Mapping index: 3
    Address: 6803275
    Attributes: [8]
Location #596
    Mapping index: 3
    Address: 7326557
    Attributes: [8]
Location #597
    Mapping index: 3
    Address: 7327367
    Attributes: [8]
Location #598
    Mapping index: 3
    Address: 7325747
    Attributes: [8]
Location #599
    Mapping index: 3
    Address: 7334927
    Attributes: [8]
Location #600
    Mapping index: 3
    Address: 7337303
    Attributes: [8]
Location #601
    Mapping index: 3
    Address: 7324739
    Attributes: [8]
Location #602
    Mapping index: 3
    Address: 7328951
    Attributes: [8]
Location #603
    Mapping index: 3
    Address: 7325891
    Attributes: [8]
Location #604
    Mapping index: 3
    Address: 6803875
    Attributes: [8]
Location #605
    Mapping index: 3
    Address: 6808195
    Attributes: [8]
Location #606
    Mapping index: 3
    Address: 7325009
    Attributes: [8]
Location #607
    Mapping index: 3
    Address: 7332335
    Attributes: [8]
Location #608
    Mapping index: 3
    Address: 7337231
    Attributes: [8]
Location #609
    Mapping index: 3
    Address: 6806915
    Attributes: [8]
Location #610
    Mapping index: 3
    Address: 7328249
    Attributes: [8]
Location #611
    Mapping index: 3
    Address: 7331705
    Attributes: [8]
Location #612
    Mapping index: 3
    Address: 7336061
    Attributes: [8]
Location #613
    Mapping index: 3
    Address: 6801395
    Attributes: [8]
Location #614
    Mapping index: 3
    Address: 5925836
    Attributes: [8]
Location #615
    Mapping index: 3
    Address: 5783456
    Attributes: [8]
Location #616
    Mapping index: 3
    Address: 6771126
    Attributes: [8]
Location #617
    Mapping index: 3
    Address: 6770861
    Attributes: [8]
Location #618
    Mapping index: 3
    Address: 7039414
    Attributes: [8]
Location #619
    Mapping index: 3
    Address: 5874706
    Attributes: [8]
Location #620
    Mapping index: 3
    Address: 7326881
    Attributes: [8]
Location #621
    Mapping index: 3
    Address: 6803395
    Attributes: [8]
Location #622
    Mapping index: 3
    Address: 6804455
    Attributes: [8]
Location #623
    Mapping index: 3
    Address: 6806935
    Attributes: [8]
Location #624
    Mapping index: 3
    Address: 6807635
    Attributes: [8]
Location #625
    Mapping index: 3
    Address: 7328537
    Attributes: [8]
Location #626
    Mapping index: 3
    Address: 7329041
    Attributes: [8]
Location #627
    Mapping index: 3
    Address: 7335539
    Attributes: [8]
Location #628
    Mapping index: 3
    Address: 6803615
    Attributes: [8]
Location #629
    Mapping index: 3
    Address: 6807675
    Attributes: [8]
Location #630
    Mapping index: 3
    Address: 7328501
    Attributes: [8]
Location #631
    Mapping index: 3
    Address: 7335395
    Attributes: [8]
Location #632
    Mapping index: 3
    Address: 6806175
    Attributes: [8]
Location #633
    Mapping index: 3
    Address: 6809735
    Attributes: [8]
Location #634
    Mapping index: 3
    Address: 7329743
    Attributes: [8]
Location #635
    Mapping index: 3
    Address: 6805435
    Attributes: [8]
Location #636
    Mapping index: 3
    Address: 6805715
    Attributes: [8]
Location #637
    Mapping index: 3
    Address: 6808935
    Attributes: [8]
Location #638
    Mapping index: 3
    Address: 6801795
    Attributes: [8]
Location #639
    Mapping index: 3
    Address: 6809495
    Attributes: [8]
Location #640
    Mapping index: 3
    Address: 7327133
    Attributes: [8]
Location #641
    Mapping index: 3
    Address: 6802635
    Attributes: [8]
Location #642
    Mapping index: 3
    Address: 7326269
    Attributes: [8]
Location #643
    Mapping index: 3
    Address: 7334891
    Attributes: [8]
Location #644
    Mapping index: 3
    Address: 7337213
    Attributes: [8]
Location #645
    Mapping index: 3
    Address: 5850344
    Attributes: [8]
Location #646
    Mapping index: 3
    Address: 6802215
    Attributes: [8]
Location #647
    Mapping index: 3
    Address: 5866692
    Attributes: [8]
Location #648
    Mapping index: 3
    Address: 6791622
    Attributes: [8]
Location #649
    Mapping index: 3
    Address: 6800615
    Attributes: [8]
Location #650
    Mapping index: 3
    Address: 7327547
    Attributes: [8]
Location #651
    Mapping index: 3
    Address: 6801175
    Attributes: [8]
Location #652
    Mapping index: 3
    Address: 6807975
    Attributes: [8]
Location #653
    Mapping index: 3
    Address: 7333559
    Attributes: [8]
Location #654
    Mapping index: 3
    Address: 6801535
    Attributes: [8]
Location #655
    Mapping index: 3
    Address: 6805175
    Attributes: [8]
Location #656
    Mapping index: 3
    Address: 6803295
    Attributes: [8]
Location #657
    Mapping index: 3
    Address: 6804135
    Attributes: [8]
Location #658
    Mapping index: 3
    Address: 6809555
    Attributes: [8]
Location #659
    Mapping index: 3
    Address: 7338365
    Attributes: [8]
Location #660
    Mapping index: 3
    Address: 6806735
    Attributes: [8]
Location #661
    Mapping index: 3
    Address: 6806075
    Attributes: [8]
Location #662
    Mapping index: 3
    Address: 6804615
    Attributes: [8]
Location #663
    Mapping index: 3
    Address: 6806435
    Attributes: [8]
Location #664
    Mapping index: 3
    Address: 7325405
    Attributes: [8]
Location #665
    Mapping index: 3
    Address: 7329005
    Attributes: [8]
Location #666
    Mapping index: 3
    Address: 6800475
    Attributes: [8]
Location #667
    Mapping index: 3
    Address: 7328987
    Attributes: [8]
Location #668
    Mapping index: 3
    Address: 7041203
    Attributes: [8]
Location #669
    Mapping index: 3
    Address: 6803955
    Attributes: [8]
Location #670
    Mapping index: 3
    Address: 6801255
    Attributes: [8]
Location #671
    Mapping index: 3
    Address: 6806855
    Attributes: [8]
Location #672
    Mapping index: 3
    Address: 7326575
    Attributes: [8]
Location #673
    Mapping index: 3
    Address: 6802655
    Attributes: [8]
Location #674
    Mapping index: 3
    Address: 6804315
    Attributes: [8]
Location #675
    Mapping index: 3
    Address: 6804475
    Attributes: [8]
Location #676
    Mapping index: 3
    Address: 7331345
    Attributes: [8]
Location #677
    Mapping index: 3
    Address: 7332191
    Attributes: [8]
Location #678
    Mapping index: 3
    Address: 7335125
    Attributes: [8]
Location #679
    Mapping index: 3
    Address: 6805775
    Attributes: [8]
Location #680
    Mapping index: 3
    Address: 7327907
    Attributes: [8]
Location #681
    Mapping index: 3
    Address: 7334531
    Attributes: [8]
Location #682
    Mapping index: 3
    Address: 7334873
    Attributes: [8]
Location #683
    Mapping index: 3
    Address: 7337861
    Attributes: [8]
Location #684
    Mapping index: 3
    Address: 5716053
    Attributes: [8]
Location #685
    Mapping index: 3
    Address: 5866470
    Attributes: [8]
Location #686
    Mapping index: 3
    Address: 6791700
    Attributes: [8]
Location #687
    Mapping index: 3
    Address: 6801555
    Attributes: [8]
Location #688
    Mapping index: 3
    Address: 6802715
    Attributes: [8]
Location #689
    Mapping index: 3
    Address: 6804655
    Attributes: [8]
Location #690
    Mapping index: 3
    Address: 7328717
    Attributes: [8]
Location #691
    Mapping index: 3
    Address: 7330301
    Attributes: [8]
Location #692
    Mapping index: 3
    Address: 7328897
    Attributes: [8]
Location #693
    Mapping index: 3
    Address: 6806695
    Attributes: [8]
Location #694
    Mapping index: 3
    Address: 7327601
    Attributes: [8]
Location #695
    Mapping index: 3
    Address: 7329077
    Attributes: [8]
Location #696
    Mapping index: 3
    Address: 6808995
    Attributes: [8]
Location #697
    Mapping index: 3
    Address: 7330229
    Attributes: [8]
Location #698
    Mapping index: 3
    Address: 7335989
    Attributes: [8]
Location #699
    Mapping index: 3
    Address: 6800915
    Attributes: [8]
Location #700
    Mapping index: 3
    Address: 7327817
    Attributes: [8]
Location #701
    Mapping index: 3
    Address: 6280570
    Attributes: [8]
Location #702
    Mapping index: 3
    Address: 6980262
    Attributes: [8]
Location #703
    Mapping index: 3
    Address: 6805275
    Attributes: [8]
Location #704
    Mapping index: 3
    Address: 6801195
    Attributes: [8]
Location #705
    Mapping index: 3
    Address: 6801875
    Attributes: [8]
Location #706
    Mapping index: 3
    Address: 7338437
    Attributes: [8]
Location #707
    Mapping index: 3
    Address: 6279149
    Attributes: [8]
Location #708
    Mapping index: 3
    Address: 6979498
    Attributes: [8]
Location #709
    Mapping index: 3
    Address: 7014957
    Attributes: [8]
Location #710
    Mapping index: 3
    Address: 7307410
    Attributes: [8]
Location #711
    Mapping index: 3
    Address: 6802475
    Attributes: [8]
Location #712
    Mapping index: 3
    Address: 6806135
    Attributes: [8]
Location #713
    Mapping index: 3
    Address: 7332875
    Attributes: [8]
Location #714
    Mapping index: 3
    Address: 7335053
    Attributes: [8]
Location #715
    Mapping index: 3
    Address: 5572630
    Attributes: [8]
Location #716
    Mapping index: 3
    Address: 5854307
    Attributes: [8]
Location #717
    Mapping index: 3
    Address: 6804075
    Attributes: [8]
Location #718
    Mapping index: 3
    Address: 7326287
    Attributes: [8]
Location #719
    Mapping index: 3
    Address: 7331579
    Attributes: [8]
Location #720
    Mapping index: 3
    Address: 5866442
    Attributes: [8]
Location #721
    Mapping index: 3
    Address: 6806195
    Attributes: [8]
Location #722
    Mapping index: 3
    Address: 6809515
    Attributes: [8]
Location #723
    Mapping index: 3
    Address: 7324847
    Attributes: [8]
Location #724
    Mapping index: 3
    Address: 7325027
    Attributes: [8]
Location #725
    Mapping index: 3
    Address: 7331435
    Attributes: [8]
Location #726
    Mapping index: 3
    Address: 6803495
    Attributes: [8]
Location #727
    Mapping index: 3
    Address: 7334747
    Attributes: [8]
Location #728
    Mapping index: 3
    Address: 6804495
    Attributes: [8]
Location #729
    Mapping index: 3
    Address: 7326701
    Attributes: [8]
Location #730
    Mapping index: 3
    Address: 6804415
    Attributes: [8]
Location #731
    Mapping index: 3
    Address: 7335701
    Attributes: [8]
Location #732
    Mapping index: 3
    Address: 6802875
    Attributes: [8]
Location #733
    Mapping index: 3
    Address: 6805215
    Attributes: [8]
Location #734
    Mapping index: 3
    Address: 7336511
    Attributes: [8]
Location #735
    Mapping index: 3
    Address: 6803775
    Attributes: [8]
Location #736
    Mapping index: 3
    Address: 5722408
    Attributes: [8]
Location #737
    Mapping index: 3
    Address: 7015147
    Attributes: [8]
Location #738
    Mapping index: 3
    Address: 6978256
    Attributes: [8]
Location #739
    Mapping index: 3
    Address: 6801415
    Attributes: [8]
Location #740
    Mapping index: 3
    Address: 6806675
    Attributes: [8]
Location #741
    Mapping index: 3
    Address: 7325441
    Attributes: [8]
Location #742
    Mapping index: 3
    Address: 6802735
    Attributes: [8]
Location #743
    Mapping index: 3
    Address: 6806795
    Attributes: [8]
Location #744
    Mapping index: 3
    Address: 6724349
    Attributes: [8]
Location #745
    Mapping index: 3
    Address: 7014782
    Attributes: [8]
Location #746
    Mapping index: 3
    Address: 7327385
    Attributes: [8]
Location #747
    Mapping index: 3
    Address: 7338311
    Attributes: [8]
Location #748
    Mapping index: 3
    Address: 7325117
    Attributes: [8]
Location #749
    Mapping index: 3
    Address: 6806255
    Attributes: [8]
Location #750
    Mapping index: 3
    Address: 7335755
    Attributes: [8]
Location #751
    Mapping index: 3
    Address: 6803755
    Attributes: [8]
Location #752
    Mapping index: 3
    Address: 6807575
    Attributes: [8]
Location #753
    Mapping index: 3
    Address: 7336961
    Attributes: [8]
Location #754
    Mapping index: 2
    Address: 265155
    Attributes: [8]
Location #755
    Mapping index: 4
    Address: 31049
    Attributes: [8]
Location #756
    Mapping index: 4
    Address: 10822
    Attributes: [8]
Location #757
    Mapping index: 4
    Address: 29129
    Attributes: [8]
Location #758
    Mapping index: 4
    Address: 12138
    Attributes: [8]
Location #759
    Mapping index: 2
    Address: 611524
    Attributes: [8]
Location #760
    Mapping index: 2
    Address: 596374
    Attributes: [8]
Location #761
    Mapping index: 2
    Address: 545696
    Attributes: [8]
Location #762
    Mapping index: 4
    Address: 20246
    Attributes: [8]
Location #763
    Mapping index: 4
    Address: 28939
    Attributes: [8]
Location #764
    Mapping index: 2
    Address: 293493
    Attributes: [8]
Location #765
    Mapping index: 2
    Address: 293821
    Attributes: [8]
Location #766
    Mapping index: 2
    Address: 172496
    Attributes: [8]
Location #767
    Mapping index: 6
    Address: 36822
    Attributes: [8]
Location #768
    Mapping index: 6
    Address: 37132
    Attributes: [8]
Location #769
    Mapping index: 6
    Address: 37295
    Attributes: [8]
Location #770
    Mapping index: 6
    Address: 38821
    Attributes: [8]
Location #771
    Mapping index: 6
    Address: 75698
    Attributes: [8]
Location #772
    Mapping index: 6
    Address: 71228
    Attributes: [8]
Location #773
    Mapping index: 6
    Address: 19838
    Attributes: [8]
Location #774
    Mapping index: 6
    Address: 20276
    Attributes: [8]
Location #775
    Mapping index: 6
    Address: 92601
    Attributes: [8]
Location #776
    Mapping index: 6
    Address: 75001
    Attributes: [8]
Location #777
    Mapping index: 6
    Address: 37234
    Attributes: [8]
Location #778
    Mapping index: 6
    Address: 74554
    Attributes: [8]
Location #779
    Mapping index: 6
    Address: 37741
    Attributes: [8]
Location #780
    Mapping index: 6
    Address: 34087
    Attributes: [8]
Location #781
    Mapping index: 6
    Address: 81902
    Attributes: [8]
Location #782
    Mapping index: 6
    Address: 89376
    Attributes: [8]
Location #783
    Mapping index: 6
    Address: 89818
    Attributes: [8]
Location #784
    Mapping index: 6
    Address: 91820
    Attributes: [8]
Location #785
    Mapping index: 6
    Address: 64465
    Attributes: [8]
Location #786
    Mapping index: 6
    Address: 75594
    Attributes: [8]
Location #787
    Mapping index: 6
    Address: 94831
    Attributes: [8]
Location #788
    Mapping index: 6
    Address: 75420
    Attributes: [8]
Location #789
    Mapping index: 6
    Address: 92664
    Attributes: [8]
Location #790
    Mapping index: 6
    Address: 71256
    Attributes: [8]
Location #791
    Mapping index: 6
    Address: 39238
    Attributes: [8]
Location #792
    Mapping index: 6
    Address: 40311
    Attributes: [8]
Location #793
    Mapping index: 6
    Address: 49746
    Attributes: [8]
Location #794
    Mapping index: 6
    Address: 46327
    Attributes: [8]
Location #795
    Mapping index: 6
    Address: 85589
    Attributes: [8]
Location #796
    Mapping index: 6
    Address: 74982
    Attributes: [8]
Location #797
    Mapping index: 3
    Address: 6532591
    Attributes: [8]
Location #798
    Mapping index: 3
    Address: 5553104
    Attributes: [8]
Location #799
    Mapping index: 3
    Address: 6521731
    Attributes: [8]
Location #800
    Mapping index: 3
    Address: 5552773
    Attributes: [8]
Location #801
    Mapping index: 3
    Address: 5595492
    Attributes: [8]
Location #802
    Mapping index: 3
    Address: 6520162
    Attributes: [8]
Location #803
    Mapping index: 3
    Address: 6536864
    Attributes: [8]
Location #804
    Mapping index: 3
    Address: 6257532
    Attributes: [8]
Location #805
    Mapping index: 3
    Address: 6174003
    Attributes: [8]
Location #806
    Mapping index: 3
    Address: 6125240
    Attributes: [8]
Location #807
    Mapping index: 3
    Address: 7347226
    Attributes: [8]
Location #808
    Mapping index: 3
    Address: 5340279
    Attributes: [8]
Location #809
    Mapping index: 3
    Address: 6357872
    Attributes: [8]
Location #810
    Mapping index: 3
    Address: 6608501
    Attributes: [8]
Location #811
    Mapping index: 3
    Address: 5557841
    Attributes: [8]
Location #812
    Mapping index: 3
    Address: 6143450
    Attributes: [8]
Location #813
    Mapping index: 3
    Address: 6236065
    Attributes: [8]
Location #814
    Mapping index: 3
    Address: 6505966
    Attributes: [8]
Location #815
    Mapping index: 3
    Address: 6405548
    Attributes: [8]
Location #816
    Mapping index: 3
    Address: 6004897
    Attributes: [8]
Location #817
    Mapping index: 3
    Address: 6004422
    Attributes: [8]
Location #818
    Mapping index: 3
    Address: 6506355
    Attributes: [8]
Location #819
    Mapping index: 3
    Address: 6505350
    Attributes: [8]
Location #820
    Mapping index: 3
    Address: 6004936
    Attributes: [8]
Location #821
    Mapping index: 3
    Address: 7008700
    Attributes: [8]
Location #822
    Mapping index: 3
    Address: 7001466
    Attributes: [8]
Location #823
    Mapping index: 3
    Address: 6525813
    Attributes: [8]
Location #824
    Mapping index: 3
    Address: 6521376
    Attributes: [8]
Location #825
    Mapping index: 3
    Address: 5795822
    Attributes: [8]
Location #826
    Mapping index: 3
    Address: 5802861
    Attributes: [8]
Location #827
    Mapping index: 3
    Address: 5619046
    Attributes: [8]
Location #828
    Mapping index: 3
    Address: 6303360
    Attributes: [8]
Location #829
    Mapping index: 3
    Address: 6303758
    Attributes: [8]
Location #830
    Mapping index: 3
    Address: 5814396
    Attributes: [8]
Location #831
    Mapping index: 3
    Address: 7348157
    Attributes: [8]
Location #832
    Mapping index: 3
    Address: 7060799
    Attributes: [8]
Location #833
    Mapping index: 3
    Address: 7060842
    Attributes: [8]
Location #834
    Mapping index: 3
    Address: 7000428
    Attributes: [8]
Location #835
    Mapping index: 3
    Address: 7256031
    Attributes: [8]
Location #836
    Mapping index: 3
    Address: 5988518
    Attributes: [8]
Location #837
    Mapping index: 3
    Address: 7061273
    Attributes: [8]
Location #838
    Mapping index: 3
    Address: 5834642
    Attributes: [8]
Location #839
    Mapping index: 3
    Address: 6504346
    Attributes: [8]
Location #840
    Mapping index: 3
    Address: 7347177
    Attributes: [8]
Location #841
    Mapping index: 3
    Address: 6773158
    Attributes: [8]
Location #842
    Mapping index: 3
    Address: 7012358
    Attributes: [8]
Location #843
    Mapping index: 3
    Address: 6811471
    Attributes: [8]
Location #844
    Mapping index: 3
    Address: 5786048
    Attributes: [8]
Location #845
    Mapping index: 3
    Address: 5561919
    Attributes: [8]
Location #846
    Mapping index: 3
    Address: 6304956
    Attributes: [8]
Location #847
    Mapping index: 2
    Address: 548679
    Attributes: [8]
Location #848
    Mapping index: 3
    Address: 5548444
    Attributes: [8]
Location #849
    Mapping index: 3
    Address: 6177556
    Attributes: [8]
Location #850
    Mapping index: 3
    Address: 6504169
    Attributes: [8]
Location #851
    Mapping index: 3
    Address: 5765074
    Attributes: [8]
Location #852
    Mapping index: 3
    Address: 6257592
    Attributes: [8]
Location #853
    Mapping index: 3
    Address: 7008802
    Attributes: [8]
Location #854
    Mapping index: 3
    Address: 7347304
    Attributes: [8]
Location #855
    Mapping index: 3
    Address: 5618694
    Attributes: [8]
Location #856
    Mapping index: 3
    Address: 6125951
    Attributes: [8]
Location #857
    Mapping index: 3
    Address: 7012338
    Attributes: [8]
Location #858
    Mapping index: 3
    Address: 6504891
    Attributes: [8]
Location #859
    Mapping index: 3
    Address: 6504027
    Attributes: [8]
Location #860
    Mapping index: 5
    Address: 7769101
    Line #0
        Function index: 16
        Line: 0
        Column: 0
    Attributes: [22]
Location #861
    Mapping index: 5
    Address: 7771835
    Line #0
        Function index: 17
        Line: 0
        Column: 0
    Attributes: [22]
Location #862
    Mapping index: 5
    Address: 7803145
    Line #0
        Function index: 18
        Line: 0
        Column: 0
    Attributes: [22]
Location #863
    Mapping index: 5
    Address: 7804071
    Line #0
        Function index: 19
        Line: 0
        Column: 0
    Attributes: [22]
Location #864
    Mapping index: 5
    Address: 4214009
    Line #0
        Function index: 20
        Line: 0
        Column: 0
    Attributes: [22]
Location #865
    Mapping index: 5
    Address: 4215097
    Line #0
        Function index: 21
        Line: 0
        Column: 0
    Attributes: [22]
Location #866
    Mapping index: 5
    Address: 4221648
    Line #0
        Function index: 22
        Line: 0
        Column: 0
    Attributes: [22]
Location #867
    Mapping index: 5
    Address: 4224517
    Line #0
        Function index: 23
        Line: 0
        Column: 0
    Attributes: [22]
Location #868
    Mapping index: 5
    Address: 4225583
    Line #0
        Function index: 24
        Line: 0
        Column: 0
    Attributes: [22]
Location #869
    Mapping index: 5
    Address: 3166376
    Line #0
        Function index: 25
        Line: 0
        Column: 0
    Attributes: [22]
Location #870
    Mapping index: 5
    Address: 22351549
    Line #0
        Function index: 26
        Line: 0
        Column: 0
    Attributes: [22]
Location #871
    Mapping index: 5
    Address: 298
    Line #0
        Function index: 27
        Line: 0
        Column: 0
    Attributes: [22]
Location #872
    Mapping index: 7
    Address: 214006162
    Attributes: [8]
Location #873
    Mapping index: 7
    Address: 213963917
    Attributes: [8]
Location #874
    Mapping index: 3
    Address: 7335845
    Attributes: [8]
Location #875
    Mapping index: 3
    Address: 6801095
    Attributes: [8]
Location #876
    Mapping index: 3
    Address: 6807895
    Attributes: [8]
Location #877
    Mapping index: 3
    Address: 7332569
    Attributes: [8]
Location #878
    Mapping index: 3
    Address: 6801115
    Attributes: [8]
Location #879
    Mapping index: 3
    Address: 6803015
    Attributes: [8]
Location #880
    Mapping index: 3
    Address: 6805035
    Attributes: [8]
Location #881
    Mapping index: 3
    Address: 6809695
    Attributes: [8]
Location #882
    Mapping index: 3
    Address: 7327421
    Attributes: [8]
Location #883
    Mapping index: 3
    Address: 7327493
    Attributes: [8]
Location #884
    Mapping index: 3
    Address: 6801615
    Attributes: [8]
Location #885
    Mapping index: 3
    Address: 7329977
    Attributes: [8]
Location #886
    Mapping index: 3
    Address: 7330049
    Attributes: [8]
Location #887
    Mapping index: 3
    Address: 7334351
    Attributes: [8]
Location #888
    Mapping index: 3
    Address: 6805975
    Attributes: [8]
Location #889
    Mapping index: 3
    Address: 6802775
    Attributes: [8]
Location #890
    Mapping index: 3
    Address: 7329401
    Attributes: [8]
Location #891
    Mapping index: 3
    Address: 7327763
    Attributes: [8]
Location #892
    Mapping index: 3
    Address: 6805795
    Attributes: [8]
Location #893
    Mapping index: 3
    Address: 6808475
    Attributes: [8]
Location #894
    Mapping index: 3
    Address: 6804275
    Attributes: [8]
Location #895
    Mapping index: 3
    Address: 6799935
    Attributes: [8]
Location #896
    Mapping index: 3
    Address: 6801015
    Attributes: [8]
Location #897
    Mapping index: 3
    Address: 7328753
    Attributes: [8]
Location #898
    Mapping index: 3
    Address: 6807855
    Attributes: [8]
Location #899
    Mapping index: 3
    Address: 6809955
    Attributes: [8]
Location #900
    Mapping index: 3
    Address: 6809715
    Attributes: [8]
Location #901
    Mapping index: 3
    Address: 7329257
    Attributes: [8]
Location #902
    Mapping index: 3
    Address: 6802795
    Attributes: [8]
Location #903
    Mapping index: 3
    Address: 6805135
    Attributes: [8]
Location #904
    Mapping index: 3
    Address: 7329491
    Attributes: [8]
Location #905
    Mapping index: 3
    Address: 7335035
    Attributes: [8]
Location #906
    Mapping index: 3
    Address: 6805695
    Attributes: [8]
Location #907
    Mapping index: 3
    Address: 7325477
    Attributes: [8]
Location #908
    Mapping index: 3
    Address: 7326323
    Attributes: [8]
Location #909
    Mapping index: 3
    Address: 7330373
    Attributes: [8]
Location #910
    Mapping index: 3
    Address: 6801035
    Attributes: [8]
Location #911
    Mapping index: 3
    Address: 6806015
    Attributes: [8]
Location #912
    Mapping index: 3
    Address: 6800815
    Attributes: [8]
Location #913
    Mapping index: 3
    Address: 6802355
    Attributes: [8]
Location #914
    Mapping index: 3
    Address: 6809755
    Attributes: [8]
Location #915
    Mapping index: 3
    Address: 6805955
    Attributes: [8]
Location #916
    Mapping index: 3
    Address: 6807055
    Attributes: [8]
Location #917
    Mapping index: 3
    Address: 6802415
    Attributes: [8]
Location #918
    Mapping index: 3
    Address: 7324955
    Attributes: [8]
Location #919
    Mapping index: 3
    Address: 6801075
    Attributes: [8]
Location #920
    Mapping index: 3
    Address: 7325639
    Attributes: [8]
Location #921
    Mapping index: 3
    Address: 6800435
    Attributes: [8]
Location #922
    Mapping index: 3
    Address: 6802395
    Attributes: [8]
Location #923
    Mapping index: 3
    Address: 7331777
    Attributes: [8]
Location #924
    Mapping index: 3
    Address: 7327475
    Attributes: [8]
Location #925
    Mapping index: 3
    Address: 6808275
    Attributes: [8]
Location #926
    Mapping index: 3
    Address: 6800515
    Attributes: [8]
Location #927
    Mapping index: 3
    Address: 6800855
    Attributes: [8]
Location #928
    Mapping index: 3
    Address: 6801355
    Attributes: [8]
Location #929
    Mapping index: 3
    Address: 6802975
    Attributes: [8]
Location #930
    Mapping index: 3
    Address: 7325045
    Attributes: [8]
Location #931
    Mapping index: 3
    Address: 6802335
    Attributes: [8]
Location #932
    Mapping index: 3
    Address: 7327799
    Attributes: [8]
Location #933
    Mapping index: 3
    Address: 6802895
    Attributes: [8]
Location #934
    Mapping index: 3
    Address: 7329383
    Attributes: [8]
Location #935
    Mapping index: 3
    Address: 6802955
    Attributes: [8]
Location #936
    Mapping index: 3
    Address: 7330751
    Attributes: [8]
Location #937
    Mapping index: 3
    Address: 7334423
    Attributes: [8]
Location #938
    Mapping index: 3
    Address: 6802375
    Attributes: [8]
Location #939
    Mapping index: 3
    Address: 6808435
    Attributes: [8]
Location #940
    Mapping index: 3
    Address: 6804435
    Attributes: [8]
Location #941
    Mapping index: 3
    Address: 6809295
    Attributes: [8]
Location #942
    Mapping index: 3
    Address: 7325873
    Attributes: [8]
Location #943
    Mapping index: 3
    Address: 7334027
    Attributes: [8]
Location #944
    Mapping index: 3
    Address: 7334207
    Attributes: [8]
Location #945
    Mapping index: 3
    Address: 6805515
    Attributes: [8]
Location #946
    Mapping index: 3
    Address: 6807295
    Attributes: [8]
Location #947
    Mapping index: 3
    Address: 6808015
    Attributes: [8]
Location #948
    Mapping index: 3
    Address: 7334315
    Attributes: [8]
Location #949
    Mapping index: 3
    Address: 7326305
    Attributes: [8]
Location #950
    Mapping index: 3
    Address: 7332497
    Attributes: [8]
Location #951
    Mapping index: 3
    Address: 6800995
    Attributes: [8]
Location #952
    Mapping index: 3
    Address: 6800835
    Attributes: [8]
Location #953
    Mapping index: 3
    Address: 7329365
    Attributes: [8]
Location #954
    Mapping index: 3
    Address: 7329473
    Attributes: [8]
Location #955
    Mapping index: 3
    Address: 7336367
    Attributes: [8]
Location #956
    Mapping index: 3
    Address: 6799995
    Attributes: [8]
Location #957
    Mapping index: 3
    Address: 6802995
    Attributes: [8]
Location #958
    Mapping index: 3
    Address: 7337681
    Attributes: [8]
Location #959
    Mapping index: 3
    Address: 6805115
    Attributes: [8]
Location #960
    Mapping index: 3
    Address: 7329329
    Attributes: [8]
Location #961
    Mapping index: 3
    Address: 7334639
    Attributes: [8]
Location #962
    Mapping index: 3
    Address: 6804575
    Attributes: [8]
Location #963
    Mapping index: 3
    Address: 6804975
    Attributes: [8]
Location #964
    Mapping index: 3
    Address: 7329167
    Attributes: [8]
Location #965
    Mapping index: 3
    Address: 6804755
    Attributes: [8]
Location #966
    Mapping index: 3
    Address: 7326809
    Attributes: [8]
Location #967
    Mapping index: 3
    Address: 7333163
    Attributes: [8]
Location #968
    Mapping index: 3
    Address: 7334711
    Attributes: [8]
Location #969
    Mapping index: 3
    Address: 6801515
    Attributes: [8]
Location #970
    Mapping index: 3
    Address: 6809915
    Attributes: [8]
Location #971
    Mapping index: 3
    Address: 7325333
    Attributes: [8]
Location #972
    Mapping index: 3
    Address: 6807335
    Attributes: [8]
Location #973
    Mapping index: 3
    Address: 7331471
    Attributes: [8]
Location #974
    Mapping index: 3
    Address: 6804835
    Attributes: [8]
Location #975
    Mapping index: 3
    Address: 6805155
    Attributes: [8]
Location #976
    Mapping index: 3
    Address: 7324775
    Attributes: [8]
Location #977
    Mapping index: 3
    Address: 6802695
    Attributes: [8]
Location #978
    Mapping index: 3
    Address: 7325837
    Attributes: [8]
Location #979
    Mapping index: 3
    Address: 7326953
    Attributes: [8]
Location #980
    Mapping index: 3
    Address: 7330247
    Attributes: [8]
Location #981
    Mapping index: 3
    Address: 6801475
    Attributes: [8]
Location #982
    Mapping index: 3
    Address: 6803535
    Attributes: [8]
Location #983
    Mapping index: 3
    Address: 6804635
    Attributes: [8]
Location #984
    Mapping index: 3
    Address: 6807395
    Attributes: [8]
Location #985
    Mapping index: 3
    Address: 6803055
    Attributes: [8]
Location #986
    Mapping index: 3
    Address: 7333811
    Attributes: [8]
Location #987
    Mapping index: 3
    Address: 7334945
    Attributes: [8]
Location #988
    Mapping index: 3
    Address: 6801375
    Attributes: [8]
Location #989
    Mapping index: 3
    Address: 6805995
    Attributes: [8]
Location #990
    Mapping index: 3
    Address: 7334189
    Attributes: [8]
Location #991
    Mapping index: 3
    Address: 6805475
    Attributes: [8]
Location #992
    Mapping index: 3
    Address: 6809455
    Attributes: [8]
Location #993
    Mapping index: 3
    Address: 6801135
    Attributes: [8]
Location #994
    Mapping index: 3
    Address: 6804875
    Attributes: [8]
Location #995
    Mapping index: 3
    Address: 6805055
    Attributes: [8]
Location #996
    Mapping index: 3
    Address: 6805675
    Attributes: [8]
Location #997
    Mapping index: 3
    Address: 6807755
    Attributes: [8]
Location #998
    Mapping index: 3
    Address: 6802615
    Attributes: [8]
Location #999
    Mapping index: 3
    Address: 6801715
    Attributes: [8]
Location #1000
    Mapping index: 3
    Address: 6801495
    Attributes: [8]
Location #1001
    Mapping index: 3
    Address: 6807075
    Attributes: [8]
Location #1002
    Mapping index: 3
    Address: 7326719
    Attributes: [8]
Location #1003
    Mapping index: 3
    Address: 6800495
    Attributes: [8]
Location #1004
    Mapping index: 3
    Address: 7329185
    Attributes: [8]
Location #1005
    Mapping index: 3
    Address: 6801815
    Attributes: [8]
Location #1006
    Mapping index: 3
    Address: 7334333
    Attributes: [8]
Location #1007
    Mapping index: 3
    Address: 7337609
    Attributes: [8]
Location #1008
    Mapping index: 3
    Address: 6804735
    Attributes: [8]
Location #1009
    Mapping index: 3
    Address: 7325297
    Attributes: [8]
Location #1010
    Mapping index: 3
    Address: 7328681
    Attributes: [8]
Location #1011
    Mapping index: 3
    Address: 7331831
    Attributes: [8]
Location #1012
    Mapping index: 3
    Address: 7331975
    Attributes: [8]
Location #1013
    Mapping index: 3
    Address: 6807315
    Attributes: [8]
Location #1014
    Mapping index: 3
    Address: 6807995
    Attributes: [8]
Location #1015
    Mapping index: 3
    Address: 7333181
    Attributes: [8]
Location #1016
    Mapping index: 3
    Address: 7334495
    Attributes: [8]
Location #1017
    Mapping index: 3
    Address: 7335809
    Attributes: [8]
Location #1018
    Mapping index: 3
    Address: 7337357
    Attributes: [8]
Location #1019
    Mapping index: 2
    Address: 240224
    Attributes: [8]
Location #1020
    Mapping index: 2
    Address: 240236
    Attributes: [8]
Location #1021
    Mapping index: 4
    Address: 10768
    Attributes: [8]
Location #1022
    Mapping index: 2
    Address: 239219
    Attributes: [8]
Location #1023
    Mapping index: 2
    Address: 240007
    Attributes: [8]
Location #1024
    Mapping index: 2
    Address: 545204
    Attributes: [8]
Location #1025
    Mapping index: 2
    Address: 611619
    Attributes: [8]
Location #1026
    Mapping index: 2
    Address: 600195
    Attributes: [8]
Location #1027
    Mapping index: 2
    Address: 611793
    Attributes: [8]
Location #1028
    Mapping index: 2
    Address: 552825
    Attributes: [8]
Location #1029
    Mapping index: 2
    Address: 595789
    Attributes: [8]
Location #1030
    Mapping index: 2
    Address: 262407
    Attributes: [8]
Location #1031
    Mapping index: 2
    Address: 263801
    Attributes: [8]
Location #1032
    Mapping index: 2
    Address: 226887
    Attributes: [8]
Location #1033
    Mapping index: 2
    Address: 263298
    Attributes: [8]
Location #1034
    Mapping index: 2
    Address: 545583
    Attributes: [8]
Location #1035
    Mapping index: 2
    Address: 262512
    Attributes: [8]
Location #1036
    Mapping index: 8
    Address: 14228
    Attributes: [8]
Location #1037
    Mapping index: 9
    Address: 32549
    Attributes: [8]
Location #1038
    Mapping index: 9
    Address: 76952
    Attributes: [8]
Location #1039
    Mapping index: 9
    Address: 79262
    Attributes: [8]
Location #1040
    Mapping index: 9
    Address: 52112
    Attributes: [8]
Location #1041
    Mapping index: 8
    Address: 32436
    Attributes: [8]
Location #1042
    Mapping index: 10
    Address: 35804
    Attributes: [8]
Location #1043
    Mapping index: 10
    Address: 37652
    Attributes: [8]
Location #1044
    Mapping index: 8
    Address: 18393
    Attributes: [8]
Location #1045
    Mapping index: 8
    Address: 18461
    Attributes: [8]
Location #1046
    Mapping index: 8
    Address: 18812
    Attributes: [8]
Location #1047
    Mapping index: 9
    Address: 130331
    Attributes: [8]
Location #1048
    Mapping index: 9
    Address: 130685
    Attributes: [8]
Location #1049
    Mapping index: 9
    Address: 49356
    Attributes: [8]
Location #1050
    Mapping index: 9
    Address: 75011
    Attributes: [8]
Location #1051
    Mapping index: 9
    Address: 75061
    Attributes: [8]
Location #1052
    Mapping index: 9
    Address: 32819
    Attributes: [8]
Location #1053
    Mapping index: 9
    Address: 87404
    Attributes: [8]
Location #1054
    Mapping index: 9
    Address: 32260
    Attributes: [8]
Location #1055
    Mapping index: 8
    Address: 32415
    Attributes: [8]
Location #1056
    Mapping index: 8
    Address: 14691
    Attributes: [8]
Location #1057
    Mapping index: 8
    Address: 23988
    Attributes: [8]
Location #1058
    Mapping index: 9
    Address: 133030
    Attributes: [8]
Location #1059
    Mapping index: 9
    Address: 133693
    Attributes: [8]
Location #1060
    Mapping index: 9
    Address: 130659
    Attributes: [8]
Location #1061
    Mapping index: 9
    Address: 129930
    Attributes: [8]
Location #1062
    Mapping index: 9
    Address: 74137
    Attributes: [8]
Location #1063
    Mapping index: 9
    Address: 32603
    Attributes: [8]
Location #1064
    Mapping index: 9
    Address: 144985
    Attributes: [8]
Location #1065
    Mapping index: 9
    Address: 79412
    Attributes: [8]
Location #1066
    Mapping index: 9
    Address: 32827
    Attributes: [8]
Location #1067
    Mapping index: 9
    Address: 92092
    Attributes: [8]
Location #1068
    Mapping index: 9
    Address: 133400
    Attributes: [8]
Location #1069
    Mapping index: 9
    Address: 134017
    Attributes: [8]
Location #1070
    Mapping index: 9
    Address: 79206
    Attributes: [8]
Location #1071
    Mapping index: 9
    Address: 88966
    Attributes: [8]
Location #1072
    Mapping index: 9
    Address: 51080
    Attributes: [8]
Location #1073
    Mapping index: 9
    Address: 79322
    Attributes: [8]
Location #1074
    Mapping index: 9
    Address: 133525
    Attributes: [8]
Location #1075
    Mapping index: 9
    Address: 133712
    Attributes: [8]
Location #1076
    Mapping index: 9
    Address: 92150
    Attributes: [8]
Location #1077
    Mapping index: 9
    Address: 133014
    Attributes: [8]
Location #1078
    Mapping index: 11
    Address: 24787332
    Attributes: [8]
Location #1079
    Mapping index: 11
    Address: 19705047
    Attributes: [8]
Location #1080
    Mapping index: 11
    Address: 19706189
    Attributes: [8]
Location #1081
    Mapping index: 11
    Address: 19706926
    Attributes: [8]
Location #1082
    Mapping index: 11
    Address: 19711212
    Attributes: [8]
Location #1083
    Mapping index: 11
    Address: 18997854
    Attributes: [8]
Location #1084
    Mapping index: 11
    Address: 18999310
    Attributes: [8]
Location #1085
    Mapping index: 11
    Address: 15962226
    Attributes: [8]
Location #1086
    Mapping index: 11
    Address: 15978729
    Attributes: [8]
Location #1087
    Mapping index: 11
    Address: 19316633
    Attributes: [8]
Location #1088
    Mapping index: 11
    Address: 19317481
    Attributes: [8]
Location #1089
    Mapping index: 0
    Address: 0
    Line #0
        Function index: 28
        Line: 0
        Column: 0
    Attributes: [50]
Location #1090
    Mapping index: 0
    Address: 0
    Line #0
        Function index: 29
        Line: 0
        Column: 0
    Attributes: [50]
Location #1091
    Mapping index: 0
    Address: 0
    Line #0
        Function index: 30
        Line: 0
        Column: 0
    Attributes: [50]
Location #1092
    Mapping index: 0
    Address: 0
    Line #0
        Function index: 31
        Line: 0
        Column: 0
    Attributes: [50]
Location #1093
    Mapping index: 0
    Address: 0
    Line #0
        Function index: 32
        Line: 0
        Column: 0
    Attributes: [50]
Location #1094
    Mapping index: 0
    Address: 0
    Attributes: [50]
Location #1095
    Mapping index: 0
    Address: 0
    Line #0
        Function index: 33
        Line: 0
        Column: 0
    Attributes: [50]
Location #1096
    Mapping index: 0
    Address: 0
    Line #0
        Function index: 34
        Line: 0
        Column: 0
    Attributes: [50]
Location #1097
    Mapping index: 0
    Address: 0
    Line #0
        Function index: 35
        Line: 0
        Column: 0
    Attributes: [50]
Location #1098
    Mapping index: 0
    Address: 0
    Line #0
        Function index: 36
        Line: 0
        Column: 0
    Attributes: [50]
Location #1099
    Mapping index: 0
    Address: 0
    Line #0
        Function index: 37
        Line: 0
        Column: 0
    Attributes: [50]
Location #1100
    Mapping index: 0
    Address: 0
    Line #0
        Function index: 38
        Line: 0
        Column: 0
    Attributes: [50]
Location #1101
    Mapping index: 11
    Address: 20424196
    Attributes: [8]
Location #1102
    Mapping index: 11
    Address: 20428857
    Attributes: [8]
Location #1103
    Mapping index: 11
    Address: 20635384
    Attributes: [8]
Location #1104
    Mapping index: 11
    Address: 20636338
    Attributes: [8]
Location #1105
    Mapping index: 11
    Address: 15266858
    Attributes: [8]
Location #1106
    Mapping index: 11
    Address: 15267424
    Attributes: [8]
Location #1107
    Mapping index: 11
    Address: 16024100
    Attributes: [8]
Location #1108
    Mapping index: 11
    Address: 15292437
    Attributes: [8]
Location #1109
    Mapping index: 11
    Address: 16703983
    Attributes: [8]
Location #1110
    Mapping index: 11
    Address: 16023210
    Attributes: [8]
Location #1111
    Mapping index: 11
    Address: 15258461
    Attributes: [8]
Location #1112
    Mapping index: 11
    Address: 18064187
    Attributes: [8]
Location #1113
    Mapping index: 11
    Address: 15999092
    Attributes: [8]
Location #1114
    Mapping index: 11
    Address: 15301747
    Attributes: [8]
Location #1115
    Mapping index: 11
    Address: 15302425
    Attributes: [8]
Location #1116
    Mapping index: 11
    Address: 16703197
    Attributes: [8]
Location #1117
    Mapping index: 11
    Address: 16703758
    Attributes: [8]
Location #1118
    Mapping index: 12
    Address: 801283
    Attributes: [8]
Location #1119
    Mapping index: 11
    Address: 16792254
    Attributes: [8]
Location #1120
    Mapping index: 11
    Address: 16797392
    Attributes: [8]
Location #1121
    Mapping index: 11
    Address: 16798934
    Attributes: [8]
Location #1122
    Mapping index: 11
    Address: 15277965
    Attributes: [8]
Location #1123
    Mapping index: 11
    Address: 15279576
    Attributes: [8]
Location #1124
    Mapping index: 0
    Address: 39178944
    Attributes: [8]
Location #1125
    Mapping index: 0
    Address: 39211699
    Attributes: [8]
Location #1126
    Mapping index: 0
    Address: 39217301
    Attributes: [8]
Location #1127
    Mapping index: 11
    Address: 17453205
    Attributes: [8]
Location #1128
    Mapping index: 0
    Address: 0
    Line #0
        Function index: 39
        Line: 0
        Column: 0
    Attributes: [50]
Location #1129
    Mapping index: 0
    Address: 0
    Line #0
        Function index: 40
        Line: 0
        Column: 0
    Attributes: [50]
Location #1130
    Mapping index: 0
    Address: 0
    Line #0
        Function index: 41
        Line: 0
        Column: 0
    Attributes: [50]
Location #1131
    Mapping index: 0
    Address: 0
    Line #0
        Function index: 42
        Line: 0
        Column: 0
    Attributes: [50]
Location #1132
    Mapping index: 0
    Address: 0
    Line #0
        Function index: 43
        Line: 0
        Column: 0
    Attributes: [50]
Location #1133
    Mapping index: 0
    Address: 0
    Line #0
        Function index: 44
        Line: 0
        Column: 0
    Attributes: [50]
Location #1134
    Mapping index: 0
    Address: 0
    Line #0
        Function index: 45
        Line: 0
        Column: 0
    Attributes: [50]
Location #1135
    Mapping index: 11
    Address: 24816525
    Attributes: [8]
Location #1136
    Mapping index: 11
    Address: 24850300
    Attributes: [8]
Location #1137
    Mapping index: 11
    Address: 24852164
    Attributes: [8]
Location #1138
    Mapping index: 11
    Address: 24834061
    Attributes: [8]
Location #1139
    Mapping index: 11
    Address: 24835687
    Attributes: [8]
Location #1140
    Mapping index: 11
    Address: 24854646
    Attributes: [8]
Location #1141
    Mapping index: 11
    Address: 24862877
    Attributes: [8]
Location #1142
    Mapping index: 11
    Address: 24863213
    Attributes: [8]
Location #1143
    Mapping index: 11
    Address: 24599593
    Attributes: [8]
Location #1144
    Mapping index: 11
    Address: 24720949
    Attributes: [8]
Location #1145
    Mapping index: 11
    Address: 24722392
    Attributes: [8]
Location #1146
    Mapping index: 11
    Address: 24761819
    Attributes: [8]
Location #1147
    Mapping index: 11
    Address: 24764184
    Attributes: [8]
Location #1148
    Mapping index: 11
    Address: 24765638
    Attributes: [8]
Location #1149
    Mapping index: 11
    Address: 24787094
    Attributes: [8]
Location #1150
    Mapping index: 11
    Address: 24866343
    Attributes: [8]
Location #1151
    Mapping index: 11
    Address: 24859283
    Attributes: [8]
Location #1152
    Mapping index: 11
    Address: 24834565
    Attributes: [8]
Location #1153
    Mapping index: 11
    Address: 21897976
    Attributes: [8]
Location #1154
    Mapping index: 11
    Address: 21902231
    Attributes: [8]
Location #1155
    Mapping index: 11
    Address: 21223921
    Attributes: [8]
Location #1156
    Mapping index: 11
    Address: 21347289
    Attributes: [8]
Location #1157
    Mapping index: 11
    Address: 21354168
    Attributes: [8]
Location #1158
    Mapping index: 11
    Address: 21367623
    Attributes: [8]
Location #1159
    Mapping index: 11
    Address: 30173616
    Attributes: [8]
Location #1160
    Mapping index: 11
    Address: 24852211
    Attributes: [8]
Location #1161
    Mapping index: 11
    Address: 24858073
    Attributes: [8]
Location #1162
    Mapping index: 11
    Address: 26099229
    Attributes: [8]
Location #1163
    Mapping index: 11
    Address: 26116691
    Attributes: [8]
Location #1164
    Mapping index: 11
    Address: 26117456
    Attributes: [8]
Location #1165
    Mapping index: 11
    Address: 19261076
    Attributes: [8]
Location #1166
    Mapping index: 11
    Address: 19261650
    Attributes: [8]
Location #1167
    Mapping index: 11
    Address: 19283164
    Attributes: [8]
Location #1168
    Mapping index: 11
    Address: 24608448
    Attributes: [8]
Location #1169
    Mapping index: 11
    Address: 24722459
    Attributes: [8]
Location #1170
    Mapping index: 11
    Address: 19894857
    Attributes: [8]
Location #1171
    Mapping index: 11
    Address: 19900595
    Attributes: [8]
Location #1172
    Mapping index: 11
    Address: 21116424
    Attributes: [8]
Location #1173
    Mapping index: 11
    Address: 27011473
    Attributes: [8]
Location #1174
    Mapping index: 11
    Address: 19300217
    Attributes: [8]
Location #1175
    Mapping index: 11
    Address: 19687610
    Attributes: [8]
Location #1176
    Mapping index: 11
    Address: 27000620
    Attributes: [8]
Location #1177
    Mapping index: 11
    Address: 20653022
    Attributes: [8]
Location #1178
    Mapping index: 11
    Address: 25605850
    Attributes: [8]
Location #1179
    Mapping index: 11
    Address: 25613091
    Attributes: [8]
Location #1180
    Mapping index: 11
    Address: 25860429
    Attributes: [8]
Location #1181
    Mapping index: 11
    Address: 25904269
    Attributes: [8]
Location #1182
    Mapping index: 11
    Address: 25846945
    Attributes: [8]
Location #1183
    Mapping index: 11
    Address: 19714445
    Attributes: [8]
Location #1184
    Mapping index: 11
    Address: 19152929
    Attributes: [8]
Location #1185
    Mapping index: 11
    Address: 19153158
    Attributes: [8]
Location #1186
    Mapping index: 11
    Address: 16188303
    Attributes: [8]
Location #1187
    Mapping index: 11
    Address: 16190716
    Attributes: [8]
Location #1188
    Mapping index: 11
    Address: 16195680
    Attributes: [8]
Location #1189
    Mapping index: 11
    Address: 20783897
    Attributes: [8]
Location #1190
    Mapping index: 11
    Address: 20784526
    Attributes: [8]
Location #1191
    Mapping index: 11
    Address: 21841272
    Attributes: [8]
Location #1192
    Mapping index: 11
    Address: 21846304
    Attributes: [8]
Location #1193
    Mapping index: 11
    Address: 21849574
    Attributes: [8]
Location #1194
    Mapping index: 11
    Address: 21895523
    Attributes: [8]
Location #1195
    Mapping index: 11
    Address: 21895803
    Attributes: [8]
Location #1196
    Mapping index: 0
    Address: 37027548
    Attributes: [8]
Location #1197
    Mapping index: 0
    Address: 37027954
    Attributes: [8]
Location #1198
    Mapping index: 11
    Address: 21901819
    Attributes: [8]
Location #1199
    Mapping index: 0
    Address: 39180170
    Attributes: [8]
Location #1200
    Mapping index: 0
    Address: 39209799
    Attributes: [8]
Location #1201
    Mapping index: 0
    Address: 0
    Line #0
        Function index: 46
        Line: 0
        Column: 0
    Attributes: [50]
Location #1202
    Mapping index: 0
    Address: 0
    Line #0
        Function index: 47
        Line: 0
        Column: 0
    Attributes: [50]
Location #1203
    Mapping index: 11
    Address: 15957408
    Attributes: [8]
Location #1204
    Mapping index: 11
    Address: 21411357
    Attributes: [8]
Location #1205
    Mapping index: 11
    Address: 22271000
    Attributes: [8]
Location #1206
    Mapping index: 11
    Address: 27010676
    Attributes: [8]
Location #1207
    Mapping index: 11
    Address: 19300190
    Attributes: [8]
Location #1208
    Mapping index: 11
    Address: 19688289
    Attributes: [8]
Location #1209
    Mapping index: 11
    Address: 27000362
    Attributes: [8]
Location #1210
    Mapping index: 11
    Address: 30413459
    Attributes: [8]
Location #1211
    Mapping index: 11
    Address: 30440156
    Attributes: [8]
Location #1212
    Mapping index: 11
    Address: 17940982
    Attributes: [8]
Location #1213
    Mapping index: 11
    Address: 16783157
    Attributes: [8]
Location #1214
    Mapping index: 11
    Address: 15278094
    Attributes: [8]
Location #1215
    Mapping index: 11
    Address: 17941054
    Attributes: [8]
Location #1216
    Mapping index: 11
    Address: 24573753
    Attributes: [8]
Location #1217
    Mapping index: 11
    Address: 24975304
    Attributes: [8]
Location #1218
    Mapping index: 11
    Address: 24756205
    Attributes: [8]
Location #1219
    Mapping index: 11
    Address: 24784932
    Attributes: [8]
Location #1220
    Mapping index: 11
    Address: 24787908
    Attributes: [8]
Location #1221
    Mapping index: 11
    Address: 19718179
    Attributes: [8]
Location #1222
    Mapping index: 11
    Address: 19720193
    Attributes: [8]
Location #1223
    Mapping index: 11
    Address: 25576878
    Attributes: [8]
Location #1224
    Mapping index: 11
    Address: 21897609
    Attributes: [8]
Location #1225
    Mapping index: 11
    Address: 19704198
    Attributes: [8]
Location #1226
    Mapping index: 11
    Address: 24573161
    Attributes: [8]
Location #1227
    Mapping index: 11
    Address: 24573431
    Attributes: [8]
Location #1228
    Mapping index: 11
    Address: 24687154
    Attributes: [8]
Location #1229
    Mapping index: 11
    Address: 24666443
    Attributes: [8]
Location #1230
    Mapping index: 11
    Address: 24669444
    Attributes: [8]
Location #1231
    Mapping index: 11
    Address: 24669866
    Attributes: [8]
Location #1232
    Mapping index: 11
    Address: 24742548
    Attributes: [8]
Location #1233
    Mapping index: 11
    Address: 24666607
    Attributes: [8]
Location #1234
    Mapping index: 11
    Address: 24708146
    Attributes: [8]
Location #1235
    Mapping index: 11
    Address: 24710753
    Attributes: [8]
Location #1236
    Mapping index: 11
    Address: 24715443
    Attributes: [8]
Location #1237
    Mapping index: 11
    Address: 24669549
    Attributes: [8]
Location #1238
    Mapping index: 11
    Address: 24673624
    Attributes: [8]
Location #1239
    Mapping index: 11
    Address: 24727003
    Attributes: [8]
Location #1240
    Mapping index: 11
    Address: 24729545
    Attributes: [8]
Location #1241
    Mapping index: 11
    Address: 24750349
    Attributes: [8]
Location #1242
    Mapping index: 11
    Address: 24751956
    Attributes: [8]
Location #1243
    Mapping index: 11
    Address: 26504653
    Attributes: [8]
Location #1244
    Mapping index: 11
    Address: 18063611
    Attributes: [8]
Location #1245
    Mapping index: 11
    Address: 16774738
    Attributes: [8]
Location #1246
    Mapping index: 11
    Address: 16806959
    Attributes: [8]
Location #1247
    Mapping index: 0
    Address: 0
    Line #0
        Function index: 48
        Line: 0
        Column: 0
    Attributes: [50]
Location #1248
    Mapping index: 0
    Address: 0
    Line #0
        Function index: 49
        Line: 0
        Column: 0
    Attributes: [50]
Location #1249
    Mapping index: 0
    Address: 0
    Line #0
        Function index: 50
        Line: 0
        Column: 0
    Attributes: [50]
Location #1250
    Mapping index: 11
    Address: 26117051
    Attributes: [8]
Location #1251
    Mapping index: 0
    Address: 45767575
    Attributes: [8]
Location #1252
    Mapping index: 0
    Address: 45210563
    Attributes: [8]
Location #1253
    Mapping index: 0
    Address: 45308862
    Attributes: [8]
Location #1254
    Mapping index: 0
    Address: 45312831
    Attributes: [8]
Location #1255
    Mapping index: 11
    Address: 19660682
    Attributes: [8]
Location #1256
    Mapping index: 11
    Address: 19919552
    Attributes: [8]
Location #1257
    Mapping index: 11
    Address: 19920478
    Attributes: [8]
Location #1258
    Mapping index: 0
    Address: 36980119
    Attributes: [8]
Location #1259
    Mapping index: 11
    Address: 16935283
    Attributes: [8]
Location #1260
    Mapping index: 2
    Address: 641699
    Attributes: [8]
Location #1261
    Mapping index: 2
    Address: 1219691
    Attributes: [8]
Location #1262
    Mapping index: 0
    Address: 45213418
    Attributes: [8]
Location #1263
    Mapping index: 0
    Address: 45311319
    Attributes: [8]
Location #1264
    Mapping index: 11
    Address: 17941105
    Attributes: [8]
Location #1265
    Mapping index: 12
    Address: 801340
    Attributes: [8]
Location #1266
    Mapping index: 0
    Address: 39234276
    Attributes: [8]
Location #1267
    Mapping index: 11
    Address: 16784703
    Attributes: [8]
Location #1268
    Mapping index: 12
    Address: 801388
    Attributes: [8]
Location #1269
    Mapping index: 0
    Address: 39365605
    Attributes: [8]
Location #1270
    Mapping index: 11
    Address: 16188616
    Attributes: [8]
Location #1271
    Mapping index: 11
    Address: 16177035
    Attributes: [8]
Location #1272
    Mapping index: 11
    Address: 16187418
    Attributes: [8]
Location #1273
    Mapping index: 11
    Address: 21897714
    Attributes: [8]
Location #1274
    Mapping index: 0
    Address: 44805694
    Attributes: [8]
Location #1275
    Mapping index: 0
    Address: 45371482
    Attributes: [8]
Location #1276
    Mapping index: 0
    Address: 45401652
    Attributes: [8]
Location #1277
    Mapping index: 0
    Address: 45235647
    Attributes: [8]
Location #1278
    Mapping index: 0
    Address: 45305817
    Attributes: [8]
Location #1279
    Mapping index: 0
    Address: 45235487
    Attributes: [8]
Location #1280
    Mapping index: 11
    Address: 26515996
    Attributes: [8]
Location #1281
    Mapping index: 11
    Address: 18064171
    Attributes: [8]
Location #1282
    Mapping index: 11
    Address: 19300400
    Attributes: [8]
Location #1283
    Mapping index: 11
    Address: 29814136
    Attributes: [8]
Location #1284
    Mapping index: 11
    Address: 29839935
    Attributes: [8]
Location #1285
    Mapping index: 11
    Address: 27074984
    Attributes: [8]
Location #1286
    Mapping index: 11
    Address: 19300202
    Attributes: [8]
Location #1287
    Mapping index: 11
    Address: 16786996
    Attributes: [8]
Location #1288
    Mapping index: 0
    Address: 43468812
    Attributes: [8]
Location #1289
    Mapping index: 0
    Address: 43471574
    Attributes: [8]
Location #1290
    Mapping index: 0
    Address: 43452418
    Attributes: [8]
Location #1291
    Mapping index: 0
    Address: 43481557
    Attributes: [8]
Location #1292
    Mapping index: 0
    Address: 43499580
    Attributes: [8]
Location #1293
    Mapping index: 0
    Address: 43457541
    Attributes: [8]
Location #1294
    Mapping index: 0
    Address: 42979462
    Attributes: [8]
Location #1295
    Mapping index: 0
    Address: 43009780
    Attributes: [8]
Location #1296
    Mapping index: 11
    Address: 23258168
    Attributes: [8]
Location #1297
    Mapping index: 11
    Address: 23260088
    Attributes: [8]
Location #1298
    Mapping index: 0
    Address: 43973292
    Attributes: [8]
Location #1299
    Mapping index: 11
    Address: 23223314
    Attributes: [8]
Location #1300
    Mapping index: 11
    Address: 23692131
    Attributes: [8]
Location #1301
    Mapping index: 11
    Address: 19473619
    Attributes: [8]
Location #1302
    Mapping index: 0
    Address: 0
    Line #0
        Function index: 51
        Line: 0
        Column: 0
    Attributes: [50]
Location #1303
    Mapping index: 0
    Address: 0
    Line #0
        Function index: 52
        Line: 0
        Column: 0
    Attributes: [50]
Location #1304
    Mapping index: 11
    Address: 20423650
    Attributes: [8]
Location #1305
    Mapping index: 11
    Address: 20427421
    Attributes: [8]
Location #1306
    Mapping index: 11
    Address: 20428609
    Attributes: [8]
Location #1307
    Mapping index: 11
    Address: 24368411
    Attributes: [8]
Location #1308
    Mapping index: 11
    Address: 24369939
    Attributes: [8]
Location #1309
    Mapping index: 11
    Address: 24368961
    Attributes: [8]
Location #1310
    Mapping index: 11
    Address: 24370492
    Attributes: [8]
Location #1311
    Mapping index: 11
    Address: 18995569
    Attributes: [8]
Location #1312
    Mapping index: 11
    Address: 15983390
    Attributes: [8]
Location #1313
    Mapping index: 0
    Address: 0
    Line #0
        Function index: 53
        Line: 0
        Column: 0
    Attributes: [50]
Location #1314
    Mapping index: 11
    Address: 19702753
    Attributes: [8]
Location #1315
    Mapping index: 11
    Address: 19702915
    Attributes: [8]
Location #1316
    Mapping index: 11
    Address: 19704123
    Attributes: [8]
Location #1317
    Mapping index: 0
    Address: 39035138
    Attributes: [8]
Location #1318
    Mapping index: 0
    Address: 39182021
    Attributes: [8]
Location #1319
    Mapping index: 11
    Address: 16806789
    Attributes: [8]
Location #1320
    Mapping index: 11
    Address: 17941117
    Attributes: [8]
Location #1321
    Mapping index: 11
    Address: 16793972
    Attributes: [8]
Location #1322
    Mapping index: 0
    Address: 0
    Line #0
        Function index: 54
        Line: 0
        Column: 0
    Attributes: [50]
Location #1323
    Mapping index: 0
    Address: 0
    Line #0
        Function index: 55
        Line: 0
        Column: 0
    Attributes: [50]
Location #1324
    Mapping index: 11
    Address: 24788224
    Attributes: [8]
Location #1325
    Mapping index: 11
    Address: 23465868
    Attributes: [8]
Location #1326
    Mapping index: 11
    Address: 23466436
    Attributes: [8]
Location #1327
    Mapping index: 11
    Address: 23467060
    Attributes: [8]
Location #1328
    Mapping index: 11
    Address: 23573768
    Attributes: [8]
Location #1329
    Mapping index: 11
    Address: 25662994
    Attributes: [8]
Location #1330
    Mapping index: 11
    Address: 22448624
    Attributes: [8]
Location #1331
    Mapping index: 11
    Address: 19658350
    Attributes: [8]
Location #1332
    Mapping index: 11
    Address: 19703069
    Attributes: [8]
Location #1333
    Mapping index: 11
    Address: 19718485
    Attributes: [8]
Location #1334
    Mapping index: 11
    Address: 24573084
    Attributes: [8]
Location #1335
    Mapping index: 11
    Address: 24684591
    Attributes: [8]
Location #1336
    Mapping index: 0
    Address: 39075137
    Attributes: [8]
Location #1337
    Mapping index: 11
    Address: 17458030
    Attributes: [8]
Location #1338
    Mapping index: 11
    Address: 16806903
    Attributes: [8]
Location #1339
    Mapping index: 0
    Address: 0
    Line #0
        Function index: 56
        Line: 0
        Column: 0
    Attributes: [50]
Location #1340
    Mapping index: 11
    Address: 18063347
    Attributes: [8]
Location #1341
    Mapping index: 11
    Address: 29814778
    Attributes: [8]
Location #1342
    Mapping index: 11
    Address: 29815363
    Attributes: [8]
Location #1343
    Mapping index: 11
    Address: 27011270
    Attributes: [8]
Location #1344
    Mapping index: 0
    Address: 53103696
    Attributes: [8]
Location #1345
    Mapping index: 0
    Address: 53102660
    Attributes: [8]
Location #1346
    Mapping index: 0
    Address: 53106385
    Attributes: [8]
Location #1347
    Mapping index: 11
    Address: 16795823
    Attributes: [8]
Location #1348
    Mapping index: 11
    Address: 24788278
    Attributes: [8]
Location #1349
    Mapping index: 0
    Address: 43652296
    Attributes: [8]
Location #1350
    Mapping index: 0
    Address: 43652869
    Attributes: [8]
Location #1351
    Mapping index: 0
    Address: 43467672
    Attributes: [8]
Location #1352
    Mapping index: 11
    Address: 21904701
    Attributes: [8]
Location #1353
    Mapping index: 0
    Address: 39180335
    Attributes: [8]
Location #1354
    Mapping index: 0
    Address: 45283969
    Attributes: [8]
Location #1355
    Mapping index: 0
    Address: 45312717
    Attributes: [8]
Location #1356
    Mapping index: 11
    Address: 25855606
    Attributes: [8]
Location #1357
    Mapping index: 11
    Address: 27070651
    Attributes: [8]
Location #1358
    Mapping index: 11
    Address: 27074992
    Attributes: [8]
Location #1359
    Mapping index: 11
    Address: 16796049
    Attributes: [8]
Location #1360
    Mapping index: 11
    Address: 24577017
    Attributes: [8]
Location #1361
    Mapping index: 11
    Address: 19718263
    Attributes: [8]
Location #1362
    Mapping index: 11
    Address: 21126826
    Attributes: [8]
Location #1363
    Mapping index: 11
    Address: 21756760
    Attributes: [8]
Location #1364
    Mapping index: 11
    Address: 20920256
    Attributes: [8]
Location #1365
    Mapping index: 11
    Address: 21807325
    Attributes: [8]
Location #1366
    Mapping index: 11
    Address: 21900398
    Attributes: [8]
Location #1367
    Mapping index: 11
    Address: 21897743
    Attributes: [8]
Location #1368
    Mapping index: 11
    Address: 18907917
    Attributes: [8]
Location #1369
    Mapping index: 11
    Address: 26037066
    Attributes: [8]
Location #1370
    Mapping index: 11
    Address: 19443033
    Attributes: [8]
Location #1371
    Mapping index: 0
    Address: 0
    Line #0
        Function index: 57
        Line: 0
        Column: 0
    Attributes: [50]
Location #1372
    Mapping index: 0
    Address: 0
    Line #0
        Function index: 58
        Line: 0
        Column: 0
    Attributes: [50]
Location #1373
    Mapping index: 0
    Address: 0
    Line #0
        Function index: 59
        Line: 0
        Column: 0
    Attributes: [50]
Location #1374
    Mapping index: 11
    Address: 29809807
    Attributes: [8]
Location #1375
    Mapping index: 11
    Address: 29814761
    Attributes: [8]
Location #1376
    Mapping index: 11
    Address: 21121793
    Attributes: [8]
Location #1377
    Mapping index: 11
    Address: 16835073
    Attributes: [8]
Location #1378
    Mapping index: 11
    Address: 29809910
    Attributes: [8]
Location #1379
    Mapping index: 11
    Address: 25860187
    Attributes: [8]
Location #1380
    Mapping index: 0
    Address: 43468187
    Attributes: [8]
Location #1381
    Mapping index: 11
    Address: 21814557
    Attributes: [8]
Location #1382
    Mapping index: 11
    Address: 21901007
    Attributes: [8]
Location #1383
    Mapping index: 0
    Address: 48792226
    Attributes: [8]
Location #1384
    Mapping index: 0
    Address: 47618177
    Attributes: [8]
Location #1385
    Mapping index: 0
    Address: 47628037
    Attributes: [8]
Location #1386
    Mapping index: 0
    Address: 45226312
    Attributes: [8]
Location #1387
    Mapping index: 0
    Address: 45282390
    Attributes: [8]
Location #1388
    Mapping index: 11
    Address: 15696004
    Attributes: [8]
Location #1389
    Mapping index: 11
    Address: 18114314
    Attributes: [8]
Location #1390
    Mapping index: 11
    Address: 15999171
    Attributes: [8]
Location #1391
    Mapping index: 11
    Address: 16836639
    Attributes: [8]
Location #1392
    Mapping index: 0
    Address: 53095567
    Attributes: [8]
Location #1393
    Mapping index: 0
    Address: 53106287
    Attributes: [8]
Location #1394
    Mapping index: 11
    Address: 19703226
    Attributes: [8]
Location #1395
    Mapping index: 11
    Address: 21691998
    Attributes: [8]
Location #1396
    Mapping index: 11
    Address: 21746548
    Attributes: [8]
Location #1397
    Mapping index: 11
    Address: 21634566
    Attributes: [8]
Location #1398
    Mapping index: 11
    Address: 21700451
    Attributes: [8]
Location #1399
    Mapping index: 11
    Address: 21700729
    Attributes: [8]
Location #1400
    Mapping index: 11
    Address: 21214870
    Attributes: [8]
Location #1401
    Mapping index: 11
    Address: 21347109
    Attributes: [8]
Location #1402
    Mapping index: 11
    Address: 21748620
    Attributes: [8]
Location #1403
    Mapping index: 11
    Address: 21414587
    Attributes: [8]
Location #1404
    Mapping index: 11
    Address: 20920435
    Attributes: [8]
Location #1405
    Mapping index: 11
    Address: 20746014
    Attributes: [8]
Location #1406
    Mapping index: 11
    Address: 21903203
    Attributes: [8]
Location #1407
    Mapping index: 0
    Address: 45768192
    Attributes: [8]
Location #1408
    Mapping index: 0
    Address: 45211699
    Attributes: [8]
Location #1409
    Mapping index: 0
    Address: 45310182
    Attributes: [8]
Location #1410
    Mapping index: 11
    Address: 15500758
    Attributes: [8]
Location #1411
    Mapping index: 11
    Address: 18063112
    Attributes: [8]
Location #1412
    Mapping index: 11
    Address: 24710583
    Attributes: [8]
Location #1413
    Mapping index: 11
    Address: 24755750
    Attributes: [8]
Location #1414
    Mapping index: 11
    Address: 21692265
    Attributes: [8]
Location #1415
    Mapping index: 11
    Address: 21700766
    Attributes: [8]
Location #1416
    Mapping index: 0
    Address: 45226363
    Attributes: [8]
Location #1417
    Mapping index: 0
    Address: 45185022
    Attributes: [8]
Location #1418
    Mapping index: 0
    Address: 45307377
    Attributes: [8]
Location #1419
    Mapping index: 11
    Address: 16784670
    Attributes: [8]
Location #1420
    Mapping index: 11
    Address: 16807137
    Attributes: [8]
Location #1421
    Mapping index: 11
    Address: 21208954
    Attributes: [8]
Location #1422
    Mapping index: 11
    Address: 23570893
    Attributes: [8]
Location #1423
    Mapping index: 11
    Address: 23619755
    Attributes: [8]
Location #1424
    Mapping index: 11
    Address: 24037648
    Attributes: [8]
Location #1425
    Mapping index: 11
    Address: 24132916
    Attributes: [8]
Location #1426
    Mapping index: 11
    Address: 23588274
    Attributes: [8]
Location #1427
    Mapping index: 11
    Address: 22177734
    Attributes: [8]
Location #1428
    Mapping index: 11
    Address: 22196962
    Attributes: [8]
Location #1429
    Mapping index: 11
    Address: 18967120
    Attributes: [8]
Location #1430
    Mapping index: 11
    Address: 19074962
    Attributes: [8]
Location #1431
    Mapping index: 11
    Address: 19075758
    Attributes: [8]
Location #1432
    Mapping index: 11
    Address: 15301969
    Attributes: [8]
Location #1433
    Mapping index: 11
    Address: 19719255
    Attributes: [8]
Location #1434
    Mapping index: 11
    Address: 24576275
    Attributes: [8]
Location #1435
    Mapping index: 11
    Address: 19718069
    Attributes: [8]
Location #1436
    Mapping index: 0
    Address: 44637202
    Attributes: [8]
Location #1437
    Mapping index: 0
    Address: 44650700
    Attributes: [8]
Location #1438
    Mapping index: 0
    Address: 48365731
    Attributes: [8]
Location #1439
    Mapping index: 0
    Address: 48396308
    Attributes: [8]
Location #1440
    Mapping index: 0
    Address: 44833130
    Attributes: [8]
Location #1441
    Mapping index: 0
    Address: 45185518
    Attributes: [8]
Location #1442
    Mapping index: 0
    Address: 44833344
    Attributes: [8]
Location #1443
    Mapping index: 0
    Address: 44840947
    Attributes: [8]
Location #1444
    Mapping index: 0
    Address: 44842008
    Attributes: [8]
Location #1445
    Mapping index: 0
    Address: 45283603
    Attributes: [8]
Location #1446
    Mapping index: 0
    Address: 45229699
    Attributes: [8]
Location #1447
    Mapping index: 0
    Address: 45304728
    Attributes: [8]
Location #1448
    Mapping index: 0
    Address: 44836522
    Attributes: [8]
Location #1449
    Mapping index: 0
    Address: 47912363
    Attributes: [8]
Location #1450
    Mapping index: 0
    Address: 47913284
    Attributes: [8]
Location #1451
    Mapping index: 0
    Address: 45309649
    Attributes: [8]
Location #1452
    Mapping index: 11
    Address: 21252985
    Attributes: [8]
Location #1453
    Mapping index: 11
    Address: 21696124
    Attributes: [8]
Location #1454
    Mapping index: 11
    Address: 20920342
    Attributes: [8]
Location #1455
    Mapping index: 11
    Address: 20920522
    Attributes: [8]
Location #1456
    Mapping index: 11
    Address: 21844446
    Attributes: [8]
Location #1457
    Mapping index: 11
    Address: 21889290
    Attributes: [8]
Location #1458
    Mapping index: 11
    Address: 21895534
    Attributes: [8]
Location #1459
    Mapping index: 11
    Address: 24462991
    Attributes: [8]
Location #1460
    Mapping index: 11
    Address: 24464264
    Attributes: [8]
Location #1461
    Mapping index: 11
    Address: 24287218
    Attributes: [8]
Location #1462
    Mapping index: 0
    Address: 0
    Line #0
        Function index: 60
        Line: 0
        Column: 0
    Attributes: [50]
Location #1463
    Mapping index: 11
    Address: 15497783
    Attributes: [8]
Location #1464
    Mapping index: 0
    Address: 39205710
    Attributes: [8]
Location #1465
    Mapping index: 11
    Address: 17454096
    Attributes: [8]
Location #1466
    Mapping index: 0
    Address: 43527680
    Attributes: [8]
Location #1467
    Mapping index: 11
    Address: 25384723
    Attributes: [8]
Location #1468
    Mapping index: 11
    Address: 25386552
    Attributes: [8]
Location #1469
    Mapping index: 11
    Address: 25351533
    Attributes: [8]
Location #1470
    Mapping index: 11
    Address: 25363392
    Attributes: [8]
Location #1471
    Mapping index: 11
    Address: 25382836
    Attributes: [8]
Location #1472
    Mapping index: 11
    Address: 25348087
    Attributes: [8]
Location #1473
    Mapping index: 11
    Address: 25524616
    Attributes: [8]
Location #1474
    Mapping index: 11
    Address: 25526434
    Attributes: [8]
Location #1475
    Mapping index: 11
    Address: 25529158
    Attributes: [8]
Location #1476
    Mapping index: 11
    Address: 25529471
    Attributes: [8]
Location #1477
    Mapping index: 11
    Address: 25692164
    Attributes: [8]
Location #1478
    Mapping index: 0
    Address: 0
    Line #0
        Function index: 61
        Line: 0
        Column: 0
    Attributes: [50]
Location #1479
    Mapping index: 0
    Address: 0
    Line #0
        Function index: 62
        Line: 0
        Column: 0
    Attributes: [50]
Location #1480
    Mapping index: 0
    Address: 0
    Line #0
        Function index: 63
        Line: 0
        Column: 0
    Attributes: [50]
Location #1481
    Mapping index: 0
    Address: 0
    Line #0
        Function index: 64
        Line: 0
        Column: 0
    Attributes: [50]
Location #1482
    Mapping index: 11
    Address: 16807262
    Attributes: [8]
Location #1483
    Mapping index: 11
    Address: 25851477
    Attributes: [8]
Location #1484
    Mapping index: 11
    Address: 25851830
    Attributes: [8]
Location #1485
    Mapping index: 11
    Address: 25852271
    Attributes: [8]
Location #1486
    Mapping index: 11
    Address: 25964178
    Attributes: [8]
Location #1487
    Mapping index: 11
    Address: 22191565
    Attributes: [8]
Location #1488
    Mapping index: 11
    Address: 22196689
    Attributes: [8]
Location #1489
    Mapping index: 11
    Address: 24788161
    Attributes: [8]
Location #1490
    Mapping index: 11
    Address: 24788143
    Attributes: [8]
Location #1491
    Mapping index: 11
    Address: 21691970
    Attributes: [8]
Location #1492
    Mapping index: 11
    Address: 21815196
    Attributes: [8]
Location #1493
    Mapping index: 11
    Address: 21844263
    Attributes: [8]
Location #1494
    Mapping index: 11
    Address: 21895897
    Attributes: [8]
Location #1495
    Mapping index: 11
    Address: 15278362
    Attributes: [8]
Location #1496
    Mapping index: 0
    Address: 39180249
    Attributes: [8]
Location #1497
    Mapping index: 11
    Address: 16783012
    Attributes: [8]
Location #1498
    Mapping index: 11
    Address: 29814221
    Attributes: [8]
Location #1499
    Mapping index: 2
    Address: 717979
    Attributes: [8]
Location #1500
    Mapping index: 11
    Address: 21693662
    Attributes: [8]
Location #1501
    Mapping index: 11
    Address: 21209016
    Attributes: [8]
Location #1502
    Mapping index: 11
    Address: 23458724
    Attributes: [8]
Location #1503
    Mapping index: 11
    Address: 23460283
    Attributes: [8]
Location #1504
    Mapping index: 11
    Address: 19720275
    Attributes: [8]
Location #1505
    Mapping index: 11
    Address: 24054503
    Attributes: [8]
Location #1506
    Mapping index: 11
    Address: 24056104
    Attributes: [8]
Location #1507
    Mapping index: 11
    Address: 24060580
    Attributes: [8]
Location #1508
    Mapping index: 11
    Address: 24061125
    Attributes: [8]
Location #1509
    Mapping index: 11
    Address: 24064159
    Attributes: [8]
Location #1510
    Mapping index: 11
    Address: 24038735
    Attributes: [8]
Location #1511
    Mapping index: 11
    Address: 24133496
    Attributes: [8]
Location #1512
    Mapping index: 11
    Address: 22047904
    Attributes: [8]
Location #1513
    Mapping index: 11
    Address: 22051426
    Attributes: [8]
Location #1514
    Mapping index: 0
    Address: 47567822
    Attributes: [8]
Location #1515
    Mapping index: 0
    Address: 47627025
    Attributes: [8]
Location #1516
    Mapping index: 0
    Address: 47627768
    Attributes: [8]
Location #1517
    Mapping index: 0
    Address: 47628053
    Attributes: [8]
Location #1518
    Mapping index: 0
    Address: 47911633
    Attributes: [8]
Location #1519
    Mapping index: 0
    Address: 47915092
    Attributes: [8]
Location #1520
    Mapping index: 0
    Address: 45309672
    Attributes: [8]
Location #1521
    Mapping index: 11
    Address: 15954690
    Attributes: [8]
Location #1522
    Mapping index: 11
    Address: 15988376
    Attributes: [8]
Location #1523
    Mapping index: 11
    Address: 15976509
    Attributes: [8]
Location #1524
    Mapping index: 11
    Address: 15979275
    Attributes: [8]
Location #1525
    Mapping index: 11
    Address: 16775546
    Attributes: [8]
Location #1526
    Mapping index: 11
    Address: 15706739
    Attributes: [8]
Location #1527
    Mapping index: 11
    Address: 15706936
    Attributes: [8]
Location #1528
    Mapping index: 11
    Address: 15798322
    Attributes: [8]
Location #1529
    Mapping index: 11
    Address: 15302111
    Attributes: [8]
Location #1530
    Mapping index: 11
    Address: 19300251
    Attributes: [8]
Location #1531
    Mapping index: 11
    Address: 29809942
    Attributes: [8]
Location #1532
    Mapping index: 11
    Address: 21692026
    Attributes: [8]
Location #1533
    Mapping index: 11
    Address: 16807508
    Attributes: [8]
Location #1534
    Mapping index: 11
    Address: 20721582
    Attributes: [8]
Location #1535
    Mapping index: 11
    Address: 25880811
    Attributes: [8]
Location #1536
    Mapping index: 11
    Address: 25881157
    Attributes: [8]
Location #1537
    Mapping index: 11
    Address: 25883182
    Attributes: [8]
Location #1538
    Mapping index: 11
    Address: 25880213
    Attributes: [8]
Location #1539
    Mapping index: 11
    Address: 25876477
    Attributes: [8]
Location #1540
    Mapping index: 11
    Address: 25879728
    Attributes: [8]
Location #1541
    Mapping index: 11
    Address: 25880437
    Attributes: [8]
Location #1542
    Mapping index: 11
    Address: 25851796
    Attributes: [8]
Location #1543
    Mapping index: 11
    Address: 21277734
    Attributes: [8]
Location #1544
    Mapping index: 11
    Address: 19701872
    Attributes: [8]
Location #1545
    Mapping index: 11
    Address: 25872554
    Attributes: [8]
Location #1546
    Mapping index: 11
    Address: 25880454
    Attributes: [8]
Location #1547
    Mapping index: 11
    Address: 25880879
    Attributes: [8]
Location #1548
    Mapping index: 11
    Address: 25851807
    Attributes: [8]
Location #1549
    Mapping index: 11
    Address: 24746611
    Attributes: [8]
Location #1550
    Mapping index: 11
    Address: 24666540
    Attributes: [8]
Location #1551
    Mapping index: 0
    Address: 45225974
    Attributes: [8]
Location #1552
    Mapping index: 11
    Address: 17453526
    Attributes: [8]
Location #1553
    Mapping index: 0
    Address: 45198044
    Attributes: [8]
Location #1554
    Mapping index: 0
    Address: 45231950
    Attributes: [8]
Location #1555
    Mapping index: 0
    Address: 45232129
    Attributes: [8]
Location #1556
    Mapping index: 0
    Address: 44389684
    Attributes: [8]
Location #1557
    Mapping index: 11
    Address: 19677428
    Attributes: [8]
Location #1558
    Mapping index: 11
    Address: 19681702
    Attributes: [8]
Location #1559
    Mapping index: 11
    Address: 25578136
    Attributes: [8]
Location #1560
    Mapping index: 11
    Address: 26514628
    Attributes: [8]
Location #1561
    Mapping index: 11
    Address: 26515907
    Attributes: [8]
Location #1562
    Mapping index: 11
    Address: 16796086
    Attributes: [8]
Location #1563
    Mapping index: 11
    Address: 16797473
    Attributes: [8]
Location #1564
    Mapping index: 11
    Address: 17451703
    Attributes: [8]
Location #1565
    Mapping index: 0
    Address: 0
    Line #0
        Function index: 65
        Line: 0
        Column: 0
    Attributes: [50]
Location #1566
    Mapping index: 0
    Address: 0
    Line #0
        Function index: 66
        Line: 0
        Column: 0
    Attributes: [50]
Location #1567
    Mapping index: 0
    Address: 48510931
    Attributes: [8]
Location #1568
    Mapping index: 0
    Address: 48513778
    Attributes: [8]
Location #1569
    Mapping index: 0
    Address: 45307272
    Attributes: [8]
Location #1570
    Mapping index: 11
    Address: 28645631
    Attributes: [8]
Location #1571
    Mapping index: 0
    Address: 50765296
    Attributes: [8]
Location #1572
    Mapping index: 0
    Address: 50785903
    Attributes: [8]
Location #1573
    Mapping index: 0
    Address: 50855947
    Attributes: [8]
Location #1574
    Mapping index: 0
    Address: 50862603
    Attributes: [8]
Location #1575
    Mapping index: 0
    Address: 50870825
    Attributes: [8]
Location #1576
    Mapping index: 0
    Address: 45212371
    Attributes: [8]
Location #1577
    Mapping index: 0
    Address: 45306080
    Attributes: [8]
Location #1578
    Mapping index: 11
    Address: 16188716
    Attributes: [8]
Location #1579
    Mapping index: 11
    Address: 21746729
    Attributes: [8]
Location #1580
    Mapping index: 11
    Address: 21748544
    Attributes: [8]
Location #1581
    Mapping index: 11
    Address: 21634588
    Attributes: [8]
Location #1582
    Mapping index: 11
    Address: 21754671
    Attributes: [8]
Location #1583
    Mapping index: 11
    Address: 21423266
    Attributes: [8]
Location #1584
    Mapping index: 11
    Address: 21415288
    Attributes: [8]
Location #1585
    Mapping index: 11
    Address: 21833978
    Attributes: [8]
Location #1586
    Mapping index: 11
    Address: 21849979
    Attributes: [8]
Location #1587
    Mapping index: 11
    Address: 21885809
    Attributes: [8]
Location #1588
    Mapping index: 11
    Address: 21887322
    Attributes: [8]
Location #1589
    Mapping index: 0
    Address: 45230829
    Attributes: [8]
Location #1590
    Mapping index: 0
    Address: 45306559
    Attributes: [8]
Location #1591
    Mapping index: 0
    Address: 45311545
    Attributes: [8]
Location #1592
    Mapping index: 11
    Address: 15976665
    Attributes: [8]
Location #1593
    Mapping index: 11
    Address: 24601233
    Attributes: [8]
Location #1594
    Mapping index: 11
    Address: 24679709
    Attributes: [8]
Location #1595
    Mapping index: 11
    Address: 24682620
    Attributes: [8]
Location #1596
    Mapping index: 11
    Address: 24684471
    Attributes: [8]
Location #1597
    Mapping index: 11
    Address: 26097751
    Attributes: [8]
Location #1598
    Mapping index: 11
    Address: 23279493
    Attributes: [8]
Location #1599
    Mapping index: 11
    Address: 23279748
    Attributes: [8]
Location #1600
    Mapping index: 11
    Address: 23280385
    Attributes: [8]
Location #1601
    Mapping index: 11
    Address: 21082391
    Attributes: [8]
Location #1602
    Mapping index: 11
    Address: 19105496
    Attributes: [8]
Location #1603
    Mapping index: 11
    Address: 17442004
    Attributes: [8]
Location #1604
    Mapping index: 11
    Address: 17442891
    Attributes: [8]
Location #1605
    Mapping index: 11
    Address: 21415530
    Attributes: [8]
Location #1606
    Mapping index: 11
    Address: 25865185
    Attributes: [8]
Location #1607
    Mapping index: 11
    Address: 25880264
    Attributes: [8]
Location #1608
    Mapping index: 11
    Address: 24055490
    Attributes: [8]
Location #1609
    Mapping index: 11
    Address: 24787269
    Attributes: [8]
Location #1610
    Mapping index: 11
    Address: 16783142
    Attributes: [8]
Location #1611
    Mapping index: 11
    Address: 15958467
    Attributes: [8]
Location #1612
    Mapping index: 11
    Address: 15285254
    Attributes: [8]
Location #1613
    Mapping index: 11
    Address: 21362340
    Attributes: [8]
Location #1614
    Mapping index: 11
    Address: 22732974
    Attributes: [8]
Location #1615
    Mapping index: 11
    Address: 25878863
    Attributes: [8]
Location #1616
    Mapping index: 11
    Address: 19641756
    Attributes: [8]
Location #1617
    Mapping index: 11
    Address: 27010545
    Attributes: [8]
Location #1618
    Mapping index: 0
    Address: 53101705
    Attributes: [8]
Location #1619
    Mapping index: 0
    Address: 53102170
    Attributes: [8]
Location #1620
    Mapping index: 11
    Address: 16797284
    Attributes: [8]
Location #1621
    Mapping index: 11
    Address: 25146386
    Attributes: [8]
Location #1622
    Mapping index: 11
    Address: 26515849
    Attributes: [8]
Location #1623
    Mapping index: 11
    Address: 16774562
    Attributes: [8]
Location #1624
    Mapping index: 11
    Address: 16797268
    Attributes: [8]
Location #1625
    Mapping index: 11
    Address: 22447854
    Attributes: [8]
Location #1626
    Mapping index: 11
    Address: 24588861
    Attributes: [8]
Location #1627
    Mapping index: 11
    Address: 24787887
    Attributes: [8]
Location #1628
    Mapping index: 11
    Address: 21897504
    Attributes: [8]
Location #1629
    Mapping index: 11
    Address: 21897838
    Attributes: [8]
Location #1630
    Mapping index: 0
    Address: 51530278
    Attributes: [8]
Location #1631
    Mapping index: 0
    Address: 51749918
    Attributes: [8]
Location #1632
    Mapping index: 0
    Address: 45213331
    Attributes: [8]
Location #1633
    Mapping index: 11
    Address: 16806747
    Attributes: [8]
Location #1634
    Mapping index: 11
    Address: 16807890
    Attributes: [8]
Location #1635
    Mapping index: 11
    Address: 16808330
    Attributes: [8]
Location #1636
    Mapping index: 11
    Address: 24463839
    Attributes: [8]
Location #1637
    Mapping index: 11
    Address: 24054470
    Attributes: [8]
Location #1638
    Mapping index: 11
    Address: 24176418
    Attributes: [8]
Location #1639
    Mapping index: 11
    Address: 22048611
    Attributes: [8]
Location #1640
    Mapping index: 11
    Address: 22050818
    Attributes: [8]
Location #1641
    Mapping index: 11
    Address: 19644377
    Attributes: [8]
Location #1642
    Mapping index: 11
    Address: 25880792
    Attributes: [8]
Location #1643
    Mapping index: 11
    Address: 25903761
    Attributes: [8]
Location #1644
    Mapping index: 11
    Address: 25904243
    Attributes: [8]
Location #1645
    Mapping index: 0
    Address: 47921915
    Attributes: [8]
Location #1646
    Mapping index: 0
    Address: 48075595
    Attributes: [8]
Location #1647
    Mapping index: 0
    Address: 48150622
    Attributes: [8]
Location #1648
    Mapping index: 0
    Address: 48154958
    Attributes: [8]
Location #1649
    Mapping index: 0
    Address: 48166698
    Attributes: [8]
Location #1650
    Mapping index: 0
    Address: 48152637
    Attributes: [8]
Location #1651
    Mapping index: 0
    Address: 48154280
    Attributes: [8]
Location #1652
    Mapping index: 0
    Address: 48167218
    Attributes: [8]
Location #1653
    Mapping index: 11
    Address: 16837417
    Attributes: [8]
Location #1654
    Mapping index: 11
    Address: 19300275
    Attributes: [8]
Location #1655
    Mapping index: 11
    Address: 19300432
    Attributes: [8]
Location #1656
    Mapping index: 11
    Address: 19644300
    Attributes: [8]
Location #1657
    Mapping index: 11
    Address: 24576524
    Attributes: [8]
Location #1658
    Mapping index: 11
    Address: 24577008
    Attributes: [8]
Location #1659
    Mapping index: 0
    Address: 50758568
    Attributes: [8]
Location #1660
    Mapping index: 0
    Address: 50786386
    Attributes: [8]
Location #1661
    Mapping index: 11
    Address: 23172705
    Attributes: [8]
Location #1662
    Mapping index: 11
    Address: 23180941
    Attributes: [8]
Location #1663
    Mapping index: 11
    Address: 22003301
    Attributes: [8]
Location #1664
    Mapping index: 11
    Address: 22039883
    Attributes: [8]
Location #1665
    Mapping index: 11
    Address: 22042602
    Attributes: [8]
Location #1666
    Mapping index: 11
    Address: 22063510
    Attributes: [8]
Location #1667
    Mapping index: 11
    Address: 22065480
    Attributes: [8]
Location #1668
    Mapping index: 11
    Address: 22504551
    Attributes: [8]
Location #1669
    Mapping index: 11
    Address: 22508320
    Attributes: [8]
Location #1670
    Mapping index: 11
    Address: 22516348
    Attributes: [8]
Location #1671
    Mapping index: 11
    Address: 19480344
    Attributes: [8]
Location #1672
    Mapping index: 0
    Address: 0
    Line #0
        Function index: 67
        Line: 0
        Column: 0
    Attributes: [50]
Location #1673
    Mapping index: 11
    Address: 20427604
    Attributes: [8]
Location #1674
    Mapping index: 11
    Address: 24137666
    Attributes: [8]
Location #1675
    Mapping index: 11
    Address: 25643165
    Attributes: [8]
Location #1676
    Mapping index: 11
    Address: 23624076
    Attributes: [8]
Location #1677
    Mapping index: 11
    Address: 25667457
    Attributes: [8]
Location #1678
    Mapping index: 0
    Address: 0
    Line #0
        Function index: 68
        Line: 0
        Column: 0
    Attributes: [50]
Location #1679
    Mapping index: 11
    Address: 16807996
    Attributes: [8]
Location #1680
    Mapping index: 11
    Address: 16797370
    Attributes: [8]
Location #1681
    Mapping index: 11
    Address: 16796108
    Attributes: [8]
Location #1682
    Mapping index: 11
    Address: 24589383
    Attributes: [8]
Location #1683
    Mapping index: 11
    Address: 24573527
    Attributes: [8]
Location #1684
    Mapping index: 11
    Address: 24678138
    Attributes: [8]
Location #1685
    Mapping index: 11
    Address: 24725712
    Attributes: [8]
Location #1686
    Mapping index: 11
    Address: 24750812
    Attributes: [8]
Location #1687
    Mapping index: 11
    Address: 24707678
    Attributes: [8]
Location #1688
    Mapping index: 11
    Address: 24717510
    Attributes: [8]
Location #1689
    Mapping index: 11
    Address: 24719959
    Attributes: [8]
Location #1690
    Mapping index: 11
    Address: 24754100
    Attributes: [8]
Location #1691
    Mapping index: 11
    Address: 21898212
    Attributes: [8]
Location #1692
    Mapping index: 11
    Address: 17225375
    Attributes: [8]
Location #1693
    Mapping index: 11
    Address: 18907798
    Attributes: [8]
Location #1694
    Mapping index: 11
    Address: 17451738
    Attributes: [8]
Location #1695
    Mapping index: 11
    Address: 16807536
    Attributes: [8]
Location #1696
    Mapping index: 0
    Address: 39178682
    Attributes: [8]
Location #1697
    Mapping index: 0
    Address: 39180283
    Attributes: [8]
Location #1698
    Mapping index: 11
    Address: 29815066
    Attributes: [8]
Location #1699
    Mapping index: 11
    Address: 19849791
    Attributes: [8]
Location #1700
    Mapping index: 11
    Address: 27010610
    Attributes: [8]
Location #1701
    Mapping index: 11
    Address: 23611655
    Attributes: [8]
Location #1702
    Mapping index: 11
    Address: 19488010
    Attributes: [8]
Location #1703
    Mapping index: 0
    Address: 45309518
    Attributes: [8]
Location #1704
    Mapping index: 11
    Address: 24064774
    Attributes: [8]
Location #1705
    Mapping index: 11
    Address: 24083328
    Attributes: [8]
Location #1706
    Mapping index: 11
    Address: 23630374
    Attributes: [8]
Location #1707
    Mapping index: 11
    Address: 24075848
    Attributes: [8]
Location #1708
    Mapping index: 11
    Address: 22083959
    Attributes: [8]
Location #1709
    Mapping index: 11
    Address: 22121997
    Attributes: [8]
Location #1710
    Mapping index: 11
    Address: 22192231
    Attributes: [8]
Location #1711
    Mapping index: 11
    Address: 15078531
    Attributes: [8]
Location #1712
    Mapping index: 11
    Address: 15078809
    Attributes: [8]
Location #1713
    Mapping index: 11
    Address: 17943004
    Attributes: [8]
Location #1714
    Mapping index: 11
    Address: 18063699
    Attributes: [8]
Location #1715
    Mapping index: 11
    Address: 30440121
    Attributes: [8]
Location #1716
    Mapping index: 0
    Address: 53108412
    Attributes: [8]
Location #1717
    Mapping index: 11
    Address: 16797300
    Attributes: [8]
Location #1718
    Mapping index: 11
    Address: 24857207
    Attributes: [8]
Location #1719
    Mapping index: 11
    Address: 24856495
    Attributes: [8]
Location #1720
    Mapping index: 11
    Address: 16511248
    Attributes: [8]
Location #1721
    Mapping index: 11
    Address: 16463025
    Attributes: [8]
Location #1722
    Mapping index: 0
    Address: 0
    Line #0
        Function index: 69
        Line: 0
        Column: 0
    Attributes: [50]
Location #1723
    Mapping index: 0
    Address: 0
    Line #0
        Function index: 70
        Line: 0
        Column: 0
    Attributes: [50]
Location #1724
    Mapping index: 0
    Address: 0
    Line #0
        Function index: 71
        Line: 0
        Column: 0
    Attributes: [50]
Location #1725
    Mapping index: 0
    Address: 0
    Line #0
        Function index: 72
        Line: 0
        Column: 0
    Attributes: [50]
Location #1726
    Mapping index: 0
    Address: 0
    Line #0
        Function index: 73
        Line: 0
        Column: 0
    Attributes: [50]
Location #1727
    Mapping index: 11
    Address: 22733032
    Attributes: [8]
Location #1728
    Mapping index: 11
    Address: 16301313
    Attributes: [8]
Location #1729
    Mapping index: 11
    Address: 27879812
    Attributes: [8]
Location #1730
    Mapping index: 11
    Address: 29251483
    Attributes: [8]
Location #1731
    Mapping index: 11
    Address: 22177749
    Attributes: [8]
Location #1732
    Mapping index: 11
    Address: 27010911
    Attributes: [8]
Location #1733
    Mapping index: 11
    Address: 19888542
    Attributes: [8]
Location #1734
    Mapping index: 11
    Address: 19888661
    Attributes: [8]
Location #1735
    Mapping index: 11
    Address: 22448714
    Attributes: [8]
Location #1736
    Mapping index: 11
    Address: 21756501
    Attributes: [8]
Location #1737
    Mapping index: 11
    Address: 21897399
    Attributes: [8]
Location #1738
    Mapping index: 11
    Address: 15991096
    Attributes: [8]
Location #1739
    Mapping index: 11
    Address: 15976522
    Attributes: [8]
Location #1740
    Mapping index: 11
    Address: 16188539
    Attributes: [8]
Location #1741
    Mapping index: 11
    Address: 16195972
    Attributes: [8]
Location #1742
    Mapping index: 11
    Address: 17009775
    Attributes: [8]
Location #1743
    Mapping index: 11
    Address: 15992977
    Attributes: [8]
Location #1744
    Mapping index: 11
    Address: 16026522
    Attributes: [8]
Location #1745
    Mapping index: 0
    Address: 43467405
    Attributes: [8]
Location #1746
    Mapping index: 0
    Address: 0
    Line #0
        Function index: 74
        Line: 0
        Column: 0
    Attributes: [50]
Location #1747
    Mapping index: 0
    Address: 0
    Line #0
        Function index: 75
        Line: 0
        Column: 0
    Attributes: [50]
Location #1748
    Mapping index: 0
    Address: 0
    Line #0
        Function index: 76
        Line: 0
        Column: 0
    Attributes: [50]
Location #1749
    Mapping index: 11
    Address: 22480113
    Attributes: [8]
Location #1750
    Mapping index: 11
    Address: 22504786
    Attributes: [8]
Location #1751
    Mapping index: 11
    Address: 19718251
    Attributes: [8]
Location #1752
    Mapping index: 11
    Address: 21386344
    Attributes: [8]
Location #1753
    Mapping index: 11
    Address: 21901594
    Attributes: [8]
Location #1754
    Mapping index: 11
    Address: 16935319
    Attributes: [8]
Location #1755
    Mapping index: 0
    Address: 39212020
    Attributes: [8]
Location #1756
    Mapping index: 11
    Address: 17453606
    Attributes: [8]
Location #1757
    Mapping index: 11
    Address: 17940196
    Attributes: [8]
Location #1758
    Mapping index: 11
    Address: 17942978
    Attributes: [8]
Location #1759
    Mapping index: 11
    Address: 29815027
    Attributes: [8]
Location #1760
    Mapping index: 11
    Address: 23196251
    Attributes: [8]
Location #1761
    Mapping index: 11
    Address: 23458635
    Attributes: [8]
Location #1762
    Mapping index: 11
    Address: 16466287
    Attributes: [8]
Location #1763
    Mapping index: 11
    Address: 24750283
    Attributes: [8]
Location #1764
    Mapping index: 11
    Address: 24573341
    Attributes: [8]
Location #1765
    Mapping index: 11
    Address: 24753804
    Attributes: [8]
Location #1766
    Mapping index: 11
    Address: 26223837
    Attributes: [8]
Location #1767
    Mapping index: 11
    Address: 18201945
    Attributes: [8]
Location #1768
    Mapping index: 11
    Address: 18064095
    Attributes: [8]
Location #1769
    Mapping index: 11
    Address: 16799076
    Attributes: [8]
Location #1770
    Mapping index: 11
    Address: 21126771
    Attributes: [8]
Location #1771
    Mapping index: 0
    Address: 48075818
    Attributes: [8]
Location #1772
    Mapping index: 11
    Address: 21018949
    Attributes: [8]
Location #1773
    Mapping index: 11
    Address: 21116280
    Attributes: [8]
Location #1774
    Mapping index: 11
    Address: 16799104
    Attributes: [8]
Location #1775
    Mapping index: 11
    Address: 26042770
    Attributes: [8]
Location #1776
    Mapping index: 11
    Address: 26043049
    Attributes: [8]
Location #1777
    Mapping index: 11
    Address: 21654282
    Attributes: [8]
Location #1778
    Mapping index: 11
    Address: 21213953
    Attributes: [8]
Location #1779
    Mapping index: 11
    Address: 21353940
    Attributes: [8]
Location #1780
    Mapping index: 11
    Address: 26036974
    Attributes: [8]
Location #1781
    Mapping index: 11
    Address: 24657757
    Attributes: [8]
Location #1782
    Mapping index: 11
    Address: 24750716
    Attributes: [8]
Location #1783
    Mapping index: 11
    Address: 25526740
    Attributes: [8]
Location #1784
    Mapping index: 11
    Address: 26501735
    Attributes: [8]
Location #1785
    Mapping index: 11
    Address: 26516199
    Attributes: [8]
Location #1786
    Mapping index: 11
    Address: 16190740
    Attributes: [8]
Location #1787
    Mapping index: 11
    Address: 21902244
    Attributes: [8]
Location #1788
    Mapping index: 11
    Address: 17453478
    Attributes: [8]
Location #1789
    Mapping index: 11
    Address: 15954866
    Attributes: [8]
Location #1790
    Mapping index: 11
    Address: 15989594
    Attributes: [8]
Location #1791
    Mapping index: 11
    Address: 19300444
    Attributes: [8]
Location #1792
    Mapping index: 11
    Address: 19703297
    Attributes: [8]
Location #1793
    Mapping index: 0
    Address: 39045890
    Attributes: [8]
Location #1794
    Mapping index: 0
    Address: 39211996
    Attributes: [8]
Location #1795
    Mapping index: 0
    Address: 45312340
    Attributes: [8]
Location #1796
    Mapping index: 11
    Address: 25388119
    Attributes: [8]
Location #1797
    Mapping index: 11
    Address: 25390136
    Attributes: [8]
Location #1798
    Mapping index: 11
    Address: 25364579
    Attributes: [8]
Location #1799
    Mapping index: 11
    Address: 25382966
    Attributes: [8]
Location #1800
    Mapping index: 11
    Address: 25379737
    Attributes: [8]
Location #1801
    Mapping index: 11
    Address: 25390335
    Attributes: [8]
Location #1802
    Mapping index: 11
    Address: 25363240
    Attributes: [8]
Location #1803
    Mapping index: 11
    Address: 25378017
    Attributes: [8]
Location #1804
    Mapping index: 11
    Address: 25360252
    Attributes: [8]
Location #1805
    Mapping index: 11
    Address: 25347900
    Attributes: [8]
Location #1806
    Mapping index: 11
    Address: 16798667
    Attributes: [8]
Location #1807
    Mapping index: 11
    Address: 24588743
    Attributes: [8]
Location #1808
    Mapping index: 11
    Address: 21814477
    Attributes: [8]
Location #1809
    Mapping index: 11
    Address: 18621159
    Attributes: [8]
Location #1810
    Mapping index: 2
    Address: 663250
    Attributes: [8]
Location #1811
    Mapping index: 11
    Address: 30491448
    Attributes: [8]
Location #1812
    Mapping index: 11
    Address: 18623172
    Attributes: [8]
Location #1813
    Mapping index: 11
    Address: 16703265
    Attributes: [8]
Location #1814
    Mapping index: 11
    Address: 19152878
    Attributes: [8]
Location #1815
    Mapping index: 0
    Address: 37027219
    Attributes: [8]
Location #1816
    Mapping index: 11
    Address: 15990393
    Attributes: [8]
Location #1817
    Mapping index: 11
    Address: 25879534
    Attributes: [8]
Location #1818
    Mapping index: 11
    Address: 15706381
    Attributes: [8]
Location #1819
    Mapping index: 11
    Address: 25851187
    Attributes: [8]
Location #1820
    Mapping index: 11
    Address: 16188751
    Attributes: [8]
Location #1821
    Mapping index: 11
    Address: 20920555
    Attributes: [8]
Location #1822
    Mapping index: 11
    Address: 17439480
    Attributes: [8]
Location #1823
    Mapping index: 0
    Address: 0
    Line #0
        Function index: 77
        Line: 0
        Column: 0
    Attributes: [50]
Location #1824
    Mapping index: 0
    Address: 48539304
    Attributes: [8]
Location #1825
    Mapping index: 0
    Address: 45230646
    Attributes: [8]
Location #1826
    Mapping index: 11
    Address: 15988930
    Attributes: [8]
Location #1827
    Mapping index: 11
    Address: 15075828
    Attributes: [8]
Location #1828
    Mapping index: 11
    Address: 15078485
    Attributes: [8]
Location #1829
    Mapping index: 11
    Address: 24055464
    Attributes: [8]
Location #1830
    Mapping index: 11
    Address: 17452081
    Attributes: [8]
Location #1831
    Mapping index: 0
    Address: 43978976
    Attributes: [8]
Location #1832
    Mapping index: 0
    Address: 43981928
    Attributes: [8]
Location #1833
    Mapping index: 0
    Address: 43922011
    Attributes: [8]
Location #1834
    Mapping index: 11
    Address: 26100482
    Attributes: [8]
Location #1835
    Mapping index: 11
    Address: 21632684
    Attributes: [8]
Location #1836
    Mapping index: 11
    Address: 21633763
    Attributes: [8]
Location #1837
    Mapping index: 11
    Address: 21634283
    Attributes: [8]
Location #1838
    Mapping index: 11
    Address: 25864083
    Attributes: [8]
Location #1839
    Mapping index: 11
    Address: 25903824
    Attributes: [8]
Location #1840
    Mapping index: 11
    Address: 19153006
    Attributes: [8]
Location #1841
    Mapping index: 11
    Address: 20920478
    Attributes: [8]
Location #1842
    Mapping index: 11
    Address: 21849365
    Attributes: [8]
Location #1843
    Mapping index: 0
    Address: 43564521
    Attributes: [8]
Location #1844
    Mapping index: 0
    Address: 43566282
    Attributes: [8]
Location #1845
    Mapping index: 11
    Address: 25384500
    Attributes: [8]
Location #1846
    Mapping index: 11
    Address: 16204585
    Attributes: [8]
Location #1847
    Mapping index: 11
    Address: 16181452
    Attributes: [8]
Location #1848
    Mapping index: 11
    Address: 16189801
    Attributes: [8]
Location #1849
    Mapping index: 11
    Address: 17443698
    Attributes: [8]
Location #1850
    Mapping index: 11
    Address: 17451675
    Attributes: [8]
Location #1851
    Mapping index: 11
    Address: 17439069
    Attributes: [8]
Location #1852
    Mapping index: 11
    Address: 16797187
    Attributes: [8]
Location #1853
    Mapping index: 11
    Address: 21900345
    Attributes: [8]
Location #1854
    Mapping index: 0
    Address: 44938060
    Attributes: [8]
Location #1855
    Mapping index: 0
    Address: 47587615
    Attributes: [8]
Location #1856
    Mapping index: 11
    Address: 24787183
    Attributes: [8]
Location #1857
    Mapping index: 11
    Address: 18064318
    Attributes: [8]
Location #1858
    Mapping index: 11
    Address: 15497831
    Attributes: [8]
Location #1859
    Mapping index: 11
    Address: 24718043
    Attributes: [8]
Location #1860
    Mapping index: 11
    Address: 16807595
    Attributes: [8]
Location #1861
    Mapping index: 11
    Address: 15990439
    Attributes: [8]
Location #1862
    Mapping index: 11
    Address: 16396664
    Attributes: [8]
Location #1863
    Mapping index: 11
    Address: 24576995
    Attributes: [8]
Location #1864
    Mapping index: 11
    Address: 21706257
    Attributes: [8]
Location #1865
    Mapping index: 11
    Address: 21706811
    Attributes: [8]
Location #1866
    Mapping index: 11
    Address: 21418655
    Attributes: [8]
Location #1867
    Mapping index: 11
    Address: 21019328
    Attributes: [8]
Location #1868
    Mapping index: 11
    Address: 20949971
    Attributes: [8]
Location #1869
    Mapping index: 11
    Address: 20955293
    Attributes: [8]
Location #1870
    Mapping index: 11
    Address: 21066872
    Attributes: [8]
Location #1871
    Mapping index: 11
    Address: 19083580
    Attributes: [8]
Location #1872
    Mapping index: 11
    Address: 16776318
    Attributes: [8]
Location #1873
    Mapping index: 11
    Address: 16809773
    Attributes: [8]
Location #1874
    Mapping index: 0
    Address: 45230427
    Attributes: [8]
Location #1875
    Mapping index: 0
    Address: 44837081
    Attributes: [8]
Location #1876
    Mapping index: 0
    Address: 45285876
    Attributes: [8]
Location #1877
    Mapping index: 0
    Address: 45308897
    Attributes: [8]
Location #1878
    Mapping index: 11
    Address: 15706702
    Attributes: [8]
Location #1879
    Mapping index: 0
    Address: 43468389
    Attributes: [8]
Location #1880
    Mapping index: 0
    Address: 43468641
    Attributes: [8]
Location #1881
    Mapping index: 0
    Address: 45229062
    Attributes: [8]
Location #1882
    Mapping index: 0
    Address: 45304855
    Attributes: [8]
Location #1883
    Mapping index: 11
    Address: 24891208
    Attributes: [8]
Location #1884
    Mapping index: 11
    Address: 17003074
    Attributes: [8]
Location #1885
    Mapping index: 11
    Address: 17014545
    Attributes: [8]
Location #1886
    Mapping index: 11
    Address: 15706928
    Attributes: [8]
Location #1887
    Mapping index: 11
    Address: 25522588
    Attributes: [8]
Location #1888
    Mapping index: 11
    Address: 23672921
    Attributes: [8]
Location #1889
    Mapping index: 11
    Address: 25639185
    Attributes: [8]
Location #1890
    Mapping index: 11
    Address: 16801168
    Attributes: [8]
Location #1891
    Mapping index: 11
    Address: 16786643
    Attributes: [8]
Location #1892
    Mapping index: 11
    Address: 16782865
    Attributes: [8]
Location #1893
    Mapping index: 11
    Address: 21903963
    Attributes: [8]
Location #1894
    Mapping index: 11
    Address: 16796733
    Attributes: [8]
Location #1895
    Mapping index: 11
    Address: 16836927
    Attributes: [8]
Location #1896
    Mapping index: 11
    Address: 27011130
    Attributes: [8]
Location #1897
    Mapping index: 11
    Address: 16835820
    Attributes: [8]
Location #1898
    Mapping index: 0
    Address: 43470472
    Attributes: [8]
Location #1899
    Mapping index: 11
    Address: 16808054
    Attributes: [8]
Location #1900
    Mapping index: 11
    Address: 15378549
    Attributes: [8]
Location #1901
    Mapping index: 11
    Address: 16474995
    Attributes: [8]
Location #1902
    Mapping index: 0
    Address: 34475552
    Attributes: [8]
Location #1903
    Mapping index: 0
    Address: 34027031
    Attributes: [8]
Location #1904
    Mapping index: 0
    Address: 34029806
    Attributes: [8]
Location #1905
    Mapping index: 0
    Address: 34035072
    Attributes: [8]
Location #1906
    Mapping index: 0
    Address: 34471176
    Attributes: [8]
Location #1907
    Mapping index: 0
    Address: 34557000
    Attributes: [8]
Location #1908
    Mapping index: 0
    Address: 34473262
    Attributes: [8]
Location #1909
    Mapping index: 0
    Address: 42809304
    Attributes: [8]
Location #1910
    Mapping index: 11
    Address: 18621196
    Attributes: [8]
Location #1911
    Mapping index: 11
    Address: 16798643
    Attributes: [8]
Location #1912
    Mapping index: 11
    Address: 20122289
    Attributes: [8]
Location #1913
    Mapping index: 11
    Address: 24713148
    Attributes: [8]
Location #1914
    Mapping index: 11
    Address: 24757080
    Attributes: [8]
Location #1915
    Mapping index: 11
    Address: 24767784
    Attributes: [8]
Location #1916
    Mapping index: 11
    Address: 21898955
    Attributes: [8]
Location #1917
    Mapping index: 11
    Address: 24576321
    Attributes: [8]
Location #1918
    Mapping index: 11
    Address: 24788197
    Attributes: [8]
Location #1919
    Mapping index: 11
    Address: 22505276
    Attributes: [8]
Location #1920
    Mapping index: 11
    Address: 17442907
    Attributes: [8]
Location #1921
    Mapping index: 0
    Address: 43467871
    Attributes: [8]
Location #1922
    Mapping index: 11
    Address: 16808504
    Attributes: [8]
Location #1923
    Mapping index: 11
    Address: 21756382
    Attributes: [8]
Location #1924
    Mapping index: 0
    Address: 47921691
    Attributes: [8]
Location #1925
    Mapping index: 0
    Address: 48076727
    Attributes: [8]
Location #1926
    Mapping index: 11
    Address: 25851195
    Attributes: [8]
Location #1927
    Mapping index: 11
    Address: 27029451
    Attributes: [8]
Location #1928
    Mapping index: 11
    Address: 27052353
    Attributes: [8]
Location #1929
    Mapping index: 11
    Address: 21897954
    Attributes: [8]
Location #1930
    Mapping index: 11
    Address: 19640433
    Attributes: [8]
Location #1931
    Mapping index: 11
    Address: 23195895
    Attributes: [8]
Location #1932
    Mapping index: 11
    Address: 21898108
    Attributes: [8]
Location #1933
    Mapping index: 0
    Address: 37006718
    Attributes: [8]
Location #1934
    Mapping index: 11
    Address: 16465623
    Attributes: [8]
Location #1935
    Mapping index: 11
    Address: 19641789
    Attributes: [8]
Location #1936
    Mapping index: 11
    Address: 21277491
    Attributes: [8]
Location #1937
    Mapping index: 11
    Address: 19701949
    Attributes: [8]
Location #1938
    Mapping index: 11
    Address: 16784124
    Attributes: [8]
Location #1939
    Mapping index: 11
    Address: 20609371
    Attributes: [8]
Location #1940
    Mapping index: 11
    Address: 19920270
    Attributes: [8]
Location #1941
    Mapping index: 11
    Address: 16807108
    Attributes: [8]
Location #1942
    Mapping index: 0
    Address: 53108488
    Attributes: [8]
Location #1943
    Mapping index: 0
    Address: 45311593
    Attributes: [8]
Location #1944
    Mapping index: 0
    Address: 45213636
    Attributes: [8]
Location #1945
    Mapping index: 0
    Address: 45306127
    Attributes: [8]
Location #1946
    Mapping index: 11
    Address: 21899203
    Attributes: [8]
Location #1947
    Mapping index: 11
    Address: 22074619
    Attributes: [8]
Location #1948
    Mapping index: 11
    Address: 22083748
    Attributes: [8]
Location #1949
    Mapping index: 11
    Address: 20721700
    Attributes: [8]
Location #1950
    Mapping index: 11
    Address: 22197071
    Attributes: [8]
Location #1951
    Mapping index: 11
    Address: 21177859
    Attributes: [8]
Location #1952
    Mapping index: 11
    Address: 21182180
    Attributes: [8]
Location #1953
    Mapping index: 11
    Address: 25864978
    Attributes: [8]
Location #1954
    Mapping index: 11
    Address: 16783403
    Attributes: [8]
Location #1955
    Mapping index: 11
    Address: 17438498
    Attributes: [8]
Location #1956
    Mapping index: 11
    Address: 17453923
    Attributes: [8]
Location #1957
    Mapping index: 0
    Address: 45306723
    Attributes: [8]
Location #1958
    Mapping index: 5
    Address: 6834951
    Line #0
        Function index: 78
        Line: 0
        Column: 0
    Attributes: [22]
Location #1959
    Mapping index: 0
    Address: 2568
    Line #0
        Function index: 8
        Line: 0
        Column: 0
    Attributes: [22]
Location #1960
    Mapping index: 13
    Address: 4736
    Attributes: [8]
Location #1961
    Mapping index: 13
    Address: 5076
    Attributes: [8]
Location #1962
    Mapping index: 5
    Address: 6876128
    Line #0
        Function index: 79
        Line: 0
        Column: 0
    Attributes: [22]
Location #1963
    Mapping index: 0
    Address: 2427
    Line #0
        Function index: 8
        Line: 0
        Column: 0
    Attributes: [22]
Location #1964
    Mapping index: 5
    Address: 22381284
    Line #0
        Function index: 13
        Line: 0
        Column: 0
    Attributes: [22]
Location #1965
    Mapping index: 5
    Address: 22358519
    Line #0
        Function index: 80
        Line: 0
        Column: 0
    Attributes: [22]
Location #1966
    Mapping index: 5
    Address: 22362942
    Line #0
        Function index: 81
        Line: 0
        Column: 0
    Attributes: [22]
Location #1967
    Mapping index: 5
    Address: 3251
    Line #0
        Function index: 82
        Line: 0
        Column: 0
    Attributes: [22]
Location #1968
    Mapping index: 5
    Address: 7273906
    Line #0
        Function index: 83
        Line: 0
        Column: 0
    Attributes: [22]
Location #1969
    Mapping index: 5
    Address: 7290395
    Line #0
        Function index: 12
        Line: 0
        Column: 0
    Attributes: [22]
Location #1970
    Mapping index: 2
    Address: 710260
    Attributes: [8]
Location #1971
    Mapping index: 2
    Address: 710257
    Attributes: [8]
Location #1972
    Mapping index: 0
    Address: 2269
    Line #0
        Function index: 8
        Line: 0
        Column: 0
    Attributes: [22]
Location #1973
    Mapping index: 13
    Address: 4791
    Attributes: [8]
Location #1974
    Mapping index: 2
    Address: 712020
    Attributes: [8]
Location #1975
    Mapping index: 5
    Address: 7287247
    Line #0
        Function index: 84
        Line: 0
        Column: 0
    Attributes: [22]
Location #1976
    Mapping index: 3
    Address: 6988455
    Attributes: [8]
Location #1977
    Mapping index: 3
    Address: 6287631
    Attributes: [8]
Location #1978
    Mapping index: 3
    Address: 7000650
    Attributes: [8]
Location #1979
    Mapping index: 3
    Address: 7256184
    Attributes: [8]
Location #1980
    Mapping index: 3
    Address: 7008867
    Attributes: [8]
Location #1981
    Mapping index: 3
    Address: 4979279
    Attributes: [8]
Location #1982
    Mapping index: 3
    Address: 5339930
    Attributes: [8]
Location #1983
    Mapping index: 3
    Address: 7256286
    Attributes: [8]
Location #1984
    Mapping index: 3
    Address: 7003877
    Attributes: [8]
Location #1985
    Mapping index: 3
    Address: 6146343
    Attributes: [8]
Location #1986
    Mapping index: 3
    Address: 6988542
    Attributes: [8]
Location #1987
    Mapping index: 3
    Address: 6318855
    Attributes: [8]
Location #1988
    Mapping index: 3
    Address: 7310931
    Attributes: [8]
Location #1989
    Mapping index: 3
    Address: 6236052
    Attributes: [8]
Location #1990
    Mapping index: 3
    Address: 7008688
    Attributes: [8]
Location #1991
    Mapping index: 6
    Address: 32248
    Attributes: [8]
Location #1992
    Mapping index: 6
    Address: 33646
    Attributes: [8]
Location #1993
    Mapping index: 6
    Address: 76847
    Attributes: [8]
Location #1994
    Mapping index: 6
    Address: 47515
    Attributes: [8]
Location #1995
    Mapping index: 3
    Address: 6809875
    Attributes: [8]
Location #1996
    Mapping index: 3
    Address: 7329023
    Attributes: [8]
Location #1997
    Mapping index: 3
    Address: 7331525
    Attributes: [8]
Location #1998
    Mapping index: 3
    Address: 7329311
    Attributes: [8]
Location #1999
    Mapping index: 3
    Address: 7333523
    Attributes: [8]
Location #2000
    Mapping index: 3
    Address: 6808375
    Attributes: [8]
Location #2001
    Mapping index: 3
    Address: 7332029
    Attributes: [8]
Location #2002
    Mapping index: 3
    Address: 7337501
    Attributes: [8]
Location #2003
    Mapping index: 3
    Address: 7329581
    Attributes: [8]
Location #2004
    Mapping index: 3
    Address: 7327583
    Attributes: [8]
Location #2005
    Mapping index: 3
    Address: 7330787
    Attributes: [8]
Location #2006
    Mapping index: 3
    Address: 6807255
    Attributes: [8]
Location #2007
    Mapping index: 3
    Address: 6800555
    Attributes: [8]
Location #2008
    Mapping index: 3
    Address: 6802755
    Attributes: [8]
Location #2009
    Mapping index: 3
    Address: 7331111
    Attributes: [8]
Location #2010
    Mapping index: 3
    Address: 7325909
    Attributes: [8]
Location #2011
    Mapping index: 3
    Address: 7327925
    Attributes: [8]
Location #2012
    Mapping index: 3
    Address: 7335485
    Attributes: [8]
Location #2013
    Mapping index: 3
    Address: 6804235
    Attributes: [8]
Location #2014
    Mapping index: 3
    Address: 6806215
    Attributes: [8]
Location #2015
    Mapping index: 3
    Address: 6806335
    Attributes: [8]
Location #2016
    Mapping index: 3
    Address: 7337807
    Attributes: [8]
Location #2017
    Mapping index: 3
    Address: 7329095
    Attributes: [8]
Location #2018
    Mapping index: 3
    Address: 7330139
    Attributes: [8]
Location #2019
    Mapping index: 3
    Address: 7331039
    Attributes: [8]
Location #2020
    Mapping index: 3
    Address: 6809375
    Attributes: [8]
Location #2021
    Mapping index: 3
    Address: 6808315
    Attributes: [8]
Location #2022
    Mapping index: 3
    Address: 6800935
    Attributes: [8]
Location #2023
    Mapping index: 3
    Address: 6802435
    Attributes: [8]
Location #2024
    Mapping index: 3
    Address: 6804015
    Attributes: [8]
Location #2025
    Mapping index: 3
    Address: 6808335
    Attributes: [8]
Location #2026
    Mapping index: 3
    Address: 7337159
    Attributes: [8]
Location #2027
    Mapping index: 3
    Address: 6808035
    Attributes: [8]
Location #2028
    Mapping index: 3
    Address: 6809595
    Attributes: [8]
Location #2029
    Mapping index: 3
    Address: 6809655
    Attributes: [8]
Location #2030
    Mapping index: 3
    Address: 7325135
    Attributes: [8]
Location #2031
    Mapping index: 3
    Address: 7333757
    Attributes: [8]
Location #2032
    Mapping index: 3
    Address: 6807235
    Attributes: [8]
Location #2033
    Mapping index: 3
    Address: 7337537
    Attributes: [8]
Location #2034
    Mapping index: 3
    Address: 7325261
    Attributes: [8]
Location #2035
    Mapping index: 3
    Address: 6809615
    Attributes: [8]
Location #2036
    Mapping index: 3
    Address: 7326989
    Attributes: [8]
Location #2037
    Mapping index: 3
    Address: 7333145
    Attributes: [8]
Location #2038
    Mapping index: 3
    Address: 6806095
    Attributes: [8]
Location #2039
    Mapping index: 3
    Address: 7331327
    Attributes: [8]
Location #2040
    Mapping index: 3
    Address: 6805295
    Attributes: [8]
Location #2041
    Mapping index: 3
    Address: 6809255
    Attributes: [8]
Location #2042
    Mapping index: 3
    Address: 7333271
    Attributes: [8]
Location #2043
    Mapping index: 3
    Address: 7334999
    Attributes: [8]
Location #2044
    Mapping index: 3
    Address: 7336781
    Attributes: [8]
Location #2045
    Mapping index: 3
    Address: 6801635
    Attributes: [8]
Location #2046
    Mapping index: 3
    Address: 6802155
    Attributes: [8]
Location #2047
    Mapping index: 3
    Address: 7326377
    Attributes: [8]
Location #2048
    Mapping index: 3
    Address: 6808815
    Attributes: [8]
Location #2049
    Mapping index: 3
    Address: 6791726
    Attributes: [8]
Location #2050
    Mapping index: 3
    Address: 6805595
    Attributes: [8]
Location #2051
    Mapping index: 3
    Address: 7325495
    Attributes: [8]
Location #2052
    Mapping index: 3
    Address: 6980412
    Attributes: [8]
Location #2053
    Mapping index: 3
    Address: 7328645
    Attributes: [8]
Location #2054
    Mapping index: 3
    Address: 6802095
    Attributes: [8]
Location #2055
    Mapping index: 3
    Address: 5854747
    Attributes: [8]
Location #2056
    Mapping index: 3
    Address: 7327565
    Attributes: [8]
Location #2057
    Mapping index: 3
    Address: 7331291
    Attributes: [8]
Location #2058
    Mapping index: 3
    Address: 6802135
    Attributes: [8]
Location #2059
    Mapping index: 3
    Address: 6803475
    Attributes: [8]
Location #2060
    Mapping index: 3
    Address: 6809315
    Attributes: [8]
Location #2061
    Mapping index: 3
    Address: 6803435
    Attributes: [8]
Location #2062
    Mapping index: 3
    Address: 6807155
    Attributes: [8]
Location #2063
    Mapping index: 3
    Address: 6808395
    Attributes: [8]
Location #2064
    Mapping index: 3
    Address: 6808755
    Attributes: [8]
Location #2065
    Mapping index: 3
    Address: 6800675
    Attributes: [8]
Location #2066
    Mapping index: 3
    Address: 6803375
    Attributes: [8]
Location #2067
    Mapping index: 3
    Address: 6806115
    Attributes: [8]
Location #2068
    Mapping index: 3
    Address: 7325531
    Attributes: [8]
Location #2069
    Mapping index: 3
    Address: 6805575
    Attributes: [8]
Location #2070
    Mapping index: 3
    Address: 7328375
    Attributes: [8]
Location #2071
    Mapping index: 3
    Address: 6803255
    Attributes: [8]
Location #2072
    Mapping index: 3
    Address: 6802455
    Attributes: [8]
Location #2073
    Mapping index: 3
    Address: 6808795
    Attributes: [8]
Location #2074
    Mapping index: 3
    Address: 7325765
    Attributes: [8]
Location #2075
    Mapping index: 3
    Address: 7337735
    Attributes: [8]
Location #2076
    Mapping index: 3
    Address: 6809575
    Attributes: [8]
Location #2077
    Mapping index: 3
    Address: 7331597
    Attributes: [8]
Location #2078
    Mapping index: 3
    Address: 6803995
    Attributes: [8]
Location #2079
    Mapping index: 3
    Address: 7325171
    Attributes: [8]
Location #2080
    Mapping index: 3
    Address: 6980476
    Attributes: [8]
Location #2081
    Mapping index: 3
    Address: 6803635
    Attributes: [8]
Location #2082
    Mapping index: 3
    Address: 6806235
    Attributes: [8]
Location #2083
    Mapping index: 3
    Address: 6803515
    Attributes: [8]
Location #2084
    Mapping index: 3
    Address: 7326647
    Attributes: [8]
Location #2085
    Mapping index: 3
    Address: 7333775
    Attributes: [8]
Location #2086
    Mapping index: 3
    Address: 6809935
    Attributes: [8]
Location #2087
    Mapping index: 3
    Address: 5339964
    Attributes: [8]
Location #2088
    Mapping index: 3
    Address: 6800575
    Attributes: [8]
Location #2089
    Mapping index: 3
    Address: 7332425
    Attributes: [8]
Location #2090
    Mapping index: 3
    Address: 6809675
    Attributes: [8]
Location #2091
    Mapping index: 3
    Address: 5925451
    Attributes: [8]
Location #2092
    Mapping index: 3
    Address: 5721170
    Attributes: [8]
Location #2093
    Mapping index: 3
    Address: 6502483
    Attributes: [8]
Location #2094
    Mapping index: 3
    Address: 6809155
    Attributes: [8]
Location #2095
    Mapping index: 3
    Address: 7333613
    Attributes: [8]
Location #2096
    Mapping index: 3
    Address: 6808595
    Attributes: [8]
Location #2097
    Mapping index: 3
    Address: 7335935
    Attributes: [8]
Location #2098
    Mapping index: 3
    Address: 6800455
    Attributes: [8]
Location #2099
    Mapping index: 3
    Address: 6808075
    Attributes: [8]
Location #2100
    Mapping index: 3
    Address: 7324721
    Attributes: [8]
Location #2101
    Mapping index: 3
    Address: 5834653
    Attributes: [8]
Location #2102
    Mapping index: 3
    Address: 7327979
    Attributes: [8]
Location #2103
    Mapping index: 3
    Address: 6800295
    Attributes: [8]
Location #2104
    Mapping index: 3
    Address: 7336745
    Attributes: [8]
Location #2105
    Mapping index: 3
    Address: 6801755
    Attributes: [8]
Location #2106
    Mapping index: 3
    Address: 6803315
    Attributes: [8]
Location #2107
    Mapping index: 3
    Address: 6809075
    Attributes: [8]
Location #2108
    Mapping index: 3
    Address: 6799575
    Attributes: [8]
Location #2109
    Mapping index: 3
    Address: 6799415
    Attributes: [8]
Location #2110
    Mapping index: 3
    Address: 6800735
    Attributes: [8]
Location #2111
    Mapping index: 3
    Address: 6804155
    Attributes: [8]
Location #2112
    Mapping index: 3
    Address: 6809475
    Attributes: [8]
Location #2113
    Mapping index: 3
    Address: 6799715
    Attributes: [8]
Location #2114
    Mapping index: 3
    Address: 7328843
    Attributes: [8]
Location #2115
    Mapping index: 3
    Address: 6800115
    Attributes: [8]
Location #2116
    Mapping index: 3
    Address: 6805095
    Attributes: [8]
Location #2117
    Mapping index: 2
    Address: 923934
    Attributes: [8]
Location #2118
    Mapping index: 3
    Address: 6791752
    Attributes: [8]
Location #2119
    Mapping index: 3
    Address: 6800055
    Attributes: [8]
Location #2120
    Mapping index: 3
    Address: 5835916
    Attributes: [8]
Location #2121
    Mapping index: 3
    Address: 7041105
    Attributes: [8]
Location #2122
    Mapping index: 3
    Address: 6801215
    Attributes: [8]
Location #2123
    Mapping index: 3
    Address: 6802555
    Attributes: [8]
Location #2124
    Mapping index: 3
    Address: 6988598
    Attributes: [8]
Location #2125
    Mapping index: 3
    Address: 7334171
    Attributes: [8]
Location #2126
    Mapping index: 3
    Address: 7333703
    Attributes: [8]
Location #2127
    Mapping index: 3
    Address: 6807735
    Attributes: [8]
Location #2128
    Mapping index: 3
    Address: 6799875
    Attributes: [8]
Location #2129
    Mapping index: 3
    Address: 7330067
    Attributes: [8]
Location #2130
    Mapping index: 3
    Address: 5565084
    Attributes: [8]
Location #2131
    Mapping index: 3
    Address: 6799135
    Attributes: [8]
Location #2132
    Mapping index: 3
    Address: 6800015
    Attributes: [8]
Location #2133
    Mapping index: 3
    Address: 6807955
    Attributes: [8]
Location #2134
    Mapping index: 3
    Address: 5833254
    Attributes: [8]
Location #2135
    Mapping index: 3
    Address: 5832884
    Attributes: [8]
Location #2136
    Mapping index: 3
    Address: 7042137
    Attributes: [8]
Location #2137
    Mapping index: 3
    Address: 6799515
    Attributes: [8]
Location #2138
    Mapping index: 3
    Address: 6799855
    Attributes: [8]
Location #2139
    Mapping index: 3
    Address: 6804195
    Attributes: [8]
Location #2140
    Mapping index: 3
    Address: 6806635
    Attributes: [8]
Location #2141
    Mapping index: 3
    Address: 7336709
    Attributes: [8]
Location #2142
    Mapping index: 3
    Address: 7338275
    Attributes: [8]
Location #2143
    Mapping index: 3
    Address: 6805755
    Attributes: [8]
Location #2144
    Mapping index: 3
    Address: 6806815
    Attributes: [8]
Location #2145
    Mapping index: 3
    Address: 7332659
    Attributes: [8]
Location #2146
    Mapping index: 3
    Address: 6801155
    Attributes: [8]
Location #2147
    Mapping index: 5
    Address: 6857903
    Line #0
        Function index: 85
        Line: 0
        Column: 0
    Attributes: [22]
Location #2148
    Mapping index: 0
    Address: 3207
    Line #0
        Function index: 8
        Line: 0
        Column: 0
    Attributes: [22]
Location #2149
    Mapping index: 14
    Address: 17130598
    Attributes: [8]
Location #2150
    Mapping index: 14
    Address: 17162482
    Attributes: [8]
Location #2151
    Mapping index: 14
    Address: 17128201
    Attributes: [8]
Location #2152
    Mapping index: 14
    Address: 17162628
    Attributes: [8]
Location #2153
    Mapping index: 14
    Address: 17124740
    Attributes: [8]
Location #2154
    Mapping index: 14
    Address: 17035412
    Attributes: [8]
Location #2155
    Mapping index: 14
    Address: 17034239
    Attributes: [8]
Location #2156
    Mapping index: 14
    Address: 17030501
    Attributes: [8]
Location #2157
    Mapping index: 14
    Address: 16919567
    Attributes: [8]
Location #2158
    Mapping index: 14
    Address: 15518371
    Attributes: [8]
Location #2159
    Mapping index: 14
    Address: 15968003
    Attributes: [8]
Location #2160
    Mapping index: 14
    Address: 15905384
    Attributes: [8]
Location #2161
    Mapping index: 14
    Address: 16317066
    Attributes: [8]
Location #2162
    Mapping index: 14
    Address: 15858770
    Attributes: [8]
Location #2163
    Mapping index: 14
    Address: 16637480
    Attributes: [8]
Location #2164
    Mapping index: 14
    Address: 21388591
    Attributes: [8]
Location #2165
    Mapping index: 14
    Address: 16319364
    Attributes: [8]
Location #2166
    Mapping index: 14
    Address: 14536356
    Attributes: [8]
Location #2167
    Mapping index: 5
    Address: 6875966
    Line #0
        Function index: 79
        Line: 0
        Column: 0
    Attributes: [22]
Location #2168
    Mapping index: 14
    Address: 17128614
    Attributes: [8]
Location #2169
    Mapping index: 5
    Address: 6836216
    Line #0
        Function index: 86
        Line: 0
        Column: 0
    Attributes: [22]
Location #2170
    Mapping index: 5
    Address: 6836413
    Line #0
        Function index: 87
        Line: 0
        Column: 0
    Attributes: [22]
Location #2171
    Mapping index: 0
    Address: 571
    Line #0
        Function index: 8
        Line: 0
        Column: 0
    Attributes: [22]
Location #2172
    Mapping index: 14
    Address: 20676165
    Attributes: [8]
Location #2173
    Mapping index: 14
    Address: 20676592
    Attributes: [8]
Location #2174
    Mapping index: 14
    Address: 20665452
    Attributes: [8]
Location #2175
    Mapping index: 14
    Address: 20667335
    Attributes: [8]
Location #2176
    Mapping index: 14
    Address: 17035797
    Attributes: [8]
Location #2177
    Mapping index: 5
    Address: 6836272
    Line #0
        Function index: 86
        Line: 0
        Column: 0
    Attributes: [22]
Location #2178
    Mapping index: 5
    Address: 6845437
    Line #0
        Function index: 88
        Line: 0
        Column: 0
    Attributes: [22]
Location #2179
    Mapping index: 5
    Address: 6787585
    Line #0
        Function index: 89
        Line: 0
        Column: 0
    Attributes: [22]
Location #2180
    Mapping index: 0
    Address: 975
    Line #0
        Function index: 8
        Line: 0
        Column: 0
    Attributes: [22]
Location #2181
    Mapping index: 14
    Address: 17162316
    Attributes: [8]
Location #2182
    Mapping index: 5
    Address: 6876137
    Line #0
        Function index: 79
        Line: 0
        Column: 0
    Attributes: [22]
Location #2183
    Mapping index: 5
    Address: 8604933
    Line #0
        Function index: 90
        Line: 0
        Column: 0
    Attributes: [22]
Location #2184
    Mapping index: 5
    Address: 8605422
    Line #0
        Function index: 91
        Line: 0
        Column: 0
    Attributes: [22]
Location #2185
    Mapping index: 5
    Address: 8605584
    Line #0
        Function index: 92
        Line: 0
        Column: 0
    Attributes: [22]
Location #2186
    Mapping index: 5
    Address: 7382968
    Line #0
        Function index: 6
        Line: 0
        Column: 0
    Attributes: [22]
Location #2187
    Mapping index: 14
    Address: 17139739
    Attributes: [8]
Location #2188
    Mapping index: 14
    Address: 17146316
    Attributes: [8]
Location #2189
    Mapping index: 14
    Address: 17162456
    Attributes: [8]
Location #2190
    Mapping index: 14
    Address: 17036367
    Attributes: [8]
Location #2191
    Mapping index: 14
    Address: 17127284
    Attributes: [8]
Location #2192
    Mapping index: 14
    Address: 20667396
    Attributes: [8]
Location #2193
    Mapping index: 14
    Address: 17035839
    Attributes: [8]
Location #2194
    Mapping index: 14
    Address: 20676348
    Attributes: [8]
Location #2195
    Mapping index: 14
    Address: 17127365
    Attributes: [8]
Location #2196
    Mapping index: 14
    Address: 17150325
    Attributes: [8]
Location #2197
    Mapping index: 14
    Address: 17143760
    Attributes: [8]
Location #2198
    Mapping index: 14
    Address: 17022337
    Attributes: [8]
Location #2199
    Mapping index: 14
    Address: 17037126
    Attributes: [8]
Location #2200
    Mapping index: 14
    Address: 17165758
    Attributes: [8]
Location #2201
    Mapping index: 14
    Address: 17162091
    Attributes: [8]
Location #2202
    Mapping index: 14
    Address: 17038915
    Attributes: [8]
Location #2203
    Mapping index: 14
    Address: 17161713
    Attributes: [8]
Location #2204
    Mapping index: 14
    Address: 17039245
    Attributes: [8]
Location #2205
    Mapping index: 14
    Address: 17149790
    Attributes: [8]
Location #2206
    Mapping index: 14
    Address: 17144337
    Attributes: [8]
Location #2207
    Mapping index: 14
    Address: 17143749
    Attributes: [8]
Location #2208
    Mapping index: 14
    Address: 20667372
    Attributes: [8]
Location #2209
    Mapping index: 14
    Address: 17144311
    Attributes: [8]
Location #2210
    Mapping index: 14
    Address: 17144326
    Attributes: [8]
Location #2211
    Mapping index: 14
    Address: 20667914
    Attributes: [8]
Location #2212
    Mapping index: 14
    Address: 17039099
    Attributes: [8]
Location #2213
    Mapping index: 14
    Address: 17145610
    Attributes: [8]
Location #2214
    Mapping index: 14
    Address: 17042424
    Attributes: [8]
Location #2215
    Mapping index: 14
    Address: 17038817
    Attributes: [8]
Location #2216
    Mapping index: 14
    Address: 20679663
    Attributes: [8]
Location #2217
    Mapping index: 14
    Address: 17128412
    Attributes: [8]
Location #2218
    Mapping index: 14
    Address: 17122511
    Attributes: [8]
Location #2219
    Mapping index: 14
    Address: 17144056
    Attributes: [8]
Location #2220
    Mapping index: 14
    Address: 17038588
    Attributes: [8]
Location #2221
    Mapping index: 14
    Address: 17039342
    Attributes: [8]
Location #2222
    Mapping index: 14
    Address: 17124863
    Attributes: [8]
Location #2223
    Mapping index: 14
    Address: 17038486
    Attributes: [8]
Location #2224
    Mapping index: 14
    Address: 17042257
    Attributes: [8]
Location #2225
    Mapping index: 14
    Address: 17143734
    Attributes: [8]
Location #2226
    Mapping index: 14
    Address: 17039149
    Attributes: [8]
Location #2227
    Mapping index: 14
    Address: 17091751
    Attributes: [8]
Location #2228
    Mapping index: 14
    Address: 17139697
    Attributes: [8]
Location #2229
    Mapping index: 14
    Address: 17162779
    Attributes: [8]
Location #2230
    Mapping index: 14
    Address: 17036285
    Attributes: [8]
Location #2231
    Mapping index: 14
    Address: 17041974
    Attributes: [8]
Location #2232
    Mapping index: 14
    Address: 17144742
    Attributes: [8]
Location #2233
    Mapping index: 14
    Address: 17042081
    Attributes: [8]
Location #2234
    Mapping index: 14
    Address: 17149689
    Attributes: [8]
Location #2235
    Mapping index: 3
    Address: 6608576
    Attributes: [8]
Location #2236
    Mapping index: 3
    Address: 5774809
    Attributes: [8]
Location #2237
    Mapping index: 3
    Address: 7008588
    Attributes: [8]
Location #2238
    Mapping index: 15
    Address: 9700
    Attributes: [8]
Location #2239
    Mapping index: 15
    Address: 11412
    Attributes: [8]
Location #2240
    Mapping index: 15
    Address: 12115
    Attributes: [8]
Location #2241
    Mapping index: 15
    Address: 10392
    Attributes: [8]
Location #2242
    Mapping index: 15
    Address: 10279
    Attributes: [8]
Location #2243
    Mapping index: 15
    Address: 10303
    Attributes: [8]
Location #2244
    Mapping index: 15
    Address: 13211
    Attributes: [8]
Location #2245
    Mapping index: 15
    Address: 11182
    Attributes: [8]
Location #2246
    Mapping index: 15
    Address: 12407
    Attributes: [8]
Location #2247
    Mapping index: 15
    Address: 10265
    Attributes: [8]
Location #2248
    Mapping index: 15
    Address: 13169
    Attributes: [8]
Location #2249
    Mapping index: 15
    Address: 13193
    Attributes: [8]
Location #2250
    Mapping index: 2
    Address: 244818
    Attributes: [8]
Location #2251
    Mapping index: 2
    Address: 245546
    Attributes: [8]
Location #2252
    Mapping index: 15
    Address: 9715
    Attributes: [8]
Location #2253
    Mapping index: 6
    Address: 50154
    Attributes: [8]
Location #2254
    Mapping index: 6
    Address: 74243
    Attributes: [8]
Location #2255
    Mapping index: 6
    Address: 38357
    Attributes: [8]
Location #2256
    Mapping index: 6
    Address: 27258
    Attributes: [8]
Location #2257
    Mapping index: 6
    Address: 67122
    Attributes: [8]
Location #2258
    Mapping index: 6
    Address: 79914
    Attributes: [8]
Location #2259
    Mapping index: 6
    Address: 63409
    Attributes: [8]
Location #2260
    Mapping index: 6
    Address: 71429
    Attributes: [8]
Location #2261
    Mapping index: 6
    Address: 31400
    Attributes: [8]
Location #2262
    Mapping index: 6
    Address: 73315
    Attributes: [8]
Location #2263
    Mapping index: 6
    Address: 74118
    Attributes: [8]
Location #2264
    Mapping index: 6
    Address: 37576
    Attributes: [8]
Location #2265
    Mapping index: 6
    Address: 48320
    Attributes: [8]
Location #2266
    Mapping index: 6
    Address: 38426
    Attributes: [8]
Location #2267
    Mapping index: 6
    Address: 74628
    Attributes: [8]
Location #2268
    Mapping index: 6
    Address: 85828
    Attributes: [8]
Location #2269
    Mapping index: 6
    Address: 73900
    Attributes: [8]
Location #2270
    Mapping index: 6
    Address: 85869
    Attributes: [8]
Location #2271
    Mapping index: 6
    Address: 27162
    Attributes: [8]
Location #2272
    Mapping index: 6
    Address: 78738
    Attributes: [8]
Location #2273
    Mapping index: 6
    Address: 32103
    Attributes: [8]
Location #2274
    Mapping index: 6
    Address: 67154
    Attributes: [8]
Location #2275
    Mapping index: 6
    Address: 27081
    Attributes: [8]
Location #2276
    Mapping index: 6
    Address: 78752
    Attributes: [8]
Location #2277
    Mapping index: 6
    Address: 65345
    Attributes: [8]
Location #2278
    Mapping index: 6
    Address: 28007
    Attributes: [8]
Location #2279
    Mapping index: 6
    Address: 53617
    Attributes: [8]
Location #2280
    Mapping index: 6
    Address: 64072
    Attributes: [8]
Location #2281
    Mapping index: 6
    Address: 64990
    Attributes: [8]
Location #2282
    Mapping index: 6
    Address: 61364
    Attributes: [8]
Location #2283
    Mapping index: 6
    Address: 63091
    Attributes: [8]
Location #2284
    Mapping index: 6
    Address: 63455
    Attributes: [8]
Location #2285
    Mapping index: 6
    Address: 62362
    Attributes: [8]
Location #2286
    Mapping index: 6
    Address: 62300
    Attributes: [8]
Location #2287
    Mapping index: 6
    Address: 62857
    Attributes: [8]
Location #2288
    Mapping index: 6
    Address: 62576
    Attributes: [8]
Location #2289
    Mapping index: 6
    Address: 32034
    Attributes: [8]
Location #2290
    Mapping index: 6
    Address: 78759
    Attributes: [8]
Location #2291
    Mapping index: 6
    Address: 61280
    Attributes: [8]
Location #2292
    Mapping index: 6
    Address: 64157
    Attributes: [8]
Location #2293
    Mapping index: 6
    Address: 47011
    Attributes: [8]
Location #2294
    Mapping index: 6
    Address: 48180
    Attributes: [8]
Location #2295
    Mapping index: 6
    Address: 48223
    Attributes: [8]
Location #2296
    Mapping index: 6
    Address: 68019
    Attributes: [8]
Location #2297
    Mapping index: 6
    Address: 63071
    Attributes: [8]
Location #2298
    Mapping index: 6
    Address: 63493
    Attributes: [8]
Location #2299
    Mapping index: 6
    Address: 27968
    Attributes: [8]
Location #2300
    Mapping index: 6
    Address: 92558
    Attributes: [8]
Location #2301
    Mapping index: 16
    Address: 10295
    Attributes: [8]
Location #2302
    Mapping index: 16
    Address: 12676
    Attributes: [8]
Function #0
    Name: 0
    System name: 0
    Filename: 0
    Start line: 0
Function #1
    Name: 8
    System name: 0
    Filename: 9
    Start line: 0
Function #2
    Name: 11
    System name: 0
    Filename: 9
    Start line: 0
Function #3
    Name: 12
    System name: 0
    Filename: 9
    Start line: 0
Function #4
    Name: 13
    System name: 0
    Filename: 9
    Start line: 0
Function #5
    Name: 14
    System name: 0
    Filename: 15
    Start line: 0
Function #6
    Name: 25
    System name: 0
    Filename: 0
    Start line: 0
Function #7
    Name: 26
    System name: 0
    Filename: 0
    Start line: 0
Function #8
    Name: 27
    System name: 0
    Filename: 0
    Start line: 0
Function #9
    Name: 28
    System name: 0
    Filename: 0
    Start line: 0
Function #10
    Name: 29
    System name: 0
    Filename: 0
    Start line: 0
Function #11
    Name: 30
    System name: 0
    Filename: 0
    Start line: 0
Function #12
    Name: 31
    System name: 0
    Filename: 0
    Start line: 0
Function #13
    Name: 32
    System name: 0
    Filename: 0
    Start line: 0
Function #14
    Name: 33
    System name: 0
    Filename: 0
    Start line: 0
Function #15
    Name: 34
    System name: 0
    Filename: 0
    Start line: 0
Function #16
    Name: 36
    System name: 0
    Filename: 0
    Start line: 0
Function #17
    Name: 37
    System name: 0
    Filename: 0
    Start line: 0
Function #18
    Name: 38
    System name: 0
    Filename: 0
    Start line: 0
Function #19
    Name: 39
    System name: 0
    Filename: 0
    Start line: 0
Function #20
    Name: 40
    System name: 0
    Filename: 0
    Start line: 0
Function #21
    Name: 41
    System name: 0
    Filename: 0
    Start line: 0
Function #22
    Name: 42
    System name: 0
    Filename: 0
    Start line: 0
Function #23
    Name: 43
    System name: 0
    Filename: 0
    Start line: 0
Function #24
    Name: 44
    System name: 0
    Filename: 0
    Start line: 0
Function #25
    Name: 45
    System name: 0
    Filename: 0
    Start line: 0
Function #26
    Name: 46
    System name: 0
    Filename: 0
    Start line: 0
Function #27
    Name: 47
    System name: 0
    Filename: 0
    Start line: 0
Function #28
    Name: 53
    System name: 0
    Filename: 0
    Start line: 0
Function #29
    Name: 54
    System name: 0
    Filename: 0
    Start line: 0
Function #30
    Name: 55
    System name: 0
    Filename: 56
    Start line: 0
Function #31
    Name: 57
    System name: 0
    Filename: 58
    Start line: 0
Function #32
    Name: 59
    System name: 0
    Filename: 60
    Start line: 0
Function #33
    Name: 61
    System name: 0
    Filename: 60
    Start line: 0
Function #34
    Name: 62
    System name: 0
    Filename: 60
    Start line: 0
Function #35
    Name: 63
    System name: 0
    Filename: 60
    Start line: 0
Function #36
    Name: 64
    System name: 0
    Filename: 60
    Start line: 0
Function #37
    Name: 65
    System name: 0
    Filename: 0
    Start line: 0
Function #38
    Name: 66
    System name: 0
    Filename: 0
    Start line: 0
Function #39
    Name: 68
    System name: 0
    Filename: 0
    Start line: 0
Function #40
    Name: 69
    System name: 0
    Filename: 70
    Start line: 0
Function #41
    Name: 71
    System name: 0
    Filename: 72
    Start line: 0
Function #42
    Name: 73
    System name: 0
    Filename: 72
    Start line: 0
Function #43
    Name: 74
    System name: 0
    Filename: 60
    Start line: 0
Function #44
    Name: 75
    System name: 0
    Filename: 60
    Start line: 0
Function #45
    Name: 76
    System name: 0
    Filename: 77
    Start line: 0
Function #46
    Name: 78
    System name: 0
    Filename: 70
    Start line: 0
Function #47
    Name: 79
    System name: 0
    Filename: 80
    Start line: 0
Function #48
    Name: 81
    System name: 0
    Filename: 82
    Start line: 0
Function #49
    Name: 83
    System name: 0
    Filename: 84
    Start line: 0
Function #50
    Name: 85
    System name: 0
    Filename: 84
    Start line: 0
Function #51
    Name: 79
    System name: 0
    Filename: 86
    Start line: 0
Function #52
    Name: 87
    System name: 0
    Filename: 0
    Start line: 0
Function #53
    Name: 88
    System name: 0
    Filename: 77
    Start line: 0
Function #54
    Name: 89
    System name: 0
    Filename: 82
    Start line: 0
Function #55
    Name: 90
    System name: 0
    Filename: 72
    Start line: 0
Function #56
    Name: 91
    System name: 0
    Filename: 82
    Start line: 0
Function #57
    Name: 92
    System name: 0
    Filename: 70
    Start line: 0
Function #58
    Name: 93
    System name: 0
    Filename: 70
    Start line: 0
Function #59
    Name: 94
    System name: 0
    Filename: 72
    Start line: 0
Function #60
    Name: 95
    System name: 0
    Filename: 96
    Start line: 0
Function #61
    Name: 97
    System name: 0
    Filename: 0
    Start line: 0
Function #62
    Name: 98
    System name: 0
    Filename: 72
    Start line: 0
Function #63
    Name: 99
    System name: 0
    Filename: 72
    Start line: 0
Function #64
    Name: 100
    System name: 0
    Filename: 72
    Start line: 0
Function #65
    Name: 101
    System name: 0
    Filename: 70
    Start line: 0
Function #66
    Name: 102
    System name: 0
    Filename: 70
    Start line: 0
Function #67
    Name: 103
    System name: 0
    Filename: 82
    Start line: 0
Function #68
    Name: 104
    System name: 0
    Filename: 82
    Start line: 0
Function #69
    Name: 105
    System name: 0
    Filename: 96
    Start line: 0
Function #70
    Name: 106
    System name: 0
    Filename: 96
    Start line: 0
Function #71
    Name: 107
    System name: 0
    Filename: 108
    Start line: 0
Function #72
    Name: 109
    System name: 0
    Filename: 108
    Start line: 0
Function #73
    Name: 110
    System name: 0
    Filename: 60
    Start line: 0
Function #74
    Name: 111
    System name: 0
    Filename: 70
    Start line: 0
Function #75
    Name: 79
    System name: 0
    Filename: 112
    Start line: 0
Function #76
    Name: 113
    System name: 0
    Filename: 114
    Start line: 0
Function #77
    Name: 115
    System name: 0
    Filename: 70
    Start line: 0
Function #78
    Name: 116
    System name: 0
    Filename: 0
    Start line: 0
Function #79
    Name: 118
    System name: 0
    Filename: 0
    Start line: 0
Function #80
    Name: 119
    System name: 0
    Filename: 0
    Start line: 0
Function #81
    Name: 120
    System name: 0
    Filename: 0
    Start line: 0
Function #82
    Name: 121
    System name: 0
    Filename: 0
    Start line: 0
Function #83
    Name: 122
    System name: 0
    Filename: 0
    Start line: 0
Function #84
    Name: 123
    System name: 0
    Filename: 0
    Start line: 0
Function #85
    Name: 124
    System name: 0
    Filename: 0
    Start line: 0
Function #86
    Name: 126
    System name: 0
    Filename: 0
    Start line: 0
Function #87
    Name: 127
    System name: 0
    Filename: 0
    Start line: 0
Function #88
    Name: 128
    System name: 0
    Filename: 0
    Start line: 0
Function #89
    Name: 129
    System name: 0
    Filename: 0
    Start line: 0
Function #90
    Name: 130
    System name: 0
    Filename: 0
    Start line: 0
Function #91
    Name: 131
    System name: 0
    Filename: 0
    Start line: 0
Function #92
    Name: 132
    System name: 0
    Filename: 0
    Start line: 0
Attribute table:
     -> Key: Int(17)
     -> Value: Str(1483673)
     -> unit: Int(0)
Link table:
     -> Trace ID: Str()
     -> Span ID: Str()
String table:
    
    cpu
    nanoseconds
    samples
    count
    otelcol-ebpf-profiler
    process.executable.build_id.go
    process.executable.build_id.htlhash
    runtime.pidleput
    /home/yunwei37/go/pkg/mod/golang.org/toolchain@v0.0.1-go1.25.0.linux-amd64/src/runtime/proc.go
    profile.frame.type
    runtime.findRunnable
    runtime.schedule
    runtime.park_m
    runtime.mcall
    /home/yunwei37/go/pkg/mod/golang.org/toolchain@v0.0.1-go1.25.0.linux-amd64/src/runtime/asm_amd64.s
    thread.name
    thread.id
    cpu.logical_number
    events
    libc.so.6
    python3.12
    tr
    vmlinux
    process.executable.build_id.gnu
    copy_from_user_nofault
    bpf_probe_read_user
    bpf_prog_c156138784c9b453_kprobe_unwind_native
    __uprobe_perf_func
    uprobe_dispatcher
    handler_chain
    uprobe_notify_resume
    irqentry_exit_to_user_mode
    exc_int3
    asm_exc_int3
    dash
    copy_present_ptes
    copy_pte_range
    copy_p4d_range
    copy_page_range
    dup_mmap
    dup_mm.constprop.0
    copy_process
    kernel_clone
    __x64_sys_fork
    x64_sys_call
    do_syscall_64
    entry_SYSCALL_64_after_hwframe
    codex
    libavahi-common.so.3.5.4
    libavahi-core.so.7.1.0
    avahi-daemon
    node
    V8::BuiltinExitFrame
    V8::ConstructFrame
    compileSourceTextModule
    node:internal/modules/esm/utils
    moduleStrategy
    node:internal/modules/esm/translators
    #translate
    node:internal/modules/esm/loader
    loadAndTranslate
    #createModuleJob
    #getJobFromResolveResult
    getModuleJobForImport
    V8::StubFrame
    V8::EntryFrame
    libstdc++.so.6.0.35
    V8::UnknownFrame
    URL
    node:internal/url
    moduleResolve
    node:internal/modules/esm/resolve
    defaultResolve
    #cachedDefaultResolve
    resolve
    _link
    node:internal/modules/esm/module_job
    parse
    <anonymous>
    <unknown>
    getPackageScopeConfig
    node:internal/modules/package_json_reader
    getFileProtocolModuleFormat
    node:internal/modules/esm/get_format
    defaultGetFormatWithoutErrors
    file:///home/fishclaw/.nvm/versions/node/v22.22.0/lib/node_modules/openclaw/dist/ansi-zQGMgESZ.js
    V8::InternalFrame
    run
    read
    packageResolve
    getPackageJSONURL
    getPathFromURLPosix
    fileURLToPath
    finalizeResolution
    realpathSync
    node:fs
    V8::ExitFrame
    resolvePackageTargetString
    resolvePackageTarget
    packageExportsResolve
    #updateContext
    pathToFileURL
    get exports
    deserializePackageJSON
    openSync
    readFileSync
    getSourceSync
    node:internal/modules/esm/load
    defaultLoad
    load
    toPathIfFileURL
    node:internal/fs/utils
    wrappedFn
    node:internal/errors
    set hash
    htab_map_hash
    victim
    trie_lookup_elem
    exc_debug_user
    noist_exc_debug
    asm_exc_debug
    put_uprobe
    uprobe_get_swbp_addr
    array_map_lookup_elem
    agentsight
    lookup_nulls_elem_raw
    __htab_map_lookup_elem
    htab_of_map_lookup_elem
    bpf_map_lookup_elem
    check_heap_object
    __check_object_size.part.0
    __check_object_size
    getopt
    cut
ResourceProfiles #0
Resource SchemaURL: https://opentelemetry.io/schemas/1.37.0
Resource attributes:
     -> process.pid: Int(1483421)
     -> process.executable.path: Str(/tmp/opentelemetry-ebpf-profiler/otelcol-ebpf-profiler)
     -> process.executable.name: Str(otelcol-ebpf-profiler)
ScopeProfiles #0
ScopeProfiles SchemaURL: https://opentelemetry.io/schemas/1.37.0
InstrumentationScope go.opentelemetry.io/ebpf-profiler v0.0.0
Profile #0
    Profile ID     : 
    Start time     : 2026-06-21 23:48:27.872579261 +0000 UTC
    DurationNano   : 6162007925
    Dropped attributes count: 0
    Sample #0
        Values: []
        Attributes:
             -> thread.name: otelcol-ebpf-pr
             -> thread.id: %!s(int64=1483611)
             -> cpu.logical_number: %!s(int64=3)
ResourceProfiles #1
Resource SchemaURL: https://opentelemetry.io/schemas/1.37.0
Resource attributes:
     -> process.pid: Int(1483764)
     -> process.executable.path: Str(/usr/bin/python3.12)
     -> process.executable.name: Str(python3.12)
ScopeProfiles #0
ScopeProfiles SchemaURL: https://opentelemetry.io/schemas/1.37.0
InstrumentationScope go.opentelemetry.io/ebpf-profiler v0.0.0
Profile #0
    Profile ID     : 
    Start time     : 2026-06-21 23:48:27.872579261 +0000 UTC
    DurationNano   : 6162007925
    Dropped attributes count: 0
    Sample #0
        Values: []
        Attributes:
             -> thread.name: python3
             -> thread.id: %!s(int64=1483764)
             -> cpu.logical_number: %!s(int64=15)
    Sample #1
        Values: []
        Attributes:
             -> thread.name: python3
             -> thread.id: %!s(int64=1483764)
             -> cpu.logical_number: %!s(int64=15)
    Sample #2
        Values: []
        Attributes:
             -> thread.name: python3
             -> thread.id: %!s(int64=1483764)
             -> cpu.logical_number: %!s(int64=15)
    Sample #3
        Values: []
        Attributes:
             -> thread.name: python3
             -> thread.id: %!s(int64=1483764)
             -> cpu.logical_number: %!s(int64=15)
    Sample #4
        Values: []
        Attributes:
             -> thread.name: python3
             -> thread.id: %!s(int64=1483764)
             -> cpu.logical_number: %!s(int64=15)
    Sample #5
        Values: []
        Attributes:
             -> thread.name: python3
             -> thread.id: %!s(int64=1483764)
             -> cpu.logical_number: %!s(int64=15)
    Sample #6
        Values: []
        Attributes:
             -> thread.name: python3
             -> thread.id: %!s(int64=1483764)
             -> cpu.logical_number: %!s(int64=15)
    Sample #7
        Values: []
        Attributes:
             -> thread.name: python3
             -> thread.id: %!s(int64=1483764)
             -> cpu.logical_number: %!s(int64=15)
    Sample #8
        Values: []
        Attributes:
             -> thread.name: python3
             -> thread.id: %!s(int64=1483764)
             -> cpu.logical_number: %!s(int64=15)
    Sample #9
        Values: []
        Attributes:
             -> thread.name: python3
             -> thread.id: %!s(int64=1483764)
             -> cpu.logical_number: %!s(int64=15)
    Sample #10
        Values: []
        Attributes:
             -> thread.name: python3
             -> thread.id: %!s(int64=1483764)
             -> cpu.logical_number: %!s(int64=15)
    Sample #11
        Values: []
        Attributes:
             -> thread.name: python3
             -> thread.id: %!s(int64=1483764)
             -> cpu.logical_number: %!s(int64=15)
    Sample #12
        Values: []
        Attributes:
             -> thread.name: python3
             -> thread.id: %!s(int64=1483764)
             -> cpu.logical_number: %!s(int64=15)
    Sample #13
        Values: []
        Attributes:
             -> thread.name: python3
             -> thread.id: %!s(int64=1483764)
             -> cpu.logical_number: %!s(int64=15)
    Sample #14
        Values: []
        Attributes:
             -> thread.name: python3
             -> thread.id: %!s(int64=1483764)
             -> cpu.logical_number: %!s(int64=15)
    Sample #15
        Values: []
        Attributes:
             -> thread.name: python3
             -> thread.id: %!s(int64=1483764)
             -> cpu.logical_number: %!s(int64=15)
    Sample #16
        Values: []
        Attributes:
             -> thread.name: python3
             -> thread.id: %!s(int64=1483764)
             -> cpu.logical_number: %!s(int64=15)
    Sample #17
        Values: []
        Attributes:
             -> thread.name: python3
             -> thread.id: %!s(int64=1483764)
             -> cpu.logical_number: %!s(int64=15)
    Sample #18
        Values: []
        Attributes:
             -> thread.name: python3
             -> thread.id: %!s(int64=1483764)
             -> cpu.logical_number: %!s(int64=15)
    Sample #19
        Values: []
        Attributes:
             -> thread.name: python3
             -> thread.id: %!s(int64=1483764)
             -> cpu.logical_number: %!s(int64=15)
    Sample #20
        Values: []
        Attributes:
             -> thread.name: python3
             -> thread.id: %!s(int64=1483764)
             -> cpu.logical_number: %!s(int64=15)
    Sample #21
        Values: []
        Attributes:
             -> thread.name: python3
             -> thread.id: %!s(int64=1483764)
             -> cpu.logical_number: %!s(int64=15)
    Sample #22
        Values: []
        Attributes:
             -> thread.name: python3
             -> thread.id: %!s(int64=1483764)
             -> cpu.logical_number: %!s(int64=15)
    Sample #23
        Values: []
        Attributes:
             -> thread.name: python3
             -> thread.id: %!s(int64=1483764)
             -> cpu.logical_number: %!s(int64=15)
    Sample #24
        Values: []
        Attributes:
             -> thread.name: python3
             -> thread.id: %!s(int64=1483764)
             -> cpu.logical_number: %!s(int64=15)
    Sample #25
        Values: []
        Attributes:
             -> thread.name: python3
             -> thread.id: %!s(int64=1483764)
             -> cpu.logical_number: %!s(int64=15)
    Sample #26
        Values: []
        Attributes:
             -> thread.name: python3
             -> thread.id: %!s(int64=1483764)
             -> cpu.logical_number: %!s(int64=15)
    Sample #27
        Values: []
        Attributes:
             -> thread.name: python3
             -> thread.id: %!s(int64=1483764)
             -> cpu.logical_number: %!s(int64=15)
    Sample #28
        Values: []
        Attributes:
             -> thread.name: python3
             -> thread.id: %!s(int64=1483764)
             -> cpu.logical_number: %!s(int64=15)
    Sample #29
        Values: []
        Attributes:
             -> thread.name: python3
             -> thread.id: %!s(int64=1483764)
             -> cpu.logical_number: %!s(int64=15)
    Sample #30
        Values: []
        Attributes:
             -> thread.name: python3
             -> thread.id: %!s(int64=1483764)
             -> cpu.logical_number: %!s(int64=15)
    Sample #31
        Values: []
        Attributes:
             -> thread.name: python3
             -> thread.id: %!s(int64=1483764)
             -> cpu.logical_number: %!s(int64=15)
    Sample #32
        Values: []
        Attributes:
             -> thread.name: python3
             -> thread.id: %!s(int64=1483764)
             -> cpu.logical_number: %!s(int64=15)
    Sample #33
        Values: []
        Attributes:
             -> thread.name: python3
             -> thread.id: %!s(int64=1483764)
             -> cpu.logical_number: %!s(int64=15)
    Sample #34
        Values: []
        Attributes:
             -> thread.name: python3
             -> thread.id: %!s(int64=1483764)
             -> cpu.logical_number: %!s(int64=15)
    Sample #35
        Values: []
        Attributes:
             -> thread.name: python3
             -> thread.id: %!s(int64=1483764)
             -> cpu.logical_number: %!s(int64=15)
    Sample #36
        Values: []
        Attributes:
             -> thread.name: python3
             -> thread.id: %!s(int64=1483764)
             -> cpu.logical_number: %!s(int64=15)
    Sample #37
        Values: []
        Attributes:
             -> thread.name: python3
             -> thread.id: %!s(int64=1483764)
             -> cpu.logical_number: %!s(int64=15)
    Sample #38
        Values: []
        Attributes:
             -> thread.name: python3
             -> thread.id: %!s(int64=1483764)
             -> cpu.logical_number: %!s(int64=15)
    Sample #39
        Values: []
        Attributes:
             -> thread.name: python3
             -> thread.id: %!s(int64=1483764)
             -> cpu.logical_number: %!s(int64=15)
    Sample #40
        Values: []
        Attributes:
             -> thread.name: python3
             -> thread.id: %!s(int64=1483764)
             -> cpu.logical_number: %!s(int64=15)
    Sample #41
        Values: []
        Attributes:
             -> thread.name: python3
             -> thread.id: %!s(int64=1483764)
             -> cpu.logical_number: %!s(int64=15)
    Sample #42
        Values: []
        Attributes:
             -> thread.name: python3
             -> thread.id: %!s(int64=1483764)
             -> cpu.logical_number: %!s(int64=15)
    Sample #43
        Values: []
        Attributes:
             -> thread.name: python3
             -> thread.id: %!s(int64=1483764)
             -> cpu.logical_number: %!s(int64=15)
    Sample #44
        Values: []
        Attributes:
             -> thread.name: python3
             -> thread.id: %!s(int64=1483764)
             -> cpu.logical_number: %!s(int64=15)
    Sample #45
        Values: []
        Attributes:
             -> thread.name: python3
             -> thread.id: %!s(int64=1483764)
             -> cpu.logical_number: %!s(int64=15)
    Sample #46
        Values: []
        Attributes:
             -> thread.name: python3
             -> thread.id: %!s(int64=1483764)
             -> cpu.logical_number: %!s(int64=15)
    Sample #47
        Values: []
        Attributes:
             -> thread.name: python3
             -> thread.id: %!s(int64=1483764)
             -> cpu.logical_number: %!s(int64=15)
    Sample #48
        Values: []
        Attributes:
             -> thread.name: python3
             -> thread.id: %!s(int64=1483764)
             -> cpu.logical_number: %!s(int64=15)
    Sample #49
        Values: []
        Attributes:
             -> thread.name: python3
             -> thread.id: %!s(int64=1483764)
             -> cpu.logical_number: %!s(int64=15)
    Sample #50
        Values: []
        Attributes:
             -> thread.name: python3
             -> thread.id: %!s(int64=1483764)
             -> cpu.logical_number: %!s(int64=15)
    Sample #51
        Values: []
        Attributes:
             -> thread.name: python3
             -> thread.id: %!s(int64=1483764)
             -> cpu.logical_number: %!s(int64=15)
    Sample #52
        Values: []
        Attributes:
             -> thread.name: python3
             -> thread.id: %!s(int64=1483764)
             -> cpu.logical_number: %!s(int64=15)
    Sample #53
        Values: []
        Attributes:
             -> thread.name: python3
             -> thread.id: %!s(int64=1483764)
             -> cpu.logical_number: %!s(int64=15)
    Sample #54
        Values: []
        Attributes:
             -> thread.name: python3
             -> thread.id: %!s(int64=1483764)
             -> cpu.logical_number: %!s(int64=15)
    Sample #55
        Values: []
        Attributes:
             -> thread.name: python3
             -> thread.id: %!s(int64=1483764)
             -> cpu.logical_number: %!s(int64=15)
    Sample #56
        Values: []
        Attributes:
             -> thread.name: python3
             -> thread.id: %!s(int64=1483764)
             -> cpu.logical_number: %!s(int64=15)
    Sample #57
        Values: []
        Attributes:
             -> thread.name: python3
             -> thread.id: %!s(int64=1483764)
             -> cpu.logical_number: %!s(int64=15)
    Sample #58
        Values: []
        Attributes:
             -> thread.name: python3
             -> thread.id: %!s(int64=1483764)
             -> cpu.logical_number: %!s(int64=15)
    Sample #59
        Values: []
        Attributes:
             -> thread.name: python3
             -> thread.id: %!s(int64=1483764)
             -> cpu.logical_number: %!s(int64=15)
    Sample #60
        Values: []
        Attributes:
             -> thread.name: python3
             -> thread.id: %!s(int64=1483764)
             -> cpu.logical_number: %!s(int64=15)
    Sample #61
        Values: []
        Attributes:
             -> thread.name: python3
             -> thread.id: %!s(int64=1483764)
             -> cpu.logical_number: %!s(int64=15)
ResourceProfiles #2
Resource SchemaURL: https://opentelemetry.io/schemas/1.37.0
Resource attributes:
     -> process.pid: Int(1483767)
     -> process.executable.path: Str(/usr/bin/python3.12)
     -> process.executable.name: Str(python3.12)
ScopeProfiles #0
ScopeProfiles SchemaURL: https://opentelemetry.io/schemas/1.37.0
InstrumentationScope go.opentelemetry.io/ebpf-profiler v0.0.0
Profile #0
    Profile ID     : 
    Start time     : 2026-06-21 23:48:27.872579261 +0000 UTC
    DurationNano   : 6162007925
    Dropped attributes count: 0
    Sample #0
        Values: []
        Attributes:
             -> thread.name: python3
             -> thread.id: %!s(int64=1483767)
             -> cpu.logical_number: %!s(int64=12)
    Sample #1
        Values: []
        Attributes:
             -> thread.name: python3
             -> thread.id: %!s(int64=1483767)
             -> cpu.logical_number: %!s(int64=12)
    Sample #2
        Values: []
        Attributes:
             -> thread.name: python3
             -> thread.id: %!s(int64=1483767)
             -> cpu.logical_number: %!s(int64=12)
    Sample #3
        Values: []
        Attributes:
             -> thread.name: python3
             -> thread.id: %!s(int64=1483767)
             -> cpu.logical_number: %!s(int64=12)
    Sample #4
        Values: []
        Attributes:
             -> thread.name: python3
             -> thread.id: %!s(int64=1483767)
             -> cpu.logical_number: %!s(int64=12)
    Sample #5
        Values: []
        Attributes:
             -> thread.name: python3
             -> thread.id: %!s(int64=1483767)
             -> cpu.logical_number: %!s(int64=12)
    Sample #6
        Values: []
        Attributes:
             -> thread.name: python3
             -> thread.id: %!s(int64=1483767)
             -> cpu.logical_number: %!s(int64=12)
    Sample #7
        Values: []
        Attributes:
             -> thread.name: python3
             -> thread.id: %!s(int64=1483767)
             -> cpu.logical_number: %!s(int64=12)
    Sample #8
        Values: []
        Attributes:
             -> thread.name: python3
             -> thread.id: %!s(int64=1483767)
             -> cpu.logical_number: %!s(int64=12)
    Sample #9
        Values: []
        Attributes:
             -> thread.name: python3
             -> thread.id: %!s(int64=1483767)
             -> cpu.logical_number: %!s(int64=12)
    Sample #10
        Values: []
        Attributes:
             -> thread.name: python3
             -> thread.id: %!s(int64=1483767)
             -> cpu.logical_number: %!s(int64=12)
    Sample #11
        Values: []
        Attributes:
             -> thread.name: python3
             -> thread.id: %!s(int64=1483767)
             -> cpu.logical_number: %!s(int64=12)
    Sample #12
        Values: []
        Attributes:
             -> thread.name: python3
             -> thread.id: %!s(int64=1483767)
             -> cpu.logical_number: %!s(int64=12)
    Sample #13
        Values: []
        Attributes:
             -> thread.name: python3
             -> thread.id: %!s(int64=1483767)
             -> cpu.logical_number: %!s(int64=12)
    Sample #14
        Values: []
        Attributes:
             -> thread.name: python3
             -> thread.id: %!s(int64=1483767)
             -> cpu.logical_number: %!s(int64=12)
    Sample #15
        Values: []
        Attributes:
             -> thread.name: python3
             -> thread.id: %!s(int64=1483767)
             -> cpu.logical_number: %!s(int64=12)
    Sample #16
        Values: []
        Attributes:
             -> thread.name: python3
             -> thread.id: %!s(int64=1483767)
             -> cpu.logical_number: %!s(int64=12)
    Sample #17
        Values: []
        Attributes:
             -> thread.name: python3
             -> thread.id: %!s(int64=1483767)
             -> cpu.logical_number: %!s(int64=12)
    Sample #18
        Values: []
        Attributes:
             -> thread.name: python3
             -> thread.id: %!s(int64=1483767)
             -> cpu.logical_number: %!s(int64=12)
    Sample #19
        Values: []
        Attributes:
             -> thread.name: python3
             -> thread.id: %!s(int64=1483767)
             -> cpu.logical_number: %!s(int64=12)
    Sample #20
        Values: []
        Attributes:
             -> thread.name: python3
             -> thread.id: %!s(int64=1483767)
             -> cpu.logical_number: %!s(int64=12)
    Sample #21
        Values: []
        Attributes:
             -> thread.name: python3
             -> thread.id: %!s(int64=1483767)
             -> cpu.logical_number: %!s(int64=12)
    Sample #22
        Values: []
        Attributes:
             -> thread.name: python3
             -> thread.id: %!s(int64=1483767)
             -> cpu.logical_number: %!s(int64=12)
    Sample #23
        Values: []
        Attributes:
             -> thread.name: python3
             -> thread.id: %!s(int64=1483767)
             -> cpu.logical_number: %!s(int64=12)
    Sample #24
        Values: []
        Attributes:
             -> thread.name: python3
             -> thread.id: %!s(int64=1483767)
             -> cpu.logical_number: %!s(int64=12)
    Sample #25
        Values: []
        Attributes:
             -> thread.name: python3
             -> thread.id: %!s(int64=1483767)
             -> cpu.logical_number: %!s(int64=12)
    Sample #26
        Values: []
        Attributes:
             -> thread.name: python3
             -> thread.id: %!s(int64=1483767)
             -> cpu.logical_number: %!s(int64=12)
    Sample #27
        Values: []
        Attributes:
             -> thread.name: python3
             -> thread.id: %!s(int64=1483767)
             -> cpu.logical_number: %!s(int64=12)
    Sample #28
        Values: []
        Attributes:
             -> thread.name: python3
             -> thread.id: %!s(int64=1483767)
             -> cpu.logical_number: %!s(int64=12)
    Sample #29
        Values: []
        Attributes:
             -> thread.name: python3
             -> thread.id: %!s(int64=1483767)
             -> cpu.logical_number: %!s(int64=12)
    Sample #30
        Values: []
        Attributes:
             -> thread.name: python3
             -> thread.id: %!s(int64=1483767)
             -> cpu.logical_number: %!s(int64=12)
    Sample #31
        Values: []
        Attributes:
             -> thread.name: python3
             -> thread.id: %!s(int64=1483767)
             -> cpu.logical_number: %!s(int64=12)
    Sample #32
        Values: []
        Attributes:
             -> thread.name: python3
             -> thread.id: %!s(int64=1483767)
             -> cpu.logical_number: %!s(int64=12)
    Sample #33
        Values: []
        Attributes:
             -> thread.name: python3
             -> thread.id: %!s(int64=1483767)
             -> cpu.logical_number: %!s(int64=12)
    Sample #34
        Values: []
        Attributes:
             -> thread.name: python3
             -> thread.id: %!s(int64=1483767)
             -> cpu.logical_number: %!s(int64=12)
    Sample #35
        Values: []
        Attributes:
             -> thread.name: python3
             -> thread.id: %!s(int64=1483767)
             -> cpu.logical_number: %!s(int64=12)
    Sample #36
        Values: []
        Attributes:
             -> thread.name: python3
             -> thread.id: %!s(int64=1483767)
             -> cpu.logical_number: %!s(int64=12)
    Sample #37
        Values: []
        Attributes:
             -> thread.name: python3
             -> thread.id: %!s(int64=1483767)
             -> cpu.logical_number: %!s(int64=12)
    Sample #38
        Values: []
        Attributes:
             -> thread.name: python3
             -> thread.id: %!s(int64=1483767)
             -> cpu.logical_number: %!s(int64=12)
    Sample #39
        Values: []
        Attributes:
             -> thread.name: python3
             -> thread.id: %!s(int64=1483767)
             -> cpu.logical_number: %!s(int64=12)
    Sample #40
        Values: []
        Attributes:
             -> thread.name: python3
             -> thread.id: %!s(int64=1483767)
             -> cpu.logical_number: %!s(int64=12)
    Sample #41
        Values: []
        Attributes:
             -> thread.name: python3
             -> thread.id: %!s(int64=1483767)
             -> cpu.logical_number: %!s(int64=12)
    Sample #42
        Values: []
        Attributes:
             -> thread.name: python3
             -> thread.id: %!s(int64=1483767)
             -> cpu.logical_number: %!s(int64=12)
    Sample #43
        Values: []
        Attributes:
             -> thread.name: python3
             -> thread.id: %!s(int64=1483767)
             -> cpu.logical_number: %!s(int64=12)
    Sample #44
        Values: []
        Attributes:
             -> thread.name: python3
             -> thread.id: %!s(int64=1483767)
             -> cpu.logical_number: %!s(int64=12)
    Sample #45
        Values: []
        Attributes:
             -> thread.name: python3
             -> thread.id: %!s(int64=1483767)
             -> cpu.logical_number: %!s(int64=12)
    Sample #46
        Values: []
        Attributes:
             -> thread.name: python3
             -> thread.id: %!s(int64=1483767)
             -> cpu.logical_number: %!s(int64=12)
    Sample #47
        Values: []
        Attributes:
             -> thread.name: python3
             -> thread.id: %!s(int64=1483767)
             -> cpu.logical_number: %!s(int64=12)
    Sample #48
        Values: []
        Attributes:
             -> thread.name: python3
             -> thread.id: %!s(int64=1483767)
             -> cpu.logical_number: %!s(int64=12)
    Sample #49
        Values: []
        Attributes:
             -> thread.name: python3
             -> thread.id: %!s(int64=1483767)
             -> cpu.logical_number: %!s(int64=12)
    Sample #50
        Values: []
        Attributes:
             -> thread.name: python3
             -> thread.id: %!s(int64=1483767)
             -> cpu.logical_number: %!s(int64=12)
    Sample #51
        Values: []
        Attributes:
             -> thread.name: python3
             -> thread.id: %!s(int64=1483767)
             -> cpu.logical_number: %!s(int64=12)
    Sample #52
        Values: []
        Attributes:
             -> thread.name: python3
             -> thread.id: %!s(int64=1483767)
             -> cpu.logical_number: %!s(int64=12)
    Sample #53
        Values: []
        Attributes:
             -> thread.name: python3
             -> thread.id: %!s(int64=1483767)
             -> cpu.logical_number: %!s(int64=12)
    Sample #54
        Values: []
        Attributes:
             -> thread.name: python3
             -> thread.id: %!s(int64=1483767)
             -> cpu.logical_number: %!s(int64=12)
    Sample #55
        Values: []
        Attributes:
             -> thread.name: python3
             -> thread.id: %!s(int64=1483767)
             -> cpu.logical_number: %!s(int64=12)
    Sample #56
        Values: []
        Attributes:
             -> thread.name: python3
             -> thread.id: %!s(int64=1483767)
             -> cpu.logical_number: %!s(int64=12)
    Sample #57
        Values: []
        Attributes:
             -> thread.name: python3
             -> thread.id: %!s(int64=1483767)
             -> cpu.logical_number: %!s(int64=12)
    Sample #58
        Values: []
        Attributes:
             -> thread.name: python3
             -> thread.id: %!s(int64=1483767)
             -> cpu.logical_number: %!s(int64=12)
    Sample #59
        Values: []
        Attributes:
             -> thread.name: python3
             -> thread.id: %!s(int64=1483767)
             -> cpu.logical_number: %!s(int64=12)
    Sample #60
        Values: []
        Attributes:
             -> thread.name: python3
             -> thread.id: %!s(int64=1483767)
             -> cpu.logical_number: %!s(int64=12)
    Sample #61
        Values: []
        Attributes:
             -> thread.name: python3
             -> thread.id: %!s(int64=1483767)
             -> cpu.logical_number: %!s(int64=12)
    Sample #62
        Values: []
        Attributes:
             -> thread.name: python3
             -> thread.id: %!s(int64=1483767)
             -> cpu.logical_number: %!s(int64=12)
    Sample #63
        Values: []
        Attributes:
             -> thread.name: python3
             -> thread.id: %!s(int64=1483767)
             -> cpu.logical_number: %!s(int64=12)
    Sample #64
        Values: []
        Attributes:
             -> thread.name: python3
             -> thread.id: %!s(int64=1483767)
             -> cpu.logical_number: %!s(int64=12)
    Sample #65
        Values: []
        Attributes:
             -> thread.name: python3
             -> thread.id: %!s(int64=1483767)
             -> cpu.logical_number: %!s(int64=12)
    Sample #66
        Values: []
        Attributes:
             -> thread.name: python3
             -> thread.id: %!s(int64=1483767)
             -> cpu.logical_number: %!s(int64=12)
    Sample #67
        Values: []
        Attributes:
             -> thread.name: python3
             -> thread.id: %!s(int64=1483767)
             -> cpu.logical_number: %!s(int64=12)
    Sample #68
        Values: []
        Attributes:
             -> thread.name: python3
             -> thread.id: %!s(int64=1483767)
             -> cpu.logical_number: %!s(int64=12)
    Sample #69
        Values: []
        Attributes:
             -> thread.name: python3
             -> thread.id: %!s(int64=1483767)
             -> cpu.logical_number: %!s(int64=12)
    Sample #70
        Values: []
        Attributes:
             -> thread.name: python3
             -> thread.id: %!s(int64=1483767)
             -> cpu.logical_number: %!s(int64=12)
    Sample #71
        Values: []
        Attributes:
             -> thread.name: python3
             -> thread.id: %!s(int64=1483767)
             -> cpu.logical_number: %!s(int64=12)
    Sample #72
        Values: []
        Attributes:
             -> thread.name: python3
             -> thread.id: %!s(int64=1483767)
             -> cpu.logical_number: %!s(int64=12)
    Sample #73
        Values: []
        Attributes:
             -> thread.name: python3
             -> thread.id: %!s(int64=1483767)
             -> cpu.logical_number: %!s(int64=12)
    Sample #74
        Values: []
        Attributes:
             -> thread.name: python3
             -> thread.id: %!s(int64=1483767)
             -> cpu.logical_number: %!s(int64=12)
    Sample #75
        Values: []
        Attributes:
             -> thread.name: python3
             -> thread.id: %!s(int64=1483767)
             -> cpu.logical_number: %!s(int64=12)
    Sample #76
        Values: []
        Attributes:
             -> thread.name: python3
             -> thread.id: %!s(int64=1483767)
             -> cpu.logical_number: %!s(int64=12)
    Sample #77
        Values: []
        Attributes:
             -> thread.name: python3
             -> thread.id: %!s(int64=1483767)
             -> cpu.logical_number: %!s(int64=12)
    Sample #78
        Values: []
        Attributes:
             -> thread.name: python3
             -> thread.id: %!s(int64=1483767)
             -> cpu.logical_number: %!s(int64=12)
    Sample #79
        Values: []
        Attributes:
             -> thread.name: python3
             -> thread.id: %!s(int64=1483767)
             -> cpu.logical_number: %!s(int64=12)
    Sample #80
        Values: []
        Attributes:
             -> thread.name: python3
             -> thread.id: %!s(int64=1483767)
             -> cpu.logical_number: %!s(int64=12)
    Sample #81
        Values: []
        Attributes:
             -> thread.name: python3
             -> thread.id: %!s(int64=1483767)
             -> cpu.logical_number: %!s(int64=12)
    Sample #82
        Values: []
        Attributes:
             -> thread.name: python3
             -> thread.id: %!s(int64=1483767)
             -> cpu.logical_number: %!s(int64=12)
    Sample #83
        Values: []
        Attributes:
             -> thread.name: python3
             -> thread.id: %!s(int64=1483767)
             -> cpu.logical_number: %!s(int64=12)
    Sample #84
        Values: []
        Attributes:
             -> thread.name: python3
             -> thread.id: %!s(int64=1483767)
             -> cpu.logical_number: %!s(int64=12)
    Sample #85
        Values: []
        Attributes:
             -> thread.name: python3
             -> thread.id: %!s(int64=1483767)
             -> cpu.logical_number: %!s(int64=12)
    Sample #86
        Values: []
        Attributes:
             -> thread.name: python3
             -> thread.id: %!s(int64=1483767)
             -> cpu.logical_number: %!s(int64=12)
    Sample #87
        Values: []
        Attributes:
             -> thread.name: python3
             -> thread.id: %!s(int64=1483767)
             -> cpu.logical_number: %!s(int64=12)
    Sample #88
        Values: []
        Attributes:
             -> thread.name: python3
             -> thread.id: %!s(int64=1483767)
             -> cpu.logical_number: %!s(int64=12)
    Sample #89
        Values: []
        Attributes:
             -> thread.name: python3
             -> thread.id: %!s(int64=1483767)
             -> cpu.logical_number: %!s(int64=12)
    Sample #90
        Values: []
        Attributes:
             -> thread.name: python3
             -> thread.id: %!s(int64=1483767)
             -> cpu.logical_number: %!s(int64=12)
    Sample #91
        Values: []
        Attributes:
             -> thread.name: python3
             -> thread.id: %!s(int64=1483767)
             -> cpu.logical_number: %!s(int64=12)
    Sample #92
        Values: []
        Attributes:
             -> thread.name: python3
             -> thread.id: %!s(int64=1483767)
             -> cpu.logical_number: %!s(int64=12)
    Sample #93
        Values: []
        Attributes:
             -> thread.name: python3
             -> thread.id: %!s(int64=1483767)
             -> cpu.logical_number: %!s(int64=12)
    Sample #94
        Values: []
        Attributes:
             -> thread.name: python3
             -> thread.id: %!s(int64=1483767)
             -> cpu.logical_number: %!s(int64=12)
    Sample #95
        Values: []
        Attributes:
             -> thread.name: python3
             -> thread.id: %!s(int64=1483767)
             -> cpu.logical_number: %!s(int64=12)
    Sample #96
        Values: []
        Attributes:
             -> thread.name: python3
             -> thread.id: %!s(int64=1483767)
             -> cpu.logical_number: %!s(int64=12)
    Sample #97
        Values: []
        Attributes:
             -> thread.name: python3
             -> thread.id: %!s(int64=1483767)
             -> cpu.logical_number: %!s(int64=12)
    Sample #98
        Values: []
        Attributes:
             -> thread.name: python3
             -> thread.id: %!s(int64=1483767)
             -> cpu.logical_number: %!s(int64=12)
    Sample #99
        Values: []
        Attributes:
             -> thread.name: python3
             -> thread.id: %!s(int64=1483767)
             -> cpu.logical_number: %!s(int64=12)
    Sample #100
        Values: []
        Attributes:
             -> thread.name: python3
             -> thread.id: %!s(int64=1483767)
             -> cpu.logical_number: %!s(int64=12)
    Sample #101
        Values: []
        Attributes:
             -> thread.name: python3
             -> thread.id: %!s(int64=1483767)
             -> cpu.logical_number: %!s(int64=12)
    Sample #102
        Values: []
        Attributes:
             -> thread.name: python3
             -> thread.id: %!s(int64=1483767)
             -> cpu.logical_number: %!s(int64=12)
    Sample #103
        Values: []
        Attributes:
             -> thread.name: python3
             -> thread.id: %!s(int64=1483767)
             -> cpu.logical_number: %!s(int64=12)
    Sample #104
        Values: []
        Attributes:
             -> thread.name: python3
             -> thread.id: %!s(int64=1483767)
             -> cpu.logical_number: %!s(int64=12)
    Sample #105
        Values: []
        Attributes:
             -> thread.name: python3
             -> thread.id: %!s(int64=1483767)
             -> cpu.logical_number: %!s(int64=12)
    Sample #106
        Values: []
        Attributes:
             -> thread.name: python3
             -> thread.id: %!s(int64=1483767)
             -> cpu.logical_number: %!s(int64=12)
    Sample #107
        Values: []
        Attributes:
             -> thread.name: python3
             -> thread.id: %!s(int64=1483767)
             -> cpu.logical_number: %!s(int64=12)
    Sample #108
        Values: []
        Attributes:
             -> thread.name: python3
             -> thread.id: %!s(int64=1483767)
             -> cpu.logical_number: %!s(int64=12)
    Sample #109
        Values: []
        Attributes:
             -> thread.name: python3
             -> thread.id: %!s(int64=1483767)
             -> cpu.logical_number: %!s(int64=12)
    Sample #110
        Values: []
        Attributes:
             -> thread.name: python3
             -> thread.id: %!s(int64=1483767)
             -> cpu.logical_number: %!s(int64=12)
    Sample #111
        Values: []
        Attributes:
             -> thread.name: python3
             -> thread.id: %!s(int64=1483767)
             -> cpu.logical_number: %!s(int64=12)
    Sample #112
        Values: []
        Attributes:
             -> thread.name: python3
             -> thread.id: %!s(int64=1483767)
             -> cpu.logical_number: %!s(int64=12)
    Sample #113
        Values: []
        Attributes:
             -> thread.name: python3
             -> thread.id: %!s(int64=1483767)
             -> cpu.logical_number: %!s(int64=12)
    Sample #114
        Values: []
        Attributes:
             -> thread.name: python3
             -> thread.id: %!s(int64=1483767)
             -> cpu.logical_number: %!s(int64=12)
    Sample #115
        Values: []
        Attributes:
             -> thread.name: python3
             -> thread.id: %!s(int64=1483767)
             -> cpu.logical_number: %!s(int64=12)
    Sample #116
        Values: []
        Attributes:
             -> thread.name: python3
             -> thread.id: %!s(int64=1483767)
             -> cpu.logical_number: %!s(int64=12)
    Sample #117
        Values: []
        Attributes:
             -> thread.name: python3
             -> thread.id: %!s(int64=1483767)
             -> cpu.logical_number: %!s(int64=12)
    Sample #118
        Values: []
        Attributes:
             -> thread.name: python3
             -> thread.id: %!s(int64=1483767)
             -> cpu.logical_number: %!s(int64=12)
    Sample #119
        Values: []
        Attributes:
             -> thread.name: python3
             -> thread.id: %!s(int64=1483767)
             -> cpu.logical_number: %!s(int64=12)
    Sample #120
        Values: []
        Attributes:
             -> thread.name: python3
             -> thread.id: %!s(int64=1483767)
             -> cpu.logical_number: %!s(int64=12)
    Sample #121
        Values: []
        Attributes:
             -> thread.name: python3
             -> thread.id: %!s(int64=1483767)
             -> cpu.logical_number: %!s(int64=12)
    Sample #122
        Values: []
        Attributes:
             -> thread.name: python3
             -> thread.id: %!s(int64=1483767)
             -> cpu.logical_number: %!s(int64=12)
    Sample #123
        Values: []
        Attributes:
             -> thread.name: python3
             -> thread.id: %!s(int64=1483767)
             -> cpu.logical_number: %!s(int64=12)
    Sample #124
        Values: []
        Attributes:
             -> thread.name: python3
             -> thread.id: %!s(int64=1483767)
             -> cpu.logical_number: %!s(int64=12)
    Sample #125
        Values: []
        Attributes:
             -> thread.name: python3
             -> thread.id: %!s(int64=1483767)
             -> cpu.logical_number: %!s(int64=12)
    Sample #126
        Values: []
        Attributes:
             -> thread.name: python3
             -> thread.id: %!s(int64=1483767)
             -> cpu.logical_number: %!s(int64=12)
    Sample #127
        Values: []
        Attributes:
             -> thread.name: python3
             -> thread.id: %!s(int64=1483767)
             -> cpu.logical_number: %!s(int64=12)
    Sample #128
        Values: []
        Attributes:
             -> thread.name: python3
             -> thread.id: %!s(int64=1483767)
             -> cpu.logical_number: %!s(int64=12)
    Sample #129
        Values: []
        Attributes:
             -> thread.name: python3
             -> thread.id: %!s(int64=1483767)
             -> cpu.logical_number: %!s(int64=12)
    Sample #130
        Values: []
        Attributes:
             -> thread.name: python3
             -> thread.id: %!s(int64=1483767)
             -> cpu.logical_number: %!s(int64=12)
    Sample #131
        Values: []
        Attributes:
             -> thread.name: python3
             -> thread.id: %!s(int64=1483767)
             -> cpu.logical_number: %!s(int64=12)
    Sample #132
        Values: []
        Attributes:
             -> thread.name: python3
             -> thread.id: %!s(int64=1483767)
             -> cpu.logical_number: %!s(int64=12)
    Sample #133
        Values: []
        Attributes:
             -> thread.name: python3
             -> thread.id: %!s(int64=1483767)
             -> cpu.logical_number: %!s(int64=12)
    Sample #134
        Values: []
        Attributes:
             -> thread.name: python3
             -> thread.id: %!s(int64=1483767)
             -> cpu.logical_number: %!s(int64=12)
    Sample #135
        Values: []
        Attributes:
             -> thread.name: python3
             -> thread.id: %!s(int64=1483767)
             -> cpu.logical_number: %!s(int64=12)
    Sample #136
        Values: []
        Attributes:
             -> thread.name: python3
             -> thread.id: %!s(int64=1483767)
             -> cpu.logical_number: %!s(int64=12)
    Sample #137
        Values: []
        Attributes:
             -> thread.name: python3
             -> thread.id: %!s(int64=1483767)
             -> cpu.logical_number: %!s(int64=12)
    Sample #138
        Values: []
        Attributes:
             -> thread.name: python3
             -> thread.id: %!s(int64=1483767)
             -> cpu.logical_number: %!s(int64=12)
    Sample #139
        Values: []
        Attributes:
             -> thread.name: python3
             -> thread.id: %!s(int64=1483767)
             -> cpu.logical_number: %!s(int64=12)
    Sample #140
        Values: []
        Attributes:
             -> thread.name: python3
             -> thread.id: %!s(int64=1483767)
             -> cpu.logical_number: %!s(int64=12)
    Sample #141
        Values: []
        Attributes:
             -> thread.name: python3
             -> thread.id: %!s(int64=1483767)
             -> cpu.logical_number: %!s(int64=12)
    Sample #142
        Values: []
        Attributes:
             -> thread.name: python3
             -> thread.id: %!s(int64=1483767)
             -> cpu.logical_number: %!s(int64=12)
    Sample #143
        Values: []
        Attributes:
             -> thread.name: python3
             -> thread.id: %!s(int64=1483767)
             -> cpu.logical_number: %!s(int64=12)
    Sample #144
        Values: []
        Attributes:
             -> thread.name: python3
             -> thread.id: %!s(int64=1483767)
             -> cpu.logical_number: %!s(int64=12)
    Sample #145
        Values: []
        Attributes:
             -> thread.name: python3
             -> thread.id: %!s(int64=1483767)
             -> cpu.logical_number: %!s(int64=12)
    Sample #146
        Values: []
        Attributes:
             -> thread.name: python3
             -> thread.id: %!s(int64=1483767)
             -> cpu.logical_number: %!s(int64=12)
    Sample #147
        Values: []
        Attributes:
             -> thread.name: python3
             -> thread.id: %!s(int64=1483767)
             -> cpu.logical_number: %!s(int64=12)
    Sample #148
        Values: []
        Attributes:
             -> thread.name: python3
             -> thread.id: %!s(int64=1483767)
             -> cpu.logical_number: %!s(int64=12)
    Sample #149
        Values: []
        Attributes:
             -> thread.name: python3
             -> thread.id: %!s(int64=1483767)
             -> cpu.logical_number: %!s(int64=12)
    Sample #150
        Values: []
        Attributes:
             -> thread.name: python3
             -> thread.id: %!s(int64=1483767)
             -> cpu.logical_number: %!s(int64=12)
    Sample #151
        Values: []
        Attributes:
             -> thread.name: python3
             -> thread.id: %!s(int64=1483767)
             -> cpu.logical_number: %!s(int64=12)
    Sample #152
        Values: []
        Attributes:
             -> thread.name: python3
             -> thread.id: %!s(int64=1483767)
             -> cpu.logical_number: %!s(int64=12)
    Sample #153
        Values: []
        Attributes:
             -> thread.name: python3
             -> thread.id: %!s(int64=1483767)
             -> cpu.logical_number: %!s(int64=12)
    Sample #154
        Values: []
        Attributes:
             -> thread.name: python3
             -> thread.id: %!s(int64=1483767)
             -> cpu.logical_number: %!s(int64=12)
    Sample #155
        Values: []
        Attributes:
             -> thread.name: python3
             -> thread.id: %!s(int64=1483767)
             -> cpu.logical_number: %!s(int64=12)
    Sample #156
        Values: []
        Attributes:
             -> thread.name: python3
             -> thread.id: %!s(int64=1483767)
             -> cpu.logical_number: %!s(int64=12)
    Sample #157
        Values: []
        Attributes:
             -> thread.name: python3
             -> thread.id: %!s(int64=1483767)
             -> cpu.logical_number: %!s(int64=12)
    Sample #158
        Values: []
        Attributes:
             -> thread.name: python3
             -> thread.id: %!s(int64=1483767)
             -> cpu.logical_number: %!s(int64=12)
    Sample #159
        Values: []
        Attributes:
             -> thread.name: python3
             -> thread.id: %!s(int64=1483767)
             -> cpu.logical_number: %!s(int64=12)
    Sample #160
        Values: []
        Attributes:
             -> thread.name: python3
             -> thread.id: %!s(int64=1483767)
             -> cpu.logical_number: %!s(int64=12)
    Sample #161
        Values: []
        Attributes:
             -> thread.name: python3
             -> thread.id: %!s(int64=1483767)
             -> cpu.logical_number: %!s(int64=12)
    Sample #162
        Values: []
        Attributes:
             -> thread.name: python3
             -> thread.id: %!s(int64=1483767)
             -> cpu.logical_number: %!s(int64=12)
    Sample #163
        Values: []
        Attributes:
             -> thread.name: python3
             -> thread.id: %!s(int64=1483767)
             -> cpu.logical_number: %!s(int64=12)
    Sample #164
        Values: []
        Attributes:
             -> thread.name: python3
             -> thread.id: %!s(int64=1483767)
             -> cpu.logical_number: %!s(int64=12)
    Sample #165
        Values: []
        Attributes:
             -> thread.name: python3
             -> thread.id: %!s(int64=1483767)
             -> cpu.logical_number: %!s(int64=12)
    Sample #166
        Values: []
        Attributes:
             -> thread.name: python3
             -> thread.id: %!s(int64=1483767)
             -> cpu.logical_number: %!s(int64=12)
    Sample #167
        Values: []
        Attributes:
             -> thread.name: python3
             -> thread.id: %!s(int64=1483767)
             -> cpu.logical_number: %!s(int64=12)
    Sample #168
        Values: []
        Attributes:
             -> thread.name: python3
             -> thread.id: %!s(int64=1483767)
             -> cpu.logical_number: %!s(int64=12)
    Sample #169
        Values: []
        Attributes:
             -> thread.name: python3
             -> thread.id: %!s(int64=1483767)
             -> cpu.logical_number: %!s(int64=12)
    Sample #170
        Values: []
        Attributes:
             -> thread.name: python3
             -> thread.id: %!s(int64=1483767)
             -> cpu.logical_number: %!s(int64=12)
    Sample #171
        Values: []
        Attributes:
             -> thread.name: python3
             -> thread.id: %!s(int64=1483767)
             -> cpu.logical_number: %!s(int64=12)
    Sample #172
        Values: []
        Attributes:
             -> thread.name: python3
             -> thread.id: %!s(int64=1483767)
             -> cpu.logical_number: %!s(int64=12)
    Sample #173
        Values: []
        Attributes:
             -> thread.name: python3
             -> thread.id: %!s(int64=1483767)
             -> cpu.logical_number: %!s(int64=12)
    Sample #174
        Values: []
        Attributes:
             -> thread.name: python3
             -> thread.id: %!s(int64=1483767)
             -> cpu.logical_number: %!s(int64=12)
    Sample #175
        Values: []
        Attributes:
             -> thread.name: python3
             -> thread.id: %!s(int64=1483767)
             -> cpu.logical_number: %!s(int64=12)
    Sample #176
        Values: []
        Attributes:
             -> thread.name: python3
             -> thread.id: %!s(int64=1483767)
             -> cpu.logical_number: %!s(int64=12)
    Sample #177
        Values: []
        Attributes:
             -> thread.name: python3
             -> thread.id: %!s(int64=1483767)
             -> cpu.logical_number: %!s(int64=12)
    Sample #178
        Values: []
        Attributes:
             -> thread.name: python3
             -> thread.id: %!s(int64=1483767)
             -> cpu.logical_number: %!s(int64=12)
    Sample #179
        Values: []
        Attributes:
             -> thread.name: python3
             -> thread.id: %!s(int64=1483767)
             -> cpu.logical_number: %!s(int64=12)
    Sample #180
        Values: []
        Attributes:
             -> thread.name: python3
             -> thread.id: %!s(int64=1483767)
             -> cpu.logical_number: %!s(int64=12)
    Sample #181
        Values: []
        Attributes:
             -> thread.name: python3
             -> thread.id: %!s(int64=1483767)
             -> cpu.logical_number: %!s(int64=12)
    Sample #182
        Values: []
        Attributes:
             -> thread.name: python3
             -> thread.id: %!s(int64=1483767)
             -> cpu.logical_number: %!s(int64=12)
    Sample #183
        Values: []
        Attributes:
             -> thread.name: python3
             -> thread.id: %!s(int64=1483767)
             -> cpu.logical_number: %!s(int64=12)
    Sample #184
        Values: []
        Attributes:
             -> thread.name: python3
             -> thread.id: %!s(int64=1483767)
             -> cpu.logical_number: %!s(int64=12)
    Sample #185
        Values: []
        Attributes:
             -> thread.name: python3
             -> thread.id: %!s(int64=1483767)
             -> cpu.logical_number: %!s(int64=12)
    Sample #186
        Values: []
        Attributes:
             -> thread.name: python3
             -> thread.id: %!s(int64=1483767)
             -> cpu.logical_number: %!s(int64=12)
    Sample #187
        Values: []
        Attributes:
             -> thread.name: python3
             -> thread.id: %!s(int64=1483767)
             -> cpu.logical_number: %!s(int64=12)
    Sample #188
        Values: []
        Attributes:
             -> thread.name: python3
             -> thread.id: %!s(int64=1483767)
             -> cpu.logical_number: %!s(int64=12)
    Sample #189
        Values: []
        Attributes:
             -> thread.name: python3
             -> thread.id: %!s(int64=1483767)
             -> cpu.logical_number: %!s(int64=12)
    Sample #190
        Values: []
        Attributes:
             -> thread.name: python3
             -> thread.id: %!s(int64=1483767)
             -> cpu.logical_number: %!s(int64=12)
    Sample #191
        Values: []
        Attributes:
             -> thread.name: python3
             -> thread.id: %!s(int64=1483767)
             -> cpu.logical_number: %!s(int64=12)
    Sample #192
        Values: []
        Attributes:
             -> thread.name: python3
             -> thread.id: %!s(int64=1483767)
             -> cpu.logical_number: %!s(int64=12)
    Sample #193
        Values: []
        Attributes:
             -> thread.name: python3
             -> thread.id: %!s(int64=1483767)
             -> cpu.logical_number: %!s(int64=12)
    Sample #194
        Values: []
        Attributes:
             -> thread.name: python3
             -> thread.id: %!s(int64=1483767)
             -> cpu.logical_number: %!s(int64=12)
    Sample #195
        Values: []
        Attributes:
             -> thread.name: python3
             -> thread.id: %!s(int64=1483767)
             -> cpu.logical_number: %!s(int64=12)
    Sample #196
        Values: []
        Attributes:
             -> thread.name: python3
             -> thread.id: %!s(int64=1483767)
             -> cpu.logical_number: %!s(int64=12)
    Sample #197
        Values: []
        Attributes:
             -> thread.name: python3
             -> thread.id: %!s(int64=1483767)
             -> cpu.logical_number: %!s(int64=12)
    Sample #198
        Values: []
        Attributes:
             -> thread.name: python3
             -> thread.id: %!s(int64=1483767)
             -> cpu.logical_number: %!s(int64=12)
    Sample #199
        Values: []
        Attributes:
             -> thread.name: python3
             -> thread.id: %!s(int64=1483767)
             -> cpu.logical_number: %!s(int64=12)
    Sample #200
        Values: []
        Attributes:
             -> thread.name: python3
             -> thread.id: %!s(int64=1483767)
             -> cpu.logical_number: %!s(int64=12)
    Sample #201
        Values: []
        Attributes:
             -> thread.name: python3
             -> thread.id: %!s(int64=1483767)
             -> cpu.logical_number: %!s(int64=12)
    Sample #202
        Values: []
        Attributes:
             -> thread.name: python3
             -> thread.id: %!s(int64=1483767)
             -> cpu.logical_number: %!s(int64=12)
    Sample #203
        Values: []
        Attributes:
             -> thread.name: python3
             -> thread.id: %!s(int64=1483767)
             -> cpu.logical_number: %!s(int64=12)
    Sample #204
        Values: []
        Attributes:
             -> thread.name: python3
             -> thread.id: %!s(int64=1483767)
             -> cpu.logical_number: %!s(int64=12)
    Sample #205
        Values: []
        Attributes:
             -> thread.name: python3
             -> thread.id: %!s(int64=1483767)
             -> cpu.logical_number: %!s(int64=12)
    Sample #206
        Values: []
        Attributes:
             -> thread.name: python3
             -> thread.id: %!s(int64=1483767)
             -> cpu.logical_number: %!s(int64=12)
    Sample #207
        Values: []
        Attributes:
             -> thread.name: python3
             -> thread.id: %!s(int64=1483767)
             -> cpu.logical_number: %!s(int64=12)
    Sample #208
        Values: []
        Attributes:
             -> thread.name: python3
             -> thread.id: %!s(int64=1483767)
             -> cpu.logical_number: %!s(int64=12)
    Sample #209
        Values: []
        Attributes:
             -> thread.name: python3
             -> thread.id: %!s(int64=1483767)
             -> cpu.logical_number: %!s(int64=12)
    Sample #210
        Values: []
        Attributes:
             -> thread.name: python3
             -> thread.id: %!s(int64=1483767)
             -> cpu.logical_number: %!s(int64=12)
    Sample #211
        Values: []
        Attributes:
             -> thread.name: python3
             -> thread.id: %!s(int64=1483767)
             -> cpu.logical_number: %!s(int64=12)
    Sample #212
        Values: []
        Attributes:
             -> thread.name: python3
             -> thread.id: %!s(int64=1483767)
             -> cpu.logical_number: %!s(int64=12)
    Sample #213
        Values: []
        Attributes:
             -> thread.name: python3
             -> thread.id: %!s(int64=1483767)
             -> cpu.logical_number: %!s(int64=12)
    Sample #214
        Values: []
        Attributes:
             -> thread.name: python3
             -> thread.id: %!s(int64=1483767)
             -> cpu.logical_number: %!s(int64=12)
    Sample #215
        Values: []
        Attributes:
             -> thread.name: python3
             -> thread.id: %!s(int64=1483767)
             -> cpu.logical_number: %!s(int64=12)
    Sample #216
        Values: []
        Attributes:
             -> thread.name: python3
             -> thread.id: %!s(int64=1483767)
             -> cpu.logical_number: %!s(int64=12)
    Sample #217
        Values: []
        Attributes:
             -> thread.name: python3
             -> thread.id: %!s(int64=1483767)
             -> cpu.logical_number: %!s(int64=12)
    Sample #218
        Values: []
        Attributes:
             -> thread.name: python3
             -> thread.id: %!s(int64=1483767)
             -> cpu.logical_number: %!s(int64=12)
    Sample #219
        Values: []
        Attributes:
             -> thread.name: python3
             -> thread.id: %!s(int64=1483767)
             -> cpu.logical_number: %!s(int64=12)
    Sample #220
        Values: []
        Attributes:
             -> thread.name: python3
             -> thread.id: %!s(int64=1483767)
             -> cpu.logical_number: %!s(int64=12)
    Sample #221
        Values: []
        Attributes:
             -> thread.name: python3
             -> thread.id: %!s(int64=1483767)
             -> cpu.logical_number: %!s(int64=12)
    Sample #222
        Values: []
        Attributes:
             -> thread.name: python3
             -> thread.id: %!s(int64=1483767)
             -> cpu.logical_number: %!s(int64=12)
    Sample #223
        Values: []
        Attributes:
             -> thread.name: python3
             -> thread.id: %!s(int64=1483767)
             -> cpu.logical_number: %!s(int64=12)
    Sample #224
        Values: []
        Attributes:
             -> thread.name: python3
             -> thread.id: %!s(int64=1483767)
             -> cpu.logical_number: %!s(int64=12)
    Sample #225
        Values: []
        Attributes:
             -> thread.name: python3
             -> thread.id: %!s(int64=1483767)
             -> cpu.logical_number: %!s(int64=12)
    Sample #226
        Values: []
        Attributes:
             -> thread.name: python3
             -> thread.id: %!s(int64=1483767)
             -> cpu.logical_number: %!s(int64=12)
    Sample #227
        Values: []
        Attributes:
             -> thread.name: python3
             -> thread.id: %!s(int64=1483767)
             -> cpu.logical_number: %!s(int64=12)
    Sample #228
        Values: []
        Attributes:
             -> thread.name: python3
             -> thread.id: %!s(int64=1483767)
             -> cpu.logical_number: %!s(int64=12)
    Sample #229
        Values: []
        Attributes:
             -> thread.name: python3
             -> thread.id: %!s(int64=1483767)
             -> cpu.logical_number: %!s(int64=12)
    Sample #230
        Values: []
        Attributes:
             -> thread.name: python3
             -> thread.id: %!s(int64=1483767)
             -> cpu.logical_number: %!s(int64=12)
    Sample #231
        Values: []
        Attributes:
             -> thread.name: python3
             -> thread.id: %!s(int64=1483767)
             -> cpu.logical_number: %!s(int64=12)
    Sample #232
        Values: []
        Attributes:
             -> thread.name: python3
             -> thread.id: %!s(int64=1483767)
             -> cpu.logical_number: %!s(int64=12)
    Sample #233
        Values: []
        Attributes:
             -> thread.name: python3
             -> thread.id: %!s(int64=1483767)
             -> cpu.logical_number: %!s(int64=12)
    Sample #234
        Values: []
        Attributes:
             -> thread.name: python3
             -> thread.id: %!s(int64=1483767)
             -> cpu.logical_number: %!s(int64=12)
    Sample #235
        Values: []
        Attributes:
             -> thread.name: python3
             -> thread.id: %!s(int64=1483767)
             -> cpu.logical_number: %!s(int64=12)
    Sample #236
        Values: []
        Attributes:
             -> thread.name: python3
             -> thread.id: %!s(int64=1483767)
             -> cpu.logical_number: %!s(int64=12)
    Sample #237
        Values: []
        Attributes:
             -> thread.name: python3
             -> thread.id: %!s(int64=1483767)
             -> cpu.logical_number: %!s(int64=12)
    Sample #238
        Values: []
        Attributes:
             -> thread.name: python3
             -> thread.id: %!s(int64=1483767)
             -> cpu.logical_number: %!s(int64=12)
    Sample #239
        Values: []
        Attributes:
             -> thread.name: python3
             -> thread.id: %!s(int64=1483767)
             -> cpu.logical_number: %!s(int64=12)
    Sample #240
        Values: []
        Attributes:
             -> thread.name: python3
             -> thread.id: %!s(int64=1483767)
             -> cpu.logical_number: %!s(int64=12)
    Sample #241
        Values: []
        Attributes:
             -> thread.name: python3
             -> thread.id: %!s(int64=1483767)
             -> cpu.logical_number: %!s(int64=12)
    Sample #242
        Values: []
        Attributes:
             -> thread.name: python3
             -> thread.id: %!s(int64=1483767)
             -> cpu.logical_number: %!s(int64=12)
    Sample #243
        Values: []
        Attributes:
             -> thread.name: python3
             -> thread.id: %!s(int64=1483767)
             -> cpu.logical_number: %!s(int64=12)
    Sample #244
        Values: []
        Attributes:
             -> thread.name: python3
             -> thread.id: %!s(int64=1483767)
             -> cpu.logical_number: %!s(int64=12)
    Sample #245
        Values: []
        Attributes:
             -> thread.name: python3
             -> thread.id: %!s(int64=1483767)
             -> cpu.logical_number: %!s(int64=12)
    Sample #246
        Values: []
        Attributes:
             -> thread.name: python3
             -> thread.id: %!s(int64=1483767)
             -> cpu.logical_number: %!s(int64=12)
    Sample #247
        Values: []
        Attributes:
             -> thread.name: python3
             -> thread.id: %!s(int64=1483767)
             -> cpu.logical_number: %!s(int64=12)
    Sample #248
        Values: []
        Attributes:
             -> thread.name: python3
             -> thread.id: %!s(int64=1483767)
             -> cpu.logical_number: %!s(int64=12)
    Sample #249
        Values: []
        Attributes:
             -> thread.name: python3
             -> thread.id: %!s(int64=1483767)
             -> cpu.logical_number: %!s(int64=12)
    Sample #250
        Values: []
        Attributes:
             -> thread.name: python3
             -> thread.id: %!s(int64=1483767)
             -> cpu.logical_number: %!s(int64=12)
    Sample #251
        Values: []
        Attributes:
             -> thread.name: python3
             -> thread.id: %!s(int64=1483767)
             -> cpu.logical_number: %!s(int64=12)
    Sample #252
        Values: []
        Attributes:
             -> thread.name: python3
             -> thread.id: %!s(int64=1483767)
             -> cpu.logical_number: %!s(int64=12)
    Sample #253
        Values: []
        Attributes:
             -> thread.name: python3
             -> thread.id: %!s(int64=1483767)
             -> cpu.logical_number: %!s(int64=12)
    Sample #254
        Values: []
        Attributes:
             -> thread.name: python3
             -> thread.id: %!s(int64=1483767)
             -> cpu.logical_number: %!s(int64=12)
    Sample #255
        Values: []
        Attributes:
             -> thread.name: python3
             -> thread.id: %!s(int64=1483767)
             -> cpu.logical_number: %!s(int64=12)
    Sample #256
        Values: []
        Attributes:
             -> thread.name: python3
             -> thread.id: %!s(int64=1483767)
             -> cpu.logical_number: %!s(int64=12)
    Sample #257
        Values: []
        Attributes:
             -> thread.name: python3
             -> thread.id: %!s(int64=1483767)
             -> cpu.logical_number: %!s(int64=12)
    Sample #258
        Values: []
        Attributes:
             -> thread.name: python3
             -> thread.id: %!s(int64=1483767)
             -> cpu.logical_number: %!s(int64=12)
    Sample #259
        Values: []
        Attributes:
             -> thread.name: python3
             -> thread.id: %!s(int64=1483767)
             -> cpu.logical_number: %!s(int64=12)
    Sample #260
        Values: []
        Attributes:
             -> thread.name: python3
             -> thread.id: %!s(int64=1483767)
             -> cpu.logical_number: %!s(int64=12)
    Sample #261
        Values: []
        Attributes:
             -> thread.name: python3
             -> thread.id: %!s(int64=1483767)
             -> cpu.logical_number: %!s(int64=12)
    Sample #262
        Values: []
        Attributes:
             -> thread.name: python3
             -> thread.id: %!s(int64=1483767)
             -> cpu.logical_number: %!s(int64=12)
    Sample #263
        Values: []
        Attributes:
             -> thread.name: python3
             -> thread.id: %!s(int64=1483767)
             -> cpu.logical_number: %!s(int64=12)
    Sample #264
        Values: []
        Attributes:
             -> thread.name: python3
             -> thread.id: %!s(int64=1483767)
             -> cpu.logical_number: %!s(int64=12)
    Sample #265
        Values: []
        Attributes:
             -> thread.name: python3
             -> thread.id: %!s(int64=1483767)
             -> cpu.logical_number: %!s(int64=12)
    Sample #266
        Values: []
        Attributes:
             -> thread.name: python3
             -> thread.id: %!s(int64=1483767)
             -> cpu.logical_number: %!s(int64=12)
    Sample #267
        Values: []
        Attributes:
             -> thread.name: python3
             -> thread.id: %!s(int64=1483767)
             -> cpu.logical_number: %!s(int64=12)
    Sample #268
        Values: []
        Attributes:
             -> thread.name: python3
             -> thread.id: %!s(int64=1483767)
             -> cpu.logical_number: %!s(int64=12)
    Sample #269
        Values: []
        Attributes:
             -> thread.name: python3
             -> thread.id: %!s(int64=1483767)
             -> cpu.logical_number: %!s(int64=12)
    Sample #270
        Values: []
        Attributes:
             -> thread.name: python3
             -> thread.id: %!s(int64=1483767)
             -> cpu.logical_number: %!s(int64=12)
    Sample #271
        Values: []
        Attributes:
             -> thread.name: python3
             -> thread.id: %!s(int64=1483767)
             -> cpu.logical_number: %!s(int64=12)
    Sample #272
        Values: []
        Attributes:
             -> thread.name: python3
             -> thread.id: %!s(int64=1483767)
             -> cpu.logical_number: %!s(int64=12)
    Sample #273
        Values: []
        Attributes:
             -> thread.name: python3
             -> thread.id: %!s(int64=1483767)
             -> cpu.logical_number: %!s(int64=12)
    Sample #274
        Values: []
        Attributes:
             -> thread.name: python3
             -> thread.id: %!s(int64=1483767)
             -> cpu.logical_number: %!s(int64=12)
    Sample #275
        Values: []
        Attributes:
             -> thread.name: python3
             -> thread.id: %!s(int64=1483767)
             -> cpu.logical_number: %!s(int64=12)
    Sample #276
        Values: []
        Attributes:
             -> thread.name: python3
             -> thread.id: %!s(int64=1483767)
             -> cpu.logical_number: %!s(int64=12)
    Sample #277
        Values: []
        Attributes:
             -> thread.name: python3
             -> thread.id: %!s(int64=1483767)
             -> cpu.logical_number: %!s(int64=12)
    Sample #278
        Values: []
        Attributes:
             -> thread.name: python3
             -> thread.id: %!s(int64=1483767)
             -> cpu.logical_number: %!s(int64=12)
    Sample #279
        Values: []
        Attributes:
             -> thread.name: python3
             -> thread.id: %!s(int64=1483767)
             -> cpu.logical_number: %!s(int64=12)
    Sample #280
        Values: []
        Attributes:
             -> thread.name: python3
             -> thread.id: %!s(int64=1483767)
             -> cpu.logical_number: %!s(int64=12)
    Sample #281
        Values: []
        Attributes:
             -> thread.name: python3
             -> thread.id: %!s(int64=1483767)
             -> cpu.logical_number: %!s(int64=12)
    Sample #282
        Values: []
        Attributes:
             -> thread.name: python3
             -> thread.id: %!s(int64=1483767)
             -> cpu.logical_number: %!s(int64=12)
    Sample #283
        Values: []
        Attributes:
             -> thread.name: python3
             -> thread.id: %!s(int64=1483767)
             -> cpu.logical_number: %!s(int64=12)
    Sample #284
        Values: []
        Attributes:
             -> thread.name: python3
             -> thread.id: %!s(int64=1483767)
             -> cpu.logical_number: %!s(int64=12)
    Sample #285
        Values: []
        Attributes:
             -> thread.name: python3
             -> thread.id: %!s(int64=1483767)
             -> cpu.logical_number: %!s(int64=12)
    Sample #286
        Values: []
        Attributes:
             -> thread.name: python3
             -> thread.id: %!s(int64=1483767)
             -> cpu.logical_number: %!s(int64=12)
    Sample #287
        Values: []
        Attributes:
             -> thread.name: python3
             -> thread.id: %!s(int64=1483767)
             -> cpu.logical_number: %!s(int64=12)
    Sample #288
        Values: []
        Attributes:
             -> thread.name: python3
             -> thread.id: %!s(int64=1483767)
             -> cpu.logical_number: %!s(int64=12)
    Sample #289
        Values: []
        Attributes:
             -> thread.name: python3
             -> thread.id: %!s(int64=1483767)
             -> cpu.logical_number: %!s(int64=12)
    Sample #290
        Values: []
        Attributes:
             -> thread.name: python3
             -> thread.id: %!s(int64=1483767)
             -> cpu.logical_number: %!s(int64=12)
    Sample #291
        Values: []
        Attributes:
             -> thread.name: python3
             -> thread.id: %!s(int64=1483767)
             -> cpu.logical_number: %!s(int64=12)
    Sample #292
        Values: []
        Attributes:
             -> thread.name: python3
             -> thread.id: %!s(int64=1483767)
             -> cpu.logical_number: %!s(int64=12)
    Sample #293
        Values: []
        Attributes:
             -> thread.name: python3
             -> thread.id: %!s(int64=1483767)
             -> cpu.logical_number: %!s(int64=12)
    Sample #294
        Values: []
        Attributes:
             -> thread.name: python3
             -> thread.id: %!s(int64=1483767)
             -> cpu.logical_number: %!s(int64=12)
    Sample #295
        Values: []
        Attributes:
             -> thread.name: python3
             -> thread.id: %!s(int64=1483767)
             -> cpu.logical_number: %!s(int64=12)
    Sample #296
        Values: []
        Attributes:
             -> thread.name: python3
             -> thread.id: %!s(int64=1483767)
             -> cpu.logical_number: %!s(int64=12)
    Sample #297
        Values: []
        Attributes:
             -> thread.name: python3
             -> thread.id: %!s(int64=1483767)
             -> cpu.logical_number: %!s(int64=12)
    Sample #298
        Values: []
        Attributes:
             -> thread.name: python3
             -> thread.id: %!s(int64=1483767)
             -> cpu.logical_number: %!s(int64=12)
    Sample #299
        Values: []
        Attributes:
             -> thread.name: python3
             -> thread.id: %!s(int64=1483767)
             -> cpu.logical_number: %!s(int64=12)
    Sample #300
        Values: []
        Attributes:
             -> thread.name: python3
             -> thread.id: %!s(int64=1483767)
             -> cpu.logical_number: %!s(int64=12)
    Sample #301
        Values: []
        Attributes:
             -> thread.name: python3
             -> thread.id: %!s(int64=1483767)
             -> cpu.logical_number: %!s(int64=12)
    Sample #302
        Values: []
        Attributes:
             -> thread.name: python3
             -> thread.id: %!s(int64=1483767)
             -> cpu.logical_number: %!s(int64=12)
    Sample #303
        Values: []
        Attributes:
             -> thread.name: python3
             -> thread.id: %!s(int64=1483767)
             -> cpu.logical_number: %!s(int64=12)
    Sample #304
        Values: []
        Attributes:
             -> thread.name: python3
             -> thread.id: %!s(int64=1483767)
             -> cpu.logical_number: %!s(int64=12)
    Sample #305
        Values: []
        Attributes:
             -> thread.name: python3
             -> thread.id: %!s(int64=1483767)
             -> cpu.logical_number: %!s(int64=12)
    Sample #306
        Values: []
        Attributes:
             -> thread.name: python3
             -> thread.id: %!s(int64=1483767)
             -> cpu.logical_number: %!s(int64=12)
    Sample #307
        Values: []
        Attributes:
             -> thread.name: python3
             -> thread.id: %!s(int64=1483767)
             -> cpu.logical_number: %!s(int64=12)
    Sample #308
        Values: []
        Attributes:
             -> thread.name: python3
             -> thread.id: %!s(int64=1483767)
             -> cpu.logical_number: %!s(int64=12)
    Sample #309
        Values: []
        Attributes:
             -> thread.name: python3
             -> thread.id: %!s(int64=1483767)
             -> cpu.logical_number: %!s(int64=12)
    Sample #310
        Values: []
        Attributes:
             -> thread.name: python3
             -> thread.id: %!s(int64=1483767)
             -> cpu.logical_number: %!s(int64=12)
    Sample #311
        Values: []
        Attributes:
             -> thread.name: python3
             -> thread.id: %!s(int64=1483767)
             -> cpu.logical_number: %!s(int64=12)
    Sample #312
        Values: []
        Attributes:
             -> thread.name: python3
             -> thread.id: %!s(int64=1483767)
             -> cpu.logical_number: %!s(int64=12)
    Sample #313
        Values: []
        Attributes:
             -> thread.name: python3
             -> thread.id: %!s(int64=1483767)
             -> cpu.logical_number: %!s(int64=12)
    Sample #314
        Values: []
        Attributes:
             -> thread.name: python3
             -> thread.id: %!s(int64=1483767)
             -> cpu.logical_number: %!s(int64=12)
    Sample #315
        Values: []
        Attributes:
             -> thread.name: python3
             -> thread.id: %!s(int64=1483767)
             -> cpu.logical_number: %!s(int64=12)
    Sample #316
        Values: []
        Attributes:
             -> thread.name: python3
             -> thread.id: %!s(int64=1483767)
             -> cpu.logical_number: %!s(int64=12)
    Sample #317
        Values: []
        Attributes:
             -> thread.name: python3
             -> thread.id: %!s(int64=1483767)
             -> cpu.logical_number: %!s(int64=12)
    Sample #318
        Values: []
        Attributes:
             -> thread.name: python3
             -> thread.id: %!s(int64=1483767)
             -> cpu.logical_number: %!s(int64=12)
    Sample #319
        Values: []
        Attributes:
             -> thread.name: python3
             -> thread.id: %!s(int64=1483767)
             -> cpu.logical_number: %!s(int64=12)
    Sample #320
        Values: []
        Attributes:
             -> thread.name: python3
             -> thread.id: %!s(int64=1483767)
             -> cpu.logical_number: %!s(int64=12)
    Sample #321
        Values: []
        Attributes:
             -> thread.name: python3
             -> thread.id: %!s(int64=1483767)
             -> cpu.logical_number: %!s(int64=12)
    Sample #322
        Values: []
        Attributes:
             -> thread.name: python3
             -> thread.id: %!s(int64=1483767)
             -> cpu.logical_number: %!s(int64=12)
    Sample #323
        Values: []
        Attributes:
             -> thread.name: python3
             -> thread.id: %!s(int64=1483767)
             -> cpu.logical_number: %!s(int64=12)
    Sample #324
        Values: []
        Attributes:
             -> thread.name: python3
             -> thread.id: %!s(int64=1483767)
             -> cpu.logical_number: %!s(int64=12)
    Sample #325
        Values: []
        Attributes:
             -> thread.name: python3
             -> thread.id: %!s(int64=1483767)
             -> cpu.logical_number: %!s(int64=12)
    Sample #326
        Values: []
        Attributes:
             -> thread.name: python3
             -> thread.id: %!s(int64=1483767)
             -> cpu.logical_number: %!s(int64=12)
    Sample #327
        Values: []
        Attributes:
             -> thread.name: python3
             -> thread.id: %!s(int64=1483767)
             -> cpu.logical_number: %!s(int64=12)
    Sample #328
        Values: []
        Attributes:
             -> thread.name: python3
             -> thread.id: %!s(int64=1483767)
             -> cpu.logical_number: %!s(int64=12)
    Sample #329
        Values: []
        Attributes:
             -> thread.name: python3
             -> thread.id: %!s(int64=1483767)
             -> cpu.logical_number: %!s(int64=12)
    Sample #330
        Values: []
        Attributes:
             -> thread.name: python3
             -> thread.id: %!s(int64=1483767)
             -> cpu.logical_number: %!s(int64=12)
    Sample #331
        Values: []
        Attributes:
             -> thread.name: python3
             -> thread.id: %!s(int64=1483767)
             -> cpu.logical_number: %!s(int64=12)
    Sample #332
        Values: []
        Attributes:
             -> thread.name: python3
             -> thread.id: %!s(int64=1483767)
             -> cpu.logical_number: %!s(int64=12)
    Sample #333
        Values: []
        Attributes:
             -> thread.name: python3
             -> thread.id: %!s(int64=1483767)
             -> cpu.logical_number: %!s(int64=12)
    Sample #334
        Values: []
        Attributes:
             -> thread.name: python3
             -> thread.id: %!s(int64=1483767)
             -> cpu.logical_number: %!s(int64=12)
    Sample #335
        Values: []
        Attributes:
             -> thread.name: python3
             -> thread.id: %!s(int64=1483767)
             -> cpu.logical_number: %!s(int64=12)
    Sample #336
        Values: []
        Attributes:
             -> thread.name: python3
             -> thread.id: %!s(int64=1483767)
             -> cpu.logical_number: %!s(int64=12)
    Sample #337
        Values: []
        Attributes:
             -> thread.name: python3
             -> thread.id: %!s(int64=1483767)
             -> cpu.logical_number: %!s(int64=12)
    Sample #338
        Values: []
        Attributes:
             -> thread.name: python3
             -> thread.id: %!s(int64=1483767)
             -> cpu.logical_number: %!s(int64=12)
    Sample #339
        Values: []
        Attributes:
             -> thread.name: python3
             -> thread.id: %!s(int64=1483767)
             -> cpu.logical_number: %!s(int64=12)
    Sample #340
        Values: []
        Attributes:
             -> thread.name: python3
             -> thread.id: %!s(int64=1483767)
             -> cpu.logical_number: %!s(int64=12)
    Sample #341
        Values: []
        Attributes:
             -> thread.name: python3
             -> thread.id: %!s(int64=1483767)
             -> cpu.logical_number: %!s(int64=12)
    Sample #342
        Values: []
        Attributes:
             -> thread.name: python3
             -> thread.id: %!s(int64=1483767)
             -> cpu.logical_number: %!s(int64=12)
    Sample #343
        Values: []
        Attributes:
             -> thread.name: python3
             -> thread.id: %!s(int64=1483767)
             -> cpu.logical_number: %!s(int64=12)
    Sample #344
        Values: []
        Attributes:
             -> thread.name: python3
             -> thread.id: %!s(int64=1483767)
             -> cpu.logical_number: %!s(int64=12)
    Sample #345
        Values: []
        Attributes:
             -> thread.name: python3
             -> thread.id: %!s(int64=1483767)
             -> cpu.logical_number: %!s(int64=12)
    Sample #346
        Values: []
        Attributes:
             -> thread.name: python3
             -> thread.id: %!s(int64=1483767)
             -> cpu.logical_number: %!s(int64=12)
    Sample #347
        Values: []
        Attributes:
             -> thread.name: python3
             -> thread.id: %!s(int64=1483767)
             -> cpu.logical_number: %!s(int64=12)
    Sample #348
        Values: []
        Attributes:
             -> thread.name: python3
             -> thread.id: %!s(int64=1483767)
             -> cpu.logical_number: %!s(int64=12)
    Sample #349
        Values: []
        Attributes:
             -> thread.name: python3
             -> thread.id: %!s(int64=1483767)
             -> cpu.logical_number: %!s(int64=12)
    Sample #350
        Values: []
        Attributes:
             -> thread.name: python3
             -> thread.id: %!s(int64=1483767)
             -> cpu.logical_number: %!s(int64=12)
    Sample #351
        Values: []
        Attributes:
             -> thread.name: python3
             -> thread.id: %!s(int64=1483767)
             -> cpu.logical_number: %!s(int64=12)
    Sample #352
        Values: []
        Attributes:
             -> thread.name: python3
             -> thread.id: %!s(int64=1483767)
             -> cpu.logical_number: %!s(int64=12)
    Sample #353
        Values: []
        Attributes:
             -> thread.name: python3
             -> thread.id: %!s(int64=1483767)
             -> cpu.logical_number: %!s(int64=12)
    Sample #354
        Values: []
        Attributes:
             -> thread.name: python3
             -> thread.id: %!s(int64=1483767)
             -> cpu.logical_number: %!s(int64=12)
    Sample #355
        Values: []
        Attributes:
             -> thread.name: python3
             -> thread.id: %!s(int64=1483767)
             -> cpu.logical_number: %!s(int64=12)
    Sample #356
        Values: []
        Attributes:
             -> thread.name: python3
             -> thread.id: %!s(int64=1483767)
             -> cpu.logical_number: %!s(int64=12)
    Sample #357
        Values: []
        Attributes:
             -> thread.name: python3
             -> thread.id: %!s(int64=1483767)
             -> cpu.logical_number: %!s(int64=12)
    Sample #358
        Values: []
        Attributes:
             -> thread.name: python3
             -> thread.id: %!s(int64=1483767)
             -> cpu.logical_number: %!s(int64=12)
    Sample #359
        Values: []
        Attributes:
             -> thread.name: python3
             -> thread.id: %!s(int64=1483767)
             -> cpu.logical_number: %!s(int64=12)
    Sample #360
        Values: []
        Attributes:
             -> thread.name: python3
             -> thread.id: %!s(int64=1483767)
             -> cpu.logical_number: %!s(int64=12)
    Sample #361
        Values: []
        Attributes:
             -> thread.name: python3
             -> thread.id: %!s(int64=1483767)
             -> cpu.logical_number: %!s(int64=12)
    Sample #362
        Values: []
        Attributes:
             -> thread.name: python3
             -> thread.id: %!s(int64=1483767)
             -> cpu.logical_number: %!s(int64=12)
    Sample #363
        Values: []
        Attributes:
             -> thread.name: python3
             -> thread.id: %!s(int64=1483767)
             -> cpu.logical_number: %!s(int64=12)
    Sample #364
        Values: []
        Attributes:
             -> thread.name: python3
             -> thread.id: %!s(int64=1483767)
             -> cpu.logical_number: %!s(int64=12)
    Sample #365
        Values: []
        Attributes:
             -> thread.name: python3
             -> thread.id: %!s(int64=1483767)
             -> cpu.logical_number: %!s(int64=12)
    Sample #366
        Values: []
        Attributes:
             -> thread.name: python3
             -> thread.id: %!s(int64=1483767)
             -> cpu.logical_number: %!s(int64=12)
    Sample #367
        Values: []
        Attributes:
             -> thread.name: python3
             -> thread.id: %!s(int64=1483767)
             -> cpu.logical_number: %!s(int64=12)
    Sample #368
        Values: []
        Attributes:
             -> thread.name: python3
             -> thread.id: %!s(int64=1483767)
             -> cpu.logical_number: %!s(int64=12)
    Sample #369
        Values: []
        Attributes:
             -> thread.name: python3
             -> thread.id: %!s(int64=1483767)
             -> cpu.logical_number: %!s(int64=12)
    Sample #370
        Values: []
        Attributes:
             -> thread.name: python3
             -> thread.id: %!s(int64=1483767)
             -> cpu.logical_number: %!s(int64=12)
    Sample #371
        Values: []
        Attributes:
             -> thread.name: python3
             -> thread.id: %!s(int64=1483767)
             -> cpu.logical_number: %!s(int64=12)
    Sample #372
        Values: []
        Attributes:
             -> thread.name: python3
             -> thread.id: %!s(int64=1483767)
             -> cpu.logical_number: %!s(int64=12)
    Sample #373
        Values: []
        Attributes:
             -> thread.name: python3
             -> thread.id: %!s(int64=1483767)
             -> cpu.logical_number: %!s(int64=12)
    Sample #374
        Values: []
        Attributes:
             -> thread.name: python3
             -> thread.id: %!s(int64=1483767)
             -> cpu.logical_number: %!s(int64=12)
    Sample #375
        Values: []
        Attributes:
             -> thread.name: python3
             -> thread.id: %!s(int64=1483767)
             -> cpu.logical_number: %!s(int64=12)
    Sample #376
        Values: []
        Attributes:
             -> thread.name: python3
             -> thread.id: %!s(int64=1483767)
             -> cpu.logical_number: %!s(int64=12)
    Sample #377
        Values: []
        Attributes:
             -> thread.name: python3
             -> thread.id: %!s(int64=1483767)
             -> cpu.logical_number: %!s(int64=12)
    Sample #378
        Values: []
        Attributes:
             -> thread.name: python3
             -> thread.id: %!s(int64=1483767)
             -> cpu.logical_number: %!s(int64=12)
    Sample #379
        Values: []
        Attributes:
             -> thread.name: python3
             -> thread.id: %!s(int64=1483767)
             -> cpu.logical_number: %!s(int64=12)
    Sample #380
        Values: []
        Attributes:
             -> thread.name: python3
             -> thread.id: %!s(int64=1483767)
             -> cpu.logical_number: %!s(int64=12)
    Sample #381
        Values: []
        Attributes:
             -> thread.name: python3
             -> thread.id: %!s(int64=1483767)
             -> cpu.logical_number: %!s(int64=12)
    Sample #382
        Values: []
        Attributes:
             -> thread.name: python3
             -> thread.id: %!s(int64=1483767)
             -> cpu.logical_number: %!s(int64=12)
    Sample #383
        Values: []
        Attributes:
             -> thread.name: python3
             -> thread.id: %!s(int64=1483767)
             -> cpu.logical_number: %!s(int64=12)
    Sample #384
        Values: []
        Attributes:
             -> thread.name: python3
             -> thread.id: %!s(int64=1483767)
             -> cpu.logical_number: %!s(int64=12)
    Sample #385
        Values: []
        Attributes:
             -> thread.name: python3
             -> thread.id: %!s(int64=1483767)
             -> cpu.logical_number: %!s(int64=12)
    Sample #386
        Values: []
        Attributes:
             -> thread.name: python3
             -> thread.id: %!s(int64=1483767)
             -> cpu.logical_number: %!s(int64=12)
    Sample #387
        Values: []
        Attributes:
             -> thread.name: python3
             -> thread.id: %!s(int64=1483767)
             -> cpu.logical_number: %!s(int64=12)
    Sample #388
        Values: []
        Attributes:
             -> thread.name: python3
             -> thread.id: %!s(int64=1483767)
             -> cpu.logical_number: %!s(int64=12)
    Sample #389
        Values: []
        Attributes:
             -> thread.name: python3
             -> thread.id: %!s(int64=1483767)
             -> cpu.logical_number: %!s(int64=12)
    Sample #390
        Values: []
        Attributes:
             -> thread.name: python3
             -> thread.id: %!s(int64=1483767)
             -> cpu.logical_number: %!s(int64=12)
    Sample #391
        Values: []
        Attributes:
             -> thread.name: python3
             -> thread.id: %!s(int64=1483767)
             -> cpu.logical_number: %!s(int64=12)
    Sample #392
        Values: []
        Attributes:
             -> thread.name: python3
             -> thread.id: %!s(int64=1483767)
             -> cpu.logical_number: %!s(int64=12)
    Sample #393
        Values: []
        Attributes:
             -> thread.name: python3
             -> thread.id: %!s(int64=1483767)
             -> cpu.logical_number: %!s(int64=12)
    Sample #394
        Values: []
        Attributes:
             -> thread.name: python3
             -> thread.id: %!s(int64=1483767)
             -> cpu.logical_number: %!s(int64=12)
    Sample #395
        Values: []
        Attributes:
             -> thread.name: python3
             -> thread.id: %!s(int64=1483767)
             -> cpu.logical_number: %!s(int64=12)
    Sample #396
        Values: []
        Attributes:
             -> thread.name: python3
             -> thread.id: %!s(int64=1483767)
             -> cpu.logical_number: %!s(int64=12)
    Sample #397
        Values: []
        Attributes:
             -> thread.name: python3
             -> thread.id: %!s(int64=1483767)
             -> cpu.logical_number: %!s(int64=12)
    Sample #398
        Values: []
        Attributes:
             -> thread.name: python3
             -> thread.id: %!s(int64=1483767)
             -> cpu.logical_number: %!s(int64=12)
    Sample #399
        Values: []
        Attributes:
             -> thread.name: python3
             -> thread.id: %!s(int64=1483767)
             -> cpu.logical_number: %!s(int64=12)
    Sample #400
        Values: []
        Attributes:
             -> thread.name: python3
             -> thread.id: %!s(int64=1483767)
             -> cpu.logical_number: %!s(int64=12)
    Sample #401
        Values: []
        Attributes:
             -> thread.name: python3
             -> thread.id: %!s(int64=1483767)
             -> cpu.logical_number: %!s(int64=12)
ResourceProfiles #3
Resource SchemaURL: https://opentelemetry.io/schemas/1.37.0
Resource attributes:
     -> process.pid: Int(1483674)
     -> process.executable.path: Str(/usr/bin/tr)
     -> process.executable.name: Str(tr)
ScopeProfiles #0
ScopeProfiles SchemaURL: https://opentelemetry.io/schemas/1.37.0
InstrumentationScope go.opentelemetry.io/ebpf-profiler v0.0.0
Profile #0
    Profile ID     : 
    Start time     : 2026-06-21 23:48:27.872579261 +0000 UTC
    DurationNano   : 6162007925
    Dropped attributes count: 0
    Sample #0
        Values: []
        Attributes:
             -> thread.name: tr
             -> thread.id: %!s(int64=1483674)
             -> cpu.logical_number: %!s(int64=13)
    Sample #1
        Values: []
        Attributes:
             -> thread.name: tr
             -> thread.id: %!s(int64=1483674)
             -> cpu.logical_number: %!s(int64=13)
    Sample #2
        Values: []
        Attributes:
             -> thread.name: tr
             -> thread.id: %!s(int64=1483674)
             -> cpu.logical_number: %!s(int64=13)
    Sample #3
        Values: []
        Attributes:
             -> thread.name: tr
             -> thread.id: %!s(int64=1483674)
             -> cpu.logical_number: %!s(int64=13)
    Sample #4
        Values: []
        Attributes:
             -> thread.name: tr
             -> thread.id: %!s(int64=1483674)
             -> cpu.logical_number: %!s(int64=13)
    Sample #5
        Values: []
        Attributes:
             -> thread.name: tr
             -> thread.id: %!s(int64=1483674)
             -> cpu.logical_number: %!s(int64=13)
    Sample #6
        Values: []
        Attributes:
             -> thread.name: tr
             -> thread.id: %!s(int64=1483674)
             -> cpu.logical_number: %!s(int64=13)
    Sample #7
        Values: []
        Attributes:
             -> thread.name: tr
             -> thread.id: %!s(int64=1483674)
             -> cpu.logical_number: %!s(int64=13)
    Sample #8
        Values: []
        Attributes:
             -> thread.name: tr
             -> thread.id: %!s(int64=1483674)
             -> cpu.logical_number: %!s(int64=13)
    Sample #9
        Values: []
        Attributes:
             -> thread.name: tr
             -> thread.id: %!s(int64=1483674)
             -> cpu.logical_number: %!s(int64=13)
    Sample #10
        Values: []
        Attributes:
             -> thread.name: tr
             -> thread.id: %!s(int64=1483674)
             -> cpu.logical_number: %!s(int64=13)
    Sample #11
        Values: []
        Attributes:
             -> thread.name: tr
             -> thread.id: %!s(int64=1483674)
             -> cpu.logical_number: %!s(int64=13)
    Sample #12
        Values: []
        Attributes:
             -> thread.name: tr
             -> thread.id: %!s(int64=1483674)
             -> cpu.logical_number: %!s(int64=13)
    Sample #13
        Values: []
        Attributes:
             -> thread.name: tr
             -> thread.id: %!s(int64=1483674)
             -> cpu.logical_number: %!s(int64=13)
    Sample #14
        Values: []
        Attributes:
             -> thread.name: tr
             -> thread.id: %!s(int64=1483674)
             -> cpu.logical_number: %!s(int64=13)
    Sample #15
        Values: []
        Attributes:
             -> thread.name: tr
             -> thread.id: %!s(int64=1483674)
             -> cpu.logical_number: %!s(int64=13)
ResourceProfiles #4
Resource SchemaURL: https://opentelemetry.io/schemas/1.37.0
Resource attributes:
     -> process.pid: Int(1483722)
     -> process.executable.path: Str(/usr/bin/python3.12)
     -> process.executable.name: Str(python3.12)
ScopeProfiles #0
ScopeProfiles SchemaURL: https://opentelemetry.io/schemas/1.37.0
InstrumentationScope go.opentelemetry.io/ebpf-profiler v0.0.0
Profile #0
    Profile ID     : 
    Start time     : 2026-06-21 23:48:27.872579261 +0000 UTC
    DurationNano   : 6162007925
    Dropped attributes count: 0
    Sample #0
        Values: []
        Attributes:
             -> thread.name: python3
             -> thread.id: %!s(int64=1483722)
             -> cpu.logical_number: %!s(int64=22)
Profile #1
    Profile ID     : 
    Start time     : 2026-06-21 23:48:27.872579261 +0000 UTC
    DurationNano   : 6162007925
    Dropped attributes count: 0
    Sample #0
        Values: []
        Attributes:
             -> thread.name: python3
             -> thread.id: %!s(int64=1483722)
             -> cpu.logical_number: %!s(int64=22)
    Sample #1
        Values: []
        Attributes:
             -> thread.name: python3
             -> thread.id: %!s(int64=1483722)
             -> cpu.logical_number: %!s(int64=22)
    Sample #2
        Values: []
        Attributes:
             -> thread.name: python3
             -> thread.id: %!s(int64=1483722)
             -> cpu.logical_number: %!s(int64=22)
    Sample #3
        Values: []
        Attributes:
             -> thread.name: python3
             -> thread.id: %!s(int64=1483722)
             -> cpu.logical_number: %!s(int64=22)
    Sample #4
        Values: []
        Attributes:
             -> thread.name: python3
             -> thread.id: %!s(int64=1483722)
             -> cpu.logical_number: %!s(int64=22)
    Sample #5
        Values: []
        Attributes:
             -> thread.name: python3
             -> thread.id: %!s(int64=1483722)
             -> cpu.logical_number: %!s(int64=22)
    Sample #6
        Values: []
        Attributes:
             -> thread.name: python3
             -> thread.id: %!s(int64=1483722)
             -> cpu.logical_number: %!s(int64=22)
    Sample #7
        Values: []
        Attributes:
             -> thread.name: python3
             -> thread.id: %!s(int64=1483722)
             -> cpu.logical_number: %!s(int64=22)
    Sample #8
        Values: []
        Attributes:
             -> thread.name: python3
             -> thread.id: %!s(int64=1483722)
             -> cpu.logical_number: %!s(int64=22)
    Sample #9
        Values: []
        Attributes:
             -> thread.name: python3
             -> thread.id: %!s(int64=1483722)
             -> cpu.logical_number: %!s(int64=22)
    Sample #10
        Values: []
        Attributes:
             -> thread.name: python3
             -> thread.id: %!s(int64=1483722)
             -> cpu.logical_number: %!s(int64=22)
    Sample #11
        Values: []
        Attributes:
             -> thread.name: python3
             -> thread.id: %!s(int64=1483722)
             -> cpu.logical_number: %!s(int64=22)
    Sample #12
        Values: []
        Attributes:
             -> thread.name: python3
             -> thread.id: %!s(int64=1483722)
             -> cpu.logical_number: %!s(int64=22)
    Sample #13
        Values: []
        Attributes:
             -> thread.name: python3
             -> thread.id: %!s(int64=1483722)
             -> cpu.logical_number: %!s(int64=22)
    Sample #14
        Values: []
        Attributes:
             -> thread.name: python3
             -> thread.id: %!s(int64=1483722)
             -> cpu.logical_number: %!s(int64=22)
    Sample #15
        Values: []
        Attributes:
             -> thread.name: python3
             -> thread.id: %!s(int64=1483722)
             -> cpu.logical_number: %!s(int64=22)
    Sample #16
        Values: []
        Attributes:
             -> thread.name: python3
             -> thread.id: %!s(int64=1483722)
             -> cpu.logical_number: %!s(int64=22)
    Sample #17
        Values: []
        Attributes:
             -> thread.name: python3
             -> thread.id: %!s(int64=1483722)
             -> cpu.logical_number: %!s(int64=22)
    Sample #18
        Values: []
        Attributes:
             -> thread.name: python3
             -> thread.id: %!s(int64=1483722)
             -> cpu.logical_number: %!s(int64=22)
    Sample #19
        Values: []
        Attributes:
             -> thread.name: python3
             -> thread.id: %!s(int64=1483722)
             -> cpu.logical_number: %!s(int64=22)
    Sample #20
        Values: []
        Attributes:
             -> thread.name: python3
             -> thread.id: %!s(int64=1483722)
             -> cpu.logical_number: %!s(int64=22)
    Sample #21
        Values: []
        Attributes:
             -> thread.name: python3
             -> thread.id: %!s(int64=1483722)
             -> cpu.logical_number: %!s(int64=22)
    Sample #22
        Values: []
        Attributes:
             -> thread.name: python3
             -> thread.id: %!s(int64=1483722)
             -> cpu.logical_number: %!s(int64=22)
    Sample #23
        Values: []
        Attributes:
             -> thread.name: python3
             -> thread.id: %!s(int64=1483722)
             -> cpu.logical_number: %!s(int64=22)
    Sample #24
        Values: []
        Attributes:
             -> thread.name: python3
             -> thread.id: %!s(int64=1483722)
             -> cpu.logical_number: %!s(int64=22)
    Sample #25
        Values: []
        Attributes:
             -> thread.name: python3
             -> thread.id: %!s(int64=1483722)
             -> cpu.logical_number: %!s(int64=22)
    Sample #26
        Values: []
        Attributes:
             -> thread.name: python3
             -> thread.id: %!s(int64=1483722)
             -> cpu.logical_number: %!s(int64=22)
    Sample #27
        Values: []
        Attributes:
             -> thread.name: python3
             -> thread.id: %!s(int64=1483722)
             -> cpu.logical_number: %!s(int64=22)
    Sample #28
        Values: []
        Attributes:
             -> thread.name: python3
             -> thread.id: %!s(int64=1483722)
             -> cpu.logical_number: %!s(int64=22)
    Sample #29
        Values: []
        Attributes:
             -> thread.name: python3
             -> thread.id: %!s(int64=1483722)
             -> cpu.logical_number: %!s(int64=22)
    Sample #30
        Values: []
        Attributes:
             -> thread.name: python3
             -> thread.id: %!s(int64=1483722)
             -> cpu.logical_number: %!s(int64=22)
    Sample #31
        Values: []
        Attributes:
             -> thread.name: python3
             -> thread.id: %!s(int64=1483722)
             -> cpu.logical_number: %!s(int64=22)
    Sample #32
        Values: []
        Attributes:
             -> thread.name: python3
             -> thread.id: %!s(int64=1483722)
             -> cpu.logical_number: %!s(int64=22)
    Sample #33
        Values: []
        Attributes:
             -> thread.name: python3
             -> thread.id: %!s(int64=1483722)
             -> cpu.logical_number: %!s(int64=22)
    Sample #34
        Values: []
        Attributes:
             -> thread.name: python3
             -> thread.id: %!s(int64=1483722)
             -> cpu.logical_number: %!s(int64=22)
    Sample #35
        Values: []
        Attributes:
             -> thread.name: python3
             -> thread.id: %!s(int64=1483722)
             -> cpu.logical_number: %!s(int64=22)
    Sample #36
        Values: []
        Attributes:
             -> thread.name: python3
             -> thread.id: %!s(int64=1483722)
             -> cpu.logical_number: %!s(int64=22)
    Sample #37
        Values: []
        Attributes:
             -> thread.name: python3
             -> thread.id: %!s(int64=1483722)
             -> cpu.logical_number: %!s(int64=22)
    Sample #38
        Values: []
        Attributes:
             -> thread.name: python3
             -> thread.id: %!s(int64=1483722)
             -> cpu.logical_number: %!s(int64=22)
    Sample #39
        Values: []
        Attributes:
             -> thread.name: python3
             -> thread.id: %!s(int64=1483722)
             -> cpu.logical_number: %!s(int64=22)
    Sample #40
        Values: []
        Attributes:
             -> thread.name: python3
             -> thread.id: %!s(int64=1483722)
             -> cpu.logical_number: %!s(int64=22)
    Sample #41
        Values: []
        Attributes:
             -> thread.name: python3
             -> thread.id: %!s(int64=1483722)
             -> cpu.logical_number: %!s(int64=22)
    Sample #42
        Values: []
        Attributes:
             -> thread.name: python3
             -> thread.id: %!s(int64=1483722)
             -> cpu.logical_number: %!s(int64=22)
    Sample #43
        Values: []
        Attributes:
             -> thread.name: python3
             -> thread.id: %!s(int64=1483722)
             -> cpu.logical_number: %!s(int64=22)
    Sample #44
        Values: []
        Attributes:
             -> thread.name: python3
             -> thread.id: %!s(int64=1483722)
             -> cpu.logical_number: %!s(int64=22)
    Sample #45
        Values: []
        Attributes:
             -> thread.name: python3
             -> thread.id: %!s(int64=1483722)
             -> cpu.logical_number: %!s(int64=22)
    Sample #46
        Values: []
        Attributes:
             -> thread.name: python3
             -> thread.id: %!s(int64=1483722)
             -> cpu.logical_number: %!s(int64=22)
    Sample #47
        Values: []
        Attributes:
             -> thread.name: python3
             -> thread.id: %!s(int64=1483722)
             -> cpu.logical_number: %!s(int64=22)
    Sample #48
        Values: []
        Attributes:
             -> thread.name: python3
             -> thread.id: %!s(int64=1483722)
             -> cpu.logical_number: %!s(int64=22)
    Sample #49
        Values: []
        Attributes:
             -> thread.name: python3
             -> thread.id: %!s(int64=1483722)
             -> cpu.logical_number: %!s(int64=22)
    Sample #50
        Values: []
        Attributes:
             -> thread.name: python3
             -> thread.id: %!s(int64=1483722)
             -> cpu.logical_number: %!s(int64=22)
    Sample #51
        Values: []
        Attributes:
             -> thread.name: python3
             -> thread.id: %!s(int64=1483722)
             -> cpu.logical_number: %!s(int64=22)
    Sample #52
        Values: []
        Attributes:
             -> thread.name: python3
             -> thread.id: %!s(int64=1483722)
             -> cpu.logical_number: %!s(int64=22)
    Sample #53
        Values: []
        Attributes:
             -> thread.name: python3
             -> thread.id: %!s(int64=1483722)
             -> cpu.logical_number: %!s(int64=22)
    Sample #54
        Values: []
        Attributes:
             -> thread.name: python3
             -> thread.id: %!s(int64=1483722)
             -> cpu.logical_number: %!s(int64=22)
    Sample #55
        Values: []
        Attributes:
             -> thread.name: python3
             -> thread.id: %!s(int64=1483722)
             -> cpu.logical_number: %!s(int64=22)
    Sample #56
        Values: []
        Attributes:
             -> thread.name: python3
             -> thread.id: %!s(int64=1483722)
             -> cpu.logical_number: %!s(int64=22)
    Sample #57
        Values: []
        Attributes:
             -> thread.name: python3
             -> thread.id: %!s(int64=1483722)
             -> cpu.logical_number: %!s(int64=22)
    Sample #58
        Values: []
        Attributes:
             -> thread.name: python3
             -> thread.id: %!s(int64=1483722)
             -> cpu.logical_number: %!s(int64=22)
    Sample #59
        Values: []
        Attributes:
             -> thread.name: python3
             -> thread.id: %!s(int64=1483722)
             -> cpu.logical_number: %!s(int64=22)
    Sample #60
        Values: []
        Attributes:
             -> thread.name: python3
             -> thread.id: %!s(int64=1483722)
             -> cpu.logical_number: %!s(int64=22)
    Sample #61
        Values: []
        Attributes:
             -> thread.name: python3
             -> thread.id: %!s(int64=1483722)
             -> cpu.logical_number: %!s(int64=22)
    Sample #62
        Values: []
        Attributes:
             -> thread.name: python3
             -> thread.id: %!s(int64=1483722)
             -> cpu.logical_number: %!s(int64=22)
    Sample #63
        Values: []
        Attributes:
             -> thread.name: python3
             -> thread.id: %!s(int64=1483722)
             -> cpu.logical_number: %!s(int64=22)
    Sample #64
        Values: []
        Attributes:
             -> thread.name: python3
             -> thread.id: %!s(int64=1483722)
             -> cpu.logical_number: %!s(int64=22)
    Sample #65
        Values: []
        Attributes:
             -> thread.name: python3
             -> thread.id: %!s(int64=1483722)
             -> cpu.logical_number: %!s(int64=22)
    Sample #66
        Values: []
        Attributes:
             -> thread.name: python3
             -> thread.id: %!s(int64=1483722)
             -> cpu.logical_number: %!s(int64=22)
    Sample #67
        Values: []
        Attributes:
             -> thread.name: python3
             -> thread.id: %!s(int64=1483722)
             -> cpu.logical_number: %!s(int64=22)
    Sample #68
        Values: []
        Attributes:
             -> thread.name: python3
             -> thread.id: %!s(int64=1483722)
             -> cpu.logical_number: %!s(int64=22)
    Sample #69
        Values: []
        Attributes:
             -> thread.name: python3
             -> thread.id: %!s(int64=1483722)
             -> cpu.logical_number: %!s(int64=22)
    Sample #70
        Values: []
        Attributes:
             -> thread.name: python3
             -> thread.id: %!s(int64=1483722)
             -> cpu.logical_number: %!s(int64=22)
    Sample #71
        Values: []
        Attributes:
             -> thread.name: python3
             -> thread.id: %!s(int64=1483722)
             -> cpu.logical_number: %!s(int64=22)
    Sample #72
        Values: []
        Attributes:
             -> thread.name: python3
             -> thread.id: %!s(int64=1483722)
             -> cpu.logical_number: %!s(int64=22)
    Sample #73
        Values: []
        Attributes:
             -> thread.name: python3
             -> thread.id: %!s(int64=1483722)
             -> cpu.logical_number: %!s(int64=22)
    Sample #74
        Values: []
        Attributes:
             -> thread.name: python3
             -> thread.id: %!s(int64=1483722)
             -> cpu.logical_number: %!s(int64=22)
    Sample #75
        Values: []
        Attributes:
             -> thread.name: python3
             -> thread.id: %!s(int64=1483722)
             -> cpu.logical_number: %!s(int64=22)
    Sample #76
        Values: []
        Attributes:
             -> thread.name: python3
             -> thread.id: %!s(int64=1483722)
             -> cpu.logical_number: %!s(int64=22)
    Sample #77
        Values: []
        Attributes:
             -> thread.name: python3
             -> thread.id: %!s(int64=1483722)
             -> cpu.logical_number: %!s(int64=22)
    Sample #78
        Values: []
        Attributes:
             -> thread.name: python3
             -> thread.id: %!s(int64=1483722)
             -> cpu.logical_number: %!s(int64=22)
    Sample #79
        Values: []
        Attributes:
             -> thread.name: python3
             -> thread.id: %!s(int64=1483722)
             -> cpu.logical_number: %!s(int64=22)
    Sample #80
        Values: []
        Attributes:
             -> thread.name: python3
             -> thread.id: %!s(int64=1483722)
             -> cpu.logical_number: %!s(int64=22)
    Sample #81
        Values: []
        Attributes:
             -> thread.name: python3
             -> thread.id: %!s(int64=1483722)
             -> cpu.logical_number: %!s(int64=22)
    Sample #82
        Values: []
        Attributes:
             -> thread.name: python3
             -> thread.id: %!s(int64=1483722)
             -> cpu.logical_number: %!s(int64=22)
    Sample #83
        Values: []
        Attributes:
             -> thread.name: python3
             -> thread.id: %!s(int64=1483722)
             -> cpu.logical_number: %!s(int64=22)
    Sample #84
        Values: []
        Attributes:
             -> thread.name: python3
             -> thread.id: %!s(int64=1483722)
             -> cpu.logical_number: %!s(int64=22)
    Sample #85
        Values: []
        Attributes:
             -> thread.name: python3
             -> thread.id: %!s(int64=1483722)
             -> cpu.logical_number: %!s(int64=22)
    Sample #86
        Values: []
        Attributes:
             -> thread.name: python3
             -> thread.id: %!s(int64=1483722)
             -> cpu.logical_number: %!s(int64=22)
    Sample #87
        Values: []
        Attributes:
             -> thread.name: python3
             -> thread.id: %!s(int64=1483722)
             -> cpu.logical_number: %!s(int64=22)
    Sample #88
        Values: []
        Attributes:
             -> thread.name: python3
             -> thread.id: %!s(int64=1483722)
             -> cpu.logical_number: %!s(int64=22)
    Sample #89
        Values: []
        Attributes:
             -> thread.name: python3
             -> thread.id: %!s(int64=1483722)
             -> cpu.logical_number: %!s(int64=22)
    Sample #90
        Values: []
        Attributes:
             -> thread.name: python3
             -> thread.id: %!s(int64=1483722)
             -> cpu.logical_number: %!s(int64=22)
    Sample #91
        Values: []
        Attributes:
             -> thread.name: python3
             -> thread.id: %!s(int64=1483722)
             -> cpu.logical_number: %!s(int64=22)
    Sample #92
        Values: []
        Attributes:
             -> thread.name: python3
             -> thread.id: %!s(int64=1483722)
             -> cpu.logical_number: %!s(int64=22)
    Sample #93
        Values: []
        Attributes:
             -> thread.name: python3
             -> thread.id: %!s(int64=1483722)
             -> cpu.logical_number: %!s(int64=22)
    Sample #94
        Values: []
        Attributes:
             -> thread.name: python3
             -> thread.id: %!s(int64=1483722)
             -> cpu.logical_number: %!s(int64=22)
    Sample #95
        Values: []
        Attributes:
             -> thread.name: python3
             -> thread.id: %!s(int64=1483722)
             -> cpu.logical_number: %!s(int64=22)
    Sample #96
        Values: []
        Attributes:
             -> thread.name: python3
             -> thread.id: %!s(int64=1483722)
             -> cpu.logical_number: %!s(int64=22)
    Sample #97
        Values: []
        Attributes:
             -> thread.name: python3
             -> thread.id: %!s(int64=1483722)
             -> cpu.logical_number: %!s(int64=22)
    Sample #98
        Values: []
        Attributes:
             -> thread.name: python3
             -> thread.id: %!s(int64=1483722)
             -> cpu.logical_number: %!s(int64=22)
    Sample #99
        Values: []
        Attributes:
             -> thread.name: python3
             -> thread.id: %!s(int64=1483722)
             -> cpu.logical_number: %!s(int64=22)
    Sample #100
        Values: []
        Attributes:
             -> thread.name: python3
             -> thread.id: %!s(int64=1483722)
             -> cpu.logical_number: %!s(int64=22)
    Sample #101
        Values: []
        Attributes:
             -> thread.name: python3
             -> thread.id: %!s(int64=1483722)
             -> cpu.logical_number: %!s(int64=22)
    Sample #102
        Values: []
        Attributes:
             -> thread.name: python3
             -> thread.id: %!s(int64=1483722)
             -> cpu.logical_number: %!s(int64=22)
    Sample #103
        Values: []
        Attributes:
             -> thread.name: python3
             -> thread.id: %!s(int64=1483722)
             -> cpu.logical_number: %!s(int64=22)
    Sample #104
        Values: []
        Attributes:
             -> thread.name: python3
             -> thread.id: %!s(int64=1483722)
             -> cpu.logical_number: %!s(int64=22)
    Sample #105
        Values: []
        Attributes:
             -> thread.name: python3
             -> thread.id: %!s(int64=1483722)
             -> cpu.logical_number: %!s(int64=22)
    Sample #106
        Values: []
        Attributes:
             -> thread.name: python3
             -> thread.id: %!s(int64=1483722)
             -> cpu.logical_number: %!s(int64=22)
    Sample #107
        Values: []
        Attributes:
             -> thread.name: python3
             -> thread.id: %!s(int64=1483722)
             -> cpu.logical_number: %!s(int64=22)
    Sample #108
        Values: []
        Attributes:
             -> thread.name: python3
             -> thread.id: %!s(int64=1483722)
             -> cpu.logical_number: %!s(int64=22)
    Sample #109
        Values: []
        Attributes:
             -> thread.name: python3
             -> thread.id: %!s(int64=1483722)
             -> cpu.logical_number: %!s(int64=22)
    Sample #110
        Values: []
        Attributes:
             -> thread.name: python3
             -> thread.id: %!s(int64=1483722)
             -> cpu.logical_number: %!s(int64=22)
    Sample #111
        Values: []
        Attributes:
             -> thread.name: python3
             -> thread.id: %!s(int64=1483722)
             -> cpu.logical_number: %!s(int64=22)
    Sample #112
        Values: []
        Attributes:
             -> thread.name: python3
             -> thread.id: %!s(int64=1483722)
             -> cpu.logical_number: %!s(int64=22)
    Sample #113
        Values: []
        Attributes:
             -> thread.name: python3
             -> thread.id: %!s(int64=1483722)
             -> cpu.logical_number: %!s(int64=22)
    Sample #114
        Values: []
        Attributes:
             -> thread.name: python3
             -> thread.id: %!s(int64=1483722)
             -> cpu.logical_number: %!s(int64=22)
    Sample #115
        Values: []
        Attributes:
             -> thread.name: python3
             -> thread.id: %!s(int64=1483722)
             -> cpu.logical_number: %!s(int64=22)
    Sample #116
        Values: []
        Attributes:
             -> thread.name: python3
             -> thread.id: %!s(int64=1483722)
             -> cpu.logical_number: %!s(int64=22)
    Sample #117
        Values: []
        Attributes:
             -> thread.name: python3
             -> thread.id: %!s(int64=1483722)
             -> cpu.logical_number: %!s(int64=22)
    Sample #118
        Values: []
        Attributes:
             -> thread.name: python3
             -> thread.id: %!s(int64=1483722)
             -> cpu.logical_number: %!s(int64=22)
    Sample #119
        Values: []
        Attributes:
             -> thread.name: python3
             -> thread.id: %!s(int64=1483722)
             -> cpu.logical_number: %!s(int64=22)
    Sample #120
        Values: []
        Attributes:
             -> thread.name: python3
             -> thread.id: %!s(int64=1483722)
             -> cpu.logical_number: %!s(int64=22)
    Sample #121
        Values: []
        Attributes:
             -> thread.name: python3
             -> thread.id: %!s(int64=1483722)
             -> cpu.logical_number: %!s(int64=22)
    Sample #122
        Values: []
        Attributes:
             -> thread.name: python3
             -> thread.id: %!s(int64=1483722)
             -> cpu.logical_number: %!s(int64=22)
    Sample #123
        Values: []
        Attributes:
             -> thread.name: python3
             -> thread.id: %!s(int64=1483722)
             -> cpu.logical_number: %!s(int64=22)
    Sample #124
        Values: []
        Attributes:
             -> thread.name: python3
             -> thread.id: %!s(int64=1483722)
             -> cpu.logical_number: %!s(int64=22)
    Sample #125
        Values: []
        Attributes:
             -> thread.name: python3
             -> thread.id: %!s(int64=1483722)
             -> cpu.logical_number: %!s(int64=22)
    Sample #126
        Values: []
        Attributes:
             -> thread.name: python3
             -> thread.id: %!s(int64=1483722)
             -> cpu.logical_number: %!s(int64=22)
    Sample #127
        Values: []
        Attributes:
             -> thread.name: python3
             -> thread.id: %!s(int64=1483722)
             -> cpu.logical_number: %!s(int64=22)
    Sample #128
        Values: []
        Attributes:
             -> thread.name: python3
             -> thread.id: %!s(int64=1483722)
             -> cpu.logical_number: %!s(int64=22)
    Sample #129
        Values: []
        Attributes:
             -> thread.name: python3
             -> thread.id: %!s(int64=1483722)
             -> cpu.logical_number: %!s(int64=22)
    Sample #130
        Values: []
        Attributes:
             -> thread.name: python3
             -> thread.id: %!s(int64=1483722)
             -> cpu.logical_number: %!s(int64=22)
    Sample #131
        Values: []
        Attributes:
             -> thread.name: python3
             -> thread.id: %!s(int64=1483722)
             -> cpu.logical_number: %!s(int64=22)
    Sample #132
        Values: []
        Attributes:
             -> thread.name: python3
             -> thread.id: %!s(int64=1483722)
             -> cpu.logical_number: %!s(int64=22)
    Sample #133
        Values: []
        Attributes:
             -> thread.name: python3
             -> thread.id: %!s(int64=1483722)
             -> cpu.logical_number: %!s(int64=22)
    Sample #134
        Values: []
        Attributes:
             -> thread.name: python3
             -> thread.id: %!s(int64=1483722)
             -> cpu.logical_number: %!s(int64=22)
    Sample #135
        Values: []
        Attributes:
             -> thread.name: python3
             -> thread.id: %!s(int64=1483722)
             -> cpu.logical_number: %!s(int64=22)
    Sample #136
        Values: []
        Attributes:
             -> thread.name: python3
             -> thread.id: %!s(int64=1483722)
             -> cpu.logical_number: %!s(int64=22)
    Sample #137
        Values: []
        Attributes:
             -> thread.name: python3
             -> thread.id: %!s(int64=1483722)
             -> cpu.logical_number: %!s(int64=22)
    Sample #138
        Values: []
        Attributes:
             -> thread.name: python3
             -> thread.id: %!s(int64=1483722)
             -> cpu.logical_number: %!s(int64=22)
    Sample #139
        Values: []
        Attributes:
             -> thread.name: python3
             -> thread.id: %!s(int64=1483722)
             -> cpu.logical_number: %!s(int64=22)
    Sample #140
        Values: []
        Attributes:
             -> thread.name: python3
             -> thread.id: %!s(int64=1483722)
             -> cpu.logical_number: %!s(int64=22)
    Sample #141
        Values: []
        Attributes:
             -> thread.name: python3
             -> thread.id: %!s(int64=1483722)
             -> cpu.logical_number: %!s(int64=22)
    Sample #142
        Values: []
        Attributes:
             -> thread.name: python3
             -> thread.id: %!s(int64=1483722)
             -> cpu.logical_number: %!s(int64=22)
    Sample #143
        Values: []
        Attributes:
             -> thread.name: python3
             -> thread.id: %!s(int64=1483722)
             -> cpu.logical_number: %!s(int64=22)
    Sample #144
        Values: []
        Attributes:
             -> thread.name: python3
             -> thread.id: %!s(int64=1483722)
             -> cpu.logical_number: %!s(int64=22)
    Sample #145
        Values: []
        Attributes:
             -> thread.name: python3
             -> thread.id: %!s(int64=1483722)
             -> cpu.logical_number: %!s(int64=22)
    Sample #146
        Values: []
        Attributes:
             -> thread.name: python3
             -> thread.id: %!s(int64=1483722)
             -> cpu.logical_number: %!s(int64=22)
    Sample #147
        Values: []
        Attributes:
             -> thread.name: python3
             -> thread.id: %!s(int64=1483722)
             -> cpu.logical_number: %!s(int64=22)
    Sample #148
        Values: []
        Attributes:
             -> thread.name: python3
             -> thread.id: %!s(int64=1483722)
             -> cpu.logical_number: %!s(int64=22)
    Sample #149
        Values: []
        Attributes:
             -> thread.name: python3
             -> thread.id: %!s(int64=1483722)
             -> cpu.logical_number: %!s(int64=22)
    Sample #150
        Values: []
        Attributes:
             -> thread.name: python3
             -> thread.id: %!s(int64=1483722)
             -> cpu.logical_number: %!s(int64=22)
    Sample #151
        Values: []
        Attributes:
             -> thread.name: python3
             -> thread.id: %!s(int64=1483722)
             -> cpu.logical_number: %!s(int64=22)
    Sample #152
        Values: []
        Attributes:
             -> thread.name: python3
             -> thread.id: %!s(int64=1483722)
             -> cpu.logical_number: %!s(int64=22)
    Sample #153
        Values: []
        Attributes:
             -> thread.name: python3
             -> thread.id: %!s(int64=1483722)
             -> cpu.logical_number: %!s(int64=22)
    Sample #154
        Values: []
        Attributes:
             -> thread.name: python3
             -> thread.id: %!s(int64=1483722)
             -> cpu.logical_number: %!s(int64=22)
    Sample #155
        Values: []
        Attributes:
             -> thread.name: python3
             -> thread.id: %!s(int64=1483722)
             -> cpu.logical_number: %!s(int64=22)
    Sample #156
        Values: []
        Attributes:
             -> thread.name: python3
             -> thread.id: %!s(int64=1483722)
             -> cpu.logical_number: %!s(int64=22)
    Sample #157
        Values: []
        Attributes:
             -> thread.name: python3
             -> thread.id: %!s(int64=1483722)
             -> cpu.logical_number: %!s(int64=22)
    Sample #158
        Values: []
        Attributes:
             -> thread.name: python3
             -> thread.id: %!s(int64=1483722)
             -> cpu.logical_number: %!s(int64=22)
    Sample #159
        Values: []
        Attributes:
             -> thread.name: python3
             -> thread.id: %!s(int64=1483722)
             -> cpu.logical_number: %!s(int64=22)
    Sample #160
        Values: []
        Attributes:
             -> thread.name: python3
             -> thread.id: %!s(int64=1483722)
             -> cpu.logical_number: %!s(int64=22)
    Sample #161
        Values: []
        Attributes:
             -> thread.name: python3
             -> thread.id: %!s(int64=1483722)
             -> cpu.logical_number: %!s(int64=22)
    Sample #162
        Values: []
        Attributes:
             -> thread.name: python3
             -> thread.id: %!s(int64=1483722)
             -> cpu.logical_number: %!s(int64=22)
    Sample #163
        Values: []
        Attributes:
             -> thread.name: python3
             -> thread.id: %!s(int64=1483722)
             -> cpu.logical_number: %!s(int64=22)
    Sample #164
        Values: []
        Attributes:
             -> thread.name: python3
             -> thread.id: %!s(int64=1483722)
             -> cpu.logical_number: %!s(int64=22)
    Sample #165
        Values: []
        Attributes:
             -> thread.name: python3
             -> thread.id: %!s(int64=1483722)
             -> cpu.logical_number: %!s(int64=22)
    Sample #166
        Values: []
        Attributes:
             -> thread.name: python3
             -> thread.id: %!s(int64=1483722)
             -> cpu.logical_number: %!s(int64=22)
    Sample #167
        Values: []
        Attributes:
             -> thread.name: python3
             -> thread.id: %!s(int64=1483722)
             -> cpu.logical_number: %!s(int64=22)
    Sample #168
        Values: []
        Attributes:
             -> thread.name: python3
             -> thread.id: %!s(int64=1483722)
             -> cpu.logical_number: %!s(int64=22)
    Sample #169
        Values: []
        Attributes:
             -> thread.name: python3
             -> thread.id: %!s(int64=1483722)
             -> cpu.logical_number: %!s(int64=22)
    Sample #170
        Values: []
        Attributes:
             -> thread.name: python3
             -> thread.id: %!s(int64=1483722)
             -> cpu.logical_number: %!s(int64=22)
    Sample #171
        Values: []
        Attributes:
             -> thread.name: python3
             -> thread.id: %!s(int64=1483722)
             -> cpu.logical_number: %!s(int64=22)
    Sample #172
        Values: []
        Attributes:
             -> thread.name: python3
             -> thread.id: %!s(int64=1483722)
             -> cpu.logical_number: %!s(int64=22)
    Sample #173
        Values: []
        Attributes:
             -> thread.name: python3
             -> thread.id: %!s(int64=1483722)
             -> cpu.logical_number: %!s(int64=22)
    Sample #174
        Values: []
        Attributes:
             -> thread.name: python3
             -> thread.id: %!s(int64=1483722)
             -> cpu.logical_number: %!s(int64=22)
    Sample #175
        Values: []
        Attributes:
             -> thread.name: python3
             -> thread.id: %!s(int64=1483722)
             -> cpu.logical_number: %!s(int64=22)
    Sample #176
        Values: []
        Attributes:
             -> thread.name: python3
             -> thread.id: %!s(int64=1483722)
             -> cpu.logical_number: %!s(int64=22)
    Sample #177
        Values: []
        Attributes:
             -> thread.name: python3
             -> thread.id: %!s(int64=1483722)
             -> cpu.logical_number: %!s(int64=22)
    Sample #178
        Values: []
        Attributes:
             -> thread.name: python3
             -> thread.id: %!s(int64=1483722)
             -> cpu.logical_number: %!s(int64=22)
    Sample #179
        Values: []
        Attributes:
             -> thread.name: python3
             -> thread.id: %!s(int64=1483722)
             -> cpu.logical_number: %!s(int64=22)
    Sample #180
        Values: []
        Attributes:
             -> thread.name: python3
             -> thread.id: %!s(int64=1483722)
             -> cpu.logical_number: %!s(int64=22)
    Sample #181
        Values: []
        Attributes:
             -> thread.name: python3
             -> thread.id: %!s(int64=1483722)
             -> cpu.logical_number: %!s(int64=22)
    Sample #182
        Values: []
        Attributes:
             -> thread.name: python3
             -> thread.id: %!s(int64=1483722)
             -> cpu.logical_number: %!s(int64=22)
    Sample #183
        Values: []
        Attributes:
             -> thread.name: python3
             -> thread.id: %!s(int64=1483722)
             -> cpu.logical_number: %!s(int64=22)
    Sample #184
        Values: []
        Attributes:
             -> thread.name: python3
             -> thread.id: %!s(int64=1483722)
             -> cpu.logical_number: %!s(int64=22)
    Sample #185
        Values: []
        Attributes:
             -> thread.name: python3
             -> thread.id: %!s(int64=1483722)
             -> cpu.logical_number: %!s(int64=22)
    Sample #186
        Values: []
        Attributes:
             -> thread.name: python3
             -> thread.id: %!s(int64=1483722)
             -> cpu.logical_number: %!s(int64=22)
    Sample #187
        Values: []
        Attributes:
             -> thread.name: python3
             -> thread.id: %!s(int64=1483722)
             -> cpu.logical_number: %!s(int64=22)
    Sample #188
        Values: []
        Attributes:
             -> thread.name: python3
             -> thread.id: %!s(int64=1483722)
             -> cpu.logical_number: %!s(int64=22)
    Sample #189
        Values: []
        Attributes:
             -> thread.name: python3
             -> thread.id: %!s(int64=1483722)
             -> cpu.logical_number: %!s(int64=22)
    Sample #190
        Values: []
        Attributes:
             -> thread.name: python3
             -> thread.id: %!s(int64=1483722)
             -> cpu.logical_number: %!s(int64=22)
    Sample #191
        Values: []
        Attributes:
             -> thread.name: python3
             -> thread.id: %!s(int64=1483722)
             -> cpu.logical_number: %!s(int64=22)
    Sample #192
        Values: []
        Attributes:
             -> thread.name: python3
             -> thread.id: %!s(int64=1483722)
             -> cpu.logical_number: %!s(int64=22)
    Sample #193
        Values: []
        Attributes:
             -> thread.name: python3
             -> thread.id: %!s(int64=1483722)
             -> cpu.logical_number: %!s(int64=22)
    Sample #194
        Values: []
        Attributes:
             -> thread.name: python3
             -> thread.id: %!s(int64=1483722)
             -> cpu.logical_number: %!s(int64=22)
    Sample #195
        Values: []
        Attributes:
             -> thread.name: python3
             -> thread.id: %!s(int64=1483722)
             -> cpu.logical_number: %!s(int64=22)
    Sample #196
        Values: []
        Attributes:
             -> thread.name: python3
             -> thread.id: %!s(int64=1483722)
             -> cpu.logical_number: %!s(int64=22)
    Sample #197
        Values: []
        Attributes:
             -> thread.name: python3
             -> thread.id: %!s(int64=1483722)
             -> cpu.logical_number: %!s(int64=22)
    Sample #198
        Values: []
        Attributes:
             -> thread.name: python3
             -> thread.id: %!s(int64=1483722)
             -> cpu.logical_number: %!s(int64=22)
    Sample #199
        Values: []
        Attributes:
             -> thread.name: python3
             -> thread.id: %!s(int64=1483722)
             -> cpu.logical_number: %!s(int64=22)
    Sample #200
        Values: []
        Attributes:
             -> thread.name: python3
             -> thread.id: %!s(int64=1483722)
             -> cpu.logical_number: %!s(int64=22)
    Sample #201
        Values: []
        Attributes:
             -> thread.name: python3
             -> thread.id: %!s(int64=1483722)
             -> cpu.logical_number: %!s(int64=22)
    Sample #202
        Values: []
        Attributes:
             -> thread.name: python3
             -> thread.id: %!s(int64=1483722)
             -> cpu.logical_number: %!s(int64=22)
    Sample #203
        Values: []
        Attributes:
             -> thread.name: python3
             -> thread.id: %!s(int64=1483722)
             -> cpu.logical_number: %!s(int64=22)
    Sample #204
        Values: []
        Attributes:
             -> thread.name: python3
             -> thread.id: %!s(int64=1483722)
             -> cpu.logical_number: %!s(int64=22)
    Sample #205
        Values: []
        Attributes:
             -> thread.name: python3
             -> thread.id: %!s(int64=1483722)
             -> cpu.logical_number: %!s(int64=22)
    Sample #206
        Values: []
        Attributes:
             -> thread.name: python3
             -> thread.id: %!s(int64=1483722)
             -> cpu.logical_number: %!s(int64=22)
    Sample #207
        Values: []
        Attributes:
             -> thread.name: python3
             -> thread.id: %!s(int64=1483722)
             -> cpu.logical_number: %!s(int64=22)
    Sample #208
        Values: []
        Attributes:
             -> thread.name: python3
             -> thread.id: %!s(int64=1483722)
             -> cpu.logical_number: %!s(int64=22)
    Sample #209
        Values: []
        Attributes:
             -> thread.name: python3
             -> thread.id: %!s(int64=1483722)
             -> cpu.logical_number: %!s(int64=22)
    Sample #210
        Values: []
        Attributes:
             -> thread.name: python3
             -> thread.id: %!s(int64=1483722)
             -> cpu.logical_number: %!s(int64=22)
    Sample #211
        Values: []
        Attributes:
             -> thread.name: python3
             -> thread.id: %!s(int64=1483722)
             -> cpu.logical_number: %!s(int64=22)
    Sample #212
        Values: []
        Attributes:
             -> thread.name: python3
             -> thread.id: %!s(int64=1483722)
             -> cpu.logical_number: %!s(int64=22)
    Sample #213
        Values: []
        Attributes:
             -> thread.name: python3
             -> thread.id: %!s(int64=1483722)
             -> cpu.logical_number: %!s(int64=22)
    Sample #214
        Values: []
        Attributes:
             -> thread.name: python3
             -> thread.id: %!s(int64=1483722)
             -> cpu.logical_number: %!s(int64=22)
    Sample #215
        Values: []
        Attributes:
             -> thread.name: python3
             -> thread.id: %!s(int64=1483722)
             -> cpu.logical_number: %!s(int64=22)
    Sample #216
        Values: []
        Attributes:
             -> thread.name: python3
             -> thread.id: %!s(int64=1483722)
             -> cpu.logical_number: %!s(int64=22)
    Sample #217
        Values: []
        Attributes:
             -> thread.name: python3
             -> thread.id: %!s(int64=1483722)
             -> cpu.logical_number: %!s(int64=22)
    Sample #218
        Values: []
        Attributes:
             -> thread.name: python3
             -> thread.id: %!s(int64=1483722)
             -> cpu.logical_number: %!s(int64=22)
    Sample #219
        Values: []
        Attributes:
             -> thread.name: python3
             -> thread.id: %!s(int64=1483722)
             -> cpu.logical_number: %!s(int64=22)
    Sample #220
        Values: []
        Attributes:
             -> thread.name: python3
             -> thread.id: %!s(int64=1483722)
             -> cpu.logical_number: %!s(int64=22)
    Sample #221
        Values: []
        Attributes:
             -> thread.name: python3
             -> thread.id: %!s(int64=1483722)
             -> cpu.logical_number: %!s(int64=22)
    Sample #222
        Values: []
        Attributes:
             -> thread.name: python3
             -> thread.id: %!s(int64=1483722)
             -> cpu.logical_number: %!s(int64=22)
    Sample #223
        Values: []
        Attributes:
             -> thread.name: python3
             -> thread.id: %!s(int64=1483722)
             -> cpu.logical_number: %!s(int64=22)
    Sample #224
        Values: []
        Attributes:
             -> thread.name: python3
             -> thread.id: %!s(int64=1483722)
             -> cpu.logical_number: %!s(int64=22)
    Sample #225
        Values: []
        Attributes:
             -> thread.name: python3
             -> thread.id: %!s(int64=1483722)
             -> cpu.logical_number: %!s(int64=22)
    Sample #226
        Values: []
        Attributes:
             -> thread.name: python3
             -> thread.id: %!s(int64=1483722)
             -> cpu.logical_number: %!s(int64=22)
    Sample #227
        Values: []
        Attributes:
             -> thread.name: python3
             -> thread.id: %!s(int64=1483722)
             -> cpu.logical_number: %!s(int64=22)
    Sample #228
        Values: []
        Attributes:
             -> thread.name: python3
             -> thread.id: %!s(int64=1483722)
             -> cpu.logical_number: %!s(int64=22)
    Sample #229
        Values: []
        Attributes:
             -> thread.name: python3
             -> thread.id: %!s(int64=1483722)
             -> cpu.logical_number: %!s(int64=22)
    Sample #230
        Values: []
        Attributes:
             -> thread.name: python3
             -> thread.id: %!s(int64=1483722)
             -> cpu.logical_number: %!s(int64=22)
    Sample #231
        Values: []
        Attributes:
             -> thread.name: python3
             -> thread.id: %!s(int64=1483722)
             -> cpu.logical_number: %!s(int64=22)
    Sample #232
        Values: []
        Attributes:
             -> thread.name: python3
             -> thread.id: %!s(int64=1483722)
             -> cpu.logical_number: %!s(int64=22)
    Sample #233
        Values: []
        Attributes:
             -> thread.name: python3
             -> thread.id: %!s(int64=1483722)
             -> cpu.logical_number: %!s(int64=22)
    Sample #234
        Values: []
        Attributes:
             -> thread.name: python3
             -> thread.id: %!s(int64=1483722)
             -> cpu.logical_number: %!s(int64=22)
    Sample #235
        Values: []
        Attributes:
             -> thread.name: python3
             -> thread.id: %!s(int64=1483722)
             -> cpu.logical_number: %!s(int64=22)
    Sample #236
        Values: []
        Attributes:
             -> thread.name: python3
             -> thread.id: %!s(int64=1483722)
             -> cpu.logical_number: %!s(int64=22)
    Sample #237
        Values: []
        Attributes:
             -> thread.name: python3
             -> thread.id: %!s(int64=1483722)
             -> cpu.logical_number: %!s(int64=22)
    Sample #238
        Values: []
        Attributes:
             -> thread.name: python3
             -> thread.id: %!s(int64=1483722)
             -> cpu.logical_number: %!s(int64=22)
    Sample #239
        Values: []
        Attributes:
             -> thread.name: python3
             -> thread.id: %!s(int64=1483722)
             -> cpu.logical_number: %!s(int64=22)
    Sample #240
        Values: []
        Attributes:
             -> thread.name: python3
             -> thread.id: %!s(int64=1483722)
             -> cpu.logical_number: %!s(int64=22)
    Sample #241
        Values: []
        Attributes:
             -> thread.name: python3
             -> thread.id: %!s(int64=1483722)
             -> cpu.logical_number: %!s(int64=22)
    Sample #242
        Values: []
        Attributes:
             -> thread.name: python3
             -> thread.id: %!s(int64=1483722)
             -> cpu.logical_number: %!s(int64=22)
    Sample #243
        Values: []
        Attributes:
             -> thread.name: python3
             -> thread.id: %!s(int64=1483722)
             -> cpu.logical_number: %!s(int64=22)
    Sample #244
        Values: []
        Attributes:
             -> thread.name: python3
             -> thread.id: %!s(int64=1483722)
             -> cpu.logical_number: %!s(int64=22)
    Sample #245
        Values: []
        Attributes:
             -> thread.name: python3
             -> thread.id: %!s(int64=1483722)
             -> cpu.logical_number: %!s(int64=22)
    Sample #246
        Values: []
        Attributes:
             -> thread.name: python3
             -> thread.id: %!s(int64=1483722)
             -> cpu.logical_number: %!s(int64=22)
    Sample #247
        Values: []
        Attributes:
             -> thread.name: python3
             -> thread.id: %!s(int64=1483722)
             -> cpu.logical_number: %!s(int64=22)
    Sample #248
        Values: []
        Attributes:
             -> thread.name: python3
             -> thread.id: %!s(int64=1483722)
             -> cpu.logical_number: %!s(int64=22)
    Sample #249
        Values: []
        Attributes:
             -> thread.name: python3
             -> thread.id: %!s(int64=1483722)
             -> cpu.logical_number: %!s(int64=22)
    Sample #250
        Values: []
        Attributes:
             -> thread.name: python3
             -> thread.id: %!s(int64=1483722)
             -> cpu.logical_number: %!s(int64=22)
    Sample #251
        Values: []
        Attributes:
             -> thread.name: python3
             -> thread.id: %!s(int64=1483722)
             -> cpu.logical_number: %!s(int64=22)
    Sample #252
        Values: []
        Attributes:
             -> thread.name: python3
             -> thread.id: %!s(int64=1483722)
             -> cpu.logical_number: %!s(int64=22)
    Sample #253
        Values: []
        Attributes:
             -> thread.name: python3
             -> thread.id: %!s(int64=1483722)
             -> cpu.logical_number: %!s(int64=22)
    Sample #254
        Values: []
        Attributes:
             -> thread.name: python3
             -> thread.id: %!s(int64=1483722)
             -> cpu.logical_number: %!s(int64=22)
    Sample #255
        Values: []
        Attributes:
             -> thread.name: python3
             -> thread.id: %!s(int64=1483722)
             -> cpu.logical_number: %!s(int64=22)
    Sample #256
        Values: []
        Attributes:
             -> thread.name: python3
             -> thread.id: %!s(int64=1483722)
             -> cpu.logical_number: %!s(int64=22)
    Sample #257
        Values: []
        Attributes:
             -> thread.name: python3
             -> thread.id: %!s(int64=1483722)
             -> cpu.logical_number: %!s(int64=22)
    Sample #258
        Values: []
        Attributes:
             -> thread.name: python3
             -> thread.id: %!s(int64=1483722)
             -> cpu.logical_number: %!s(int64=22)
    Sample #259
        Values: []
        Attributes:
             -> thread.name: python3
             -> thread.id: %!s(int64=1483722)
             -> cpu.logical_number: %!s(int64=22)
    Sample #260
        Values: []
        Attributes:
             -> thread.name: python3
             -> thread.id: %!s(int64=1483722)
             -> cpu.logical_number: %!s(int64=22)
    Sample #261
        Values: []
        Attributes:
             -> thread.name: python3
             -> thread.id: %!s(int64=1483722)
             -> cpu.logical_number: %!s(int64=22)
    Sample #262
        Values: []
        Attributes:
             -> thread.name: python3
             -> thread.id: %!s(int64=1483722)
             -> cpu.logical_number: %!s(int64=22)
    Sample #263
        Values: []
        Attributes:
             -> thread.name: python3
             -> thread.id: %!s(int64=1483722)
             -> cpu.logical_number: %!s(int64=22)
    Sample #264
        Values: []
        Attributes:
             -> thread.name: python3
             -> thread.id: %!s(int64=1483722)
             -> cpu.logical_number: %!s(int64=22)
    Sample #265
        Values: []
        Attributes:
             -> thread.name: python3
             -> thread.id: %!s(int64=1483722)
             -> cpu.logical_number: %!s(int64=22)
    Sample #266
        Values: []
        Attributes:
             -> thread.name: python3
             -> thread.id: %!s(int64=1483722)
             -> cpu.logical_number: %!s(int64=22)
    Sample #267
        Values: []
        Attributes:
             -> thread.name: python3
             -> thread.id: %!s(int64=1483722)
             -> cpu.logical_number: %!s(int64=22)
    Sample #268
        Values: []
        Attributes:
             -> thread.name: python3
             -> thread.id: %!s(int64=1483722)
             -> cpu.logical_number: %!s(int64=22)
    Sample #269
        Values: []
        Attributes:
             -> thread.name: python3
             -> thread.id: %!s(int64=1483722)
             -> cpu.logical_number: %!s(int64=22)
    Sample #270
        Values: []
        Attributes:
             -> thread.name: python3
             -> thread.id: %!s(int64=1483722)
             -> cpu.logical_number: %!s(int64=22)
    Sample #271
        Values: []
        Attributes:
             -> thread.name: python3
             -> thread.id: %!s(int64=1483722)
             -> cpu.logical_number: %!s(int64=22)
    Sample #272
        Values: []
        Attributes:
             -> thread.name: python3
             -> thread.id: %!s(int64=1483722)
             -> cpu.logical_number: %!s(int64=22)
    Sample #273
        Values: []
        Attributes:
             -> thread.name: python3
             -> thread.id: %!s(int64=1483722)
             -> cpu.logical_number: %!s(int64=22)
    Sample #274
        Values: []
        Attributes:
             -> thread.name: python3
             -> thread.id: %!s(int64=1483722)
             -> cpu.logical_number: %!s(int64=22)
    Sample #275
        Values: []
        Attributes:
             -> thread.name: python3
             -> thread.id: %!s(int64=1483722)
             -> cpu.logical_number: %!s(int64=22)
    Sample #276
        Values: []
        Attributes:
             -> thread.name: python3
             -> thread.id: %!s(int64=1483722)
             -> cpu.logical_number: %!s(int64=22)
    Sample #277
        Values: []
        Attributes:
             -> thread.name: python3
             -> thread.id: %!s(int64=1483722)
             -> cpu.logical_number: %!s(int64=22)
    Sample #278
        Values: []
        Attributes:
             -> thread.name: python3
             -> thread.id: %!s(int64=1483722)
             -> cpu.logical_number: %!s(int64=22)
    Sample #279
        Values: []
        Attributes:
             -> thread.name: python3
             -> thread.id: %!s(int64=1483722)
             -> cpu.logical_number: %!s(int64=22)
    Sample #280
        Values: []
        Attributes:
             -> thread.name: python3
             -> thread.id: %!s(int64=1483722)
             -> cpu.logical_number: %!s(int64=22)
    Sample #281
        Values: []
        Attributes:
             -> thread.name: python3
             -> thread.id: %!s(int64=1483722)
             -> cpu.logical_number: %!s(int64=22)
    Sample #282
        Values: []
        Attributes:
             -> thread.name: python3
             -> thread.id: %!s(int64=1483722)
             -> cpu.logical_number: %!s(int64=22)
    Sample #283
        Values: []
        Attributes:
             -> thread.name: python3
             -> thread.id: %!s(int64=1483722)
             -> cpu.logical_number: %!s(int64=22)
    Sample #284
        Values: []
        Attributes:
             -> thread.name: python3
             -> thread.id: %!s(int64=1483722)
             -> cpu.logical_number: %!s(int64=22)
    Sample #285
        Values: []
        Attributes:
             -> thread.name: python3
             -> thread.id: %!s(int64=1483722)
             -> cpu.logical_number: %!s(int64=22)
    Sample #286
        Values: []
        Attributes:
             -> thread.name: python3
             -> thread.id: %!s(int64=1483722)
             -> cpu.logical_number: %!s(int64=22)
    Sample #287
        Values: []
        Attributes:
             -> thread.name: python3
             -> thread.id: %!s(int64=1483722)
             -> cpu.logical_number: %!s(int64=22)
    Sample #288
        Values: []
        Attributes:
             -> thread.name: python3
             -> thread.id: %!s(int64=1483722)
             -> cpu.logical_number: %!s(int64=22)
    Sample #289
        Values: []
        Attributes:
             -> thread.name: python3
             -> thread.id: %!s(int64=1483722)
             -> cpu.logical_number: %!s(int64=22)
    Sample #290
        Values: []
        Attributes:
             -> thread.name: python3
             -> thread.id: %!s(int64=1483722)
             -> cpu.logical_number: %!s(int64=22)
    Sample #291
        Values: []
        Attributes:
             -> thread.name: python3
             -> thread.id: %!s(int64=1483722)
             -> cpu.logical_number: %!s(int64=22)
    Sample #292
        Values: []
        Attributes:
             -> thread.name: python3
             -> thread.id: %!s(int64=1483722)
             -> cpu.logical_number: %!s(int64=22)
    Sample #293
        Values: []
        Attributes:
             -> thread.name: python3
             -> thread.id: %!s(int64=1483722)
             -> cpu.logical_number: %!s(int64=22)
    Sample #294
        Values: []
        Attributes:
             -> thread.name: python3
             -> thread.id: %!s(int64=1483722)
             -> cpu.logical_number: %!s(int64=22)
    Sample #295
        Values: []
        Attributes:
             -> thread.name: python3
             -> thread.id: %!s(int64=1483722)
             -> cpu.logical_number: %!s(int64=22)
    Sample #296
        Values: []
        Attributes:
             -> thread.name: python3
             -> thread.id: %!s(int64=1483722)
             -> cpu.logical_number: %!s(int64=22)
    Sample #297
        Values: []
        Attributes:
             -> thread.name: python3
             -> thread.id: %!s(int64=1483722)
             -> cpu.logical_number: %!s(int64=22)
    Sample #298
        Values: []
        Attributes:
             -> thread.name: python3
             -> thread.id: %!s(int64=1483722)
             -> cpu.logical_number: %!s(int64=22)
    Sample #299
        Values: []
        Attributes:
             -> thread.name: python3
             -> thread.id: %!s(int64=1483722)
             -> cpu.logical_number: %!s(int64=22)
    Sample #300
        Values: []
        Attributes:
             -> thread.name: python3
             -> thread.id: %!s(int64=1483722)
             -> cpu.logical_number: %!s(int64=22)
    Sample #301
        Values: []
        Attributes:
             -> thread.name: python3
             -> thread.id: %!s(int64=1483722)
             -> cpu.logical_number: %!s(int64=22)
    Sample #302
        Values: []
        Attributes:
             -> thread.name: python3
             -> thread.id: %!s(int64=1483722)
             -> cpu.logical_number: %!s(int64=22)
    Sample #303
        Values: []
        Attributes:
             -> thread.name: python3
             -> thread.id: %!s(int64=1483722)
             -> cpu.logical_number: %!s(int64=22)
    Sample #304
        Values: []
        Attributes:
             -> thread.name: python3
             -> thread.id: %!s(int64=1483722)
             -> cpu.logical_number: %!s(int64=22)
    Sample #305
        Values: []
        Attributes:
             -> thread.name: python3
             -> thread.id: %!s(int64=1483722)
             -> cpu.logical_number: %!s(int64=22)
    Sample #306
        Values: []
        Attributes:
             -> thread.name: python3
             -> thread.id: %!s(int64=1483722)
             -> cpu.logical_number: %!s(int64=22)
    Sample #307
        Values: []
        Attributes:
             -> thread.name: python3
             -> thread.id: %!s(int64=1483722)
             -> cpu.logical_number: %!s(int64=22)
    Sample #308
        Values: []
        Attributes:
             -> thread.name: python3
             -> thread.id: %!s(int64=1483722)
             -> cpu.logical_number: %!s(int64=22)
    Sample #309
        Values: []
        Attributes:
             -> thread.name: python3
             -> thread.id: %!s(int64=1483722)
             -> cpu.logical_number: %!s(int64=22)
    Sample #310
        Values: []
        Attributes:
             -> thread.name: python3
             -> thread.id: %!s(int64=1483722)
             -> cpu.logical_number: %!s(int64=22)
    Sample #311
        Values: []
        Attributes:
             -> thread.name: python3
             -> thread.id: %!s(int64=1483722)
             -> cpu.logical_number: %!s(int64=22)
    Sample #312
        Values: []
        Attributes:
             -> thread.name: python3
             -> thread.id: %!s(int64=1483722)
             -> cpu.logical_number: %!s(int64=22)
    Sample #313
        Values: []
        Attributes:
             -> thread.name: python3
             -> thread.id: %!s(int64=1483722)
             -> cpu.logical_number: %!s(int64=22)
    Sample #314
        Values: []
        Attributes:
             -> thread.name: python3
             -> thread.id: %!s(int64=1483722)
             -> cpu.logical_number: %!s(int64=22)
    Sample #315
        Values: []
        Attributes:
             -> thread.name: python3
             -> thread.id: %!s(int64=1483722)
             -> cpu.logical_number: %!s(int64=22)
    Sample #316
        Values: []
        Attributes:
             -> thread.name: python3
             -> thread.id: %!s(int64=1483722)
             -> cpu.logical_number: %!s(int64=22)
    Sample #317
        Values: []
        Attributes:
             -> thread.name: python3
             -> thread.id: %!s(int64=1483722)
             -> cpu.logical_number: %!s(int64=22)
    Sample #318
        Values: []
        Attributes:
             -> thread.name: python3
             -> thread.id: %!s(int64=1483722)
             -> cpu.logical_number: %!s(int64=22)
    Sample #319
        Values: []
        Attributes:
             -> thread.name: python3
             -> thread.id: %!s(int64=1483722)
             -> cpu.logical_number: %!s(int64=22)
    Sample #320
        Values: []
        Attributes:
             -> thread.name: python3
             -> thread.id: %!s(int64=1483722)
             -> cpu.logical_number: %!s(int64=22)
    Sample #321
        Values: []
        Attributes:
             -> thread.name: python3
             -> thread.id: %!s(int64=1483722)
             -> cpu.logical_number: %!s(int64=22)
    Sample #322
        Values: []
        Attributes:
             -> thread.name: python3
             -> thread.id: %!s(int64=1483722)
             -> cpu.logical_number: %!s(int64=22)
    Sample #323
        Values: []
        Attributes:
             -> thread.name: python3
             -> thread.id: %!s(int64=1483722)
             -> cpu.logical_number: %!s(int64=22)
    Sample #324
        Values: []
        Attributes:
             -> thread.name: python3
             -> thread.id: %!s(int64=1483722)
             -> cpu.logical_number: %!s(int64=22)
    Sample #325
        Values: []
        Attributes:
             -> thread.name: python3
             -> thread.id: %!s(int64=1483722)
             -> cpu.logical_number: %!s(int64=22)
    Sample #326
        Values: []
        Attributes:
             -> thread.name: python3
             -> thread.id: %!s(int64=1483722)
             -> cpu.logical_number: %!s(int64=22)
    Sample #327
        Values: []
        Attributes:
             -> thread.name: python3
             -> thread.id: %!s(int64=1483722)
             -> cpu.logical_number: %!s(int64=22)
    Sample #328
        Values: []
        Attributes:
             -> thread.name: python3
             -> thread.id: %!s(int64=1483722)
             -> cpu.logical_number: %!s(int64=22)
    Sample #329
        Values: []
        Attributes:
             -> thread.name: python3
             -> thread.id: %!s(int64=1483722)
             -> cpu.logical_number: %!s(int64=22)
    Sample #330
        Values: []
        Attributes:
             -> thread.name: python3
             -> thread.id: %!s(int64=1483722)
             -> cpu.logical_number: %!s(int64=22)
    Sample #331
        Values: []
        Attributes:
             -> thread.name: python3
             -> thread.id: %!s(int64=1483722)
             -> cpu.logical_number: %!s(int64=22)
    Sample #332
        Values: []
        Attributes:
             -> thread.name: python3
             -> thread.id: %!s(int64=1483722)
             -> cpu.logical_number: %!s(int64=22)
    Sample #333
        Values: []
        Attributes:
             -> thread.name: python3
             -> thread.id: %!s(int64=1483722)
             -> cpu.logical_number: %!s(int64=22)
    Sample #334
        Values: []
        Attributes:
             -> thread.name: python3
             -> thread.id: %!s(int64=1483722)
             -> cpu.logical_number: %!s(int64=22)
    Sample #335
        Values: []
        Attributes:
             -> thread.name: python3
             -> thread.id: %!s(int64=1483722)
             -> cpu.logical_number: %!s(int64=22)
    Sample #336
        Values: []
        Attributes:
             -> thread.name: python3
             -> thread.id: %!s(int64=1483722)
             -> cpu.logical_number: %!s(int64=22)
    Sample #337
        Values: []
        Attributes:
             -> thread.name: python3
             -> thread.id: %!s(int64=1483722)
             -> cpu.logical_number: %!s(int64=22)
ResourceProfiles #5
Resource SchemaURL: https://opentelemetry.io/schemas/1.37.0
Resource attributes:
     -> process.pid: Int(1483727)
     -> process.executable.path: Str(/usr/bin/tr)
     -> process.executable.name: Str(tr)
ScopeProfiles #0
ScopeProfiles SchemaURL: https://opentelemetry.io/schemas/1.37.0
InstrumentationScope go.opentelemetry.io/ebpf-profiler v0.0.0
Profile #0
    Profile ID     : 
    Start time     : 2026-06-21 23:48:27.872579261 +0000 UTC
    DurationNano   : 6162007925
    Dropped attributes count: 0
    Sample #0
        Values: []
        Attributes:
             -> thread.name: tr
             -> thread.id: %!s(int64=1483727)
             -> cpu.logical_number: %!s(int64=16)
    Sample #1
        Values: []
        Attributes:
             -> thread.name: tr
             -> thread.id: %!s(int64=1483727)
             -> cpu.logical_number: %!s(int64=16)
    Sample #2
        Values: []
        Attributes:
             -> thread.name: tr
             -> thread.id: %!s(int64=1483727)
             -> cpu.logical_number: %!s(int64=16)
    Sample #3
        Values: []
        Attributes:
             -> thread.name: tr
             -> thread.id: %!s(int64=1483727)
             -> cpu.logical_number: %!s(int64=16)
    Sample #4
        Values: []
        Attributes:
             -> thread.name: tr
             -> thread.id: %!s(int64=1483727)
             -> cpu.logical_number: %!s(int64=16)
    Sample #5
        Values: []
        Attributes:
             -> thread.name: tr
             -> thread.id: %!s(int64=1483727)
             -> cpu.logical_number: %!s(int64=16)
    Sample #6
        Values: []
        Attributes:
             -> thread.name: tr
             -> thread.id: %!s(int64=1483727)
             -> cpu.logical_number: %!s(int64=16)
    Sample #7
        Values: []
        Attributes:
             -> thread.name: tr
             -> thread.id: %!s(int64=1483727)
             -> cpu.logical_number: %!s(int64=16)
    Sample #8
        Values: []
        Attributes:
             -> thread.name: tr
             -> thread.id: %!s(int64=1483727)
             -> cpu.logical_number: %!s(int64=16)
    Sample #9
        Values: []
        Attributes:
             -> thread.name: tr
             -> thread.id: %!s(int64=1483727)
             -> cpu.logical_number: %!s(int64=16)
    Sample #10
        Values: []
        Attributes:
             -> thread.name: tr
             -> thread.id: %!s(int64=1483727)
             -> cpu.logical_number: %!s(int64=16)
    Sample #11
        Values: []
        Attributes:
             -> thread.name: tr
             -> thread.id: %!s(int64=1483727)
             -> cpu.logical_number: %!s(int64=16)
    Sample #12
        Values: []
        Attributes:
             -> thread.name: tr
             -> thread.id: %!s(int64=1483727)
             -> cpu.logical_number: %!s(int64=16)
    Sample #13
        Values: []
        Attributes:
             -> thread.name: tr
             -> thread.id: %!s(int64=1483727)
             -> cpu.logical_number: %!s(int64=16)
    Sample #14
        Values: []
        Attributes:
             -> thread.name: tr
             -> thread.id: %!s(int64=1483727)
             -> cpu.logical_number: %!s(int64=16)
    Sample #15
        Values: []
        Attributes:
             -> thread.name: tr
             -> thread.id: %!s(int64=1483727)
             -> cpu.logical_number: %!s(int64=16)
    Sample #16
        Values: []
        Attributes:
             -> thread.name: tr
             -> thread.id: %!s(int64=1483727)
             -> cpu.logical_number: %!s(int64=16)
    Sample #17
        Values: []
        Attributes:
             -> thread.name: tr
             -> thread.id: %!s(int64=1483727)
             -> cpu.logical_number: %!s(int64=16)
    Sample #18
        Values: []
        Attributes:
             -> thread.name: tr
             -> thread.id: %!s(int64=1483727)
             -> cpu.logical_number: %!s(int64=16)
    Sample #19
        Values: []
        Attributes:
             -> thread.name: tr
             -> thread.id: %!s(int64=1483727)
             -> cpu.logical_number: %!s(int64=16)
    Sample #20
        Values: []
        Attributes:
             -> thread.name: tr
             -> thread.id: %!s(int64=1483727)
             -> cpu.logical_number: %!s(int64=16)
    Sample #21
        Values: []
        Attributes:
             -> thread.name: tr
             -> thread.id: %!s(int64=1483727)
             -> cpu.logical_number: %!s(int64=16)
    Sample #22
        Values: []
        Attributes:
             -> thread.name: tr
             -> thread.id: %!s(int64=1483727)
             -> cpu.logical_number: %!s(int64=16)
    Sample #23
        Values: []
        Attributes:
             -> thread.name: tr
             -> thread.id: %!s(int64=1483727)
             -> cpu.logical_number: %!s(int64=16)
    Sample #24
        Values: []
        Attributes:
             -> thread.name: tr
             -> thread.id: %!s(int64=1483727)
             -> cpu.logical_number: %!s(int64=16)
    Sample #25
        Values: []
        Attributes:
             -> thread.name: tr
             -> thread.id: %!s(int64=1483727)
             -> cpu.logical_number: %!s(int64=16)
    Sample #26
        Values: []
        Attributes:
             -> thread.name: tr
             -> thread.id: %!s(int64=1483727)
             -> cpu.logical_number: %!s(int64=16)
    Sample #27
        Values: []
        Attributes:
             -> thread.name: tr
             -> thread.id: %!s(int64=1483727)
             -> cpu.logical_number: %!s(int64=16)
    Sample #28
        Values: []
        Attributes:
             -> thread.name: tr
             -> thread.id: %!s(int64=1483727)
             -> cpu.logical_number: %!s(int64=16)
    Sample #29
        Values: []
        Attributes:
             -> thread.name: tr
             -> thread.id: %!s(int64=1483727)
             -> cpu.logical_number: %!s(int64=16)
ResourceProfiles #6
Resource SchemaURL: https://opentelemetry.io/schemas/1.37.0
Resource attributes:
     -> process.pid: Int(1483714)
     -> process.executable.path: Str(/usr/bin/dash)
     -> process.executable.name: Str(dash)
ScopeProfiles #0
ScopeProfiles SchemaURL: https://opentelemetry.io/schemas/1.37.0
InstrumentationScope go.opentelemetry.io/ebpf-profiler v0.0.0
Profile #0
    Profile ID     : 
    Start time     : 2026-06-21 23:48:27.872579261 +0000 UTC
    DurationNano   : 6162007925
    Dropped attributes count: 0
    Sample #0
        Values: []
        Attributes:
             -> thread.name: lsb_release
             -> thread.id: %!s(int64=1483714)
             -> cpu.logical_number: %!s(int64=10)
    Sample #1
        Values: []
        Attributes:
             -> thread.name: lsb_release
             -> thread.id: %!s(int64=1483714)
             -> cpu.logical_number: %!s(int64=10)
    Sample #2
        Values: []
        Attributes:
             -> thread.name: lsb_release
             -> thread.id: %!s(int64=1483714)
             -> cpu.logical_number: %!s(int64=10)
    Sample #3
        Values: []
        Attributes:
             -> thread.name: lsb_release
             -> thread.id: %!s(int64=1483714)
             -> cpu.logical_number: %!s(int64=10)
    Sample #4
        Values: []
        Attributes:
             -> thread.name: lsb_release
             -> thread.id: %!s(int64=1483714)
             -> cpu.logical_number: %!s(int64=10)
    Sample #5
        Values: []
        Attributes:
             -> thread.name: lsb_release
             -> thread.id: %!s(int64=1483714)
             -> cpu.logical_number: %!s(int64=10)
    Sample #6
        Values: []
        Attributes:
             -> thread.name: lsb_release
             -> thread.id: %!s(int64=1483714)
             -> cpu.logical_number: %!s(int64=10)
    Sample #7
        Values: []
        Attributes:
             -> thread.name: lsb_release
             -> thread.id: %!s(int64=1483714)
             -> cpu.logical_number: %!s(int64=10)
    Sample #8
        Values: []
        Attributes:
             -> thread.name: lsb_release
             -> thread.id: %!s(int64=1483714)
             -> cpu.logical_number: %!s(int64=10)
    Sample #9
        Values: []
        Attributes:
             -> thread.name: lsb_release
             -> thread.id: %!s(int64=1483714)
             -> cpu.logical_number: %!s(int64=10)
    Sample #10
        Values: []
        Attributes:
             -> thread.name: lsb_release
             -> thread.id: %!s(int64=1483714)
             -> cpu.logical_number: %!s(int64=10)
    Sample #11
        Values: []
        Attributes:
             -> thread.name: lsb_release
             -> thread.id: %!s(int64=1483714)
             -> cpu.logical_number: %!s(int64=10)
    Sample #12
        Values: []
        Attributes:
             -> thread.name: lsb_release
             -> thread.id: %!s(int64=1483714)
             -> cpu.logical_number: %!s(int64=10)
    Sample #13
        Values: []
        Attributes:
             -> thread.name: lsb_release
             -> thread.id: %!s(int64=1483714)
             -> cpu.logical_number: %!s(int64=10)
    Sample #14
        Values: []
        Attributes:
             -> thread.name: lsb_release
             -> thread.id: %!s(int64=1483714)
             -> cpu.logical_number: %!s(int64=10)
    Sample #15
        Values: []
        Attributes:
             -> thread.name: lsb_release
             -> thread.id: %!s(int64=1483714)
             -> cpu.logical_number: %!s(int64=10)
    Sample #16
        Values: []
        Attributes:
             -> thread.name: lsb_release
             -> thread.id: %!s(int64=1483714)
             -> cpu.logical_number: %!s(int64=10)
ResourceProfiles #7
Resource SchemaURL: https://opentelemetry.io/schemas/1.37.0
Resource attributes:
     -> process.pid: Int(1483751)
     -> process.executable.path: Str(/usr/bin/python3.12)
     -> process.executable.name: Str(python3.12)
ScopeProfiles #0
ScopeProfiles SchemaURL: https://opentelemetry.io/schemas/1.37.0
InstrumentationScope go.opentelemetry.io/ebpf-profiler v0.0.0
Profile #0
    Profile ID     : 
    Start time     : 2026-06-21 23:48:27.872579261 +0000 UTC
    DurationNano   : 6162007925
    Dropped attributes count: 0
    Sample #0
        Values: []
        Attributes:
             -> thread.name: python3
             -> thread.id: %!s(int64=1483751)
             -> cpu.logical_number: %!s(int64=18)
    Sample #1
        Values: []
        Attributes:
             -> thread.name: python3
             -> thread.id: %!s(int64=1483751)
             -> cpu.logical_number: %!s(int64=18)
    Sample #2
        Values: []
        Attributes:
             -> thread.name: python3
             -> thread.id: %!s(int64=1483751)
             -> cpu.logical_number: %!s(int64=18)
    Sample #3
        Values: []
        Attributes:
             -> thread.name: python3
             -> thread.id: %!s(int64=1483751)
             -> cpu.logical_number: %!s(int64=18)
    Sample #4
        Values: []
        Attributes:
             -> thread.name: python3
             -> thread.id: %!s(int64=1483751)
             -> cpu.logical_number: %!s(int64=18)
    Sample #5
        Values: []
        Attributes:
             -> thread.name: python3
             -> thread.id: %!s(int64=1483751)
             -> cpu.logical_number: %!s(int64=18)
    Sample #6
        Values: []
        Attributes:
             -> thread.name: python3
             -> thread.id: %!s(int64=1483751)
             -> cpu.logical_number: %!s(int64=18)
    Sample #7
        Values: []
        Attributes:
             -> thread.name: python3
             -> thread.id: %!s(int64=1483751)
             -> cpu.logical_number: %!s(int64=18)
    Sample #8
        Values: []
        Attributes:
             -> thread.name: python3
             -> thread.id: %!s(int64=1483751)
             -> cpu.logical_number: %!s(int64=18)
    Sample #9
        Values: []
        Attributes:
             -> thread.name: python3
             -> thread.id: %!s(int64=1483751)
             -> cpu.logical_number: %!s(int64=18)
    Sample #10
        Values: []
        Attributes:
             -> thread.name: python3
             -> thread.id: %!s(int64=1483751)
             -> cpu.logical_number: %!s(int64=18)
    Sample #11
        Values: []
        Attributes:
             -> thread.name: python3
             -> thread.id: %!s(int64=1483751)
             -> cpu.logical_number: %!s(int64=18)
    Sample #12
        Values: []
        Attributes:
             -> thread.name: python3
             -> thread.id: %!s(int64=1483751)
             -> cpu.logical_number: %!s(int64=18)
    Sample #13
        Values: []
        Attributes:
             -> thread.name: python3
             -> thread.id: %!s(int64=1483751)
             -> cpu.logical_number: %!s(int64=18)
    Sample #14
        Values: []
        Attributes:
             -> thread.name: python3
             -> thread.id: %!s(int64=1483751)
             -> cpu.logical_number: %!s(int64=18)
    Sample #15
        Values: []
        Attributes:
             -> thread.name: python3
             -> thread.id: %!s(int64=1483751)
             -> cpu.logical_number: %!s(int64=18)
    Sample #16
        Values: []
        Attributes:
             -> thread.name: python3
             -> thread.id: %!s(int64=1483751)
             -> cpu.logical_number: %!s(int64=18)
    Sample #17
        Values: []
        Attributes:
             -> thread.name: python3
             -> thread.id: %!s(int64=1483751)
             -> cpu.logical_number: %!s(int64=18)
    Sample #18
        Values: []
        Attributes:
             -> thread.name: python3
             -> thread.id: %!s(int64=1483751)
             -> cpu.logical_number: %!s(int64=18)
    Sample #19
        Values: []
        Attributes:
             -> thread.name: python3
             -> thread.id: %!s(int64=1483751)
             -> cpu.logical_number: %!s(int64=18)
    Sample #20
        Values: []
        Attributes:
             -> thread.name: python3
             -> thread.id: %!s(int64=1483751)
             -> cpu.logical_number: %!s(int64=18)
    Sample #21
        Values: []
        Attributes:
             -> thread.name: python3
             -> thread.id: %!s(int64=1483751)
             -> cpu.logical_number: %!s(int64=18)
    Sample #22
        Values: []
        Attributes:
             -> thread.name: python3
             -> thread.id: %!s(int64=1483751)
             -> cpu.logical_number: %!s(int64=18)
    Sample #23
        Values: []
        Attributes:
             -> thread.name: python3
             -> thread.id: %!s(int64=1483751)
             -> cpu.logical_number: %!s(int64=18)
    Sample #24
        Values: []
        Attributes:
             -> thread.name: python3
             -> thread.id: %!s(int64=1483751)
             -> cpu.logical_number: %!s(int64=18)
    Sample #25
        Values: []
        Attributes:
             -> thread.name: python3
             -> thread.id: %!s(int64=1483751)
             -> cpu.logical_number: %!s(int64=18)
    Sample #26
        Values: []
        Attributes:
             -> thread.name: python3
             -> thread.id: %!s(int64=1483751)
             -> cpu.logical_number: %!s(int64=18)
    Sample #27
        Values: []
        Attributes:
             -> thread.name: python3
             -> thread.id: %!s(int64=1483751)
             -> cpu.logical_number: %!s(int64=18)
    Sample #28
        Values: []
        Attributes:
             -> thread.name: python3
             -> thread.id: %!s(int64=1483751)
             -> cpu.logical_number: %!s(int64=18)
    Sample #29
        Values: []
        Attributes:
             -> thread.name: python3
             -> thread.id: %!s(int64=1483751)
             -> cpu.logical_number: %!s(int64=18)
    Sample #30
        Values: []
        Attributes:
             -> thread.name: python3
             -> thread.id: %!s(int64=1483751)
             -> cpu.logical_number: %!s(int64=18)
    Sample #31
        Values: []
        Attributes:
             -> thread.name: python3
             -> thread.id: %!s(int64=1483751)
             -> cpu.logical_number: %!s(int64=18)
    Sample #32
        Values: []
        Attributes:
             -> thread.name: python3
             -> thread.id: %!s(int64=1483751)
             -> cpu.logical_number: %!s(int64=18)
    Sample #33
        Values: []
        Attributes:
             -> thread.name: python3
             -> thread.id: %!s(int64=1483751)
             -> cpu.logical_number: %!s(int64=18)
    Sample #34
        Values: []
        Attributes:
             -> thread.name: python3
             -> thread.id: %!s(int64=1483751)
             -> cpu.logical_number: %!s(int64=18)
    Sample #35
        Values: []
        Attributes:
             -> thread.name: python3
             -> thread.id: %!s(int64=1483751)
             -> cpu.logical_number: %!s(int64=18)
    Sample #36
        Values: []
        Attributes:
             -> thread.name: python3
             -> thread.id: %!s(int64=1483751)
             -> cpu.logical_number: %!s(int64=18)
    Sample #37
        Values: []
        Attributes:
             -> thread.name: python3
             -> thread.id: %!s(int64=1483751)
             -> cpu.logical_number: %!s(int64=18)
    Sample #38
        Values: []
        Attributes:
             -> thread.name: python3
             -> thread.id: %!s(int64=1483751)
             -> cpu.logical_number: %!s(int64=18)
    Sample #39
        Values: []
        Attributes:
             -> thread.name: python3
             -> thread.id: %!s(int64=1483751)
             -> cpu.logical_number: %!s(int64=18)
    Sample #40
        Values: []
        Attributes:
             -> thread.name: python3
             -> thread.id: %!s(int64=1483751)
             -> cpu.logical_number: %!s(int64=18)
    Sample #41
        Values: []
        Attributes:
             -> thread.name: python3
             -> thread.id: %!s(int64=1483751)
             -> cpu.logical_number: %!s(int64=18)
    Sample #42
        Values: []
        Attributes:
             -> thread.name: python3
             -> thread.id: %!s(int64=1483751)
             -> cpu.logical_number: %!s(int64=18)
    Sample #43
        Values: []
        Attributes:
             -> thread.name: python3
             -> thread.id: %!s(int64=1483751)
             -> cpu.logical_number: %!s(int64=18)
    Sample #44
        Values: []
        Attributes:
             -> thread.name: python3
             -> thread.id: %!s(int64=1483751)
             -> cpu.logical_number: %!s(int64=18)
    Sample #45
        Values: []
        Attributes:
             -> thread.name: python3
             -> thread.id: %!s(int64=1483751)
             -> cpu.logical_number: %!s(int64=18)
    Sample #46
        Values: []
        Attributes:
             -> thread.name: python3
             -> thread.id: %!s(int64=1483751)
             -> cpu.logical_number: %!s(int64=18)
    Sample #47
        Values: []
        Attributes:
             -> thread.name: python3
             -> thread.id: %!s(int64=1483751)
             -> cpu.logical_number: %!s(int64=18)
    Sample #48
        Values: []
        Attributes:
             -> thread.name: python3
             -> thread.id: %!s(int64=1483751)
             -> cpu.logical_number: %!s(int64=18)
    Sample #49
        Values: []
        Attributes:
             -> thread.name: python3
             -> thread.id: %!s(int64=1483751)
             -> cpu.logical_number: %!s(int64=18)
    Sample #50
        Values: []
        Attributes:
             -> thread.name: python3
             -> thread.id: %!s(int64=1483751)
             -> cpu.logical_number: %!s(int64=18)
    Sample #51
        Values: []
        Attributes:
             -> thread.name: python3
             -> thread.id: %!s(int64=1483751)
             -> cpu.logical_number: %!s(int64=18)
    Sample #52
        Values: []
        Attributes:
             -> thread.name: python3
             -> thread.id: %!s(int64=1483751)
             -> cpu.logical_number: %!s(int64=18)
    Sample #53
        Values: []
        Attributes:
             -> thread.name: python3
             -> thread.id: %!s(int64=1483751)
             -> cpu.logical_number: %!s(int64=18)
    Sample #54
        Values: []
        Attributes:
             -> thread.name: python3
             -> thread.id: %!s(int64=1483751)
             -> cpu.logical_number: %!s(int64=18)
    Sample #55
        Values: []
        Attributes:
             -> thread.name: python3
             -> thread.id: %!s(int64=1483751)
             -> cpu.logical_number: %!s(int64=18)
    Sample #56
        Values: []
        Attributes:
             -> thread.name: python3
             -> thread.id: %!s(int64=1483751)
             -> cpu.logical_number: %!s(int64=18)
    Sample #57
        Values: []
        Attributes:
             -> thread.name: python3
             -> thread.id: %!s(int64=1483751)
             -> cpu.logical_number: %!s(int64=18)
    Sample #58
        Values: []
        Attributes:
             -> thread.name: python3
             -> thread.id: %!s(int64=1483751)
             -> cpu.logical_number: %!s(int64=18)
    Sample #59
        Values: []
        Attributes:
             -> thread.name: python3
             -> thread.id: %!s(int64=1483751)
             -> cpu.logical_number: %!s(int64=18)
    Sample #60
        Values: []
        Attributes:
             -> thread.name: python3
             -> thread.id: %!s(int64=1483751)
             -> cpu.logical_number: %!s(int64=18)
    Sample #61
        Values: []
        Attributes:
             -> thread.name: python3
             -> thread.id: %!s(int64=1483751)
             -> cpu.logical_number: %!s(int64=18)
    Sample #62
        Values: []
        Attributes:
             -> thread.name: python3
             -> thread.id: %!s(int64=1483751)
             -> cpu.logical_number: %!s(int64=18)
ResourceProfiles #8
Resource SchemaURL: https://opentelemetry.io/schemas/1.37.0
Resource attributes:
     -> process.pid: Int(1483771)
     -> process.executable.path: Str(/usr/bin/python3.12)
     -> process.executable.name: Str(python3.12)
ScopeProfiles #0
ScopeProfiles SchemaURL: https://opentelemetry.io/schemas/1.37.0
InstrumentationScope go.opentelemetry.io/ebpf-profiler v0.0.0
Profile #0
    Profile ID     : 
    Start time     : 2026-06-21 23:48:27.872579261 +0000 UTC
    DurationNano   : 6162007925
    Dropped attributes count: 0
    Sample #0
        Values: []
        Attributes:
             -> thread.name: python3
             -> thread.id: %!s(int64=1483771)
             -> cpu.logical_number: %!s(int64=13)
    Sample #1
        Values: []
        Attributes:
             -> thread.name: python3
             -> thread.id: %!s(int64=1483771)
             -> cpu.logical_number: %!s(int64=13)
    Sample #2
        Values: []
        Attributes:
             -> thread.name: python3
             -> thread.id: %!s(int64=1483771)
             -> cpu.logical_number: %!s(int64=13)
    Sample #3
        Values: []
        Attributes:
             -> thread.name: python3
             -> thread.id: %!s(int64=1483771)
             -> cpu.logical_number: %!s(int64=13)
    Sample #4
        Values: []
        Attributes:
             -> thread.name: python3
             -> thread.id: %!s(int64=1483771)
             -> cpu.logical_number: %!s(int64=13)
    Sample #5
        Values: []
        Attributes:
             -> thread.name: python3
             -> thread.id: %!s(int64=1483771)
             -> cpu.logical_number: %!s(int64=13)
    Sample #6
        Values: []
        Attributes:
             -> thread.name: python3
             -> thread.id: %!s(int64=1483771)
             -> cpu.logical_number: %!s(int64=13)
    Sample #7
        Values: []
        Attributes:
             -> thread.name: python3
             -> thread.id: %!s(int64=1483771)
             -> cpu.logical_number: %!s(int64=13)
    Sample #8
        Values: []
        Attributes:
             -> thread.name: python3
             -> thread.id: %!s(int64=1483771)
             -> cpu.logical_number: %!s(int64=13)
    Sample #9
        Values: []
        Attributes:
             -> thread.name: python3
             -> thread.id: %!s(int64=1483771)
             -> cpu.logical_number: %!s(int64=13)
    Sample #10
        Values: []
        Attributes:
             -> thread.name: python3
             -> thread.id: %!s(int64=1483771)
             -> cpu.logical_number: %!s(int64=13)
    Sample #11
        Values: []
        Attributes:
             -> thread.name: python3
             -> thread.id: %!s(int64=1483771)
             -> cpu.logical_number: %!s(int64=13)
    Sample #12
        Values: []
        Attributes:
             -> thread.name: python3
             -> thread.id: %!s(int64=1483771)
             -> cpu.logical_number: %!s(int64=13)
    Sample #13
        Values: []
        Attributes:
             -> thread.name: python3
             -> thread.id: %!s(int64=1483771)
             -> cpu.logical_number: %!s(int64=13)
    Sample #14
        Values: []
        Attributes:
             -> thread.name: python3
             -> thread.id: %!s(int64=1483771)
             -> cpu.logical_number: %!s(int64=13)
    Sample #15
        Values: []
        Attributes:
             -> thread.name: python3
             -> thread.id: %!s(int64=1483771)
             -> cpu.logical_number: %!s(int64=13)
    Sample #16
        Values: []
        Attributes:
             -> thread.name: python3
             -> thread.id: %!s(int64=1483771)
             -> cpu.logical_number: %!s(int64=13)
    Sample #17
        Values: []
        Attributes:
             -> thread.name: python3
             -> thread.id: %!s(int64=1483771)
             -> cpu.logical_number: %!s(int64=13)
    Sample #18
        Values: []
        Attributes:
             -> thread.name: python3
             -> thread.id: %!s(int64=1483771)
             -> cpu.logical_number: %!s(int64=13)
    Sample #19
        Values: []
        Attributes:
             -> thread.name: python3
             -> thread.id: %!s(int64=1483771)
             -> cpu.logical_number: %!s(int64=13)
    Sample #20
        Values: []
        Attributes:
             -> thread.name: python3
             -> thread.id: %!s(int64=1483771)
             -> cpu.logical_number: %!s(int64=13)
    Sample #21
        Values: []
        Attributes:
             -> thread.name: python3
             -> thread.id: %!s(int64=1483771)
             -> cpu.logical_number: %!s(int64=13)
    Sample #22
        Values: []
        Attributes:
             -> thread.name: python3
             -> thread.id: %!s(int64=1483771)
             -> cpu.logical_number: %!s(int64=13)
    Sample #23
        Values: []
        Attributes:
             -> thread.name: python3
             -> thread.id: %!s(int64=1483771)
             -> cpu.logical_number: %!s(int64=13)
    Sample #24
        Values: []
        Attributes:
             -> thread.name: python3
             -> thread.id: %!s(int64=1483771)
             -> cpu.logical_number: %!s(int64=13)
    Sample #25
        Values: []
        Attributes:
             -> thread.name: python3
             -> thread.id: %!s(int64=1483771)
             -> cpu.logical_number: %!s(int64=13)
    Sample #26
        Values: []
        Attributes:
             -> thread.name: python3
             -> thread.id: %!s(int64=1483771)
             -> cpu.logical_number: %!s(int64=13)
    Sample #27
        Values: []
        Attributes:
             -> thread.name: python3
             -> thread.id: %!s(int64=1483771)
             -> cpu.logical_number: %!s(int64=13)
    Sample #28
        Values: []
        Attributes:
             -> thread.name: python3
             -> thread.id: %!s(int64=1483771)
             -> cpu.logical_number: %!s(int64=13)
    Sample #29
        Values: []
        Attributes:
             -> thread.name: python3
             -> thread.id: %!s(int64=1483771)
             -> cpu.logical_number: %!s(int64=13)
    Sample #30
        Values: []
        Attributes:
             -> thread.name: python3
             -> thread.id: %!s(int64=1483771)
             -> cpu.logical_number: %!s(int64=13)
    Sample #31
        Values: []
        Attributes:
             -> thread.name: python3
             -> thread.id: %!s(int64=1483771)
             -> cpu.logical_number: %!s(int64=13)
    Sample #32
        Values: []
        Attributes:
             -> thread.name: python3
             -> thread.id: %!s(int64=1483771)
             -> cpu.logical_number: %!s(int64=13)
ResourceProfiles #9
Resource SchemaURL: https://opentelemetry.io/schemas/1.37.0
Resource attributes:
     -> process.pid: Int(6917)
     -> process.executable.path: Str(/home/yunwei37/.nvm/versions/node/v22.22.0/lib/node_modules/@openai/codex/node_modules/@openai/codex-linux-x64/vendor/x86_64-unknown-linux-musl/bin/codex)
     -> process.executable.name: Str(codex)
ScopeProfiles #0
ScopeProfiles SchemaURL: https://opentelemetry.io/schemas/1.37.0
InstrumentationScope go.opentelemetry.io/ebpf-profiler v0.0.0
Profile #0
    Profile ID     : 
    Start time     : 2026-06-21 23:48:27.872579261 +0000 UTC
    DurationNano   : 6162007925
    Dropped attributes count: 0
    Sample #0
        Values: []
        Attributes:
             -> thread.name: tokio-rt-worker
             -> thread.id: %!s(int64=6931)
             -> cpu.logical_number: %!s(int64=15)
    Sample #1
        Values: []
        Attributes:
             -> thread.name: tokio-rt-worker
             -> thread.id: %!s(int64=6930)
             -> cpu.logical_number: %!s(int64=20)
ResourceProfiles #10
Resource SchemaURL: https://opentelemetry.io/schemas/1.37.0
Resource attributes:
     -> process.pid: Int(1483702)
     -> process.executable.path: Str(/usr/bin/python3.12)
     -> process.executable.name: Str(python3.12)
ScopeProfiles #0
ScopeProfiles SchemaURL: https://opentelemetry.io/schemas/1.37.0
InstrumentationScope go.opentelemetry.io/ebpf-profiler v0.0.0
Profile #0
    Profile ID     : 
    Start time     : 2026-06-21 23:48:27.872579261 +0000 UTC
    DurationNano   : 6162007925
    Dropped attributes count: 0
    Sample #0
        Values: []
        Attributes:
             -> thread.name: python3
             -> thread.id: %!s(int64=1483702)
             -> cpu.logical_number: %!s(int64=21)
    Sample #1
        Values: []
        Attributes:
             -> thread.name: python3
             -> thread.id: %!s(int64=1483702)
             -> cpu.logical_number: %!s(int64=21)
    Sample #2
        Values: []
        Attributes:
             -> thread.name: python3
             -> thread.id: %!s(int64=1483702)
             -> cpu.logical_number: %!s(int64=21)
    Sample #3
        Values: []
        Attributes:
             -> thread.name: python3
             -> thread.id: %!s(int64=1483702)
             -> cpu.logical_number: %!s(int64=21)
    Sample #4
        Values: []
        Attributes:
             -> thread.name: python3
             -> thread.id: %!s(int64=1483702)
             -> cpu.logical_number: %!s(int64=21)
    Sample #5
        Values: []
        Attributes:
             -> thread.name: python3
             -> thread.id: %!s(int64=1483702)
             -> cpu.logical_number: %!s(int64=21)
    Sample #6
        Values: []
        Attributes:
             -> thread.name: python3
             -> thread.id: %!s(int64=1483702)
             -> cpu.logical_number: %!s(int64=21)
    Sample #7
        Values: []
        Attributes:
             -> thread.name: python3
             -> thread.id: %!s(int64=1483702)
             -> cpu.logical_number: %!s(int64=21)
    Sample #8
        Values: []
        Attributes:
             -> thread.name: python3
             -> thread.id: %!s(int64=1483702)
             -> cpu.logical_number: %!s(int64=21)
    Sample #9
        Values: []
        Attributes:
             -> thread.name: python3
             -> thread.id: %!s(int64=1483702)
             -> cpu.logical_number: %!s(int64=21)
    Sample #10
        Values: []
        Attributes:
             -> thread.name: python3
             -> thread.id: %!s(int64=1483702)
             -> cpu.logical_number: %!s(int64=21)
    Sample #11
        Values: []
        Attributes:
             -> thread.name: python3
             -> thread.id: %!s(int64=1483702)
             -> cpu.logical_number: %!s(int64=21)
    Sample #12
        Values: []
        Attributes:
             -> thread.name: python3
             -> thread.id: %!s(int64=1483702)
             -> cpu.logical_number: %!s(int64=21)
    Sample #13
        Values: []
        Attributes:
             -> thread.name: python3
             -> thread.id: %!s(int64=1483702)
             -> cpu.logical_number: %!s(int64=21)
    Sample #14
        Values: []
        Attributes:
             -> thread.name: python3
             -> thread.id: %!s(int64=1483702)
             -> cpu.logical_number: %!s(int64=21)
    Sample #15
        Values: []
        Attributes:
             -> thread.name: python3
             -> thread.id: %!s(int64=1483702)
             -> cpu.logical_number: %!s(int64=21)
    Sample #16
        Values: []
        Attributes:
             -> thread.name: python3
             -> thread.id: %!s(int64=1483702)
             -> cpu.logical_number: %!s(int64=21)
    Sample #17
        Values: []
        Attributes:
             -> thread.name: python3
             -> thread.id: %!s(int64=1483702)
             -> cpu.logical_number: %!s(int64=21)
    Sample #18
        Values: []
        Attributes:
             -> thread.name: python3
             -> thread.id: %!s(int64=1483702)
             -> cpu.logical_number: %!s(int64=21)
    Sample #19
        Values: []
        Attributes:
             -> thread.name: python3
             -> thread.id: %!s(int64=1483702)
             -> cpu.logical_number: %!s(int64=21)
    Sample #20
        Values: []
        Attributes:
             -> thread.name: python3
             -> thread.id: %!s(int64=1483702)
             -> cpu.logical_number: %!s(int64=21)
    Sample #21
        Values: []
        Attributes:
             -> thread.name: python3
             -> thread.id: %!s(int64=1483702)
             -> cpu.logical_number: %!s(int64=21)
    Sample #22
        Values: []
        Attributes:
             -> thread.name: python3
             -> thread.id: %!s(int64=1483702)
             -> cpu.logical_number: %!s(int64=21)
    Sample #23
        Values: []
        Attributes:
             -> thread.name: python3
             -> thread.id: %!s(int64=1483702)
             -> cpu.logical_number: %!s(int64=21)
    Sample #24
        Values: []
        Attributes:
             -> thread.name: python3
             -> thread.id: %!s(int64=1483702)
             -> cpu.logical_number: %!s(int64=21)
    Sample #25
        Values: []
        Attributes:
             -> thread.name: python3
             -> thread.id: %!s(int64=1483702)
             -> cpu.logical_number: %!s(int64=21)
    Sample #26
        Values: []
        Attributes:
             -> thread.name: python3
             -> thread.id: %!s(int64=1483702)
             -> cpu.logical_number: %!s(int64=21)
    Sample #27
        Values: []
        Attributes:
             -> thread.name: python3
             -> thread.id: %!s(int64=1483702)
             -> cpu.logical_number: %!s(int64=21)
    Sample #28
        Values: []
        Attributes:
             -> thread.name: python3
             -> thread.id: %!s(int64=1483702)
             -> cpu.logical_number: %!s(int64=21)
    Sample #29
        Values: []
        Attributes:
             -> thread.name: python3
             -> thread.id: %!s(int64=1483702)
             -> cpu.logical_number: %!s(int64=21)
    Sample #30
        Values: []
        Attributes:
             -> thread.name: python3
             -> thread.id: %!s(int64=1483702)
             -> cpu.logical_number: %!s(int64=21)
    Sample #31
        Values: []
        Attributes:
             -> thread.name: python3
             -> thread.id: %!s(int64=1483702)
             -> cpu.logical_number: %!s(int64=21)
    Sample #32
        Values: []
        Attributes:
             -> thread.name: python3
             -> thread.id: %!s(int64=1483702)
             -> cpu.logical_number: %!s(int64=21)
    Sample #33
        Values: []
        Attributes:
             -> thread.name: python3
             -> thread.id: %!s(int64=1483702)
             -> cpu.logical_number: %!s(int64=21)
    Sample #34
        Values: []
        Attributes:
             -> thread.name: python3
             -> thread.id: %!s(int64=1483702)
             -> cpu.logical_number: %!s(int64=21)
    Sample #35
        Values: []
        Attributes:
             -> thread.name: python3
             -> thread.id: %!s(int64=1483702)
             -> cpu.logical_number: %!s(int64=21)
    Sample #36
        Values: []
        Attributes:
             -> thread.name: python3
             -> thread.id: %!s(int64=1483702)
             -> cpu.logical_number: %!s(int64=21)
    Sample #37
        Values: []
        Attributes:
             -> thread.name: python3
             -> thread.id: %!s(int64=1483702)
             -> cpu.logical_number: %!s(int64=21)
    Sample #38
        Values: []
        Attributes:
             -> thread.name: python3
             -> thread.id: %!s(int64=1483702)
             -> cpu.logical_number: %!s(int64=21)
    Sample #39
        Values: []
        Attributes:
             -> thread.name: python3
             -> thread.id: %!s(int64=1483702)
             -> cpu.logical_number: %!s(int64=21)
    Sample #40
        Values: []
        Attributes:
             -> thread.name: python3
             -> thread.id: %!s(int64=1483702)
             -> cpu.logical_number: %!s(int64=21)
    Sample #41
        Values: []
        Attributes:
             -> thread.name: python3
             -> thread.id: %!s(int64=1483702)
             -> cpu.logical_number: %!s(int64=21)
    Sample #42
        Values: []
        Attributes:
             -> thread.name: python3
             -> thread.id: %!s(int64=1483702)
             -> cpu.logical_number: %!s(int64=21)
    Sample #43
        Values: []
        Attributes:
             -> thread.name: python3
             -> thread.id: %!s(int64=1483702)
             -> cpu.logical_number: %!s(int64=21)
    Sample #44
        Values: []
        Attributes:
             -> thread.name: python3
             -> thread.id: %!s(int64=1483702)
             -> cpu.logical_number: %!s(int64=21)
    Sample #45
        Values: []
        Attributes:
             -> thread.name: python3
             -> thread.id: %!s(int64=1483702)
             -> cpu.logical_number: %!s(int64=21)
    Sample #46
        Values: []
        Attributes:
             -> thread.name: python3
             -> thread.id: %!s(int64=1483702)
             -> cpu.logical_number: %!s(int64=21)
    Sample #47
        Values: []
        Attributes:
             -> thread.name: python3
             -> thread.id: %!s(int64=1483702)
             -> cpu.logical_number: %!s(int64=21)
    Sample #48
        Values: []
        Attributes:
             -> thread.name: python3
             -> thread.id: %!s(int64=1483702)
             -> cpu.logical_number: %!s(int64=21)
    Sample #49
        Values: []
        Attributes:
             -> thread.name: python3
             -> thread.id: %!s(int64=1483702)
             -> cpu.logical_number: %!s(int64=21)
    Sample #50
        Values: []
        Attributes:
             -> thread.name: python3
             -> thread.id: %!s(int64=1483702)
             -> cpu.logical_number: %!s(int64=21)
    Sample #51
        Values: []
        Attributes:
             -> thread.name: python3
             -> thread.id: %!s(int64=1483702)
             -> cpu.logical_number: %!s(int64=21)
    Sample #52
        Values: []
        Attributes:
             -> thread.name: python3
             -> thread.id: %!s(int64=1483702)
             -> cpu.logical_number: %!s(int64=21)
    Sample #53
        Values: []
        Attributes:
             -> thread.name: python3
             -> thread.id: %!s(int64=1483702)
             -> cpu.logical_number: %!s(int64=21)
    Sample #54
        Values: []
        Attributes:
             -> thread.name: python3
             -> thread.id: %!s(int64=1483702)
             -> cpu.logical_number: %!s(int64=21)
    Sample #55
        Values: []
        Attributes:
             -> thread.name: python3
             -> thread.id: %!s(int64=1483702)
             -> cpu.logical_number: %!s(int64=21)
    Sample #56
        Values: []
        Attributes:
             -> thread.name: python3
             -> thread.id: %!s(int64=1483702)
             -> cpu.logical_number: %!s(int64=21)
    Sample #57
        Values: []
        Attributes:
             -> thread.name: python3
             -> thread.id: %!s(int64=1483702)
             -> cpu.logical_number: %!s(int64=21)
    Sample #58
        Values: []
        Attributes:
             -> thread.name: python3
             -> thread.id: %!s(int64=1483702)
             -> cpu.logical_number: %!s(int64=21)
    Sample #59
        Values: []
        Attributes:
             -> thread.name: python3
             -> thread.id: %!s(int64=1483702)
             -> cpu.logical_number: %!s(int64=21)
    Sample #60
        Values: []
        Attributes:
             -> thread.name: python3
             -> thread.id: %!s(int64=1483702)
             -> cpu.logical_number: %!s(int64=21)
    Sample #61
        Values: []
        Attributes:
             -> thread.name: python3
             -> thread.id: %!s(int64=1483702)
             -> cpu.logical_number: %!s(int64=21)
    Sample #62
        Values: []
        Attributes:
             -> thread.name: python3
             -> thread.id: %!s(int64=1483702)
             -> cpu.logical_number: %!s(int64=21)
    Sample #63
        Values: []
        Attributes:
             -> thread.name: python3
             -> thread.id: %!s(int64=1483702)
             -> cpu.logical_number: %!s(int64=21)
    Sample #64
        Values: []
        Attributes:
             -> thread.name: python3
             -> thread.id: %!s(int64=1483702)
             -> cpu.logical_number: %!s(int64=21)
    Sample #65
        Values: []
        Attributes:
             -> thread.name: python3
             -> thread.id: %!s(int64=1483702)
             -> cpu.logical_number: %!s(int64=21)
    Sample #66
        Values: []
        Attributes:
             -> thread.name: python3
             -> thread.id: %!s(int64=1483702)
             -> cpu.logical_number: %!s(int64=21)
    Sample #67
        Values: []
        Attributes:
             -> thread.name: python3
             -> thread.id: %!s(int64=1483702)
             -> cpu.logical_number: %!s(int64=21)
    Sample #68
        Values: []
        Attributes:
             -> thread.name: python3
             -> thread.id: %!s(int64=1483702)
             -> cpu.logical_number: %!s(int64=21)
    Sample #69
        Values: []
        Attributes:
             -> thread.name: python3
             -> thread.id: %!s(int64=1483702)
             -> cpu.logical_number: %!s(int64=21)
    Sample #70
        Values: []
        Attributes:
             -> thread.name: python3
             -> thread.id: %!s(int64=1483702)
             -> cpu.logical_number: %!s(int64=21)
    Sample #71
        Values: []
        Attributes:
             -> thread.name: python3
             -> thread.id: %!s(int64=1483702)
             -> cpu.logical_number: %!s(int64=21)
    Sample #72
        Values: []
        Attributes:
             -> thread.name: python3
             -> thread.id: %!s(int64=1483702)
             -> cpu.logical_number: %!s(int64=21)
    Sample #73
        Values: []
        Attributes:
             -> thread.name: python3
             -> thread.id: %!s(int64=1483702)
             -> cpu.logical_number: %!s(int64=21)
    Sample #74
        Values: []
        Attributes:
             -> thread.name: python3
             -> thread.id: %!s(int64=1483702)
             -> cpu.logical_number: %!s(int64=21)
    Sample #75
        Values: []
        Attributes:
             -> thread.name: python3
             -> thread.id: %!s(int64=1483702)
             -> cpu.logical_number: %!s(int64=21)
    Sample #76
        Values: []
        Attributes:
             -> thread.name: python3
             -> thread.id: %!s(int64=1483702)
             -> cpu.logical_number: %!s(int64=21)
    Sample #77
        Values: []
        Attributes:
             -> thread.name: python3
             -> thread.id: %!s(int64=1483702)
             -> cpu.logical_number: %!s(int64=21)
    Sample #78
        Values: []
        Attributes:
             -> thread.name: python3
             -> thread.id: %!s(int64=1483702)
             -> cpu.logical_number: %!s(int64=21)
    Sample #79
        Values: []
        Attributes:
             -> thread.name: python3
             -> thread.id: %!s(int64=1483702)
             -> cpu.logical_number: %!s(int64=21)
    Sample #80
        Values: []
        Attributes:
             -> thread.name: python3
             -> thread.id: %!s(int64=1483702)
             -> cpu.logical_number: %!s(int64=21)
    Sample #81
        Values: []
        Attributes:
             -> thread.name: python3
             -> thread.id: %!s(int64=1483702)
             -> cpu.logical_number: %!s(int64=21)
    Sample #82
        Values: []
        Attributes:
             -> thread.name: python3
             -> thread.id: %!s(int64=1483702)
             -> cpu.logical_number: %!s(int64=21)
    Sample #83
        Values: []
        Attributes:
             -> thread.name: python3
             -> thread.id: %!s(int64=1483702)
             -> cpu.logical_number: %!s(int64=21)
    Sample #84
        Values: []
        Attributes:
             -> thread.name: python3
             -> thread.id: %!s(int64=1483702)
             -> cpu.logical_number: %!s(int64=21)
    Sample #85
        Values: []
        Attributes:
             -> thread.name: python3
             -> thread.id: %!s(int64=1483702)
             -> cpu.logical_number: %!s(int64=21)
    Sample #86
        Values: []
        Attributes:
             -> thread.name: python3
             -> thread.id: %!s(int64=1483702)
             -> cpu.logical_number: %!s(int64=21)
    Sample #87
        Values: []
        Attributes:
             -> thread.name: python3
             -> thread.id: %!s(int64=1483702)
             -> cpu.logical_number: %!s(int64=21)
    Sample #88
        Values: []
        Attributes:
             -> thread.name: python3
             -> thread.id: %!s(int64=1483702)
             -> cpu.logical_number: %!s(int64=21)
    Sample #89
        Values: []
        Attributes:
             -> thread.name: python3
             -> thread.id: %!s(int64=1483702)
             -> cpu.logical_number: %!s(int64=21)
    Sample #90
        Values: []
        Attributes:
             -> thread.name: python3
             -> thread.id: %!s(int64=1483702)
             -> cpu.logical_number: %!s(int64=21)
    Sample #91
        Values: []
        Attributes:
             -> thread.name: python3
             -> thread.id: %!s(int64=1483702)
             -> cpu.logical_number: %!s(int64=21)
    Sample #92
        Values: []
        Attributes:
             -> thread.name: python3
             -> thread.id: %!s(int64=1483702)
             -> cpu.logical_number: %!s(int64=21)
    Sample #93
        Values: []
        Attributes:
             -> thread.name: python3
             -> thread.id: %!s(int64=1483702)
             -> cpu.logical_number: %!s(int64=21)
    Sample #94
        Values: []
        Attributes:
             -> thread.name: python3
             -> thread.id: %!s(int64=1483702)
             -> cpu.logical_number: %!s(int64=21)
    Sample #95
        Values: []
        Attributes:
             -> thread.name: python3
             -> thread.id: %!s(int64=1483702)
             -> cpu.logical_number: %!s(int64=21)
    Sample #96
        Values: []
        Attributes:
             -> thread.name: python3
             -> thread.id: %!s(int64=1483702)
             -> cpu.logical_number: %!s(int64=21)
    Sample #97
        Values: []
        Attributes:
             -> thread.name: python3
             -> thread.id: %!s(int64=1483702)
             -> cpu.logical_number: %!s(int64=21)
    Sample #98
        Values: []
        Attributes:
             -> thread.name: python3
             -> thread.id: %!s(int64=1483702)
             -> cpu.logical_number: %!s(int64=21)
    Sample #99
        Values: []
        Attributes:
             -> thread.name: python3
             -> thread.id: %!s(int64=1483702)
             -> cpu.logical_number: %!s(int64=21)
    Sample #100
        Values: []
        Attributes:
             -> thread.name: python3
             -> thread.id: %!s(int64=1483702)
             -> cpu.logical_number: %!s(int64=21)
    Sample #101
        Values: []
        Attributes:
             -> thread.name: python3
             -> thread.id: %!s(int64=1483702)
             -> cpu.logical_number: %!s(int64=21)
    Sample #102
        Values: []
        Attributes:
             -> thread.name: python3
             -> thread.id: %!s(int64=1483702)
             -> cpu.logical_number: %!s(int64=21)
    Sample #103
        Values: []
        Attributes:
             -> thread.name: python3
             -> thread.id: %!s(int64=1483702)
             -> cpu.logical_number: %!s(int64=21)
    Sample #104
        Values: []
        Attributes:
             -> thread.name: python3
             -> thread.id: %!s(int64=1483702)
             -> cpu.logical_number: %!s(int64=21)
    Sample #105
        Values: []
        Attributes:
             -> thread.name: python3
             -> thread.id: %!s(int64=1483702)
             -> cpu.logical_number: %!s(int64=21)
    Sample #106
        Values: []
        Attributes:
             -> thread.name: python3
             -> thread.id: %!s(int64=1483702)
             -> cpu.logical_number: %!s(int64=21)
    Sample #107
        Values: []
        Attributes:
             -> thread.name: python3
             -> thread.id: %!s(int64=1483702)
             -> cpu.logical_number: %!s(int64=21)
    Sample #108
        Values: []
        Attributes:
             -> thread.name: python3
             -> thread.id: %!s(int64=1483702)
             -> cpu.logical_number: %!s(int64=21)
    Sample #109
        Values: []
        Attributes:
             -> thread.name: python3
             -> thread.id: %!s(int64=1483702)
             -> cpu.logical_number: %!s(int64=21)
    Sample #110
        Values: []
        Attributes:
             -> thread.name: python3
             -> thread.id: %!s(int64=1483702)
             -> cpu.logical_number: %!s(int64=21)
    Sample #111
        Values: []
        Attributes:
             -> thread.name: python3
             -> thread.id: %!s(int64=1483702)
             -> cpu.logical_number: %!s(int64=21)
    Sample #112
        Values: []
        Attributes:
             -> thread.name: python3
             -> thread.id: %!s(int64=1483702)
             -> cpu.logical_number: %!s(int64=21)
    Sample #113
        Values: []
        Attributes:
             -> thread.name: python3
             -> thread.id: %!s(int64=1483702)
             -> cpu.logical_number: %!s(int64=21)
    Sample #114
        Values: []
        Attributes:
             -> thread.name: python3
             -> thread.id: %!s(int64=1483702)
             -> cpu.logical_number: %!s(int64=21)
    Sample #115
        Values: []
        Attributes:
             -> thread.name: python3
             -> thread.id: %!s(int64=1483702)
             -> cpu.logical_number: %!s(int64=21)
    Sample #116
        Values: []
        Attributes:
             -> thread.name: python3
             -> thread.id: %!s(int64=1483702)
             -> cpu.logical_number: %!s(int64=21)
    Sample #117
        Values: []
        Attributes:
             -> thread.name: python3
             -> thread.id: %!s(int64=1483702)
             -> cpu.logical_number: %!s(int64=21)
    Sample #118
        Values: []
        Attributes:
             -> thread.name: python3
             -> thread.id: %!s(int64=1483702)
             -> cpu.logical_number: %!s(int64=21)
    Sample #119
        Values: []
        Attributes:
             -> thread.name: python3
             -> thread.id: %!s(int64=1483702)
             -> cpu.logical_number: %!s(int64=21)
    Sample #120
        Values: []
        Attributes:
             -> thread.name: python3
             -> thread.id: %!s(int64=1483702)
             -> cpu.logical_number: %!s(int64=21)
    Sample #121
        Values: []
        Attributes:
             -> thread.name: python3
             -> thread.id: %!s(int64=1483702)
             -> cpu.logical_number: %!s(int64=21)
    Sample #122
        Values: []
        Attributes:
             -> thread.name: python3
             -> thread.id: %!s(int64=1483702)
             -> cpu.logical_number: %!s(int64=21)
    Sample #123
        Values: []
        Attributes:
             -> thread.name: python3
             -> thread.id: %!s(int64=1483702)
             -> cpu.logical_number: %!s(int64=21)
    Sample #124
        Values: []
        Attributes:
             -> thread.name: python3
             -> thread.id: %!s(int64=1483702)
             -> cpu.logical_number: %!s(int64=21)
    Sample #125
        Values: []
        Attributes:
             -> thread.name: python3
             -> thread.id: %!s(int64=1483702)
             -> cpu.logical_number: %!s(int64=21)
    Sample #126
        Values: []
        Attributes:
             -> thread.name: python3
             -> thread.id: %!s(int64=1483702)
             -> cpu.logical_number: %!s(int64=21)
    Sample #127
        Values: []
        Attributes:
             -> thread.name: python3
             -> thread.id: %!s(int64=1483702)
             -> cpu.logical_number: %!s(int64=21)
    Sample #128
        Values: []
        Attributes:
             -> thread.name: python3
             -> thread.id: %!s(int64=1483702)
             -> cpu.logical_number: %!s(int64=21)
    Sample #129
        Values: []
        Attributes:
             -> thread.name: python3
             -> thread.id: %!s(int64=1483702)
             -> cpu.logical_number: %!s(int64=21)
    Sample #130
        Values: []
        Attributes:
             -> thread.name: python3
             -> thread.id: %!s(int64=1483702)
             -> cpu.logical_number: %!s(int64=21)
    Sample #131
        Values: []
        Attributes:
             -> thread.name: python3
             -> thread.id: %!s(int64=1483702)
             -> cpu.logical_number: %!s(int64=21)
    Sample #132
        Values: []
        Attributes:
             -> thread.name: python3
             -> thread.id: %!s(int64=1483702)
             -> cpu.logical_number: %!s(int64=21)
    Sample #133
        Values: []
        Attributes:
             -> thread.name: python3
             -> thread.id: %!s(int64=1483702)
             -> cpu.logical_number: %!s(int64=21)
    Sample #134
        Values: []
        Attributes:
             -> thread.name: python3
             -> thread.id: %!s(int64=1483702)
             -> cpu.logical_number: %!s(int64=21)
    Sample #135
        Values: []
        Attributes:
             -> thread.name: python3
             -> thread.id: %!s(int64=1483702)
             -> cpu.logical_number: %!s(int64=21)
    Sample #136
        Values: []
        Attributes:
             -> thread.name: python3
             -> thread.id: %!s(int64=1483702)
             -> cpu.logical_number: %!s(int64=21)
    Sample #137
        Values: []
        Attributes:
             -> thread.name: python3
             -> thread.id: %!s(int64=1483702)
             -> cpu.logical_number: %!s(int64=21)
    Sample #138
        Values: []
        Attributes:
             -> thread.name: python3
             -> thread.id: %!s(int64=1483702)
             -> cpu.logical_number: %!s(int64=21)
    Sample #139
        Values: []
        Attributes:
             -> thread.name: python3
             -> thread.id: %!s(int64=1483702)
             -> cpu.logical_number: %!s(int64=21)
    Sample #140
        Values: []
        Attributes:
             -> thread.name: python3
             -> thread.id: %!s(int64=1483702)
             -> cpu.logical_number: %!s(int64=21)
    Sample #141
        Values: []
        Attributes:
             -> thread.name: python3
             -> thread.id: %!s(int64=1483702)
             -> cpu.logical_number: %!s(int64=21)
    Sample #142
        Values: []
        Attributes:
             -> thread.name: python3
             -> thread.id: %!s(int64=1483702)
             -> cpu.logical_number: %!s(int64=21)
    Sample #143
        Values: []
        Attributes:
             -> thread.name: python3
             -> thread.id: %!s(int64=1483702)
             -> cpu.logical_number: %!s(int64=21)
    Sample #144
        Values: []
        Attributes:
             -> thread.name: python3
             -> thread.id: %!s(int64=1483702)
             -> cpu.logical_number: %!s(int64=21)
    Sample #145
        Values: []
        Attributes:
             -> thread.name: python3
             -> thread.id: %!s(int64=1483702)
             -> cpu.logical_number: %!s(int64=21)
    Sample #146
        Values: []
        Attributes:
             -> thread.name: python3
             -> thread.id: %!s(int64=1483702)
             -> cpu.logical_number: %!s(int64=21)
    Sample #147
        Values: []
        Attributes:
             -> thread.name: python3
             -> thread.id: %!s(int64=1483702)
             -> cpu.logical_number: %!s(int64=21)
    Sample #148
        Values: []
        Attributes:
             -> thread.name: python3
             -> thread.id: %!s(int64=1483702)
             -> cpu.logical_number: %!s(int64=21)
    Sample #149
        Values: []
        Attributes:
             -> thread.name: python3
             -> thread.id: %!s(int64=1483702)
             -> cpu.logical_number: %!s(int64=21)
    Sample #150
        Values: []
        Attributes:
             -> thread.name: python3
             -> thread.id: %!s(int64=1483702)
             -> cpu.logical_number: %!s(int64=21)
    Sample #151
        Values: []
        Attributes:
             -> thread.name: python3
             -> thread.id: %!s(int64=1483702)
             -> cpu.logical_number: %!s(int64=21)
    Sample #152
        Values: []
        Attributes:
             -> thread.name: python3
             -> thread.id: %!s(int64=1483702)
             -> cpu.logical_number: %!s(int64=21)
    Sample #153
        Values: []
        Attributes:
             -> thread.name: python3
             -> thread.id: %!s(int64=1483702)
             -> cpu.logical_number: %!s(int64=21)
    Sample #154
        Values: []
        Attributes:
             -> thread.name: python3
             -> thread.id: %!s(int64=1483702)
             -> cpu.logical_number: %!s(int64=21)
    Sample #155
        Values: []
        Attributes:
             -> thread.name: python3
             -> thread.id: %!s(int64=1483702)
             -> cpu.logical_number: %!s(int64=21)
    Sample #156
        Values: []
        Attributes:
             -> thread.name: python3
             -> thread.id: %!s(int64=1483702)
             -> cpu.logical_number: %!s(int64=21)
    Sample #157
        Values: []
        Attributes:
             -> thread.name: python3
             -> thread.id: %!s(int64=1483702)
             -> cpu.logical_number: %!s(int64=21)
    Sample #158
        Values: []
        Attributes:
             -> thread.name: python3
             -> thread.id: %!s(int64=1483702)
             -> cpu.logical_number: %!s(int64=21)
    Sample #159
        Values: []
        Attributes:
             -> thread.name: python3
             -> thread.id: %!s(int64=1483702)
             -> cpu.logical_number: %!s(int64=21)
    Sample #160
        Values: []
        Attributes:
             -> thread.name: python3
             -> thread.id: %!s(int64=1483702)
             -> cpu.logical_number: %!s(int64=21)
    Sample #161
        Values: []
        Attributes:
             -> thread.name: python3
             -> thread.id: %!s(int64=1483702)
             -> cpu.logical_number: %!s(int64=21)
    Sample #162
        Values: []
        Attributes:
             -> thread.name: python3
             -> thread.id: %!s(int64=1483702)
             -> cpu.logical_number: %!s(int64=21)
    Sample #163
        Values: []
        Attributes:
             -> thread.name: python3
             -> thread.id: %!s(int64=1483702)
             -> cpu.logical_number: %!s(int64=21)
    Sample #164
        Values: []
        Attributes:
             -> thread.name: python3
             -> thread.id: %!s(int64=1483702)
             -> cpu.logical_number: %!s(int64=21)
    Sample #165
        Values: []
        Attributes:
             -> thread.name: python3
             -> thread.id: %!s(int64=1483702)
             -> cpu.logical_number: %!s(int64=21)
    Sample #166
        Values: []
        Attributes:
             -> thread.name: python3
             -> thread.id: %!s(int64=1483702)
             -> cpu.logical_number: %!s(int64=21)
    Sample #167
        Values: []
        Attributes:
             -> thread.name: python3
             -> thread.id: %!s(int64=1483702)
             -> cpu.logical_number: %!s(int64=21)
    Sample #168
        Values: []
        Attributes:
             -> thread.name: python3
             -> thread.id: %!s(int64=1483702)
             -> cpu.logical_number: %!s(int64=21)
    Sample #169
        Values: []
        Attributes:
             -> thread.name: python3
             -> thread.id: %!s(int64=1483702)
             -> cpu.logical_number: %!s(int64=21)
    Sample #170
        Values: []
        Attributes:
             -> thread.name: python3
             -> thread.id: %!s(int64=1483702)
             -> cpu.logical_number: %!s(int64=21)
    Sample #171
        Values: []
        Attributes:
             -> thread.name: python3
             -> thread.id: %!s(int64=1483702)
             -> cpu.logical_number: %!s(int64=21)
    Sample #172
        Values: []
        Attributes:
             -> thread.name: python3
             -> thread.id: %!s(int64=1483702)
             -> cpu.logical_number: %!s(int64=21)
    Sample #173
        Values: []
        Attributes:
             -> thread.name: python3
             -> thread.id: %!s(int64=1483702)
             -> cpu.logical_number: %!s(int64=21)
    Sample #174
        Values: []
        Attributes:
             -> thread.name: python3
             -> thread.id: %!s(int64=1483702)
             -> cpu.logical_number: %!s(int64=21)
    Sample #175
        Values: []
        Attributes:
             -> thread.name: python3
             -> thread.id: %!s(int64=1483702)
             -> cpu.logical_number: %!s(int64=21)
    Sample #176
        Values: []
        Attributes:
             -> thread.name: python3
             -> thread.id: %!s(int64=1483702)
             -> cpu.logical_number: %!s(int64=21)
    Sample #177
        Values: []
        Attributes:
             -> thread.name: python3
             -> thread.id: %!s(int64=1483702)
             -> cpu.logical_number: %!s(int64=21)
    Sample #178
        Values: []
        Attributes:
             -> thread.name: python3
             -> thread.id: %!s(int64=1483702)
             -> cpu.logical_number: %!s(int64=21)
    Sample #179
        Values: []
        Attributes:
             -> thread.name: python3
             -> thread.id: %!s(int64=1483702)
             -> cpu.logical_number: %!s(int64=21)
    Sample #180
        Values: []
        Attributes:
             -> thread.name: python3
             -> thread.id: %!s(int64=1483702)
             -> cpu.logical_number: %!s(int64=21)
    Sample #181
        Values: []
        Attributes:
             -> thread.name: python3
             -> thread.id: %!s(int64=1483702)
             -> cpu.logical_number: %!s(int64=21)
    Sample #182
        Values: []
        Attributes:
             -> thread.name: python3
             -> thread.id: %!s(int64=1483702)
             -> cpu.logical_number: %!s(int64=21)
    Sample #183
        Values: []
        Attributes:
             -> thread.name: python3
             -> thread.id: %!s(int64=1483702)
             -> cpu.logical_number: %!s(int64=21)
    Sample #184
        Values: []
        Attributes:
             -> thread.name: python3
             -> thread.id: %!s(int64=1483702)
             -> cpu.logical_number: %!s(int64=21)
    Sample #185
        Values: []
        Attributes:
             -> thread.name: python3
             -> thread.id: %!s(int64=1483702)
             -> cpu.logical_number: %!s(int64=21)
    Sample #186
        Values: []
        Attributes:
             -> thread.name: python3
             -> thread.id: %!s(int64=1483702)
             -> cpu.logical_number: %!s(int64=21)
    Sample #187
        Values: []
        Attributes:
             -> thread.name: python3
             -> thread.id: %!s(int64=1483702)
             -> cpu.logical_number: %!s(int64=21)
    Sample #188
        Values: []
        Attributes:
             -> thread.name: python3
             -> thread.id: %!s(int64=1483702)
             -> cpu.logical_number: %!s(int64=21)
    Sample #189
        Values: []
        Attributes:
             -> thread.name: python3
             -> thread.id: %!s(int64=1483702)
             -> cpu.logical_number: %!s(int64=21)
    Sample #190
        Values: []
        Attributes:
             -> thread.name: python3
             -> thread.id: %!s(int64=1483702)
             -> cpu.logical_number: %!s(int64=21)
    Sample #191
        Values: []
        Attributes:
             -> thread.name: python3
             -> thread.id: %!s(int64=1483702)
             -> cpu.logical_number: %!s(int64=21)
    Sample #192
        Values: []
        Attributes:
             -> thread.name: python3
             -> thread.id: %!s(int64=1483702)
             -> cpu.logical_number: %!s(int64=21)
    Sample #193
        Values: []
        Attributes:
             -> thread.name: python3
             -> thread.id: %!s(int64=1483702)
             -> cpu.logical_number: %!s(int64=21)
    Sample #194
        Values: []
        Attributes:
             -> thread.name: python3
             -> thread.id: %!s(int64=1483702)
             -> cpu.logical_number: %!s(int64=21)
    Sample #195
        Values: []
        Attributes:
             -> thread.name: python3
             -> thread.id: %!s(int64=1483702)
             -> cpu.logical_number: %!s(int64=21)
    Sample #196
        Values: []
        Attributes:
             -> thread.name: python3
             -> thread.id: %!s(int64=1483702)
             -> cpu.logical_number: %!s(int64=21)
    Sample #197
        Values: []
        Attributes:
             -> thread.name: python3
             -> thread.id: %!s(int64=1483702)
             -> cpu.logical_number: %!s(int64=21)
    Sample #198
        Values: []
        Attributes:
             -> thread.name: python3
             -> thread.id: %!s(int64=1483702)
             -> cpu.logical_number: %!s(int64=21)
    Sample #199
        Values: []
        Attributes:
             -> thread.name: python3
             -> thread.id: %!s(int64=1483702)
             -> cpu.logical_number: %!s(int64=21)
    Sample #200
        Values: []
        Attributes:
             -> thread.name: python3
             -> thread.id: %!s(int64=1483702)
             -> cpu.logical_number: %!s(int64=21)
    Sample #201
        Values: []
        Attributes:
             -> thread.name: python3
             -> thread.id: %!s(int64=1483702)
             -> cpu.logical_number: %!s(int64=21)
    Sample #202
        Values: []
        Attributes:
             -> thread.name: python3
             -> thread.id: %!s(int64=1483702)
             -> cpu.logical_number: %!s(int64=21)
    Sample #203
        Values: []
        Attributes:
             -> thread.name: python3
             -> thread.id: %!s(int64=1483702)
             -> cpu.logical_number: %!s(int64=21)
    Sample #204
        Values: []
        Attributes:
             -> thread.name: python3
             -> thread.id: %!s(int64=1483702)
             -> cpu.logical_number: %!s(int64=21)
    Sample #205
        Values: []
        Attributes:
             -> thread.name: python3
             -> thread.id: %!s(int64=1483702)
             -> cpu.logical_number: %!s(int64=21)
    Sample #206
        Values: []
        Attributes:
             -> thread.name: python3
             -> thread.id: %!s(int64=1483702)
             -> cpu.logical_number: %!s(int64=21)
    Sample #207
        Values: []
        Attributes:
             -> thread.name: python3
             -> thread.id: %!s(int64=1483702)
             -> cpu.logical_number: %!s(int64=21)
    Sample #208
        Values: []
        Attributes:
             -> thread.name: python3
             -> thread.id: %!s(int64=1483702)
             -> cpu.logical_number: %!s(int64=21)
    Sample #209
        Values: []
        Attributes:
             -> thread.name: python3
             -> thread.id: %!s(int64=1483702)
             -> cpu.logical_number: %!s(int64=21)
    Sample #210
        Values: []
        Attributes:
             -> thread.name: python3
             -> thread.id: %!s(int64=1483702)
             -> cpu.logical_number: %!s(int64=21)
    Sample #211
        Values: []
        Attributes:
             -> thread.name: python3
             -> thread.id: %!s(int64=1483702)
             -> cpu.logical_number: %!s(int64=21)
    Sample #212
        Values: []
        Attributes:
             -> thread.name: python3
             -> thread.id: %!s(int64=1483702)
             -> cpu.logical_number: %!s(int64=21)
    Sample #213
        Values: []
        Attributes:
             -> thread.name: python3
             -> thread.id: %!s(int64=1483702)
             -> cpu.logical_number: %!s(int64=21)
    Sample #214
        Values: []
        Attributes:
             -> thread.name: python3
             -> thread.id: %!s(int64=1483702)
             -> cpu.logical_number: %!s(int64=21)
    Sample #215
        Values: []
        Attributes:
             -> thread.name: python3
             -> thread.id: %!s(int64=1483702)
             -> cpu.logical_number: %!s(int64=21)
    Sample #216
        Values: []
        Attributes:
             -> thread.name: python3
             -> thread.id: %!s(int64=1483702)
             -> cpu.logical_number: %!s(int64=21)
    Sample #217
        Values: []
        Attributes:
             -> thread.name: python3
             -> thread.id: %!s(int64=1483702)
             -> cpu.logical_number: %!s(int64=21)
    Sample #218
        Values: []
        Attributes:
             -> thread.name: python3
             -> thread.id: %!s(int64=1483702)
             -> cpu.logical_number: %!s(int64=21)
    Sample #219
        Values: []
        Attributes:
             -> thread.name: python3
             -> thread.id: %!s(int64=1483702)
             -> cpu.logical_number: %!s(int64=21)
    Sample #220
        Values: []
        Attributes:
             -> thread.name: python3
             -> thread.id: %!s(int64=1483702)
             -> cpu.logical_number: %!s(int64=21)
    Sample #221
        Values: []
        Attributes:
             -> thread.name: python3
             -> thread.id: %!s(int64=1483702)
             -> cpu.logical_number: %!s(int64=21)
    Sample #222
        Values: []
        Attributes:
             -> thread.name: python3
             -> thread.id: %!s(int64=1483702)
             -> cpu.logical_number: %!s(int64=21)
    Sample #223
        Values: []
        Attributes:
             -> thread.name: python3
             -> thread.id: %!s(int64=1483702)
             -> cpu.logical_number: %!s(int64=21)
    Sample #224
        Values: []
        Attributes:
             -> thread.name: python3
             -> thread.id: %!s(int64=1483702)
             -> cpu.logical_number: %!s(int64=21)
    Sample #225
        Values: []
        Attributes:
             -> thread.name: python3
             -> thread.id: %!s(int64=1483702)
             -> cpu.logical_number: %!s(int64=21)
    Sample #226
        Values: []
        Attributes:
             -> thread.name: python3
             -> thread.id: %!s(int64=1483702)
             -> cpu.logical_number: %!s(int64=21)
    Sample #227
        Values: []
        Attributes:
             -> thread.name: python3
             -> thread.id: %!s(int64=1483702)
             -> cpu.logical_number: %!s(int64=21)
    Sample #228
        Values: []
        Attributes:
             -> thread.name: python3
             -> thread.id: %!s(int64=1483702)
             -> cpu.logical_number: %!s(int64=21)
    Sample #229
        Values: []
        Attributes:
             -> thread.name: python3
             -> thread.id: %!s(int64=1483702)
             -> cpu.logical_number: %!s(int64=21)
    Sample #230
        Values: []
        Attributes:
             -> thread.name: python3
             -> thread.id: %!s(int64=1483702)
             -> cpu.logical_number: %!s(int64=21)
    Sample #231
        Values: []
        Attributes:
             -> thread.name: python3
             -> thread.id: %!s(int64=1483702)
             -> cpu.logical_number: %!s(int64=21)
    Sample #232
        Values: []
        Attributes:
             -> thread.name: python3
             -> thread.id: %!s(int64=1483702)
             -> cpu.logical_number: %!s(int64=21)
    Sample #233
        Values: []
        Attributes:
             -> thread.name: python3
             -> thread.id: %!s(int64=1483702)
             -> cpu.logical_number: %!s(int64=21)
    Sample #234
        Values: []
        Attributes:
             -> thread.name: python3
             -> thread.id: %!s(int64=1483702)
             -> cpu.logical_number: %!s(int64=21)
    Sample #235
        Values: []
        Attributes:
             -> thread.name: python3
             -> thread.id: %!s(int64=1483702)
             -> cpu.logical_number: %!s(int64=21)
    Sample #236
        Values: []
        Attributes:
             -> thread.name: python3
             -> thread.id: %!s(int64=1483702)
             -> cpu.logical_number: %!s(int64=21)
    Sample #237
        Values: []
        Attributes:
             -> thread.name: python3
             -> thread.id: %!s(int64=1483702)
             -> cpu.logical_number: %!s(int64=21)
    Sample #238
        Values: []
        Attributes:
             -> thread.name: python3
             -> thread.id: %!s(int64=1483702)
             -> cpu.logical_number: %!s(int64=21)
    Sample #239
        Values: []
        Attributes:
             -> thread.name: python3
             -> thread.id: %!s(int64=1483702)
             -> cpu.logical_number: %!s(int64=21)
    Sample #240
        Values: []
        Attributes:
             -> thread.name: python3
             -> thread.id: %!s(int64=1483702)
             -> cpu.logical_number: %!s(int64=21)
    Sample #241
        Values: []
        Attributes:
             -> thread.name: python3
             -> thread.id: %!s(int64=1483702)
             -> cpu.logical_number: %!s(int64=21)
    Sample #242
        Values: []
        Attributes:
             -> thread.name: python3
             -> thread.id: %!s(int64=1483702)
             -> cpu.logical_number: %!s(int64=21)
    Sample #243
        Values: []
        Attributes:
             -> thread.name: python3
             -> thread.id: %!s(int64=1483702)
             -> cpu.logical_number: %!s(int64=21)
    Sample #244
        Values: []
        Attributes:
             -> thread.name: python3
             -> thread.id: %!s(int64=1483702)
             -> cpu.logical_number: %!s(int64=21)
    Sample #245
        Values: []
        Attributes:
             -> thread.name: python3
             -> thread.id: %!s(int64=1483702)
             -> cpu.logical_number: %!s(int64=21)
    Sample #246
        Values: []
        Attributes:
             -> thread.name: python3
             -> thread.id: %!s(int64=1483702)
             -> cpu.logical_number: %!s(int64=21)
    Sample #247
        Values: []
        Attributes:
             -> thread.name: python3
             -> thread.id: %!s(int64=1483702)
             -> cpu.logical_number: %!s(int64=21)
    Sample #248
        Values: []
        Attributes:
             -> thread.name: python3
             -> thread.id: %!s(int64=1483702)
             -> cpu.logical_number: %!s(int64=21)
    Sample #249
        Values: []
        Attributes:
             -> thread.name: python3
             -> thread.id: %!s(int64=1483702)
             -> cpu.logical_number: %!s(int64=21)
    Sample #250
        Values: []
        Attributes:
             -> thread.name: python3
             -> thread.id: %!s(int64=1483702)
             -> cpu.logical_number: %!s(int64=21)
    Sample #251
        Values: []
        Attributes:
             -> thread.name: python3
             -> thread.id: %!s(int64=1483702)
             -> cpu.logical_number: %!s(int64=21)
    Sample #252
        Values: []
        Attributes:
             -> thread.name: python3
             -> thread.id: %!s(int64=1483702)
             -> cpu.logical_number: %!s(int64=21)
    Sample #253
        Values: []
        Attributes:
             -> thread.name: python3
             -> thread.id: %!s(int64=1483702)
             -> cpu.logical_number: %!s(int64=21)
    Sample #254
        Values: []
        Attributes:
             -> thread.name: python3
             -> thread.id: %!s(int64=1483702)
             -> cpu.logical_number: %!s(int64=21)
    Sample #255
        Values: []
        Attributes:
             -> thread.name: python3
             -> thread.id: %!s(int64=1483702)
             -> cpu.logical_number: %!s(int64=21)
    Sample #256
        Values: []
        Attributes:
             -> thread.name: python3
             -> thread.id: %!s(int64=1483702)
             -> cpu.logical_number: %!s(int64=21)
    Sample #257
        Values: []
        Attributes:
             -> thread.name: python3
             -> thread.id: %!s(int64=1483702)
             -> cpu.logical_number: %!s(int64=21)
    Sample #258
        Values: []
        Attributes:
             -> thread.name: python3
             -> thread.id: %!s(int64=1483702)
             -> cpu.logical_number: %!s(int64=21)
    Sample #259
        Values: []
        Attributes:
             -> thread.name: python3
             -> thread.id: %!s(int64=1483702)
             -> cpu.logical_number: %!s(int64=21)
    Sample #260
        Values: []
        Attributes:
             -> thread.name: python3
             -> thread.id: %!s(int64=1483702)
             -> cpu.logical_number: %!s(int64=21)
    Sample #261
        Values: []
        Attributes:
             -> thread.name: python3
             -> thread.id: %!s(int64=1483702)
             -> cpu.logical_number: %!s(int64=21)
    Sample #262
        Values: []
        Attributes:
             -> thread.name: python3
             -> thread.id: %!s(int64=1483702)
             -> cpu.logical_number: %!s(int64=21)
    Sample #263
        Values: []
        Attributes:
             -> thread.name: python3
             -> thread.id: %!s(int64=1483702)
             -> cpu.logical_number: %!s(int64=21)
    Sample #264
        Values: []
        Attributes:
             -> thread.name: python3
             -> thread.id: %!s(int64=1483702)
             -> cpu.logical_number: %!s(int64=21)
    Sample #265
        Values: []
        Attributes:
             -> thread.name: python3
             -> thread.id: %!s(int64=1483702)
             -> cpu.logical_number: %!s(int64=21)
    Sample #266
        Values: []
        Attributes:
             -> thread.name: python3
             -> thread.id: %!s(int64=1483702)
             -> cpu.logical_number: %!s(int64=21)
    Sample #267
        Values: []
        Attributes:
             -> thread.name: python3
             -> thread.id: %!s(int64=1483702)
             -> cpu.logical_number: %!s(int64=21)
    Sample #268
        Values: []
        Attributes:
             -> thread.name: python3
             -> thread.id: %!s(int64=1483702)
             -> cpu.logical_number: %!s(int64=21)
    Sample #269
        Values: []
        Attributes:
             -> thread.name: python3
             -> thread.id: %!s(int64=1483702)
             -> cpu.logical_number: %!s(int64=21)
    Sample #270
        Values: []
        Attributes:
             -> thread.name: python3
             -> thread.id: %!s(int64=1483702)
             -> cpu.logical_number: %!s(int64=21)
    Sample #271
        Values: []
        Attributes:
             -> thread.name: python3
             -> thread.id: %!s(int64=1483702)
             -> cpu.logical_number: %!s(int64=21)
    Sample #272
        Values: []
        Attributes:
             -> thread.name: python3
             -> thread.id: %!s(int64=1483702)
             -> cpu.logical_number: %!s(int64=21)
    Sample #273
        Values: []
        Attributes:
             -> thread.name: python3
             -> thread.id: %!s(int64=1483702)
             -> cpu.logical_number: %!s(int64=21)
    Sample #274
        Values: []
        Attributes:
             -> thread.name: python3
             -> thread.id: %!s(int64=1483702)
             -> cpu.logical_number: %!s(int64=21)
    Sample #275
        Values: []
        Attributes:
             -> thread.name: python3
             -> thread.id: %!s(int64=1483702)
             -> cpu.logical_number: %!s(int64=21)
    Sample #276
        Values: []
        Attributes:
             -> thread.name: python3
             -> thread.id: %!s(int64=1483702)
             -> cpu.logical_number: %!s(int64=21)
    Sample #277
        Values: []
        Attributes:
             -> thread.name: python3
             -> thread.id: %!s(int64=1483702)
             -> cpu.logical_number: %!s(int64=21)
    Sample #278
        Values: []
        Attributes:
             -> thread.name: python3
             -> thread.id: %!s(int64=1483702)
             -> cpu.logical_number: %!s(int64=21)
    Sample #279
        Values: []
        Attributes:
             -> thread.name: python3
             -> thread.id: %!s(int64=1483702)
             -> cpu.logical_number: %!s(int64=21)
    Sample #280
        Values: []
        Attributes:
             -> thread.name: python3
             -> thread.id: %!s(int64=1483702)
             -> cpu.logical_number: %!s(int64=21)
    Sample #281
        Values: []
        Attributes:
             -> thread.name: python3
             -> thread.id: %!s(int64=1483702)
             -> cpu.logical_number: %!s(int64=21)
    Sample #282
        Values: []
        Attributes:
             -> thread.name: python3
             -> thread.id: %!s(int64=1483702)
             -> cpu.logical_number: %!s(int64=21)
    Sample #283
        Values: []
        Attributes:
             -> thread.name: python3
             -> thread.id: %!s(int64=1483702)
             -> cpu.logical_number: %!s(int64=21)
    Sample #284
        Values: []
        Attributes:
             -> thread.name: python3
             -> thread.id: %!s(int64=1483702)
             -> cpu.logical_number: %!s(int64=21)
    Sample #285
        Values: []
        Attributes:
             -> thread.name: python3
             -> thread.id: %!s(int64=1483702)
             -> cpu.logical_number: %!s(int64=21)
    Sample #286
        Values: []
        Attributes:
             -> thread.name: python3
             -> thread.id: %!s(int64=1483702)
             -> cpu.logical_number: %!s(int64=21)
    Sample #287
        Values: []
        Attributes:
             -> thread.name: python3
             -> thread.id: %!s(int64=1483702)
             -> cpu.logical_number: %!s(int64=21)
    Sample #288
        Values: []
        Attributes:
             -> thread.name: python3
             -> thread.id: %!s(int64=1483702)
             -> cpu.logical_number: %!s(int64=21)
    Sample #289
        Values: []
        Attributes:
             -> thread.name: python3
             -> thread.id: %!s(int64=1483702)
             -> cpu.logical_number: %!s(int64=21)
    Sample #290
        Values: []
        Attributes:
             -> thread.name: python3
             -> thread.id: %!s(int64=1483702)
             -> cpu.logical_number: %!s(int64=21)
    Sample #291
        Values: []
        Attributes:
             -> thread.name: python3
             -> thread.id: %!s(int64=1483702)
             -> cpu.logical_number: %!s(int64=21)
    Sample #292
        Values: []
        Attributes:
             -> thread.name: python3
             -> thread.id: %!s(int64=1483702)
             -> cpu.logical_number: %!s(int64=21)
    Sample #293
        Values: []
        Attributes:
             -> thread.name: python3
             -> thread.id: %!s(int64=1483702)
             -> cpu.logical_number: %!s(int64=21)
    Sample #294
        Values: []
        Attributes:
             -> thread.name: python3
             -> thread.id: %!s(int64=1483702)
             -> cpu.logical_number: %!s(int64=21)
    Sample #295
        Values: []
        Attributes:
             -> thread.name: python3
             -> thread.id: %!s(int64=1483702)
             -> cpu.logical_number: %!s(int64=21)
    Sample #296
        Values: []
        Attributes:
             -> thread.name: python3
             -> thread.id: %!s(int64=1483702)
             -> cpu.logical_number: %!s(int64=21)
    Sample #297
        Values: []
        Attributes:
             -> thread.name: python3
             -> thread.id: %!s(int64=1483702)
             -> cpu.logical_number: %!s(int64=21)
    Sample #298
        Values: []
        Attributes:
             -> thread.name: python3
             -> thread.id: %!s(int64=1483702)
             -> cpu.logical_number: %!s(int64=21)
    Sample #299
        Values: []
        Attributes:
             -> thread.name: python3
             -> thread.id: %!s(int64=1483702)
             -> cpu.logical_number: %!s(int64=21)
    Sample #300
        Values: []
        Attributes:
             -> thread.name: python3
             -> thread.id: %!s(int64=1483702)
             -> cpu.logical_number: %!s(int64=21)
    Sample #301
        Values: []
        Attributes:
             -> thread.name: python3
             -> thread.id: %!s(int64=1483702)
             -> cpu.logical_number: %!s(int64=21)
    Sample #302
        Values: []
        Attributes:
             -> thread.name: python3
             -> thread.id: %!s(int64=1483702)
             -> cpu.logical_number: %!s(int64=21)
    Sample #303
        Values: []
        Attributes:
             -> thread.name: python3
             -> thread.id: %!s(int64=1483702)
             -> cpu.logical_number: %!s(int64=21)
    Sample #304
        Values: []
        Attributes:
             -> thread.name: python3
             -> thread.id: %!s(int64=1483702)
             -> cpu.logical_number: %!s(int64=21)
    Sample #305
        Values: []
        Attributes:
             -> thread.name: python3
             -> thread.id: %!s(int64=1483702)
             -> cpu.logical_number: %!s(int64=21)
    Sample #306
        Values: []
        Attributes:
             -> thread.name: python3
             -> thread.id: %!s(int64=1483702)
             -> cpu.logical_number: %!s(int64=21)
    Sample #307
        Values: []
        Attributes:
             -> thread.name: python3
             -> thread.id: %!s(int64=1483702)
             -> cpu.logical_number: %!s(int64=21)
    Sample #308
        Values: []
        Attributes:
             -> thread.name: python3
             -> thread.id: %!s(int64=1483702)
             -> cpu.logical_number: %!s(int64=21)
    Sample #309
        Values: []
        Attributes:
             -> thread.name: python3
             -> thread.id: %!s(int64=1483702)
             -> cpu.logical_number: %!s(int64=21)
    Sample #310
        Values: []
        Attributes:
             -> thread.name: python3
             -> thread.id: %!s(int64=1483702)
             -> cpu.logical_number: %!s(int64=21)
    Sample #311
        Values: []
        Attributes:
             -> thread.name: python3
             -> thread.id: %!s(int64=1483702)
             -> cpu.logical_number: %!s(int64=21)
    Sample #312
        Values: []
        Attributes:
             -> thread.name: python3
             -> thread.id: %!s(int64=1483702)
             -> cpu.logical_number: %!s(int64=21)
    Sample #313
        Values: []
        Attributes:
             -> thread.name: python3
             -> thread.id: %!s(int64=1483702)
             -> cpu.logical_number: %!s(int64=21)
    Sample #314
        Values: []
        Attributes:
             -> thread.name: python3
             -> thread.id: %!s(int64=1483702)
             -> cpu.logical_number: %!s(int64=21)
    Sample #315
        Values: []
        Attributes:
             -> thread.name: python3
             -> thread.id: %!s(int64=1483702)
             -> cpu.logical_number: %!s(int64=21)
    Sample #316
        Values: []
        Attributes:
             -> thread.name: python3
             -> thread.id: %!s(int64=1483702)
             -> cpu.logical_number: %!s(int64=21)
    Sample #317
        Values: []
        Attributes:
             -> thread.name: python3
             -> thread.id: %!s(int64=1483702)
             -> cpu.logical_number: %!s(int64=21)
    Sample #318
        Values: []
        Attributes:
             -> thread.name: python3
             -> thread.id: %!s(int64=1483702)
             -> cpu.logical_number: %!s(int64=21)
    Sample #319
        Values: []
        Attributes:
             -> thread.name: python3
             -> thread.id: %!s(int64=1483702)
             -> cpu.logical_number: %!s(int64=21)
    Sample #320
        Values: []
        Attributes:
             -> thread.name: python3
             -> thread.id: %!s(int64=1483702)
             -> cpu.logical_number: %!s(int64=21)
    Sample #321
        Values: []
        Attributes:
             -> thread.name: python3
             -> thread.id: %!s(int64=1483702)
             -> cpu.logical_number: %!s(int64=21)
    Sample #322
        Values: []
        Attributes:
             -> thread.name: python3
             -> thread.id: %!s(int64=1483702)
             -> cpu.logical_number: %!s(int64=21)
    Sample #323
        Values: []
        Attributes:
             -> thread.name: python3
             -> thread.id: %!s(int64=1483702)
             -> cpu.logical_number: %!s(int64=21)
    Sample #324
        Values: []
        Attributes:
             -> thread.name: python3
             -> thread.id: %!s(int64=1483702)
             -> cpu.logical_number: %!s(int64=21)
    Sample #325
        Values: []
        Attributes:
             -> thread.name: python3
             -> thread.id: %!s(int64=1483702)
             -> cpu.logical_number: %!s(int64=21)
    Sample #326
        Values: []
        Attributes:
             -> thread.name: python3
             -> thread.id: %!s(int64=1483702)
             -> cpu.logical_number: %!s(int64=21)
    Sample #327
        Values: []
        Attributes:
             -> thread.name: python3
             -> thread.id: %!s(int64=1483702)
             -> cpu.logical_number: %!s(int64=21)
    Sample #328
        Values: []
        Attributes:
             -> thread.name: python3
             -> thread.id: %!s(int64=1483702)
             -> cpu.logical_number: %!s(int64=21)
    Sample #329
        Values: []
        Attributes:
             -> thread.name: python3
             -> thread.id: %!s(int64=1483702)
             -> cpu.logical_number: %!s(int64=21)
    Sample #330
        Values: []
        Attributes:
             -> thread.name: python3
             -> thread.id: %!s(int64=1483702)
             -> cpu.logical_number: %!s(int64=21)
    Sample #331
        Values: []
        Attributes:
             -> thread.name: python3
             -> thread.id: %!s(int64=1483702)
             -> cpu.logical_number: %!s(int64=21)
    Sample #332
        Values: []
        Attributes:
             -> thread.name: python3
             -> thread.id: %!s(int64=1483702)
             -> cpu.logical_number: %!s(int64=21)
    Sample #333
        Values: []
        Attributes:
             -> thread.name: python3
             -> thread.id: %!s(int64=1483702)
             -> cpu.logical_number: %!s(int64=21)
    Sample #334
        Values: []
        Attributes:
             -> thread.name: python3
             -> thread.id: %!s(int64=1483702)
             -> cpu.logical_number: %!s(int64=21)
    Sample #335
        Values: []
        Attributes:
             -> thread.name: python3
             -> thread.id: %!s(int64=1483702)
             -> cpu.logical_number: %!s(int64=21)
    Sample #336
        Values: []
        Attributes:
             -> thread.name: python3
             -> thread.id: %!s(int64=1483702)
             -> cpu.logical_number: %!s(int64=21)
    Sample #337
        Values: []
        Attributes:
             -> thread.name: python3
             -> thread.id: %!s(int64=1483702)
             -> cpu.logical_number: %!s(int64=21)
    Sample #338
        Values: []
        Attributes:
             -> thread.name: python3
             -> thread.id: %!s(int64=1483702)
             -> cpu.logical_number: %!s(int64=21)
    Sample #339
        Values: []
        Attributes:
             -> thread.name: python3
             -> thread.id: %!s(int64=1483702)
             -> cpu.logical_number: %!s(int64=21)
    Sample #340
        Values: []
        Attributes:
             -> thread.name: python3
             -> thread.id: %!s(int64=1483702)
             -> cpu.logical_number: %!s(int64=21)
    Sample #341
        Values: []
        Attributes:
             -> thread.name: python3
             -> thread.id: %!s(int64=1483702)
             -> cpu.logical_number: %!s(int64=21)
    Sample #342
        Values: []
        Attributes:
             -> thread.name: python3
             -> thread.id: %!s(int64=1483702)
             -> cpu.logical_number: %!s(int64=21)
    Sample #343
        Values: []
        Attributes:
             -> thread.name: python3
             -> thread.id: %!s(int64=1483702)
             -> cpu.logical_number: %!s(int64=21)
    Sample #344
        Values: []
        Attributes:
             -> thread.name: python3
             -> thread.id: %!s(int64=1483702)
             -> cpu.logical_number: %!s(int64=21)
    Sample #345
        Values: []
        Attributes:
             -> thread.name: python3
             -> thread.id: %!s(int64=1483702)
             -> cpu.logical_number: %!s(int64=21)
    Sample #346
        Values: []
        Attributes:
             -> thread.name: python3
             -> thread.id: %!s(int64=1483702)
             -> cpu.logical_number: %!s(int64=21)
    Sample #347
        Values: []
        Attributes:
             -> thread.name: python3
             -> thread.id: %!s(int64=1483702)
             -> cpu.logical_number: %!s(int64=21)
    Sample #348
        Values: []
        Attributes:
             -> thread.name: python3
             -> thread.id: %!s(int64=1483702)
             -> cpu.logical_number: %!s(int64=21)
    Sample #349
        Values: []
        Attributes:
             -> thread.name: python3
             -> thread.id: %!s(int64=1483702)
             -> cpu.logical_number: %!s(int64=21)
    Sample #350
        Values: []
        Attributes:
             -> thread.name: python3
             -> thread.id: %!s(int64=1483702)
             -> cpu.logical_number: %!s(int64=21)
    Sample #351
        Values: []
        Attributes:
             -> thread.name: python3
             -> thread.id: %!s(int64=1483702)
             -> cpu.logical_number: %!s(int64=21)
    Sample #352
        Values: []
        Attributes:
             -> thread.name: python3
             -> thread.id: %!s(int64=1483702)
             -> cpu.logical_number: %!s(int64=21)
    Sample #353
        Values: []
        Attributes:
             -> thread.name: python3
             -> thread.id: %!s(int64=1483702)
             -> cpu.logical_number: %!s(int64=21)
    Sample #354
        Values: []
        Attributes:
             -> thread.name: python3
             -> thread.id: %!s(int64=1483702)
             -> cpu.logical_number: %!s(int64=21)
    Sample #355
        Values: []
        Attributes:
             -> thread.name: python3
             -> thread.id: %!s(int64=1483702)
             -> cpu.logical_number: %!s(int64=21)
    Sample #356
        Values: []
        Attributes:
             -> thread.name: python3
             -> thread.id: %!s(int64=1483702)
             -> cpu.logical_number: %!s(int64=21)
    Sample #357
        Values: []
        Attributes:
             -> thread.name: python3
             -> thread.id: %!s(int64=1483702)
             -> cpu.logical_number: %!s(int64=21)
    Sample #358
        Values: []
        Attributes:
             -> thread.name: python3
             -> thread.id: %!s(int64=1483702)
             -> cpu.logical_number: %!s(int64=21)
    Sample #359
        Values: []
        Attributes:
             -> thread.name: python3
             -> thread.id: %!s(int64=1483702)
             -> cpu.logical_number: %!s(int64=21)
    Sample #360
        Values: []
        Attributes:
             -> thread.name: python3
             -> thread.id: %!s(int64=1483702)
             -> cpu.logical_number: %!s(int64=21)
    Sample #361
        Values: []
        Attributes:
             -> thread.name: python3
             -> thread.id: %!s(int64=1483702)
             -> cpu.logical_number: %!s(int64=21)
    Sample #362
        Values: []
        Attributes:
             -> thread.name: python3
             -> thread.id: %!s(int64=1483702)
             -> cpu.logical_number: %!s(int64=21)
    Sample #363
        Values: []
        Attributes:
             -> thread.name: python3
             -> thread.id: %!s(int64=1483702)
             -> cpu.logical_number: %!s(int64=21)
    Sample #364
        Values: []
        Attributes:
             -> thread.name: python3
             -> thread.id: %!s(int64=1483702)
             -> cpu.logical_number: %!s(int64=21)
    Sample #365
        Values: []
        Attributes:
             -> thread.name: python3
             -> thread.id: %!s(int64=1483702)
             -> cpu.logical_number: %!s(int64=21)
    Sample #366
        Values: []
        Attributes:
             -> thread.name: python3
             -> thread.id: %!s(int64=1483702)
             -> cpu.logical_number: %!s(int64=21)
    Sample #367
        Values: []
        Attributes:
             -> thread.name: python3
             -> thread.id: %!s(int64=1483702)
             -> cpu.logical_number: %!s(int64=21)
    Sample #368
        Values: []
        Attributes:
             -> thread.name: python3
             -> thread.id: %!s(int64=1483702)
             -> cpu.logical_number: %!s(int64=21)
    Sample #369
        Values: []
        Attributes:
             -> thread.name: python3
             -> thread.id: %!s(int64=1483702)
             -> cpu.logical_number: %!s(int64=21)
    Sample #370
        Values: []
        Attributes:
             -> thread.name: python3
             -> thread.id: %!s(int64=1483702)
             -> cpu.logical_number: %!s(int64=21)
    Sample #371
        Values: []
        Attributes:
             -> thread.name: python3
             -> thread.id: %!s(int64=1483702)
             -> cpu.logical_number: %!s(int64=21)
    Sample #372
        Values: []
        Attributes:
             -> thread.name: python3
             -> thread.id: %!s(int64=1483702)
             -> cpu.logical_number: %!s(int64=21)
    Sample #373
        Values: []
        Attributes:
             -> thread.name: python3
             -> thread.id: %!s(int64=1483702)
             -> cpu.logical_number: %!s(int64=21)
    Sample #374
        Values: []
        Attributes:
             -> thread.name: python3
             -> thread.id: %!s(int64=1483702)
             -> cpu.logical_number: %!s(int64=21)
    Sample #375
        Values: []
        Attributes:
             -> thread.name: python3
             -> thread.id: %!s(int64=1483702)
             -> cpu.logical_number: %!s(int64=21)
    Sample #376
        Values: []
        Attributes:
             -> thread.name: python3
             -> thread.id: %!s(int64=1483702)
             -> cpu.logical_number: %!s(int64=21)
    Sample #377
        Values: []
        Attributes:
             -> thread.name: python3
             -> thread.id: %!s(int64=1483702)
             -> cpu.logical_number: %!s(int64=21)
    Sample #378
        Values: []
        Attributes:
             -> thread.name: python3
             -> thread.id: %!s(int64=1483702)
             -> cpu.logical_number: %!s(int64=21)
    Sample #379
        Values: []
        Attributes:
             -> thread.name: python3
             -> thread.id: %!s(int64=1483702)
             -> cpu.logical_number: %!s(int64=21)
    Sample #380
        Values: []
        Attributes:
             -> thread.name: python3
             -> thread.id: %!s(int64=1483702)
             -> cpu.logical_number: %!s(int64=21)
    Sample #381
        Values: []
        Attributes:
             -> thread.name: python3
             -> thread.id: %!s(int64=1483702)
             -> cpu.logical_number: %!s(int64=21)
    Sample #382
        Values: []
        Attributes:
             -> thread.name: python3
             -> thread.id: %!s(int64=1483702)
             -> cpu.logical_number: %!s(int64=21)
    Sample #383
        Values: []
        Attributes:
             -> thread.name: python3
             -> thread.id: %!s(int64=1483702)
             -> cpu.logical_number: %!s(int64=21)
    Sample #384
        Values: []
        Attributes:
             -> thread.name: python3
             -> thread.id: %!s(int64=1483702)
             -> cpu.logical_number: %!s(int64=21)
    Sample #385
        Values: []
        Attributes:
             -> thread.name: python3
             -> thread.id: %!s(int64=1483702)
             -> cpu.logical_number: %!s(int64=21)
    Sample #386
        Values: []
        Attributes:
             -> thread.name: python3
             -> thread.id: %!s(int64=1483702)
             -> cpu.logical_number: %!s(int64=21)
    Sample #387
        Values: []
        Attributes:
             -> thread.name: python3
             -> thread.id: %!s(int64=1483702)
             -> cpu.logical_number: %!s(int64=21)
    Sample #388
        Values: []
        Attributes:
             -> thread.name: python3
             -> thread.id: %!s(int64=1483702)
             -> cpu.logical_number: %!s(int64=21)
    Sample #389
        Values: []
        Attributes:
             -> thread.name: python3
             -> thread.id: %!s(int64=1483702)
             -> cpu.logical_number: %!s(int64=21)
    Sample #390
        Values: []
        Attributes:
             -> thread.name: python3
             -> thread.id: %!s(int64=1483702)
             -> cpu.logical_number: %!s(int64=21)
    Sample #391
        Values: []
        Attributes:
             -> thread.name: python3
             -> thread.id: %!s(int64=1483702)
             -> cpu.logical_number: %!s(int64=21)
    Sample #392
        Values: []
        Attributes:
             -> thread.name: python3
             -> thread.id: %!s(int64=1483702)
             -> cpu.logical_number: %!s(int64=21)
    Sample #393
        Values: []
        Attributes:
             -> thread.name: python3
             -> thread.id: %!s(int64=1483702)
             -> cpu.logical_number: %!s(int64=21)
    Sample #394
        Values: []
        Attributes:
             -> thread.name: python3
             -> thread.id: %!s(int64=1483702)
             -> cpu.logical_number: %!s(int64=21)
    Sample #395
        Values: []
        Attributes:
             -> thread.name: python3
             -> thread.id: %!s(int64=1483702)
             -> cpu.logical_number: %!s(int64=21)
ResourceProfiles #11
Resource SchemaURL: https://opentelemetry.io/schemas/1.37.0
Resource attributes:
     -> process.pid: Int(1483730)
     -> process.executable.path: Str(/usr/bin/tr)
     -> process.executable.name: Str(tr)
ScopeProfiles #0
ScopeProfiles SchemaURL: https://opentelemetry.io/schemas/1.37.0
InstrumentationScope go.opentelemetry.io/ebpf-profiler v0.0.0
Profile #0
    Profile ID     : 
    Start time     : 2026-06-21 23:48:27.872579261 +0000 UTC
    DurationNano   : 6162007925
    Dropped attributes count: 0
    Sample #0
        Values: []
        Attributes:
             -> thread.name: tr
             -> thread.id: %!s(int64=1483730)
             -> cpu.logical_number: %!s(int64=9)
    Sample #1
        Values: []
        Attributes:
             -> thread.name: tr
             -> thread.id: %!s(int64=1483730)
             -> cpu.logical_number: %!s(int64=9)
    Sample #2
        Values: []
        Attributes:
             -> thread.name: tr
             -> thread.id: %!s(int64=1483730)
             -> cpu.logical_number: %!s(int64=9)
    Sample #3
        Values: []
        Attributes:
             -> thread.name: tr
             -> thread.id: %!s(int64=1483730)
             -> cpu.logical_number: %!s(int64=9)
    Sample #4
        Values: []
        Attributes:
             -> thread.name: tr
             -> thread.id: %!s(int64=1483730)
             -> cpu.logical_number: %!s(int64=9)
    Sample #5
        Values: []
        Attributes:
             -> thread.name: tr
             -> thread.id: %!s(int64=1483730)
             -> cpu.logical_number: %!s(int64=9)
    Sample #6
        Values: []
        Attributes:
             -> thread.name: tr
             -> thread.id: %!s(int64=1483730)
             -> cpu.logical_number: %!s(int64=9)
    Sample #7
        Values: []
        Attributes:
             -> thread.name: tr
             -> thread.id: %!s(int64=1483730)
             -> cpu.logical_number: %!s(int64=9)
    Sample #8
        Values: []
        Attributes:
             -> thread.name: tr
             -> thread.id: %!s(int64=1483730)
             -> cpu.logical_number: %!s(int64=9)
    Sample #9
        Values: []
        Attributes:
             -> thread.name: tr
             -> thread.id: %!s(int64=1483730)
             -> cpu.logical_number: %!s(int64=9)
    Sample #10
        Values: []
        Attributes:
             -> thread.name: tr
             -> thread.id: %!s(int64=1483730)
             -> cpu.logical_number: %!s(int64=9)
    Sample #11
        Values: []
        Attributes:
             -> thread.name: tr
             -> thread.id: %!s(int64=1483730)
             -> cpu.logical_number: %!s(int64=9)
    Sample #12
        Values: []
        Attributes:
             -> thread.name: tr
             -> thread.id: %!s(int64=1483730)
             -> cpu.logical_number: %!s(int64=9)
    Sample #13
        Values: []
        Attributes:
             -> thread.name: tr
             -> thread.id: %!s(int64=1483730)
             -> cpu.logical_number: %!s(int64=9)
    Sample #14
        Values: []
        Attributes:
             -> thread.name: tr
             -> thread.id: %!s(int64=1483730)
             -> cpu.logical_number: %!s(int64=9)
    Sample #15
        Values: []
        Attributes:
             -> thread.name: tr
             -> thread.id: %!s(int64=1483730)
             -> cpu.logical_number: %!s(int64=9)
    Sample #16
        Values: []
        Attributes:
             -> thread.name: tr
             -> thread.id: %!s(int64=1483730)
             -> cpu.logical_number: %!s(int64=9)
    Sample #17
        Values: []
        Attributes:
             -> thread.name: tr
             -> thread.id: %!s(int64=1483730)
             -> cpu.logical_number: %!s(int64=9)
    Sample #18
        Values: []
        Attributes:
             -> thread.name: tr
             -> thread.id: %!s(int64=1483730)
             -> cpu.logical_number: %!s(int64=9)
    Sample #19
        Values: []
        Attributes:
             -> thread.name: tr
             -> thread.id: %!s(int64=1483730)
             -> cpu.logical_number: %!s(int64=9)
    Sample #20
        Values: []
        Attributes:
             -> thread.name: tr
             -> thread.id: %!s(int64=1483730)
             -> cpu.logical_number: %!s(int64=9)
    Sample #21
        Values: []
        Attributes:
             -> thread.name: tr
             -> thread.id: %!s(int64=1483730)
             -> cpu.logical_number: %!s(int64=9)
    Sample #22
        Values: []
        Attributes:
             -> thread.name: tr
             -> thread.id: %!s(int64=1483730)
             -> cpu.logical_number: %!s(int64=9)
    Sample #23
        Values: []
        Attributes:
             -> thread.name: tr
             -> thread.id: %!s(int64=1483730)
             -> cpu.logical_number: %!s(int64=9)
    Sample #24
        Values: []
        Attributes:
             -> thread.name: tr
             -> thread.id: %!s(int64=1483730)
             -> cpu.logical_number: %!s(int64=9)
    Sample #25
        Values: []
        Attributes:
             -> thread.name: tr
             -> thread.id: %!s(int64=1483730)
             -> cpu.logical_number: %!s(int64=9)
    Sample #26
        Values: []
        Attributes:
             -> thread.name: tr
             -> thread.id: %!s(int64=1483730)
             -> cpu.logical_number: %!s(int64=9)
    Sample #27
        Values: []
        Attributes:
             -> thread.name: tr
             -> thread.id: %!s(int64=1483730)
             -> cpu.logical_number: %!s(int64=9)
    Sample #28
        Values: []
        Attributes:
             -> thread.name: tr
             -> thread.id: %!s(int64=1483730)
             -> cpu.logical_number: %!s(int64=9)
    Sample #29
        Values: []
        Attributes:
             -> thread.name: tr
             -> thread.id: %!s(int64=1483730)
             -> cpu.logical_number: %!s(int64=9)
    Sample #30
        Values: []
        Attributes:
             -> thread.name: tr
             -> thread.id: %!s(int64=1483730)
             -> cpu.logical_number: %!s(int64=9)
    Sample #31
        Values: []
        Attributes:
             -> thread.name: tr
             -> thread.id: %!s(int64=1483730)
             -> cpu.logical_number: %!s(int64=9)
    Sample #32
        Values: []
        Attributes:
             -> thread.name: tr
             -> thread.id: %!s(int64=1483730)
             -> cpu.logical_number: %!s(int64=9)
    Sample #33
        Values: []
        Attributes:
             -> thread.name: tr
             -> thread.id: %!s(int64=1483730)
             -> cpu.logical_number: %!s(int64=9)
    Sample #34
        Values: []
        Attributes:
             -> thread.name: tr
             -> thread.id: %!s(int64=1483730)
             -> cpu.logical_number: %!s(int64=9)
    Sample #35
        Values: []
        Attributes:
             -> thread.name: tr
             -> thread.id: %!s(int64=1483730)
             -> cpu.logical_number: %!s(int64=9)
    Sample #36
        Values: []
        Attributes:
             -> thread.name: tr
             -> thread.id: %!s(int64=1483730)
             -> cpu.logical_number: %!s(int64=9)
ResourceProfiles #12
Resource SchemaURL: https://opentelemetry.io/schemas/1.37.0
Resource attributes:
     -> process.pid: Int(1478)
     -> process.executable.path: Str(/usr/sbin/avahi-daemon)
     -> process.executable.name: Str(avahi-daemon)
ScopeProfiles #0
ScopeProfiles SchemaURL: https://opentelemetry.io/schemas/1.37.0
InstrumentationScope go.opentelemetry.io/ebpf-profiler v0.0.0
Profile #0
    Profile ID     : 
    Start time     : 2026-06-21 23:48:27.872579261 +0000 UTC
    DurationNano   : 6162007925
    Dropped attributes count: 0
    Sample #0
        Values: []
        Attributes:
             -> thread.name: avahi-daemon
             -> thread.id: %!s(int64=1478)
             -> cpu.logical_number: %!s(int64=16)
    Sample #1
        Values: []
        Attributes:
             -> thread.name: avahi-daemon
             -> thread.id: %!s(int64=1478)
             -> cpu.logical_number: %!s(int64=16)
    Sample #2
        Values: []
        Attributes:
             -> thread.name: avahi-daemon
             -> thread.id: %!s(int64=1478)
             -> cpu.logical_number: %!s(int64=18)
    Sample #3
        Values: []
        Attributes:
             -> thread.name: avahi-daemon
             -> thread.id: %!s(int64=1478)
             -> cpu.logical_number: %!s(int64=16)
    Sample #4
        Values: []
        Attributes:
             -> thread.name: avahi-daemon
             -> thread.id: %!s(int64=1478)
             -> cpu.logical_number: %!s(int64=16)
    Sample #5
        Values: []
        Attributes:
             -> thread.name: avahi-daemon
             -> thread.id: %!s(int64=1478)
             -> cpu.logical_number: %!s(int64=16)
    Sample #6
        Values: []
        Attributes:
             -> thread.name: avahi-daemon
             -> thread.id: %!s(int64=1478)
             -> cpu.logical_number: %!s(int64=16)
    Sample #7
        Values: []
        Attributes:
             -> thread.name: avahi-daemon
             -> thread.id: %!s(int64=1478)
             -> cpu.logical_number: %!s(int64=16)
    Sample #8
        Values: []
        Attributes:
             -> thread.name: avahi-daemon
             -> thread.id: %!s(int64=1478)
             -> cpu.logical_number: %!s(int64=16)
    Sample #9
        Values: []
        Attributes:
             -> thread.name: avahi-daemon
             -> thread.id: %!s(int64=1478)
             -> cpu.logical_number: %!s(int64=16)
    Sample #10
        Values: []
        Attributes:
             -> thread.name: avahi-daemon
             -> thread.id: %!s(int64=1478)
             -> cpu.logical_number: %!s(int64=16)
    Sample #11
        Values: []
        Attributes:
             -> thread.name: avahi-daemon
             -> thread.id: %!s(int64=1478)
             -> cpu.logical_number: %!s(int64=16)
    Sample #12
        Values: []
        Attributes:
             -> thread.name: avahi-daemon
             -> thread.id: %!s(int64=1478)
             -> cpu.logical_number: %!s(int64=18)
    Sample #13
        Values: []
        Attributes:
             -> thread.name: avahi-daemon
             -> thread.id: %!s(int64=1478)
             -> cpu.logical_number: %!s(int64=18)
    Sample #14
        Values: []
        Attributes:
             -> thread.name: avahi-daemon
             -> thread.id: %!s(int64=1478)
             -> cpu.logical_number: %!s(int64=16)
    Sample #15
        Values: []
        Attributes:
             -> thread.name: avahi-daemon
             -> thread.id: %!s(int64=1478)
             -> cpu.logical_number: %!s(int64=16)
    Sample #16
        Values: []
        Attributes:
             -> thread.name: avahi-daemon
             -> thread.id: %!s(int64=1478)
             -> cpu.logical_number: %!s(int64=16)
    Sample #17
        Values: []
        Attributes:
             -> thread.name: avahi-daemon
             -> thread.id: %!s(int64=1478)
             -> cpu.logical_number: %!s(int64=16)
    Sample #18
        Values: []
        Attributes:
             -> thread.name: avahi-daemon
             -> thread.id: %!s(int64=1478)
             -> cpu.logical_number: %!s(int64=16)
ResourceProfiles #13
Resource SchemaURL: https://opentelemetry.io/schemas/1.37.0
Resource attributes:
     -> process.pid: Int(1483757)
     -> process.executable.path: Str(/home/fishclaw/.nvm/versions/node/v22.22.0/bin/node)
     -> process.executable.name: Str(node)
ScopeProfiles #0
ScopeProfiles SchemaURL: https://opentelemetry.io/schemas/1.37.0
InstrumentationScope go.opentelemetry.io/ebpf-profiler v0.0.0
Profile #0
    Profile ID     : 
    Start time     : 2026-06-21 23:48:27.872579261 +0000 UTC
    DurationNano   : 6162007925
    Dropped attributes count: 0
    Sample #0
        Values: []
        Attributes:
             -> thread.name: node
             -> thread.id: %!s(int64=1483757)
             -> cpu.logical_number: %!s(int64=4)
    Sample #1
        Values: []
        Attributes:
             -> thread.name: node
             -> thread.id: %!s(int64=1483757)
             -> cpu.logical_number: %!s(int64=4)
    Sample #2
        Values: []
        Attributes:
             -> thread.name: node
             -> thread.id: %!s(int64=1483757)
             -> cpu.logical_number: %!s(int64=4)
    Sample #3
        Values: []
        Attributes:
             -> thread.name: node
             -> thread.id: %!s(int64=1483757)
             -> cpu.logical_number: %!s(int64=4)
    Sample #4
        Values: []
        Attributes:
             -> thread.name: node
             -> thread.id: %!s(int64=1483757)
             -> cpu.logical_number: %!s(int64=4)
    Sample #5
        Values: []
        Attributes:
             -> thread.name: node
             -> thread.id: %!s(int64=1483757)
             -> cpu.logical_number: %!s(int64=4)
    Sample #6
        Values: []
        Attributes:
             -> thread.name: node
             -> thread.id: %!s(int64=1483757)
             -> cpu.logical_number: %!s(int64=4)
    Sample #7
        Values: []
        Attributes:
             -> thread.name: node
             -> thread.id: %!s(int64=1483757)
             -> cpu.logical_number: %!s(int64=4)
    Sample #8
        Values: []
        Attributes:
             -> thread.name: node
             -> thread.id: %!s(int64=1483757)
             -> cpu.logical_number: %!s(int64=4)
    Sample #9
        Values: []
        Attributes:
             -> thread.name: node
             -> thread.id: %!s(int64=1483757)
             -> cpu.logical_number: %!s(int64=4)
    Sample #10
        Values: []
        Attributes:
             -> thread.name: node
             -> thread.id: %!s(int64=1483757)
             -> cpu.logical_number: %!s(int64=4)
    Sample #11
        Values: []
        Attributes:
             -> thread.name: node
             -> thread.id: %!s(int64=1483757)
             -> cpu.logical_number: %!s(int64=4)
    Sample #12
        Values: []
        Attributes:
             -> thread.name: node
             -> thread.id: %!s(int64=1483757)
             -> cpu.logical_number: %!s(int64=4)
    Sample #13
        Values: []
        Attributes:
             -> thread.name: node
             -> thread.id: %!s(int64=1483757)
             -> cpu.logical_number: %!s(int64=4)
    Sample #14
        Values: []
        Attributes:
             -> thread.name: node
             -> thread.id: %!s(int64=1483757)
             -> cpu.logical_number: %!s(int64=4)
    Sample #15
        Values: []
        Attributes:
             -> thread.name: node
             -> thread.id: %!s(int64=1483757)
             -> cpu.logical_number: %!s(int64=4)
    Sample #16
        Values: []
        Attributes:
             -> thread.name: node
             -> thread.id: %!s(int64=1483757)
             -> cpu.logical_number: %!s(int64=4)
    Sample #17
        Values: []
        Attributes:
             -> thread.name: node
             -> thread.id: %!s(int64=1483757)
             -> cpu.logical_number: %!s(int64=4)
    Sample #18
        Values: []
        Attributes:
             -> thread.name: node
             -> thread.id: %!s(int64=1483757)
             -> cpu.logical_number: %!s(int64=4)
    Sample #19
        Values: []
        Attributes:
             -> thread.name: node
             -> thread.id: %!s(int64=1483757)
             -> cpu.logical_number: %!s(int64=4)
    Sample #20
        Values: []
        Attributes:
             -> thread.name: node
             -> thread.id: %!s(int64=1483757)
             -> cpu.logical_number: %!s(int64=4)
    Sample #21
        Values: []
        Attributes:
             -> thread.name: node
             -> thread.id: %!s(int64=1483757)
             -> cpu.logical_number: %!s(int64=4)
    Sample #22
        Values: []
        Attributes:
             -> thread.name: node
             -> thread.id: %!s(int64=1483757)
             -> cpu.logical_number: %!s(int64=4)
    Sample #23
        Values: []
        Attributes:
             -> thread.name: node
             -> thread.id: %!s(int64=1483757)
             -> cpu.logical_number: %!s(int64=4)
    Sample #24
        Values: []
        Attributes:
             -> thread.name: node
             -> thread.id: %!s(int64=1483763)
             -> cpu.logical_number: %!s(int64=9)
    Sample #25
        Values: []
        Attributes:
             -> thread.name: node
             -> thread.id: %!s(int64=1483763)
             -> cpu.logical_number: %!s(int64=9)
    Sample #26
        Values: []
        Attributes:
             -> thread.name: node
             -> thread.id: %!s(int64=1483757)
             -> cpu.logical_number: %!s(int64=4)
    Sample #27
        Values: []
        Attributes:
             -> thread.name: node
             -> thread.id: %!s(int64=1483757)
             -> cpu.logical_number: %!s(int64=4)
    Sample #28
        Values: []
        Attributes:
             -> thread.name: node
             -> thread.id: %!s(int64=1483757)
             -> cpu.logical_number: %!s(int64=4)
    Sample #29
        Values: []
        Attributes:
             -> thread.name: node
             -> thread.id: %!s(int64=1483757)
             -> cpu.logical_number: %!s(int64=4)
    Sample #30
        Values: []
        Attributes:
             -> thread.name: node
             -> thread.id: %!s(int64=1483757)
             -> cpu.logical_number: %!s(int64=4)
    Sample #31
        Values: []
        Attributes:
             -> thread.name: node
             -> thread.id: %!s(int64=1483757)
             -> cpu.logical_number: %!s(int64=4)
    Sample #32
        Values: []
        Attributes:
             -> thread.name: node
             -> thread.id: %!s(int64=1483763)
             -> cpu.logical_number: %!s(int64=9)
    Sample #33
        Values: []
        Attributes:
             -> thread.name: node
             -> thread.id: %!s(int64=1483763)
             -> cpu.logical_number: %!s(int64=9)
    Sample #34
        Values: []
        Attributes:
             -> thread.name: node
             -> thread.id: %!s(int64=1483757)
             -> cpu.logical_number: %!s(int64=4)
    Sample #35
        Values: []
        Attributes:
             -> thread.name: node
             -> thread.id: %!s(int64=1483757)
             -> cpu.logical_number: %!s(int64=4)
    Sample #36
        Values: []
        Attributes:
             -> thread.name: node
             -> thread.id: %!s(int64=1483757)
             -> cpu.logical_number: %!s(int64=4)
    Sample #37
        Values: []
        Attributes:
             -> thread.name: node
             -> thread.id: %!s(int64=1483757)
             -> cpu.logical_number: %!s(int64=4)
    Sample #38
        Values: []
        Attributes:
             -> thread.name: node
             -> thread.id: %!s(int64=1483757)
             -> cpu.logical_number: %!s(int64=4)
    Sample #39
        Values: []
        Attributes:
             -> thread.name: node
             -> thread.id: %!s(int64=1483757)
             -> cpu.logical_number: %!s(int64=4)
    Sample #40
        Values: []
        Attributes:
             -> thread.name: node
             -> thread.id: %!s(int64=1483757)
             -> cpu.logical_number: %!s(int64=4)
    Sample #41
        Values: []
        Attributes:
             -> thread.name: node
             -> thread.id: %!s(int64=1483757)
             -> cpu.logical_number: %!s(int64=4)
    Sample #42
        Values: []
        Attributes:
             -> thread.name: node
             -> thread.id: %!s(int64=1483757)
             -> cpu.logical_number: %!s(int64=4)
    Sample #43
        Values: []
        Attributes:
             -> thread.name: node
             -> thread.id: %!s(int64=1483757)
             -> cpu.logical_number: %!s(int64=4)
    Sample #44
        Values: []
        Attributes:
             -> thread.name: node
             -> thread.id: %!s(int64=1483763)
             -> cpu.logical_number: %!s(int64=9)
    Sample #45
        Values: []
        Attributes:
             -> thread.name: node
             -> thread.id: %!s(int64=1483757)
             -> cpu.logical_number: %!s(int64=4)
    Sample #46
        Values: []
        Attributes:
             -> thread.name: node
             -> thread.id: %!s(int64=1483757)
             -> cpu.logical_number: %!s(int64=4)
    Sample #47
        Values: []
        Attributes:
             -> thread.name: node
             -> thread.id: %!s(int64=1483757)
             -> cpu.logical_number: %!s(int64=4)
    Sample #48
        Values: []
        Attributes:
             -> thread.name: node
             -> thread.id: %!s(int64=1483757)
             -> cpu.logical_number: %!s(int64=4)
    Sample #49
        Values: []
        Attributes:
             -> thread.name: node
             -> thread.id: %!s(int64=1483757)
             -> cpu.logical_number: %!s(int64=4)
    Sample #50
        Values: []
        Attributes:
             -> thread.name: node
             -> thread.id: %!s(int64=1483757)
             -> cpu.logical_number: %!s(int64=4)
    Sample #51
        Values: []
        Attributes:
             -> thread.name: node
             -> thread.id: %!s(int64=1483757)
             -> cpu.logical_number: %!s(int64=4)
    Sample #52
        Values: []
        Attributes:
             -> thread.name: node
             -> thread.id: %!s(int64=1483757)
             -> cpu.logical_number: %!s(int64=4)
    Sample #53
        Values: []
        Attributes:
             -> thread.name: node
             -> thread.id: %!s(int64=1483757)
             -> cpu.logical_number: %!s(int64=4)
    Sample #54
        Values: []
        Attributes:
             -> thread.name: node
             -> thread.id: %!s(int64=1483763)
             -> cpu.logical_number: %!s(int64=9)
    Sample #55
        Values: []
        Attributes:
             -> thread.name: node
             -> thread.id: %!s(int64=1483757)
             -> cpu.logical_number: %!s(int64=4)
    Sample #56
        Values: []
        Attributes:
             -> thread.name: node
             -> thread.id: %!s(int64=1483757)
             -> cpu.logical_number: %!s(int64=4)
    Sample #57
        Values: []
        Attributes:
             -> thread.name: node
             -> thread.id: %!s(int64=1483757)
             -> cpu.logical_number: %!s(int64=4)
    Sample #58
        Values: []
        Attributes:
             -> thread.name: node
             -> thread.id: %!s(int64=1483757)
             -> cpu.logical_number: %!s(int64=4)
    Sample #59
        Values: []
        Attributes:
             -> thread.name: node
             -> thread.id: %!s(int64=1483757)
             -> cpu.logical_number: %!s(int64=4)
    Sample #60
        Values: []
        Attributes:
             -> thread.name: node
             -> thread.id: %!s(int64=1483757)
             -> cpu.logical_number: %!s(int64=4)
    Sample #61
        Values: []
        Attributes:
             -> thread.name: node
             -> thread.id: %!s(int64=1483757)
             -> cpu.logical_number: %!s(int64=4)
    Sample #62
        Values: []
        Attributes:
             -> thread.name: node
             -> thread.id: %!s(int64=1483757)
             -> cpu.logical_number: %!s(int64=4)
    Sample #63
        Values: []
        Attributes:
             -> thread.name: node
             -> thread.id: %!s(int64=1483757)
             -> cpu.logical_number: %!s(int64=4)
    Sample #64
        Values: []
        Attributes:
             -> thread.name: node
             -> thread.id: %!s(int64=1483757)
             -> cpu.logical_number: %!s(int64=4)
    Sample #65
        Values: []
        Attributes:
             -> thread.name: node
             -> thread.id: %!s(int64=1483757)
             -> cpu.logical_number: %!s(int64=4)
    Sample #66
        Values: []
        Attributes:
             -> thread.name: node
             -> thread.id: %!s(int64=1483757)
             -> cpu.logical_number: %!s(int64=4)
    Sample #67
        Values: []
        Attributes:
             -> thread.name: node
             -> thread.id: %!s(int64=1483757)
             -> cpu.logical_number: %!s(int64=4)
    Sample #68
        Values: []
        Attributes:
             -> thread.name: node
             -> thread.id: %!s(int64=1483757)
             -> cpu.logical_number: %!s(int64=4)
    Sample #69
        Values: []
        Attributes:
             -> thread.name: node
             -> thread.id: %!s(int64=1483763)
             -> cpu.logical_number: %!s(int64=9)
    Sample #70
        Values: []
        Attributes:
             -> thread.name: node
             -> thread.id: %!s(int64=1483757)
             -> cpu.logical_number: %!s(int64=4)
    Sample #71
        Values: []
        Attributes:
             -> thread.name: node
             -> thread.id: %!s(int64=1483757)
             -> cpu.logical_number: %!s(int64=4)
    Sample #72
        Values: []
        Attributes:
             -> thread.name: node
             -> thread.id: %!s(int64=1483757)
             -> cpu.logical_number: %!s(int64=4)
    Sample #73
        Values: []
        Attributes:
             -> thread.name: node
             -> thread.id: %!s(int64=1483757)
             -> cpu.logical_number: %!s(int64=4)
    Sample #74
        Values: []
        Attributes:
             -> thread.name: node
             -> thread.id: %!s(int64=1483757)
             -> cpu.logical_number: %!s(int64=4)
    Sample #75
        Values: []
        Attributes:
             -> thread.name: node
             -> thread.id: %!s(int64=1483757)
             -> cpu.logical_number: %!s(int64=4)
    Sample #76
        Values: []
        Attributes:
             -> thread.name: node
             -> thread.id: %!s(int64=1483757)
             -> cpu.logical_number: %!s(int64=4)
    Sample #77
        Values: []
        Attributes:
             -> thread.name: node
             -> thread.id: %!s(int64=1483763)
             -> cpu.logical_number: %!s(int64=9)
    Sample #78
        Values: []
        Attributes:
             -> thread.name: node
             -> thread.id: %!s(int64=1483757)
             -> cpu.logical_number: %!s(int64=4)
    Sample #79
        Values: []
        Attributes:
             -> thread.name: node
             -> thread.id: %!s(int64=1483757)
             -> cpu.logical_number: %!s(int64=4)
    Sample #80
        Values: []
        Attributes:
             -> thread.name: node
             -> thread.id: %!s(int64=1483757)
             -> cpu.logical_number: %!s(int64=4)
    Sample #81
        Values: []
        Attributes:
             -> thread.name: node
             -> thread.id: %!s(int64=1483763)
             -> cpu.logical_number: %!s(int64=9)
    Sample #82
        Values: []
        Attributes:
             -> thread.name: node
             -> thread.id: %!s(int64=1483763)
             -> cpu.logical_number: %!s(int64=9)
    Sample #83
        Values: []
        Attributes:
             -> thread.name: node
             -> thread.id: %!s(int64=1483757)
             -> cpu.logical_number: %!s(int64=4)
    Sample #84
        Values: []
        Attributes:
             -> thread.name: node
             -> thread.id: %!s(int64=1483757)
             -> cpu.logical_number: %!s(int64=4)
    Sample #85
        Values: []
        Attributes:
             -> thread.name: node
             -> thread.id: %!s(int64=1483757)
             -> cpu.logical_number: %!s(int64=4)
    Sample #86
        Values: []
        Attributes:
             -> thread.name: node
             -> thread.id: %!s(int64=1483757)
             -> cpu.logical_number: %!s(int64=4)
    Sample #87
        Values: []
        Attributes:
             -> thread.name: node
             -> thread.id: %!s(int64=1483763)
             -> cpu.logical_number: %!s(int64=9)
    Sample #88
        Values: []
        Attributes:
             -> thread.name: node
             -> thread.id: %!s(int64=1483763)
             -> cpu.logical_number: %!s(int64=9)
    Sample #89
        Values: []
        Attributes:
             -> thread.name: node
             -> thread.id: %!s(int64=1483763)
             -> cpu.logical_number: %!s(int64=9)
    Sample #90
        Values: []
        Attributes:
             -> thread.name: node
             -> thread.id: %!s(int64=1483757)
             -> cpu.logical_number: %!s(int64=4)
    Sample #91
        Values: []
        Attributes:
             -> thread.name: node
             -> thread.id: %!s(int64=1483757)
             -> cpu.logical_number: %!s(int64=4)
    Sample #92
        Values: []
        Attributes:
             -> thread.name: node
             -> thread.id: %!s(int64=1483757)
             -> cpu.logical_number: %!s(int64=4)
    Sample #93
        Values: []
        Attributes:
             -> thread.name: node
             -> thread.id: %!s(int64=1483757)
             -> cpu.logical_number: %!s(int64=4)
    Sample #94
        Values: []
        Attributes:
             -> thread.name: node
             -> thread.id: %!s(int64=1483757)
             -> cpu.logical_number: %!s(int64=4)
    Sample #95
        Values: []
        Attributes:
             -> thread.name: node
             -> thread.id: %!s(int64=1483757)
             -> cpu.logical_number: %!s(int64=4)
    Sample #96
        Values: []
        Attributes:
             -> thread.name: node
             -> thread.id: %!s(int64=1483757)
             -> cpu.logical_number: %!s(int64=4)
    Sample #97
        Values: []
        Attributes:
             -> thread.name: node
             -> thread.id: %!s(int64=1483757)
             -> cpu.logical_number: %!s(int64=4)
    Sample #98
        Values: []
        Attributes:
             -> thread.name: node
             -> thread.id: %!s(int64=1483757)
             -> cpu.logical_number: %!s(int64=4)
    Sample #99
        Values: []
        Attributes:
             -> thread.name: node
             -> thread.id: %!s(int64=1483757)
             -> cpu.logical_number: %!s(int64=4)
    Sample #100
        Values: []
        Attributes:
             -> thread.name: node
             -> thread.id: %!s(int64=1483757)
             -> cpu.logical_number: %!s(int64=4)
    Sample #101
        Values: []
        Attributes:
             -> thread.name: node
             -> thread.id: %!s(int64=1483757)
             -> cpu.logical_number: %!s(int64=4)
    Sample #102
        Values: []
        Attributes:
             -> thread.name: node
             -> thread.id: %!s(int64=1483757)
             -> cpu.logical_number: %!s(int64=4)
    Sample #103
        Values: []
        Attributes:
             -> thread.name: node
             -> thread.id: %!s(int64=1483763)
             -> cpu.logical_number: %!s(int64=9)
    Sample #104
        Values: []
        Attributes:
             -> thread.name: node
             -> thread.id: %!s(int64=1483757)
             -> cpu.logical_number: %!s(int64=4)
    Sample #105
        Values: []
        Attributes:
             -> thread.name: node
             -> thread.id: %!s(int64=1483757)
             -> cpu.logical_number: %!s(int64=4)
    Sample #106
        Values: []
        Attributes:
             -> thread.name: node
             -> thread.id: %!s(int64=1483757)
             -> cpu.logical_number: %!s(int64=4)
    Sample #107
        Values: []
        Attributes:
             -> thread.name: node
             -> thread.id: %!s(int64=1483757)
             -> cpu.logical_number: %!s(int64=4)
    Sample #108
        Values: []
        Attributes:
             -> thread.name: node
             -> thread.id: %!s(int64=1483757)
             -> cpu.logical_number: %!s(int64=4)
    Sample #109
        Values: []
        Attributes:
             -> thread.name: node
             -> thread.id: %!s(int64=1483763)
             -> cpu.logical_number: %!s(int64=9)
    Sample #110
        Values: []
        Attributes:
             -> thread.name: node
             -> thread.id: %!s(int64=1483763)
             -> cpu.logical_number: %!s(int64=9)
    Sample #111
        Values: []
        Attributes:
             -> thread.name: node
             -> thread.id: %!s(int64=1483757)
             -> cpu.logical_number: %!s(int64=4)
    Sample #112
        Values: []
        Attributes:
             -> thread.name: node
             -> thread.id: %!s(int64=1483757)
             -> cpu.logical_number: %!s(int64=4)
    Sample #113
        Values: []
        Attributes:
             -> thread.name: node
             -> thread.id: %!s(int64=1483757)
             -> cpu.logical_number: %!s(int64=4)
    Sample #114
        Values: []
        Attributes:
             -> thread.name: node
             -> thread.id: %!s(int64=1483757)
             -> cpu.logical_number: %!s(int64=4)
    Sample #115
        Values: []
        Attributes:
             -> thread.name: node
             -> thread.id: %!s(int64=1483757)
             -> cpu.logical_number: %!s(int64=4)
    Sample #116
        Values: []
        Attributes:
             -> thread.name: node
             -> thread.id: %!s(int64=1483757)
             -> cpu.logical_number: %!s(int64=4)
    Sample #117
        Values: []
        Attributes:
             -> thread.name: node
             -> thread.id: %!s(int64=1483757)
             -> cpu.logical_number: %!s(int64=4)
    Sample #118
        Values: []
        Attributes:
             -> thread.name: node
             -> thread.id: %!s(int64=1483757)
             -> cpu.logical_number: %!s(int64=4)
    Sample #119
        Values: []
        Attributes:
             -> thread.name: node
             -> thread.id: %!s(int64=1483757)
             -> cpu.logical_number: %!s(int64=4)
    Sample #120
        Values: []
        Attributes:
             -> thread.name: node
             -> thread.id: %!s(int64=1483757)
             -> cpu.logical_number: %!s(int64=4)
    Sample #121
        Values: []
        Attributes:
             -> thread.name: node
             -> thread.id: %!s(int64=1483757)
             -> cpu.logical_number: %!s(int64=4)
    Sample #122
        Values: []
        Attributes:
             -> thread.name: node
             -> thread.id: %!s(int64=1483763)
             -> cpu.logical_number: %!s(int64=9)
    Sample #123
        Values: []
        Attributes:
             -> thread.name: node
             -> thread.id: %!s(int64=1483757)
             -> cpu.logical_number: %!s(int64=4)
    Sample #124
        Values: []
        Attributes:
             -> thread.name: node
             -> thread.id: %!s(int64=1483757)
             -> cpu.logical_number: %!s(int64=4)
    Sample #125
        Values: []
        Attributes:
             -> thread.name: node
             -> thread.id: %!s(int64=1483757)
             -> cpu.logical_number: %!s(int64=4)
    Sample #126
        Values: []
        Attributes:
             -> thread.name: node
             -> thread.id: %!s(int64=1483757)
             -> cpu.logical_number: %!s(int64=4)
    Sample #127
        Values: []
        Attributes:
             -> thread.name: node
             -> thread.id: %!s(int64=1483757)
             -> cpu.logical_number: %!s(int64=4)
    Sample #128
        Values: []
        Attributes:
             -> thread.name: node
             -> thread.id: %!s(int64=1483757)
             -> cpu.logical_number: %!s(int64=4)
    Sample #129
        Values: []
        Attributes:
             -> thread.name: node
             -> thread.id: %!s(int64=1483763)
             -> cpu.logical_number: %!s(int64=9)
    Sample #130
        Values: []
        Attributes:
             -> thread.name: node
             -> thread.id: %!s(int64=1483763)
             -> cpu.logical_number: %!s(int64=9)
    Sample #131
        Values: []
        Attributes:
             -> thread.name: node
             -> thread.id: %!s(int64=1483757)
             -> cpu.logical_number: %!s(int64=4)
    Sample #132
        Values: []
        Attributes:
             -> thread.name: node
             -> thread.id: %!s(int64=1483757)
             -> cpu.logical_number: %!s(int64=4)
    Sample #133
        Values: []
        Attributes:
             -> thread.name: node
             -> thread.id: %!s(int64=1483757)
             -> cpu.logical_number: %!s(int64=4)
    Sample #134
        Values: []
        Attributes:
             -> thread.name: node
             -> thread.id: %!s(int64=1483757)
             -> cpu.logical_number: %!s(int64=4)
    Sample #135
        Values: []
        Attributes:
             -> thread.name: node
             -> thread.id: %!s(int64=1483763)
             -> cpu.logical_number: %!s(int64=9)
    Sample #136
        Values: []
        Attributes:
             -> thread.name: node
             -> thread.id: %!s(int64=1483763)
             -> cpu.logical_number: %!s(int64=9)
    Sample #137
        Values: []
        Attributes:
             -> thread.name: node
             -> thread.id: %!s(int64=1483757)
             -> cpu.logical_number: %!s(int64=4)
    Sample #138
        Values: []
        Attributes:
             -> thread.name: node
             -> thread.id: %!s(int64=1483757)
             -> cpu.logical_number: %!s(int64=4)
    Sample #139
        Values: []
        Attributes:
             -> thread.name: node
             -> thread.id: %!s(int64=1483757)
             -> cpu.logical_number: %!s(int64=4)
    Sample #140
        Values: []
        Attributes:
             -> thread.name: node
             -> thread.id: %!s(int64=1483757)
             -> cpu.logical_number: %!s(int64=4)
    Sample #141
        Values: []
        Attributes:
             -> thread.name: node
             -> thread.id: %!s(int64=1483757)
             -> cpu.logical_number: %!s(int64=4)
    Sample #142
        Values: []
        Attributes:
             -> thread.name: node
             -> thread.id: %!s(int64=1483757)
             -> cpu.logical_number: %!s(int64=4)
    Sample #143
        Values: []
        Attributes:
             -> thread.name: node
             -> thread.id: %!s(int64=1483757)
             -> cpu.logical_number: %!s(int64=4)
    Sample #144
        Values: []
        Attributes:
             -> thread.name: node
             -> thread.id: %!s(int64=1483757)
             -> cpu.logical_number: %!s(int64=4)
    Sample #145
        Values: []
        Attributes:
             -> thread.name: node
             -> thread.id: %!s(int64=1483757)
             -> cpu.logical_number: %!s(int64=4)
    Sample #146
        Values: []
        Attributes:
             -> thread.name: node
             -> thread.id: %!s(int64=1483757)
             -> cpu.logical_number: %!s(int64=4)
    Sample #147
        Values: []
        Attributes:
             -> thread.name: node
             -> thread.id: %!s(int64=1483757)
             -> cpu.logical_number: %!s(int64=4)
    Sample #148
        Values: []
        Attributes:
             -> thread.name: node
             -> thread.id: %!s(int64=1483757)
             -> cpu.logical_number: %!s(int64=4)
    Sample #149
        Values: []
        Attributes:
             -> thread.name: node
             -> thread.id: %!s(int64=1483757)
             -> cpu.logical_number: %!s(int64=4)
    Sample #150
        Values: []
        Attributes:
             -> thread.name: node
             -> thread.id: %!s(int64=1483757)
             -> cpu.logical_number: %!s(int64=4)
    Sample #151
        Values: []
        Attributes:
             -> thread.name: node
             -> thread.id: %!s(int64=1483757)
             -> cpu.logical_number: %!s(int64=4)
    Sample #152
        Values: []
        Attributes:
             -> thread.name: node
             -> thread.id: %!s(int64=1483757)
             -> cpu.logical_number: %!s(int64=4)
    Sample #153
        Values: []
        Attributes:
             -> thread.name: node
             -> thread.id: %!s(int64=1483757)
             -> cpu.logical_number: %!s(int64=4)
    Sample #154
        Values: []
        Attributes:
             -> thread.name: node
             -> thread.id: %!s(int64=1483757)
             -> cpu.logical_number: %!s(int64=4)
    Sample #155
        Values: []
        Attributes:
             -> thread.name: node
             -> thread.id: %!s(int64=1483757)
             -> cpu.logical_number: %!s(int64=4)
    Sample #156
        Values: []
        Attributes:
             -> thread.name: node
             -> thread.id: %!s(int64=1483763)
             -> cpu.logical_number: %!s(int64=9)
    Sample #157
        Values: []
        Attributes:
             -> thread.name: node
             -> thread.id: %!s(int64=1483757)
             -> cpu.logical_number: %!s(int64=4)
    Sample #158
        Values: []
        Attributes:
             -> thread.name: node
             -> thread.id: %!s(int64=1483757)
             -> cpu.logical_number: %!s(int64=4)
    Sample #159
        Values: []
        Attributes:
             -> thread.name: node
             -> thread.id: %!s(int64=1483757)
             -> cpu.logical_number: %!s(int64=4)
    Sample #160
        Values: []
        Attributes:
             -> thread.name: node
             -> thread.id: %!s(int64=1483757)
             -> cpu.logical_number: %!s(int64=4)
    Sample #161
        Values: []
        Attributes:
             -> thread.name: node
             -> thread.id: %!s(int64=1483757)
             -> cpu.logical_number: %!s(int64=4)
    Sample #162
        Values: []
        Attributes:
             -> thread.name: node
             -> thread.id: %!s(int64=1483757)
             -> cpu.logical_number: %!s(int64=4)
    Sample #163
        Values: []
        Attributes:
             -> thread.name: node
             -> thread.id: %!s(int64=1483763)
             -> cpu.logical_number: %!s(int64=9)
    Sample #164
        Values: []
        Attributes:
             -> thread.name: node
             -> thread.id: %!s(int64=1483757)
             -> cpu.logical_number: %!s(int64=4)
    Sample #165
        Values: []
        Attributes:
             -> thread.name: node
             -> thread.id: %!s(int64=1483757)
             -> cpu.logical_number: %!s(int64=4)
    Sample #166
        Values: []
        Attributes:
             -> thread.name: node
             -> thread.id: %!s(int64=1483757)
             -> cpu.logical_number: %!s(int64=4)
    Sample #167
        Values: []
        Attributes:
             -> thread.name: node
             -> thread.id: %!s(int64=1483757)
             -> cpu.logical_number: %!s(int64=4)
    Sample #168
        Values: []
        Attributes:
             -> thread.name: node
             -> thread.id: %!s(int64=1483757)
             -> cpu.logical_number: %!s(int64=4)
    Sample #169
        Values: []
        Attributes:
             -> thread.name: node
             -> thread.id: %!s(int64=1483757)
             -> cpu.logical_number: %!s(int64=4)
    Sample #170
        Values: []
        Attributes:
             -> thread.name: node
             -> thread.id: %!s(int64=1483763)
             -> cpu.logical_number: %!s(int64=9)
    Sample #171
        Values: []
        Attributes:
             -> thread.name: node
             -> thread.id: %!s(int64=1483757)
             -> cpu.logical_number: %!s(int64=4)
    Sample #172
        Values: []
        Attributes:
             -> thread.name: node
             -> thread.id: %!s(int64=1483757)
             -> cpu.logical_number: %!s(int64=4)
    Sample #173
        Values: []
        Attributes:
             -> thread.name: node
             -> thread.id: %!s(int64=1483757)
             -> cpu.logical_number: %!s(int64=4)
    Sample #174
        Values: []
        Attributes:
             -> thread.name: node
             -> thread.id: %!s(int64=1483757)
             -> cpu.logical_number: %!s(int64=4)
    Sample #175
        Values: []
        Attributes:
             -> thread.name: node
             -> thread.id: %!s(int64=1483757)
             -> cpu.logical_number: %!s(int64=4)
    Sample #176
        Values: []
        Attributes:
             -> thread.name: node
             -> thread.id: %!s(int64=1483757)
             -> cpu.logical_number: %!s(int64=4)
    Sample #177
        Values: []
        Attributes:
             -> thread.name: node
             -> thread.id: %!s(int64=1483757)
             -> cpu.logical_number: %!s(int64=4)
    Sample #178
        Values: []
        Attributes:
             -> thread.name: node
             -> thread.id: %!s(int64=1483757)
             -> cpu.logical_number: %!s(int64=4)
    Sample #179
        Values: []
        Attributes:
             -> thread.name: node
             -> thread.id: %!s(int64=1483757)
             -> cpu.logical_number: %!s(int64=4)
    Sample #180
        Values: []
        Attributes:
             -> thread.name: node
             -> thread.id: %!s(int64=1483757)
             -> cpu.logical_number: %!s(int64=4)
    Sample #181
        Values: []
        Attributes:
             -> thread.name: node
             -> thread.id: %!s(int64=1483757)
             -> cpu.logical_number: %!s(int64=4)
    Sample #182
        Values: []
        Attributes:
             -> thread.name: node
             -> thread.id: %!s(int64=1483757)
             -> cpu.logical_number: %!s(int64=4)
    Sample #183
        Values: []
        Attributes:
             -> thread.name: node
             -> thread.id: %!s(int64=1483757)
             -> cpu.logical_number: %!s(int64=4)
    Sample #184
        Values: []
        Attributes:
             -> thread.name: node
             -> thread.id: %!s(int64=1483757)
             -> cpu.logical_number: %!s(int64=4)
    Sample #185
        Values: []
        Attributes:
             -> thread.name: node
             -> thread.id: %!s(int64=1483757)
             -> cpu.logical_number: %!s(int64=4)
    Sample #186
        Values: []
        Attributes:
             -> thread.name: node
             -> thread.id: %!s(int64=1483757)
             -> cpu.logical_number: %!s(int64=4)
    Sample #187
        Values: []
        Attributes:
             -> thread.name: node
             -> thread.id: %!s(int64=1483757)
             -> cpu.logical_number: %!s(int64=4)
    Sample #188
        Values: []
        Attributes:
             -> thread.name: node
             -> thread.id: %!s(int64=1483757)
             -> cpu.logical_number: %!s(int64=4)
    Sample #189
        Values: []
        Attributes:
             -> thread.name: node
             -> thread.id: %!s(int64=1483757)
             -> cpu.logical_number: %!s(int64=4)
    Sample #190
        Values: []
        Attributes:
             -> thread.name: node
             -> thread.id: %!s(int64=1483757)
             -> cpu.logical_number: %!s(int64=4)
    Sample #191
        Values: []
        Attributes:
             -> thread.name: node
             -> thread.id: %!s(int64=1483757)
             -> cpu.logical_number: %!s(int64=4)
    Sample #192
        Values: []
        Attributes:
             -> thread.name: node
             -> thread.id: %!s(int64=1483763)
             -> cpu.logical_number: %!s(int64=9)
    Sample #193
        Values: []
        Attributes:
             -> thread.name: node
             -> thread.id: %!s(int64=1483757)
             -> cpu.logical_number: %!s(int64=4)
    Sample #194
        Values: []
        Attributes:
             -> thread.name: node
             -> thread.id: %!s(int64=1483757)
             -> cpu.logical_number: %!s(int64=4)
    Sample #195
        Values: []
        Attributes:
             -> thread.name: node
             -> thread.id: %!s(int64=1483757)
             -> cpu.logical_number: %!s(int64=4)
    Sample #196
        Values: []
        Attributes:
             -> thread.name: node
             -> thread.id: %!s(int64=1483757)
             -> cpu.logical_number: %!s(int64=4)
    Sample #197
        Values: []
        Attributes:
             -> thread.name: node
             -> thread.id: %!s(int64=1483757)
             -> cpu.logical_number: %!s(int64=4)
    Sample #198
        Values: []
        Attributes:
             -> thread.name: node
             -> thread.id: %!s(int64=1483757)
             -> cpu.logical_number: %!s(int64=4)
    Sample #199
        Values: []
        Attributes:
             -> thread.name: node
             -> thread.id: %!s(int64=1483757)
             -> cpu.logical_number: %!s(int64=4)
    Sample #200
        Values: []
        Attributes:
             -> thread.name: node
             -> thread.id: %!s(int64=1483757)
             -> cpu.logical_number: %!s(int64=4)
    Sample #201
        Values: []
        Attributes:
             -> thread.name: node
             -> thread.id: %!s(int64=1483757)
             -> cpu.logical_number: %!s(int64=4)
    Sample #202
        Values: []
        Attributes:
             -> thread.name: node
             -> thread.id: %!s(int64=1483757)
             -> cpu.logical_number: %!s(int64=4)
    Sample #203
        Values: []
        Attributes:
             -> thread.name: node
             -> thread.id: %!s(int64=1483757)
             -> cpu.logical_number: %!s(int64=4)
    Sample #204
        Values: []
        Attributes:
             -> thread.name: node
             -> thread.id: %!s(int64=1483757)
             -> cpu.logical_number: %!s(int64=4)
    Sample #205
        Values: []
        Attributes:
             -> thread.name: node
             -> thread.id: %!s(int64=1483757)
             -> cpu.logical_number: %!s(int64=4)
    Sample #206
        Values: []
        Attributes:
             -> thread.name: node
             -> thread.id: %!s(int64=1483757)
             -> cpu.logical_number: %!s(int64=4)
    Sample #207
        Values: []
        Attributes:
             -> thread.name: node
             -> thread.id: %!s(int64=1483757)
             -> cpu.logical_number: %!s(int64=4)
    Sample #208
        Values: []
        Attributes:
             -> thread.name: node
             -> thread.id: %!s(int64=1483757)
             -> cpu.logical_number: %!s(int64=4)
    Sample #209
        Values: []
        Attributes:
             -> thread.name: node
             -> thread.id: %!s(int64=1483757)
             -> cpu.logical_number: %!s(int64=4)
    Sample #210
        Values: []
        Attributes:
             -> thread.name: node
             -> thread.id: %!s(int64=1483757)
             -> cpu.logical_number: %!s(int64=4)
    Sample #211
        Values: []
        Attributes:
             -> thread.name: node
             -> thread.id: %!s(int64=1483757)
             -> cpu.logical_number: %!s(int64=4)
    Sample #212
        Values: []
        Attributes:
             -> thread.name: node
             -> thread.id: %!s(int64=1483757)
             -> cpu.logical_number: %!s(int64=4)
    Sample #213
        Values: []
        Attributes:
             -> thread.name: node
             -> thread.id: %!s(int64=1483757)
             -> cpu.logical_number: %!s(int64=4)
    Sample #214
        Values: []
        Attributes:
             -> thread.name: node
             -> thread.id: %!s(int64=1483757)
             -> cpu.logical_number: %!s(int64=4)
    Sample #215
        Values: []
        Attributes:
             -> thread.name: node
             -> thread.id: %!s(int64=1483757)
             -> cpu.logical_number: %!s(int64=4)
    Sample #216
        Values: []
        Attributes:
             -> thread.name: node
             -> thread.id: %!s(int64=1483757)
             -> cpu.logical_number: %!s(int64=4)
    Sample #217
        Values: []
        Attributes:
             -> thread.name: node
             -> thread.id: %!s(int64=1483760)
             -> cpu.logical_number: %!s(int64=15)
    Sample #218
        Values: []
        Attributes:
             -> thread.name: node
             -> thread.id: %!s(int64=1483757)
             -> cpu.logical_number: %!s(int64=4)
    Sample #219
        Values: []
        Attributes:
             -> thread.name: node
             -> thread.id: %!s(int64=1483757)
             -> cpu.logical_number: %!s(int64=4)
    Sample #220
        Values: []
        Attributes:
             -> thread.name: node
             -> thread.id: %!s(int64=1483757)
             -> cpu.logical_number: %!s(int64=4)
    Sample #221
        Values: []
        Attributes:
             -> thread.name: node
             -> thread.id: %!s(int64=1483757)
             -> cpu.logical_number: %!s(int64=4)
    Sample #222
        Values: []
        Attributes:
             -> thread.name: node
             -> thread.id: %!s(int64=1483757)
             -> cpu.logical_number: %!s(int64=4)
    Sample #223
        Values: []
        Attributes:
             -> thread.name: node
             -> thread.id: %!s(int64=1483757)
             -> cpu.logical_number: %!s(int64=4)
    Sample #224
        Values: []
        Attributes:
             -> thread.name: node
             -> thread.id: %!s(int64=1483757)
             -> cpu.logical_number: %!s(int64=4)
    Sample #225
        Values: []
        Attributes:
             -> thread.name: node
             -> thread.id: %!s(int64=1483757)
             -> cpu.logical_number: %!s(int64=4)
    Sample #226
        Values: []
        Attributes:
             -> thread.name: node
             -> thread.id: %!s(int64=1483757)
             -> cpu.logical_number: %!s(int64=4)
    Sample #227
        Values: []
        Attributes:
             -> thread.name: node
             -> thread.id: %!s(int64=1483757)
             -> cpu.logical_number: %!s(int64=4)
    Sample #228
        Values: []
        Attributes:
             -> thread.name: node
             -> thread.id: %!s(int64=1483757)
             -> cpu.logical_number: %!s(int64=4)
    Sample #229
        Values: []
        Attributes:
             -> thread.name: node
             -> thread.id: %!s(int64=1483757)
             -> cpu.logical_number: %!s(int64=4)
    Sample #230
        Values: []
        Attributes:
             -> thread.name: node
             -> thread.id: %!s(int64=1483757)
             -> cpu.logical_number: %!s(int64=4)
    Sample #231
        Values: []
        Attributes:
             -> thread.name: node
             -> thread.id: %!s(int64=1483757)
             -> cpu.logical_number: %!s(int64=4)
    Sample #232
        Values: []
        Attributes:
             -> thread.name: node
             -> thread.id: %!s(int64=1483757)
             -> cpu.logical_number: %!s(int64=4)
    Sample #233
        Values: []
        Attributes:
             -> thread.name: node
             -> thread.id: %!s(int64=1483757)
             -> cpu.logical_number: %!s(int64=4)
    Sample #234
        Values: []
        Attributes:
             -> thread.name: node
             -> thread.id: %!s(int64=1483757)
             -> cpu.logical_number: %!s(int64=4)
    Sample #235
        Values: []
        Attributes:
             -> thread.name: node
             -> thread.id: %!s(int64=1483757)
             -> cpu.logical_number: %!s(int64=4)
    Sample #236
        Values: []
        Attributes:
             -> thread.name: node
             -> thread.id: %!s(int64=1483763)
             -> cpu.logical_number: %!s(int64=9)
    Sample #237
        Values: []
        Attributes:
             -> thread.name: node
             -> thread.id: %!s(int64=1483757)
             -> cpu.logical_number: %!s(int64=4)
    Sample #238
        Values: []
        Attributes:
             -> thread.name: node
             -> thread.id: %!s(int64=1483757)
             -> cpu.logical_number: %!s(int64=4)
    Sample #239
        Values: []
        Attributes:
             -> thread.name: node
             -> thread.id: %!s(int64=1483757)
             -> cpu.logical_number: %!s(int64=4)
    Sample #240
        Values: []
        Attributes:
             -> thread.name: node
             -> thread.id: %!s(int64=1483757)
             -> cpu.logical_number: %!s(int64=4)
    Sample #241
        Values: []
        Attributes:
             -> thread.name: node
             -> thread.id: %!s(int64=1483757)
             -> cpu.logical_number: %!s(int64=4)
    Sample #242
        Values: []
        Attributes:
             -> thread.name: node
             -> thread.id: %!s(int64=1483757)
             -> cpu.logical_number: %!s(int64=4)
    Sample #243
        Values: []
        Attributes:
             -> thread.name: node
             -> thread.id: %!s(int64=1483757)
             -> cpu.logical_number: %!s(int64=4)
    Sample #244
        Values: []
        Attributes:
             -> thread.name: node
             -> thread.id: %!s(int64=1483757)
             -> cpu.logical_number: %!s(int64=4)
    Sample #245
        Values: []
        Attributes:
             -> thread.name: node
             -> thread.id: %!s(int64=1483757)
             -> cpu.logical_number: %!s(int64=4)
    Sample #246
        Values: []
        Attributes:
             -> thread.name: node
             -> thread.id: %!s(int64=1483757)
             -> cpu.logical_number: %!s(int64=4)
    Sample #247
        Values: []
        Attributes:
             -> thread.name: node
             -> thread.id: %!s(int64=1483757)
             -> cpu.logical_number: %!s(int64=4)
    Sample #248
        Values: []
        Attributes:
             -> thread.name: node
             -> thread.id: %!s(int64=1483757)
             -> cpu.logical_number: %!s(int64=4)
    Sample #249
        Values: []
        Attributes:
             -> thread.name: node
             -> thread.id: %!s(int64=1483757)
             -> cpu.logical_number: %!s(int64=4)
    Sample #250
        Values: []
        Attributes:
             -> thread.name: node
             -> thread.id: %!s(int64=1483757)
             -> cpu.logical_number: %!s(int64=4)
    Sample #251
        Values: []
        Attributes:
             -> thread.name: node
             -> thread.id: %!s(int64=1483757)
             -> cpu.logical_number: %!s(int64=4)
    Sample #252
        Values: []
        Attributes:
             -> thread.name: node
             -> thread.id: %!s(int64=1483763)
             -> cpu.logical_number: %!s(int64=9)
    Sample #253
        Values: []
        Attributes:
             -> thread.name: node
             -> thread.id: %!s(int64=1483757)
             -> cpu.logical_number: %!s(int64=4)
    Sample #254
        Values: []
        Attributes:
             -> thread.name: node
             -> thread.id: %!s(int64=1483757)
             -> cpu.logical_number: %!s(int64=4)
    Sample #255
        Values: []
        Attributes:
             -> thread.name: node
             -> thread.id: %!s(int64=1483757)
             -> cpu.logical_number: %!s(int64=4)
    Sample #256
        Values: []
        Attributes:
             -> thread.name: node
             -> thread.id: %!s(int64=1483757)
             -> cpu.logical_number: %!s(int64=4)
    Sample #257
        Values: []
        Attributes:
             -> thread.name: node
             -> thread.id: %!s(int64=1483757)
             -> cpu.logical_number: %!s(int64=4)
    Sample #258
        Values: []
        Attributes:
             -> thread.name: node
             -> thread.id: %!s(int64=1483763)
             -> cpu.logical_number: %!s(int64=9)
    Sample #259
        Values: []
        Attributes:
             -> thread.name: node
             -> thread.id: %!s(int64=1483757)
             -> cpu.logical_number: %!s(int64=4)
    Sample #260
        Values: []
        Attributes:
             -> thread.name: node
             -> thread.id: %!s(int64=1483757)
             -> cpu.logical_number: %!s(int64=4)
    Sample #261
        Values: []
        Attributes:
             -> thread.name: node
             -> thread.id: %!s(int64=1483757)
             -> cpu.logical_number: %!s(int64=4)
    Sample #262
        Values: []
        Attributes:
             -> thread.name: node
             -> thread.id: %!s(int64=1483757)
             -> cpu.logical_number: %!s(int64=4)
    Sample #263
        Values: []
        Attributes:
             -> thread.name: node
             -> thread.id: %!s(int64=1483761)
             -> cpu.logical_number: %!s(int64=11)
    Sample #264
        Values: []
        Attributes:
             -> thread.name: node
             -> thread.id: %!s(int64=1483757)
             -> cpu.logical_number: %!s(int64=4)
    Sample #265
        Values: []
        Attributes:
             -> thread.name: node
             -> thread.id: %!s(int64=1483757)
             -> cpu.logical_number: %!s(int64=4)
    Sample #266
        Values: []
        Attributes:
             -> thread.name: node
             -> thread.id: %!s(int64=1483757)
             -> cpu.logical_number: %!s(int64=4)
    Sample #267
        Values: []
        Attributes:
             -> thread.name: node
             -> thread.id: %!s(int64=1483757)
             -> cpu.logical_number: %!s(int64=4)
    Sample #268
        Values: []
        Attributes:
             -> thread.name: node
             -> thread.id: %!s(int64=1483757)
             -> cpu.logical_number: %!s(int64=4)
    Sample #269
        Values: []
        Attributes:
             -> thread.name: node
             -> thread.id: %!s(int64=1483757)
             -> cpu.logical_number: %!s(int64=4)
    Sample #270
        Values: []
        Attributes:
             -> thread.name: node
             -> thread.id: %!s(int64=1483757)
             -> cpu.logical_number: %!s(int64=4)
    Sample #271
        Values: []
        Attributes:
             -> thread.name: node
             -> thread.id: %!s(int64=1483757)
             -> cpu.logical_number: %!s(int64=4)
    Sample #272
        Values: []
        Attributes:
             -> thread.name: node
             -> thread.id: %!s(int64=1483757)
             -> cpu.logical_number: %!s(int64=4)
    Sample #273
        Values: []
        Attributes:
             -> thread.name: node
             -> thread.id: %!s(int64=1483757)
             -> cpu.logical_number: %!s(int64=4)
    Sample #274
        Values: []
        Attributes:
             -> thread.name: node
             -> thread.id: %!s(int64=1483757)
             -> cpu.logical_number: %!s(int64=4)
    Sample #275
        Values: []
        Attributes:
             -> thread.name: node
             -> thread.id: %!s(int64=1483757)
             -> cpu.logical_number: %!s(int64=4)
    Sample #276
        Values: []
        Attributes:
             -> thread.name: node
             -> thread.id: %!s(int64=1483757)
             -> cpu.logical_number: %!s(int64=4)
    Sample #277
        Values: []
        Attributes:
             -> thread.name: node
             -> thread.id: %!s(int64=1483763)
             -> cpu.logical_number: %!s(int64=9)
    Sample #278
        Values: []
        Attributes:
             -> thread.name: node
             -> thread.id: %!s(int64=1483757)
             -> cpu.logical_number: %!s(int64=4)
    Sample #279
        Values: []
        Attributes:
             -> thread.name: node
             -> thread.id: %!s(int64=1483757)
             -> cpu.logical_number: %!s(int64=4)
    Sample #280
        Values: []
        Attributes:
             -> thread.name: node
             -> thread.id: %!s(int64=1483757)
             -> cpu.logical_number: %!s(int64=4)
    Sample #281
        Values: []
        Attributes:
             -> thread.name: node
             -> thread.id: %!s(int64=1483757)
             -> cpu.logical_number: %!s(int64=4)
    Sample #282
        Values: []
        Attributes:
             -> thread.name: node
             -> thread.id: %!s(int64=1483757)
             -> cpu.logical_number: %!s(int64=4)
    Sample #283
        Values: []
        Attributes:
             -> thread.name: node
             -> thread.id: %!s(int64=1483757)
             -> cpu.logical_number: %!s(int64=4)
    Sample #284
        Values: []
        Attributes:
             -> thread.name: node
             -> thread.id: %!s(int64=1483757)
             -> cpu.logical_number: %!s(int64=4)
    Sample #285
        Values: []
        Attributes:
             -> thread.name: node
             -> thread.id: %!s(int64=1483757)
             -> cpu.logical_number: %!s(int64=4)
    Sample #286
        Values: []
        Attributes:
             -> thread.name: node
             -> thread.id: %!s(int64=1483757)
             -> cpu.logical_number: %!s(int64=4)
    Sample #287
        Values: []
        Attributes:
             -> thread.name: node
             -> thread.id: %!s(int64=1483757)
             -> cpu.logical_number: %!s(int64=4)
    Sample #288
        Values: []
        Attributes:
             -> thread.name: node
             -> thread.id: %!s(int64=1483757)
             -> cpu.logical_number: %!s(int64=4)
    Sample #289
        Values: []
        Attributes:
             -> thread.name: node
             -> thread.id: %!s(int64=1483757)
             -> cpu.logical_number: %!s(int64=4)
    Sample #290
        Values: []
        Attributes:
             -> thread.name: node
             -> thread.id: %!s(int64=1483757)
             -> cpu.logical_number: %!s(int64=4)
    Sample #291
        Values: []
        Attributes:
             -> thread.name: node
             -> thread.id: %!s(int64=1483763)
             -> cpu.logical_number: %!s(int64=9)
    Sample #292
        Values: []
        Attributes:
             -> thread.name: node
             -> thread.id: %!s(int64=1483757)
             -> cpu.logical_number: %!s(int64=4)
    Sample #293
        Values: []
        Attributes:
             -> thread.name: node
             -> thread.id: %!s(int64=1483757)
             -> cpu.logical_number: %!s(int64=4)
    Sample #294
        Values: []
        Attributes:
             -> thread.name: node
             -> thread.id: %!s(int64=1483757)
             -> cpu.logical_number: %!s(int64=4)
    Sample #295
        Values: []
        Attributes:
             -> thread.name: node
             -> thread.id: %!s(int64=1483757)
             -> cpu.logical_number: %!s(int64=4)
    Sample #296
        Values: []
        Attributes:
             -> thread.name: node
             -> thread.id: %!s(int64=1483757)
             -> cpu.logical_number: %!s(int64=4)
    Sample #297
        Values: []
        Attributes:
             -> thread.name: node
             -> thread.id: %!s(int64=1483757)
             -> cpu.logical_number: %!s(int64=4)
    Sample #298
        Values: []
        Attributes:
             -> thread.name: node
             -> thread.id: %!s(int64=1483757)
             -> cpu.logical_number: %!s(int64=4)
    Sample #299
        Values: []
        Attributes:
             -> thread.name: node
             -> thread.id: %!s(int64=1483757)
             -> cpu.logical_number: %!s(int64=4)
    Sample #300
        Values: []
        Attributes:
             -> thread.name: node
             -> thread.id: %!s(int64=1483757)
             -> cpu.logical_number: %!s(int64=4)
    Sample #301
        Values: []
        Attributes:
             -> thread.name: node
             -> thread.id: %!s(int64=1483757)
             -> cpu.logical_number: %!s(int64=4)
    Sample #302
        Values: []
        Attributes:
             -> thread.name: node
             -> thread.id: %!s(int64=1483757)
             -> cpu.logical_number: %!s(int64=4)
    Sample #303
        Values: []
        Attributes:
             -> thread.name: node
             -> thread.id: %!s(int64=1483757)
             -> cpu.logical_number: %!s(int64=4)
    Sample #304
        Values: []
        Attributes:
             -> thread.name: node
             -> thread.id: %!s(int64=1483757)
             -> cpu.logical_number: %!s(int64=4)
    Sample #305
        Values: []
        Attributes:
             -> thread.name: node
             -> thread.id: %!s(int64=1483757)
             -> cpu.logical_number: %!s(int64=4)
    Sample #306
        Values: []
        Attributes:
             -> thread.name: node
             -> thread.id: %!s(int64=1483757)
             -> cpu.logical_number: %!s(int64=4)
    Sample #307
        Values: []
        Attributes:
             -> thread.name: node
             -> thread.id: %!s(int64=1483763)
             -> cpu.logical_number: %!s(int64=9)
    Sample #308
        Values: []
        Attributes:
             -> thread.name: node
             -> thread.id: %!s(int64=1483757)
             -> cpu.logical_number: %!s(int64=4)
    Sample #309
        Values: []
        Attributes:
             -> thread.name: node
             -> thread.id: %!s(int64=1483757)
             -> cpu.logical_number: %!s(int64=4)
    Sample #310
        Values: []
        Attributes:
             -> thread.name: node
             -> thread.id: %!s(int64=1483757)
             -> cpu.logical_number: %!s(int64=4)
    Sample #311
        Values: []
        Attributes:
             -> thread.name: node
             -> thread.id: %!s(int64=1483757)
             -> cpu.logical_number: %!s(int64=4)
    Sample #312
        Values: []
        Attributes:
             -> thread.name: node
             -> thread.id: %!s(int64=1483757)
             -> cpu.logical_number: %!s(int64=4)
    Sample #313
        Values: []
        Attributes:
             -> thread.name: node
             -> thread.id: %!s(int64=1483757)
             -> cpu.logical_number: %!s(int64=4)
    Sample #314
        Values: []
        Attributes:
             -> thread.name: node
             -> thread.id: %!s(int64=1483757)
             -> cpu.logical_number: %!s(int64=4)
    Sample #315
        Values: []
        Attributes:
             -> thread.name: node
             -> thread.id: %!s(int64=1483757)
             -> cpu.logical_number: %!s(int64=4)
    Sample #316
        Values: []
        Attributes:
             -> thread.name: node
             -> thread.id: %!s(int64=1483757)
             -> cpu.logical_number: %!s(int64=4)
    Sample #317
        Values: []
        Attributes:
             -> thread.name: node
             -> thread.id: %!s(int64=1483757)
             -> cpu.logical_number: %!s(int64=4)
    Sample #318
        Values: []
        Attributes:
             -> thread.name: node
             -> thread.id: %!s(int64=1483757)
             -> cpu.logical_number: %!s(int64=4)
    Sample #319
        Values: []
        Attributes:
             -> thread.name: node
             -> thread.id: %!s(int64=1483763)
             -> cpu.logical_number: %!s(int64=9)
    Sample #320
        Values: []
        Attributes:
             -> thread.name: node
             -> thread.id: %!s(int64=1483763)
             -> cpu.logical_number: %!s(int64=9)
    Sample #321
        Values: []
        Attributes:
             -> thread.name: node
             -> thread.id: %!s(int64=1483757)
             -> cpu.logical_number: %!s(int64=4)
    Sample #322
        Values: []
        Attributes:
             -> thread.name: node
             -> thread.id: %!s(int64=1483757)
             -> cpu.logical_number: %!s(int64=4)
    Sample #323
        Values: []
        Attributes:
             -> thread.name: node
             -> thread.id: %!s(int64=1483757)
             -> cpu.logical_number: %!s(int64=4)
    Sample #324
        Values: []
        Attributes:
             -> thread.name: node
             -> thread.id: %!s(int64=1483757)
             -> cpu.logical_number: %!s(int64=4)
    Sample #325
        Values: []
        Attributes:
             -> thread.name: node
             -> thread.id: %!s(int64=1483757)
             -> cpu.logical_number: %!s(int64=4)
    Sample #326
        Values: []
        Attributes:
             -> thread.name: node
             -> thread.id: %!s(int64=1483757)
             -> cpu.logical_number: %!s(int64=4)
    Sample #327
        Values: []
        Attributes:
             -> thread.name: node
             -> thread.id: %!s(int64=1483763)
             -> cpu.logical_number: %!s(int64=9)
    Sample #328
        Values: []
        Attributes:
             -> thread.name: node
             -> thread.id: %!s(int64=1483763)
             -> cpu.logical_number: %!s(int64=9)
    Sample #329
        Values: []
        Attributes:
             -> thread.name: node
             -> thread.id: %!s(int64=1483757)
             -> cpu.logical_number: %!s(int64=4)
    Sample #330
        Values: []
        Attributes:
             -> thread.name: node
             -> thread.id: %!s(int64=1483757)
             -> cpu.logical_number: %!s(int64=4)
    Sample #331
        Values: []
        Attributes:
             -> thread.name: node
             -> thread.id: %!s(int64=1483757)
             -> cpu.logical_number: %!s(int64=4)
    Sample #332
        Values: []
        Attributes:
             -> thread.name: node
             -> thread.id: %!s(int64=1483757)
             -> cpu.logical_number: %!s(int64=4)
    Sample #333
        Values: []
        Attributes:
             -> thread.name: node
             -> thread.id: %!s(int64=1483757)
             -> cpu.logical_number: %!s(int64=4)
    Sample #334
        Values: []
        Attributes:
             -> thread.name: node
             -> thread.id: %!s(int64=1483757)
             -> cpu.logical_number: %!s(int64=4)
    Sample #335
        Values: []
        Attributes:
             -> thread.name: node
             -> thread.id: %!s(int64=1483757)
             -> cpu.logical_number: %!s(int64=4)
    Sample #336
        Values: []
        Attributes:
             -> thread.name: node
             -> thread.id: %!s(int64=1483757)
             -> cpu.logical_number: %!s(int64=4)
    Sample #337
        Values: []
        Attributes:
             -> thread.name: node
             -> thread.id: %!s(int64=1483757)
             -> cpu.logical_number: %!s(int64=4)
    Sample #338
        Values: []
        Attributes:
             -> thread.name: node
             -> thread.id: %!s(int64=1483757)
             -> cpu.logical_number: %!s(int64=4)
    Sample #339
        Values: []
        Attributes:
             -> thread.name: node
             -> thread.id: %!s(int64=1483757)
             -> cpu.logical_number: %!s(int64=4)
    Sample #340
        Values: []
        Attributes:
             -> thread.name: node
             -> thread.id: %!s(int64=1483757)
             -> cpu.logical_number: %!s(int64=4)
    Sample #341
        Values: []
        Attributes:
             -> thread.name: node
             -> thread.id: %!s(int64=1483757)
             -> cpu.logical_number: %!s(int64=4)
    Sample #342
        Values: []
        Attributes:
             -> thread.name: node
             -> thread.id: %!s(int64=1483757)
             -> cpu.logical_number: %!s(int64=4)
    Sample #343
        Values: []
        Attributes:
             -> thread.name: node
             -> thread.id: %!s(int64=1483757)
             -> cpu.logical_number: %!s(int64=4)
    Sample #344
        Values: []
        Attributes:
             -> thread.name: node
             -> thread.id: %!s(int64=1483757)
             -> cpu.logical_number: %!s(int64=4)
    Sample #345
        Values: []
        Attributes:
             -> thread.name: node
             -> thread.id: %!s(int64=1483757)
             -> cpu.logical_number: %!s(int64=4)
    Sample #346
        Values: []
        Attributes:
             -> thread.name: node
             -> thread.id: %!s(int64=1483757)
             -> cpu.logical_number: %!s(int64=4)
    Sample #347
        Values: []
        Attributes:
             -> thread.name: node
             -> thread.id: %!s(int64=1483757)
             -> cpu.logical_number: %!s(int64=4)
    Sample #348
        Values: []
        Attributes:
             -> thread.name: node
             -> thread.id: %!s(int64=1483757)
             -> cpu.logical_number: %!s(int64=4)
    Sample #349
        Values: []
        Attributes:
             -> thread.name: node
             -> thread.id: %!s(int64=1483757)
             -> cpu.logical_number: %!s(int64=4)
    Sample #350
        Values: []
        Attributes:
             -> thread.name: node
             -> thread.id: %!s(int64=1483757)
             -> cpu.logical_number: %!s(int64=4)
    Sample #351
        Values: []
        Attributes:
             -> thread.name: node
             -> thread.id: %!s(int64=1483757)
             -> cpu.logical_number: %!s(int64=4)
    Sample #352
        Values: []
        Attributes:
             -> thread.name: node
             -> thread.id: %!s(int64=1483757)
             -> cpu.logical_number: %!s(int64=4)
    Sample #353
        Values: []
        Attributes:
             -> thread.name: node
             -> thread.id: %!s(int64=1483757)
             -> cpu.logical_number: %!s(int64=4)
    Sample #354
        Values: []
        Attributes:
             -> thread.name: node
             -> thread.id: %!s(int64=1483757)
             -> cpu.logical_number: %!s(int64=4)
    Sample #355
        Values: []
        Attributes:
             -> thread.name: node
             -> thread.id: %!s(int64=1483757)
             -> cpu.logical_number: %!s(int64=4)
    Sample #356
        Values: []
        Attributes:
             -> thread.name: node
             -> thread.id: %!s(int64=1483757)
             -> cpu.logical_number: %!s(int64=4)
    Sample #357
        Values: []
        Attributes:
             -> thread.name: node
             -> thread.id: %!s(int64=1483757)
             -> cpu.logical_number: %!s(int64=4)
    Sample #358
        Values: []
        Attributes:
             -> thread.name: node
             -> thread.id: %!s(int64=1483757)
             -> cpu.logical_number: %!s(int64=4)
    Sample #359
        Values: []
        Attributes:
             -> thread.name: node
             -> thread.id: %!s(int64=1483757)
             -> cpu.logical_number: %!s(int64=4)
    Sample #360
        Values: []
        Attributes:
             -> thread.name: node
             -> thread.id: %!s(int64=1483763)
             -> cpu.logical_number: %!s(int64=9)
    Sample #361
        Values: []
        Attributes:
             -> thread.name: node
             -> thread.id: %!s(int64=1483757)
             -> cpu.logical_number: %!s(int64=4)
    Sample #362
        Values: []
        Attributes:
             -> thread.name: node
             -> thread.id: %!s(int64=1483757)
             -> cpu.logical_number: %!s(int64=4)
    Sample #363
        Values: []
        Attributes:
             -> thread.name: node
             -> thread.id: %!s(int64=1483757)
             -> cpu.logical_number: %!s(int64=4)
    Sample #364
        Values: []
        Attributes:
             -> thread.name: node
             -> thread.id: %!s(int64=1483757)
             -> cpu.logical_number: %!s(int64=4)
    Sample #365
        Values: []
        Attributes:
             -> thread.name: node
             -> thread.id: %!s(int64=1483763)
             -> cpu.logical_number: %!s(int64=9)
    Sample #366
        Values: []
        Attributes:
             -> thread.name: node
             -> thread.id: %!s(int64=1483757)
             -> cpu.logical_number: %!s(int64=4)
    Sample #367
        Values: []
        Attributes:
             -> thread.name: node
             -> thread.id: %!s(int64=1483757)
             -> cpu.logical_number: %!s(int64=4)
    Sample #368
        Values: []
        Attributes:
             -> thread.name: node
             -> thread.id: %!s(int64=1483757)
             -> cpu.logical_number: %!s(int64=4)
    Sample #369
        Values: []
        Attributes:
             -> thread.name: node
             -> thread.id: %!s(int64=1483757)
             -> cpu.logical_number: %!s(int64=4)
    Sample #370
        Values: []
        Attributes:
             -> thread.name: node
             -> thread.id: %!s(int64=1483757)
             -> cpu.logical_number: %!s(int64=4)
    Sample #371
        Values: []
        Attributes:
             -> thread.name: node
             -> thread.id: %!s(int64=1483757)
             -> cpu.logical_number: %!s(int64=4)
    Sample #372
        Values: []
        Attributes:
             -> thread.name: node
             -> thread.id: %!s(int64=1483763)
             -> cpu.logical_number: %!s(int64=9)
    Sample #373
        Values: []
        Attributes:
             -> thread.name: node
             -> thread.id: %!s(int64=1483757)
             -> cpu.logical_number: %!s(int64=4)
    Sample #374
        Values: []
        Attributes:
             -> thread.name: node
             -> thread.id: %!s(int64=1483757)
             -> cpu.logical_number: %!s(int64=4)
    Sample #375
        Values: []
        Attributes:
             -> thread.name: node
             -> thread.id: %!s(int64=1483757)
             -> cpu.logical_number: %!s(int64=4)
    Sample #376
        Values: []
        Attributes:
             -> thread.name: node
             -> thread.id: %!s(int64=1483757)
             -> cpu.logical_number: %!s(int64=4)
    Sample #377
        Values: []
        Attributes:
             -> thread.name: node
             -> thread.id: %!s(int64=1483757)
             -> cpu.logical_number: %!s(int64=4)
    Sample #378
        Values: []
        Attributes:
             -> thread.name: node
             -> thread.id: %!s(int64=1483757)
             -> cpu.logical_number: %!s(int64=4)
    Sample #379
        Values: []
        Attributes:
             -> thread.name: node
             -> thread.id: %!s(int64=1483757)
             -> cpu.logical_number: %!s(int64=4)
    Sample #380
        Values: []
        Attributes:
             -> thread.name: node
             -> thread.id: %!s(int64=1483763)
             -> cpu.logical_number: %!s(int64=9)
    Sample #381
        Values: []
        Attributes:
             -> thread.name: node
             -> thread.id: %!s(int64=1483757)
             -> cpu.logical_number: %!s(int64=4)
    Sample #382
        Values: []
        Attributes:
             -> thread.name: node
             -> thread.id: %!s(int64=1483757)
             -> cpu.logical_number: %!s(int64=4)
    Sample #383
        Values: []
        Attributes:
             -> thread.name: node
             -> thread.id: %!s(int64=1483757)
             -> cpu.logical_number: %!s(int64=4)
    Sample #384
        Values: []
        Attributes:
             -> thread.name: node
             -> thread.id: %!s(int64=1483757)
             -> cpu.logical_number: %!s(int64=4)
    Sample #385
        Values: []
        Attributes:
             -> thread.name: node
             -> thread.id: %!s(int64=1483757)
             -> cpu.logical_number: %!s(int64=4)
    Sample #386
        Values: []
        Attributes:
             -> thread.name: node
             -> thread.id: %!s(int64=1483763)
             -> cpu.logical_number: %!s(int64=9)
    Sample #387
        Values: []
        Attributes:
             -> thread.name: node
             -> thread.id: %!s(int64=1483763)
             -> cpu.logical_number: %!s(int64=9)
    Sample #388
        Values: []
        Attributes:
             -> thread.name: node
             -> thread.id: %!s(int64=1483757)
             -> cpu.logical_number: %!s(int64=4)
    Sample #389
        Values: []
        Attributes:
             -> thread.name: node
             -> thread.id: %!s(int64=1483757)
             -> cpu.logical_number: %!s(int64=4)
    Sample #390
        Values: []
        Attributes:
             -> thread.name: node
             -> thread.id: %!s(int64=1483757)
             -> cpu.logical_number: %!s(int64=4)
    Sample #391
        Values: []
        Attributes:
             -> thread.name: node
             -> thread.id: %!s(int64=1483757)
             -> cpu.logical_number: %!s(int64=4)
    Sample #392
        Values: []
        Attributes:
             -> thread.name: node
             -> thread.id: %!s(int64=1483757)
             -> cpu.logical_number: %!s(int64=4)
    Sample #393
        Values: []
        Attributes:
             -> thread.name: node
             -> thread.id: %!s(int64=1483757)
             -> cpu.logical_number: %!s(int64=4)
    Sample #394
        Values: []
        Attributes:
             -> thread.name: node
             -> thread.id: %!s(int64=1483757)
             -> cpu.logical_number: %!s(int64=4)
    Sample #395
        Values: []
        Attributes:
             -> thread.name: node
             -> thread.id: %!s(int64=1483757)
             -> cpu.logical_number: %!s(int64=4)
    Sample #396
        Values: []
        Attributes:
             -> thread.name: node
             -> thread.id: %!s(int64=1483757)
             -> cpu.logical_number: %!s(int64=4)
    Sample #397
        Values: []
        Attributes:
             -> thread.name: node
             -> thread.id: %!s(int64=1483757)
             -> cpu.logical_number: %!s(int64=4)
    Sample #398
        Values: []
        Attributes:
             -> thread.name: node
             -> thread.id: %!s(int64=1483757)
             -> cpu.logical_number: %!s(int64=4)
    Sample #399
        Values: []
        Attributes:
             -> thread.name: node
             -> thread.id: %!s(int64=1483763)
             -> cpu.logical_number: %!s(int64=9)
ResourceProfiles #14
Resource SchemaURL: https://opentelemetry.io/schemas/1.37.0
Resource attributes:
     -> process.pid: Int(1483496)
     -> process.executable.path: Str(/home/yunwei37/workspace/gpu/bpftime/example/otel-ebpf-profiler/victim)
     -> process.executable.name: Str(victim)
ScopeProfiles #0
ScopeProfiles SchemaURL: https://opentelemetry.io/schemas/1.37.0
InstrumentationScope go.opentelemetry.io/ebpf-profiler v0.0.0
Profile #0
    Profile ID     : 
    Start time     : 2026-06-21 23:48:27.872579261 +0000 UTC
    DurationNano   : 6162007925
    Dropped attributes count: 0
    Sample #0
        Values: []
        Attributes:
             -> thread.name: victim
             -> thread.id: %!s(int64=1483496)
             -> cpu.logical_number: %!s(int64=1)
    Sample #1
        Values: []
        Attributes:
             -> thread.name: victim
             -> thread.id: %!s(int64=1483496)
             -> cpu.logical_number: %!s(int64=1)
    Sample #2
        Values: []
        Attributes:
             -> thread.name: victim
             -> thread.id: %!s(int64=1483496)
             -> cpu.logical_number: %!s(int64=1)
    Sample #3
        Values: []
        Attributes:
             -> thread.name: victim
             -> thread.id: %!s(int64=1483496)
             -> cpu.logical_number: %!s(int64=1)
    Sample #4
        Values: []
        Attributes:
             -> thread.name: victim
             -> thread.id: %!s(int64=1483496)
             -> cpu.logical_number: %!s(int64=1)
    Sample #5
        Values: []
        Attributes:
             -> thread.name: victim
             -> thread.id: %!s(int64=1483496)
             -> cpu.logical_number: %!s(int64=1)
    Sample #6
        Values: []
        Attributes:
             -> thread.name: victim
             -> thread.id: %!s(int64=1483496)
             -> cpu.logical_number: %!s(int64=1)
    Sample #7
        Values: []
        Attributes:
             -> thread.name: victim
             -> thread.id: %!s(int64=1483496)
             -> cpu.logical_number: %!s(int64=1)
    Sample #8
        Values: []
        Attributes:
             -> thread.name: victim
             -> thread.id: %!s(int64=1483496)
             -> cpu.logical_number: %!s(int64=1)
Profile #1
    Profile ID     : 
    Start time     : 2026-06-21 23:48:27.872579261 +0000 UTC
    DurationNano   : 6162007925
    Dropped attributes count: 0
    Sample #0
        Values: []
        Attributes:
             -> thread.name: victim
             -> thread.id: %!s(int64=1483496)
             -> cpu.logical_number: %!s(int64=1)
    Sample #1
        Values: []
        Attributes:
             -> thread.name: victim
             -> thread.id: %!s(int64=1483496)
             -> cpu.logical_number: %!s(int64=1)
ResourceProfiles #15
Resource SchemaURL: https://opentelemetry.io/schemas/1.37.0
Resource attributes:
     -> process.pid: Int(1483706)
     -> process.executable.path: Str(/usr/bin/python3.12)
     -> process.executable.name: Str(python3.12)
ScopeProfiles #0
ScopeProfiles SchemaURL: https://opentelemetry.io/schemas/1.37.0
InstrumentationScope go.opentelemetry.io/ebpf-profiler v0.0.0
Profile #0
    Profile ID     : 
    Start time     : 2026-06-21 23:48:27.872579261 +0000 UTC
    DurationNano   : 6162007925
    Dropped attributes count: 0
    Sample #0
        Values: []
        Attributes:
             -> thread.name: python3
             -> thread.id: %!s(int64=1483706)
             -> cpu.logical_number: %!s(int64=14)
    Sample #1
        Values: []
        Attributes:
             -> thread.name: python3
             -> thread.id: %!s(int64=1483706)
             -> cpu.logical_number: %!s(int64=14)
    Sample #2
        Values: []
        Attributes:
             -> thread.name: python3
             -> thread.id: %!s(int64=1483706)
             -> cpu.logical_number: %!s(int64=14)
    Sample #3
        Values: []
        Attributes:
             -> thread.name: python3
             -> thread.id: %!s(int64=1483706)
             -> cpu.logical_number: %!s(int64=14)
    Sample #4
        Values: []
        Attributes:
             -> thread.name: python3
             -> thread.id: %!s(int64=1483706)
             -> cpu.logical_number: %!s(int64=14)
    Sample #5
        Values: []
        Attributes:
             -> thread.name: python3
             -> thread.id: %!s(int64=1483706)
             -> cpu.logical_number: %!s(int64=14)
    Sample #6
        Values: []
        Attributes:
             -> thread.name: python3
             -> thread.id: %!s(int64=1483706)
             -> cpu.logical_number: %!s(int64=14)
    Sample #7
        Values: []
        Attributes:
             -> thread.name: python3
             -> thread.id: %!s(int64=1483706)
             -> cpu.logical_number: %!s(int64=14)
    Sample #8
        Values: []
        Attributes:
             -> thread.name: python3
             -> thread.id: %!s(int64=1483706)
             -> cpu.logical_number: %!s(int64=14)
    Sample #9
        Values: []
        Attributes:
             -> thread.name: python3
             -> thread.id: %!s(int64=1483706)
             -> cpu.logical_number: %!s(int64=14)
    Sample #10
        Values: []
        Attributes:
             -> thread.name: python3
             -> thread.id: %!s(int64=1483706)
             -> cpu.logical_number: %!s(int64=14)
    Sample #11
        Values: []
        Attributes:
             -> thread.name: python3
             -> thread.id: %!s(int64=1483706)
             -> cpu.logical_number: %!s(int64=14)
    Sample #12
        Values: []
        Attributes:
             -> thread.name: python3
             -> thread.id: %!s(int64=1483706)
             -> cpu.logical_number: %!s(int64=14)
    Sample #13
        Values: []
        Attributes:
             -> thread.name: python3
             -> thread.id: %!s(int64=1483706)
             -> cpu.logical_number: %!s(int64=14)
    Sample #14
        Values: []
        Attributes:
             -> thread.name: python3
             -> thread.id: %!s(int64=1483706)
             -> cpu.logical_number: %!s(int64=14)
    Sample #15
        Values: []
        Attributes:
             -> thread.name: python3
             -> thread.id: %!s(int64=1483706)
             -> cpu.logical_number: %!s(int64=14)
    Sample #16
        Values: []
        Attributes:
             -> thread.name: python3
             -> thread.id: %!s(int64=1483706)
             -> cpu.logical_number: %!s(int64=14)
    Sample #17
        Values: []
        Attributes:
             -> thread.name: python3
             -> thread.id: %!s(int64=1483706)
             -> cpu.logical_number: %!s(int64=14)
    Sample #18
        Values: []
        Attributes:
             -> thread.name: python3
             -> thread.id: %!s(int64=1483706)
             -> cpu.logical_number: %!s(int64=14)
    Sample #19
        Values: []
        Attributes:
             -> thread.name: python3
             -> thread.id: %!s(int64=1483706)
             -> cpu.logical_number: %!s(int64=14)
    Sample #20
        Values: []
        Attributes:
             -> thread.name: python3
             -> thread.id: %!s(int64=1483706)
             -> cpu.logical_number: %!s(int64=14)
    Sample #21
        Values: []
        Attributes:
             -> thread.name: python3
             -> thread.id: %!s(int64=1483706)
             -> cpu.logical_number: %!s(int64=14)
    Sample #22
        Values: []
        Attributes:
             -> thread.name: python3
             -> thread.id: %!s(int64=1483706)
             -> cpu.logical_number: %!s(int64=14)
    Sample #23
        Values: []
        Attributes:
             -> thread.name: python3
             -> thread.id: %!s(int64=1483706)
             -> cpu.logical_number: %!s(int64=14)
    Sample #24
        Values: []
        Attributes:
             -> thread.name: python3
             -> thread.id: %!s(int64=1483706)
             -> cpu.logical_number: %!s(int64=14)
    Sample #25
        Values: []
        Attributes:
             -> thread.name: python3
             -> thread.id: %!s(int64=1483706)
             -> cpu.logical_number: %!s(int64=14)
    Sample #26
        Values: []
        Attributes:
             -> thread.name: python3
             -> thread.id: %!s(int64=1483706)
             -> cpu.logical_number: %!s(int64=14)
    Sample #27
        Values: []
        Attributes:
             -> thread.name: python3
             -> thread.id: %!s(int64=1483706)
             -> cpu.logical_number: %!s(int64=14)
    Sample #28
        Values: []
        Attributes:
             -> thread.name: python3
             -> thread.id: %!s(int64=1483706)
             -> cpu.logical_number: %!s(int64=14)
    Sample #29
        Values: []
        Attributes:
             -> thread.name: python3
             -> thread.id: %!s(int64=1483706)
             -> cpu.logical_number: %!s(int64=14)
    Sample #30
        Values: []
        Attributes:
             -> thread.name: python3
             -> thread.id: %!s(int64=1483706)
             -> cpu.logical_number: %!s(int64=14)
    Sample #31
        Values: []
        Attributes:
             -> thread.name: python3
             -> thread.id: %!s(int64=1483706)
             -> cpu.logical_number: %!s(int64=14)
    Sample #32
        Values: []
        Attributes:
             -> thread.name: python3
             -> thread.id: %!s(int64=1483706)
             -> cpu.logical_number: %!s(int64=14)
    Sample #33
        Values: []
        Attributes:
             -> thread.name: python3
             -> thread.id: %!s(int64=1483706)
             -> cpu.logical_number: %!s(int64=14)
    Sample #34
        Values: []
        Attributes:
             -> thread.name: python3
             -> thread.id: %!s(int64=1483706)
             -> cpu.logical_number: %!s(int64=14)
    Sample #35
        Values: []
        Attributes:
             -> thread.name: python3
             -> thread.id: %!s(int64=1483706)
             -> cpu.logical_number: %!s(int64=14)
    Sample #36
        Values: []
        Attributes:
             -> thread.name: python3
             -> thread.id: %!s(int64=1483706)
             -> cpu.logical_number: %!s(int64=14)
    Sample #37
        Values: []
        Attributes:
             -> thread.name: python3
             -> thread.id: %!s(int64=1483706)
             -> cpu.logical_number: %!s(int64=14)
    Sample #38
        Values: []
        Attributes:
             -> thread.name: python3
             -> thread.id: %!s(int64=1483706)
             -> cpu.logical_number: %!s(int64=14)
    Sample #39
        Values: []
        Attributes:
             -> thread.name: python3
             -> thread.id: %!s(int64=1483706)
             -> cpu.logical_number: %!s(int64=14)
    Sample #40
        Values: []
        Attributes:
             -> thread.name: python3
             -> thread.id: %!s(int64=1483706)
             -> cpu.logical_number: %!s(int64=14)
    Sample #41
        Values: []
        Attributes:
             -> thread.name: python3
             -> thread.id: %!s(int64=1483706)
             -> cpu.logical_number: %!s(int64=14)
    Sample #42
        Values: []
        Attributes:
             -> thread.name: python3
             -> thread.id: %!s(int64=1483706)
             -> cpu.logical_number: %!s(int64=14)
    Sample #43
        Values: []
        Attributes:
             -> thread.name: python3
             -> thread.id: %!s(int64=1483706)
             -> cpu.logical_number: %!s(int64=14)
    Sample #44
        Values: []
        Attributes:
             -> thread.name: python3
             -> thread.id: %!s(int64=1483706)
             -> cpu.logical_number: %!s(int64=14)
    Sample #45
        Values: []
        Attributes:
             -> thread.name: python3
             -> thread.id: %!s(int64=1483706)
             -> cpu.logical_number: %!s(int64=14)
    Sample #46
        Values: []
        Attributes:
             -> thread.name: python3
             -> thread.id: %!s(int64=1483706)
             -> cpu.logical_number: %!s(int64=14)
    Sample #47
        Values: []
        Attributes:
             -> thread.name: python3
             -> thread.id: %!s(int64=1483706)
             -> cpu.logical_number: %!s(int64=14)
    Sample #48
        Values: []
        Attributes:
             -> thread.name: python3
             -> thread.id: %!s(int64=1483706)
             -> cpu.logical_number: %!s(int64=14)
    Sample #49
        Values: []
        Attributes:
             -> thread.name: python3
             -> thread.id: %!s(int64=1483706)
             -> cpu.logical_number: %!s(int64=14)
    Sample #50
        Values: []
        Attributes:
             -> thread.name: python3
             -> thread.id: %!s(int64=1483706)
             -> cpu.logical_number: %!s(int64=14)
    Sample #51
        Values: []
        Attributes:
             -> thread.name: python3
             -> thread.id: %!s(int64=1483706)
             -> cpu.logical_number: %!s(int64=14)
    Sample #52
        Values: []
        Attributes:
             -> thread.name: python3
             -> thread.id: %!s(int64=1483706)
             -> cpu.logical_number: %!s(int64=14)
    Sample #53
        Values: []
        Attributes:
             -> thread.name: python3
             -> thread.id: %!s(int64=1483706)
             -> cpu.logical_number: %!s(int64=14)
    Sample #54
        Values: []
        Attributes:
             -> thread.name: python3
             -> thread.id: %!s(int64=1483706)
             -> cpu.logical_number: %!s(int64=14)
    Sample #55
        Values: []
        Attributes:
             -> thread.name: python3
             -> thread.id: %!s(int64=1483706)
             -> cpu.logical_number: %!s(int64=14)
    Sample #56
        Values: []
        Attributes:
             -> thread.name: python3
             -> thread.id: %!s(int64=1483706)
             -> cpu.logical_number: %!s(int64=14)
    Sample #57
        Values: []
        Attributes:
             -> thread.name: python3
             -> thread.id: %!s(int64=1483706)
             -> cpu.logical_number: %!s(int64=14)
    Sample #58
        Values: []
        Attributes:
             -> thread.name: python3
             -> thread.id: %!s(int64=1483706)
             -> cpu.logical_number: %!s(int64=14)
    Sample #59
        Values: []
        Attributes:
             -> thread.name: python3
             -> thread.id: %!s(int64=1483706)
             -> cpu.logical_number: %!s(int64=14)
ResourceProfiles #16
Resource SchemaURL: https://opentelemetry.io/schemas/1.37.0
Resource attributes:
     -> process.pid: Int(1483725)
     -> process.executable.path: Str(/usr/bin/dash)
     -> process.executable.name: Str(dash)
ScopeProfiles #0
ScopeProfiles SchemaURL: https://opentelemetry.io/schemas/1.37.0
InstrumentationScope go.opentelemetry.io/ebpf-profiler v0.0.0
Profile #0
    Profile ID     : 
    Start time     : 2026-06-21 23:48:27.872579261 +0000 UTC
    DurationNano   : 6162007925
    Dropped attributes count: 0
    Sample #0
        Values: []
        Attributes:
             -> thread.name: lsb_release
             -> thread.id: %!s(int64=1483725)
             -> cpu.logical_number: %!s(int64=11)
ResourceProfiles #17
Resource SchemaURL: https://opentelemetry.io/schemas/1.37.0
Resource attributes:
     -> process.pid: Int(1483753)
     -> process.executable.path: Str(/usr/bin/python3.12)
     -> process.executable.name: Str(python3.12)
ScopeProfiles #0
ScopeProfiles SchemaURL: https://opentelemetry.io/schemas/1.37.0
InstrumentationScope go.opentelemetry.io/ebpf-profiler v0.0.0
Profile #0
    Profile ID     : 
    Start time     : 2026-06-21 23:48:27.872579261 +0000 UTC
    DurationNano   : 6162007925
    Dropped attributes count: 0
    Sample #0
        Values: []
        Attributes:
             -> thread.name: python3
             -> thread.id: %!s(int64=1483753)
             -> cpu.logical_number: %!s(int64=14)
    Sample #1
        Values: []
        Attributes:
             -> thread.name: python3
             -> thread.id: %!s(int64=1483753)
             -> cpu.logical_number: %!s(int64=14)
    Sample #2
        Values: []
        Attributes:
             -> thread.name: python3
             -> thread.id: %!s(int64=1483753)
             -> cpu.logical_number: %!s(int64=14)
    Sample #3
        Values: []
        Attributes:
             -> thread.name: python3
             -> thread.id: %!s(int64=1483753)
             -> cpu.logical_number: %!s(int64=14)
    Sample #4
        Values: []
        Attributes:
             -> thread.name: python3
             -> thread.id: %!s(int64=1483753)
             -> cpu.logical_number: %!s(int64=14)
    Sample #5
        Values: []
        Attributes:
             -> thread.name: python3
             -> thread.id: %!s(int64=1483753)
             -> cpu.logical_number: %!s(int64=14)
    Sample #6
        Values: []
        Attributes:
             -> thread.name: python3
             -> thread.id: %!s(int64=1483753)
             -> cpu.logical_number: %!s(int64=14)
    Sample #7
        Values: []
        Attributes:
             -> thread.name: python3
             -> thread.id: %!s(int64=1483753)
             -> cpu.logical_number: %!s(int64=14)
    Sample #8
        Values: []
        Attributes:
             -> thread.name: python3
             -> thread.id: %!s(int64=1483753)
             -> cpu.logical_number: %!s(int64=14)
    Sample #9
        Values: []
        Attributes:
             -> thread.name: python3
             -> thread.id: %!s(int64=1483753)
             -> cpu.logical_number: %!s(int64=14)
    Sample #10
        Values: []
        Attributes:
             -> thread.name: python3
             -> thread.id: %!s(int64=1483753)
             -> cpu.logical_number: %!s(int64=14)
    Sample #11
        Values: []
        Attributes:
             -> thread.name: python3
             -> thread.id: %!s(int64=1483753)
             -> cpu.logical_number: %!s(int64=14)
    Sample #12
        Values: []
        Attributes:
             -> thread.name: python3
             -> thread.id: %!s(int64=1483753)
             -> cpu.logical_number: %!s(int64=14)
    Sample #13
        Values: []
        Attributes:
             -> thread.name: python3
             -> thread.id: %!s(int64=1483753)
             -> cpu.logical_number: %!s(int64=14)
    Sample #14
        Values: []
        Attributes:
             -> thread.name: python3
             -> thread.id: %!s(int64=1483753)
             -> cpu.logical_number: %!s(int64=14)
    Sample #15
        Values: []
        Attributes:
             -> thread.name: python3
             -> thread.id: %!s(int64=1483753)
             -> cpu.logical_number: %!s(int64=14)
    Sample #16
        Values: []
        Attributes:
             -> thread.name: python3
             -> thread.id: %!s(int64=1483753)
             -> cpu.logical_number: %!s(int64=14)
    Sample #17
        Values: []
        Attributes:
             -> thread.name: python3
             -> thread.id: %!s(int64=1483753)
             -> cpu.logical_number: %!s(int64=14)
    Sample #18
        Values: []
        Attributes:
             -> thread.name: python3
             -> thread.id: %!s(int64=1483753)
             -> cpu.logical_number: %!s(int64=14)
    Sample #19
        Values: []
        Attributes:
             -> thread.name: python3
             -> thread.id: %!s(int64=1483753)
             -> cpu.logical_number: %!s(int64=14)
    Sample #20
        Values: []
        Attributes:
             -> thread.name: python3
             -> thread.id: %!s(int64=1483753)
             -> cpu.logical_number: %!s(int64=14)
    Sample #21
        Values: []
        Attributes:
             -> thread.name: python3
             -> thread.id: %!s(int64=1483753)
             -> cpu.logical_number: %!s(int64=14)
    Sample #22
        Values: []
        Attributes:
             -> thread.name: python3
             -> thread.id: %!s(int64=1483753)
             -> cpu.logical_number: %!s(int64=14)
    Sample #23
        Values: []
        Attributes:
             -> thread.name: python3
             -> thread.id: %!s(int64=1483753)
             -> cpu.logical_number: %!s(int64=14)
    Sample #24
        Values: []
        Attributes:
             -> thread.name: python3
             -> thread.id: %!s(int64=1483753)
             -> cpu.logical_number: %!s(int64=14)
    Sample #25
        Values: []
        Attributes:
             -> thread.name: python3
             -> thread.id: %!s(int64=1483753)
             -> cpu.logical_number: %!s(int64=14)
    Sample #26
        Values: []
        Attributes:
             -> thread.name: python3
             -> thread.id: %!s(int64=1483753)
             -> cpu.logical_number: %!s(int64=14)
    Sample #27
        Values: []
        Attributes:
             -> thread.name: python3
             -> thread.id: %!s(int64=1483753)
             -> cpu.logical_number: %!s(int64=14)
    Sample #28
        Values: []
        Attributes:
             -> thread.name: python3
             -> thread.id: %!s(int64=1483753)
             -> cpu.logical_number: %!s(int64=14)
    Sample #29
        Values: []
        Attributes:
             -> thread.name: python3
             -> thread.id: %!s(int64=1483753)
             -> cpu.logical_number: %!s(int64=14)
    Sample #30
        Values: []
        Attributes:
             -> thread.name: python3
             -> thread.id: %!s(int64=1483753)
             -> cpu.logical_number: %!s(int64=14)
    Sample #31
        Values: []
        Attributes:
             -> thread.name: python3
             -> thread.id: %!s(int64=1483753)
             -> cpu.logical_number: %!s(int64=14)
    Sample #32
        Values: []
        Attributes:
             -> thread.name: python3
             -> thread.id: %!s(int64=1483753)
             -> cpu.logical_number: %!s(int64=14)
    Sample #33
        Values: []
        Attributes:
             -> thread.name: python3
             -> thread.id: %!s(int64=1483753)
             -> cpu.logical_number: %!s(int64=14)
    Sample #34
        Values: []
        Attributes:
             -> thread.name: python3
             -> thread.id: %!s(int64=1483753)
             -> cpu.logical_number: %!s(int64=14)
    Sample #35
        Values: []
        Attributes:
             -> thread.name: python3
             -> thread.id: %!s(int64=1483753)
             -> cpu.logical_number: %!s(int64=14)
    Sample #36
        Values: []
        Attributes:
             -> thread.name: python3
             -> thread.id: %!s(int64=1483753)
             -> cpu.logical_number: %!s(int64=14)
    Sample #37
        Values: []
        Attributes:
             -> thread.name: python3
             -> thread.id: %!s(int64=1483753)
             -> cpu.logical_number: %!s(int64=14)
    Sample #38
        Values: []
        Attributes:
             -> thread.name: python3
             -> thread.id: %!s(int64=1483753)
             -> cpu.logical_number: %!s(int64=14)
    Sample #39
        Values: []
        Attributes:
             -> thread.name: python3
             -> thread.id: %!s(int64=1483753)
             -> cpu.logical_number: %!s(int64=14)
    Sample #40
        Values: []
        Attributes:
             -> thread.name: python3
             -> thread.id: %!s(int64=1483753)
             -> cpu.logical_number: %!s(int64=14)
    Sample #41
        Values: []
        Attributes:
             -> thread.name: python3
             -> thread.id: %!s(int64=1483753)
             -> cpu.logical_number: %!s(int64=14)
    Sample #42
        Values: []
        Attributes:
             -> thread.name: python3
             -> thread.id: %!s(int64=1483753)
             -> cpu.logical_number: %!s(int64=14)
    Sample #43
        Values: []
        Attributes:
             -> thread.name: python3
             -> thread.id: %!s(int64=1483753)
             -> cpu.logical_number: %!s(int64=14)
    Sample #44
        Values: []
        Attributes:
             -> thread.name: python3
             -> thread.id: %!s(int64=1483753)
             -> cpu.logical_number: %!s(int64=14)
    Sample #45
        Values: []
        Attributes:
             -> thread.name: python3
             -> thread.id: %!s(int64=1483753)
             -> cpu.logical_number: %!s(int64=14)
    Sample #46
        Values: []
        Attributes:
             -> thread.name: python3
             -> thread.id: %!s(int64=1483753)
             -> cpu.logical_number: %!s(int64=14)
    Sample #47
        Values: []
        Attributes:
             -> thread.name: python3
             -> thread.id: %!s(int64=1483753)
             -> cpu.logical_number: %!s(int64=14)
    Sample #48
        Values: []
        Attributes:
             -> thread.name: python3
             -> thread.id: %!s(int64=1483753)
             -> cpu.logical_number: %!s(int64=14)
    Sample #49
        Values: []
        Attributes:
             -> thread.name: python3
             -> thread.id: %!s(int64=1483753)
             -> cpu.logical_number: %!s(int64=14)
    Sample #50
        Values: []
        Attributes:
             -> thread.name: python3
             -> thread.id: %!s(int64=1483753)
             -> cpu.logical_number: %!s(int64=14)
    Sample #51
        Values: []
        Attributes:
             -> thread.name: python3
             -> thread.id: %!s(int64=1483753)
             -> cpu.logical_number: %!s(int64=14)
    Sample #52
        Values: []
        Attributes:
             -> thread.name: python3
             -> thread.id: %!s(int64=1483753)
             -> cpu.logical_number: %!s(int64=14)
    Sample #53
        Values: []
        Attributes:
             -> thread.name: python3
             -> thread.id: %!s(int64=1483753)
             -> cpu.logical_number: %!s(int64=14)
    Sample #54
        Values: []
        Attributes:
             -> thread.name: python3
             -> thread.id: %!s(int64=1483753)
             -> cpu.logical_number: %!s(int64=14)
    Sample #55
        Values: []
        Attributes:
             -> thread.name: python3
             -> thread.id: %!s(int64=1483753)
             -> cpu.logical_number: %!s(int64=14)
    Sample #56
        Values: []
        Attributes:
             -> thread.name: python3
             -> thread.id: %!s(int64=1483753)
             -> cpu.logical_number: %!s(int64=14)
    Sample #57
        Values: []
        Attributes:
             -> thread.name: python3
             -> thread.id: %!s(int64=1483753)
             -> cpu.logical_number: %!s(int64=14)
    Sample #58
        Values: []
        Attributes:
             -> thread.name: python3
             -> thread.id: %!s(int64=1483753)
             -> cpu.logical_number: %!s(int64=14)
    Sample #59
        Values: []
        Attributes:
             -> thread.name: python3
             -> thread.id: %!s(int64=1483753)
             -> cpu.logical_number: %!s(int64=14)
    Sample #60
        Values: []
        Attributes:
             -> thread.name: python3
             -> thread.id: %!s(int64=1483753)
             -> cpu.logical_number: %!s(int64=14)
    Sample #61
        Values: []
        Attributes:
             -> thread.name: python3
             -> thread.id: %!s(int64=1483753)
             -> cpu.logical_number: %!s(int64=14)
    Sample #62
        Values: []
        Attributes:
             -> thread.name: python3
             -> thread.id: %!s(int64=1483753)
             -> cpu.logical_number: %!s(int64=14)
    Sample #63
        Values: []
        Attributes:
             -> thread.name: python3
             -> thread.id: %!s(int64=1483753)
             -> cpu.logical_number: %!s(int64=14)
    Sample #64
        Values: []
        Attributes:
             -> thread.name: python3
             -> thread.id: %!s(int64=1483753)
             -> cpu.logical_number: %!s(int64=14)
    Sample #65
        Values: []
        Attributes:
             -> thread.name: python3
             -> thread.id: %!s(int64=1483753)
             -> cpu.logical_number: %!s(int64=14)
    Sample #66
        Values: []
        Attributes:
             -> thread.name: python3
             -> thread.id: %!s(int64=1483753)
             -> cpu.logical_number: %!s(int64=14)
    Sample #67
        Values: []
        Attributes:
             -> thread.name: python3
             -> thread.id: %!s(int64=1483753)
             -> cpu.logical_number: %!s(int64=14)
    Sample #68
        Values: []
        Attributes:
             -> thread.name: python3
             -> thread.id: %!s(int64=1483753)
             -> cpu.logical_number: %!s(int64=14)
    Sample #69
        Values: []
        Attributes:
             -> thread.name: python3
             -> thread.id: %!s(int64=1483753)
             -> cpu.logical_number: %!s(int64=14)
    Sample #70
        Values: []
        Attributes:
             -> thread.name: python3
             -> thread.id: %!s(int64=1483753)
             -> cpu.logical_number: %!s(int64=14)
    Sample #71
        Values: []
        Attributes:
             -> thread.name: python3
             -> thread.id: %!s(int64=1483753)
             -> cpu.logical_number: %!s(int64=14)
    Sample #72
        Values: []
        Attributes:
             -> thread.name: python3
             -> thread.id: %!s(int64=1483753)
             -> cpu.logical_number: %!s(int64=14)
    Sample #73
        Values: []
        Attributes:
             -> thread.name: python3
             -> thread.id: %!s(int64=1483753)
             -> cpu.logical_number: %!s(int64=14)
    Sample #74
        Values: []
        Attributes:
             -> thread.name: python3
             -> thread.id: %!s(int64=1483753)
             -> cpu.logical_number: %!s(int64=14)
    Sample #75
        Values: []
        Attributes:
             -> thread.name: python3
             -> thread.id: %!s(int64=1483753)
             -> cpu.logical_number: %!s(int64=14)
    Sample #76
        Values: []
        Attributes:
             -> thread.name: python3
             -> thread.id: %!s(int64=1483753)
             -> cpu.logical_number: %!s(int64=14)
    Sample #77
        Values: []
        Attributes:
             -> thread.name: python3
             -> thread.id: %!s(int64=1483753)
             -> cpu.logical_number: %!s(int64=14)
    Sample #78
        Values: []
        Attributes:
             -> thread.name: python3
             -> thread.id: %!s(int64=1483753)
             -> cpu.logical_number: %!s(int64=14)
    Sample #79
        Values: []
        Attributes:
             -> thread.name: python3
             -> thread.id: %!s(int64=1483753)
             -> cpu.logical_number: %!s(int64=14)
    Sample #80
        Values: []
        Attributes:
             -> thread.name: python3
             -> thread.id: %!s(int64=1483753)
             -> cpu.logical_number: %!s(int64=14)
    Sample #81
        Values: []
        Attributes:
             -> thread.name: python3
             -> thread.id: %!s(int64=1483753)
             -> cpu.logical_number: %!s(int64=14)
    Sample #82
        Values: []
        Attributes:
             -> thread.name: python3
             -> thread.id: %!s(int64=1483753)
             -> cpu.logical_number: %!s(int64=14)
    Sample #83
        Values: []
        Attributes:
             -> thread.name: python3
             -> thread.id: %!s(int64=1483753)
             -> cpu.logical_number: %!s(int64=14)
    Sample #84
        Values: []
        Attributes:
             -> thread.name: python3
             -> thread.id: %!s(int64=1483753)
             -> cpu.logical_number: %!s(int64=14)
    Sample #85
        Values: []
        Attributes:
             -> thread.name: python3
             -> thread.id: %!s(int64=1483753)
             -> cpu.logical_number: %!s(int64=14)
    Sample #86
        Values: []
        Attributes:
             -> thread.name: python3
             -> thread.id: %!s(int64=1483753)
             -> cpu.logical_number: %!s(int64=14)
    Sample #87
        Values: []
        Attributes:
             -> thread.name: python3
             -> thread.id: %!s(int64=1483753)
             -> cpu.logical_number: %!s(int64=14)
    Sample #88
        Values: []
        Attributes:
             -> thread.name: python3
             -> thread.id: %!s(int64=1483753)
             -> cpu.logical_number: %!s(int64=14)
    Sample #89
        Values: []
        Attributes:
             -> thread.name: python3
             -> thread.id: %!s(int64=1483753)
             -> cpu.logical_number: %!s(int64=14)
    Sample #90
        Values: []
        Attributes:
             -> thread.name: python3
             -> thread.id: %!s(int64=1483753)
             -> cpu.logical_number: %!s(int64=14)
    Sample #91
        Values: []
        Attributes:
             -> thread.name: python3
             -> thread.id: %!s(int64=1483753)
             -> cpu.logical_number: %!s(int64=14)
    Sample #92
        Values: []
        Attributes:
             -> thread.name: python3
             -> thread.id: %!s(int64=1483753)
             -> cpu.logical_number: %!s(int64=14)
    Sample #93
        Values: []
        Attributes:
             -> thread.name: python3
             -> thread.id: %!s(int64=1483753)
             -> cpu.logical_number: %!s(int64=14)
    Sample #94
        Values: []
        Attributes:
             -> thread.name: python3
             -> thread.id: %!s(int64=1483753)
             -> cpu.logical_number: %!s(int64=14)
    Sample #95
        Values: []
        Attributes:
             -> thread.name: python3
             -> thread.id: %!s(int64=1483753)
             -> cpu.logical_number: %!s(int64=14)
    Sample #96
        Values: []
        Attributes:
             -> thread.name: python3
             -> thread.id: %!s(int64=1483753)
             -> cpu.logical_number: %!s(int64=14)
    Sample #97
        Values: []
        Attributes:
             -> thread.name: python3
             -> thread.id: %!s(int64=1483753)
             -> cpu.logical_number: %!s(int64=14)
    Sample #98
        Values: []
        Attributes:
             -> thread.name: python3
             -> thread.id: %!s(int64=1483753)
             -> cpu.logical_number: %!s(int64=14)
    Sample #99
        Values: []
        Attributes:
             -> thread.name: python3
             -> thread.id: %!s(int64=1483753)
             -> cpu.logical_number: %!s(int64=14)
    Sample #100
        Values: []
        Attributes:
             -> thread.name: python3
             -> thread.id: %!s(int64=1483753)
             -> cpu.logical_number: %!s(int64=14)
    Sample #101
        Values: []
        Attributes:
             -> thread.name: python3
             -> thread.id: %!s(int64=1483753)
             -> cpu.logical_number: %!s(int64=14)
    Sample #102
        Values: []
        Attributes:
             -> thread.name: python3
             -> thread.id: %!s(int64=1483753)
             -> cpu.logical_number: %!s(int64=14)
    Sample #103
        Values: []
        Attributes:
             -> thread.name: python3
             -> thread.id: %!s(int64=1483753)
             -> cpu.logical_number: %!s(int64=14)
    Sample #104
        Values: []
        Attributes:
             -> thread.name: python3
             -> thread.id: %!s(int64=1483753)
             -> cpu.logical_number: %!s(int64=14)
    Sample #105
        Values: []
        Attributes:
             -> thread.name: python3
             -> thread.id: %!s(int64=1483753)
             -> cpu.logical_number: %!s(int64=14)
    Sample #106
        Values: []
        Attributes:
             -> thread.name: python3
             -> thread.id: %!s(int64=1483753)
             -> cpu.logical_number: %!s(int64=14)
    Sample #107
        Values: []
        Attributes:
             -> thread.name: python3
             -> thread.id: %!s(int64=1483753)
             -> cpu.logical_number: %!s(int64=14)
    Sample #108
        Values: []
        Attributes:
             -> thread.name: python3
             -> thread.id: %!s(int64=1483753)
             -> cpu.logical_number: %!s(int64=14)
    Sample #109
        Values: []
        Attributes:
             -> thread.name: python3
             -> thread.id: %!s(int64=1483753)
             -> cpu.logical_number: %!s(int64=14)
    Sample #110
        Values: []
        Attributes:
             -> thread.name: python3
             -> thread.id: %!s(int64=1483753)
             -> cpu.logical_number: %!s(int64=14)
    Sample #111
        Values: []
        Attributes:
             -> thread.name: python3
             -> thread.id: %!s(int64=1483753)
             -> cpu.logical_number: %!s(int64=14)
    Sample #112
        Values: []
        Attributes:
             -> thread.name: python3
             -> thread.id: %!s(int64=1483753)
             -> cpu.logical_number: %!s(int64=14)
    Sample #113
        Values: []
        Attributes:
             -> thread.name: python3
             -> thread.id: %!s(int64=1483753)
             -> cpu.logical_number: %!s(int64=14)
    Sample #114
        Values: []
        Attributes:
             -> thread.name: python3
             -> thread.id: %!s(int64=1483753)
             -> cpu.logical_number: %!s(int64=14)
    Sample #115
        Values: []
        Attributes:
             -> thread.name: python3
             -> thread.id: %!s(int64=1483753)
             -> cpu.logical_number: %!s(int64=14)
    Sample #116
        Values: []
        Attributes:
             -> thread.name: python3
             -> thread.id: %!s(int64=1483753)
             -> cpu.logical_number: %!s(int64=14)
    Sample #117
        Values: []
        Attributes:
             -> thread.name: python3
             -> thread.id: %!s(int64=1483753)
             -> cpu.logical_number: %!s(int64=14)
    Sample #118
        Values: []
        Attributes:
             -> thread.name: python3
             -> thread.id: %!s(int64=1483753)
             -> cpu.logical_number: %!s(int64=14)
    Sample #119
        Values: []
        Attributes:
             -> thread.name: python3
             -> thread.id: %!s(int64=1483753)
             -> cpu.logical_number: %!s(int64=14)
    Sample #120
        Values: []
        Attributes:
             -> thread.name: python3
             -> thread.id: %!s(int64=1483753)
             -> cpu.logical_number: %!s(int64=14)
    Sample #121
        Values: []
        Attributes:
             -> thread.name: python3
             -> thread.id: %!s(int64=1483753)
             -> cpu.logical_number: %!s(int64=14)
    Sample #122
        Values: []
        Attributes:
             -> thread.name: python3
             -> thread.id: %!s(int64=1483753)
             -> cpu.logical_number: %!s(int64=14)
    Sample #123
        Values: []
        Attributes:
             -> thread.name: python3
             -> thread.id: %!s(int64=1483753)
             -> cpu.logical_number: %!s(int64=14)
    Sample #124
        Values: []
        Attributes:
             -> thread.name: python3
             -> thread.id: %!s(int64=1483753)
             -> cpu.logical_number: %!s(int64=14)
    Sample #125
        Values: []
        Attributes:
             -> thread.name: python3
             -> thread.id: %!s(int64=1483753)
             -> cpu.logical_number: %!s(int64=14)
    Sample #126
        Values: []
        Attributes:
             -> thread.name: python3
             -> thread.id: %!s(int64=1483753)
             -> cpu.logical_number: %!s(int64=14)
    Sample #127
        Values: []
        Attributes:
             -> thread.name: python3
             -> thread.id: %!s(int64=1483753)
             -> cpu.logical_number: %!s(int64=14)
    Sample #128
        Values: []
        Attributes:
             -> thread.name: python3
             -> thread.id: %!s(int64=1483753)
             -> cpu.logical_number: %!s(int64=14)
    Sample #129
        Values: []
        Attributes:
             -> thread.name: python3
             -> thread.id: %!s(int64=1483753)
             -> cpu.logical_number: %!s(int64=14)
    Sample #130
        Values: []
        Attributes:
             -> thread.name: python3
             -> thread.id: %!s(int64=1483753)
             -> cpu.logical_number: %!s(int64=14)
    Sample #131
        Values: []
        Attributes:
             -> thread.name: python3
             -> thread.id: %!s(int64=1483753)
             -> cpu.logical_number: %!s(int64=14)
    Sample #132
        Values: []
        Attributes:
             -> thread.name: python3
             -> thread.id: %!s(int64=1483753)
             -> cpu.logical_number: %!s(int64=14)
    Sample #133
        Values: []
        Attributes:
             -> thread.name: python3
             -> thread.id: %!s(int64=1483753)
             -> cpu.logical_number: %!s(int64=14)
    Sample #134
        Values: []
        Attributes:
             -> thread.name: python3
             -> thread.id: %!s(int64=1483753)
             -> cpu.logical_number: %!s(int64=14)
    Sample #135
        Values: []
        Attributes:
             -> thread.name: python3
             -> thread.id: %!s(int64=1483753)
             -> cpu.logical_number: %!s(int64=14)
    Sample #136
        Values: []
        Attributes:
             -> thread.name: python3
             -> thread.id: %!s(int64=1483753)
             -> cpu.logical_number: %!s(int64=14)
    Sample #137
        Values: []
        Attributes:
             -> thread.name: python3
             -> thread.id: %!s(int64=1483753)
             -> cpu.logical_number: %!s(int64=14)
    Sample #138
        Values: []
        Attributes:
             -> thread.name: python3
             -> thread.id: %!s(int64=1483753)
             -> cpu.logical_number: %!s(int64=14)
    Sample #139
        Values: []
        Attributes:
             -> thread.name: python3
             -> thread.id: %!s(int64=1483753)
             -> cpu.logical_number: %!s(int64=14)
    Sample #140
        Values: []
        Attributes:
             -> thread.name: python3
             -> thread.id: %!s(int64=1483753)
             -> cpu.logical_number: %!s(int64=14)
    Sample #141
        Values: []
        Attributes:
             -> thread.name: python3
             -> thread.id: %!s(int64=1483753)
             -> cpu.logical_number: %!s(int64=14)
    Sample #142
        Values: []
        Attributes:
             -> thread.name: python3
             -> thread.id: %!s(int64=1483753)
             -> cpu.logical_number: %!s(int64=14)
    Sample #143
        Values: []
        Attributes:
             -> thread.name: python3
             -> thread.id: %!s(int64=1483753)
             -> cpu.logical_number: %!s(int64=14)
    Sample #144
        Values: []
        Attributes:
             -> thread.name: python3
             -> thread.id: %!s(int64=1483753)
             -> cpu.logical_number: %!s(int64=14)
    Sample #145
        Values: []
        Attributes:
             -> thread.name: python3
             -> thread.id: %!s(int64=1483753)
             -> cpu.logical_number: %!s(int64=14)
    Sample #146
        Values: []
        Attributes:
             -> thread.name: python3
             -> thread.id: %!s(int64=1483753)
             -> cpu.logical_number: %!s(int64=14)
    Sample #147
        Values: []
        Attributes:
             -> thread.name: python3
             -> thread.id: %!s(int64=1483753)
             -> cpu.logical_number: %!s(int64=14)
    Sample #148
        Values: []
        Attributes:
             -> thread.name: python3
             -> thread.id: %!s(int64=1483753)
             -> cpu.logical_number: %!s(int64=14)
    Sample #149
        Values: []
        Attributes:
             -> thread.name: python3
             -> thread.id: %!s(int64=1483753)
             -> cpu.logical_number: %!s(int64=14)
    Sample #150
        Values: []
        Attributes:
             -> thread.name: python3
             -> thread.id: %!s(int64=1483753)
             -> cpu.logical_number: %!s(int64=14)
    Sample #151
        Values: []
        Attributes:
             -> thread.name: python3
             -> thread.id: %!s(int64=1483753)
             -> cpu.logical_number: %!s(int64=14)
    Sample #152
        Values: []
        Attributes:
             -> thread.name: python3
             -> thread.id: %!s(int64=1483753)
             -> cpu.logical_number: %!s(int64=14)
    Sample #153
        Values: []
        Attributes:
             -> thread.name: python3
             -> thread.id: %!s(int64=1483753)
             -> cpu.logical_number: %!s(int64=14)
    Sample #154
        Values: []
        Attributes:
             -> thread.name: python3
             -> thread.id: %!s(int64=1483753)
             -> cpu.logical_number: %!s(int64=14)
    Sample #155
        Values: []
        Attributes:
             -> thread.name: python3
             -> thread.id: %!s(int64=1483753)
             -> cpu.logical_number: %!s(int64=14)
    Sample #156
        Values: []
        Attributes:
             -> thread.name: python3
             -> thread.id: %!s(int64=1483753)
             -> cpu.logical_number: %!s(int64=14)
    Sample #157
        Values: []
        Attributes:
             -> thread.name: python3
             -> thread.id: %!s(int64=1483753)
             -> cpu.logical_number: %!s(int64=14)
    Sample #158
        Values: []
        Attributes:
             -> thread.name: python3
             -> thread.id: %!s(int64=1483753)
             -> cpu.logical_number: %!s(int64=14)
    Sample #159
        Values: []
        Attributes:
             -> thread.name: python3
             -> thread.id: %!s(int64=1483753)
             -> cpu.logical_number: %!s(int64=14)
    Sample #160
        Values: []
        Attributes:
             -> thread.name: python3
             -> thread.id: %!s(int64=1483753)
             -> cpu.logical_number: %!s(int64=14)
    Sample #161
        Values: []
        Attributes:
             -> thread.name: python3
             -> thread.id: %!s(int64=1483753)
             -> cpu.logical_number: %!s(int64=14)
    Sample #162
        Values: []
        Attributes:
             -> thread.name: python3
             -> thread.id: %!s(int64=1483753)
             -> cpu.logical_number: %!s(int64=14)
    Sample #163
        Values: []
        Attributes:
             -> thread.name: python3
             -> thread.id: %!s(int64=1483753)
             -> cpu.logical_number: %!s(int64=14)
    Sample #164
        Values: []
        Attributes:
             -> thread.name: python3
             -> thread.id: %!s(int64=1483753)
             -> cpu.logical_number: %!s(int64=14)
    Sample #165
        Values: []
        Attributes:
             -> thread.name: python3
             -> thread.id: %!s(int64=1483753)
             -> cpu.logical_number: %!s(int64=14)
    Sample #166
        Values: []
        Attributes:
             -> thread.name: python3
             -> thread.id: %!s(int64=1483753)
             -> cpu.logical_number: %!s(int64=14)
    Sample #167
        Values: []
        Attributes:
             -> thread.name: python3
             -> thread.id: %!s(int64=1483753)
             -> cpu.logical_number: %!s(int64=14)
    Sample #168
        Values: []
        Attributes:
             -> thread.name: python3
             -> thread.id: %!s(int64=1483753)
             -> cpu.logical_number: %!s(int64=14)
    Sample #169
        Values: []
        Attributes:
             -> thread.name: python3
             -> thread.id: %!s(int64=1483753)
             -> cpu.logical_number: %!s(int64=14)
    Sample #170
        Values: []
        Attributes:
             -> thread.name: python3
             -> thread.id: %!s(int64=1483753)
             -> cpu.logical_number: %!s(int64=14)
    Sample #171
        Values: []
        Attributes:
             -> thread.name: python3
             -> thread.id: %!s(int64=1483753)
             -> cpu.logical_number: %!s(int64=14)
    Sample #172
        Values: []
        Attributes:
             -> thread.name: python3
             -> thread.id: %!s(int64=1483753)
             -> cpu.logical_number: %!s(int64=14)
    Sample #173
        Values: []
        Attributes:
             -> thread.name: python3
             -> thread.id: %!s(int64=1483753)
             -> cpu.logical_number: %!s(int64=14)
    Sample #174
        Values: []
        Attributes:
             -> thread.name: python3
             -> thread.id: %!s(int64=1483753)
             -> cpu.logical_number: %!s(int64=14)
    Sample #175
        Values: []
        Attributes:
             -> thread.name: python3
             -> thread.id: %!s(int64=1483753)
             -> cpu.logical_number: %!s(int64=14)
    Sample #176
        Values: []
        Attributes:
             -> thread.name: python3
             -> thread.id: %!s(int64=1483753)
             -> cpu.logical_number: %!s(int64=14)
    Sample #177
        Values: []
        Attributes:
             -> thread.name: python3
             -> thread.id: %!s(int64=1483753)
             -> cpu.logical_number: %!s(int64=14)
    Sample #178
        Values: []
        Attributes:
             -> thread.name: python3
             -> thread.id: %!s(int64=1483753)
             -> cpu.logical_number: %!s(int64=14)
    Sample #179
        Values: []
        Attributes:
             -> thread.name: python3
             -> thread.id: %!s(int64=1483753)
             -> cpu.logical_number: %!s(int64=14)
    Sample #180
        Values: []
        Attributes:
             -> thread.name: python3
             -> thread.id: %!s(int64=1483753)
             -> cpu.logical_number: %!s(int64=14)
    Sample #181
        Values: []
        Attributes:
             -> thread.name: python3
             -> thread.id: %!s(int64=1483753)
             -> cpu.logical_number: %!s(int64=14)
    Sample #182
        Values: []
        Attributes:
             -> thread.name: python3
             -> thread.id: %!s(int64=1483753)
             -> cpu.logical_number: %!s(int64=14)
    Sample #183
        Values: []
        Attributes:
             -> thread.name: python3
             -> thread.id: %!s(int64=1483753)
             -> cpu.logical_number: %!s(int64=14)
    Sample #184
        Values: []
        Attributes:
             -> thread.name: python3
             -> thread.id: %!s(int64=1483753)
             -> cpu.logical_number: %!s(int64=14)
    Sample #185
        Values: []
        Attributes:
             -> thread.name: python3
             -> thread.id: %!s(int64=1483753)
             -> cpu.logical_number: %!s(int64=14)
    Sample #186
        Values: []
        Attributes:
             -> thread.name: python3
             -> thread.id: %!s(int64=1483753)
             -> cpu.logical_number: %!s(int64=14)
    Sample #187
        Values: []
        Attributes:
             -> thread.name: python3
             -> thread.id: %!s(int64=1483753)
             -> cpu.logical_number: %!s(int64=14)
    Sample #188
        Values: []
        Attributes:
             -> thread.name: python3
             -> thread.id: %!s(int64=1483753)
             -> cpu.logical_number: %!s(int64=14)
    Sample #189
        Values: []
        Attributes:
             -> thread.name: python3
             -> thread.id: %!s(int64=1483753)
             -> cpu.logical_number: %!s(int64=14)
    Sample #190
        Values: []
        Attributes:
             -> thread.name: python3
             -> thread.id: %!s(int64=1483753)
             -> cpu.logical_number: %!s(int64=14)
    Sample #191
        Values: []
        Attributes:
             -> thread.name: python3
             -> thread.id: %!s(int64=1483753)
             -> cpu.logical_number: %!s(int64=14)
    Sample #192
        Values: []
        Attributes:
             -> thread.name: python3
             -> thread.id: %!s(int64=1483753)
             -> cpu.logical_number: %!s(int64=14)
    Sample #193
        Values: []
        Attributes:
             -> thread.name: python3
             -> thread.id: %!s(int64=1483753)
             -> cpu.logical_number: %!s(int64=14)
    Sample #194
        Values: []
        Attributes:
             -> thread.name: python3
             -> thread.id: %!s(int64=1483753)
             -> cpu.logical_number: %!s(int64=14)
    Sample #195
        Values: []
        Attributes:
             -> thread.name: python3
             -> thread.id: %!s(int64=1483753)
             -> cpu.logical_number: %!s(int64=14)
    Sample #196
        Values: []
        Attributes:
             -> thread.name: python3
             -> thread.id: %!s(int64=1483753)
             -> cpu.logical_number: %!s(int64=14)
    Sample #197
        Values: []
        Attributes:
             -> thread.name: python3
             -> thread.id: %!s(int64=1483753)
             -> cpu.logical_number: %!s(int64=14)
    Sample #198
        Values: []
        Attributes:
             -> thread.name: python3
             -> thread.id: %!s(int64=1483753)
             -> cpu.logical_number: %!s(int64=14)
    Sample #199
        Values: []
        Attributes:
             -> thread.name: python3
             -> thread.id: %!s(int64=1483753)
             -> cpu.logical_number: %!s(int64=14)
    Sample #200
        Values: []
        Attributes:
             -> thread.name: python3
             -> thread.id: %!s(int64=1483753)
             -> cpu.logical_number: %!s(int64=14)
    Sample #201
        Values: []
        Attributes:
             -> thread.name: python3
             -> thread.id: %!s(int64=1483753)
             -> cpu.logical_number: %!s(int64=14)
    Sample #202
        Values: []
        Attributes:
             -> thread.name: python3
             -> thread.id: %!s(int64=1483753)
             -> cpu.logical_number: %!s(int64=14)
    Sample #203
        Values: []
        Attributes:
             -> thread.name: python3
             -> thread.id: %!s(int64=1483753)
             -> cpu.logical_number: %!s(int64=14)
    Sample #204
        Values: []
        Attributes:
             -> thread.name: python3
             -> thread.id: %!s(int64=1483753)
             -> cpu.logical_number: %!s(int64=14)
    Sample #205
        Values: []
        Attributes:
             -> thread.name: python3
             -> thread.id: %!s(int64=1483753)
             -> cpu.logical_number: %!s(int64=14)
    Sample #206
        Values: []
        Attributes:
             -> thread.name: python3
             -> thread.id: %!s(int64=1483753)
             -> cpu.logical_number: %!s(int64=14)
    Sample #207
        Values: []
        Attributes:
             -> thread.name: python3
             -> thread.id: %!s(int64=1483753)
             -> cpu.logical_number: %!s(int64=14)
    Sample #208
        Values: []
        Attributes:
             -> thread.name: python3
             -> thread.id: %!s(int64=1483753)
             -> cpu.logical_number: %!s(int64=14)
    Sample #209
        Values: []
        Attributes:
             -> thread.name: python3
             -> thread.id: %!s(int64=1483753)
             -> cpu.logical_number: %!s(int64=14)
    Sample #210
        Values: []
        Attributes:
             -> thread.name: python3
             -> thread.id: %!s(int64=1483753)
             -> cpu.logical_number: %!s(int64=14)
    Sample #211
        Values: []
        Attributes:
             -> thread.name: python3
             -> thread.id: %!s(int64=1483753)
             -> cpu.logical_number: %!s(int64=14)
    Sample #212
        Values: []
        Attributes:
             -> thread.name: python3
             -> thread.id: %!s(int64=1483753)
             -> cpu.logical_number: %!s(int64=14)
    Sample #213
        Values: []
        Attributes:
             -> thread.name: python3
             -> thread.id: %!s(int64=1483753)
             -> cpu.logical_number: %!s(int64=14)
    Sample #214
        Values: []
        Attributes:
             -> thread.name: python3
             -> thread.id: %!s(int64=1483753)
             -> cpu.logical_number: %!s(int64=14)
    Sample #215
        Values: []
        Attributes:
             -> thread.name: python3
             -> thread.id: %!s(int64=1483753)
             -> cpu.logical_number: %!s(int64=14)
    Sample #216
        Values: []
        Attributes:
             -> thread.name: python3
             -> thread.id: %!s(int64=1483753)
             -> cpu.logical_number: %!s(int64=14)
    Sample #217
        Values: []
        Attributes:
             -> thread.name: python3
             -> thread.id: %!s(int64=1483753)
             -> cpu.logical_number: %!s(int64=14)
    Sample #218
        Values: []
        Attributes:
             -> thread.name: python3
             -> thread.id: %!s(int64=1483753)
             -> cpu.logical_number: %!s(int64=14)
    Sample #219
        Values: []
        Attributes:
             -> thread.name: python3
             -> thread.id: %!s(int64=1483753)
             -> cpu.logical_number: %!s(int64=14)
    Sample #220
        Values: []
        Attributes:
             -> thread.name: python3
             -> thread.id: %!s(int64=1483753)
             -> cpu.logical_number: %!s(int64=14)
    Sample #221
        Values: []
        Attributes:
             -> thread.name: python3
             -> thread.id: %!s(int64=1483753)
             -> cpu.logical_number: %!s(int64=14)
    Sample #222
        Values: []
        Attributes:
             -> thread.name: python3
             -> thread.id: %!s(int64=1483753)
             -> cpu.logical_number: %!s(int64=14)
    Sample #223
        Values: []
        Attributes:
             -> thread.name: python3
             -> thread.id: %!s(int64=1483753)
             -> cpu.logical_number: %!s(int64=14)
    Sample #224
        Values: []
        Attributes:
             -> thread.name: python3
             -> thread.id: %!s(int64=1483753)
             -> cpu.logical_number: %!s(int64=14)
    Sample #225
        Values: []
        Attributes:
             -> thread.name: python3
             -> thread.id: %!s(int64=1483753)
             -> cpu.logical_number: %!s(int64=14)
    Sample #226
        Values: []
        Attributes:
             -> thread.name: python3
             -> thread.id: %!s(int64=1483753)
             -> cpu.logical_number: %!s(int64=14)
    Sample #227
        Values: []
        Attributes:
             -> thread.name: python3
             -> thread.id: %!s(int64=1483753)
             -> cpu.logical_number: %!s(int64=14)
    Sample #228
        Values: []
        Attributes:
             -> thread.name: python3
             -> thread.id: %!s(int64=1483753)
             -> cpu.logical_number: %!s(int64=14)
    Sample #229
        Values: []
        Attributes:
             -> thread.name: python3
             -> thread.id: %!s(int64=1483753)
             -> cpu.logical_number: %!s(int64=14)
    Sample #230
        Values: []
        Attributes:
             -> thread.name: python3
             -> thread.id: %!s(int64=1483753)
             -> cpu.logical_number: %!s(int64=14)
    Sample #231
        Values: []
        Attributes:
             -> thread.name: python3
             -> thread.id: %!s(int64=1483753)
             -> cpu.logical_number: %!s(int64=14)
    Sample #232
        Values: []
        Attributes:
             -> thread.name: python3
             -> thread.id: %!s(int64=1483753)
             -> cpu.logical_number: %!s(int64=14)
    Sample #233
        Values: []
        Attributes:
             -> thread.name: python3
             -> thread.id: %!s(int64=1483753)
             -> cpu.logical_number: %!s(int64=14)
    Sample #234
        Values: []
        Attributes:
             -> thread.name: python3
             -> thread.id: %!s(int64=1483753)
             -> cpu.logical_number: %!s(int64=14)
    Sample #235
        Values: []
        Attributes:
             -> thread.name: python3
             -> thread.id: %!s(int64=1483753)
             -> cpu.logical_number: %!s(int64=14)
    Sample #236
        Values: []
        Attributes:
             -> thread.name: python3
             -> thread.id: %!s(int64=1483753)
             -> cpu.logical_number: %!s(int64=14)
    Sample #237
        Values: []
        Attributes:
             -> thread.name: python3
             -> thread.id: %!s(int64=1483753)
             -> cpu.logical_number: %!s(int64=14)
    Sample #238
        Values: []
        Attributes:
             -> thread.name: python3
             -> thread.id: %!s(int64=1483753)
             -> cpu.logical_number: %!s(int64=14)
    Sample #239
        Values: []
        Attributes:
             -> thread.name: python3
             -> thread.id: %!s(int64=1483753)
             -> cpu.logical_number: %!s(int64=14)
    Sample #240
        Values: []
        Attributes:
             -> thread.name: python3
             -> thread.id: %!s(int64=1483753)
             -> cpu.logical_number: %!s(int64=14)
    Sample #241
        Values: []
        Attributes:
             -> thread.name: python3
             -> thread.id: %!s(int64=1483753)
             -> cpu.logical_number: %!s(int64=14)
    Sample #242
        Values: []
        Attributes:
             -> thread.name: python3
             -> thread.id: %!s(int64=1483753)
             -> cpu.logical_number: %!s(int64=14)
    Sample #243
        Values: []
        Attributes:
             -> thread.name: python3
             -> thread.id: %!s(int64=1483753)
             -> cpu.logical_number: %!s(int64=14)
    Sample #244
        Values: []
        Attributes:
             -> thread.name: python3
             -> thread.id: %!s(int64=1483753)
             -> cpu.logical_number: %!s(int64=14)
    Sample #245
        Values: []
        Attributes:
             -> thread.name: python3
             -> thread.id: %!s(int64=1483753)
             -> cpu.logical_number: %!s(int64=14)
    Sample #246
        Values: []
        Attributes:
             -> thread.name: python3
             -> thread.id: %!s(int64=1483753)
             -> cpu.logical_number: %!s(int64=14)
    Sample #247
        Values: []
        Attributes:
             -> thread.name: python3
             -> thread.id: %!s(int64=1483753)
             -> cpu.logical_number: %!s(int64=14)
    Sample #248
        Values: []
        Attributes:
             -> thread.name: python3
             -> thread.id: %!s(int64=1483753)
             -> cpu.logical_number: %!s(int64=14)
    Sample #249
        Values: []
        Attributes:
             -> thread.name: python3
             -> thread.id: %!s(int64=1483753)
             -> cpu.logical_number: %!s(int64=14)
    Sample #250
        Values: []
        Attributes:
             -> thread.name: python3
             -> thread.id: %!s(int64=1483753)
             -> cpu.logical_number: %!s(int64=14)
    Sample #251
        Values: []
        Attributes:
             -> thread.name: python3
             -> thread.id: %!s(int64=1483753)
             -> cpu.logical_number: %!s(int64=14)
    Sample #252
        Values: []
        Attributes:
             -> thread.name: python3
             -> thread.id: %!s(int64=1483753)
             -> cpu.logical_number: %!s(int64=14)
    Sample #253
        Values: []
        Attributes:
             -> thread.name: python3
             -> thread.id: %!s(int64=1483753)
             -> cpu.logical_number: %!s(int64=14)
    Sample #254
        Values: []
        Attributes:
             -> thread.name: python3
             -> thread.id: %!s(int64=1483753)
             -> cpu.logical_number: %!s(int64=14)
    Sample #255
        Values: []
        Attributes:
             -> thread.name: python3
             -> thread.id: %!s(int64=1483753)
             -> cpu.logical_number: %!s(int64=14)
    Sample #256
        Values: []
        Attributes:
             -> thread.name: python3
             -> thread.id: %!s(int64=1483753)
             -> cpu.logical_number: %!s(int64=14)
    Sample #257
        Values: []
        Attributes:
             -> thread.name: python3
             -> thread.id: %!s(int64=1483753)
             -> cpu.logical_number: %!s(int64=14)
    Sample #258
        Values: []
        Attributes:
             -> thread.name: python3
             -> thread.id: %!s(int64=1483753)
             -> cpu.logical_number: %!s(int64=14)
    Sample #259
        Values: []
        Attributes:
             -> thread.name: python3
             -> thread.id: %!s(int64=1483753)
             -> cpu.logical_number: %!s(int64=14)
    Sample #260
        Values: []
        Attributes:
             -> thread.name: python3
             -> thread.id: %!s(int64=1483753)
             -> cpu.logical_number: %!s(int64=14)
    Sample #261
        Values: []
        Attributes:
             -> thread.name: python3
             -> thread.id: %!s(int64=1483753)
             -> cpu.logical_number: %!s(int64=14)
    Sample #262
        Values: []
        Attributes:
             -> thread.name: python3
             -> thread.id: %!s(int64=1483753)
             -> cpu.logical_number: %!s(int64=14)
    Sample #263
        Values: []
        Attributes:
             -> thread.name: python3
             -> thread.id: %!s(int64=1483753)
             -> cpu.logical_number: %!s(int64=14)
    Sample #264
        Values: []
        Attributes:
             -> thread.name: python3
             -> thread.id: %!s(int64=1483753)
             -> cpu.logical_number: %!s(int64=14)
    Sample #265
        Values: []
        Attributes:
             -> thread.name: python3
             -> thread.id: %!s(int64=1483753)
             -> cpu.logical_number: %!s(int64=14)
    Sample #266
        Values: []
        Attributes:
             -> thread.name: python3
             -> thread.id: %!s(int64=1483753)
             -> cpu.logical_number: %!s(int64=14)
    Sample #267
        Values: []
        Attributes:
             -> thread.name: python3
             -> thread.id: %!s(int64=1483753)
             -> cpu.logical_number: %!s(int64=14)
    Sample #268
        Values: []
        Attributes:
             -> thread.name: python3
             -> thread.id: %!s(int64=1483753)
             -> cpu.logical_number: %!s(int64=14)
    Sample #269
        Values: []
        Attributes:
             -> thread.name: python3
             -> thread.id: %!s(int64=1483753)
             -> cpu.logical_number: %!s(int64=14)
    Sample #270
        Values: []
        Attributes:
             -> thread.name: python3
             -> thread.id: %!s(int64=1483753)
             -> cpu.logical_number: %!s(int64=14)
    Sample #271
        Values: []
        Attributes:
             -> thread.name: python3
             -> thread.id: %!s(int64=1483753)
             -> cpu.logical_number: %!s(int64=14)
    Sample #272
        Values: []
        Attributes:
             -> thread.name: python3
             -> thread.id: %!s(int64=1483753)
             -> cpu.logical_number: %!s(int64=14)
    Sample #273
        Values: []
        Attributes:
             -> thread.name: python3
             -> thread.id: %!s(int64=1483753)
             -> cpu.logical_number: %!s(int64=14)
    Sample #274
        Values: []
        Attributes:
             -> thread.name: python3
             -> thread.id: %!s(int64=1483753)
             -> cpu.logical_number: %!s(int64=14)
    Sample #275
        Values: []
        Attributes:
             -> thread.name: python3
             -> thread.id: %!s(int64=1483753)
             -> cpu.logical_number: %!s(int64=14)
    Sample #276
        Values: []
        Attributes:
             -> thread.name: python3
             -> thread.id: %!s(int64=1483753)
             -> cpu.logical_number: %!s(int64=14)
    Sample #277
        Values: []
        Attributes:
             -> thread.name: python3
             -> thread.id: %!s(int64=1483753)
             -> cpu.logical_number: %!s(int64=14)
    Sample #278
        Values: []
        Attributes:
             -> thread.name: python3
             -> thread.id: %!s(int64=1483753)
             -> cpu.logical_number: %!s(int64=14)
    Sample #279
        Values: []
        Attributes:
             -> thread.name: python3
             -> thread.id: %!s(int64=1483753)
             -> cpu.logical_number: %!s(int64=14)
    Sample #280
        Values: []
        Attributes:
             -> thread.name: python3
             -> thread.id: %!s(int64=1483753)
             -> cpu.logical_number: %!s(int64=14)
    Sample #281
        Values: []
        Attributes:
             -> thread.name: python3
             -> thread.id: %!s(int64=1483753)
             -> cpu.logical_number: %!s(int64=14)
    Sample #282
        Values: []
        Attributes:
             -> thread.name: python3
             -> thread.id: %!s(int64=1483753)
             -> cpu.logical_number: %!s(int64=14)
    Sample #283
        Values: []
        Attributes:
             -> thread.name: python3
             -> thread.id: %!s(int64=1483753)
             -> cpu.logical_number: %!s(int64=14)
    Sample #284
        Values: []
        Attributes:
             -> thread.name: python3
             -> thread.id: %!s(int64=1483753)
             -> cpu.logical_number: %!s(int64=14)
    Sample #285
        Values: []
        Attributes:
             -> thread.name: python3
             -> thread.id: %!s(int64=1483753)
             -> cpu.logical_number: %!s(int64=14)
    Sample #286
        Values: []
        Attributes:
             -> thread.name: python3
             -> thread.id: %!s(int64=1483753)
             -> cpu.logical_number: %!s(int64=14)
    Sample #287
        Values: []
        Attributes:
             -> thread.name: python3
             -> thread.id: %!s(int64=1483753)
             -> cpu.logical_number: %!s(int64=14)
    Sample #288
        Values: []
        Attributes:
             -> thread.name: python3
             -> thread.id: %!s(int64=1483753)
             -> cpu.logical_number: %!s(int64=14)
    Sample #289
        Values: []
        Attributes:
             -> thread.name: python3
             -> thread.id: %!s(int64=1483753)
             -> cpu.logical_number: %!s(int64=14)
    Sample #290
        Values: []
        Attributes:
             -> thread.name: python3
             -> thread.id: %!s(int64=1483753)
             -> cpu.logical_number: %!s(int64=14)
    Sample #291
        Values: []
        Attributes:
             -> thread.name: python3
             -> thread.id: %!s(int64=1483753)
             -> cpu.logical_number: %!s(int64=14)
    Sample #292
        Values: []
        Attributes:
             -> thread.name: python3
             -> thread.id: %!s(int64=1483753)
             -> cpu.logical_number: %!s(int64=14)
    Sample #293
        Values: []
        Attributes:
             -> thread.name: python3
             -> thread.id: %!s(int64=1483753)
             -> cpu.logical_number: %!s(int64=14)
    Sample #294
        Values: []
        Attributes:
             -> thread.name: python3
             -> thread.id: %!s(int64=1483753)
             -> cpu.logical_number: %!s(int64=14)
    Sample #295
        Values: []
        Attributes:
             -> thread.name: python3
             -> thread.id: %!s(int64=1483753)
             -> cpu.logical_number: %!s(int64=14)
    Sample #296
        Values: []
        Attributes:
             -> thread.name: python3
             -> thread.id: %!s(int64=1483753)
             -> cpu.logical_number: %!s(int64=14)
    Sample #297
        Values: []
        Attributes:
             -> thread.name: python3
             -> thread.id: %!s(int64=1483753)
             -> cpu.logical_number: %!s(int64=14)
    Sample #298
        Values: []
        Attributes:
             -> thread.name: python3
             -> thread.id: %!s(int64=1483753)
             -> cpu.logical_number: %!s(int64=14)
    Sample #299
        Values: []
        Attributes:
             -> thread.name: python3
             -> thread.id: %!s(int64=1483753)
             -> cpu.logical_number: %!s(int64=14)
    Sample #300
        Values: []
        Attributes:
             -> thread.name: python3
             -> thread.id: %!s(int64=1483753)
             -> cpu.logical_number: %!s(int64=14)
    Sample #301
        Values: []
        Attributes:
             -> thread.name: python3
             -> thread.id: %!s(int64=1483753)
             -> cpu.logical_number: %!s(int64=14)
    Sample #302
        Values: []
        Attributes:
             -> thread.name: python3
             -> thread.id: %!s(int64=1483753)
             -> cpu.logical_number: %!s(int64=14)
    Sample #303
        Values: []
        Attributes:
             -> thread.name: python3
             -> thread.id: %!s(int64=1483753)
             -> cpu.logical_number: %!s(int64=14)
    Sample #304
        Values: []
        Attributes:
             -> thread.name: python3
             -> thread.id: %!s(int64=1483753)
             -> cpu.logical_number: %!s(int64=14)
    Sample #305
        Values: []
        Attributes:
             -> thread.name: python3
             -> thread.id: %!s(int64=1483753)
             -> cpu.logical_number: %!s(int64=14)
    Sample #306
        Values: []
        Attributes:
             -> thread.name: python3
             -> thread.id: %!s(int64=1483753)
             -> cpu.logical_number: %!s(int64=14)
    Sample #307
        Values: []
        Attributes:
             -> thread.name: python3
             -> thread.id: %!s(int64=1483753)
             -> cpu.logical_number: %!s(int64=14)
    Sample #308
        Values: []
        Attributes:
             -> thread.name: python3
             -> thread.id: %!s(int64=1483753)
             -> cpu.logical_number: %!s(int64=14)
    Sample #309
        Values: []
        Attributes:
             -> thread.name: python3
             -> thread.id: %!s(int64=1483753)
             -> cpu.logical_number: %!s(int64=14)
    Sample #310
        Values: []
        Attributes:
             -> thread.name: python3
             -> thread.id: %!s(int64=1483753)
             -> cpu.logical_number: %!s(int64=14)
    Sample #311
        Values: []
        Attributes:
             -> thread.name: python3
             -> thread.id: %!s(int64=1483753)
             -> cpu.logical_number: %!s(int64=14)
    Sample #312
        Values: []
        Attributes:
             -> thread.name: python3
             -> thread.id: %!s(int64=1483753)
             -> cpu.logical_number: %!s(int64=14)
    Sample #313
        Values: []
        Attributes:
             -> thread.name: python3
             -> thread.id: %!s(int64=1483753)
             -> cpu.logical_number: %!s(int64=14)
    Sample #314
        Values: []
        Attributes:
             -> thread.name: python3
             -> thread.id: %!s(int64=1483753)
             -> cpu.logical_number: %!s(int64=14)
    Sample #315
        Values: []
        Attributes:
             -> thread.name: python3
             -> thread.id: %!s(int64=1483753)
             -> cpu.logical_number: %!s(int64=14)
    Sample #316
        Values: []
        Attributes:
             -> thread.name: python3
             -> thread.id: %!s(int64=1483753)
             -> cpu.logical_number: %!s(int64=14)
    Sample #317
        Values: []
        Attributes:
             -> thread.name: python3
             -> thread.id: %!s(int64=1483753)
             -> cpu.logical_number: %!s(int64=14)
    Sample #318
        Values: []
        Attributes:
             -> thread.name: python3
             -> thread.id: %!s(int64=1483753)
             -> cpu.logical_number: %!s(int64=14)
    Sample #319
        Values: []
        Attributes:
             -> thread.name: python3
             -> thread.id: %!s(int64=1483753)
             -> cpu.logical_number: %!s(int64=14)
    Sample #320
        Values: []
        Attributes:
             -> thread.name: python3
             -> thread.id: %!s(int64=1483753)
             -> cpu.logical_number: %!s(int64=14)
    Sample #321
        Values: []
        Attributes:
             -> thread.name: python3
             -> thread.id: %!s(int64=1483753)
             -> cpu.logical_number: %!s(int64=14)
    Sample #322
        Values: []
        Attributes:
             -> thread.name: python3
             -> thread.id: %!s(int64=1483753)
             -> cpu.logical_number: %!s(int64=14)
    Sample #323
        Values: []
        Attributes:
             -> thread.name: python3
             -> thread.id: %!s(int64=1483753)
             -> cpu.logical_number: %!s(int64=14)
    Sample #324
        Values: []
        Attributes:
             -> thread.name: python3
             -> thread.id: %!s(int64=1483753)
             -> cpu.logical_number: %!s(int64=14)
    Sample #325
        Values: []
        Attributes:
             -> thread.name: python3
             -> thread.id: %!s(int64=1483753)
             -> cpu.logical_number: %!s(int64=14)
    Sample #326
        Values: []
        Attributes:
             -> thread.name: python3
             -> thread.id: %!s(int64=1483753)
             -> cpu.logical_number: %!s(int64=14)
    Sample #327
        Values: []
        Attributes:
             -> thread.name: python3
             -> thread.id: %!s(int64=1483753)
             -> cpu.logical_number: %!s(int64=14)
    Sample #328
        Values: []
        Attributes:
             -> thread.name: python3
             -> thread.id: %!s(int64=1483753)
             -> cpu.logical_number: %!s(int64=14)
    Sample #329
        Values: []
        Attributes:
             -> thread.name: python3
             -> thread.id: %!s(int64=1483753)
             -> cpu.logical_number: %!s(int64=14)
    Sample #330
        Values: []
        Attributes:
             -> thread.name: python3
             -> thread.id: %!s(int64=1483753)
             -> cpu.logical_number: %!s(int64=14)
    Sample #331
        Values: []
        Attributes:
             -> thread.name: python3
             -> thread.id: %!s(int64=1483753)
             -> cpu.logical_number: %!s(int64=14)
    Sample #332
        Values: []
        Attributes:
             -> thread.name: python3
             -> thread.id: %!s(int64=1483753)
             -> cpu.logical_number: %!s(int64=14)
    Sample #333
        Values: []
        Attributes:
             -> thread.name: python3
             -> thread.id: %!s(int64=1483753)
             -> cpu.logical_number: %!s(int64=14)
    Sample #334
        Values: []
        Attributes:
             -> thread.name: python3
             -> thread.id: %!s(int64=1483753)
             -> cpu.logical_number: %!s(int64=14)
    Sample #335
        Values: []
        Attributes:
             -> thread.name: python3
             -> thread.id: %!s(int64=1483753)
             -> cpu.logical_number: %!s(int64=14)
    Sample #336
        Values: []
        Attributes:
             -> thread.name: python3
             -> thread.id: %!s(int64=1483753)
             -> cpu.logical_number: %!s(int64=14)
    Sample #337
        Values: []
        Attributes:
             -> thread.name: python3
             -> thread.id: %!s(int64=1483753)
             -> cpu.logical_number: %!s(int64=14)
    Sample #338
        Values: []
        Attributes:
             -> thread.name: python3
             -> thread.id: %!s(int64=1483753)
             -> cpu.logical_number: %!s(int64=14)
    Sample #339
        Values: []
        Attributes:
             -> thread.name: python3
             -> thread.id: %!s(int64=1483753)
             -> cpu.logical_number: %!s(int64=14)
    Sample #340
        Values: []
        Attributes:
             -> thread.name: python3
             -> thread.id: %!s(int64=1483753)
             -> cpu.logical_number: %!s(int64=14)
    Sample #341
        Values: []
        Attributes:
             -> thread.name: python3
             -> thread.id: %!s(int64=1483753)
             -> cpu.logical_number: %!s(int64=14)
    Sample #342
        Values: []
        Attributes:
             -> thread.name: python3
             -> thread.id: %!s(int64=1483753)
             -> cpu.logical_number: %!s(int64=14)
    Sample #343
        Values: []
        Attributes:
             -> thread.name: python3
             -> thread.id: %!s(int64=1483753)
             -> cpu.logical_number: %!s(int64=14)
    Sample #344
        Values: []
        Attributes:
             -> thread.name: python3
             -> thread.id: %!s(int64=1483753)
             -> cpu.logical_number: %!s(int64=14)
    Sample #345
        Values: []
        Attributes:
             -> thread.name: python3
             -> thread.id: %!s(int64=1483753)
             -> cpu.logical_number: %!s(int64=14)
    Sample #346
        Values: []
        Attributes:
             -> thread.name: python3
             -> thread.id: %!s(int64=1483753)
             -> cpu.logical_number: %!s(int64=14)
    Sample #347
        Values: []
        Attributes:
             -> thread.name: python3
             -> thread.id: %!s(int64=1483753)
             -> cpu.logical_number: %!s(int64=14)
    Sample #348
        Values: []
        Attributes:
             -> thread.name: python3
             -> thread.id: %!s(int64=1483753)
             -> cpu.logical_number: %!s(int64=14)
    Sample #349
        Values: []
        Attributes:
             -> thread.name: python3
             -> thread.id: %!s(int64=1483753)
             -> cpu.logical_number: %!s(int64=14)
    Sample #350
        Values: []
        Attributes:
             -> thread.name: python3
             -> thread.id: %!s(int64=1483753)
             -> cpu.logical_number: %!s(int64=14)
    Sample #351
        Values: []
        Attributes:
             -> thread.name: python3
             -> thread.id: %!s(int64=1483753)
             -> cpu.logical_number: %!s(int64=14)
    Sample #352
        Values: []
        Attributes:
             -> thread.name: python3
             -> thread.id: %!s(int64=1483753)
             -> cpu.logical_number: %!s(int64=14)
    Sample #353
        Values: []
        Attributes:
             -> thread.name: python3
             -> thread.id: %!s(int64=1483753)
             -> cpu.logical_number: %!s(int64=14)
    Sample #354
        Values: []
        Attributes:
             -> thread.name: python3
             -> thread.id: %!s(int64=1483753)
             -> cpu.logical_number: %!s(int64=14)
    Sample #355
        Values: []
        Attributes:
             -> thread.name: python3
             -> thread.id: %!s(int64=1483753)
             -> cpu.logical_number: %!s(int64=14)
    Sample #356
        Values: []
        Attributes:
             -> thread.name: python3
             -> thread.id: %!s(int64=1483753)
             -> cpu.logical_number: %!s(int64=14)
    Sample #357
        Values: []
        Attributes:
             -> thread.name: python3
             -> thread.id: %!s(int64=1483753)
             -> cpu.logical_number: %!s(int64=14)
    Sample #358
        Values: []
        Attributes:
             -> thread.name: python3
             -> thread.id: %!s(int64=1483753)
             -> cpu.logical_number: %!s(int64=14)
    Sample #359
        Values: []
        Attributes:
             -> thread.name: python3
             -> thread.id: %!s(int64=1483753)
             -> cpu.logical_number: %!s(int64=14)
    Sample #360
        Values: []
        Attributes:
             -> thread.name: python3
             -> thread.id: %!s(int64=1483753)
             -> cpu.logical_number: %!s(int64=14)
    Sample #361
        Values: []
        Attributes:
             -> thread.name: python3
             -> thread.id: %!s(int64=1483753)
             -> cpu.logical_number: %!s(int64=14)
    Sample #362
        Values: []
        Attributes:
             -> thread.name: python3
             -> thread.id: %!s(int64=1483753)
             -> cpu.logical_number: %!s(int64=14)
    Sample #363
        Values: []
        Attributes:
             -> thread.name: python3
             -> thread.id: %!s(int64=1483753)
             -> cpu.logical_number: %!s(int64=14)
    Sample #364
        Values: []
        Attributes:
             -> thread.name: python3
             -> thread.id: %!s(int64=1483753)
             -> cpu.logical_number: %!s(int64=14)
    Sample #365
        Values: []
        Attributes:
             -> thread.name: python3
             -> thread.id: %!s(int64=1483753)
             -> cpu.logical_number: %!s(int64=14)
    Sample #366
        Values: []
        Attributes:
             -> thread.name: python3
             -> thread.id: %!s(int64=1483753)
             -> cpu.logical_number: %!s(int64=14)
    Sample #367
        Values: []
        Attributes:
             -> thread.name: python3
             -> thread.id: %!s(int64=1483753)
             -> cpu.logical_number: %!s(int64=14)
    Sample #368
        Values: []
        Attributes:
             -> thread.name: python3
             -> thread.id: %!s(int64=1483753)
             -> cpu.logical_number: %!s(int64=14)
    Sample #369
        Values: []
        Attributes:
             -> thread.name: python3
             -> thread.id: %!s(int64=1483753)
             -> cpu.logical_number: %!s(int64=14)
    Sample #370
        Values: []
        Attributes:
             -> thread.name: python3
             -> thread.id: %!s(int64=1483753)
             -> cpu.logical_number: %!s(int64=14)
    Sample #371
        Values: []
        Attributes:
             -> thread.name: python3
             -> thread.id: %!s(int64=1483753)
             -> cpu.logical_number: %!s(int64=14)
    Sample #372
        Values: []
        Attributes:
             -> thread.name: python3
             -> thread.id: %!s(int64=1483753)
             -> cpu.logical_number: %!s(int64=14)
    Sample #373
        Values: []
        Attributes:
             -> thread.name: python3
             -> thread.id: %!s(int64=1483753)
             -> cpu.logical_number: %!s(int64=14)
    Sample #374
        Values: []
        Attributes:
             -> thread.name: python3
             -> thread.id: %!s(int64=1483753)
             -> cpu.logical_number: %!s(int64=14)
    Sample #375
        Values: []
        Attributes:
             -> thread.name: python3
             -> thread.id: %!s(int64=1483753)
             -> cpu.logical_number: %!s(int64=14)
    Sample #376
        Values: []
        Attributes:
             -> thread.name: python3
             -> thread.id: %!s(int64=1483753)
             -> cpu.logical_number: %!s(int64=14)
    Sample #377
        Values: []
        Attributes:
             -> thread.name: python3
             -> thread.id: %!s(int64=1483753)
             -> cpu.logical_number: %!s(int64=14)
    Sample #378
        Values: []
        Attributes:
             -> thread.name: python3
             -> thread.id: %!s(int64=1483753)
             -> cpu.logical_number: %!s(int64=14)
    Sample #379
        Values: []
        Attributes:
             -> thread.name: python3
             -> thread.id: %!s(int64=1483753)
             -> cpu.logical_number: %!s(int64=14)
    Sample #380
        Values: []
        Attributes:
             -> thread.name: python3
             -> thread.id: %!s(int64=1483753)
             -> cpu.logical_number: %!s(int64=14)
    Sample #381
        Values: []
        Attributes:
             -> thread.name: python3
             -> thread.id: %!s(int64=1483753)
             -> cpu.logical_number: %!s(int64=14)
    Sample #382
        Values: []
        Attributes:
             -> thread.name: python3
             -> thread.id: %!s(int64=1483753)
             -> cpu.logical_number: %!s(int64=14)
    Sample #383
        Values: []
        Attributes:
             -> thread.name: python3
             -> thread.id: %!s(int64=1483753)
             -> cpu.logical_number: %!s(int64=14)
    Sample #384
        Values: []
        Attributes:
             -> thread.name: python3
             -> thread.id: %!s(int64=1483753)
             -> cpu.logical_number: %!s(int64=14)
    Sample #385
        Values: []
        Attributes:
             -> thread.name: python3
             -> thread.id: %!s(int64=1483753)
             -> cpu.logical_number: %!s(int64=14)
    Sample #386
        Values: []
        Attributes:
             -> thread.name: python3
             -> thread.id: %!s(int64=1483753)
             -> cpu.logical_number: %!s(int64=14)
    Sample #387
        Values: []
        Attributes:
             -> thread.name: python3
             -> thread.id: %!s(int64=1483753)
             -> cpu.logical_number: %!s(int64=14)
    Sample #388
        Values: []
        Attributes:
             -> thread.name: python3
             -> thread.id: %!s(int64=1483753)
             -> cpu.logical_number: %!s(int64=14)
    Sample #389
        Values: []
        Attributes:
             -> thread.name: python3
             -> thread.id: %!s(int64=1483753)
             -> cpu.logical_number: %!s(int64=14)
    Sample #390
        Values: []
        Attributes:
             -> thread.name: python3
             -> thread.id: %!s(int64=1483753)
             -> cpu.logical_number: %!s(int64=14)
    Sample #391
        Values: []
        Attributes:
             -> thread.name: python3
             -> thread.id: %!s(int64=1483753)
             -> cpu.logical_number: %!s(int64=14)
    Sample #392
        Values: []
        Attributes:
             -> thread.name: python3
             -> thread.id: %!s(int64=1483753)
             -> cpu.logical_number: %!s(int64=14)
    Sample #393
        Values: []
        Attributes:
             -> thread.name: python3
             -> thread.id: %!s(int64=1483753)
             -> cpu.logical_number: %!s(int64=14)
    Sample #394
        Values: []
        Attributes:
             -> thread.name: python3
             -> thread.id: %!s(int64=1483753)
             -> cpu.logical_number: %!s(int64=14)
    Sample #395
        Values: []
        Attributes:
             -> thread.name: python3
             -> thread.id: %!s(int64=1483753)
             -> cpu.logical_number: %!s(int64=14)
    Sample #396
        Values: []
        Attributes:
             -> thread.name: python3
             -> thread.id: %!s(int64=1483753)
             -> cpu.logical_number: %!s(int64=14)
    Sample #397
        Values: []
        Attributes:
             -> thread.name: python3
             -> thread.id: %!s(int64=1483753)
             -> cpu.logical_number: %!s(int64=14)
    Sample #398
        Values: []
        Attributes:
             -> thread.name: python3
             -> thread.id: %!s(int64=1483753)
             -> cpu.logical_number: %!s(int64=14)
    Sample #399
        Values: []
        Attributes:
             -> thread.name: python3
             -> thread.id: %!s(int64=1483753)
             -> cpu.logical_number: %!s(int64=14)
    Sample #400
        Values: []
        Attributes:
             -> thread.name: python3
             -> thread.id: %!s(int64=1483753)
             -> cpu.logical_number: %!s(int64=14)
    Sample #401
        Values: []
        Attributes:
             -> thread.name: python3
             -> thread.id: %!s(int64=1483753)
             -> cpu.logical_number: %!s(int64=14)
    Sample #402
        Values: []
        Attributes:
             -> thread.name: python3
             -> thread.id: %!s(int64=1483753)
             -> cpu.logical_number: %!s(int64=14)
    Sample #403
        Values: []
        Attributes:
             -> thread.name: python3
             -> thread.id: %!s(int64=1483753)
             -> cpu.logical_number: %!s(int64=14)
    Sample #404
        Values: []
        Attributes:
             -> thread.name: python3
             -> thread.id: %!s(int64=1483753)
             -> cpu.logical_number: %!s(int64=14)
    Sample #405
        Values: []
        Attributes:
             -> thread.name: python3
             -> thread.id: %!s(int64=1483753)
             -> cpu.logical_number: %!s(int64=14)
    Sample #406
        Values: []
        Attributes:
             -> thread.name: python3
             -> thread.id: %!s(int64=1483753)
             -> cpu.logical_number: %!s(int64=14)
    Sample #407
        Values: []
        Attributes:
             -> thread.name: python3
             -> thread.id: %!s(int64=1483753)
             -> cpu.logical_number: %!s(int64=14)
    Sample #408
        Values: []
        Attributes:
             -> thread.name: python3
             -> thread.id: %!s(int64=1483753)
             -> cpu.logical_number: %!s(int64=14)
    Sample #409
        Values: []
        Attributes:
             -> thread.name: python3
             -> thread.id: %!s(int64=1483753)
             -> cpu.logical_number: %!s(int64=14)
    Sample #410
        Values: []
        Attributes:
             -> thread.name: python3
             -> thread.id: %!s(int64=1483753)
             -> cpu.logical_number: %!s(int64=14)
    Sample #411
        Values: []
        Attributes:
             -> thread.name: python3
             -> thread.id: %!s(int64=1483753)
             -> cpu.logical_number: %!s(int64=14)
    Sample #412
        Values: []
        Attributes:
             -> thread.name: python3
             -> thread.id: %!s(int64=1483753)
             -> cpu.logical_number: %!s(int64=14)
ResourceProfiles #18
Resource SchemaURL: https://opentelemetry.io/schemas/1.37.0
Resource attributes:
     -> process.pid: Int(1483773)
     -> process.executable.path: Str(/usr/bin/python3.12)
     -> process.executable.name: Str(python3.12)
ScopeProfiles #0
ScopeProfiles SchemaURL: https://opentelemetry.io/schemas/1.37.0
InstrumentationScope go.opentelemetry.io/ebpf-profiler v0.0.0
Profile #0
    Profile ID     : 
    Start time     : 2026-06-21 23:48:27.872579261 +0000 UTC
    DurationNano   : 6162007925
    Dropped attributes count: 0
    Sample #0
        Values: []
        Attributes:
             -> thread.name: python3
             -> thread.id: %!s(int64=1483773)
             -> cpu.logical_number: %!s(int64=14)
    Sample #1
        Values: []
        Attributes:
             -> thread.name: python3
             -> thread.id: %!s(int64=1483773)
             -> cpu.logical_number: %!s(int64=14)
    Sample #2
        Values: []
        Attributes:
             -> thread.name: python3
             -> thread.id: %!s(int64=1483773)
             -> cpu.logical_number: %!s(int64=14)
    Sample #3
        Values: []
        Attributes:
             -> thread.name: python3
             -> thread.id: %!s(int64=1483773)
             -> cpu.logical_number: %!s(int64=14)
    Sample #4
        Values: []
        Attributes:
             -> thread.name: python3
             -> thread.id: %!s(int64=1483773)
             -> cpu.logical_number: %!s(int64=14)
    Sample #5
        Values: []
        Attributes:
             -> thread.name: python3
             -> thread.id: %!s(int64=1483773)
             -> cpu.logical_number: %!s(int64=14)
    Sample #6
        Values: []
        Attributes:
             -> thread.name: python3
             -> thread.id: %!s(int64=1483773)
             -> cpu.logical_number: %!s(int64=14)
    Sample #7
        Values: []
        Attributes:
             -> thread.name: python3
             -> thread.id: %!s(int64=1483773)
             -> cpu.logical_number: %!s(int64=14)
    Sample #8
        Values: []
        Attributes:
             -> thread.name: python3
             -> thread.id: %!s(int64=1483773)
             -> cpu.logical_number: %!s(int64=14)
    Sample #9
        Values: []
        Attributes:
             -> thread.name: python3
             -> thread.id: %!s(int64=1483773)
             -> cpu.logical_number: %!s(int64=14)
    Sample #10
        Values: []
        Attributes:
             -> thread.name: python3
             -> thread.id: %!s(int64=1483773)
             -> cpu.logical_number: %!s(int64=14)
    Sample #11
        Values: []
        Attributes:
             -> thread.name: python3
             -> thread.id: %!s(int64=1483773)
             -> cpu.logical_number: %!s(int64=14)
    Sample #12
        Values: []
        Attributes:
             -> thread.name: python3
             -> thread.id: %!s(int64=1483773)
             -> cpu.logical_number: %!s(int64=14)
    Sample #13
        Values: []
        Attributes:
             -> thread.name: python3
             -> thread.id: %!s(int64=1483773)
             -> cpu.logical_number: %!s(int64=14)
    Sample #14
        Values: []
        Attributes:
             -> thread.name: python3
             -> thread.id: %!s(int64=1483773)
             -> cpu.logical_number: %!s(int64=14)
    Sample #15
        Values: []
        Attributes:
             -> thread.name: python3
             -> thread.id: %!s(int64=1483773)
             -> cpu.logical_number: %!s(int64=14)
    Sample #16
        Values: []
        Attributes:
             -> thread.name: python3
             -> thread.id: %!s(int64=1483773)
             -> cpu.logical_number: %!s(int64=14)
    Sample #17
        Values: []
        Attributes:
             -> thread.name: python3
             -> thread.id: %!s(int64=1483773)
             -> cpu.logical_number: %!s(int64=14)
    Sample #18
        Values: []
        Attributes:
             -> thread.name: python3
             -> thread.id: %!s(int64=1483773)
             -> cpu.logical_number: %!s(int64=14)
    Sample #19
        Values: []
        Attributes:
             -> thread.name: python3
             -> thread.id: %!s(int64=1483773)
             -> cpu.logical_number: %!s(int64=14)
    Sample #20
        Values: []
        Attributes:
             -> thread.name: python3
             -> thread.id: %!s(int64=1483773)
             -> cpu.logical_number: %!s(int64=14)
    Sample #21
        Values: []
        Attributes:
             -> thread.name: python3
             -> thread.id: %!s(int64=1483773)
             -> cpu.logical_number: %!s(int64=14)
    Sample #22
        Values: []
        Attributes:
             -> thread.name: python3
             -> thread.id: %!s(int64=1483773)
             -> cpu.logical_number: %!s(int64=14)
    Sample #23
        Values: []
        Attributes:
             -> thread.name: python3
             -> thread.id: %!s(int64=1483773)
             -> cpu.logical_number: %!s(int64=14)
    Sample #24
        Values: []
        Attributes:
             -> thread.name: python3
             -> thread.id: %!s(int64=1483773)
             -> cpu.logical_number: %!s(int64=14)
    Sample #25
        Values: []
        Attributes:
             -> thread.name: python3
             -> thread.id: %!s(int64=1483773)
             -> cpu.logical_number: %!s(int64=14)
    Sample #26
        Values: []
        Attributes:
             -> thread.name: python3
             -> thread.id: %!s(int64=1483773)
             -> cpu.logical_number: %!s(int64=14)
    Sample #27
        Values: []
        Attributes:
             -> thread.name: python3
             -> thread.id: %!s(int64=1483773)
             -> cpu.logical_number: %!s(int64=14)
    Sample #28
        Values: []
        Attributes:
             -> thread.name: python3
             -> thread.id: %!s(int64=1483773)
             -> cpu.logical_number: %!s(int64=14)
    Sample #29
        Values: []
        Attributes:
             -> thread.name: python3
             -> thread.id: %!s(int64=1483773)
             -> cpu.logical_number: %!s(int64=14)
    Sample #30
        Values: []
        Attributes:
             -> thread.name: python3
             -> thread.id: %!s(int64=1483773)
             -> cpu.logical_number: %!s(int64=14)
    Sample #31
        Values: []
        Attributes:
             -> thread.name: python3
             -> thread.id: %!s(int64=1483773)
             -> cpu.logical_number: %!s(int64=14)
    Sample #32
        Values: []
        Attributes:
             -> thread.name: python3
             -> thread.id: %!s(int64=1483773)
             -> cpu.logical_number: %!s(int64=14)
    Sample #33
        Values: []
        Attributes:
             -> thread.name: python3
             -> thread.id: %!s(int64=1483773)
             -> cpu.logical_number: %!s(int64=14)
    Sample #34
        Values: []
        Attributes:
             -> thread.name: python3
             -> thread.id: %!s(int64=1483773)
             -> cpu.logical_number: %!s(int64=14)
    Sample #35
        Values: []
        Attributes:
             -> thread.name: python3
             -> thread.id: %!s(int64=1483773)
             -> cpu.logical_number: %!s(int64=14)
    Sample #36
        Values: []
        Attributes:
             -> thread.name: python3
             -> thread.id: %!s(int64=1483773)
             -> cpu.logical_number: %!s(int64=14)
    Sample #37
        Values: []
        Attributes:
             -> thread.name: python3
             -> thread.id: %!s(int64=1483773)
             -> cpu.logical_number: %!s(int64=14)
    Sample #38
        Values: []
        Attributes:
             -> thread.name: python3
             -> thread.id: %!s(int64=1483773)
             -> cpu.logical_number: %!s(int64=14)
    Sample #39
        Values: []
        Attributes:
             -> thread.name: python3
             -> thread.id: %!s(int64=1483773)
             -> cpu.logical_number: %!s(int64=14)
    Sample #40
        Values: []
        Attributes:
             -> thread.name: python3
             -> thread.id: %!s(int64=1483773)
             -> cpu.logical_number: %!s(int64=14)
    Sample #41
        Values: []
        Attributes:
             -> thread.name: python3
             -> thread.id: %!s(int64=1483773)
             -> cpu.logical_number: %!s(int64=14)
    Sample #42
        Values: []
        Attributes:
             -> thread.name: python3
             -> thread.id: %!s(int64=1483773)
             -> cpu.logical_number: %!s(int64=14)
    Sample #43
        Values: []
        Attributes:
             -> thread.name: python3
             -> thread.id: %!s(int64=1483773)
             -> cpu.logical_number: %!s(int64=14)
    Sample #44
        Values: []
        Attributes:
             -> thread.name: python3
             -> thread.id: %!s(int64=1483773)
             -> cpu.logical_number: %!s(int64=14)
    Sample #45
        Values: []
        Attributes:
             -> thread.name: python3
             -> thread.id: %!s(int64=1483773)
             -> cpu.logical_number: %!s(int64=14)
    Sample #46
        Values: []
        Attributes:
             -> thread.name: python3
             -> thread.id: %!s(int64=1483773)
             -> cpu.logical_number: %!s(int64=14)
    Sample #47
        Values: []
        Attributes:
             -> thread.name: python3
             -> thread.id: %!s(int64=1483773)
             -> cpu.logical_number: %!s(int64=14)
    Sample #48
        Values: []
        Attributes:
             -> thread.name: python3
             -> thread.id: %!s(int64=1483773)
             -> cpu.logical_number: %!s(int64=14)
    Sample #49
        Values: []
        Attributes:
             -> thread.name: python3
             -> thread.id: %!s(int64=1483773)
             -> cpu.logical_number: %!s(int64=14)
    Sample #50
        Values: []
        Attributes:
             -> thread.name: python3
             -> thread.id: %!s(int64=1483773)
             -> cpu.logical_number: %!s(int64=14)
    Sample #51
        Values: []
        Attributes:
             -> thread.name: python3
             -> thread.id: %!s(int64=1483773)
             -> cpu.logical_number: %!s(int64=14)
    Sample #52
        Values: []
        Attributes:
             -> thread.name: python3
             -> thread.id: %!s(int64=1483773)
             -> cpu.logical_number: %!s(int64=14)
    Sample #53
        Values: []
        Attributes:
             -> thread.name: python3
             -> thread.id: %!s(int64=1483773)
             -> cpu.logical_number: %!s(int64=14)
    Sample #54
        Values: []
        Attributes:
             -> thread.name: python3
             -> thread.id: %!s(int64=1483773)
             -> cpu.logical_number: %!s(int64=14)
    Sample #55
        Values: []
        Attributes:
             -> thread.name: python3
             -> thread.id: %!s(int64=1483773)
             -> cpu.logical_number: %!s(int64=14)
    Sample #56
        Values: []
        Attributes:
             -> thread.name: python3
             -> thread.id: %!s(int64=1483773)
             -> cpu.logical_number: %!s(int64=14)
    Sample #57
        Values: []
        Attributes:
             -> thread.name: python3
             -> thread.id: %!s(int64=1483773)
             -> cpu.logical_number: %!s(int64=14)
    Sample #58
        Values: []
        Attributes:
             -> thread.name: python3
             -> thread.id: %!s(int64=1483773)
             -> cpu.logical_number: %!s(int64=14)
    Sample #59
        Values: []
        Attributes:
             -> thread.name: python3
             -> thread.id: %!s(int64=1483773)
             -> cpu.logical_number: %!s(int64=14)
    Sample #60
        Values: []
        Attributes:
             -> thread.name: python3
             -> thread.id: %!s(int64=1483773)
             -> cpu.logical_number: %!s(int64=14)
    Sample #61
        Values: []
        Attributes:
             -> thread.name: python3
             -> thread.id: %!s(int64=1483773)
             -> cpu.logical_number: %!s(int64=14)
    Sample #62
        Values: []
        Attributes:
             -> thread.name: python3
             -> thread.id: %!s(int64=1483773)
             -> cpu.logical_number: %!s(int64=14)
    Sample #63
        Values: []
        Attributes:
             -> thread.name: python3
             -> thread.id: %!s(int64=1483773)
             -> cpu.logical_number: %!s(int64=14)
    Sample #64
        Values: []
        Attributes:
             -> thread.name: python3
             -> thread.id: %!s(int64=1483773)
             -> cpu.logical_number: %!s(int64=14)
    Sample #65
        Values: []
        Attributes:
             -> thread.name: python3
             -> thread.id: %!s(int64=1483773)
             -> cpu.logical_number: %!s(int64=14)
    Sample #66
        Values: []
        Attributes:
             -> thread.name: python3
             -> thread.id: %!s(int64=1483773)
             -> cpu.logical_number: %!s(int64=14)
    Sample #67
        Values: []
        Attributes:
             -> thread.name: python3
             -> thread.id: %!s(int64=1483773)
             -> cpu.logical_number: %!s(int64=14)
    Sample #68
        Values: []
        Attributes:
             -> thread.name: python3
             -> thread.id: %!s(int64=1483773)
             -> cpu.logical_number: %!s(int64=14)
    Sample #69
        Values: []
        Attributes:
             -> thread.name: python3
             -> thread.id: %!s(int64=1483773)
             -> cpu.logical_number: %!s(int64=14)
    Sample #70
        Values: []
        Attributes:
             -> thread.name: python3
             -> thread.id: %!s(int64=1483773)
             -> cpu.logical_number: %!s(int64=14)
    Sample #71
        Values: []
        Attributes:
             -> thread.name: python3
             -> thread.id: %!s(int64=1483773)
             -> cpu.logical_number: %!s(int64=14)
    Sample #72
        Values: []
        Attributes:
             -> thread.name: python3
             -> thread.id: %!s(int64=1483773)
             -> cpu.logical_number: %!s(int64=14)
    Sample #73
        Values: []
        Attributes:
             -> thread.name: python3
             -> thread.id: %!s(int64=1483773)
             -> cpu.logical_number: %!s(int64=14)
    Sample #74
        Values: []
        Attributes:
             -> thread.name: python3
             -> thread.id: %!s(int64=1483773)
             -> cpu.logical_number: %!s(int64=14)
    Sample #75
        Values: []
        Attributes:
             -> thread.name: python3
             -> thread.id: %!s(int64=1483773)
             -> cpu.logical_number: %!s(int64=14)
    Sample #76
        Values: []
        Attributes:
             -> thread.name: python3
             -> thread.id: %!s(int64=1483773)
             -> cpu.logical_number: %!s(int64=14)
    Sample #77
        Values: []
        Attributes:
             -> thread.name: python3
             -> thread.id: %!s(int64=1483773)
             -> cpu.logical_number: %!s(int64=14)
    Sample #78
        Values: []
        Attributes:
             -> thread.name: python3
             -> thread.id: %!s(int64=1483773)
             -> cpu.logical_number: %!s(int64=14)
    Sample #79
        Values: []
        Attributes:
             -> thread.name: python3
             -> thread.id: %!s(int64=1483773)
             -> cpu.logical_number: %!s(int64=14)
    Sample #80
        Values: []
        Attributes:
             -> thread.name: python3
             -> thread.id: %!s(int64=1483773)
             -> cpu.logical_number: %!s(int64=14)
    Sample #81
        Values: []
        Attributes:
             -> thread.name: python3
             -> thread.id: %!s(int64=1483773)
             -> cpu.logical_number: %!s(int64=14)
    Sample #82
        Values: []
        Attributes:
             -> thread.name: python3
             -> thread.id: %!s(int64=1483773)
             -> cpu.logical_number: %!s(int64=14)
    Sample #83
        Values: []
        Attributes:
             -> thread.name: python3
             -> thread.id: %!s(int64=1483773)
             -> cpu.logical_number: %!s(int64=14)
    Sample #84
        Values: []
        Attributes:
             -> thread.name: python3
             -> thread.id: %!s(int64=1483773)
             -> cpu.logical_number: %!s(int64=14)
    Sample #85
        Values: []
        Attributes:
             -> thread.name: python3
             -> thread.id: %!s(int64=1483773)
             -> cpu.logical_number: %!s(int64=14)
    Sample #86
        Values: []
        Attributes:
             -> thread.name: python3
             -> thread.id: %!s(int64=1483773)
             -> cpu.logical_number: %!s(int64=14)
    Sample #87
        Values: []
        Attributes:
             -> thread.name: python3
             -> thread.id: %!s(int64=1483773)
             -> cpu.logical_number: %!s(int64=14)
    Sample #88
        Values: []
        Attributes:
             -> thread.name: python3
             -> thread.id: %!s(int64=1483773)
             -> cpu.logical_number: %!s(int64=14)
    Sample #89
        Values: []
        Attributes:
             -> thread.name: python3
             -> thread.id: %!s(int64=1483773)
             -> cpu.logical_number: %!s(int64=14)
    Sample #90
        Values: []
        Attributes:
             -> thread.name: python3
             -> thread.id: %!s(int64=1483773)
             -> cpu.logical_number: %!s(int64=14)
    Sample #91
        Values: []
        Attributes:
             -> thread.name: python3
             -> thread.id: %!s(int64=1483773)
             -> cpu.logical_number: %!s(int64=14)
    Sample #92
        Values: []
        Attributes:
             -> thread.name: python3
             -> thread.id: %!s(int64=1483773)
             -> cpu.logical_number: %!s(int64=14)
    Sample #93
        Values: []
        Attributes:
             -> thread.name: python3
             -> thread.id: %!s(int64=1483773)
             -> cpu.logical_number: %!s(int64=14)
    Sample #94
        Values: []
        Attributes:
             -> thread.name: python3
             -> thread.id: %!s(int64=1483773)
             -> cpu.logical_number: %!s(int64=14)
    Sample #95
        Values: []
        Attributes:
             -> thread.name: python3
             -> thread.id: %!s(int64=1483773)
             -> cpu.logical_number: %!s(int64=14)
    Sample #96
        Values: []
        Attributes:
             -> thread.name: python3
             -> thread.id: %!s(int64=1483773)
             -> cpu.logical_number: %!s(int64=14)
    Sample #97
        Values: []
        Attributes:
             -> thread.name: python3
             -> thread.id: %!s(int64=1483773)
             -> cpu.logical_number: %!s(int64=14)
    Sample #98
        Values: []
        Attributes:
             -> thread.name: python3
             -> thread.id: %!s(int64=1483773)
             -> cpu.logical_number: %!s(int64=14)
    Sample #99
        Values: []
        Attributes:
             -> thread.name: python3
             -> thread.id: %!s(int64=1483773)
             -> cpu.logical_number: %!s(int64=14)
    Sample #100
        Values: []
        Attributes:
             -> thread.name: python3
             -> thread.id: %!s(int64=1483773)
             -> cpu.logical_number: %!s(int64=14)
    Sample #101
        Values: []
        Attributes:
             -> thread.name: python3
             -> thread.id: %!s(int64=1483773)
             -> cpu.logical_number: %!s(int64=14)
    Sample #102
        Values: []
        Attributes:
             -> thread.name: python3
             -> thread.id: %!s(int64=1483773)
             -> cpu.logical_number: %!s(int64=14)
    Sample #103
        Values: []
        Attributes:
             -> thread.name: python3
             -> thread.id: %!s(int64=1483773)
             -> cpu.logical_number: %!s(int64=14)
    Sample #104
        Values: []
        Attributes:
             -> thread.name: python3
             -> thread.id: %!s(int64=1483773)
             -> cpu.logical_number: %!s(int64=14)
    Sample #105
        Values: []
        Attributes:
             -> thread.name: python3
             -> thread.id: %!s(int64=1483773)
             -> cpu.logical_number: %!s(int64=14)
    Sample #106
        Values: []
        Attributes:
             -> thread.name: python3
             -> thread.id: %!s(int64=1483773)
             -> cpu.logical_number: %!s(int64=14)
    Sample #107
        Values: []
        Attributes:
             -> thread.name: python3
             -> thread.id: %!s(int64=1483773)
             -> cpu.logical_number: %!s(int64=14)
    Sample #108
        Values: []
        Attributes:
             -> thread.name: python3
             -> thread.id: %!s(int64=1483773)
             -> cpu.logical_number: %!s(int64=14)
    Sample #109
        Values: []
        Attributes:
             -> thread.name: python3
             -> thread.id: %!s(int64=1483773)
             -> cpu.logical_number: %!s(int64=14)
    Sample #110
        Values: []
        Attributes:
             -> thread.name: python3
             -> thread.id: %!s(int64=1483773)
             -> cpu.logical_number: %!s(int64=14)
    Sample #111
        Values: []
        Attributes:
             -> thread.name: python3
             -> thread.id: %!s(int64=1483773)
             -> cpu.logical_number: %!s(int64=14)
    Sample #112
        Values: []
        Attributes:
             -> thread.name: python3
             -> thread.id: %!s(int64=1483773)
             -> cpu.logical_number: %!s(int64=14)
    Sample #113
        Values: []
        Attributes:
             -> thread.name: python3
             -> thread.id: %!s(int64=1483773)
             -> cpu.logical_number: %!s(int64=14)
    Sample #114
        Values: []
        Attributes:
             -> thread.name: python3
             -> thread.id: %!s(int64=1483773)
             -> cpu.logical_number: %!s(int64=14)
    Sample #115
        Values: []
        Attributes:
             -> thread.name: python3
             -> thread.id: %!s(int64=1483773)
             -> cpu.logical_number: %!s(int64=14)
    Sample #116
        Values: []
        Attributes:
             -> thread.name: python3
             -> thread.id: %!s(int64=1483773)
             -> cpu.logical_number: %!s(int64=14)
    Sample #117
        Values: []
        Attributes:
             -> thread.name: python3
             -> thread.id: %!s(int64=1483773)
             -> cpu.logical_number: %!s(int64=14)
    Sample #118
        Values: []
        Attributes:
             -> thread.name: python3
             -> thread.id: %!s(int64=1483773)
             -> cpu.logical_number: %!s(int64=14)
    Sample #119
        Values: []
        Attributes:
             -> thread.name: python3
             -> thread.id: %!s(int64=1483773)
             -> cpu.logical_number: %!s(int64=14)
    Sample #120
        Values: []
        Attributes:
             -> thread.name: python3
             -> thread.id: %!s(int64=1483773)
             -> cpu.logical_number: %!s(int64=14)
    Sample #121
        Values: []
        Attributes:
             -> thread.name: python3
             -> thread.id: %!s(int64=1483773)
             -> cpu.logical_number: %!s(int64=14)
    Sample #122
        Values: []
        Attributes:
             -> thread.name: python3
             -> thread.id: %!s(int64=1483773)
             -> cpu.logical_number: %!s(int64=14)
    Sample #123
        Values: []
        Attributes:
             -> thread.name: python3
             -> thread.id: %!s(int64=1483773)
             -> cpu.logical_number: %!s(int64=14)
    Sample #124
        Values: []
        Attributes:
             -> thread.name: python3
             -> thread.id: %!s(int64=1483773)
             -> cpu.logical_number: %!s(int64=14)
    Sample #125
        Values: []
        Attributes:
             -> thread.name: python3
             -> thread.id: %!s(int64=1483773)
             -> cpu.logical_number: %!s(int64=14)
    Sample #126
        Values: []
        Attributes:
             -> thread.name: python3
             -> thread.id: %!s(int64=1483773)
             -> cpu.logical_number: %!s(int64=14)
    Sample #127
        Values: []
        Attributes:
             -> thread.name: python3
             -> thread.id: %!s(int64=1483773)
             -> cpu.logical_number: %!s(int64=14)
    Sample #128
        Values: []
        Attributes:
             -> thread.name: python3
             -> thread.id: %!s(int64=1483773)
             -> cpu.logical_number: %!s(int64=14)
    Sample #129
        Values: []
        Attributes:
             -> thread.name: python3
             -> thread.id: %!s(int64=1483773)
             -> cpu.logical_number: %!s(int64=14)
    Sample #130
        Values: []
        Attributes:
             -> thread.name: python3
             -> thread.id: %!s(int64=1483773)
             -> cpu.logical_number: %!s(int64=14)
    Sample #131
        Values: []
        Attributes:
             -> thread.name: python3
             -> thread.id: %!s(int64=1483773)
             -> cpu.logical_number: %!s(int64=14)
    Sample #132
        Values: []
        Attributes:
             -> thread.name: python3
             -> thread.id: %!s(int64=1483773)
             -> cpu.logical_number: %!s(int64=14)
    Sample #133
        Values: []
        Attributes:
             -> thread.name: python3
             -> thread.id: %!s(int64=1483773)
             -> cpu.logical_number: %!s(int64=14)
    Sample #134
        Values: []
        Attributes:
             -> thread.name: python3
             -> thread.id: %!s(int64=1483773)
             -> cpu.logical_number: %!s(int64=14)
    Sample #135
        Values: []
        Attributes:
             -> thread.name: python3
             -> thread.id: %!s(int64=1483773)
             -> cpu.logical_number: %!s(int64=14)
    Sample #136
        Values: []
        Attributes:
             -> thread.name: python3
             -> thread.id: %!s(int64=1483773)
             -> cpu.logical_number: %!s(int64=14)
    Sample #137
        Values: []
        Attributes:
             -> thread.name: python3
             -> thread.id: %!s(int64=1483773)
             -> cpu.logical_number: %!s(int64=14)
    Sample #138
        Values: []
        Attributes:
             -> thread.name: python3
             -> thread.id: %!s(int64=1483773)
             -> cpu.logical_number: %!s(int64=14)
    Sample #139
        Values: []
        Attributes:
             -> thread.name: python3
             -> thread.id: %!s(int64=1483773)
             -> cpu.logical_number: %!s(int64=14)
    Sample #140
        Values: []
        Attributes:
             -> thread.name: python3
             -> thread.id: %!s(int64=1483773)
             -> cpu.logical_number: %!s(int64=14)
    Sample #141
        Values: []
        Attributes:
             -> thread.name: python3
             -> thread.id: %!s(int64=1483773)
             -> cpu.logical_number: %!s(int64=14)
    Sample #142
        Values: []
        Attributes:
             -> thread.name: python3
             -> thread.id: %!s(int64=1483773)
             -> cpu.logical_number: %!s(int64=14)
    Sample #143
        Values: []
        Attributes:
             -> thread.name: python3
             -> thread.id: %!s(int64=1483773)
             -> cpu.logical_number: %!s(int64=14)
    Sample #144
        Values: []
        Attributes:
             -> thread.name: python3
             -> thread.id: %!s(int64=1483773)
             -> cpu.logical_number: %!s(int64=14)
    Sample #145
        Values: []
        Attributes:
             -> thread.name: python3
             -> thread.id: %!s(int64=1483773)
             -> cpu.logical_number: %!s(int64=14)
    Sample #146
        Values: []
        Attributes:
             -> thread.name: python3
             -> thread.id: %!s(int64=1483773)
             -> cpu.logical_number: %!s(int64=14)
    Sample #147
        Values: []
        Attributes:
             -> thread.name: python3
             -> thread.id: %!s(int64=1483773)
             -> cpu.logical_number: %!s(int64=14)
    Sample #148
        Values: []
        Attributes:
             -> thread.name: python3
             -> thread.id: %!s(int64=1483773)
             -> cpu.logical_number: %!s(int64=14)
    Sample #149
        Values: []
        Attributes:
             -> thread.name: python3
             -> thread.id: %!s(int64=1483773)
             -> cpu.logical_number: %!s(int64=14)
    Sample #150
        Values: []
        Attributes:
             -> thread.name: python3
             -> thread.id: %!s(int64=1483773)
             -> cpu.logical_number: %!s(int64=14)
    Sample #151
        Values: []
        Attributes:
             -> thread.name: python3
             -> thread.id: %!s(int64=1483773)
             -> cpu.logical_number: %!s(int64=14)
    Sample #152
        Values: []
        Attributes:
             -> thread.name: python3
             -> thread.id: %!s(int64=1483773)
             -> cpu.logical_number: %!s(int64=14)
    Sample #153
        Values: []
        Attributes:
             -> thread.name: python3
             -> thread.id: %!s(int64=1483773)
             -> cpu.logical_number: %!s(int64=14)
    Sample #154
        Values: []
        Attributes:
             -> thread.name: python3
             -> thread.id: %!s(int64=1483773)
             -> cpu.logical_number: %!s(int64=14)
    Sample #155
        Values: []
        Attributes:
             -> thread.name: python3
             -> thread.id: %!s(int64=1483773)
             -> cpu.logical_number: %!s(int64=14)
    Sample #156
        Values: []
        Attributes:
             -> thread.name: python3
             -> thread.id: %!s(int64=1483773)
             -> cpu.logical_number: %!s(int64=14)
    Sample #157
        Values: []
        Attributes:
             -> thread.name: python3
             -> thread.id: %!s(int64=1483773)
             -> cpu.logical_number: %!s(int64=14)
    Sample #158
        Values: []
        Attributes:
             -> thread.name: python3
             -> thread.id: %!s(int64=1483773)
             -> cpu.logical_number: %!s(int64=14)
    Sample #159
        Values: []
        Attributes:
             -> thread.name: python3
             -> thread.id: %!s(int64=1483773)
             -> cpu.logical_number: %!s(int64=14)
    Sample #160
        Values: []
        Attributes:
             -> thread.name: python3
             -> thread.id: %!s(int64=1483773)
             -> cpu.logical_number: %!s(int64=14)
    Sample #161
        Values: []
        Attributes:
             -> thread.name: python3
             -> thread.id: %!s(int64=1483773)
             -> cpu.logical_number: %!s(int64=14)
    Sample #162
        Values: []
        Attributes:
             -> thread.name: python3
             -> thread.id: %!s(int64=1483773)
             -> cpu.logical_number: %!s(int64=14)
    Sample #163
        Values: []
        Attributes:
             -> thread.name: python3
             -> thread.id: %!s(int64=1483773)
             -> cpu.logical_number: %!s(int64=14)
    Sample #164
        Values: []
        Attributes:
             -> thread.name: python3
             -> thread.id: %!s(int64=1483773)
             -> cpu.logical_number: %!s(int64=14)
    Sample #165
        Values: []
        Attributes:
             -> thread.name: python3
             -> thread.id: %!s(int64=1483773)
             -> cpu.logical_number: %!s(int64=14)
    Sample #166
        Values: []
        Attributes:
             -> thread.name: python3
             -> thread.id: %!s(int64=1483773)
             -> cpu.logical_number: %!s(int64=14)
    Sample #167
        Values: []
        Attributes:
             -> thread.name: python3
             -> thread.id: %!s(int64=1483773)
             -> cpu.logical_number: %!s(int64=14)
    Sample #168
        Values: []
        Attributes:
             -> thread.name: python3
             -> thread.id: %!s(int64=1483773)
             -> cpu.logical_number: %!s(int64=14)
    Sample #169
        Values: []
        Attributes:
             -> thread.name: python3
             -> thread.id: %!s(int64=1483773)
             -> cpu.logical_number: %!s(int64=14)
    Sample #170
        Values: []
        Attributes:
             -> thread.name: python3
             -> thread.id: %!s(int64=1483773)
             -> cpu.logical_number: %!s(int64=14)
    Sample #171
        Values: []
        Attributes:
             -> thread.name: python3
             -> thread.id: %!s(int64=1483773)
             -> cpu.logical_number: %!s(int64=14)
    Sample #172
        Values: []
        Attributes:
             -> thread.name: python3
             -> thread.id: %!s(int64=1483773)
             -> cpu.logical_number: %!s(int64=14)
    Sample #173
        Values: []
        Attributes:
             -> thread.name: python3
             -> thread.id: %!s(int64=1483773)
             -> cpu.logical_number: %!s(int64=14)
    Sample #174
        Values: []
        Attributes:
             -> thread.name: python3
             -> thread.id: %!s(int64=1483773)
             -> cpu.logical_number: %!s(int64=14)
    Sample #175
        Values: []
        Attributes:
             -> thread.name: python3
             -> thread.id: %!s(int64=1483773)
             -> cpu.logical_number: %!s(int64=14)
    Sample #176
        Values: []
        Attributes:
             -> thread.name: python3
             -> thread.id: %!s(int64=1483773)
             -> cpu.logical_number: %!s(int64=14)
    Sample #177
        Values: []
        Attributes:
             -> thread.name: python3
             -> thread.id: %!s(int64=1483773)
             -> cpu.logical_number: %!s(int64=14)
    Sample #178
        Values: []
        Attributes:
             -> thread.name: python3
             -> thread.id: %!s(int64=1483773)
             -> cpu.logical_number: %!s(int64=14)
    Sample #179
        Values: []
        Attributes:
             -> thread.name: python3
             -> thread.id: %!s(int64=1483773)
             -> cpu.logical_number: %!s(int64=14)
    Sample #180
        Values: []
        Attributes:
             -> thread.name: python3
             -> thread.id: %!s(int64=1483773)
             -> cpu.logical_number: %!s(int64=14)
    Sample #181
        Values: []
        Attributes:
             -> thread.name: python3
             -> thread.id: %!s(int64=1483773)
             -> cpu.logical_number: %!s(int64=14)
    Sample #182
        Values: []
        Attributes:
             -> thread.name: python3
             -> thread.id: %!s(int64=1483773)
             -> cpu.logical_number: %!s(int64=14)
    Sample #183
        Values: []
        Attributes:
             -> thread.name: python3
             -> thread.id: %!s(int64=1483773)
             -> cpu.logical_number: %!s(int64=14)
    Sample #184
        Values: []
        Attributes:
             -> thread.name: python3
             -> thread.id: %!s(int64=1483773)
             -> cpu.logical_number: %!s(int64=14)
    Sample #185
        Values: []
        Attributes:
             -> thread.name: python3
             -> thread.id: %!s(int64=1483773)
             -> cpu.logical_number: %!s(int64=14)
    Sample #186
        Values: []
        Attributes:
             -> thread.name: python3
             -> thread.id: %!s(int64=1483773)
             -> cpu.logical_number: %!s(int64=14)
    Sample #187
        Values: []
        Attributes:
             -> thread.name: python3
             -> thread.id: %!s(int64=1483773)
             -> cpu.logical_number: %!s(int64=14)
    Sample #188
        Values: []
        Attributes:
             -> thread.name: python3
             -> thread.id: %!s(int64=1483773)
             -> cpu.logical_number: %!s(int64=14)
    Sample #189
        Values: []
        Attributes:
             -> thread.name: python3
             -> thread.id: %!s(int64=1483773)
             -> cpu.logical_number: %!s(int64=14)
    Sample #190
        Values: []
        Attributes:
             -> thread.name: python3
             -> thread.id: %!s(int64=1483773)
             -> cpu.logical_number: %!s(int64=14)
    Sample #191
        Values: []
        Attributes:
             -> thread.name: python3
             -> thread.id: %!s(int64=1483773)
             -> cpu.logical_number: %!s(int64=14)
    Sample #192
        Values: []
        Attributes:
             -> thread.name: python3
             -> thread.id: %!s(int64=1483773)
             -> cpu.logical_number: %!s(int64=14)
    Sample #193
        Values: []
        Attributes:
             -> thread.name: python3
             -> thread.id: %!s(int64=1483773)
             -> cpu.logical_number: %!s(int64=14)
    Sample #194
        Values: []
        Attributes:
             -> thread.name: python3
             -> thread.id: %!s(int64=1483773)
             -> cpu.logical_number: %!s(int64=14)
    Sample #195
        Values: []
        Attributes:
             -> thread.name: python3
             -> thread.id: %!s(int64=1483773)
             -> cpu.logical_number: %!s(int64=14)
    Sample #196
        Values: []
        Attributes:
             -> thread.name: python3
             -> thread.id: %!s(int64=1483773)
             -> cpu.logical_number: %!s(int64=14)
    Sample #197
        Values: []
        Attributes:
             -> thread.name: python3
             -> thread.id: %!s(int64=1483773)
             -> cpu.logical_number: %!s(int64=14)
    Sample #198
        Values: []
        Attributes:
             -> thread.name: python3
             -> thread.id: %!s(int64=1483773)
             -> cpu.logical_number: %!s(int64=14)
    Sample #199
        Values: []
        Attributes:
             -> thread.name: python3
             -> thread.id: %!s(int64=1483773)
             -> cpu.logical_number: %!s(int64=14)
    Sample #200
        Values: []
        Attributes:
             -> thread.name: python3
             -> thread.id: %!s(int64=1483773)
             -> cpu.logical_number: %!s(int64=14)
    Sample #201
        Values: []
        Attributes:
             -> thread.name: python3
             -> thread.id: %!s(int64=1483773)
             -> cpu.logical_number: %!s(int64=14)
    Sample #202
        Values: []
        Attributes:
             -> thread.name: python3
             -> thread.id: %!s(int64=1483773)
             -> cpu.logical_number: %!s(int64=14)
    Sample #203
        Values: []
        Attributes:
             -> thread.name: python3
             -> thread.id: %!s(int64=1483773)
             -> cpu.logical_number: %!s(int64=14)
    Sample #204
        Values: []
        Attributes:
             -> thread.name: python3
             -> thread.id: %!s(int64=1483773)
             -> cpu.logical_number: %!s(int64=14)
    Sample #205
        Values: []
        Attributes:
             -> thread.name: python3
             -> thread.id: %!s(int64=1483773)
             -> cpu.logical_number: %!s(int64=14)
    Sample #206
        Values: []
        Attributes:
             -> thread.name: python3
             -> thread.id: %!s(int64=1483773)
             -> cpu.logical_number: %!s(int64=14)
    Sample #207
        Values: []
        Attributes:
             -> thread.name: python3
             -> thread.id: %!s(int64=1483773)
             -> cpu.logical_number: %!s(int64=14)
    Sample #208
        Values: []
        Attributes:
             -> thread.name: python3
             -> thread.id: %!s(int64=1483773)
             -> cpu.logical_number: %!s(int64=14)
    Sample #209
        Values: []
        Attributes:
             -> thread.name: python3
             -> thread.id: %!s(int64=1483773)
             -> cpu.logical_number: %!s(int64=14)
    Sample #210
        Values: []
        Attributes:
             -> thread.name: python3
             -> thread.id: %!s(int64=1483773)
             -> cpu.logical_number: %!s(int64=14)
    Sample #211
        Values: []
        Attributes:
             -> thread.name: python3
             -> thread.id: %!s(int64=1483773)
             -> cpu.logical_number: %!s(int64=14)
    Sample #212
        Values: []
        Attributes:
             -> thread.name: python3
             -> thread.id: %!s(int64=1483773)
             -> cpu.logical_number: %!s(int64=14)
    Sample #213
        Values: []
        Attributes:
             -> thread.name: python3
             -> thread.id: %!s(int64=1483773)
             -> cpu.logical_number: %!s(int64=14)
    Sample #214
        Values: []
        Attributes:
             -> thread.name: python3
             -> thread.id: %!s(int64=1483773)
             -> cpu.logical_number: %!s(int64=14)
    Sample #215
        Values: []
        Attributes:
             -> thread.name: python3
             -> thread.id: %!s(int64=1483773)
             -> cpu.logical_number: %!s(int64=14)
    Sample #216
        Values: []
        Attributes:
             -> thread.name: python3
             -> thread.id: %!s(int64=1483773)
             -> cpu.logical_number: %!s(int64=14)
    Sample #217
        Values: []
        Attributes:
             -> thread.name: python3
             -> thread.id: %!s(int64=1483773)
             -> cpu.logical_number: %!s(int64=14)
    Sample #218
        Values: []
        Attributes:
             -> thread.name: python3
             -> thread.id: %!s(int64=1483773)
             -> cpu.logical_number: %!s(int64=14)
    Sample #219
        Values: []
        Attributes:
             -> thread.name: python3
             -> thread.id: %!s(int64=1483773)
             -> cpu.logical_number: %!s(int64=14)
    Sample #220
        Values: []
        Attributes:
             -> thread.name: python3
             -> thread.id: %!s(int64=1483773)
             -> cpu.logical_number: %!s(int64=14)
    Sample #221
        Values: []
        Attributes:
             -> thread.name: python3
             -> thread.id: %!s(int64=1483773)
             -> cpu.logical_number: %!s(int64=14)
    Sample #222
        Values: []
        Attributes:
             -> thread.name: python3
             -> thread.id: %!s(int64=1483773)
             -> cpu.logical_number: %!s(int64=14)
    Sample #223
        Values: []
        Attributes:
             -> thread.name: python3
             -> thread.id: %!s(int64=1483773)
             -> cpu.logical_number: %!s(int64=14)
    Sample #224
        Values: []
        Attributes:
             -> thread.name: python3
             -> thread.id: %!s(int64=1483773)
             -> cpu.logical_number: %!s(int64=14)
    Sample #225
        Values: []
        Attributes:
             -> thread.name: python3
             -> thread.id: %!s(int64=1483773)
             -> cpu.logical_number: %!s(int64=14)
    Sample #226
        Values: []
        Attributes:
             -> thread.name: python3
             -> thread.id: %!s(int64=1483773)
             -> cpu.logical_number: %!s(int64=14)
    Sample #227
        Values: []
        Attributes:
             -> thread.name: python3
             -> thread.id: %!s(int64=1483773)
             -> cpu.logical_number: %!s(int64=14)
    Sample #228
        Values: []
        Attributes:
             -> thread.name: python3
             -> thread.id: %!s(int64=1483773)
             -> cpu.logical_number: %!s(int64=14)
    Sample #229
        Values: []
        Attributes:
             -> thread.name: python3
             -> thread.id: %!s(int64=1483773)
             -> cpu.logical_number: %!s(int64=14)
    Sample #230
        Values: []
        Attributes:
             -> thread.name: python3
             -> thread.id: %!s(int64=1483773)
             -> cpu.logical_number: %!s(int64=14)
    Sample #231
        Values: []
        Attributes:
             -> thread.name: python3
             -> thread.id: %!s(int64=1483773)
             -> cpu.logical_number: %!s(int64=14)
    Sample #232
        Values: []
        Attributes:
             -> thread.name: python3
             -> thread.id: %!s(int64=1483773)
             -> cpu.logical_number: %!s(int64=14)
    Sample #233
        Values: []
        Attributes:
             -> thread.name: python3
             -> thread.id: %!s(int64=1483773)
             -> cpu.logical_number: %!s(int64=14)
    Sample #234
        Values: []
        Attributes:
             -> thread.name: python3
             -> thread.id: %!s(int64=1483773)
             -> cpu.logical_number: %!s(int64=14)
    Sample #235
        Values: []
        Attributes:
             -> thread.name: python3
             -> thread.id: %!s(int64=1483773)
             -> cpu.logical_number: %!s(int64=14)
    Sample #236
        Values: []
        Attributes:
             -> thread.name: python3
             -> thread.id: %!s(int64=1483773)
             -> cpu.logical_number: %!s(int64=14)
    Sample #237
        Values: []
        Attributes:
             -> thread.name: python3
             -> thread.id: %!s(int64=1483773)
             -> cpu.logical_number: %!s(int64=14)
    Sample #238
        Values: []
        Attributes:
             -> thread.name: python3
             -> thread.id: %!s(int64=1483773)
             -> cpu.logical_number: %!s(int64=14)
    Sample #239
        Values: []
        Attributes:
             -> thread.name: python3
             -> thread.id: %!s(int64=1483773)
             -> cpu.logical_number: %!s(int64=14)
    Sample #240
        Values: []
        Attributes:
             -> thread.name: python3
             -> thread.id: %!s(int64=1483773)
             -> cpu.logical_number: %!s(int64=14)
    Sample #241
        Values: []
        Attributes:
             -> thread.name: python3
             -> thread.id: %!s(int64=1483773)
             -> cpu.logical_number: %!s(int64=14)
    Sample #242
        Values: []
        Attributes:
             -> thread.name: python3
             -> thread.id: %!s(int64=1483773)
             -> cpu.logical_number: %!s(int64=14)
    Sample #243
        Values: []
        Attributes:
             -> thread.name: python3
             -> thread.id: %!s(int64=1483773)
             -> cpu.logical_number: %!s(int64=14)
    Sample #244
        Values: []
        Attributes:
             -> thread.name: python3
             -> thread.id: %!s(int64=1483773)
             -> cpu.logical_number: %!s(int64=14)
    Sample #245
        Values: []
        Attributes:
             -> thread.name: python3
             -> thread.id: %!s(int64=1483773)
             -> cpu.logical_number: %!s(int64=14)
    Sample #246
        Values: []
        Attributes:
             -> thread.name: python3
             -> thread.id: %!s(int64=1483773)
             -> cpu.logical_number: %!s(int64=14)
    Sample #247
        Values: []
        Attributes:
             -> thread.name: python3
             -> thread.id: %!s(int64=1483773)
             -> cpu.logical_number: %!s(int64=14)
    Sample #248
        Values: []
        Attributes:
             -> thread.name: python3
             -> thread.id: %!s(int64=1483773)
             -> cpu.logical_number: %!s(int64=14)
    Sample #249
        Values: []
        Attributes:
             -> thread.name: python3
             -> thread.id: %!s(int64=1483773)
             -> cpu.logical_number: %!s(int64=14)
    Sample #250
        Values: []
        Attributes:
             -> thread.name: python3
             -> thread.id: %!s(int64=1483773)
             -> cpu.logical_number: %!s(int64=14)
    Sample #251
        Values: []
        Attributes:
             -> thread.name: python3
             -> thread.id: %!s(int64=1483773)
             -> cpu.logical_number: %!s(int64=14)
    Sample #252
        Values: []
        Attributes:
             -> thread.name: python3
             -> thread.id: %!s(int64=1483773)
             -> cpu.logical_number: %!s(int64=14)
    Sample #253
        Values: []
        Attributes:
             -> thread.name: python3
             -> thread.id: %!s(int64=1483773)
             -> cpu.logical_number: %!s(int64=14)
    Sample #254
        Values: []
        Attributes:
             -> thread.name: python3
             -> thread.id: %!s(int64=1483773)
             -> cpu.logical_number: %!s(int64=14)
    Sample #255
        Values: []
        Attributes:
             -> thread.name: python3
             -> thread.id: %!s(int64=1483773)
             -> cpu.logical_number: %!s(int64=14)
    Sample #256
        Values: []
        Attributes:
             -> thread.name: python3
             -> thread.id: %!s(int64=1483773)
             -> cpu.logical_number: %!s(int64=14)
    Sample #257
        Values: []
        Attributes:
             -> thread.name: python3
             -> thread.id: %!s(int64=1483773)
             -> cpu.logical_number: %!s(int64=14)
    Sample #258
        Values: []
        Attributes:
             -> thread.name: python3
             -> thread.id: %!s(int64=1483773)
             -> cpu.logical_number: %!s(int64=14)
    Sample #259
        Values: []
        Attributes:
             -> thread.name: python3
             -> thread.id: %!s(int64=1483773)
             -> cpu.logical_number: %!s(int64=14)
    Sample #260
        Values: []
        Attributes:
             -> thread.name: python3
             -> thread.id: %!s(int64=1483773)
             -> cpu.logical_number: %!s(int64=14)
    Sample #261
        Values: []
        Attributes:
             -> thread.name: python3
             -> thread.id: %!s(int64=1483773)
             -> cpu.logical_number: %!s(int64=14)
    Sample #262
        Values: []
        Attributes:
             -> thread.name: python3
             -> thread.id: %!s(int64=1483773)
             -> cpu.logical_number: %!s(int64=14)
    Sample #263
        Values: []
        Attributes:
             -> thread.name: python3
             -> thread.id: %!s(int64=1483773)
             -> cpu.logical_number: %!s(int64=14)
    Sample #264
        Values: []
        Attributes:
             -> thread.name: python3
             -> thread.id: %!s(int64=1483773)
             -> cpu.logical_number: %!s(int64=14)
    Sample #265
        Values: []
        Attributes:
             -> thread.name: python3
             -> thread.id: %!s(int64=1483773)
             -> cpu.logical_number: %!s(int64=14)
    Sample #266
        Values: []
        Attributes:
             -> thread.name: python3
             -> thread.id: %!s(int64=1483773)
             -> cpu.logical_number: %!s(int64=14)
    Sample #267
        Values: []
        Attributes:
             -> thread.name: python3
             -> thread.id: %!s(int64=1483773)
             -> cpu.logical_number: %!s(int64=14)
    Sample #268
        Values: []
        Attributes:
             -> thread.name: python3
             -> thread.id: %!s(int64=1483773)
             -> cpu.logical_number: %!s(int64=14)
    Sample #269
        Values: []
        Attributes:
             -> thread.name: python3
             -> thread.id: %!s(int64=1483773)
             -> cpu.logical_number: %!s(int64=14)
    Sample #270
        Values: []
        Attributes:
             -> thread.name: python3
             -> thread.id: %!s(int64=1483773)
             -> cpu.logical_number: %!s(int64=14)
    Sample #271
        Values: []
        Attributes:
             -> thread.name: python3
             -> thread.id: %!s(int64=1483773)
             -> cpu.logical_number: %!s(int64=14)
    Sample #272
        Values: []
        Attributes:
             -> thread.name: python3
             -> thread.id: %!s(int64=1483773)
             -> cpu.logical_number: %!s(int64=14)
    Sample #273
        Values: []
        Attributes:
             -> thread.name: python3
             -> thread.id: %!s(int64=1483773)
             -> cpu.logical_number: %!s(int64=14)
    Sample #274
        Values: []
        Attributes:
             -> thread.name: python3
             -> thread.id: %!s(int64=1483773)
             -> cpu.logical_number: %!s(int64=14)
    Sample #275
        Values: []
        Attributes:
             -> thread.name: python3
             -> thread.id: %!s(int64=1483773)
             -> cpu.logical_number: %!s(int64=14)
    Sample #276
        Values: []
        Attributes:
             -> thread.name: python3
             -> thread.id: %!s(int64=1483773)
             -> cpu.logical_number: %!s(int64=14)
    Sample #277
        Values: []
        Attributes:
             -> thread.name: python3
             -> thread.id: %!s(int64=1483773)
             -> cpu.logical_number: %!s(int64=14)
    Sample #278
        Values: []
        Attributes:
             -> thread.name: python3
             -> thread.id: %!s(int64=1483773)
             -> cpu.logical_number: %!s(int64=14)
    Sample #279
        Values: []
        Attributes:
             -> thread.name: python3
             -> thread.id: %!s(int64=1483773)
             -> cpu.logical_number: %!s(int64=14)
    Sample #280
        Values: []
        Attributes:
             -> thread.name: python3
             -> thread.id: %!s(int64=1483773)
             -> cpu.logical_number: %!s(int64=14)
    Sample #281
        Values: []
        Attributes:
             -> thread.name: python3
             -> thread.id: %!s(int64=1483773)
             -> cpu.logical_number: %!s(int64=14)
    Sample #282
        Values: []
        Attributes:
             -> thread.name: python3
             -> thread.id: %!s(int64=1483773)
             -> cpu.logical_number: %!s(int64=14)
    Sample #283
        Values: []
        Attributes:
             -> thread.name: python3
             -> thread.id: %!s(int64=1483773)
             -> cpu.logical_number: %!s(int64=14)
    Sample #284
        Values: []
        Attributes:
             -> thread.name: python3
             -> thread.id: %!s(int64=1483773)
             -> cpu.logical_number: %!s(int64=14)
    Sample #285
        Values: []
        Attributes:
             -> thread.name: python3
             -> thread.id: %!s(int64=1483773)
             -> cpu.logical_number: %!s(int64=14)
    Sample #286
        Values: []
        Attributes:
             -> thread.name: python3
             -> thread.id: %!s(int64=1483773)
             -> cpu.logical_number: %!s(int64=14)
    Sample #287
        Values: []
        Attributes:
             -> thread.name: python3
             -> thread.id: %!s(int64=1483773)
             -> cpu.logical_number: %!s(int64=14)
    Sample #288
        Values: []
        Attributes:
             -> thread.name: python3
             -> thread.id: %!s(int64=1483773)
             -> cpu.logical_number: %!s(int64=14)
    Sample #289
        Values: []
        Attributes:
             -> thread.name: python3
             -> thread.id: %!s(int64=1483773)
             -> cpu.logical_number: %!s(int64=14)
    Sample #290
        Values: []
        Attributes:
             -> thread.name: python3
             -> thread.id: %!s(int64=1483773)
             -> cpu.logical_number: %!s(int64=14)
    Sample #291
        Values: []
        Attributes:
             -> thread.name: python3
             -> thread.id: %!s(int64=1483773)
             -> cpu.logical_number: %!s(int64=14)
    Sample #292
        Values: []
        Attributes:
             -> thread.name: python3
             -> thread.id: %!s(int64=1483773)
             -> cpu.logical_number: %!s(int64=14)
    Sample #293
        Values: []
        Attributes:
             -> thread.name: python3
             -> thread.id: %!s(int64=1483773)
             -> cpu.logical_number: %!s(int64=14)
    Sample #294
        Values: []
        Attributes:
             -> thread.name: python3
             -> thread.id: %!s(int64=1483773)
             -> cpu.logical_number: %!s(int64=14)
    Sample #295
        Values: []
        Attributes:
             -> thread.name: python3
             -> thread.id: %!s(int64=1483773)
             -> cpu.logical_number: %!s(int64=14)
    Sample #296
        Values: []
        Attributes:
             -> thread.name: python3
             -> thread.id: %!s(int64=1483773)
             -> cpu.logical_number: %!s(int64=14)
    Sample #297
        Values: []
        Attributes:
             -> thread.name: python3
             -> thread.id: %!s(int64=1483773)
             -> cpu.logical_number: %!s(int64=14)
    Sample #298
        Values: []
        Attributes:
             -> thread.name: python3
             -> thread.id: %!s(int64=1483773)
             -> cpu.logical_number: %!s(int64=14)
    Sample #299
        Values: []
        Attributes:
             -> thread.name: python3
             -> thread.id: %!s(int64=1483773)
             -> cpu.logical_number: %!s(int64=14)
    Sample #300
        Values: []
        Attributes:
             -> thread.name: python3
             -> thread.id: %!s(int64=1483773)
             -> cpu.logical_number: %!s(int64=14)
    Sample #301
        Values: []
        Attributes:
             -> thread.name: python3
             -> thread.id: %!s(int64=1483773)
             -> cpu.logical_number: %!s(int64=14)
    Sample #302
        Values: []
        Attributes:
             -> thread.name: python3
             -> thread.id: %!s(int64=1483773)
             -> cpu.logical_number: %!s(int64=14)
    Sample #303
        Values: []
        Attributes:
             -> thread.name: python3
             -> thread.id: %!s(int64=1483773)
             -> cpu.logical_number: %!s(int64=14)
    Sample #304
        Values: []
        Attributes:
             -> thread.name: python3
             -> thread.id: %!s(int64=1483773)
             -> cpu.logical_number: %!s(int64=14)
    Sample #305
        Values: []
        Attributes:
             -> thread.name: python3
             -> thread.id: %!s(int64=1483773)
             -> cpu.logical_number: %!s(int64=14)
    Sample #306
        Values: []
        Attributes:
             -> thread.name: python3
             -> thread.id: %!s(int64=1483773)
             -> cpu.logical_number: %!s(int64=14)
    Sample #307
        Values: []
        Attributes:
             -> thread.name: python3
             -> thread.id: %!s(int64=1483773)
             -> cpu.logical_number: %!s(int64=14)
    Sample #308
        Values: []
        Attributes:
             -> thread.name: python3
             -> thread.id: %!s(int64=1483773)
             -> cpu.logical_number: %!s(int64=14)
    Sample #309
        Values: []
        Attributes:
             -> thread.name: python3
             -> thread.id: %!s(int64=1483773)
             -> cpu.logical_number: %!s(int64=14)
    Sample #310
        Values: []
        Attributes:
             -> thread.name: python3
             -> thread.id: %!s(int64=1483773)
             -> cpu.logical_number: %!s(int64=14)
    Sample #311
        Values: []
        Attributes:
             -> thread.name: python3
             -> thread.id: %!s(int64=1483773)
             -> cpu.logical_number: %!s(int64=14)
ResourceProfiles #19
Resource SchemaURL: https://opentelemetry.io/schemas/1.37.0
Resource attributes:
     -> process.pid: Int(2711)
     -> process.executable.path: Str(/home/yunwei37/.cargo/bin/agentsight)
     -> process.executable.name: Str(agentsight)
ScopeProfiles #0
ScopeProfiles SchemaURL: https://opentelemetry.io/schemas/1.37.0
InstrumentationScope go.opentelemetry.io/ebpf-profiler v0.0.0
Profile #0
    Profile ID     : 
    Start time     : 2026-06-21 23:48:27.872579261 +0000 UTC
    DurationNano   : 6162007925
    Dropped attributes count: 0
    Sample #0
        Values: []
        Attributes:
             -> thread.name: agentsight
             -> thread.id: %!s(int64=2711)
             -> cpu.logical_number: %!s(int64=0)
    Sample #1
        Values: []
        Attributes:
             -> thread.name: agentsight
             -> thread.id: %!s(int64=2711)
             -> cpu.logical_number: %!s(int64=0)
    Sample #2
        Values: []
        Attributes:
             -> thread.name: agentsight
             -> thread.id: %!s(int64=2711)
             -> cpu.logical_number: %!s(int64=0)
    Sample #3
        Values: []
        Attributes:
             -> thread.name: agentsight
             -> thread.id: %!s(int64=2711)
             -> cpu.logical_number: %!s(int64=0)
    Sample #4
        Values: []
        Attributes:
             -> thread.name: agentsight
             -> thread.id: %!s(int64=2711)
             -> cpu.logical_number: %!s(int64=0)
    Sample #5
        Values: []
        Attributes:
             -> thread.name: agentsight
             -> thread.id: %!s(int64=2711)
             -> cpu.logical_number: %!s(int64=0)
Profile #1
    Profile ID     : 
    Start time     : 2026-06-21 23:48:27.872579261 +0000 UTC
    DurationNano   : 6162007925
    Dropped attributes count: 0
    Sample #0
        Values: []
        Attributes:
             -> thread.name: agentsight
             -> thread.id: %!s(int64=2711)
             -> cpu.logical_number: %!s(int64=0)
    Sample #1
        Values: []
        Attributes:
             -> thread.name: agentsight
             -> thread.id: %!s(int64=2711)
             -> cpu.logical_number: %!s(int64=0)
    Sample #2
        Values: []
        Attributes:
             -> thread.name: agentsight
             -> thread.id: %!s(int64=2711)
             -> cpu.logical_number: %!s(int64=0)
    Sample #3
        Values: []
        Attributes:
             -> thread.name: agentsight
             -> thread.id: %!s(int64=2711)
             -> cpu.logical_number: %!s(int64=0)
    Sample #4
        Values: []
        Attributes:
             -> thread.name: agentsight
             -> thread.id: %!s(int64=2711)
             -> cpu.logical_number: %!s(int64=0)
    Sample #5
        Values: []
        Attributes:
             -> thread.name: agentsight
             -> thread.id: %!s(int64=2711)
             -> cpu.logical_number: %!s(int64=0)
    Sample #6
        Values: []
        Attributes:
             -> thread.name: agentsight
             -> thread.id: %!s(int64=2711)
             -> cpu.logical_number: %!s(int64=0)
    Sample #7
        Values: []
        Attributes:
             -> thread.name: agentsight
             -> thread.id: %!s(int64=2711)
             -> cpu.logical_number: %!s(int64=0)
    Sample #8
        Values: []
        Attributes:
             -> thread.name: agentsight
             -> thread.id: %!s(int64=2711)
             -> cpu.logical_number: %!s(int64=0)
    Sample #9
        Values: []
        Attributes:
             -> thread.name: agentsight
             -> thread.id: %!s(int64=2711)
             -> cpu.logical_number: %!s(int64=0)
    Sample #10
        Values: []
        Attributes:
             -> thread.name: agentsight
             -> thread.id: %!s(int64=2711)
             -> cpu.logical_number: %!s(int64=0)
    Sample #11
        Values: []
        Attributes:
             -> thread.name: agentsight
             -> thread.id: %!s(int64=2711)
             -> cpu.logical_number: %!s(int64=0)
    Sample #12
        Values: []
        Attributes:
             -> thread.name: agentsight
             -> thread.id: %!s(int64=2711)
             -> cpu.logical_number: %!s(int64=0)
    Sample #13
        Values: []
        Attributes:
             -> thread.name: agentsight
             -> thread.id: %!s(int64=2711)
             -> cpu.logical_number: %!s(int64=0)
    Sample #14
        Values: []
        Attributes:
             -> thread.name: agentsight
             -> thread.id: %!s(int64=2711)
             -> cpu.logical_number: %!s(int64=0)
    Sample #15
        Values: []
        Attributes:
             -> thread.name: agentsight
             -> thread.id: %!s(int64=2711)
             -> cpu.logical_number: %!s(int64=0)
    Sample #16
        Values: []
        Attributes:
             -> thread.name: agentsight
             -> thread.id: %!s(int64=2711)
             -> cpu.logical_number: %!s(int64=0)
    Sample #17
        Values: []
        Attributes:
             -> thread.name: agentsight
             -> thread.id: %!s(int64=2711)
             -> cpu.logical_number: %!s(int64=0)
    Sample #18
        Values: []
        Attributes:
             -> thread.name: agentsight
             -> thread.id: %!s(int64=2711)
             -> cpu.logical_number: %!s(int64=0)
    Sample #19
        Values: []
        Attributes:
             -> thread.name: agentsight
             -> thread.id: %!s(int64=2711)
             -> cpu.logical_number: %!s(int64=0)
    Sample #20
        Values: []
        Attributes:
             -> thread.name: agentsight
             -> thread.id: %!s(int64=2711)
             -> cpu.logical_number: %!s(int64=0)
    Sample #21
        Values: []
        Attributes:
             -> thread.name: agentsight
             -> thread.id: %!s(int64=2711)
             -> cpu.logical_number: %!s(int64=0)
    Sample #22
        Values: []
        Attributes:
             -> thread.name: agentsight
             -> thread.id: %!s(int64=2711)
             -> cpu.logical_number: %!s(int64=0)
    Sample #23
        Values: []
        Attributes:
             -> thread.name: agentsight
             -> thread.id: %!s(int64=2711)
             -> cpu.logical_number: %!s(int64=0)
    Sample #24
        Values: []
        Attributes:
             -> thread.name: agentsight
             -> thread.id: %!s(int64=2711)
             -> cpu.logical_number: %!s(int64=0)
    Sample #25
        Values: []
        Attributes:
             -> thread.name: agentsight
             -> thread.id: %!s(int64=2711)
             -> cpu.logical_number: %!s(int64=0)
    Sample #26
        Values: []
        Attributes:
             -> thread.name: agentsight
             -> thread.id: %!s(int64=2711)
             -> cpu.logical_number: %!s(int64=0)
    Sample #27
        Values: []
        Attributes:
             -> thread.name: agentsight
             -> thread.id: %!s(int64=2711)
             -> cpu.logical_number: %!s(int64=0)
    Sample #28
        Values: []
        Attributes:
             -> thread.name: agentsight
             -> thread.id: %!s(int64=2711)
             -> cpu.logical_number: %!s(int64=0)
    Sample #29
        Values: []
        Attributes:
             -> thread.name: agentsight
             -> thread.id: %!s(int64=2711)
             -> cpu.logical_number: %!s(int64=0)
    Sample #30
        Values: []
        Attributes:
             -> thread.name: agentsight
             -> thread.id: %!s(int64=2711)
             -> cpu.logical_number: %!s(int64=0)
    Sample #31
        Values: []
        Attributes:
             -> thread.name: agentsight
             -> thread.id: %!s(int64=2711)
             -> cpu.logical_number: %!s(int64=0)
    Sample #32
        Values: []
        Attributes:
             -> thread.name: agentsight
             -> thread.id: %!s(int64=2711)
             -> cpu.logical_number: %!s(int64=0)
    Sample #33
        Values: []
        Attributes:
             -> thread.name: agentsight
             -> thread.id: %!s(int64=2711)
             -> cpu.logical_number: %!s(int64=0)
    Sample #34
        Values: []
        Attributes:
             -> thread.name: agentsight
             -> thread.id: %!s(int64=2711)
             -> cpu.logical_number: %!s(int64=0)
    Sample #35
        Values: []
        Attributes:
             -> thread.name: agentsight
             -> thread.id: %!s(int64=2711)
             -> cpu.logical_number: %!s(int64=0)
    Sample #36
        Values: []
        Attributes:
             -> thread.name: agentsight
             -> thread.id: %!s(int64=2711)
             -> cpu.logical_number: %!s(int64=0)
    Sample #37
        Values: []
        Attributes:
             -> thread.name: agentsight
             -> thread.id: %!s(int64=2711)
             -> cpu.logical_number: %!s(int64=0)
    Sample #38
        Values: []
        Attributes:
             -> thread.name: agentsight
             -> thread.id: %!s(int64=2711)
             -> cpu.logical_number: %!s(int64=0)
    Sample #39
        Values: []
        Attributes:
             -> thread.name: agentsight
             -> thread.id: %!s(int64=2711)
             -> cpu.logical_number: %!s(int64=0)
    Sample #40
        Values: []
        Attributes:
             -> thread.name: agentsight
             -> thread.id: %!s(int64=2711)
             -> cpu.logical_number: %!s(int64=0)
    Sample #41
        Values: []
        Attributes:
             -> thread.name: agentsight
             -> thread.id: %!s(int64=2711)
             -> cpu.logical_number: %!s(int64=0)
    Sample #42
        Values: []
        Attributes:
             -> thread.name: agentsight
             -> thread.id: %!s(int64=2711)
             -> cpu.logical_number: %!s(int64=0)
    Sample #43
        Values: []
        Attributes:
             -> thread.name: agentsight
             -> thread.id: %!s(int64=2711)
             -> cpu.logical_number: %!s(int64=0)
    Sample #44
        Values: []
        Attributes:
             -> thread.name: agentsight
             -> thread.id: %!s(int64=2711)
             -> cpu.logical_number: %!s(int64=0)
    Sample #45
        Values: []
        Attributes:
             -> thread.name: agentsight
             -> thread.id: %!s(int64=2711)
             -> cpu.logical_number: %!s(int64=0)
    Sample #46
        Values: []
        Attributes:
             -> thread.name: agentsight
             -> thread.id: %!s(int64=2711)
             -> cpu.logical_number: %!s(int64=0)
    Sample #47
        Values: []
        Attributes:
             -> thread.name: agentsight
             -> thread.id: %!s(int64=2711)
             -> cpu.logical_number: %!s(int64=0)
    Sample #48
        Values: []
        Attributes:
             -> thread.name: agentsight
             -> thread.id: %!s(int64=2711)
             -> cpu.logical_number: %!s(int64=0)
    Sample #49
        Values: []
        Attributes:
             -> thread.name: agentsight
             -> thread.id: %!s(int64=2711)
             -> cpu.logical_number: %!s(int64=0)
    Sample #50
        Values: []
        Attributes:
             -> thread.name: agentsight
             -> thread.id: %!s(int64=2711)
             -> cpu.logical_number: %!s(int64=0)
    Sample #51
        Values: []
        Attributes:
             -> thread.name: agentsight
             -> thread.id: %!s(int64=2711)
             -> cpu.logical_number: %!s(int64=0)
    Sample #52
        Values: []
        Attributes:
             -> thread.name: agentsight
             -> thread.id: %!s(int64=2711)
             -> cpu.logical_number: %!s(int64=0)
    Sample #53
        Values: []
        Attributes:
             -> thread.name: agentsight
             -> thread.id: %!s(int64=2711)
             -> cpu.logical_number: %!s(int64=0)
    Sample #54
        Values: []
        Attributes:
             -> thread.name: agentsight
             -> thread.id: %!s(int64=2711)
             -> cpu.logical_number: %!s(int64=0)
    Sample #55
        Values: []
        Attributes:
             -> thread.name: agentsight
             -> thread.id: %!s(int64=2711)
             -> cpu.logical_number: %!s(int64=0)
    Sample #56
        Values: []
        Attributes:
             -> thread.name: agentsight
             -> thread.id: %!s(int64=2711)
             -> cpu.logical_number: %!s(int64=0)
    Sample #57
        Values: []
        Attributes:
             -> thread.name: agentsight
             -> thread.id: %!s(int64=2711)
             -> cpu.logical_number: %!s(int64=0)
    Sample #58
        Values: []
        Attributes:
             -> thread.name: agentsight
             -> thread.id: %!s(int64=2711)
             -> cpu.logical_number: %!s(int64=0)
    Sample #59
        Values: []
        Attributes:
             -> thread.name: agentsight
             -> thread.id: %!s(int64=2711)
             -> cpu.logical_number: %!s(int64=0)
    Sample #60
        Values: []
        Attributes:
             -> thread.name: agentsight
             -> thread.id: %!s(int64=2711)
             -> cpu.logical_number: %!s(int64=0)
    Sample #61
        Values: []
        Attributes:
             -> thread.name: agentsight
             -> thread.id: %!s(int64=2711)
             -> cpu.logical_number: %!s(int64=0)
    Sample #62
        Values: []
        Attributes:
             -> thread.name: agentsight
             -> thread.id: %!s(int64=2711)
             -> cpu.logical_number: %!s(int64=0)
    Sample #63
        Values: []
        Attributes:
             -> thread.name: agentsight
             -> thread.id: %!s(int64=2711)
             -> cpu.logical_number: %!s(int64=0)
    Sample #64
        Values: []
        Attributes:
             -> thread.name: agentsight
             -> thread.id: %!s(int64=2711)
             -> cpu.logical_number: %!s(int64=0)
    Sample #65
        Values: []
        Attributes:
             -> thread.name: agentsight
             -> thread.id: %!s(int64=2711)
             -> cpu.logical_number: %!s(int64=0)
    Sample #66
        Values: []
        Attributes:
             -> thread.name: agentsight
             -> thread.id: %!s(int64=2711)
             -> cpu.logical_number: %!s(int64=0)
    Sample #67
        Values: []
        Attributes:
             -> thread.name: agentsight
             -> thread.id: %!s(int64=2711)
             -> cpu.logical_number: %!s(int64=0)
    Sample #68
        Values: []
        Attributes:
             -> thread.name: agentsight
             -> thread.id: %!s(int64=2711)
             -> cpu.logical_number: %!s(int64=0)
    Sample #69
        Values: []
        Attributes:
             -> thread.name: agentsight
             -> thread.id: %!s(int64=2711)
             -> cpu.logical_number: %!s(int64=0)
    Sample #70
        Values: []
        Attributes:
             -> thread.name: agentsight
             -> thread.id: %!s(int64=2711)
             -> cpu.logical_number: %!s(int64=0)
    Sample #71
        Values: []
        Attributes:
             -> thread.name: agentsight
             -> thread.id: %!s(int64=2711)
             -> cpu.logical_number: %!s(int64=0)
    Sample #72
        Values: []
        Attributes:
             -> thread.name: agentsight
             -> thread.id: %!s(int64=2711)
             -> cpu.logical_number: %!s(int64=0)
    Sample #73
        Values: []
        Attributes:
             -> thread.name: agentsight
             -> thread.id: %!s(int64=2711)
             -> cpu.logical_number: %!s(int64=0)
    Sample #74
        Values: []
        Attributes:
             -> thread.name: agentsight
             -> thread.id: %!s(int64=2711)
             -> cpu.logical_number: %!s(int64=0)
    Sample #75
        Values: []
        Attributes:
             -> thread.name: agentsight
             -> thread.id: %!s(int64=2711)
             -> cpu.logical_number: %!s(int64=0)
    Sample #76
        Values: []
        Attributes:
             -> thread.name: agentsight
             -> thread.id: %!s(int64=2711)
             -> cpu.logical_number: %!s(int64=0)
    Sample #77
        Values: []
        Attributes:
             -> thread.name: agentsight
             -> thread.id: %!s(int64=2711)
             -> cpu.logical_number: %!s(int64=0)
    Sample #78
        Values: []
        Attributes:
             -> thread.name: agentsight
             -> thread.id: %!s(int64=2711)
             -> cpu.logical_number: %!s(int64=0)
    Sample #79
        Values: []
        Attributes:
             -> thread.name: agentsight
             -> thread.id: %!s(int64=2711)
             -> cpu.logical_number: %!s(int64=0)
    Sample #80
        Values: []
        Attributes:
             -> thread.name: agentsight
             -> thread.id: %!s(int64=2711)
             -> cpu.logical_number: %!s(int64=0)
    Sample #81
        Values: []
        Attributes:
             -> thread.name: agentsight
             -> thread.id: %!s(int64=2711)
             -> cpu.logical_number: %!s(int64=0)
    Sample #82
        Values: []
        Attributes:
             -> thread.name: agentsight
             -> thread.id: %!s(int64=2711)
             -> cpu.logical_number: %!s(int64=0)
    Sample #83
        Values: []
        Attributes:
             -> thread.name: agentsight
             -> thread.id: %!s(int64=2711)
             -> cpu.logical_number: %!s(int64=0)
    Sample #84
        Values: []
        Attributes:
             -> thread.name: agentsight
             -> thread.id: %!s(int64=2711)
             -> cpu.logical_number: %!s(int64=0)
    Sample #85
        Values: []
        Attributes:
             -> thread.name: agentsight
             -> thread.id: %!s(int64=2711)
             -> cpu.logical_number: %!s(int64=0)
    Sample #86
        Values: []
        Attributes:
             -> thread.name: agentsight
             -> thread.id: %!s(int64=2711)
             -> cpu.logical_number: %!s(int64=0)
    Sample #87
        Values: []
        Attributes:
             -> thread.name: agentsight
             -> thread.id: %!s(int64=2711)
             -> cpu.logical_number: %!s(int64=0)
    Sample #88
        Values: []
        Attributes:
             -> thread.name: agentsight
             -> thread.id: %!s(int64=2711)
             -> cpu.logical_number: %!s(int64=0)
    Sample #89
        Values: []
        Attributes:
             -> thread.name: agentsight
             -> thread.id: %!s(int64=2711)
             -> cpu.logical_number: %!s(int64=0)
    Sample #90
        Values: []
        Attributes:
             -> thread.name: agentsight
             -> thread.id: %!s(int64=2711)
             -> cpu.logical_number: %!s(int64=0)
    Sample #91
        Values: []
        Attributes:
             -> thread.name: agentsight
             -> thread.id: %!s(int64=2711)
             -> cpu.logical_number: %!s(int64=0)
    Sample #92
        Values: []
        Attributes:
             -> thread.name: agentsight
             -> thread.id: %!s(int64=2711)
             -> cpu.logical_number: %!s(int64=0)
    Sample #93
        Values: []
        Attributes:
             -> thread.name: agentsight
             -> thread.id: %!s(int64=2711)
             -> cpu.logical_number: %!s(int64=0)
    Sample #94
        Values: []
        Attributes:
             -> thread.name: agentsight
             -> thread.id: %!s(int64=2711)
             -> cpu.logical_number: %!s(int64=0)
    Sample #95
        Values: []
        Attributes:
             -> thread.name: agentsight
             -> thread.id: %!s(int64=2711)
             -> cpu.logical_number: %!s(int64=0)
    Sample #96
        Values: []
        Attributes:
             -> thread.name: agentsight
             -> thread.id: %!s(int64=2711)
             -> cpu.logical_number: %!s(int64=0)
ResourceProfiles #20
Resource SchemaURL: https://opentelemetry.io/schemas/1.37.0
Resource attributes:
     -> process.pid: Int(1483668)
     -> process.executable.path: Str(/usr/bin/python3.12)
     -> process.executable.name: Str(python3.12)
ScopeProfiles #0
ScopeProfiles SchemaURL: https://opentelemetry.io/schemas/1.37.0
InstrumentationScope go.opentelemetry.io/ebpf-profiler v0.0.0
Profile #0
    Profile ID     : 
    Start time     : 2026-06-21 23:48:27.872579261 +0000 UTC
    DurationNano   : 6162007925
    Dropped attributes count: 0
    Sample #0
        Values: []
        Attributes:
             -> thread.name: python3
             -> thread.id: %!s(int64=1483668)
             -> cpu.logical_number: %!s(int64=10)
    Sample #1
        Values: []
        Attributes:
             -> thread.name: python3
             -> thread.id: %!s(int64=1483668)
             -> cpu.logical_number: %!s(int64=10)
    Sample #2
        Values: []
        Attributes:
             -> thread.name: python3
             -> thread.id: %!s(int64=1483668)
             -> cpu.logical_number: %!s(int64=10)
    Sample #3
        Values: []
        Attributes:
             -> thread.name: python3
             -> thread.id: %!s(int64=1483668)
             -> cpu.logical_number: %!s(int64=10)
    Sample #4
        Values: []
        Attributes:
             -> thread.name: python3
             -> thread.id: %!s(int64=1483668)
             -> cpu.logical_number: %!s(int64=10)
    Sample #5
        Values: []
        Attributes:
             -> thread.name: python3
             -> thread.id: %!s(int64=1483668)
             -> cpu.logical_number: %!s(int64=10)
    Sample #6
        Values: []
        Attributes:
             -> thread.name: python3
             -> thread.id: %!s(int64=1483668)
             -> cpu.logical_number: %!s(int64=10)
    Sample #7
        Values: []
        Attributes:
             -> thread.name: python3
             -> thread.id: %!s(int64=1483668)
             -> cpu.logical_number: %!s(int64=10)
    Sample #8
        Values: []
        Attributes:
             -> thread.name: python3
             -> thread.id: %!s(int64=1483668)
             -> cpu.logical_number: %!s(int64=10)
    Sample #9
        Values: []
        Attributes:
             -> thread.name: python3
             -> thread.id: %!s(int64=1483668)
             -> cpu.logical_number: %!s(int64=10)
    Sample #10
        Values: []
        Attributes:
             -> thread.name: python3
             -> thread.id: %!s(int64=1483668)
             -> cpu.logical_number: %!s(int64=10)
    Sample #11
        Values: []
        Attributes:
             -> thread.name: python3
             -> thread.id: %!s(int64=1483668)
             -> cpu.logical_number: %!s(int64=10)
    Sample #12
        Values: []
        Attributes:
             -> thread.name: python3
             -> thread.id: %!s(int64=1483668)
             -> cpu.logical_number: %!s(int64=10)
    Sample #13
        Values: []
        Attributes:
             -> thread.name: python3
             -> thread.id: %!s(int64=1483668)
             -> cpu.logical_number: %!s(int64=10)
    Sample #14
        Values: []
        Attributes:
             -> thread.name: python3
             -> thread.id: %!s(int64=1483668)
             -> cpu.logical_number: %!s(int64=10)
    Sample #15
        Values: []
        Attributes:
             -> thread.name: python3
             -> thread.id: %!s(int64=1483668)
             -> cpu.logical_number: %!s(int64=10)
    Sample #16
        Values: []
        Attributes:
             -> thread.name: python3
             -> thread.id: %!s(int64=1483668)
             -> cpu.logical_number: %!s(int64=10)
    Sample #17
        Values: []
        Attributes:
             -> thread.name: python3
             -> thread.id: %!s(int64=1483668)
             -> cpu.logical_number: %!s(int64=10)
    Sample #18
        Values: []
        Attributes:
             -> thread.name: python3
             -> thread.id: %!s(int64=1483668)
             -> cpu.logical_number: %!s(int64=10)
    Sample #19
        Values: []
        Attributes:
             -> thread.name: python3
             -> thread.id: %!s(int64=1483668)
             -> cpu.logical_number: %!s(int64=10)
    Sample #20
        Values: []
        Attributes:
             -> thread.name: python3
             -> thread.id: %!s(int64=1483668)
             -> cpu.logical_number: %!s(int64=10)
    Sample #21
        Values: []
        Attributes:
             -> thread.name: python3
             -> thread.id: %!s(int64=1483668)
             -> cpu.logical_number: %!s(int64=10)
    Sample #22
        Values: []
        Attributes:
             -> thread.name: python3
             -> thread.id: %!s(int64=1483668)
             -> cpu.logical_number: %!s(int64=10)
    Sample #23
        Values: []
        Attributes:
             -> thread.name: python3
             -> thread.id: %!s(int64=1483668)
             -> cpu.logical_number: %!s(int64=10)
    Sample #24
        Values: []
        Attributes:
             -> thread.name: python3
             -> thread.id: %!s(int64=1483668)
             -> cpu.logical_number: %!s(int64=10)
    Sample #25
        Values: []
        Attributes:
             -> thread.name: python3
             -> thread.id: %!s(int64=1483668)
             -> cpu.logical_number: %!s(int64=10)
    Sample #26
        Values: []
        Attributes:
             -> thread.name: python3
             -> thread.id: %!s(int64=1483668)
             -> cpu.logical_number: %!s(int64=10)
    Sample #27
        Values: []
        Attributes:
             -> thread.name: python3
             -> thread.id: %!s(int64=1483668)
             -> cpu.logical_number: %!s(int64=10)
    Sample #28
        Values: []
        Attributes:
             -> thread.name: python3
             -> thread.id: %!s(int64=1483668)
             -> cpu.logical_number: %!s(int64=10)
    Sample #29
        Values: []
        Attributes:
             -> thread.name: python3
             -> thread.id: %!s(int64=1483668)
             -> cpu.logical_number: %!s(int64=10)
    Sample #30
        Values: []
        Attributes:
             -> thread.name: python3
             -> thread.id: %!s(int64=1483668)
             -> cpu.logical_number: %!s(int64=10)
    Sample #31
        Values: []
        Attributes:
             -> thread.name: python3
             -> thread.id: %!s(int64=1483668)
             -> cpu.logical_number: %!s(int64=10)
    Sample #32
        Values: []
        Attributes:
             -> thread.name: python3
             -> thread.id: %!s(int64=1483668)
             -> cpu.logical_number: %!s(int64=10)
    Sample #33
        Values: []
        Attributes:
             -> thread.name: python3
             -> thread.id: %!s(int64=1483668)
             -> cpu.logical_number: %!s(int64=10)
    Sample #34
        Values: []
        Attributes:
             -> thread.name: python3
             -> thread.id: %!s(int64=1483668)
             -> cpu.logical_number: %!s(int64=10)
    Sample #35
        Values: []
        Attributes:
             -> thread.name: python3
             -> thread.id: %!s(int64=1483668)
             -> cpu.logical_number: %!s(int64=10)
    Sample #36
        Values: []
        Attributes:
             -> thread.name: python3
             -> thread.id: %!s(int64=1483668)
             -> cpu.logical_number: %!s(int64=10)
    Sample #37
        Values: []
        Attributes:
             -> thread.name: python3
             -> thread.id: %!s(int64=1483668)
             -> cpu.logical_number: %!s(int64=10)
    Sample #38
        Values: []
        Attributes:
             -> thread.name: python3
             -> thread.id: %!s(int64=1483668)
             -> cpu.logical_number: %!s(int64=10)
ResourceProfiles #21
Resource SchemaURL: https://opentelemetry.io/schemas/1.37.0
Resource attributes:
     -> process.pid: Int(1483670)
     -> process.executable.path: Str(/usr/bin/getopt)
     -> process.executable.name: Str(getopt)
ScopeProfiles #0
ScopeProfiles SchemaURL: https://opentelemetry.io/schemas/1.37.0
InstrumentationScope go.opentelemetry.io/ebpf-profiler v0.0.0
Profile #0
    Profile ID     : 
    Start time     : 2026-06-21 23:48:27.872579261 +0000 UTC
    DurationNano   : 6162007925
    Dropped attributes count: 0
    Sample #0
        Values: []
        Attributes:
             -> thread.name: getopt
             -> thread.id: %!s(int64=1483670)
             -> cpu.logical_number: %!s(int64=16)
    Sample #1
        Values: []
        Attributes:
             -> thread.name: getopt
             -> thread.id: %!s(int64=1483670)
             -> cpu.logical_number: %!s(int64=16)
    Sample #2
        Values: []
        Attributes:
             -> thread.name: getopt
             -> thread.id: %!s(int64=1483670)
             -> cpu.logical_number: %!s(int64=16)
    Sample #3
        Values: []
        Attributes:
             -> thread.name: getopt
             -> thread.id: %!s(int64=1483670)
             -> cpu.logical_number: %!s(int64=16)
    Sample #4
        Values: []
        Attributes:
             -> thread.name: getopt
             -> thread.id: %!s(int64=1483670)
             -> cpu.logical_number: %!s(int64=16)
    Sample #5
        Values: []
        Attributes:
             -> thread.name: getopt
             -> thread.id: %!s(int64=1483670)
             -> cpu.logical_number: %!s(int64=16)
    Sample #6
        Values: []
        Attributes:
             -> thread.name: getopt
             -> thread.id: %!s(int64=1483670)
             -> cpu.logical_number: %!s(int64=16)
    Sample #7
        Values: []
        Attributes:
             -> thread.name: getopt
             -> thread.id: %!s(int64=1483670)
             -> cpu.logical_number: %!s(int64=16)
    Sample #8
        Values: []
        Attributes:
             -> thread.name: getopt
             -> thread.id: %!s(int64=1483670)
             -> cpu.logical_number: %!s(int64=16)
    Sample #9
        Values: []
        Attributes:
             -> thread.name: getopt
             -> thread.id: %!s(int64=1483670)
             -> cpu.logical_number: %!s(int64=16)
    Sample #10
        Values: []
        Attributes:
             -> thread.name: getopt
             -> thread.id: %!s(int64=1483670)
             -> cpu.logical_number: %!s(int64=16)
    Sample #11
        Values: []
        Attributes:
             -> thread.name: getopt
             -> thread.id: %!s(int64=1483670)
             -> cpu.logical_number: %!s(int64=16)
    Sample #12
        Values: []
        Attributes:
             -> thread.name: getopt
             -> thread.id: %!s(int64=1483670)
             -> cpu.logical_number: %!s(int64=16)
    Sample #13
        Values: []
        Attributes:
             -> thread.name: getopt
             -> thread.id: %!s(int64=1483670)
             -> cpu.logical_number: %!s(int64=16)
    Sample #14
        Values: []
        Attributes:
             -> thread.name: getopt
             -> thread.id: %!s(int64=1483670)
             -> cpu.logical_number: %!s(int64=16)
    Sample #15
        Values: []
        Attributes:
             -> thread.name: getopt
             -> thread.id: %!s(int64=1483670)
             -> cpu.logical_number: %!s(int64=16)
    Sample #16
        Values: []
        Attributes:
             -> thread.name: getopt
             -> thread.id: %!s(int64=1483670)
             -> cpu.logical_number: %!s(int64=16)
    Sample #17
        Values: []
        Attributes:
             -> thread.name: getopt
             -> thread.id: %!s(int64=1483670)
             -> cpu.logical_number: %!s(int64=16)
    Sample #18
        Values: []
        Attributes:
             -> thread.name: getopt
             -> thread.id: %!s(int64=1483670)
             -> cpu.logical_number: %!s(int64=16)
    Sample #19
        Values: []
        Attributes:
             -> thread.name: getopt
             -> thread.id: %!s(int64=1483670)
             -> cpu.logical_number: %!s(int64=16)
    Sample #20
        Values: []
        Attributes:
             -> thread.name: getopt
             -> thread.id: %!s(int64=1483670)
             -> cpu.logical_number: %!s(int64=16)
    Sample #21
        Values: []
        Attributes:
             -> thread.name: getopt
             -> thread.id: %!s(int64=1483670)
             -> cpu.logical_number: %!s(int64=16)
    Sample #22
        Values: []
        Attributes:
             -> thread.name: getopt
             -> thread.id: %!s(int64=1483670)
             -> cpu.logical_number: %!s(int64=16)
    Sample #23
        Values: []
        Attributes:
             -> thread.name: getopt
             -> thread.id: %!s(int64=1483670)
             -> cpu.logical_number: %!s(int64=16)
    Sample #24
        Values: []
        Attributes:
             -> thread.name: getopt
             -> thread.id: %!s(int64=1483670)
             -> cpu.logical_number: %!s(int64=16)
    Sample #25
        Values: []
        Attributes:
             -> thread.name: getopt
             -> thread.id: %!s(int64=1483670)
             -> cpu.logical_number: %!s(int64=16)
    Sample #26
        Values: []
        Attributes:
             -> thread.name: getopt
             -> thread.id: %!s(int64=1483670)
             -> cpu.logical_number: %!s(int64=16)
    Sample #27
        Values: []
        Attributes:
             -> thread.name: getopt
             -> thread.id: %!s(int64=1483670)
             -> cpu.logical_number: %!s(int64=16)
    Sample #28
        Values: []
        Attributes:
             -> thread.name: getopt
             -> thread.id: %!s(int64=1483670)
             -> cpu.logical_number: %!s(int64=16)
    Sample #29
        Values: []
        Attributes:
             -> thread.name: getopt
             -> thread.id: %!s(int64=1483670)
             -> cpu.logical_number: %!s(int64=16)
    Sample #30
        Values: []
        Attributes:
             -> thread.name: getopt
             -> thread.id: %!s(int64=1483670)
             -> cpu.logical_number: %!s(int64=16)
    Sample #31
        Values: []
        Attributes:
             -> thread.name: getopt
             -> thread.id: %!s(int64=1483670)
             -> cpu.logical_number: %!s(int64=16)
    Sample #32
        Values: []
        Attributes:
             -> thread.name: getopt
             -> thread.id: %!s(int64=1483670)
             -> cpu.logical_number: %!s(int64=16)
    Sample #33
        Values: []
        Attributes:
             -> thread.name: getopt
             -> thread.id: %!s(int64=1483670)
             -> cpu.logical_number: %!s(int64=16)
    Sample #34
        Values: []
        Attributes:
             -> thread.name: getopt
             -> thread.id: %!s(int64=1483670)
             -> cpu.logical_number: %!s(int64=16)
    Sample #35
        Values: []
        Attributes:
             -> thread.name: getopt
             -> thread.id: %!s(int64=1483670)
             -> cpu.logical_number: %!s(int64=16)
ResourceProfiles #22
Resource SchemaURL: https://opentelemetry.io/schemas/1.37.0
Resource attributes:
     -> process.pid: Int(1483669)
     -> process.executable.path: Str(/usr/bin/dash)
     -> process.executable.name: Str(dash)
ScopeProfiles #0
ScopeProfiles SchemaURL: https://opentelemetry.io/schemas/1.37.0
InstrumentationScope go.opentelemetry.io/ebpf-profiler v0.0.0
Profile #0
    Profile ID     : 
    Start time     : 2026-06-21 23:48:27.872579261 +0000 UTC
    DurationNano   : 6162007925
    Dropped attributes count: 0
    Sample #0
        Values: []
        Attributes:
             -> thread.name: lsb_release
             -> thread.id: %!s(int64=1483669)
             -> cpu.logical_number: %!s(int64=17)
    Sample #1
        Values: []
        Attributes:
             -> thread.name: lsb_release
             -> thread.id: %!s(int64=1483669)
             -> cpu.logical_number: %!s(int64=17)
    Sample #2
        Values: []
        Attributes:
             -> thread.name: lsb_release
             -> thread.id: %!s(int64=1483669)
             -> cpu.logical_number: %!s(int64=17)
    Sample #3
        Values: []
        Attributes:
             -> thread.name: lsb_release
             -> thread.id: %!s(int64=1483669)
             -> cpu.logical_number: %!s(int64=17)
    Sample #4
        Values: []
        Attributes:
             -> thread.name: lsb_release
             -> thread.id: %!s(int64=1483669)
             -> cpu.logical_number: %!s(int64=17)
    Sample #5
        Values: []
        Attributes:
             -> thread.name: lsb_release
             -> thread.id: %!s(int64=1483669)
             -> cpu.logical_number: %!s(int64=17)
    Sample #6
        Values: []
        Attributes:
             -> thread.name: lsb_release
             -> thread.id: %!s(int64=1483669)
             -> cpu.logical_number: %!s(int64=17)
    Sample #7
        Values: []
        Attributes:
             -> thread.name: lsb_release
             -> thread.id: %!s(int64=1483669)
             -> cpu.logical_number: %!s(int64=17)
    Sample #8
        Values: []
        Attributes:
             -> thread.name: lsb_release
             -> thread.id: %!s(int64=1483669)
             -> cpu.logical_number: %!s(int64=17)
    Sample #9
        Values: []
        Attributes:
             -> thread.name: lsb_release
             -> thread.id: %!s(int64=1483669)
             -> cpu.logical_number: %!s(int64=17)
    Sample #10
        Values: []
        Attributes:
             -> thread.name: lsb_release
             -> thread.id: %!s(int64=1483669)
             -> cpu.logical_number: %!s(int64=17)
    Sample #11
        Values: []
        Attributes:
             -> thread.name: lsb_release
             -> thread.id: %!s(int64=1483669)
             -> cpu.logical_number: %!s(int64=17)
    Sample #12
        Values: []
        Attributes:
             -> thread.name: lsb_release
             -> thread.id: %!s(int64=1483669)
             -> cpu.logical_number: %!s(int64=17)
    Sample #13
        Values: []
        Attributes:
             -> thread.name: lsb_release
             -> thread.id: %!s(int64=1483669)
             -> cpu.logical_number: %!s(int64=17)
    Sample #14
        Values: []
        Attributes:
             -> thread.name: lsb_release
             -> thread.id: %!s(int64=1483669)
             -> cpu.logical_number: %!s(int64=17)
    Sample #15
        Values: []
        Attributes:
             -> thread.name: lsb_release
             -> thread.id: %!s(int64=1483669)
             -> cpu.logical_number: %!s(int64=17)
    Sample #16
        Values: []
        Attributes:
             -> thread.name: lsb_release
             -> thread.id: %!s(int64=1483669)
             -> cpu.logical_number: %!s(int64=17)
    Sample #17
        Values: []
        Attributes:
             -> thread.name: lsb_release
             -> thread.id: %!s(int64=1483669)
             -> cpu.logical_number: %!s(int64=17)
    Sample #18
        Values: []
        Attributes:
             -> thread.name: lsb_release
             -> thread.id: %!s(int64=1483669)
             -> cpu.logical_number: %!s(int64=17)
    Sample #19
        Values: []
        Attributes:
             -> thread.name: lsb_release
             -> thread.id: %!s(int64=1483669)
             -> cpu.logical_number: %!s(int64=17)
    Sample #20
        Values: []
        Attributes:
             -> thread.name: lsb_release
             -> thread.id: %!s(int64=1483669)
             -> cpu.logical_number: %!s(int64=17)
    Sample #21
        Values: []
        Attributes:
             -> thread.name: lsb_release
             -> thread.id: %!s(int64=1483669)
             -> cpu.logical_number: %!s(int64=17)
    Sample #22
        Values: []
        Attributes:
             -> thread.name: lsb_release
             -> thread.id: %!s(int64=1483669)
             -> cpu.logical_number: %!s(int64=17)
    Sample #23
        Values: []
        Attributes:
             -> thread.name: lsb_release
             -> thread.id: %!s(int64=1483669)
             -> cpu.logical_number: %!s(int64=17)
    Sample #24
        Values: []
        Attributes:
             -> thread.name: lsb_release
             -> thread.id: %!s(int64=1483669)
             -> cpu.logical_number: %!s(int64=17)
    Sample #25
        Values: []
        Attributes:
             -> thread.name: lsb_release
             -> thread.id: %!s(int64=1483669)
             -> cpu.logical_number: %!s(int64=17)
    Sample #26
        Values: []
        Attributes:
             -> thread.name: lsb_release
             -> thread.id: %!s(int64=1483669)
             -> cpu.logical_number: %!s(int64=17)
    Sample #27
        Values: []
        Attributes:
             -> thread.name: lsb_release
             -> thread.id: %!s(int64=1483669)
             -> cpu.logical_number: %!s(int64=17)
    Sample #28
        Values: []
        Attributes:
             -> thread.name: lsb_release
             -> thread.id: %!s(int64=1483669)
             -> cpu.logical_number: %!s(int64=17)
    Sample #29
        Values: []
        Attributes:
             -> thread.name: lsb_release
             -> thread.id: %!s(int64=1483669)
             -> cpu.logical_number: %!s(int64=17)
    Sample #30
        Values: []
        Attributes:
             -> thread.name: lsb_release
             -> thread.id: %!s(int64=1483669)
             -> cpu.logical_number: %!s(int64=17)
    Sample #31
        Values: []
        Attributes:
             -> thread.name: lsb_release
             -> thread.id: %!s(int64=1483669)
             -> cpu.logical_number: %!s(int64=17)
    Sample #32
        Values: []
        Attributes:
             -> thread.name: lsb_release
             -> thread.id: %!s(int64=1483669)
             -> cpu.logical_number: %!s(int64=17)
    Sample #33
        Values: []
        Attributes:
             -> thread.name: lsb_release
             -> thread.id: %!s(int64=1483669)
             -> cpu.logical_number: %!s(int64=17)
    Sample #34
        Values: []
        Attributes:
             -> thread.name: lsb_release
             -> thread.id: %!s(int64=1483669)
             -> cpu.logical_number: %!s(int64=17)
    Sample #35
        Values: []
        Attributes:
             -> thread.name: lsb_release
             -> thread.id: %!s(int64=1483669)
             -> cpu.logical_number: %!s(int64=17)
    Sample #36
        Values: []
        Attributes:
             -> thread.name: lsb_release
             -> thread.id: %!s(int64=1483669)
             -> cpu.logical_number: %!s(int64=17)
    Sample #37
        Values: []
        Attributes:
             -> thread.name: lsb_release
             -> thread.id: %!s(int64=1483669)
             -> cpu.logical_number: %!s(int64=17)
ResourceProfiles #23
Resource SchemaURL: https://opentelemetry.io/schemas/1.37.0
Resource attributes:
     -> process.pid: Int(1483673)
     -> process.executable.path: Str(/usr/bin/cut)
     -> process.executable.name: Str(cut)
ScopeProfiles #0
ScopeProfiles SchemaURL: https://opentelemetry.io/schemas/1.37.0
InstrumentationScope go.opentelemetry.io/ebpf-profiler v0.0.0
Profile #0
    Profile ID     : 
    Start time     : 2026-06-21 23:48:27.872579261 +0000 UTC
    DurationNano   : 6162007925
    Dropped attributes count: 0
    Sample #0
        Values: []
        Attributes:
             -> thread.name: cut
             -> thread.id: %!s(int64=1483673)
             -> cpu.logical_number: %!s(int64=17)
    Sample #1
        Values: []
        Attributes:
             -> thread.name: cut
             -> thread.id: %!s(int64=1483673)
             -> cpu.logical_number: %!s(int64=17)
    Sample #2
        Values: []
        Attributes:
             -> thread.name: cut
             -> thread.id: %!s(int64=1483673)
             -> cpu.logical_number: %!s(int64=17)
    Sample #3
        Values: []
        Attributes:
             -> thread.name: cut
             -> thread.id: %!s(int64=1483673)
             -> cpu.logical_number: %!s(int64=17)
    Sample #4
        Values: []
        Attributes:
             -> thread.name: cut
             -> thread.id: %!s(int64=1483673)
             -> cpu.logical_number: %!s(int64=17)
    Sample #5
        Values: []
        Attributes:
             -> thread.name: cut
             -> thread.id: %!s(int64=1483673)
             -> cpu.logical_number: %!s(int64=17)
    Sample #6
        Values: []
        Attributes:
             -> thread.name: cut
             -> thread.id: %!s(int64=1483673)
             -> cpu.logical_number: %!s(int64=17)
    Sample #7
        Values: []
        Attributes:
             -> thread.name: cut
             -> thread.id: %!s(int64=1483673)
             -> cpu.logical_number: %!s(int64=17)
    Sample #8
        Values: []
        Attributes:
             -> thread.name: cut
             -> thread.id: %!s(int64=1483673)
             -> cpu.logical_number: %!s(int64=17)
    Sample #9
        Values: []
        Attributes:
             -> thread.name: cut
             -> thread.id: %!s(int64=1483673)
             -> cpu.logical_number: %!s(int64=17)
    Sample #10
        Values: []
        Attributes:
             -> thread.name: cut
             -> thread.id: %!s(int64=1483673)
             -> cpu.logical_number: %!s(int64=17)
    Sample #11
        Values: []
        Attributes:
             -> thread.name: cut
             -> thread.id: %!s(int64=1483673)
             -> cpu.logical_number: %!s(int64=17)
    Sample #12
        Values: []
        Attributes:
             -> thread.name: cut
             -> thread.id: %!s(int64=1483673)
             -> cpu.logical_number: %!s(int64=17)
    Sample #13
        Values: []
        Attributes:
             -> thread.name: cut
             -> thread.id: %!s(int64=1483673)
             -> cpu.logical_number: %!s(int64=17)
    Sample #14
        Values: []
        Attributes:
             -> thread.name: cut
             -> thread.id: %!s(int64=1483673)
             -> cpu.logical_number: %!s(int64=17)
    Sample #15
        Values: []
        Attributes:
             -> thread.name: cut
             -> thread.id: %!s(int64=1483673)
             -> cpu.logical_number: %!s(int64=17)
    Sample #16
        Values: []
        Attributes:
             -> thread.name: cut
             -> thread.id: %!s(int64=1483673)
             -> cpu.logical_number: %!s(int64=17)
    Sample #17
        Values: []
        Attributes:
             -> thread.name: cut
             -> thread.id: %!s(int64=1483673)
             -> cpu.logical_number: %!s(int64=17)
    Sample #18
        Values: []
        Attributes:
             -> thread.name: cut
             -> thread.id: %!s(int64=1483673)
             -> cpu.logical_number: %!s(int64=17)
    Sample #19
        Values: []
        Attributes:
             -> thread.name: cut
             -> thread.id: %!s(int64=1483673)
             -> cpu.logical_number: %!s(int64=17)
	{"resource": {"service.instance.id": "f5326ab8-88e9-4e94-91b5-b957030f4cef", "service.name": "otelcol-ebpf-profiler", "service.version": "dev"}, "otelcol.component.id": "debug", "otelcol.component.kind": "exporter", "otelcol.signal": "profiles"}
2026-06-21T16:48:38.646-0700	error	Stop receiving traces: 1144 < 1224: unexpected record size	{"resource": {"service.instance.id": "f5326ab8-88e9-4e94-91b5-b957030f4cef", "service.name": "otelcol-ebpf-profiler", "service.version": "dev"}, "otelcol.component.id": "profiling", "otelcol.component.kind": "receiver", "otelcol.signal": "profiles"}
go.opentelemetry.io/ebpf-profiler/internal/log.Errorf
	/tmp/opentelemetry-ebpf-profiler/internal/log/logging.go:69
go.opentelemetry.io/ebpf-profiler/tracer.(*Tracer).startTraceEventMonitor.func1
	/tmp/opentelemetry-ebpf-profiler/tracer/events.go:237
2026-06-21T16:48:38.646-0700	error	Shutting down controller due to unrecoverable tracer error	{"resource": {"service.instance.id": "f5326ab8-88e9-4e94-91b5-b957030f4cef", "service.name": "otelcol-ebpf-profiler", "service.version": "dev"}, "otelcol.component.id": "profiling", "otelcol.component.kind": "receiver", "otelcol.signal": "profiles"}
go.opentelemetry.io/ebpf-profiler/internal/log.Errorf
	/tmp/opentelemetry-ebpf-profiler/internal/log/logging.go:69
go.opentelemetry.io/ebpf-profiler/internal/controller.(*Controller).startTraceHandling.func1
	/tmp/opentelemetry-ebpf-profiler/internal/controller/controller.go:207
2026-06-21T16:48:38.646-0700	info	Stop processing ...	{"resource": {"service.instance.id": "f5326ab8-88e9-4e94-91b5-b957030f4cef", "service.name": "otelcol-ebpf-profiler", "service.version": "dev"}, "otelcol.component.id": "profiling", "otelcol.component.kind": "receiver", "otelcol.signal": "profiles"}
2026-06-21T16:48:40.050-0700	info	otelcol@v0.154.0/collector.go:391	Received signal from OS	{"resource": {"service.instance.id": "f5326ab8-88e9-4e94-91b5-b957030f4cef", "service.name": "otelcol-ebpf-profiler", "service.version": "dev"}, "signal": "terminated"}
2026-06-21T16:48:40.050-0700	info	service@v0.154.0/service.go:278	Starting shutdown...	{"resource": {"service.instance.id": "f5326ab8-88e9-4e94-91b5-b957030f4cef", "service.name": "otelcol-ebpf-profiler", "service.version": "dev"}}
2026-06-21T16:48:40.059-0700	info	extensions/extensions.go:69	Stopping extensions...	{"resource": {"service.instance.id": "f5326ab8-88e9-4e94-91b5-b957030f4cef", "service.name": "otelcol-ebpf-profiler", "service.version": "dev"}}
2026-06-21T16:48:40.059-0700	info	service@v0.154.0/service.go:292	Shutdown complete.	{"resource": {"service.instance.id": "f5326ab8-88e9-4e94-91b5-b957030f4cef", "service.name": "otelcol-ebpf-profiler", "service.version": "dev"}}
