2026-06-21T14:15:35.339-0700	info	otelconftelemetry/tracer.go:47	Internal trace telemetry disabled	{"resource": {"service.instance.id": "c02d9762-d45b-45f8-a78e-7f8038ff55f4", "service.name": "otelcol-ebpf-profiler", "service.version": "dev"}}
2026-06-21T14:15:35.340-0700	info	builders/builders.go:28	Development component. May change in the future.	{"resource": {"service.instance.id": "c02d9762-d45b-45f8-a78e-7f8038ff55f4", "service.name": "otelcol-ebpf-profiler", "service.version": "dev"}, "otelcol.component.id": "profiling", "otelcol.component.kind": "receiver", "otelcol.signal": "profiles"}
2026-06-21T14:15:35.342-0700	info	service@v0.154.0/service.go:241	Starting otelcol-ebpf-profiler...	{"resource": {"service.instance.id": "c02d9762-d45b-45f8-a78e-7f8038ff55f4", "service.name": "otelcol-ebpf-profiler", "service.version": "dev"}, "Version": "dev", "NumCPU": 24}
2026-06-21T14:15:35.342-0700	info	extensions/extensions.go:41	Starting extensions...	{"resource": {"service.instance.id": "c02d9762-d45b-45f8-a78e-7f8038ff55f4", "service.name": "otelcol-ebpf-profiler", "service.version": "dev"}}
2026-06-21T14:15:35.342-0700	info	Interpreter tracers: perl,php,python,hotspot,ruby,v8,dotnet,luajit,go,labels,beam	{"resource": {"service.instance.id": "c02d9762-d45b-45f8-a78e-7f8038ff55f4", "service.name": "otelcol-ebpf-profiler", "service.version": "dev"}, "otelcol.component.id": "profiling", "otelcol.component.kind": "receiver", "otelcol.signal": "profiles"}
2026-06-21T14:15:35.563-0700	info	Found offsets: task stack 0x20, pt_regs 0x3f48, tpbase 0x25a8	{"resource": {"service.instance.id": "c02d9762-d45b-45f8-a78e-7f8038ff55f4", "service.name": "otelcol-ebpf-profiler", "service.version": "dev"}, "otelcol.component.id": "profiling", "otelcol.component.kind": "receiver", "otelcol.signal": "profiles"}
2026-06-21T14:15:35.601-0700	info	Skip pinning eBPF map to share OTel span/trace IDs	{"resource": {"service.instance.id": "c02d9762-d45b-45f8-a78e-7f8038ff55f4", "service.name": "otelcol-ebpf-profiler", "service.version": "dev"}, "otelcol.component.id": "profiling", "otelcol.component.kind": "receiver", "otelcol.signal": "profiles"}
2026-06-21T14:15:36.388-0700	info	Supports LPM trie eBPF map batch operations	{"resource": {"service.instance.id": "c02d9762-d45b-45f8-a78e-7f8038ff55f4", "service.name": "otelcol-ebpf-profiler", "service.version": "dev"}, "otelcol.component.id": "profiling", "otelcol.component.kind": "receiver", "otelcol.signal": "profiles"}
2026-06-21T14:15:36.389-0700	info	eBPF tracer loaded	{"resource": {"service.instance.id": "c02d9762-d45b-45f8-a78e-7f8038ff55f4", "service.name": "otelcol-ebpf-profiler", "service.version": "dev"}, "otelcol.component.id": "profiling", "otelcol.component.kind": "receiver", "otelcol.signal": "profiles"}
2026-06-21T14:15:36.391-0700	info	Attached tracer program	{"resource": {"service.instance.id": "c02d9762-d45b-45f8-a78e-7f8038ff55f4", "service.name": "otelcol-ebpf-profiler", "service.version": "dev"}, "otelcol.component.id": "profiling", "otelcol.component.kind": "receiver", "otelcol.signal": "profiles"}
2026-06-21T14:15:36.403-0700	info	Attached probes	{"resource": {"service.instance.id": "c02d9762-d45b-45f8-a78e-7f8038ff55f4", "service.name": "otelcol-ebpf-profiler", "service.version": "dev"}, "otelcol.component.id": "profiling", "otelcol.component.kind": "receiver", "otelcol.signal": "profiles"}
2026-06-21T14:15:36.404-0700	info	Attached sched monitor	{"resource": {"service.instance.id": "c02d9762-d45b-45f8-a78e-7f8038ff55f4", "service.name": "otelcol-ebpf-profiler", "service.version": "dev"}, "otelcol.component.id": "profiling", "otelcol.component.kind": "receiver", "otelcol.signal": "profiles"}
2026-06-21T14:15:36.422-0700	info	service@v0.154.0/service.go:264	Everything is ready. Begin running and processing data.	{"resource": {"service.instance.id": "c02d9762-d45b-45f8-a78e-7f8038ff55f4", "service.name": "otelcol-ebpf-profiler", "service.version": "dev"}}
2026-06-21T14:15:40.343-0700	info	Profiles	{"resource": {"service.instance.id": "c02d9762-d45b-45f8-a78e-7f8038ff55f4", "service.name": "otelcol-ebpf-profiler", "service.version": "dev"}, "otelcol.component.id": "debug", "otelcol.component.kind": "exporter", "otelcol.signal": "profiles", "resource profiles": 6, "sample records": 77}
2026-06-21T14:15:40.344-0700	info	Mapping #0
    Memory start: 0
    Memory limit: 0
    File offset: 0
    File name: 0
    Attributes: []
Mapping #1
    Memory start: 0
    Memory limit: 0
    File offset: 0
    File name: 5
    Attributes: [1 2]
Mapping #2
    Memory start: 0
    Memory limit: 117968896
    File offset: 0
    File name: 21
    Attributes: [7 8]
Mapping #3
    Memory start: 0
    Memory limit: 61755392
    File offset: 0
    File name: 22
    Attributes: [10]
Mapping #4
    Memory start: 0
    Memory limit: 135168
    File offset: 0
    File name: 23
    Attributes: [11]
Mapping #5
    Memory start: 163840
    Memory limit: 1769472
    File offset: 163840
    File name: 24
    Attributes: [12]
Mapping #6
    Memory start: 14532608
    Memory limit: 21663744
    File offset: 14528512
    File name: 25
    Attributes: [16 17]
Mapping #7
    Memory start: 7925760
    Memory limit: 214024192
    File offset: 7925760
    File name: 37
    Attributes: [21]
Mapping #8
    Memory start: 4194304
    Memory limit: 19996672
    File offset: 0
    File name: 47
    Attributes: [41 42]
Mapping #9
    Memory start: 14893056
    Memory limit: 53129216
    File offset: 10698752
    File name: 119
    Attributes: [59 60]
Location #0
    Mapping index: 0
    Address: 0
    Attributes: []
Location #1
    Mapping index: 1
    Address: 5534409
    Line #0
        Function index: 1
        Line: 0
        Column: 0
    Attributes: [3]
Location #2
    Mapping index: 1
    Address: 5150632
    Line #0
        Function index: 2
        Line: 0
        Column: 0
    Attributes: [3]
Location #3
    Mapping index: 1
    Address: 5151225
    Line #0
        Function index: 3
        Line: 0
        Column: 0
    Attributes: [3]
Location #4
    Mapping index: 1
    Address: 5146143
    Line #0
        Function index: 4
        Line: 0
        Column: 0
    Attributes: [3]
Location #5
    Mapping index: 1
    Address: 5149539
    Line #0
        Function index: 5
        Line: 0
        Column: 0
    Attributes: [3]
Location #6
    Mapping index: 1
    Address: 5149874
    Line #0
        Function index: 6
        Line: 0
        Column: 0
    Attributes: [3]
Location #7
    Mapping index: 1
    Address: 4461015
    Line #0
        Function index: 7
        Line: 0
        Column: 0
    Attributes: [3]
Location #8
    Mapping index: 1
    Address: 3573443
    Line #0
        Function index: 8
        Line: 0
        Column: 0
    Attributes: [3]
Location #9
    Mapping index: 1
    Address: 3163321
    Line #0
        Function index: 9
        Line: 0
        Column: 0
    Attributes: [3]
Location #10
    Mapping index: 2
    Address: 27795069
    Attributes: [9]
Location #11
    Mapping index: 2
    Address: 27798992
    Attributes: [9]
Location #12
    Mapping index: 2
    Address: 27798804
    Attributes: [9]
Location #13
    Mapping index: 2
    Address: 26517192
    Attributes: [9]
Location #14
    Mapping index: 2
    Address: 26525834
    Attributes: [9]
Location #15
    Mapping index: 2
    Address: 26764405
    Attributes: [9]
Location #16
    Mapping index: 2
    Address: 31598344
    Attributes: [9]
Location #17
    Mapping index: 2
    Address: 31597055
    Attributes: [9]
Location #18
    Mapping index: 2
    Address: 66195957
    Attributes: [9]
Location #19
    Mapping index: 2
    Address: 15917664
    Attributes: [9]
Location #20
    Mapping index: 3
    Address: 29488527
    Attributes: [9]
Location #21
    Mapping index: 3
    Address: 29454066
    Attributes: [9]
Location #22
    Mapping index: 3
    Address: 33159686
    Attributes: [9]
Location #23
    Mapping index: 3
    Address: 12153813
    Attributes: [9]
Location #24
    Mapping index: 3
    Address: 44066347
    Attributes: [9]
Location #25
    Mapping index: 3
    Address: 43528371
    Attributes: [9]
Location #26
    Mapping index: 3
    Address: 44574268
    Attributes: [9]
Location #27
    Mapping index: 4
    Address: 82989
    Attributes: [9]
Location #28
    Mapping index: 4
    Address: 71827
    Attributes: [9]
Location #29
    Mapping index: 3
    Address: 40057201
    Attributes: [9]
Location #30
    Mapping index: 2
    Address: 13565814
    Attributes: [9]
Location #31
    Mapping index: 3
    Address: 40055350
    Attributes: [9]
Location #32
    Mapping index: 3
    Address: 39826711
    Attributes: [9]
Location #33
    Mapping index: 3
    Address: 39827326
    Attributes: [9]
Location #34
    Mapping index: 3
    Address: 39943199
    Attributes: [9]
Location #35
    Mapping index: 4
    Address: 70123
    Attributes: [9]
Location #36
    Mapping index: 4
    Address: 123778
    Attributes: [9]
Location #37
    Mapping index: 5
    Address: 172489
    Attributes: [9]
Location #38
    Mapping index: 5
    Address: 172682
    Attributes: [9]
Location #39
    Mapping index: 4
    Address: 57940
    Attributes: [9]
Location #40
    Mapping index: 2
    Address: 15838716
    Attributes: [9]
Location #41
    Mapping index: 2
    Address: 15806474
    Attributes: [9]
Location #42
    Mapping index: 2
    Address: 26797846
    Attributes: [9]
Location #43
    Mapping index: 2
    Address: 26768790
    Attributes: [9]
Location #44
    Mapping index: 6
    Address: 20679488
    Attributes: [9]
Location #45
    Mapping index: 6
    Address: 17128412
    Attributes: [9]
Location #46
    Mapping index: 6
    Address: 17162628
    Attributes: [9]
Location #47
    Mapping index: 6
    Address: 17128201
    Attributes: [9]
Location #48
    Mapping index: 6
    Address: 17124740
    Attributes: [9]
Location #49
    Mapping index: 6
    Address: 17035412
    Attributes: [9]
Location #50
    Mapping index: 6
    Address: 17034239
    Attributes: [9]
Location #51
    Mapping index: 6
    Address: 17030501
    Attributes: [9]
Location #52
    Mapping index: 6
    Address: 16919567
    Attributes: [9]
Location #53
    Mapping index: 6
    Address: 15518371
    Attributes: [9]
Location #54
    Mapping index: 6
    Address: 15968003
    Attributes: [9]
Location #55
    Mapping index: 6
    Address: 15905384
    Attributes: [9]
Location #56
    Mapping index: 6
    Address: 16317066
    Attributes: [9]
Location #57
    Mapping index: 6
    Address: 15858770
    Attributes: [9]
Location #58
    Mapping index: 6
    Address: 16637480
    Attributes: [9]
Location #59
    Mapping index: 6
    Address: 21388591
    Attributes: [9]
Location #60
    Mapping index: 6
    Address: 16319364
    Attributes: [9]
Location #61
    Mapping index: 6
    Address: 14536356
    Attributes: [9]
Location #62
    Mapping index: 6
    Address: 17162198
    Attributes: [9]
Location #63
    Mapping index: 6
    Address: 15712658
    Attributes: [9]
Location #64
    Mapping index: 6
    Address: 16925696
    Attributes: [9]
Location #65
    Mapping index: 6
    Address: 16919781
    Attributes: [9]
Location #66
    Mapping index: 6
    Address: 20679545
    Attributes: [9]
Location #67
    Mapping index: 1
    Address: 20483795
    Line #0
        Function index: 10
        Line: 0
        Column: 0
    Attributes: [3]
Location #68
    Mapping index: 1
    Address: 20485590
    Line #0
        Function index: 11
        Line: 0
        Column: 0
    Attributes: [3]
Location #69
    Mapping index: 1
    Address: 8929613
    Line #0
        Function index: 12
        Line: 0
        Column: 0
    Attributes: [3]
Location #70
    Mapping index: 1
    Address: 8930316
    Line #0
        Function index: 13
        Line: 0
        Column: 0
    Attributes: [3]
Location #71
    Mapping index: 1
    Address: 9508389
    Line #0
        Function index: 14
        Line: 0
        Column: 0
    Attributes: [3]
Location #72
    Mapping index: 1
    Address: 8662554
    Line #0
        Function index: 15
        Line: 0
        Column: 0
    Attributes: [3]
Location #73
    Mapping index: 1
    Address: 8666654
    Line #0
        Function index: 16
        Line: 0
        Column: 0
    Attributes: [3]
Location #74
    Mapping index: 1
    Address: 8666824
    Line #0
        Function index: 17
        Line: 0
        Column: 0
    Attributes: [3]
Location #75
    Mapping index: 1
    Address: 3171795
    Line #0
        Function index: 18
        Line: 0
        Column: 0
    Attributes: [3]
Location #76
    Mapping index: 1
    Address: 22351549
    Line #0
        Function index: 19
        Line: 0
        Column: 0
    Attributes: [3]
Location #77
    Mapping index: 1
    Address: 298
    Line #0
        Function index: 20
        Line: 0
        Column: 0
    Attributes: [3]
Location #78
    Mapping index: 5
    Address: 1161929
    Attributes: [9]
Location #79
    Mapping index: 6
    Address: 21423134
    Attributes: [9]
Location #80
    Mapping index: 6
    Address: 21405096
    Attributes: [9]
Location #81
    Mapping index: 6
    Address: 15470474
    Attributes: [9]
Location #82
    Mapping index: 6
    Address: 15968283
    Attributes: [9]
Location #83
    Mapping index: 5
    Address: 713234
    Attributes: [9]
Location #84
    Mapping index: 6
    Address: 20676140
    Attributes: [9]
Location #85
    Mapping index: 6
    Address: 20676592
    Attributes: [9]
Location #86
    Mapping index: 6
    Address: 20679663
    Attributes: [9]
Location #87
    Mapping index: 5
    Address: 703096
    Attributes: [9]
Location #88
    Mapping index: 5
    Address: 708676
    Attributes: [9]
Location #89
    Mapping index: 5
    Address: 713221
    Attributes: [9]
Location #90
    Mapping index: 6
    Address: 21583953
    Attributes: [9]
Location #91
    Mapping index: 6
    Address: 21583674
    Attributes: [9]
Location #92
    Mapping index: 6
    Address: 20680708
    Attributes: [9]
Location #93
    Mapping index: 6
    Address: 20679398
    Attributes: [9]
Location #94
    Mapping index: 7
    Address: 181355011
    Attributes: [9]
Location #95
    Mapping index: 7
    Address: 181343931
    Attributes: [9]
Location #96
    Mapping index: 7
    Address: 181333758
    Attributes: [9]
Location #97
    Mapping index: 7
    Address: 181090943
    Attributes: [9]
Location #98
    Mapping index: 7
    Address: 173355690
    Attributes: [9]
Location #99
    Mapping index: 7
    Address: 173517285
    Attributes: [9]
Location #100
    Mapping index: 7
    Address: 148867165
    Attributes: [9]
Location #101
    Mapping index: 7
    Address: 176398003
    Attributes: [9]
Location #102
    Mapping index: 7
    Address: 213968242
    Attributes: [9]
Location #103
    Mapping index: 7
    Address: 213923225
    Attributes: [9]
Location #104
    Mapping index: 7
    Address: 181336460
    Attributes: [9]
Location #105
    Mapping index: 7
    Address: 213961677
    Attributes: [9]
Location #106
    Mapping index: 7
    Address: 213905198
    Attributes: [9]
Location #107
    Mapping index: 7
    Address: 213905048
    Attributes: [9]
Location #108
    Mapping index: 7
    Address: 181357492
    Attributes: [9]
Location #109
    Mapping index: 7
    Address: 181309140
    Attributes: [9]
Location #110
    Mapping index: 1
    Address: 7769077
    Line #0
        Function index: 21
        Line: 0
        Column: 0
    Attributes: [3]
Location #111
    Mapping index: 1
    Address: 7771835
    Line #0
        Function index: 22
        Line: 0
        Column: 0
    Attributes: [3]
Location #112
    Mapping index: 1
    Address: 7803145
    Line #0
        Function index: 23
        Line: 0
        Column: 0
    Attributes: [3]
Location #113
    Mapping index: 1
    Address: 7804071
    Line #0
        Function index: 24
        Line: 0
        Column: 0
    Attributes: [3]
Location #114
    Mapping index: 1
    Address: 4214009
    Line #0
        Function index: 25
        Line: 0
        Column: 0
    Attributes: [3]
Location #115
    Mapping index: 1
    Address: 4215097
    Line #0
        Function index: 26
        Line: 0
        Column: 0
    Attributes: [3]
Location #116
    Mapping index: 1
    Address: 4221648
    Line #0
        Function index: 27
        Line: 0
        Column: 0
    Attributes: [3]
Location #117
    Mapping index: 1
    Address: 4224517
    Line #0
        Function index: 28
        Line: 0
        Column: 0
    Attributes: [3]
Location #118
    Mapping index: 1
    Address: 4225583
    Line #0
        Function index: 29
        Line: 0
        Column: 0
    Attributes: [3]
Location #119
    Mapping index: 1
    Address: 3166376
    Line #0
        Function index: 18
        Line: 0
        Column: 0
    Attributes: [3]
Location #120
    Mapping index: 7
    Address: 214006162
    Attributes: [9]
Location #121
    Mapping index: 7
    Address: 181255874
    Attributes: [9]
Location #122
    Mapping index: 7
    Address: 181362981
    Attributes: [9]
Location #123
    Mapping index: 7
    Address: 181311516
    Attributes: [9]
Location #124
    Mapping index: 7
    Address: 181313050
    Attributes: [9]
Location #125
    Mapping index: 7
    Address: 181245082
    Attributes: [9]
Location #126
    Mapping index: 7
    Address: 181355071
    Attributes: [9]
Location #127
    Mapping index: 7
    Address: 181301680
    Attributes: [9]
Location #128
    Mapping index: 7
    Address: 181225430
    Attributes: [9]
Location #129
    Mapping index: 7
    Address: 181229306
    Attributes: [9]
Location #130
    Mapping index: 7
    Address: 181383952
    Attributes: [9]
Location #131
    Mapping index: 7
    Address: 181383645
    Attributes: [9]
Location #132
    Mapping index: 7
    Address: 181357580
    Attributes: [9]
Location #133
    Mapping index: 7
    Address: 181355455
    Attributes: [9]
Location #134
    Mapping index: 7
    Address: 181124906
    Attributes: [9]
Location #135
    Mapping index: 7
    Address: 181996197
    Attributes: [9]
Location #136
    Mapping index: 7
    Address: 181312191
    Attributes: [9]
Location #137
    Mapping index: 7
    Address: 181244795
    Attributes: [9]
Location #138
    Mapping index: 7
    Address: 213964126
    Attributes: [9]
Location #139
    Mapping index: 7
    Address: 213961663
    Attributes: [9]
Location #140
    Mapping index: 7
    Address: 213963917
    Attributes: [9]
Location #141
    Mapping index: 1
    Address: 22351492
    Line #0
        Function index: 19
        Line: 0
        Column: 0
    Attributes: [3]
Location #142
    Mapping index: 7
    Address: 213964523
    Attributes: [9]
Location #143
    Mapping index: 7
    Address: 213972630
    Attributes: [9]
Location #144
    Mapping index: 7
    Address: 23496041
    Attributes: [9]
Location #145
    Mapping index: 7
    Address: 40043010
    Attributes: [9]
Location #146
    Mapping index: 7
    Address: 40039854
    Attributes: [9]
Location #147
    Mapping index: 7
    Address: 138042188
    Attributes: [9]
Location #148
    Mapping index: 7
    Address: 56369540
    Attributes: [9]
Location #149
    Mapping index: 7
    Address: 55506130
    Attributes: [9]
Location #150
    Mapping index: 7
    Address: 58506872
    Attributes: [9]
Location #151
    Mapping index: 7
    Address: 51580832
    Attributes: [9]
Location #152
    Mapping index: 7
    Address: 177076179
    Attributes: [9]
Location #153
    Mapping index: 7
    Address: 177068943
    Attributes: [9]
Location #154
    Mapping index: 7
    Address: 176911476
    Attributes: [9]
Location #155
    Mapping index: 7
    Address: 176942810
    Attributes: [9]
Location #156
    Mapping index: 7
    Address: 177010934
    Attributes: [9]
Location #157
    Mapping index: 7
    Address: 176925211
    Attributes: [9]
Location #158
    Mapping index: 7
    Address: 176879057
    Attributes: [9]
Location #159
    Mapping index: 7
    Address: 181337465
    Attributes: [9]
Location #160
    Mapping index: 7
    Address: 181404030
    Attributes: [9]
Location #161
    Mapping index: 7
    Address: 181392512
    Attributes: [9]
Location #162
    Mapping index: 7
    Address: 181363332
    Attributes: [9]
Location #163
    Mapping index: 7
    Address: 181337451
    Attributes: [9]
Location #164
    Mapping index: 7
    Address: 178124820
    Attributes: [9]
Location #165
    Mapping index: 7
    Address: 160949433
    Attributes: [9]
Location #166
    Mapping index: 7
    Address: 178124980
    Attributes: [9]
Location #167
    Mapping index: 7
    Address: 178091922
    Attributes: [9]
Location #168
    Mapping index: 7
    Address: 19803179
    Attributes: [9]
Location #169
    Mapping index: 7
    Address: 42980170
    Attributes: [9]
Location #170
    Mapping index: 7
    Address: 40040268
    Attributes: [9]
Location #171
    Mapping index: 7
    Address: 40042859
    Attributes: [9]
Location #172
    Mapping index: 7
    Address: 178013007
    Attributes: [9]
Location #173
    Mapping index: 7
    Address: 178012094
    Attributes: [9]
Location #174
    Mapping index: 7
    Address: 40239150
    Attributes: [9]
Location #175
    Mapping index: 7
    Address: 19021856
    Attributes: [9]
Location #176
    Mapping index: 7
    Address: 46996181
    Attributes: [9]
Location #177
    Mapping index: 7
    Address: 28709168
    Attributes: [9]
Location #178
    Mapping index: 7
    Address: 25882623
    Attributes: [9]
Location #179
    Mapping index: 7
    Address: 27932283
    Attributes: [9]
Location #180
    Mapping index: 7
    Address: 22265568
    Attributes: [9]
Location #181
    Mapping index: 7
    Address: 177069774
    Attributes: [9]
Location #182
    Mapping index: 7
    Address: 181304801
    Attributes: [9]
Location #183
    Mapping index: 7
    Address: 181295180
    Attributes: [9]
Location #184
    Mapping index: 7
    Address: 24811226
    Attributes: [9]
Location #185
    Mapping index: 7
    Address: 24779469
    Attributes: [9]
Location #186
    Mapping index: 7
    Address: 25051397
    Attributes: [9]
Location #187
    Mapping index: 7
    Address: 24944202
    Attributes: [9]
Location #188
    Mapping index: 7
    Address: 27917160
    Attributes: [9]
Location #189
    Mapping index: 7
    Address: 22086512
    Attributes: [9]
Location #190
    Mapping index: 7
    Address: 177075946
    Attributes: [9]
Location #191
    Mapping index: 8
    Address: 18182596
    Line #0
        Function index: 30
        Line: 1258
        Column: 0
    Attributes: [43]
Location #192
    Mapping index: 8
    Address: 19544164
    Line #0
        Function index: 31
        Line: 1111
        Column: 0
    Attributes: [43]
Location #193
    Mapping index: 8
    Address: 18456436
    Line #0
        Function index: 32
        Line: 55
        Column: 0
    Attributes: [43]
Location #194
    Mapping index: 8
    Address: 4740960
    Line #0
        Function index: 33
        Line: 1694
        Column: 0
    Attributes: [43]
Location #195
    Mapping index: 8
    Address: 4261812
    Line #0
        Function index: 34
        Line: 154
        Column: 0
    Attributes: [43]
Location #196
    Mapping index: 8
    Address: 19380920
    Line #0
        Function index: 35
        Line: 506
        Column: 0
    Attributes: [43]
Location #197
    Mapping index: 8
    Address: 19379752
    Line #0
        Function index: 36
        Line: 437
        Column: 0
    Attributes: [43]
Location #198
    Mapping index: 8
    Address: 19373291
    Line #0
        Function index: 37
        Line: 222
        Column: 0
    Attributes: [43]
Location #199
    Mapping index: 8
    Address: 19422167
    Line #0
        Function index: 38
        Line: 384
        Column: 0
    Attributes: [43]
Location #200
    Mapping index: 8
    Address: 19432468
    Line #0
        Function index: 39
        Line: 606
        Column: 0
    Attributes: [43]
Location #201
    Mapping index: 8
    Address: 18445717
    Line #0
        Function index: 40
        Line: 403
        Column: 0
    Attributes: [43]
Location #202
    Mapping index: 8
    Address: 18443691
    Line #0
        Function index: 41
        Line: 378
        Column: 0
    Attributes: [43]
Location #203
    Mapping index: 8
    Address: 18444583
    Line #0
        Function index: 42
        Line: 407
        Column: 0
    Attributes: [43]
Location #204
    Mapping index: 8
    Address: 19428093
    Line #0
        Function index: 43
        Line: 552
        Column: 0
    Attributes: [43]
Location #205
    Mapping index: 8
    Address: 19501466
    Line #0
        Function index: 44
        Line: 57
        Column: 0
    Attributes: [43]
Location #206
    Mapping index: 8
    Address: 19500935
    Line #0
        Function index: 45
        Line: 47
        Column: 0
    Attributes: [43]
Location #207
    Mapping index: 8
    Address: 4743708
    Line #0
        Function index: 46
        Line: 425
        Column: 0
    Attributes: [43]
Location #208
    Mapping index: 8
    Address: 18920334
    Line #0
        Function index: 47
        Line: 650
        Column: 0
    Attributes: [43]
Location #209
    Mapping index: 8
    Address: 18933545
    Line #0
        Function index: 48
        Line: 1004
        Column: 0
    Attributes: [43]
Location #210
    Mapping index: 8
    Address: 18935371
    Line #0
        Function index: 49
        Line: 1191
        Column: 0
    Attributes: [43]
Location #211
    Mapping index: 8
    Address: 18936615
    Line #0
        Function index: 50
        Line: 1246
        Column: 0
    Attributes: [43]
Location #212
    Mapping index: 8
    Address: 18958365
    Line #0
        Function index: 51
        Line: 209
        Column: 0
    Attributes: [43]
Location #213
    Mapping index: 8
    Address: 18957892
    Line #0
        Function index: 52
        Line: 182
        Column: 0
    Attributes: [43]
Location #214
    Mapping index: 8
    Address: 18959142
    Line #0
        Function index: 53
        Line: 37
        Column: 0
    Attributes: [43]
Location #215
    Mapping index: 8
    Address: 19372701
    Line #0
        Function index: 37
        Line: 187
        Column: 0
    Attributes: [43]
Location #216
    Mapping index: 8
    Address: 19551419
    Line #0
        Function index: 54
        Line: 72
        Column: 0
    Attributes: [43]
Location #217
    Mapping index: 8
    Address: 19502652
    Line #0
        Function index: 55
        Line: 195
        Column: 0
    Attributes: [43]
Location #218
    Mapping index: 8
    Address: 18920046
    Line #0
        Function index: 47
        Line: 195
        Column: 0
    Attributes: [43]
Location #219
    Mapping index: 1
    Address: 12357817
    Line #0
        Function index: 56
        Line: 0
        Column: 0
    Attributes: [3]
Location #220
    Mapping index: 1
    Address: 6564310
    Line #0
        Function index: 57
        Line: 0
        Column: 0
    Attributes: [3]
Location #221
    Mapping index: 1
    Address: 6548654
    Line #0
        Function index: 58
        Line: 0
        Column: 0
    Attributes: [3]
Location #222
    Mapping index: 1
    Address: 6574650
    Line #0
        Function index: 59
        Line: 0
        Column: 0
    Attributes: [3]
Location #223
    Mapping index: 1
    Address: 6576780
    Line #0
        Function index: 60
        Line: 0
        Column: 0
    Attributes: [3]
Location #224
    Mapping index: 1
    Address: 3172050
    Line #0
        Function index: 18
        Line: 0
        Column: 0
    Attributes: [3]
Location #225
    Mapping index: 8
    Address: 4224397
    Line #0
        Function index: 61
        Line: 36
        Column: 0
    Attributes: [43]
Location #226
    Mapping index: 8
    Address: 4849036
    Line #0
        Function index: 62
        Line: 67
        Column: 0
    Attributes: [43]
Location #227
    Mapping index: 8
    Address: 4849125
    Line #0
        Function index: 63
        Line: 87
        Column: 0
    Attributes: [43]
Location #228
    Mapping index: 8
    Address: 4852909
    Line #0
        Function index: 64
        Line: 1
        Column: 0
    Attributes: [43]
Location #229
    Mapping index: 8
    Address: 17802355
    Line #0
        Function index: 65
        Line: 95
        Column: 0
    Attributes: [43]
Location #230
    Mapping index: 8
    Address: 18185741
    Line #0
        Function index: 66
        Line: 1420
        Column: 0
    Attributes: [43]
Location #231
    Mapping index: 8
    Address: 18185389
    Line #0
        Function index: 67
        Line: 1399
        Column: 0
    Attributes: [43]
Location #232
    Mapping index: 8
    Address: 19489045
    Line #0
        Function index: 68
        Line: 547
        Column: 0
    Attributes: [43]
Location #233
    Mapping index: 8
    Address: 19380040
    Line #0
        Function index: 36
        Line: 449
        Column: 0
    Attributes: [43]
Location #234
    Mapping index: 8
    Address: 4313261
    Line #0
        Function index: 69
        Line: 639
        Column: 0
    Attributes: [43]
Location #235
    Mapping index: 8
    Address: 4699204
    Line #0
        Function index: 70
        Line: 1066
        Column: 0
    Attributes: [43]
Location #236
    Mapping index: 8
    Address: 4315716
    Line #0
        Function index: 71
        Line: 1747
        Column: 0
    Attributes: [43]
Location #237
    Mapping index: 8
    Address: 18932397
    Line #0
        Function index: 48
        Line: 985
        Column: 0
    Attributes: [43]
Location #238
    Mapping index: 8
    Address: 4744725
    Line #0
        Function index: 72
        Line: 122
        Column: 0
    Attributes: [43]
Location #239
    Mapping index: 8
    Address: 4719229
    Line #0
        Function index: 73
        Line: 285
        Column: 0
    Attributes: [43]
Location #240
    Mapping index: 8
    Address: 18900310
    Line #0
        Function index: 74
        Line: 119
        Column: 0
    Attributes: [43]
Location #241
    Mapping index: 8
    Address: 18933479
    Line #0
        Function index: 48
        Line: 1003
        Column: 0
    Attributes: [43]
Location #242
    Mapping index: 1
    Address: 12357811
    Line #0
        Function index: 56
        Line: 0
        Column: 0
    Attributes: [3]
Location #243
    Mapping index: 1
    Address: 6564251
    Line #0
        Function index: 57
        Line: 0
        Column: 0
    Attributes: [3]
Location #244
    Mapping index: 0
    Address: 0
    Line #0
        Function index: 75
        Line: 0
        Column: 0
    Attributes: [56]
Location #245
    Mapping index: 0
    Address: 47456288
    Attributes: [9]
Location #246
    Mapping index: 0
    Address: 45255229
    Attributes: [9]
Location #247
    Mapping index: 0
    Address: 45256993
    Attributes: [9]
Location #248
    Mapping index: 0
    Address: 45306360
    Attributes: [9]
Location #249
    Mapping index: 0
    Address: 45312831
    Attributes: [9]
Location #250
    Mapping index: 9
    Address: 19660682
    Attributes: [9]
Location #251
    Mapping index: 9
    Address: 19919552
    Attributes: [9]
Location #252
    Mapping index: 9
    Address: 19920478
    Attributes: [9]
Location #253
    Mapping index: 0
    Address: 36980119
    Attributes: [9]
Location #254
    Mapping index: 9
    Address: 16935283
    Attributes: [9]
Location #255
    Mapping index: 5
    Address: 641699
    Attributes: [9]
Location #256
    Mapping index: 5
    Address: 1219691
    Attributes: [9]
Location #257
    Mapping index: 5
    Address: 1607197
    Attributes: [9]
Location #258
    Mapping index: 9
    Address: 19181773
    Attributes: [9]
Location #259
    Mapping index: 9
    Address: 24810107
    Attributes: [9]
Location #260
    Mapping index: 9
    Address: 24871805
    Attributes: [9]
Location #261
    Mapping index: 9
    Address: 24822590
    Attributes: [9]
Location #262
    Mapping index: 9
    Address: 24823191
    Attributes: [9]
Location #263
    Mapping index: 9
    Address: 24827096
    Attributes: [9]
Location #264
    Mapping index: 9
    Address: 24838311
    Attributes: [9]
Location #265
    Mapping index: 9
    Address: 24840125
    Attributes: [9]
Location #266
    Mapping index: 9
    Address: 24843441
    Attributes: [9]
Location #267
    Mapping index: 9
    Address: 24844961
    Attributes: [9]
Location #268
    Mapping index: 9
    Address: 24856495
    Attributes: [9]
Location #269
    Mapping index: 9
    Address: 24862877
    Attributes: [9]
Location #270
    Mapping index: 9
    Address: 24863213
    Attributes: [9]
Location #271
    Mapping index: 9
    Address: 24599593
    Attributes: [9]
Location #272
    Mapping index: 9
    Address: 24720949
    Attributes: [9]
Location #273
    Mapping index: 9
    Address: 24722392
    Attributes: [9]
Location #274
    Mapping index: 9
    Address: 24761819
    Attributes: [9]
Location #275
    Mapping index: 9
    Address: 24764184
    Attributes: [9]
Location #276
    Mapping index: 9
    Address: 24765638
    Attributes: [9]
Location #277
    Mapping index: 9
    Address: 24787094
    Attributes: [9]
Location #278
    Mapping index: 9
    Address: 19705047
    Attributes: [9]
Location #279
    Mapping index: 9
    Address: 19706189
    Attributes: [9]
Location #280
    Mapping index: 9
    Address: 19706926
    Attributes: [9]
Location #281
    Mapping index: 9
    Address: 19711212
    Attributes: [9]
Location #282
    Mapping index: 9
    Address: 18997854
    Attributes: [9]
Location #283
    Mapping index: 9
    Address: 18999310
    Attributes: [9]
Location #284
    Mapping index: 9
    Address: 15962226
    Attributes: [9]
Location #285
    Mapping index: 9
    Address: 15978729
    Attributes: [9]
Location #286
    Mapping index: 9
    Address: 19316633
    Attributes: [9]
Location #287
    Mapping index: 9
    Address: 19317481
    Attributes: [9]
Location #288
    Mapping index: 0
    Address: 0
    Line #0
        Function index: 76
        Line: 0
        Column: 0
    Attributes: [56]
Location #289
    Mapping index: 0
    Address: 0
    Line #0
        Function index: 77
        Line: 0
        Column: 0
    Attributes: [56]
Location #290
    Mapping index: 0
    Address: 0
    Line #0
        Function index: 78
        Line: 0
        Column: 0
    Attributes: [56]
Location #291
    Mapping index: 0
    Address: 0
    Line #0
        Function index: 79
        Line: 0
        Column: 0
    Attributes: [56]
Location #292
    Mapping index: 0
    Address: 0
    Line #0
        Function index: 80
        Line: 0
        Column: 0
    Attributes: [56]
Location #293
    Mapping index: 0
    Address: 0
    Line #0
        Function index: 81
        Line: 0
        Column: 0
    Attributes: [56]
Location #294
    Mapping index: 0
    Address: 0
    Line #0
        Function index: 82
        Line: 0
        Column: 0
    Attributes: [56]
Location #295
    Mapping index: 0
    Address: 0
    Line #0
        Function index: 83
        Line: 0
        Column: 0
    Attributes: [56]
Location #296
    Mapping index: 0
    Address: 0
    Line #0
        Function index: 84
        Line: 0
        Column: 0
    Attributes: [56]
Location #297
    Mapping index: 0
    Address: 0
    Line #0
        Function index: 85
        Line: 0
        Column: 0
    Attributes: [56]
Location #298
    Mapping index: 0
    Address: 0
    Attributes: [56]
Location #299
    Mapping index: 0
    Address: 0
    Line #0
        Function index: 86
        Line: 0
        Column: 0
    Attributes: [56]
Location #300
    Mapping index: 0
    Address: 0
    Line #0
        Function index: 87
        Line: 0
        Column: 0
    Attributes: [56]
Location #301
    Mapping index: 9
    Address: 20424196
    Attributes: [9]
Location #302
    Mapping index: 9
    Address: 20428857
    Attributes: [9]
Location #303
    Mapping index: 9
    Address: 20635384
    Attributes: [9]
Location #304
    Mapping index: 9
    Address: 20636338
    Attributes: [9]
Location #305
    Mapping index: 0
    Address: 0
    Line #0
        Function index: 88
        Line: 0
        Column: 0
    Attributes: [56]
Location #306
    Mapping index: 0
    Address: 0
    Line #0
        Function index: 89
        Line: 72
        Column: 0
    Attributes: [56]
Location #307
    Mapping index: 0
    Address: 0
    Line #0
        Function index: 90
        Line: 0
        Column: 0
    Attributes: [56]
Location #308
    Mapping index: 9
    Address: 20423650
    Attributes: [9]
Location #309
    Mapping index: 9
    Address: 20427604
    Attributes: [9]
Location #310
    Mapping index: 9
    Address: 19052805
    Attributes: [9]
Location #311
    Mapping index: 9
    Address: 15267290
    Attributes: [9]
Location #312
    Mapping index: 9
    Address: 15267424
    Attributes: [9]
Location #313
    Mapping index: 9
    Address: 16411541
    Attributes: [9]
Location #314
    Mapping index: 9
    Address: 16412425
    Attributes: [9]
Location #315
    Mapping index: 9
    Address: 16314762
    Attributes: [9]
Location #316
    Mapping index: 9
    Address: 30409788
    Attributes: [9]
Location #317
    Mapping index: 9
    Address: 30424754
    Attributes: [9]
Location #318
    Mapping index: 9
    Address: 30518099
    Attributes: [9]
Location #319
    Mapping index: 9
    Address: 30428182
    Attributes: [9]
Location #320
    Mapping index: 9
    Address: 15277125
    Attributes: [9]
Location #321
    Mapping index: 9
    Address: 16703920
    Attributes: [9]
Location #322
    Mapping index: 9
    Address: 16023210
    Attributes: [9]
Location #323
    Mapping index: 9
    Address: 15258461
    Attributes: [9]
Location #324
    Mapping index: 0
    Address: 45163840
    Attributes: [9]
Location #325
    Mapping index: 0
    Address: 47608392
    Attributes: [9]
Location #326
    Mapping index: 0
    Address: 47627025
    Attributes: [9]
Location #327
    Mapping index: 0
    Address: 47627768
    Attributes: [9]
Location #328
    Mapping index: 0
    Address: 47628053
    Attributes: [9]
Location #329
    Mapping index: 0
    Address: 48292146
    Attributes: [9]
Location #330
    Mapping index: 0
    Address: 48270779
    Attributes: [9]
Location #331
    Mapping index: 0
    Address: 48272756
    Attributes: [9]
Location #332
    Mapping index: 0
    Address: 44842141
    Attributes: [9]
Location #333
    Mapping index: 0
    Address: 45283603
    Attributes: [9]
Location #334
    Mapping index: 0
    Address: 45312717
    Attributes: [9]
Location #335
    Mapping index: 9
    Address: 19243877
    Attributes: [9]
Location #336
    Mapping index: 9
    Address: 24890705
    Attributes: [9]
Location #337
    Mapping index: 9
    Address: 25692016
    Attributes: [9]
Location #338
    Mapping index: 0
    Address: 0
    Line #0
        Function index: 91
        Line: 0
        Column: 0
    Attributes: [56]
Location #339
    Mapping index: 0
    Address: 0
    Line #0
        Function index: 92
        Line: 139
        Column: 0
    Attributes: [56]
Location #340
    Mapping index: 0
    Address: 0
    Line #0
        Function index: 93
        Line: 158
        Column: 0
    Attributes: [56]
Location #341
    Mapping index: 0
    Address: 0
    Line #0
        Function index: 94
        Line: 211
        Column: 0
    Attributes: [56]
Location #342
    Mapping index: 0
    Address: 0
    Line #0
        Function index: 95
        Line: 205
        Column: 0
    Attributes: [56]
Location #343
    Mapping index: 0
    Address: 0
    Line #0
        Function index: 96
        Line: 233
        Column: 0
    Attributes: [56]
Location #344
    Mapping index: 9
    Address: 22464303
    Attributes: [9]
Location #345
    Mapping index: 9
    Address: 22506004
    Attributes: [9]
Location #346
    Mapping index: 9
    Address: 22516348
    Attributes: [9]
Location #347
    Mapping index: 9
    Address: 19480344
    Attributes: [9]
Location #348
    Mapping index: 9
    Address: 24137666
    Attributes: [9]
Location #349
    Mapping index: 9
    Address: 25643165
    Attributes: [9]
Location #350
    Mapping index: 9
    Address: 23624076
    Attributes: [9]
Location #351
    Mapping index: 9
    Address: 25667457
    Attributes: [9]
Location #352
    Mapping index: 0
    Address: 0
    Line #0
        Function index: 97
        Line: 0
        Column: 0
    Attributes: [56]
Location #353
    Mapping index: 0
    Address: 0
    Line #0
        Function index: 98
        Line: 0
        Column: 0
    Attributes: [56]
Location #354
    Mapping index: 0
    Address: 0
    Line #0
        Function index: 99
        Line: 0
        Column: 0
    Attributes: [56]
Location #355
    Mapping index: 0
    Address: 0
    Line #0
        Function index: 100
        Line: 0
        Column: 0
    Attributes: [56]
Location #356
    Mapping index: 0
    Address: 0
    Line #0
        Function index: 101
        Line: 0
        Column: 0
    Attributes: [56]
Location #357
    Mapping index: 0
    Address: 0
    Line #0
        Function index: 102
        Line: 0
        Column: 0
    Attributes: [56]
Location #358
    Mapping index: 9
    Address: 24019920
    Attributes: [9]
Location #359
    Mapping index: 9
    Address: 24132905
    Attributes: [9]
Location #360
    Mapping index: 9
    Address: 23605453
    Attributes: [9]
Location #361
    Mapping index: 9
    Address: 22485746
    Attributes: [9]
Location #362
    Mapping index: 9
    Address: 22491086
    Attributes: [9]
Location #363
    Mapping index: 9
    Address: 22506483
    Attributes: [9]
Location #364
    Mapping index: 0
    Address: 0
    Line #0
        Function index: 103
        Line: 0
        Column: 0
    Attributes: [56]
Location #365
    Mapping index: 0
    Address: 0
    Line #0
        Function index: 104
        Line: 0
        Column: 0
    Attributes: [56]
Location #366
    Mapping index: 0
    Address: 0
    Line #0
        Function index: 105
        Line: 0
        Column: 0
    Attributes: [56]
Location #367
    Mapping index: 0
    Address: 0
    Line #0
        Function index: 106
        Line: 295
        Column: 0
    Attributes: [56]
Location #368
    Mapping index: 0
    Address: 0
    Line #0
        Function index: 107
        Line: 0
        Column: 0
    Attributes: [56]
Location #369
    Mapping index: 0
    Address: 0
    Line #0
        Function index: 108
        Line: 0
        Column: 0
    Attributes: [56]
Location #370
    Mapping index: 0
    Address: 0
    Line #0
        Function index: 109
        Line: 0
        Column: 0
    Attributes: [56]
Location #371
    Mapping index: 0
    Address: 0
    Line #0
        Function index: 110
        Line: 0
        Column: 0
    Attributes: [56]
Location #372
    Mapping index: 0
    Address: 0
    Line #0
        Function index: 111
        Line: 0
        Column: 0
    Attributes: [56]
Location #373
    Mapping index: 9
    Address: 15266858
    Attributes: [9]
Location #374
    Mapping index: 9
    Address: 16317598
    Attributes: [9]
Location #375
    Mapping index: 9
    Address: 16417175
    Attributes: [9]
Location #376
    Mapping index: 1
    Address: 4005048
    Line #0
        Function index: 112
        Line: 0
        Column: 0
    Attributes: [3]
Location #377
    Mapping index: 1
    Address: 22379348
    Line #0
        Function index: 113
        Line: 0
        Column: 0
    Attributes: [3]
Location #378
    Mapping index: 1
    Address: 2998
    Line #0
        Function index: 114
        Line: 0
        Column: 0
    Attributes: [3]
Location #379
    Mapping index: 5
    Address: 1609095
    Attributes: [9]
Location #380
    Mapping index: 9
    Address: 21840098
    Attributes: [9]
Location #381
    Mapping index: 9
    Address: 21849979
    Attributes: [9]
Location #382
    Mapping index: 9
    Address: 21885809
    Attributes: [9]
Location #383
    Mapping index: 9
    Address: 21887322
    Attributes: [9]
Location #384
    Mapping index: 9
    Address: 21895534
    Attributes: [9]
Location #385
    Mapping index: 9
    Address: 21895803
    Attributes: [9]
Location #386
    Mapping index: 0
    Address: 37027548
    Attributes: [9]
Location #387
    Mapping index: 0
    Address: 37027954
    Attributes: [9]
Location #388
    Mapping index: 9
    Address: 21901819
    Attributes: [9]
Location #389
    Mapping index: 9
    Address: 21223921
    Attributes: [9]
Location #390
    Mapping index: 9
    Address: 21347289
    Attributes: [9]
Location #391
    Mapping index: 9
    Address: 21354168
    Attributes: [9]
Location #392
    Mapping index: 9
    Address: 21367623
    Attributes: [9]
Location #393
    Mapping index: 9
    Address: 30173616
    Attributes: [9]
Location #394
    Mapping index: 5
    Address: 705818
    Attributes: [9]
Location #395
    Mapping index: 0
    Address: 40377410
    Attributes: [9]
Location #396
    Mapping index: 0
    Address: 40419914
    Attributes: [9]
Location #397
    Mapping index: 0
    Address: 40522248
    Attributes: [9]
Location #398
    Mapping index: 0
    Address: 40529802
    Attributes: [9]
Location #399
    Mapping index: 0
    Address: 41155574
    Attributes: [9]
Location #400
    Mapping index: 0
    Address: 41183931
    Attributes: [9]
Location #401
    Mapping index: 0
    Address: 41209321
    Attributes: [9]
Location #402
    Mapping index: 0
    Address: 41211119
    Attributes: [9]
Location #403
    Mapping index: 0
    Address: 41212153
    Attributes: [9]
Location #404
    Mapping index: 9
    Address: 17989504
    Attributes: [9]
Location #405
    Mapping index: 0
    Address: 0
    Line #0
        Function index: 115
        Line: 0
        Column: 0
    Attributes: [56]
Location #406
    Mapping index: 0
    Address: 0
    Line #0
        Function index: 116
        Line: 0
        Column: 0
    Attributes: [56]
Location #407
    Mapping index: 0
    Address: 0
    Line #0
        Function index: 117
        Line: 0
        Column: 0
    Attributes: [56]
Location #408
    Mapping index: 0
    Address: 0
    Line #0
        Function index: 118
        Line: 0
        Column: 0
    Attributes: [56]
Location #409
    Mapping index: 0
    Address: 0
    Line #0
        Function index: 119
        Line: 0
        Column: 0
    Attributes: [56]
Location #410
    Mapping index: 0
    Address: 0
    Line #0
        Function index: 120
        Line: 184
        Column: 0
    Attributes: [56]
Location #411
    Mapping index: 0
    Address: 0
    Line #0
        Function index: 121
        Line: 251
        Column: 0
    Attributes: [56]
Location #412
    Mapping index: 0
    Address: 0
    Line #0
        Function index: 122
        Line: 308
        Column: 0
    Attributes: [56]
Location #413
    Mapping index: 0
    Address: 0
    Line #0
        Function index: 123
        Line: 361
        Column: 0
    Attributes: [56]
Location #414
    Mapping index: 0
    Address: 0
    Line #0
        Function index: 124
        Line: 517
        Column: 0
    Attributes: [56]
Location #415
    Mapping index: 0
    Address: 0
    Line #0
        Function index: 125
        Line: 568
        Column: 0
    Attributes: [56]
Location #416
    Mapping index: 0
    Address: 0
    Line #0
        Function index: 126
        Line: 0
        Column: 0
    Attributes: [56]
Location #417
    Mapping index: 0
    Address: 0
    Line #0
        Function index: 127
        Line: 0
        Column: 0
    Attributes: [56]
Location #418
    Mapping index: 0
    Address: 0
    Line #0
        Function index: 128
        Line: 0
        Column: 0
    Attributes: [56]
Location #419
    Mapping index: 0
    Address: 0
    Line #0
        Function index: 129
        Line: 0
        Column: 0
    Attributes: [56]
Location #420
    Mapping index: 0
    Address: 0
    Line #0
        Function index: 130
        Line: 0
        Column: 0
    Attributes: [56]
Location #421
    Mapping index: 9
    Address: 16024100
    Attributes: [9]
Location #422
    Mapping index: 9
    Address: 15292437
    Attributes: [9]
Location #423
    Mapping index: 9
    Address: 16703983
    Attributes: [9]
Location #424
    Mapping index: 9
    Address: 25670913
    Attributes: [9]
Location #425
    Mapping index: 1
    Address: 22447056
    Line #0
        Function index: 131
        Line: 0
        Column: 0
    Attributes: [3]
Location #426
    Mapping index: 1
    Address: 7421887
    Line #0
        Function index: 132
        Line: 0
        Column: 0
    Attributes: [3]
Location #427
    Mapping index: 1
    Address: 7422192
    Line #0
        Function index: 133
        Line: 0
        Column: 0
    Attributes: [3]
Location #428
    Mapping index: 1
    Address: 7422347
    Line #0
        Function index: 134
        Line: 0
        Column: 0
    Attributes: [3]
Location #429
    Mapping index: 1
    Address: 7424542
    Line #0
        Function index: 135
        Line: 0
        Column: 0
    Attributes: [3]
Location #430
    Mapping index: 1
    Address: 7807258
    Line #0
        Function index: 136
        Line: 0
        Column: 0
    Attributes: [3]
Location #431
    Mapping index: 1
    Address: 7812860
    Line #0
        Function index: 137
        Line: 0
        Column: 0
    Attributes: [3]
Location #432
    Mapping index: 1
    Address: 7813868
    Line #0
        Function index: 138
        Line: 0
        Column: 0
    Attributes: [3]
Location #433
    Mapping index: 1
    Address: 7815089
    Line #0
        Function index: 139
        Line: 0
        Column: 0
    Attributes: [3]
Location #434
    Mapping index: 1
    Address: 4005607
    Line #0
        Function index: 112
        Line: 0
        Column: 0
    Attributes: [3]
Location #435
    Mapping index: 9
    Address: 20947635
    Attributes: [9]
Location #436
    Mapping index: 9
    Address: 24215527
    Attributes: [9]
Location #437
    Mapping index: 9
    Address: 24216209
    Attributes: [9]
Location #438
    Mapping index: 9
    Address: 24218474
    Attributes: [9]
Location #439
    Mapping index: 9
    Address: 24218868
    Attributes: [9]
Location #440
    Mapping index: 9
    Address: 25571869
    Attributes: [9]
Location #441
    Mapping index: 9
    Address: 21840247
    Attributes: [9]
Location #442
    Mapping index: 9
    Address: 21844446
    Attributes: [9]
Location #443
    Mapping index: 9
    Address: 21888873
    Attributes: [9]
Location #444
    Mapping index: 9
    Address: 21895897
    Attributes: [9]
Location #445
    Mapping index: 9
    Address: 22388664
    Attributes: [9]
Location #446
    Mapping index: 9
    Address: 22393332
    Attributes: [9]
Location #447
    Mapping index: 9
    Address: 22340020
    Attributes: [9]
Location #448
    Mapping index: 9
    Address: 22404956
    Attributes: [9]
Location #449
    Mapping index: 9
    Address: 22339813
    Attributes: [9]
Location #450
    Mapping index: 9
    Address: 22338502
    Attributes: [9]
Location #451
    Mapping index: 9
    Address: 22368296
    Attributes: [9]
Location #452
    Mapping index: 9
    Address: 22368511
    Attributes: [9]
Location #453
    Mapping index: 9
    Address: 22385797
    Attributes: [9]
Location #454
    Mapping index: 9
    Address: 22386866
    Attributes: [9]
Location #455
    Mapping index: 9
    Address: 22446742
    Attributes: [9]
Location #456
    Mapping index: 9
    Address: 19657950
    Attributes: [9]
Location #457
    Mapping index: 9
    Address: 19658359
    Attributes: [9]
Location #458
    Mapping index: 9
    Address: 19703069
    Attributes: [9]
Location #459
    Mapping index: 9
    Address: 19704123
    Attributes: [9]
Location #460
    Mapping index: 0
    Address: 0
    Line #0
        Function index: 140
        Line: 0
        Column: 0
    Attributes: [56]
Location #461
    Mapping index: 0
    Address: 47898140
    Attributes: [9]
Location #462
    Mapping index: 0
    Address: 47911060
    Attributes: [9]
Location #463
    Mapping index: 0
    Address: 47915092
    Attributes: [9]
Location #464
    Mapping index: 0
    Address: 45309672
    Attributes: [9]
Location #465
    Mapping index: 0
    Address: 0
    Line #0
        Function index: 141
        Line: 244
        Column: 0
    Attributes: [56]
Location #466
    Mapping index: 0
    Address: 45352884
    Attributes: [9]
Location #467
    Mapping index: 0
    Address: 45401640
    Attributes: [9]
Location #468
    Mapping index: 0
    Address: 45235647
    Attributes: [9]
Location #469
    Mapping index: 0
    Address: 45305817
    Attributes: [9]
Location #470
    Mapping index: 9
    Address: 20182636
    Attributes: [9]
Location #471
    Mapping index: 0
    Address: 47179507
    Attributes: [9]
Location #472
    Mapping index: 0
    Address: 47182715
    Attributes: [9]
Location #473
    Mapping index: 0
    Address: 45842847
    Attributes: [9]
Location #474
    Mapping index: 0
    Address: 47183689
    Attributes: [9]
Location #475
    Mapping index: 0
    Address: 47187943
    Attributes: [9]
Location #476
    Mapping index: 0
    Address: 45238213
    Attributes: [9]
Location #477
    Mapping index: 0
    Address: 45312860
    Attributes: [9]
Location #478
    Mapping index: 0
    Address: 48529174
    Attributes: [9]
Location #479
    Mapping index: 0
    Address: 48534661
    Attributes: [9]
Location #480
    Mapping index: 0
    Address: 45230646
    Attributes: [9]
Location #481
    Mapping index: 0
    Address: 45306559
    Attributes: [9]
Location #482
    Mapping index: 9
    Address: 22487892
    Attributes: [9]
Location #483
    Mapping index: 9
    Address: 24422200
    Attributes: [9]
Location #484
    Mapping index: 9
    Address: 19181263
    Attributes: [9]
Location #485
    Mapping index: 9
    Address: 24607302
    Attributes: [9]
Location #486
    Mapping index: 9
    Address: 24618053
    Attributes: [9]
Location #487
    Mapping index: 9
    Address: 24761892
    Attributes: [9]
Location #488
    Mapping index: 9
    Address: 25275317
    Attributes: [9]
Location #489
    Mapping index: 9
    Address: 25250182
    Attributes: [9]
Location #490
    Mapping index: 9
    Address: 25348109
    Attributes: [9]
Location #491
    Mapping index: 9
    Address: 25524616
    Attributes: [9]
Location #492
    Mapping index: 9
    Address: 25526434
    Attributes: [9]
Location #493
    Mapping index: 9
    Address: 25529158
    Attributes: [9]
Location #494
    Mapping index: 9
    Address: 25529471
    Attributes: [9]
Location #495
    Mapping index: 9
    Address: 25692164
    Attributes: [9]
Location #496
    Mapping index: 0
    Address: 0
    Line #0
        Function index: 142
        Line: 0
        Column: 0
    Attributes: [56]
Location #497
    Mapping index: 0
    Address: 0
    Line #0
        Function index: 143
        Line: 0
        Column: 0
    Attributes: [56]
Location #498
    Mapping index: 0
    Address: 0
    Line #0
        Function index: 144
        Line: 473
        Column: 0
    Attributes: [56]
Location #499
    Mapping index: 0
    Address: 0
    Line #0
        Function index: 145
        Line: 678
        Column: 0
    Attributes: [56]
Location #500
    Mapping index: 0
    Address: 0
    Line #0
        Function index: 146
        Line: 622
        Column: 0
    Attributes: [56]
Location #501
    Mapping index: 0
    Address: 0
    Line #0
        Function index: 147
        Line: 25
        Column: 0
    Attributes: [56]
Location #502
    Mapping index: 0
    Address: 0
    Line #0
        Function index: 148
        Line: 174
        Column: 0
    Attributes: [56]
Location #503
    Mapping index: 0
    Address: 0
    Line #0
        Function index: 149
        Line: 183
        Column: 0
    Attributes: [56]
Location #504
    Mapping index: 0
    Address: 0
    Line #0
        Function index: 150
        Line: 227
        Column: 0
    Attributes: [56]
Location #505
    Mapping index: 0
    Address: 0
    Line #0
        Function index: 151
        Line: 0
        Column: 0
    Attributes: [56]
Location #506
    Mapping index: 0
    Address: 45470358
    Attributes: [9]
Location #507
    Mapping index: 0
    Address: 45608856
    Attributes: [9]
Location #508
    Mapping index: 0
    Address: 45210653
    Attributes: [9]
Location #509
    Mapping index: 0
    Address: 45308862
    Attributes: [9]
Location #510
    Mapping index: 9
    Address: 26019080
    Attributes: [9]
Location #511
    Mapping index: 9
    Address: 21066832
    Attributes: [9]
Location #512
    Mapping index: 9
    Address: 19083580
    Attributes: [9]
Location #513
    Mapping index: 9
    Address: 17453408
    Attributes: [9]
Location #514
    Mapping index: 0
    Address: 0
    Line #0
        Function index: 152
        Line: 0
        Column: 0
    Attributes: [56]
Location #515
    Mapping index: 0
    Address: 0
    Line #0
        Function index: 153
        Line: 0
        Column: 0
    Attributes: [56]
Location #516
    Mapping index: 0
    Address: 0
    Line #0
        Function index: 154
        Line: 0
        Column: 0
    Attributes: [56]
Location #517
    Mapping index: 0
    Address: 0
    Line #0
        Function index: 155
        Line: 0
        Column: 0
    Attributes: [56]
Location #518
    Mapping index: 0
    Address: 0
    Line #0
        Function index: 156
        Line: 0
        Column: 0
    Attributes: [56]
Location #519
    Mapping index: 0
    Address: 0
    Line #0
        Function index: 157
        Line: 0
        Column: 0
    Attributes: [56]
Location #520
    Mapping index: 9
    Address: 24448928
    Attributes: [9]
Location #521
    Mapping index: 9
    Address: 24463862
    Attributes: [9]
Location #522
    Mapping index: 9
    Address: 24464264
    Attributes: [9]
Location #523
    Mapping index: 9
    Address: 24287218
    Attributes: [9]
Location #524
    Mapping index: 0
    Address: 0
    Line #0
        Function index: 158
        Line: 0
        Column: 0
    Attributes: [56]
Location #525
    Mapping index: 0
    Address: 0
    Line #0
        Function index: 159
        Line: 0
        Column: 0
    Attributes: [56]
Function #0
    Name: 0
    System name: 0
    Filename: 0
    Start line: 0
Function #1
    Name: 8
    System name: 0
    Filename: 0
    Start line: 0
Function #2
    Name: 10
    System name: 0
    Filename: 0
    Start line: 0
Function #3
    Name: 11
    System name: 0
    Filename: 0
    Start line: 0
Function #4
    Name: 12
    System name: 0
    Filename: 0
    Start line: 0
Function #5
    Name: 13
    System name: 0
    Filename: 0
    Start line: 0
Function #6
    Name: 14
    System name: 0
    Filename: 0
    Start line: 0
Function #7
    Name: 15
    System name: 0
    Filename: 0
    Start line: 0
Function #8
    Name: 16
    System name: 0
    Filename: 0
    Start line: 0
Function #9
    Name: 17
    System name: 0
    Filename: 0
    Start line: 0
Function #10
    Name: 26
    System name: 0
    Filename: 0
    Start line: 0
Function #11
    Name: 27
    System name: 0
    Filename: 0
    Start line: 0
Function #12
    Name: 28
    System name: 0
    Filename: 0
    Start line: 0
Function #13
    Name: 29
    System name: 0
    Filename: 0
    Start line: 0
Function #14
    Name: 30
    System name: 0
    Filename: 0
    Start line: 0
Function #15
    Name: 31
    System name: 0
    Filename: 0
    Start line: 0
Function #16
    Name: 32
    System name: 0
    Filename: 0
    Start line: 0
Function #17
    Name: 33
    System name: 0
    Filename: 0
    Start line: 0
Function #18
    Name: 34
    System name: 0
    Filename: 0
    Start line: 0
Function #19
    Name: 35
    System name: 0
    Filename: 0
    Start line: 0
Function #20
    Name: 36
    System name: 0
    Filename: 0
    Start line: 0
Function #21
    Name: 38
    System name: 0
    Filename: 0
    Start line: 0
Function #22
    Name: 39
    System name: 0
    Filename: 0
    Start line: 0
Function #23
    Name: 40
    System name: 0
    Filename: 0
    Start line: 0
Function #24
    Name: 41
    System name: 0
    Filename: 0
    Start line: 0
Function #25
    Name: 42
    System name: 0
    Filename: 0
    Start line: 0
Function #26
    Name: 43
    System name: 0
    Filename: 0
    Start line: 0
Function #27
    Name: 44
    System name: 0
    Filename: 0
    Start line: 0
Function #28
    Name: 45
    System name: 0
    Filename: 0
    Start line: 0
Function #29
    Name: 46
    System name: 0
    Filename: 0
    Start line: 0
Function #30
    Name: 49
    System name: 0
    Filename: 50
    Start line: 0
Function #31
    Name: 51
    System name: 0
    Filename: 52
    Start line: 0
Function #32
    Name: 53
    System name: 0
    Filename: 54
    Start line: 0
Function #33
    Name: 55
    System name: 0
    Filename: 56
    Start line: 0
Function #34
    Name: 57
    System name: 0
    Filename: 58
    Start line: 0
Function #35
    Name: 59
    System name: 0
    Filename: 60
    Start line: 0
Function #36
    Name: 61
    System name: 0
    Filename: 60
    Start line: 0
Function #37
    Name: 62
    System name: 0
    Filename: 60
    Start line: 0
Function #38
    Name: 63
    System name: 0
    Filename: 64
    Start line: 0
Function #39
    Name: 65
    System name: 0
    Filename: 64
    Start line: 0
Function #40
    Name: 66
    System name: 0
    Filename: 67
    Start line: 0
Function #41
    Name: 68
    System name: 0
    Filename: 67
    Start line: 0
Function #42
    Name: 69
    System name: 0
    Filename: 67
    Start line: 0
Function #43
    Name: 70
    System name: 0
    Filename: 64
    Start line: 0
Function #44
    Name: 71
    System name: 0
    Filename: 72
    Start line: 0
Function #45
    Name: 73
    System name: 0
    Filename: 72
    Start line: 0
Function #46
    Name: 74
    System name: 0
    Filename: 75
    Start line: 0
Function #47
    Name: 76
    System name: 0
    Filename: 77
    Start line: 0
Function #48
    Name: 78
    System name: 0
    Filename: 77
    Start line: 0
Function #49
    Name: 79
    System name: 0
    Filename: 77
    Start line: 0
Function #50
    Name: 80
    System name: 0
    Filename: 77
    Start line: 0
Function #51
    Name: 81
    System name: 0
    Filename: 82
    Start line: 0
Function #52
    Name: 83
    System name: 0
    Filename: 82
    Start line: 0
Function #53
    Name: 84
    System name: 0
    Filename: 85
    Start line: 0
Function #54
    Name: 86
    System name: 0
    Filename: 72
    Start line: 0
Function #55
    Name: 87
    System name: 0
    Filename: 88
    Start line: 0
Function #56
    Name: 89
    System name: 0
    Filename: 0
    Start line: 0
Function #57
    Name: 90
    System name: 0
    Filename: 0
    Start line: 0
Function #58
    Name: 91
    System name: 0
    Filename: 0
    Start line: 0
Function #59
    Name: 92
    System name: 0
    Filename: 0
    Start line: 0
Function #60
    Name: 93
    System name: 0
    Filename: 0
    Start line: 0
Function #61
    Name: 94
    System name: 0
    Filename: 95
    Start line: 0
Function #62
    Name: 96
    System name: 0
    Filename: 97
    Start line: 0
Function #63
    Name: 98
    System name: 0
    Filename: 97
    Start line: 0
Function #64
    Name: 98
    System name: 0
    Filename: 99
    Start line: 0
Function #65
    Name: 100
    System name: 0
    Filename: 101
    Start line: 0
Function #66
    Name: 102
    System name: 0
    Filename: 50
    Start line: 0
Function #67
    Name: 103
    System name: 0
    Filename: 50
    Start line: 0
Function #68
    Name: 104
    System name: 0
    Filename: 105
    Start line: 0
Function #69
    Name: 106
    System name: 0
    Filename: 107
    Start line: 0
Function #70
    Name: 108
    System name: 0
    Filename: 109
    Start line: 0
Function #71
    Name: 110
    System name: 0
    Filename: 109
    Start line: 0
Function #72
    Name: 111
    System name: 0
    Filename: 112
    Start line: 0
Function #73
    Name: 113
    System name: 0
    Filename: 114
    Start line: 0
Function #74
    Name: 115
    System name: 0
    Filename: 116
    Start line: 0
Function #75
    Name: 117
    System name: 0
    Filename: 118
    Start line: 0
Function #76
    Name: 120
    System name: 0
    Filename: 0
    Start line: 0
Function #77
    Name: 121
    System name: 0
    Filename: 0
    Start line: 0
Function #78
    Name: 122
    System name: 0
    Filename: 123
    Start line: 0
Function #79
    Name: 124
    System name: 0
    Filename: 125
    Start line: 0
Function #80
    Name: 126
    System name: 0
    Filename: 127
    Start line: 0
Function #81
    Name: 128
    System name: 0
    Filename: 127
    Start line: 0
Function #82
    Name: 129
    System name: 0
    Filename: 127
    Start line: 0
Function #83
    Name: 130
    System name: 0
    Filename: 127
    Start line: 0
Function #84
    Name: 131
    System name: 0
    Filename: 127
    Start line: 0
Function #85
    Name: 132
    System name: 0
    Filename: 127
    Start line: 0
Function #86
    Name: 133
    System name: 0
    Filename: 0
    Start line: 0
Function #87
    Name: 134
    System name: 0
    Filename: 0
    Start line: 0
Function #88
    Name: 135
    System name: 0
    Filename: 0
    Start line: 0
Function #89
    Name: 136
    System name: 0
    Filename: 137
    Start line: 0
Function #90
    Name: 138
    System name: 0
    Filename: 0
    Start line: 0
Function #91
    Name: 139
    System name: 0
    Filename: 0
    Start line: 0
Function #92
    Name: 140
    System name: 0
    Filename: 141
    Start line: 0
Function #93
    Name: 142
    System name: 0
    Filename: 141
    Start line: 0
Function #94
    Name: 117
    System name: 0
    Filename: 141
    Start line: 0
Function #95
    Name: 143
    System name: 0
    Filename: 141
    Start line: 0
Function #96
    Name: 144
    System name: 0
    Filename: 141
    Start line: 0
Function #97
    Name: 145
    System name: 0
    Filename: 146
    Start line: 0
Function #98
    Name: 147
    System name: 0
    Filename: 146
    Start line: 0
Function #99
    Name: 148
    System name: 0
    Filename: 149
    Start line: 0
Function #100
    Name: 150
    System name: 0
    Filename: 149
    Start line: 0
Function #101
    Name: 151
    System name: 0
    Filename: 152
    Start line: 0
Function #102
    Name: 153
    System name: 0
    Filename: 127
    Start line: 0
Function #103
    Name: 154
    System name: 0
    Filename: 146
    Start line: 0
Function #104
    Name: 155
    System name: 0
    Filename: 127
    Start line: 0
Function #105
    Name: 156
    System name: 0
    Filename: 157
    Start line: 0
Function #106
    Name: 158
    System name: 0
    Filename: 159
    Start line: 0
Function #107
    Name: 160
    System name: 0
    Filename: 157
    Start line: 0
Function #108
    Name: 161
    System name: 0
    Filename: 127
    Start line: 0
Function #109
    Name: 158
    System name: 0
    Filename: 127
    Start line: 0
Function #110
    Name: 162
    System name: 0
    Filename: 163
    Start line: 0
Function #111
    Name: 117
    System name: 0
    Filename: 164
    Start line: 0
Function #112
    Name: 165
    System name: 0
    Filename: 0
    Start line: 0
Function #113
    Name: 166
    System name: 0
    Filename: 0
    Start line: 0
Function #114
    Name: 167
    System name: 0
    Filename: 0
    Start line: 0
Function #115
    Name: 168
    System name: 0
    Filename: 169
    Start line: 0
Function #116
    Name: 170
    System name: 0
    Filename: 169
    Start line: 0
Function #117
    Name: 171
    System name: 0
    Filename: 169
    Start line: 0
Function #118
    Name: 172
    System name: 0
    Filename: 169
    Start line: 0
Function #119
    Name: 173
    System name: 0
    Filename: 169
    Start line: 0
Function #120
    Name: 174
    System name: 0
    Filename: 175
    Start line: 0
Function #121
    Name: 176
    System name: 0
    Filename: 175
    Start line: 0
Function #122
    Name: 177
    System name: 0
    Filename: 178
    Start line: 0
Function #123
    Name: 179
    System name: 0
    Filename: 178
    Start line: 0
Function #124
    Name: 180
    System name: 0
    Filename: 178
    Start line: 0
Function #125
    Name: 181
    System name: 0
    Filename: 178
    Start line: 0
Function #126
    Name: 182
    System name: 0
    Filename: 183
    Start line: 0
Function #127
    Name: 117
    System name: 0
    Filename: 183
    Start line: 0
Function #128
    Name: 184
    System name: 0
    Filename: 183
    Start line: 0
Function #129
    Name: 185
    System name: 0
    Filename: 183
    Start line: 0
Function #130
    Name: 186
    System name: 0
    Filename: 183
    Start line: 0
Function #131
    Name: 187
    System name: 0
    Filename: 0
    Start line: 0
Function #132
    Name: 188
    System name: 0
    Filename: 0
    Start line: 0
Function #133
    Name: 189
    System name: 0
    Filename: 0
    Start line: 0
Function #134
    Name: 190
    System name: 0
    Filename: 0
    Start line: 0
Function #135
    Name: 191
    System name: 0
    Filename: 0
    Start line: 0
Function #136
    Name: 192
    System name: 0
    Filename: 0
    Start line: 0
Function #137
    Name: 193
    System name: 0
    Filename: 0
    Start line: 0
Function #138
    Name: 194
    System name: 0
    Filename: 0
    Start line: 0
Function #139
    Name: 195
    System name: 0
    Filename: 0
    Start line: 0
Function #140
    Name: 196
    System name: 0
    Filename: 197
    Start line: 0
Function #141
    Name: 198
    System name: 0
    Filename: 199
    Start line: 0
Function #142
    Name: 200
    System name: 0
    Filename: 201
    Start line: 0
Function #143
    Name: 202
    System name: 0
    Filename: 201
    Start line: 0
Function #144
    Name: 117
    System name: 0
    Filename: 203
    Start line: 0
Function #145
    Name: 117
    System name: 0
    Filename: 204
    Start line: 0
Function #146
    Name: 205
    System name: 0
    Filename: 204
    Start line: 0
Function #147
    Name: 206
    System name: 0
    Filename: 207
    Start line: 0
Function #148
    Name: 208
    System name: 0
    Filename: 209
    Start line: 0
Function #149
    Name: 210
    System name: 0
    Filename: 209
    Start line: 0
Function #150
    Name: 206
    System name: 0
    Filename: 209
    Start line: 0
Function #151
    Name: 117
    System name: 0
    Filename: 211
    Start line: 0
Function #152
    Name: 212
    System name: 0
    Filename: 213
    Start line: 0
Function #153
    Name: 214
    System name: 0
    Filename: 152
    Start line: 0
Function #154
    Name: 215
    System name: 0
    Filename: 152
    Start line: 0
Function #155
    Name: 216
    System name: 0
    Filename: 152
    Start line: 0
Function #156
    Name: 217
    System name: 0
    Filename: 197
    Start line: 0
Function #157
    Name: 218
    System name: 0
    Filename: 197
    Start line: 0
Function #158
    Name: 219
    System name: 0
    Filename: 220
    Start line: 0
Function #159
    Name: 221
    System name: 0
    Filename: 152
    Start line: 0
Attribute table:
     -> Key: Int(19)
     -> Value: Str(1287939)
     -> unit: Int(0)
Link table:
     -> Trace ID: Str()
     -> Span ID: Str()
String table:
    
    cpu
    nanoseconds
    samples
    count
    vmlinux
    process.executable.build_id.gnu
    process.executable.build_id.htlhash
    smp_call_function_single
    profile.frame.type
    trc_wait_for_one_reader.part.0
    check_all_holdout_tasks_trace
    rcu_tasks_wait_gp
    rcu_tasks_one_gp
    rcu_tasks_kthread
    kthread
    ret_from_fork
    ret_from_fork_asm
    thread.name
    thread.id
    cpu.logical_number
    libLLVM.so.1
    libclang-cpp.so.18.1
    clang
    libc.so.6
    agentsight
    established_get_first
    tcp_seq_next
    seq_read_iter
    seq_read
    proc_reg_read
    vfs_read
    ksys_read
    __x64_sys_read
    x64_sys_call
    do_syscall_64
    entry_SYSCALL_64_after_hwframe
    codex
    copy_present_ptes
    copy_pte_range
    copy_p4d_range
    copy_page_range
    dup_mmap
    dup_mm.constprop.0
    copy_process
    kernel_clone
    __x64_sys_fork
    otelcol-ebpf-profiler
    process.executable.build_id.go
    github.com/cilium/ebpf.(*Map).BatchLookupAndDelete
    /home/yunwei37/go/pkg/mod/github.com/cilium/ebpf@v0.21.0/map.go
    go.opentelemetry.io/ebpf-profiler/tracer.(*Tracer).StartMapMonitors.func1
    /tmp/opentelemetry-ebpf-profiler/tracer/tracer.go
    go.opentelemetry.io/ebpf-profiler/periodiccaller.StartWithManualTrigger.func1
    /tmp/opentelemetry-ebpf-profiler/periodiccaller/periodiccaller.go
    runtime.goexit
    /home/yunwei37/go/pkg/mod/golang.org/toolchain@v0.0.1-go1.25.0.linux-amd64/src/runtime/asm_amd64.s
    runtime.mapaccess2
    /home/yunwei37/go/pkg/mod/golang.org/toolchain@v0.0.1-go1.25.0.linux-amd64/src/internal/runtime/maps/runtime_swiss.go
    go.opentelemetry.io/ebpf-profiler/processmanager/execinfomanager.(*executableInfoManagerState).getUnwindInfoIndex
    /tmp/opentelemetry-ebpf-profiler/processmanager/execinfomanager/manager.go
    go.opentelemetry.io/ebpf-profiler/processmanager/execinfomanager.(*executableInfoManagerState).loadDeltas
    go.opentelemetry.io/ebpf-profiler/processmanager/execinfomanager.(*ExecutableInfoManager).AddOrIncRef
    go.opentelemetry.io/ebpf-profiler/processmanager.(*ProcessManager).newFrameMapping
    /tmp/opentelemetry-ebpf-profiler/processmanager/processinfo.go
    go.opentelemetry.io/ebpf-profiler/processmanager.(*ProcessManager).SynchronizeProcess.func1
    go.opentelemetry.io/ebpf-profiler/process.(*systemProcess).IterateMappings.func1
    /tmp/opentelemetry-ebpf-profiler/process/process.go
    go.opentelemetry.io/ebpf-profiler/process.iterateMappings
    go.opentelemetry.io/ebpf-profiler/process.(*systemProcess).IterateMappings
    go.opentelemetry.io/ebpf-profiler/processmanager.(*ProcessManager).SynchronizeProcess
    go.opentelemetry.io/ebpf-profiler/tracer.(*Tracer).processPIDEvents
    /tmp/opentelemetry-ebpf-profiler/tracer/events.go
    go.opentelemetry.io/ebpf-profiler/tracer.(*Tracer).StartPIDEventProcessor.gowrap1
    runtime.duffcopy
    /home/yunwei37/go/pkg/mod/golang.org/toolchain@v0.0.1-go1.25.0.linux-amd64/src/runtime/duff_amd64.s
    go.opentelemetry.io/ebpf-profiler/nativeunwind/elfunwindinfo.(*state).step
    /tmp/opentelemetry-ebpf-profiler/nativeunwind/elfunwindinfo/elfehframe.go
    go.opentelemetry.io/ebpf-profiler/nativeunwind/elfunwindinfo.(*elfExtractor).parseFDE
    go.opentelemetry.io/ebpf-profiler/nativeunwind/elfunwindinfo.(*elfExtractor).walkBinSearchTable
    go.opentelemetry.io/ebpf-profiler/nativeunwind/elfunwindinfo.(*elfExtractor).parseEHFrame
    go.opentelemetry.io/ebpf-profiler/nativeunwind/elfunwindinfo.extractFile
    /tmp/opentelemetry-ebpf-profiler/nativeunwind/elfunwindinfo/stackdeltaextraction.go
    go.opentelemetry.io/ebpf-profiler/nativeunwind/elfunwindinfo.ExtractELF
    go.opentelemetry.io/ebpf-profiler/nativeunwind/elfunwindinfo.(*ELFStackDeltaProvider).GetIntervalStructuresForFile
    /tmp/opentelemetry-ebpf-profiler/nativeunwind/elfunwindinfo/stackdeltaprovider.go
    go.opentelemetry.io/ebpf-profiler/tracer.(*Tracer).triggerReportEvent-fm
    go.opentelemetry.io/ebpf-profiler/tracer.startPerfEventMonitor.func1
    /home/yunwei37/go/pkg/mod/golang.org/toolchain@v0.0.1-go1.25.0.linux-amd64/src/sync/atomic/type.go
    _copy_from_user
    generic_map_update_batch
    bpf_map_do_batch
    __sys_bpf
    __x64_sys_bpf
    internal/runtime/syscall.Syscall6
    /home/yunwei37/go/pkg/mod/golang.org/toolchain@v0.0.1-go1.25.0.linux-amd64/src/internal/runtime/syscall/asm_linux_amd64.s
    syscall.RawSyscall6
    /home/yunwei37/go/pkg/mod/golang.org/toolchain@v0.0.1-go1.25.0.linux-amd64/src/syscall/syscall_linux.go
    syscall.Syscall
    <autogenerated>
    github.com/cilium/ebpf/internal/sys.BPF
    /home/yunwei37/go/pkg/mod/github.com/cilium/ebpf@v0.21.0/internal/unix/types_linux.go
    github.com/cilium/ebpf.(*Map).batchUpdate
    github.com/cilium/ebpf.(*Map).BatchUpdate
    go.opentelemetry.io/ebpf-profiler/processmanager/ebpf.(*ebpfMapsImpl).UpdateExeIDToStackDeltas
    /tmp/opentelemetry-ebpf-profiler/processmanager/ebpf/ebpf.go
    runtime.mallocgcSmallScanNoHeader
    /home/yunwei37/go/pkg/mod/golang.org/toolchain@v0.0.1-go1.25.0.linux-amd64/src/runtime/runtime1.go
    runtime.mallocgc
    /home/yunwei37/go/pkg/mod/golang.org/toolchain@v0.0.1-go1.25.0.linux-amd64/src/runtime/malloc.go
    runtime.newobject
    runtime.memmove
    /home/yunwei37/go/pkg/mod/golang.org/toolchain@v0.0.1-go1.25.0.linux-amd64/src/runtime/memmove_amd64.s
    runtime.growslice
    /home/yunwei37/go/pkg/mod/golang.org/toolchain@v0.0.1-go1.25.0.linux-amd64/src/runtime/slice.go
    go.opentelemetry.io/ebpf-profiler/nativeunwind/stackdeltatypes.(*StackDeltaArray).AddEx
    /tmp/opentelemetry-ebpf-profiler/nativeunwind/stackdeltatypes/stackdeltatypes.go
    <anonymous>
    file:///home/fishclaw/.nvm/versions/node/v22.22.0/lib/node_modules/openclaw/dist/schemas-6cH6bZ7o.js
    node
    V8::BuiltinExitFrame
    V8::ConstructFrame
    compileSourceTextModule
    node:internal/modules/esm/utils
    moduleStrategy
    node:internal/modules/esm/translators
    #translate
    node:internal/modules/esm/loader
    afterLoad
    loadAndTranslate
    #createModuleJob
    #getJobFromResolveResult
    getModuleJobForImport
    V8::StubFrame
    V8::EntryFrame
    V8::UnknownFrame
    processTicksAndRejections
    node:internal/process/task_queues
    V8::InternalFrame
    V8::ExitFrame
    normalizeErrorPath
    file:///home/fishclaw/.nvm/versions/node/v22.22.0/lib/node_modules/openclaw/dist/schema-validator-BSHTSwuX.js
    resolveValidationErrorPath
    formatValidationErrors
    validateJsonSchemaValue
    deserializePackageJSON
    node:internal/modules/package_json_reader
    getPackageScopeConfig
    getFileProtocolModuleFormat
    node:internal/modules/esm/get_format
    defaultGetFormatWithoutErrors
    defaultResolve
    node:internal/modules/esm/resolve
    #cachedDefaultResolve
    get exports
    #resolveAndMaybeBlockOnLoaderThread
    nextStep
    node:internal/modules/customization_hooks
    resolve
    file:///home/fishclaw/.nvm/versions/node/v22.22.0/lib/node_modules/openclaw/dist/plugin-module-loader-cache-lz0qhu-X.js
    resolveWithHooks
    resolveSync
    _link
    node:internal/modules/esm/module_job
    <unknown>
    do_user_addr_fault
    exc_page_fault
    asm_exc_page_fault
    tableHasColumn
    file:///home/fishclaw/.nvm/versions/node/v22.22.0/lib/node_modules/openclaw/dist/openclaw-state-db-J6qYHGxK.js
    ensureColumn
    ensureAdditiveStateColumns
    ensureSchema
    openOpenClawStateDatabase
    readPersistedInstalledPluginIndexFromSqlite
    file:///home/fishclaw/.nvm/versions/node/v22.22.0/lib/node_modules/openclaw/dist/installed-plugin-index-store-Cw5ijacD.js
    readPersistedInstalledPluginIndexSync
    resolvePersistedRegistryFastMemoFingerprint
    file:///home/fishclaw/.nvm/versions/node/v22.22.0/lib/node_modules/openclaw/dist/plugin-metadata-snapshot-DXKcDDxT.js
    resolvePersistedRegistryMemoStateForLookup
    loadPluginMetadataSnapshot
    resolvePluginMetadataSnapshot
    loadValidationPluginMetadataSnapshot
    file:///home/fishclaw/.nvm/versions/node/v22.22.0/lib/node_modules/openclaw/dist/io-fQmSDfK-.js
    validateConfigObjectWithPlugins
    measure
    readConfigFileSnapshotInternal
    _raw_spin_unlock_irqrestore
    folio_batch_move_lru
    __folio_batch_add_and_move
    folio_add_lru
    folio_add_lru_vma
    do_anonymous_page
    handle_pte_fault
    __handle_mm_fault
    handle_mm_fault
    get
    node:internal/modules/esm/module_map
    normalizeModelCatalogCompat
    file:///home/fishclaw/.nvm/versions/node/v22.22.0/lib/node_modules/openclaw/dist/model-catalog-normalize-CkJjoy4K.js
    couldMatchDefaultRedactPatterns
    file:///home/fishclaw/.nvm/versions/node/v22.22.0/lib/node_modules/openclaw/dist/redact-DN0dJKIU.js
    redactSensitiveText
    file:///home/fishclaw/.nvm/versions/node/v22.22.0/lib/node_modules/openclaw/dist/logger-563BnNMV.js
    file:///home/fishclaw/.nvm/versions/node/v22.22.0/lib/node_modules/openclaw/node_modules/tslog/esm/BaseLogger.js
    log
    info
    file:///home/fishclaw/.nvm/versions/node/v22.22.0/lib/node_modules/openclaw/node_modules/tslog/esm/index.js
    logToFile
    file:///home/fishclaw/.nvm/versions/node/v22.22.0/lib/node_modules/openclaw/dist/subsystem-BbA2Znit.js
    emitLog
    file:///home/fishclaw/.nvm/versions/node/v22.22.0/lib/node_modules/openclaw/dist/run-ELm7DZny.js
    URL
    node:internal/url
    shouldBeTreatedAsRelativeOrAbsolutePath
    moduleResolve
    isRelativeSpecifier
    #getModuleCachedImports
    serializeKey
    realpathSync
    node:fs
    finalizeResolution
ResourceProfiles #0
Resource SchemaURL: https://opentelemetry.io/schemas/1.37.0
Resource attributes:
     -> process.pid: Int(164)
ScopeProfiles #0
ScopeProfiles SchemaURL: https://opentelemetry.io/schemas/1.37.0
InstrumentationScope go.opentelemetry.io/ebpf-profiler v0.0.0
Profile #0
    Profile ID     : 
    Start time     : 2026-06-21 21:15:35.342569946 +0000 UTC
    DurationNano   : 5000458308
    Dropped attributes count: 0
    Sample #0
        Values: []
        Attributes:
             -> thread.name: rcu_tasks_trace
             -> thread.id: %!s(int64=164)
             -> cpu.logical_number: %!s(int64=22)
ResourceProfiles #1
Resource SchemaURL: https://opentelemetry.io/schemas/1.37.0
Resource attributes:
     -> process.pid: Int(1287967)
     -> process.executable.path: Str(/usr/lib/llvm-18/bin/clang)
     -> process.executable.name: Str(clang)
ScopeProfiles #0
ScopeProfiles SchemaURL: https://opentelemetry.io/schemas/1.37.0
InstrumentationScope go.opentelemetry.io/ebpf-profiler v0.0.0
Profile #0
    Profile ID     : 
    Start time     : 2026-06-21 21:15:35.342569946 +0000 UTC
    DurationNano   : 5000458308
    Dropped attributes count: 0
    Sample #0
        Values: []
        Attributes:
             -> thread.name: clang-18
             -> thread.id: %!s(int64=1287967)
             -> cpu.logical_number: %!s(int64=2)
    Sample #1
        Values: []
        Attributes:
             -> thread.name: clang-18
             -> thread.id: %!s(int64=1287967)
             -> cpu.logical_number: %!s(int64=2)
ResourceProfiles #2
Resource SchemaURL: https://opentelemetry.io/schemas/1.37.0
Resource attributes:
     -> process.pid: Int(2711)
     -> process.executable.path: Str(/home/yunwei37/.cargo/bin/agentsight)
     -> process.executable.name: Str(agentsight)
ScopeProfiles #0
ScopeProfiles SchemaURL: https://opentelemetry.io/schemas/1.37.0
InstrumentationScope go.opentelemetry.io/ebpf-profiler v0.0.0
Profile #0
    Profile ID     : 
    Start time     : 2026-06-21 21:15:35.342569946 +0000 UTC
    DurationNano   : 5000458308
    Dropped attributes count: 0
    Sample #0
        Values: []
        Attributes:
             -> thread.name: agentsight
             -> thread.id: %!s(int64=2711)
             -> cpu.logical_number: %!s(int64=7)
    Sample #1
        Values: []
        Attributes:
             -> thread.name: agentsight
             -> thread.id: %!s(int64=2711)
             -> cpu.logical_number: %!s(int64=7)
    Sample #2
        Values: []
        Attributes:
             -> thread.name: agentsight
             -> thread.id: %!s(int64=2711)
             -> cpu.logical_number: %!s(int64=7)
    Sample #3
        Values: []
        Attributes:
             -> thread.name: agentsight
             -> thread.id: %!s(int64=2711)
             -> cpu.logical_number: %!s(int64=7)
    Sample #4
        Values: []
        Attributes:
             -> thread.name: agentsight
             -> thread.id: %!s(int64=2711)
             -> cpu.logical_number: %!s(int64=7)
    Sample #5
        Values: []
        Attributes:
             -> thread.name: agentsight
             -> thread.id: %!s(int64=2711)
             -> cpu.logical_number: %!s(int64=7)
    Sample #6
        Values: []
        Attributes:
             -> thread.name: agentsight
             -> thread.id: %!s(int64=2711)
             -> cpu.logical_number: %!s(int64=7)
ResourceProfiles #3
Resource SchemaURL: https://opentelemetry.io/schemas/1.37.0
Resource attributes:
     -> process.pid: Int(6917)
     -> process.executable.path: Str(/home/yunwei37/.nvm/versions/node/v22.22.0/lib/node_modules/@openai/codex/node_modules/@openai/codex-linux-x64/vendor/x86_64-unknown-linux-musl/bin/codex)
     -> process.executable.name: Str(codex)
ScopeProfiles #0
ScopeProfiles SchemaURL: https://opentelemetry.io/schemas/1.37.0
InstrumentationScope go.opentelemetry.io/ebpf-profiler v0.0.0
Profile #0
    Profile ID     : 
    Start time     : 2026-06-21 21:15:35.342569946 +0000 UTC
    DurationNano   : 5000458308
    Dropped attributes count: 0
    Sample #0
        Values: []
        Attributes:
             -> thread.name: sqlx-sqlite-wor
             -> thread.id: %!s(int64=1234982)
             -> cpu.logical_number: %!s(int64=0)
    Sample #1
        Values: []
        Attributes:
             -> thread.name: tokio-rt-worker
             -> thread.id: %!s(int64=6927)
             -> cpu.logical_number: %!s(int64=6)
    Sample #2
        Values: []
        Attributes:
             -> thread.name: sqlx-sqlite-wor
             -> thread.id: %!s(int64=1234982)
             -> cpu.logical_number: %!s(int64=19)
    Sample #3
        Values: []
        Attributes:
             -> thread.name: sqlx-sqlite-wor
             -> thread.id: %!s(int64=1234982)
             -> cpu.logical_number: %!s(int64=19)
    Sample #4
        Values: []
        Attributes:
             -> thread.name: tokio-rt-worker
             -> thread.id: %!s(int64=6930)
             -> cpu.logical_number: %!s(int64=17)
    Sample #5
        Values: []
        Attributes:
             -> thread.name: tokio-rt-worker
             -> thread.id: %!s(int64=6941)
             -> cpu.logical_number: %!s(int64=20)
    Sample #6
        Values: []
        Attributes:
             -> thread.name: sqlx-sqlite-wor
             -> thread.id: %!s(int64=1234982)
             -> cpu.logical_number: %!s(int64=19)
    Sample #7
        Values: []
        Attributes:
             -> thread.name: tokio-rt-worker
             -> thread.id: %!s(int64=6940)
             -> cpu.logical_number: %!s(int64=22)
    Sample #8
        Values: []
        Attributes:
             -> thread.name: sqlx-sqlite-wor
             -> thread.id: %!s(int64=1234982)
             -> cpu.logical_number: %!s(int64=19)
    Sample #9
        Values: []
        Attributes:
             -> thread.name: sqlx-sqlite-wor
             -> thread.id: %!s(int64=1259652)
             -> cpu.logical_number: %!s(int64=12)
    Sample #10
        Values: []
        Attributes:
             -> thread.name: sqlx-sqlite-wor
             -> thread.id: %!s(int64=1259652)
             -> cpu.logical_number: %!s(int64=22)
    Sample #11
        Values: []
        Attributes:
             -> thread.name: sqlx-sqlite-wor
             -> thread.id: %!s(int64=1234982)
             -> cpu.logical_number: %!s(int64=19)
    Sample #12
        Values: []
        Attributes:
             -> thread.name: sqlx-sqlite-wor
             -> thread.id: %!s(int64=1234982)
             -> cpu.logical_number: %!s(int64=22)
    Sample #13
        Values: []
        Attributes:
             -> thread.name: sqlx-sqlite-wor
             -> thread.id: %!s(int64=1259652)
             -> cpu.logical_number: %!s(int64=22)
    Sample #14
        Values: []
        Attributes:
             -> thread.name: sqlx-sqlite-wor
             -> thread.id: %!s(int64=1259652)
             -> cpu.logical_number: %!s(int64=12)
    Sample #15
        Values: []
        Attributes:
             -> thread.name: tokio-rt-worker
             -> thread.id: %!s(int64=6930)
             -> cpu.logical_number: %!s(int64=21)
    Sample #16
        Values: []
        Attributes:
             -> thread.name: sqlx-sqlite-wor
             -> thread.id: %!s(int64=1259652)
             -> cpu.logical_number: %!s(int64=13)
    Sample #17
        Values: []
        Attributes:
             -> thread.name: sqlx-sqlite-wor
             -> thread.id: %!s(int64=1234982)
             -> cpu.logical_number: %!s(int64=19)
    Sample #18
        Values: []
        Attributes:
             -> thread.name: sqlx-sqlite-wor
             -> thread.id: %!s(int64=1234982)
             -> cpu.logical_number: %!s(int64=19)
    Sample #19
        Values: []
        Attributes:
             -> thread.name: sqlx-sqlite-wor
             -> thread.id: %!s(int64=1259652)
             -> cpu.logical_number: %!s(int64=13)
    Sample #20
        Values: []
        Attributes:
             -> thread.name: tokio-rt-worker
             -> thread.id: %!s(int64=6941)
             -> cpu.logical_number: %!s(int64=17)
    Sample #21
        Values: []
        Attributes:
             -> thread.name: sqlx-sqlite-wor
             -> thread.id: %!s(int64=1234982)
             -> cpu.logical_number: %!s(int64=19)
    Sample #22
        Values: []
        Attributes:
             -> thread.name: sqlx-sqlite-wor
             -> thread.id: %!s(int64=1234982)
             -> cpu.logical_number: %!s(int64=17)
    Sample #23
        Values: []
        Attributes:
             -> thread.name: sqlx-sqlite-wor
             -> thread.id: %!s(int64=1234982)
             -> cpu.logical_number: %!s(int64=23)
    Sample #24
        Values: []
        Attributes:
             -> thread.name: sqlx-sqlite-wor
             -> thread.id: %!s(int64=1259652)
             -> cpu.logical_number: %!s(int64=12)
    Sample #25
        Values: []
        Attributes:
             -> thread.name: tokio-rt-worker
             -> thread.id: %!s(int64=6934)
             -> cpu.logical_number: %!s(int64=19)
    Sample #26
        Values: []
        Attributes:
             -> thread.name: sqlx-sqlite-wor
             -> thread.id: %!s(int64=1234982)
             -> cpu.logical_number: %!s(int64=22)
    Sample #27
        Values: []
        Attributes:
             -> thread.name: sqlx-sqlite-wor
             -> thread.id: %!s(int64=1234982)
             -> cpu.logical_number: %!s(int64=23)
    Sample #28
        Values: []
        Attributes:
             -> thread.name: tokio-rt-worker
             -> thread.id: %!s(int64=6941)
             -> cpu.logical_number: %!s(int64=18)
ResourceProfiles #4
Resource SchemaURL: https://opentelemetry.io/schemas/1.37.0
Resource attributes:
     -> process.pid: Int(1287857)
     -> process.executable.path: Str(/tmp/opentelemetry-ebpf-profiler/otelcol-ebpf-profiler)
     -> process.executable.name: Str(otelcol-ebpf-profiler)
ScopeProfiles #0
ScopeProfiles SchemaURL: https://opentelemetry.io/schemas/1.37.0
InstrumentationScope go.opentelemetry.io/ebpf-profiler v0.0.0
Profile #0
    Profile ID     : 
    Start time     : 2026-06-21 21:15:35.342569946 +0000 UTC
    DurationNano   : 5000458308
    Dropped attributes count: 0
    Sample #0
        Values: []
        Attributes:
             -> thread.name: otelcol-ebpf-pr
             -> thread.id: %!s(int64=1287918)
             -> cpu.logical_number: %!s(int64=14)
    Sample #1
        Values: []
        Attributes:
             -> thread.name: otelcol-ebpf-pr
             -> thread.id: %!s(int64=1287925)
             -> cpu.logical_number: %!s(int64=16)
    Sample #2
        Values: []
        Attributes:
             -> thread.name: otelcol-ebpf-pr
             -> thread.id: %!s(int64=1287916)
             -> cpu.logical_number: %!s(int64=15)
    Sample #3
        Values: []
        Attributes:
             -> thread.name: otelcol-ebpf-pr
             -> thread.id: %!s(int64=1287910)
             -> cpu.logical_number: %!s(int64=18)
    Sample #4
        Values: []
        Attributes:
             -> thread.name: otelcol-ebpf-pr
             -> thread.id: %!s(int64=1287913)
             -> cpu.logical_number: %!s(int64=12)
    Sample #5
        Values: []
        Attributes:
             -> thread.name: otelcol-ebpf-pr
             -> thread.id: %!s(int64=1287913)
             -> cpu.logical_number: %!s(int64=12)
    Sample #6
        Values: []
        Attributes:
             -> thread.name: otelcol-ebpf-pr
             -> thread.id: %!s(int64=1287911)
             -> cpu.logical_number: %!s(int64=10)
    Sample #7
        Values: []
        Attributes:
             -> thread.name: otelcol-ebpf-pr
             -> thread.id: %!s(int64=1287917)
             -> cpu.logical_number: %!s(int64=21)
    Sample #8
        Values: []
        Attributes:
             -> thread.name: otelcol-ebpf-pr
             -> thread.id: %!s(int64=1287917)
             -> cpu.logical_number: %!s(int64=21)
    Sample #9
        Values: []
        Attributes:
             -> thread.name: otelcol-ebpf-pr
             -> thread.id: %!s(int64=1287925)
             -> cpu.logical_number: %!s(int64=16)
ResourceProfiles #5
Resource SchemaURL: https://opentelemetry.io/schemas/1.37.0
Resource attributes:
     -> process.pid: Int(1287937)
     -> process.executable.path: Str(/home/fishclaw/.nvm/versions/node/v22.22.0/bin/node)
     -> process.executable.name: Str(node)
ScopeProfiles #0
ScopeProfiles SchemaURL: https://opentelemetry.io/schemas/1.37.0
InstrumentationScope go.opentelemetry.io/ebpf-profiler v0.0.0
Profile #0
    Profile ID     : 
    Start time     : 2026-06-21 21:15:35.342569946 +0000 UTC
    DurationNano   : 5000458308
    Dropped attributes count: 0
    Sample #0
        Values: []
        Attributes:
             -> thread.name: node
             -> thread.id: %!s(int64=1287937)
             -> cpu.logical_number: %!s(int64=2)
    Sample #1
        Values: []
        Attributes:
             -> thread.name: node
             -> thread.id: %!s(int64=1287941)
             -> cpu.logical_number: %!s(int64=20)
    Sample #2
        Values: []
        Attributes:
             -> thread.name: node
             -> thread.id: %!s(int64=1287937)
             -> cpu.logical_number: %!s(int64=2)
    Sample #3
        Values: []
        Attributes:
             -> thread.name: node
             -> thread.id: %!s(int64=1287941)
             -> cpu.logical_number: %!s(int64=19)
    Sample #4
        Values: []
        Attributes:
             -> thread.name: node
             -> thread.id: %!s(int64=1287937)
             -> cpu.logical_number: %!s(int64=2)
    Sample #5
        Values: []
        Attributes:
             -> thread.name: node
             -> thread.id: %!s(int64=1287937)
             -> cpu.logical_number: %!s(int64=2)
    Sample #6
        Values: []
        Attributes:
             -> thread.name: node
             -> thread.id: %!s(int64=1287937)
             -> cpu.logical_number: %!s(int64=2)
    Sample #7
        Values: []
        Attributes:
             -> thread.name: node
             -> thread.id: %!s(int64=1287937)
             -> cpu.logical_number: %!s(int64=2)
    Sample #8
        Values: []
        Attributes:
             -> thread.name: node
             -> thread.id: %!s(int64=1287937)
             -> cpu.logical_number: %!s(int64=2)
    Sample #9
        Values: []
        Attributes:
             -> thread.name: node
             -> thread.id: %!s(int64=1287937)
             -> cpu.logical_number: %!s(int64=2)
    Sample #10
        Values: []
        Attributes:
             -> thread.name: node
             -> thread.id: %!s(int64=1287937)
             -> cpu.logical_number: %!s(int64=2)
    Sample #11
        Values: []
        Attributes:
             -> thread.name: node
             -> thread.id: %!s(int64=1287937)
             -> cpu.logical_number: %!s(int64=2)
    Sample #12
        Values: []
        Attributes:
             -> thread.name: node
             -> thread.id: %!s(int64=1287940)
             -> cpu.logical_number: %!s(int64=17)
    Sample #13
        Values: []
        Attributes:
             -> thread.name: node
             -> thread.id: %!s(int64=1287937)
             -> cpu.logical_number: %!s(int64=1)
    Sample #14
        Values: []
        Attributes:
             -> thread.name: node
             -> thread.id: %!s(int64=1287942)
             -> cpu.logical_number: %!s(int64=16)
    Sample #15
        Values: []
        Attributes:
             -> thread.name: node
             -> thread.id: %!s(int64=1287937)
             -> cpu.logical_number: %!s(int64=2)
    Sample #16
        Values: []
        Attributes:
             -> thread.name: node
             -> thread.id: %!s(int64=1287941)
             -> cpu.logical_number: %!s(int64=20)
    Sample #17
        Values: []
        Attributes:
             -> thread.name: node
             -> thread.id: %!s(int64=1287942)
             -> cpu.logical_number: %!s(int64=16)
    Sample #18
        Values: []
        Attributes:
             -> thread.name: node
             -> thread.id: %!s(int64=1287939)
             -> cpu.logical_number: %!s(int64=22)
    Sample #19
        Values: []
        Attributes:
             -> thread.name: node
             -> thread.id: %!s(int64=1287937)
             -> cpu.logical_number: %!s(int64=2)
    Sample #20
        Values: []
        Attributes:
             -> thread.name: node
             -> thread.id: %!s(int64=1287937)
             -> cpu.logical_number: %!s(int64=2)
    Sample #21
        Values: []
        Attributes:
             -> thread.name: node
             -> thread.id: %!s(int64=1287937)
             -> cpu.logical_number: %!s(int64=2)
    Sample #22
        Values: []
        Attributes:
             -> thread.name: node
             -> thread.id: %!s(int64=1287937)
             -> cpu.logical_number: %!s(int64=2)
    Sample #23
        Values: []
        Attributes:
             -> thread.name: node
             -> thread.id: %!s(int64=1287940)
             -> cpu.logical_number: %!s(int64=18)
    Sample #24
        Values: []
        Attributes:
             -> thread.name: node
             -> thread.id: %!s(int64=1287937)
             -> cpu.logical_number: %!s(int64=2)
    Sample #25
        Values: []
        Attributes:
             -> thread.name: node
             -> thread.id: %!s(int64=1287937)
             -> cpu.logical_number: %!s(int64=1)
    Sample #26
        Values: []
        Attributes:
             -> thread.name: node
             -> thread.id: %!s(int64=1287937)
             -> cpu.logical_number: %!s(int64=1)
    Sample #27
        Values: []
        Attributes:
             -> thread.name: node
             -> thread.id: %!s(int64=1287937)
             -> cpu.logical_number: %!s(int64=2)
	{"resource": {"service.instance.id": "c02d9762-d45b-45f8-a78e-7f8038ff55f4", "service.name": "otelcol-ebpf-profiler", "service.version": "dev"}, "otelcol.component.id": "debug", "otelcol.component.kind": "exporter", "otelcol.signal": "profiles"}
2026-06-21T14:15:43.899-0700	info	otelcol@v0.154.0/collector.go:391	Received signal from OS	{"resource": {"service.instance.id": "c02d9762-d45b-45f8-a78e-7f8038ff55f4", "service.name": "otelcol-ebpf-profiler", "service.version": "dev"}, "signal": "terminated"}
2026-06-21T14:15:43.899-0700	info	service@v0.154.0/service.go:278	Starting shutdown...	{"resource": {"service.instance.id": "c02d9762-d45b-45f8-a78e-7f8038ff55f4", "service.name": "otelcol-ebpf-profiler", "service.version": "dev"}}
2026-06-21T14:15:43.899-0700	info	Stop processing ...	{"resource": {"service.instance.id": "c02d9762-d45b-45f8-a78e-7f8038ff55f4", "service.name": "otelcol-ebpf-profiler", "service.version": "dev"}, "otelcol.component.id": "profiling", "otelcol.component.kind": "receiver", "otelcol.signal": "profiles"}
2026-06-21T14:15:44.174-0700	info	extensions/extensions.go:69	Stopping extensions...	{"resource": {"service.instance.id": "c02d9762-d45b-45f8-a78e-7f8038ff55f4", "service.name": "otelcol-ebpf-profiler", "service.version": "dev"}}
2026-06-21T14:15:44.174-0700	info	service@v0.154.0/service.go:292	Shutdown complete.	{"resource": {"service.instance.id": "c02d9762-d45b-45f8-a78e-7f8038ff55f4", "service.name": "otelcol-ebpf-profiler", "service.version": "dev"}}
